RADICADO,FECHA,HORA,DÍA DE LA SEMANA,CLASE DE VEHICULO,TIPO DE SERVICIO,TIPO DE VICTIMA,SEXO,ESTADO DE BEODEZ,RESULTADO DE BEODEZ,GRAVEDAD,CLASE DE ACCIDENTE,CAUSA,DIRECCIÓN,BARRIO,AREA,Coordenadas
2180097,01/15/2018,10:30 a.m.,Lunes,Automovil,Publico,Conductor,Masculino,No,Sin Registro,Solo Daños,Choque,No mantener distancia de seguridad,Calle 37  Sur Carrera 50,Las Vegas,Urbana,
2180097,01/15/2018,10:30 a.m.,Lunes,Automovil,Particular,Conductor,Masculino,No,Sin Registro,Solo Daños,Choque,No mantener distancia de seguridad,Calle 37  Sur Carrera 50,Las Vegas,Urbana,
2180100,01/15/2018,7:30 a.m.,Lunes,Motocicleta,Particular,Motociclista,Femenino,No,Sin Registro,Herido,Atropello,Cruzar sin observar,Carrera 43 Calle 36  Sur,Zona Centro,Urbana,"(6.171314659, -75.58700753)"
2180116,01/15/2018,5:35 p.m.,Lunes,Automovil,Particular,Conductor,Masculino,No,Sin Registro,Solo Daños,Choque,Girar bruscamente,Tramo 372 Kilometro  13,Vereda Palmas,Rural,
2180116,01/15/2018,5:35 p.m.,Lunes,Motocicleta,Particular,Motociclista,Masculino,No,Sin Registro,Solo Daños,Choque,Girar bruscamente,Tramo 372 Kilometro  13,Vereda Palmas,Rural,
2180112,01/15/2018,4:31 p.m.,Lunes,Motocicleta,Particular,Motociclista,Masculino,No,Sin Registro,Herido,Atropello,Cruzar sin observar,Calle 38  Sur Carrera 45 A,Alcala,Urbana,"(6.17126287, -75.59030689)"
2180112,01/15/2018,4:31 p.m.,Lunes,Motocicleta,Particular,Motociclista,Masculino,No,Sin Registro,Herido,Atropello,No respetar prelacion,Calle 38  Sur Carrera 45 A,Alcala,Urbana,"(6.17126287, -75.59030689)"
2180095,01/15/2018,10:35 a.m.,Lunes,Campero,Particular,Conductor,Masculino,No,Sin Registro,Solo Daños,Choque,No mantener distancia de seguridad,Carrera 41 Calle 36  Sur,Zona Centro,Urbana,"(6.170520335, -75.58575425)"
2180095,01/15/2018,10:35 a.m.,Lunes,Automovil,Particular,Conductor,Femenino,No,Sin Registro,Solo Daños,Choque,No mantener distancia de seguridad,Carrera 41 Calle 36  Sur,Zona Centro,Urbana,"(6.170520335, -75.58575425)"
2180133,01/15/2018,8:45 p.m.,Lunes,Campero,Particular,Conductor,Masculino,No,Sin Registro,Herido,Choque,Transitar distante de la acera u orilla,Calle 36 D Sur Carrera 23,Vereda El Escobero,Urbana,"(6.162479576, -75.57022257)"
2180133,01/15/2018,8:45 p.m.,Lunes,Bicicleta,Sin Registro,Ciclista,Masculino,No,Sin Registro,Herido,Choque,Transitar distante de la acera u orilla,Calle 36 D Sur Carrera 23,Vereda El Escobero,Urbana,"(6.162479576, -75.57022257)"
2180115,01/15/2018,6:45 p.m.,Lunes,Automovil,Particular,Conductor,Masculino,No,Sin Registro,Herido,Choque,Adelantar por la derecha,Carrera 48 Calle 32 B Sur,Las Vegas,Urbana,"(6.176994311, -75.58984119)"
2180115,01/15/2018,6:45 p.m.,Lunes,Motocicleta,Particular,Motociclista,Femenino,No,Sin Registro,Herido,Choque,Adelantar por la derecha,Carrera 48 Calle 32 B Sur,Las Vegas,Urbana,"(6.176994311, -75.58984119)"
2180126,01/16/2018,11:00 a.m.,Martes,Bicicleta,Sin Registro,Ciclista,Masculino,No,Sin Registro,Herido,Caida Ocupante,Impericia en el manejo,Calle 40 H Sur Carrera 43,El Dorado,Urbana,"(6.167061568, -75.59080663)"
2180124,01/16/2018,1:00 p.m.,Martes,Motocicleta,Particular,Motociclista,Masculino,No,Sin Registro,Solo Daños,Choque,Girar bruscamente,Carrera 48 Calle 32 B Sur,Las Vegas,Urbana,"(6.176994311, -75.58984119)"
2180124,01/16/2018,1:00 p.m.,Martes,Campero,Particular,Conductor,Masculino,No,Sin Registro,Solo Daños,Choque,Girar bruscamente,Carrera 48 Calle 32 B Sur,Las Vegas,Urbana,"(6.176994311, -75.58984119)"
2180134,01/16/2018,6:00 p.m.,Martes,Bus,Publico,Conductor,Masculino,No,Sin Registro,Solo Daños,Choque,Impericia en el manejo,Carrera 43 A Calle 39  Sur,Alcala,Urbana,"(6.169011071, -75.5894849)"
2180134,01/16/2018,6:00 p.m.,Martes,Campero,Particular,Conductor,Masculino,No,Sin Registro,Solo Daños,Choque,Impericia en el manejo,Carrera 43 A Calle 39  Sur,Alcala,Urbana,"(6.169011071, -75.5894849)"
2180135,01/16/2018,3:10 p.m.,Martes,Automovil,Particular,Conductor,Masculino,No,Sin Registro,Solo Daños,Choque,Dejar/recoger pasajeros sitio no demarca,Carrera 46 A Calle 30  Sur,Jardines,Urbana,"(6.174306692, -75.59026078)"
2180110,01/16/2018,4:50 p.m.,Martes,Camion,Publico,Conductor,Masculino,No,Sin Registro,Solo Daños,Choque,Impericia en el manejo,Tramo 372 Kilometro  15,Vereda Palmas,Rural,
2180135,01/16/2018,3:10 p.m.,Martes,Tractocamion,Publico,Conductor,Masculino,No,Sin Registro,Solo Daños,Choque,Dejar/recoger pasajeros sitio no demarca,Carrera 46 A Calle 30  Sur,Jardines,Urbana,"(6.174306692, -75.59026078)"
2180147,01/16/2018,12:10 a.m.,Martes,Automovil,Particular,Conductor,Femenino,No,Sin Registro,Herido,Choque,No respetar prelacion,Carrera 43 A Calle 31  Sur,San Marcos,Urbana,"(6.176754685, -75.58546897)"
2180147,01/16/2018,12:10 a.m.,Martes,Automovil,Particular,Conductor,Masculino,No,Sin Registro,Herido,Choque,No respetar prelacion,Carrera 43 A Calle 31  Sur,San Marcos,Urbana,"(6.176754685, -75.58546897)"
2180132,01/16/2018,12:20 a.m.,Martes,Automovil,Diplomatico,Conductor,Masculino,No,Sin Registro,Solo Daños,Choque,Impericia en el manejo,Calle 25 A Sur Carrera 42 B,Las Orquideas,Urbana,"(6.181402463, -75.58167941)"
2180132,01/16/2018,12:20 a.m.,Martes,Camion,Publico,Conductor,Masculino,No,Sin Registro,Solo Daños,Choque,Impericia en el manejo,Calle 25 A Sur Carrera 42 B,Las Orquideas,Urbana,"(6.181402463, -75.58167941)"
2180127,01/16/2018,5:20 p.m.,Martes,Motocicleta,Particular,Motociclista,Masculino,No,Sin Registro,Solo Daños,Choque,Semaforo en rojo,Calle 38 A Sur Carrera 41,Zona Centro,Urbana,"(6.168560755, -75.58701537)"
2180127,01/16/2018,5:20 p.m.,Martes,Motocicleta,Particular,Motociclista,Masculino,No,Sin Registro,Solo Daños,Choque,Semaforo en rojo,Calle 38 A Sur Carrera 41,Zona Centro,Urbana,"(6.168560755, -75.58701537)"
2180123,01/16/2018,10:15 a.m.,Martes,Camioneta,Publico,Conductor,Masculino,No,Sin Registro,Solo Daños,Choque,Reverso imprudente,Tramo 373 Kilometro  11,Vereda Palmas,Rural,
2180123,01/16/2018,10:15 a.m.,Martes,Camioneta,Particular,Conductor,Femenino,No,Sin Registro,Solo Daños,Choque,Reverso imprudente,Tramo 373 Kilometro  11,Vereda Palmas,Rural,
2180139,01/16/2018,10:15 a.m.,Martes,Automovil,Particular,Conductor,Masculino,No,Sin Registro,Solo Daños,Choque,Impericia en el manejo,Carrera 48 Calle 50  Sur,Las Vegas,Urbana,
2180139,01/16/2018,10:15 a.m.,Martes,Automovil,Particular,Conductor,Masculino,No,Sin Registro,Solo Daños,Choque,Impericia en el manejo,Carrera 48 Calle 50  Sur,Las Vegas,Urbana,
2180127,01/16/2018,5:20 p.m.,Martes,Automovil,Particular,Conductor,Masculino,No,Sin Registro,Solo Daños,Choque,Semaforo en rojo,Calle 38 A Sur Carrera 41,Zona Centro,Urbana,"(6.168560755, -75.58701537)"
2180109,01/16/2018,8:30 a.m.,Martes,Motocicleta,Particular,Motociclista,Femenino,No,Sin Registro,Herido,Choque,No mantener distancia de seguridad,Calle 30  Sur Carrera 46 A,El Portal,Urbana,"(6.179166125, -75.58749587)"
2180109,01/16/2018,8:30 a.m.,Martes,Motocicleta,Particular,Motociclista,Masculino,No,Sin Registro,Herido,Choque,No mantener distancia de seguridad,Calle 30  Sur Carrera 46 A,El Portal,Urbana,"(6.179166125, -75.58749587)"
2180138,01/16/2018,4:30 p.m.,Martes,Motocicleta,Particular,Motociclista,Masculino,No,Sin Registro,Herido,Choque,Desobedecer senales,Calle 37  Noreste Carrera 50,Las Vegas,Urbana,
2180138,01/16/2018,4:30 p.m.,Martes,Automovil,Particular,Conductor,Masculino,No,Sin Registro,Herido,Choque,Desobedecer senales,Calle 37  Noreste Carrera 50,Las Vegas,Urbana,
2180141,01/16/2018,4:30 p.m.,Martes,Buseta,Publico,Conductor,Masculino,No,Sin Registro,Herido,Atropello,Arrancar sin precaucion,Carrera 42 Calle 26  Sur,Las Orquideas,Urbana,
2180144,01/16/2018,3:30 p.m.,Martes,Automovil,Particular,Conductor,Masculino,No,Sin Registro,Solo Daños,Choque,Impericia en el manejo,Carrera 43 A Calle 25 B Sur,Ponte Vedra,Urbana,"(6.180259996, -75.5829402)"
2180144,01/16/2018,3:30 p.m.,Martes,Camion,Particular,Conductor,Masculino,No,Sin Registro,Solo Daños,Choque,Impericia en el manejo,Carrera 43 A Calle 25 B Sur,Ponte Vedra,Urbana,"(6.180259996, -75.5829402)"
2180113,01/16/2018,10:30 p.m.,Martes,Campero,Particular,Conductor,Masculino,No,Sin Registro,Solo Daños,Choque,Desobedecer senales,Carrera 43 A Calle 21  Sur,Avenida El Poblado,Urbana,"(6.183599544, -75.57940986)"
2180113,01/16/2018,10:30 p.m.,Martes,Motocicleta,Particular,Motociclista,Masculino,No,Sin Registro,Solo Daños,Choque,Desobedecer senales,Carrera 43 A Calle 21  Sur,Avenida El Poblado,Urbana,"(6.183599544, -75.57940986)"
2180143,01/16/2018,7:35 a.m.,Martes,Motocicleta,Particular,Motociclista,Femenino,No,Sin Registro,Herido,Choque,Adelantar por la derecha,Carrera 50 Calle 46 A Sur,Las Vegas,Urbana,"(6.16131219, -75.60319818)"
2180143,01/16/2018,7:35 a.m.,Martes,Motocicleta,Particular,Motociclista,Masculino,No,Sin Registro,Herido,Choque,Adelantar por la derecha,Carrera 50 Calle 46 A Sur,Las Vegas,Urbana,"(6.16131219, -75.60319818)"
2180110,01/16/2018,4:50 p.m.,Martes,Automovil,Particular,Conductor,Masculino,No,Sin Registro,Solo Daños,Choque,Impericia en el manejo,Tramo 372 Kilometro  15,Vereda Palmas,Rural,
2180121,01/16/2018,4:50 p.m.,Martes,Buseta,Publico,Conductor,Masculino,No,Sin Registro,Solo Daños,Choque,No respetar pelacion de interseccion o giros,Carrera 29 B Calle 41 A Sur,San Rafael,Urbana,"(6.159002612, -75.58541285)"
2180121,01/16/2018,4:50 p.m.,Martes,Campero,Particular,Conductor,Masculino,No,Sin Registro,Solo Daños,Choque,No respetar pelacion de interseccion o giros,Carrera 29 B Calle 41 A Sur,San Rafael,Urbana,"(6.159002612, -75.58541285)"
2180119,01/16/2018,9:45 p.m.,Martes,Campero,Particular,Conductor,Femenino,No,Sin Registro,Herido,Choque,No respetar prelacion,Carrera 27 Calle 28  Sur,La Inmaculada,Urbana,"(6.171086787, -75.569081)"
2180119,01/16/2018,9:45 p.m.,Martes,Motocicleta,Diplomatico,Motociclista,Masculino,No,Sin Registro,Herido,Choque,No respetar prelacion,Carrera 27 Calle 28  Sur,La Inmaculada,Urbana,"(6.171086787, -75.569081)"
2180125,01/17/2018,4:00 p.m.,Miércoles,Automovil,Particular,Conductor,Masculino,No,Sin Registro,Solo Daños,Choque,Adelantar por la derecha,Calle 30  Sur Carrera 43 A,Mesa,Urbana,"(6.177126039, -75.5852509)"
2180125,01/17/2018,4:00 p.m.,Miércoles,Motocicleta,Particular,Motociclista,Masculino,No,Sin Registro,Solo Daños,Choque,Adelantar por la derecha,Calle 30  Sur Carrera 43 A,Mesa,Urbana,"(6.177126039, -75.5852509)"
2180136,01/17/2018,9:10 p.m.,Miércoles,Automovil,Publico,Conductor,Masculino,No,Sin Registro,Herido,Atropello,Cruzar sin observar,Carrera 40 Calle 39  Sur,Zona Centro,Urbana,"(6.16729029, -75.58669133)"
2180131,01/17/2018,7:15 a.m.,Miércoles,Automovil,Particular,Conductor,Masculino,No,Sin Registro,Solo Daños,Choque,Adelantar por la derecha,Tramo 372 Kilometro  14,Vereda Palmas,Rural,
2180131,01/17/2018,7:15 a.m.,Miércoles,Motocicleta,Particular,Motociclista,Masculino,No,Sin Registro,Solo Daños,Choque,Adelantar por la derecha,Tramo 372 Kilometro  14,Vereda Palmas,Rural,
2180137,01/17/2018,9:30 p.m.,Miércoles,Automovil,Publico,Conductor,Masculino,No,Sin Registro,Solo Daños,Choque,No mantener distancia de seguridad,Carrera 40 A Calle 46  Sur,El Trianon,Urbana,"(6.160223373, -75.59282399)"
2180137,01/17/2018,9:30 p.m.,Miércoles,Automovil,Particular,Conductor,Masculino,No,Sin Registro,Solo Daños,Choque,No mantener distancia de seguridad,Carrera 40 A Calle 46  Sur,El Trianon,Urbana,"(6.160223373, -75.59282399)"
2180140,01/17/2018,12:30 a.m.,Miércoles,Bus,Publico,Conductor,Masculino,No,Sin Registro,Solo Daños,Choque,Transitar con las puertas abiertas,Calle 27 A Sur Carrera 45,Jardines,Urbana,"(6.179449536, -75.5850415)"
2180140,01/17/2018,12:30 a.m.,Miércoles,Automovil,Particular,Conductor,Masculino,No,Sin Registro,Solo Daños,Choque,Transitar con las puertas abiertas,Calle 27 A Sur Carrera 45,Jardines,Urbana,"(6.179449536, -75.5850415)"
2180130,01/17/2018,4:35 p.m.,Miércoles,Automovil,Particular,Conductor,Masculino,No,Sin Registro,Solo Daños,Choque,No respetar prelacion,Carrera 41 Calle 37  Sur,Zona Centro,Urbana,"(6.169735041, -75.58616625)"
2180130,01/17/2018,4:35 p.m.,Miércoles,Camion,Publico,Conductor,Masculino,No,Sin Registro,Solo Daños,Choque,No respetar prelacion,Carrera 41 Calle 37  Sur,Zona Centro,Urbana,"(6.169735041, -75.58616625)"
2180162,01/17/2018,7:45 p.m.,Miércoles,Automovil,Particular,Conductor,Masculino,No,Sin Registro,Solo Daños,Choque,Adelantar invadiendo carril del mismo sentido en zigzag,Calle 40 C Sur Carrera 29,La Mina,Urbana,"(6.160404351, -75.58251503)"
2180162,01/17/2018,7:45 p.m.,Miércoles,Motocicleta,Particular,Motociclista,Masculino,No,Sin Registro,Solo Daños,Choque,Adelantar invadiendo carril del mismo sentido en zigzag,Calle 40 C Sur Carrera 29,La Mina,Urbana,"(6.160404351, -75.58251503)"
2180129,01/18/2018,6:00 a.m.,Jueves,Automovil,Particular,Conductor,Femenino,No,Sin Registro,Herido,Choque,No mantener distancia de seguridad,Calle 50  Sur Carrera 48,Las Casitas,Urbana,
2180129,01/18/2018,6:00 a.m.,Jueves,Motocicleta,Particular,Motociclista,Femenino,No,Sin Registro,Herido,Choque,No mantener distancia de seguridad,Calle 50  Sur Carrera 48,Las Casitas,Urbana,
2180128,01/18/2018,12:40 a.m.,Jueves,Automovil,Particular,Conductor,Masculino,No,Sin Registro,Solo Daños,Choque,No mantener distancia de seguridad,Tramo 371 Kilometro  2,Vereda El Escobero,Rural,
2180128,01/18/2018,12:40 a.m.,Jueves,Automovil,Particular,Conductor,Masculino,No,Sin Registro,Solo Daños,Choque,No mantener distancia de seguridad,Tramo 371 Kilometro  2,Vereda El Escobero,Rural,
2180164,01/18/2018,5:10 p.m.,Jueves,Automovil,Particular,Conductor,Femenino,No,Sin Registro,Solo Daños,Choque,Adelantar en zona prohibida,Tramo 372 Kilometro  12,Vereda Palmas,Rural,
2180164,01/18/2018,5:10 p.m.,Jueves,Motocicleta,Particular,Motociclista,Masculino,No,Sin Registro,Solo Daños,Choque,Adelantar en zona prohibida,Tramo 372 Kilometro  12,Vereda Palmas,Rural,
2180146,01/18/2018,4:20 p.m.,Jueves,Automovil,Particular,Conductor,Masculino,No,Sin Registro,Solo Daños,Choque,No mantener distancia de seguridad,Calle 33 B Sur Carrera 43 A,San Marcos,Urbana,"(6.173429457, -75.58671662)"
2180146,01/18/2018,4:20 p.m.,Jueves,Camioneta,Particular,Conductor,Femenino,No,Sin Registro,Solo Daños,Choque,No mantener distancia de seguridad,Calle 33 B Sur Carrera 43 A,San Marcos,Urbana,"(6.173429457, -75.58671662)"
2180146,01/18/2018,4:20 p.m.,Jueves,Automovil,Particular,Conductor,Masculino,No,Sin Registro,Solo Daños,Choque,No mantener distancia de seguridad,Calle 33 B Sur Carrera 43 A,San Marcos,Urbana,"(6.173429457, -75.58671662)"
2180159,01/18/2018,4:30 p.m.,Jueves,Automovil,Particular,Conductor,Femenino,No,Sin Registro,Solo Daños,Choque,No mantener distancia de seguridad,Calle 21  Sur Carrera 43 A,Zuñiga,Urbana,"(6.18399286, -75.57959764)"
2180159,01/18/2018,4:30 p.m.,Jueves,Campero,Particular,Conductor,Femenino,No,Sin Registro,Solo Daños,Choque,No mantener distancia de seguridad,Calle 21  Sur Carrera 43 A,Zuñiga,Urbana,"(6.18399286, -75.57959764)"
2180195,01/18/2018,3:30 p.m.,Jueves,Automovil,Particular,Conductor,Masculino,No,Sin Registro,Solo Daños,Choque,No mantener distancia de seguridad,Tramo 373 Kilometro  5,Vereda Palmas,Rural,
2180145,01/18/2018,9:30 a.m.,Jueves,Camioneta,Particular,Conductor,Femenino,No,Sin Registro,Herido,Choque,Desobedecer senales,Diagonal 32 Transversal 34  Sur,Obrero,Urbana,"(6.173484731, -75.58169049)"
2180145,01/18/2018,9:30 a.m.,Jueves,Motocicleta,Particular,Motociclista,Masculino,No,Sin Registro,Herido,Choque,Desobedecer senales,Diagonal 32 Transversal 34  Sur,Obrero,Urbana,"(6.173484731, -75.58169049)"
2180195,01/18/2018,3:30 p.m.,Jueves,Automovil,Particular,Conductor,Femenino,No,Sin Registro,Solo Daños,Choque,No mantener distancia de seguridad,Tramo 373 Kilometro  5,Vereda Palmas,Rural,
2180161,01/18/2018,1:35 p.m.,Jueves,Camioneta,Particular,Conductor,Masculino,No,Sin Registro,Solo Daños,Choque,No mantener distancia de seguridad,Calle 24  Sur Carrera 40,Zuñiga,Urbana,"(6.179387707, -75.57584341)"
2180161,01/18/2018,1:35 p.m.,Jueves,Automovil,Particular,Conductor,Masculino,No,Sin Registro,Solo Daños,Choque,No mantener distancia de seguridad,Calle 24  Sur Carrera 40,Zuñiga,Urbana,"(6.179387707, -75.57584341)"
2180961,01/18/2018,6:35 p.m.,Jueves,Motocicleta,Particular,Motociclista,Femenino,No,Sin Registro,Herido,Choque,Adelantar cerrando,Carrera 50 Calle 39  Sur,Las Vegas,Urbana,
2180961,01/18/2018,6:35 p.m.,Jueves,Camioneta,Publico,Conductor,Sin Registro,No,Sin Registro,Herido,Choque,Adelantar cerrando,Carrera 50 Calle 39  Sur,Las Vegas,Urbana,
2180142,01/18/2018,12:46 a.m.,Jueves,Tractocamion,Publico,Conductor,Masculino,No,Sin Registro,Solo Daños,Choque,Carga sobresaliente sin autorizacion,Carrera 47 Calle 38  Sur,Alcala,Urbana,"(6.1715299, -75.59258954)"
2180174,01/19/2018,9:00 p.m.,Viernes,Motocicleta,Particular,Motociclista,Masculino,No,Sin Registro,Herido,Choque,Transitar entre vehiculos,Carrera 48 Calle 50  Sur,Las Vegas,Urbana,
2180174,01/19/2018,9:00 p.m.,Viernes,Motocicleta,Particular,Motociclista,Masculino,No,Sin Registro,Herido,Choque,Transitar entre vehiculos,Carrera 48 Calle 50  Sur,Las Vegas,Urbana,
2180151,01/19/2018,5:00 p.m.,Viernes,Camioneta,Publico,Conductor,Masculino,No,Sin Registro,Herido,Choque,No mantener distancia de seguridad,Carrera 49 Calle 46 A Sur,Las Vegas,Urbana,"(6.166966077, -75.60088817)"
2180151,01/19/2018,5:00 p.m.,Viernes,Motocicleta,Diplomatico,Motociclista,Masculino,No,Sin Registro,Herido,Choque,No mantener distancia de seguridad,Carrera 49 Calle 46 A Sur,Las Vegas,Urbana,"(6.166966077, -75.60088817)"
2180172,01/19/2018,12:05 a.m.,Viernes,Camioneta,Particular,Conductor,Masculino,No,Sin Registro,Herido,Choque,No respetar prelacion,Calle 25  Sur Carrera 42 B,Villa Grande,Urbana,"(6.179561127, -75.57986633)"
2180172,01/19/2018,12:05 a.m.,Viernes,Motocicleta,Particular,Motociclista,Femenino,No,Sin Registro,Herido,Choque,No respetar pelacion de interseccion o giros,Calle 25  Sur Carrera 42 B,Villa Grande,Urbana,"(6.179561127, -75.57986633)"
2180172,01/19/2018,12:05 a.m.,Viernes,Motocicleta,Particular,Motociclista,Femenino,No,Sin Registro,Herido,Choque,No respetar prelacion,Calle 25  Sur Carrera 42 B,Villa Grande,Urbana,"(6.179561127, -75.57986633)"
2180172,01/19/2018,12:05 a.m.,Viernes,Camioneta,Particular,Conductor,Masculino,No,Sin Registro,Herido,Choque,No respetar pelacion de interseccion o giros,Calle 25  Sur Carrera 42 B,Villa Grande,Urbana,"(6.179561127, -75.57986633)"
2180154,01/19/2018,12:15 a.m.,Viernes,Camion,Publico,Conductor,Masculino,No,Sin Registro,Herido,Choque,Impericia en el manejo,Carrera 43 A Calle 31  Sur,Avenida El Poblado,Urbana,"(6.176754685, -75.58546897)"
2180154,01/19/2018,12:15 a.m.,Viernes,Camion,Publico,Conductor,Masculino,No,Sin Registro,Herido,Choque,Exceso de velocidad,Carrera 43 A Calle 31  Sur,Avenida El Poblado,Urbana,"(6.176754685, -75.58546897)"
2180169,01/19/2018,4:30 p.m.,Viernes,Automovil,Particular,Conductor,Masculino,No,Sin Registro,Herido,Choque,No respetar pelacion de interseccion o giros,Diagonal 31 Calle 37  Sur,Manuel Uribe Angel,Urbana,"(6.165165175, -75.58026896)"
2180169,01/19/2018,4:30 p.m.,Viernes,Bicicleta,Sin Registro,Ciclista,Masculino,No,Sin Registro,Herido,Choque,Transitar entre vehiculos,Diagonal 31 Calle 37  Sur,Manuel Uribe Angel,Urbana,"(6.165165175, -75.58026896)"
2180169,01/19/2018,4:30 p.m.,Viernes,Bicicleta,Sin Registro,Ciclista,Masculino,No,Sin Registro,Herido,Choque,No respetar pelacion de interseccion o giros,Diagonal 31 Calle 37  Sur,Manuel Uribe Angel,Urbana,"(6.165165175, -75.58026896)"
2180169,01/19/2018,4:30 p.m.,Viernes,Automovil,Particular,Conductor,Masculino,No,Sin Registro,Herido,Choque,Transitar entre vehiculos,Diagonal 31 Calle 37  Sur,Manuel Uribe Angel,Urbana,"(6.165165175, -75.58026896)"
2180158,01/19/2018,3:30 p.m.,Viernes,Automovil,Particular,Conductor,Femenino,No,Sin Registro,Solo Daños,Choque,Impericia en el manejo,Carrera 48 Calle 25 AA,Las Vegas,Urbana,"(6.183765745, -75.58469035)"
2180158,01/19/2018,3:30 p.m.,Viernes,Automovil,Particular,Conductor,Femenino,No,Sin Registro,Solo Daños,Choque,Impericia en el manejo,Carrera 48 Calle 25 AA,Las Vegas,Urbana,"(6.183765745, -75.58469035)"
2180152,01/19/2018,10:40 p.m.,Viernes,Motocicleta,Particular,Motociclista,Masculino,No,Sin Registro,Herido,Choque,Adelantar cerrando,Carrera 48 Calle 40  Sur,Las Vegas,Urbana,"(6.168855316, -75.59688767)"
2180152,01/19/2018,10:40 p.m.,Viernes,Automovil,Particular,Conductor,Sin Registro,No,Sin Registro,Herido,Choque,Adelantar cerrando,Carrera 48 Calle 40  Sur,Las Vegas,Urbana,"(6.168855316, -75.59688767)"
2180157,01/19/2018,1:45 p.m.,Viernes,Automovil,Publico,Conductor,Masculino,No,Sin Registro,Herido,Choque,Transitar con las puertas abiertas,Calle 25  Sur Carrera 42 B,Las Orquideas,Urbana,"(6.179561127, -75.57986633)"
2180157,01/19/2018,1:45 p.m.,Viernes,Motocicleta,Particular,Motociclista,Masculino,No,Sin Registro,Herido,Choque,Transitar con las puertas abiertas,Calle 25  Sur Carrera 42 B,Las Orquideas,Urbana,"(6.179561127, -75.57986633)"
2180166,01/19/2018,10:40 p.m.,Viernes,Automovil,Publico,Conductor,Masculino,No,Sin Registro,Herido,Choque,Semaforo en rojo,Calle 38 A Sur Carrera 41,Zona Centro,Urbana,"(6.168560755, -75.58701537)"
2180166,01/19/2018,10:40 p.m.,Viernes,Motocicleta,Particular,Motociclista,Masculino,No,Sin Registro,Herido,Choque,Semaforo en rojo,Calle 38 A Sur Carrera 41,Zona Centro,Urbana,"(6.168560755, -75.58701537)"
2180156,01/19/2018,2:50 p.m.,Viernes,Automovil,Particular,Conductor,Masculino,No,Sin Registro,Solo Daños,Choque,Adelantar cerrando,Calle 21  Sur Carrera 43 A,Zuñiga,Urbana,"(6.18399286, -75.57959764)"
2180156,01/19/2018,2:50 p.m.,Viernes,Campero,Particular,Conductor,Masculino,No,Sin Registro,Solo Daños,Choque,Adelantar cerrando,Calle 21  Sur Carrera 43 A,Zuñiga,Urbana,"(6.18399286, -75.57959764)"
2180165,01/20/2018,8:00 p.m.,Sábado,Motocicleta,Particular,Motociclista,Masculino,Si,3,Solo Daños,Choque,No mantener distancia de seguridad,Carrera 50 Calle 32 B Sur,Las Vegas,Urbana,"(6.178248378, -75.59168828)"
2180165,01/20/2018,8:00 p.m.,Sábado,Automovil,Particular,Conductor,Femenino,No,Sin Registro,Solo Daños,Choque,No mantener distancia de seguridad,Carrera 50 Calle 32 B Sur,Las Vegas,Urbana,"(6.178248378, -75.59168828)"
2180148,01/20/2018,3:00 p.m.,Sábado,Automovil,Particular,Conductor,Masculino,No,Sin Registro,Solo Daños,Choque,Arrancar sin precaucion,Carrera 27 Calle 39 B Sur,El Chinguí,Urbana,
2180173,01/20/2018,1:00 p.m.,Sábado,Campero,Particular,Conductor,Femenino,No,Sin Registro,Solo Daños,Choque,No mantener distancia de seguridad,Carrera 48 Calle 26  Sur,Las Vegas,Urbana,"(6.183318111, -75.58553718)"
2180173,01/20/2018,1:00 p.m.,Sábado,Motocicleta,Particular,Motociclista,Femenino,No,Sin Registro,Solo Daños,Choque,No mantener distancia de seguridad,Carrera 48 Calle 26  Sur,Las Vegas,Urbana,"(6.183318111, -75.58553718)"
2180160,01/20/2018,3:10 p.m.,Sábado,Automovil,Particular,Conductor,Masculino,No,Sin Registro,Herido,Choque,No mantener distancia de seguridad,Carrera 50 Calle 26  Sur,Las Vegas,Urbana,"(6.184812544, -75.58691109)"
2180160,01/20/2018,3:10 p.m.,Sábado,Automovil,Particular,Conductor,Masculino,No,Sin Registro,Herido,Choque,No mantener distancia de seguridad,Carrera 50 Calle 26  Sur,Las Vegas,Urbana,"(6.184812544, -75.58691109)"
2180160,01/20/2018,3:10 p.m.,Sábado,Motocicleta,Diplomatico,Motociclista,Masculino,No,Sin Registro,Herido,Choque,No mantener distancia de seguridad,Carrera 50 Calle 26  Sur,Las Vegas,Urbana,"(6.184812544, -75.58691109)"
2180155,01/20/2018,4:10 p.m.,Sábado,Camioneta,Particular,Conductor,Masculino,No,Sin Registro,Solo Daños,Choque,No mantener distancia de seguridad,Carrera 43 A Calle 45 B Sur,Primavera,Urbana,"(6.164786739, -75.59493527)"
2180155,01/20/2018,4:10 p.m.,Sábado,Camioneta,Particular,Conductor,Femenino,No,Sin Registro,Solo Daños,Choque,No mantener distancia de seguridad,Carrera 43 A Calle 45 B Sur,Primavera,Urbana,"(6.164786739, -75.59493527)"