RADICADO,FECHA,HORA,DÍA DE LA SEMANA,CLASE DE VEHICULO,TIPO DE SERVICIO,TIPO DE VICTIMA,SEXO,ESTADO DE BEODEZ,RESULTADO DE BEODEZ,GRAVEDAD,CLASE DE ACCIDENTE,CAUSA,DIRECCIÓN,BARRIO,AREA,Coordenadas
2180149,01/20/2018,12:20 a.m.,Sábado,Automovil,Particular,Conductor,Masculino,No,Sin Registro,Solo Daños,Choque,No mantener distancia de seguridad,Carrera 45 A Calle 36  Sur,El Portal,Urbana,"(6.172729696, -75.58933958)"
2180163,01/20/2018,11:20 a.m.,Sábado,Motocicleta,Particular,Motociclista,Femenino,No,Sin Registro,Herido,Choque,Desobedecer senales,Carrera 42 Calle 35  Sur,Zona Centro,Urbana,"(6.171623749, -75.58604338)"
2180163,01/20/2018,11:20 a.m.,Sábado,Automovil,Particular,Conductor,Femenino,No,Sin Registro,Herido,Choque,Desobedecer senales,Carrera 42 Calle 35  Sur,Zona Centro,Urbana,"(6.171623749, -75.58604338)"
2180149,01/20/2018,12:20 a.m.,Sábado,Automovil,Particular,Conductor,Masculino,No,Sin Registro,Solo Daños,Choque,No mantener distancia de seguridad,Carrera 45 A Calle 36  Sur,El Portal,Urbana,"(6.172729696, -75.58933958)"
2180171,01/20/2018,11:25 a.m.,Sábado,Automovil,Particular,Conductor,Masculino,No,Sin Registro,Solo Daños,Choque,Adelantar cerrando,Calle 37  Sur Carrera 49,Las Vegas,Urbana,"(6.174789471, -75.59420424)"
2180171,01/20/2018,11:25 a.m.,Sábado,Camioneta,Particular,Conductor,Femenino,No,Sin Registro,Solo Daños,Choque,Adelantar cerrando,Calle 37  Sur Carrera 49,Las Vegas,Urbana,"(6.174789471, -75.59420424)"
2180153,01/20/2018,1:30 p.m.,Sábado,Automovil,Particular,Conductor,Femenino,No,Sin Registro,Solo Daños,Choque,Impericia en el manejo,Carrera 50 Calle 37  Sur,Las Vegas,Urbana,
2180150,01/20/2018,10:30 a.m.,Sábado,Campero,Particular,Conductor,Femenino,No,Sin Registro,Solo Daños,Choque,Impericia en el manejo,Calle 27  Sur Carrera 27 B,El Esmeraldal,Urbana,"(6.173240655, -75.56909801)"
2180196,01/20/2018,7:30 a.m.,Sábado,Automovil,Publico,Conductor,Masculino,No,Sin Registro,Herido,Choque,No mantener distancia de seguridad,Calle 50  Sur Carrera 48,Las Vegas,Urbana,
2180196,01/20/2018,7:30 a.m.,Sábado,Motocicleta,Particular,Motociclista,Femenino,No,Sin Registro,Herido,Choque,No mantener distancia de seguridad,Calle 50  Sur Carrera 48,Las Vegas,Urbana,
2180176,01/20/2018,2:50 p.m.,Sábado,Motocicleta,Particular,Motociclista,Masculino,No,Sin Registro,Herido,Choque,No mantener distancia de seguridad,Diagonal 40 Calle 33 B Sur,La Magnolia,Urbana,"(6.172318879, -75.58522962)"
2180176,01/20/2018,2:50 p.m.,Sábado,Bus,Publico,Conductor,Masculino,No,Sin Registro,Herido,Choque,No mantener distancia de seguridad,Diagonal 40 Calle 33 B Sur,La Magnolia,Urbana,"(6.172318879, -75.58522962)"
2180175,01/21/2018,8:20 a.m.,Domingo,Bus,Publico,Conductor,Masculino,No,Sin Registro,Solo Daños,Choque,Transitar en contravia,Calle 37  Sur Carrera 49,Las Vegas,Urbana,"(6.174789471, -75.59420424)"
2180175,01/21/2018,8:20 a.m.,Domingo,Automovil,Publico,Conductor,Masculino,No,Sin Registro,Solo Daños,Choque,Transitar en contravia,Calle 37  Sur Carrera 49,Las Vegas,Urbana,"(6.174789471, -75.59420424)"
2180175,01/21/2018,8:20 a.m.,Domingo,Automovil,Particular,Conductor,Masculino,No,Sin Registro,Solo Daños,Choque,Transitar en contravia,Calle 37  Sur Carrera 49,Las Vegas,Urbana,"(6.174789471, -75.59420424)"
2180175,01/21/2018,8:20 a.m.,Domingo,Motocicleta,Particular,Motociclista,Masculino,No,Sin Registro,Solo Daños,Choque,Transitar en contravia,Calle 37  Sur Carrera 49,Las Vegas,Urbana,"(6.174789471, -75.59420424)"
2180178,01/21/2018,4:50 p.m.,Domingo,Camioneta,Particular,Conductor,Masculino,No,Sin Registro,Herido,Atropello,Exceso de velocidad,Transversal 34 D Sur Diagonal 30,La Sebastiana,Urbana,"(6.171898534, -75.57832739)"
2180178,01/21/2018,4:50 p.m.,Domingo,Bicicleta,Sin Registro,Ciclista,Masculino,No,Sin Registro,Herido,Atropello,Exceso de velocidad,Transversal 34 D Sur Diagonal 30,La Sebastiana,Urbana,"(6.171898534, -75.57832739)"
2180198,01/22/2018,7:10 p.m.,Lunes,Automovil,Particular,Conductor,Masculino,No,Sin Registro,Herido,Choque,No respetar pelacion de interseccion o giros,Carrera 49 Calle 25 A Sur,Las Vegas,Urbana,"(6.18641241, -75.58506296)"
2180198,01/22/2018,7:10 p.m.,Lunes,Motocicleta,Particular,Motociclista,Masculino,No,Sin Registro,Herido,Choque,No respetar prelacion,Carrera 49 Calle 25 A Sur,Las Vegas,Urbana,"(6.18641241, -75.58506296)"
2180198,01/22/2018,7:10 p.m.,Lunes,Motocicleta,Particular,Motociclista,Masculino,No,Sin Registro,Herido,Choque,No respetar pelacion de interseccion o giros,Carrera 49 Calle 25 A Sur,Las Vegas,Urbana,"(6.18641241, -75.58506296)"
2180198,01/22/2018,7:10 p.m.,Lunes,Automovil,Particular,Conductor,Masculino,No,Sin Registro,Herido,Choque,No respetar prelacion,Carrera 49 Calle 25 A Sur,Las Vegas,Urbana,"(6.18641241, -75.58506296)"
2180189,01/22/2018,3:05 p.m.,Lunes,Bus,Publico,Conductor,Masculino,No,Sin Registro,Solo Daños,Choque,No mantener distancia de seguridad,Calle 33 B Sur Carrera 43,Zona Centro,Urbana,"(6.172981087, -75.58607623)"
2180189,01/22/2018,3:05 p.m.,Lunes,Camioneta,Particular,Conductor,Masculino,No,Sin Registro,Solo Daños,Choque,No mantener distancia de seguridad,Calle 33 B Sur Carrera 43,Zona Centro,Urbana,"(6.172981087, -75.58607623)"
2180200,01/22/2018,6:10 p.m.,Lunes,Buseta,Publico,Conductor,Masculino,No,Sin Registro,Herido,Choque,Exceso de velocidad,Calle 38  Sur Carrera 43 A,Zona Centro,Urbana,"(6.170537577, -75.58862514)"
2180200,01/22/2018,6:10 p.m.,Lunes,Buseta,Publico,Conductor,Masculino,No,Sin Registro,Herido,Choque,Impericia en el manejo,Calle 38  Sur Carrera 43 A,Zona Centro,Urbana,"(6.170537577, -75.58862514)"
2180193,01/22/2018,12:20 a.m.,Lunes,Automovil,Particular,Conductor,Femenino,No,Sin Registro,Solo Daños,Choque,Adelantar cerrando,Calle 40 A Sur Carrera 24 B,La Mina,Urbana,"(6.151984005, -75.58064483)"
2180193,01/22/2018,12:20 a.m.,Lunes,Motocicleta,Particular,Motociclista,Masculino,No,Sin Registro,Solo Daños,Choque,Adelantar cerrando,Calle 40 A Sur Carrera 24 B,La Mina,Urbana,"(6.151984005, -75.58064483)"
2180183,01/22/2018,7:30 p.m.,Lunes,Automovil,Particular,Conductor,Femenino,No,Sin Registro,Solo Daños,Choque,Reverso imprudente,Calle 39 B Sur Carrera 25,El Salado,Urbana,"(6.154772856, -75.57488615)"
2180183,01/22/2018,7:30 p.m.,Lunes,Camioneta,Publico,Conductor,Masculino,No,Sin Registro,Solo Daños,Choque,Reverso imprudente,Calle 39 B Sur Carrera 25,El Salado,Urbana,"(6.154772856, -75.57488615)"
2180167,01/22/2018,6:30 p.m.,Lunes,Automovil,Particular,Conductor,Masculino,No,Sin Registro,Solo Daños,Choque,Desobedecer senales,Carrera 27 Calle 27  Sur,La Inmaculada,Urbana,"(6.172298689, -75.56780953)"
2180167,01/22/2018,6:30 p.m.,Lunes,Motocicleta,Particular,Motociclista,Masculino,No,Sin Registro,Solo Daños,Choque,Desobedecer senales,Carrera 27 Calle 27  Sur,La Inmaculada,Urbana,"(6.172298689, -75.56780953)"
2180185,01/22/2018,5:30 p.m.,Lunes,Motocicleta,Particular,Motociclista,Masculino,No,Sin Registro,Solo Daños,Choque,Adelantar en curva,Calle 45 A Sur Carrera 39 DD,Las Antillas,Urbana,"(6.161984106, -75.59219678)"
2180185,01/22/2018,5:30 p.m.,Lunes,Bus,Publico,Conductor,Masculino,No,Sin Registro,Solo Daños,Choque,Adelantar en curva,Calle 45 A Sur Carrera 39 DD,Las Antillas,Urbana,"(6.161984106, -75.59219678)"
2180223,01/22/2018,5:35 p.m.,Lunes,Automovil,Particular,Conductor,Masculino,No,Sin Registro,Solo Daños,Choque,Impericia en el manejo,Carrera 29 A Calle 37  Sur,Loma De Las Brujas,Urbana,"(6.165896279, -75.58063202)"
2180223,01/22/2018,5:35 p.m.,Lunes,Automovil,Particular,Conductor,Masculino,No,Sin Registro,Solo Daños,Choque,Impericia en el manejo,Carrera 29 A Calle 37  Sur,Loma De Las Brujas,Urbana,"(6.165896279, -75.58063202)"
2180192,01/22/2018,7:40 a.m.,Lunes,Camion,Publico,Conductor,Masculino,No,Sin Registro,Solo Daños,Choque,Adelantar invadiendo carril del mismo sentido en zigzag,Carrera 50 Calle 25  Sur,Las Vegas,Urbana,"(6.186515998, -75.58512541)"
2180192,01/22/2018,7:40 a.m.,Lunes,Automovil,Particular,Conductor,Femenino,No,Sin Registro,Solo Daños,Choque,Adelantar invadiendo carril del mismo sentido en zigzag,Carrera 50 Calle 25  Sur,Las Vegas,Urbana,"(6.186515998, -75.58512541)"
2180197,01/22/2018,9:40 a.m.,Lunes,Motocicleta,Particular,Motociclista,Masculino,No,Sin Registro,Solo Daños,Choque,No mantener distancia de seguridad,Carrera 50 Calle 46 A Sur,Las Vegas,Urbana,"(6.16131219, -75.60319818)"
2180197,01/22/2018,9:40 a.m.,Lunes,Camion,Publico,Conductor,Masculino,No,Sin Registro,Solo Daños,Choque,No mantener distancia de seguridad,Carrera 50 Calle 46 A Sur,Las Vegas,Urbana,"(6.16131219, -75.60319818)"
2180197,01/22/2018,9:40 a.m.,Lunes,Automovil,Particular,Conductor,Masculino,No,Sin Registro,Solo Daños,Choque,No mantener distancia de seguridad,Carrera 50 Calle 46 A Sur,Las Vegas,Urbana,"(6.16131219, -75.60319818)"
2180170,01/22/2018,6:45 p.m.,Lunes,Bus,Publico,Conductor,Masculino,No,Sin Registro,Solo Daños,Choque,Reverso imprudente,Calle 48 B Sur Carrera 42 BB,Loma Del Barro,Urbana,"(6.158356647, -75.59545072)"
2180170,01/22/2018,6:45 p.m.,Lunes,Automovil,Publico,Conductor,Masculino,No,Sin Registro,Solo Daños,Choque,Reverso imprudente,Calle 48 B Sur Carrera 42 BB,Loma Del Barro,Urbana,"(6.158356647, -75.59545072)"
2180168,01/22/2018,6:55 p.m.,Lunes,Bus,Publico,Conductor,Masculino,No,Sin Registro,Solo Daños,Choque,No mantener distancia de seguridad,Diagonal 33 Transversal 34 D Sur,Los Naranjos,Urbana,"(6.170891508, -75.58314017)"
2180168,01/22/2018,6:55 p.m.,Lunes,Automovil,Particular,Conductor,Masculino,No,Sin Registro,Solo Daños,Choque,No mantener distancia de seguridad,Diagonal 33 Transversal 34 D Sur,Los Naranjos,Urbana,"(6.170891508, -75.58314017)"
2180208,01/23/2018,7:00 p.m.,Martes,Motocicleta,Particular,Motociclista,Masculino,No,Sin Registro,Solo Daños,Choque,Vehiculo mal estacionado,Calle 33  Sur Carrera 43 A,San Marcos,Urbana,"(6.173912569, -75.58697473)"
2180208,01/23/2018,7:00 p.m.,Martes,Camioneta,Diplomatico,Conductor,Masculino,No,Sin Registro,Solo Daños,Choque,Impericia en el manejo,Calle 33  Sur Carrera 43 A,San Marcos,Urbana,"(6.173912569, -75.58697473)"
2180207,01/23/2018,8:00 p.m.,Martes,Automovil,Particular,Conductor,Masculino,No,Sin Registro,Solo Daños,Choque,No mantener distancia de seguridad,Carrera 43 A Calle 45 B Sur,Primavera,Urbana,"(6.164786739, -75.59493527)"
2180207,01/23/2018,8:00 p.m.,Martes,Campero,Particular,Conductor,Sin Registro,No,Sin Registro,Solo Daños,Choque,No mantener distancia de seguridad,Carrera 43 A Calle 45 B Sur,Primavera,Urbana,"(6.164786739, -75.59493527)"
2180208,01/23/2018,7:00 p.m.,Martes,Camioneta,Diplomatico,Conductor,Masculino,No,Sin Registro,Solo Daños,Choque,Vehiculo mal estacionado,Calle 33  Sur Carrera 43 A,San Marcos,Urbana,"(6.173912569, -75.58697473)"
2180208,01/23/2018,7:00 p.m.,Martes,Motocicleta,Particular,Motociclista,Masculino,No,Sin Registro,Solo Daños,Choque,Impericia en el manejo,Calle 33  Sur Carrera 43 A,San Marcos,Urbana,"(6.173912569, -75.58697473)"
2180184,01/23/2018,4:00 p.m.,Martes,Camion,Publico,Conductor,Masculino,No,Sin Registro,Solo Daños,Choque,Desobedecer senales,Calle 32 B Sur Carrera 48,Glorieta De Peldar,Urbana,"(6.177255701, -75.59003137)"
2180184,01/23/2018,4:00 p.m.,Martes,Camion,Publico,Conductor,Masculino,No,Sin Registro,Solo Daños,Choque,Desobedecer senales,Calle 32 B Sur Carrera 48,Glorieta De Peldar,Urbana,"(6.177255701, -75.59003137)"
2180181,01/23/2018,9:00 p.m.,Martes,Bus,Publico,Conductor,Masculino,No,Sin Registro,Herido,Caida Ocupante,Impericia en el manejo,Diagonal 40 Transversal 33  Sur,Bucarest,Urbana,"(6.173507784, -75.58545751)"
2180184,01/23/2018,4:00 p.m.,Martes,Camion,Publico,Conductor,Masculino,No,Sin Registro,Solo Daños,Choque,Desobedecer senales,Calle 32 B Sur Carrera 48,Glorieta De Peldar,Urbana,"(6.177255701, -75.59003137)"
2180209,01/23/2018,5:00 p.m.,Martes,Camion,Publico,Conductor,Masculino,No,Sin Registro,Herido,Caida Ocupante,Superficie lisa,Calle 29  Sur Carrera 46 A,Ponte Vedra,Urbana,"(6.180673523, -75.58690575)"
2180209,01/23/2018,5:00 p.m.,Martes,Motocicleta,Particular,Motociclista,Masculino,No,Sin Registro,Herido,Caida Ocupante,Superficie lisa,Calle 29  Sur Carrera 46 A,Ponte Vedra,Urbana,"(6.180673523, -75.58690575)"
2180186,01/23/2018,6:10 a.m.,Martes,Automovil,Particular,Conductor,Masculino,No,Sin Registro,Solo Daños,Choque,Transitar en contravia,Carrera 43 A Calle 48 C Sur,Las Casitas,Urbana,"(6.162218777, -75.59764446)"
2180186,01/23/2018,6:10 a.m.,Martes,Bus,Publico,Conductor,Masculino,No,Sin Registro,Solo Daños,Choque,Transitar en contravia,Carrera 43 A Calle 48 C Sur,Las Casitas,Urbana,"(6.162218777, -75.59764446)"
2180206,01/23/2018,10:10 a.m.,Martes,Automovil,Particular,Conductor,Femenino,No,Sin Registro,Herido,Choque,Desobedecer senales,Calle 45 B Sur Carrera 43,La Paz,Urbana,"(6.164485785, -75.59467842)"
2180206,01/23/2018,10:10 a.m.,Martes,Motocicleta,Particular,Motociclista,Masculino,No,Sin Registro,Herido,Choque,Desobedecer senales,Calle 45 B Sur Carrera 43,La Paz,Urbana,"(6.164485785, -75.59467842)"
2180180,01/23/2018,3:10 p.m.,Martes,Camioneta,Particular,Conductor,Masculino,No,Sin Registro,Solo Daños,Choque,No mantener distancia de seguridad,Carrera 48 Calle 32 B Sur,Las Vegas,Urbana,"(6.176994311, -75.58984119)"
2180180,01/23/2018,3:10 p.m.,Martes,Campero,Publico,Conductor,Masculino,No,Sin Registro,Solo Daños,Choque,No mantener distancia de seguridad,Carrera 48 Calle 32 B Sur,Las Vegas,Urbana,"(6.176994311, -75.58984119)"
2180187,01/23/2018,2:15 p.m.,Martes,Campero,Particular,Conductor,Femenino,No,Sin Registro,Solo Daños,Choque,Impericia en el manejo,Tramo 376 Kilometro  8,Vereda Perico,Rural,
2180191,01/23/2018,6:30 a.m.,Martes,Automovil,Particular,Conductor,Femenino,No,Sin Registro,Solo Daños,Choque,Impericia en el manejo,Carrera 29 A Calle 39  Sur,San Jose,Urbana,"(6.163897984, -75.58087718)"
2180191,01/23/2018,6:30 a.m.,Martes,Camioneta,Particular,Conductor,Femenino,No,Sin Registro,Solo Daños,Choque,Impericia en el manejo,Carrera 29 A Calle 39  Sur,San Jose,Urbana,"(6.163897984, -75.58087718)"
2180194,01/23/2018,10:30 p.m.,Martes,Camioneta,Particular,Conductor,Masculino,No,Sin Registro,Solo Daños,Choque,Reverso imprudente,Calle 52 C Sur Carrera 39 E,Loma Del Barro,Urbana,
2180194,01/23/2018,10:30 p.m.,Martes,Automovil,Particular,Conductor,Masculino,No,Sin Registro,Solo Daños,Choque,Reverso imprudente,Calle 52 C Sur Carrera 39 E,Loma Del Barro,Urbana,
2180179,01/23/2018,2:50 p.m.,Martes,Automovil,Particular,Conductor,Masculino,No,Sin Registro,Solo Daños,Choque,No mantener distancia de seguridad,Carrera 48 Calle 50  Sur,Las Vegas,Urbana,
2180179,01/23/2018,2:50 p.m.,Martes,Camion,Publico,Conductor,Masculino,No,Sin Registro,Solo Daños,Choque,No mantener distancia de seguridad,Carrera 48 Calle 50  Sur,Las Vegas,Urbana,
2180188,01/23/2018,6:50 a.m.,Martes,Automovil,Particular,Conductor,Masculino,No,Sin Registro,Solo Daños,Choque,No mantener distancia de seguridad,Carrera 43 A Calle 21  Sur,Zuñiga,Urbana,"(6.183599544, -75.57940986)"
2180188,01/23/2018,6:50 a.m.,Martes,Automovil,Particular,Conductor,Femenino,No,Sin Registro,Solo Daños,Choque,No mantener distancia de seguridad,Carrera 43 A Calle 21  Sur,Zuñiga,Urbana,"(6.183599544, -75.57940986)"
2180201,01/23/2018,9:50 a.m.,Martes,Motocicleta,Particular,Motociclista,Masculino,No,Sin Registro,Herido,Choque,Arrancar sin precaucion,Calle 40  Sur Carrera 28 B,San Jose,Urbana,"(6.160728003, -75.58142402)"
2180201,01/23/2018,9:50 a.m.,Martes,Motocicleta,Particular,Motociclista,Masculino,No,Sin Registro,Herido,Choque,Arrancar sin precaucion,Calle 40  Sur Carrera 28 B,San Jose,Urbana,"(6.160728003, -75.58142402)"
2180182,01/23/2018,1:50 p.m.,Martes,Automovil,Particular,Conductor,Femenino,No,Sin Registro,Solo Daños,Choque,No mantener distancia de seguridad,Carrera 48 Calle 30  Sur,Las Vegas,Urbana,"(6.179366643, -75.5880841)"
2180182,01/23/2018,1:50 p.m.,Martes,Motocicleta,Particular,Motociclista,Masculino,No,Sin Registro,Solo Daños,Choque,No mantener distancia de seguridad,Carrera 48 Calle 30  Sur,Las Vegas,Urbana,"(6.179366643, -75.5880841)"
2180182,01/23/2018,1:50 p.m.,Martes,Automovil,Publico,Conductor,Masculino,No,Sin Registro,Solo Daños,Choque,No mantener distancia de seguridad,Carrera 48 Calle 30  Sur,Las Vegas,Urbana,"(6.179366643, -75.5880841)"
2180212,01/23/2018,4:50 p.m.,Martes,Motocicleta,Particular,Motociclista,Masculino,No,Sin Registro,Herido,Caida Ocupante,Impericia en el manejo,Tramo 372 Kilometro  16,Vereda Palmas,Rural,
2180177,01/23/2018,5:50 p.m.,Martes,Automovil,Particular,Conductor,Masculino,No,Sin Registro,Herido,Atropello,Cruzar sin observar,Calle 33 B Sur Carrera 44,San Marcos,Urbana,"(6.173779627, -75.5873404)"
2180190,01/23/2018,6:58 a.m.,Martes,Motocicleta,Particular,Motociclista,Masculino,No,Sin Registro,Solo Daños,Choque,No respetar pelacion de interseccion o giros,Calle 39 B Sur Carrera 30,San Jose,Urbana,"(6.16327841, -75.58191643)"
2180190,01/23/2018,6:58 a.m.,Martes,Automovil,Particular,Conductor,Femenino,No,Sin Registro,Solo Daños,Choque,No respetar pelacion de interseccion o giros,Calle 39 B Sur Carrera 30,San Jose,Urbana,"(6.16327841, -75.58191643)"
2180221,01/24/2018,4:15 p.m.,Miércoles,Camioneta,Particular,Conductor,Masculino,No,Sin Registro,Solo Daños,Choque,Arrancar sin precaucion,Carrera 48 Calle 25 AA Sur,Las Vegas,Urbana,"(6.183765745, -75.58469035)"
2180221,01/24/2018,4:15 p.m.,Miércoles,Automovil,Particular,Conductor,Masculino,No,Sin Registro,Solo Daños,Choque,Arrancar sin precaucion,Carrera 48 Calle 25 AA Sur,Las Vegas,Urbana,"(6.183765745, -75.58469035)"
2180220,01/24/2018,7:25 p.m.,Miércoles,Campero,Particular,Conductor,Femenino,No,Sin Registro,Solo Daños,Choque,Reverso imprudente,Carrera 27 G Calle 36 D Sur,Vereda El Escobero,Urbana,"(6.166212839, -75.57691411)"
2180220,01/24/2018,7:25 p.m.,Miércoles,Camioneta,Particular,Conductor,Femenino,No,Sin Registro,Solo Daños,Choque,Reverso imprudente,Carrera 27 G Calle 36 D Sur,Vereda El Escobero,Urbana,"(6.166212839, -75.57691411)"
2180204,01/24/2018,8:30 a.m.,Miércoles,Bus,Publico,Conductor,Masculino,No,Sin Registro,Solo Daños,Choque,Impericia en el manejo,Calle 25 AA Sur Carrera 48,Las Vegas,Urbana,"(6.18405129, -75.58478383)"
2180204,01/24/2018,8:30 a.m.,Miércoles,Automovil,Particular,Conductor,Masculino,No,Sin Registro,Solo Daños,Choque,Impericia en el manejo,Calle 25 AA Sur Carrera 48,Las Vegas,Urbana,"(6.18405129, -75.58478383)"
2180230,01/24/2018,7:20 a.m.,Miércoles,Camioneta,Particular,Conductor,Femenino,No,Sin Registro,Solo Daños,Choque,No mantener distancia de seguridad,Calle 37  Sur Carrera 48,Glorieta Exito,Urbana,"(6.17412211, -75.59306111)"
2180230,01/24/2018,7:20 a.m.,Miércoles,Automovil,Diplomatico,Conductor,Femenino,No,Sin Registro,Solo Daños,Choque,No mantener distancia de seguridad,Calle 37  Sur Carrera 48,Glorieta Exito,Urbana,"(6.17412211, -75.59306111)"
2180211,01/24/2018,6:30 p.m.,Miércoles,Campero,Particular,Conductor,Masculino,No,Sin Registro,Solo Daños,Choque,No mantener distancia de seguridad,Carrera 48 Calle 50  Sur,Las Vegas,Urbana,
2180211,01/24/2018,6:30 p.m.,Miércoles,Automovil,Publico,Conductor,Masculino,No,Sin Registro,Solo Daños,Choque,No mantener distancia de seguridad,Carrera 48 Calle 50  Sur,Las Vegas,Urbana,
2180202,01/24/2018,10:30 p.m.,Miércoles,Motocicleta,Particular,Motociclista,Masculino,No,Sin Registro,Solo Daños,Choque,Desobedecer senales,Carrera 48 Calle 30  Sur,Las Vegas,Urbana,"(6.179366643, -75.5880841)"
2180202,01/24/2018,10:30 p.m.,Miércoles,Motocicleta,Particular,Motociclista,Masculino,No,Sin Registro,Solo Daños,Choque,Desobedecer senales,Carrera 48 Calle 30  Sur,Las Vegas,Urbana,"(6.179366643, -75.5880841)"
2180222,01/24/2018,1:40 p.m.,Miércoles,Automovil,Particular,Conductor,Masculino,No,Sin Registro,Solo Daños,Choque,No mantener distancia de seguridad,Carrera 42 Calle 41 A Sur,El Dorado,Urbana,"(6.16564857, -75.59125001)"
2180222,01/24/2018,1:40 p.m.,Miércoles,Automovil,Particular,Conductor,Femenino,No,Sin Registro,Solo Daños,Choque,No mantener distancia de seguridad,Carrera 42 Calle 41 A Sur,El Dorado,Urbana,"(6.16564857, -75.59125001)"
2180199,01/24/2018,6:35 p.m.,Miércoles,Bus,Publico,Conductor,Masculino,No,Sin Registro,Solo Daños,Choque,Adelantar cerrando,Carrera 42 Calle 40 DD,El Dorado,Urbana,"(6.166161402, -75.58977289)"
2180199,01/24/2018,6:35 p.m.,Miércoles,Automovil,Particular,Conductor,Masculino,No,Sin Registro,Solo Daños,Choque,Adelantar cerrando,Carrera 42 Calle 40 DD,El Dorado,Urbana,"(6.166161402, -75.58977289)"
2180210,01/24/2018,3:35 p.m.,Miércoles,Automovil,Particular,Conductor,Femenino,No,Sin Registro,Solo Daños,Choque,Impericia en el manejo,Transversal 33  Sur Diagonal 39,La Magnolia,Urbana,"(6.173709757, -75.58507507)"
2180210,01/24/2018,3:35 p.m.,Miércoles,Automovil,Particular,Conductor,Masculino,No,Sin Registro,Solo Daños,Choque,Impericia en el manejo,Transversal 33  Sur Diagonal 39,La Magnolia,Urbana,"(6.173709757, -75.58507507)"
2180218,01/24/2018,11:50 a.m.,Miércoles,Automovil,Publico,Conductor,Masculino,No,Sin Registro,Solo Daños,Choque,Desobedecer senales,Calle 38  Sur Carrera 32,Mesa,Urbana,"(6.166011939, -75.58158121)"
2180218,01/24/2018,11:50 a.m.,Miércoles,Motocicleta,Particular,Motociclista,Masculino,No,Sin Registro,Solo Daños,Choque,Desobedecer senales,Calle 38  Sur Carrera 32,Mesa,Urbana,"(6.166011939, -75.58158121)"
2180203,01/24/2018,7:50 a.m.,Miércoles,Automovil,Particular,Conductor,Femenino,No,Sin Registro,Herido,Choque,Impericia en el manejo,Carrera 43 A Calle 23  Sur,Avenida El Poblado,Urbana,"(6.182555831, -75.58017793)"
2180203,01/24/2018,7:50 a.m.,Miércoles,Motocicleta,Particular,Motociclista,Femenino,No,Sin Registro,Herido,Choque,Impericia en el manejo,Carrera 43 A Calle 23  Sur,Avenida El Poblado,Urbana,"(6.182555831, -75.58017793)"
2180213,01/24/2018,7:50 a.m.,Miércoles,Camion,Publico,Conductor,Masculino,No,Sin Registro,Herido,Choque,Impericia en el manejo,Carrera 50 Calle 32 B Sur,Las Vegas,Urbana,"(6.178248378, -75.59168828)"
2180213,01/24/2018,7:50 a.m.,Miércoles,Motocicleta,Particular,Motociclista,Masculino,No,Sin Registro,Herido,Choque,Impericia en el manejo,Carrera 50 Calle 32 B Sur,Las Vegas,Urbana,"(6.178248378, -75.59168828)"
2180205,01/24/2018,12:50 a.m.,Miércoles,Automovil,Publico,Conductor,Masculino,No,Sin Registro,Solo Daños,Choque,No respetar pelacion de interseccion o giros,Carrera 27 Calle 23  Sur,Zuñiga,Urbana,"(6.176588834, -75.56744599)"
2180205,01/24/2018,12:50 a.m.,Miércoles,Camioneta,Particular,Conductor,Femenino,No,Sin Registro,Solo Daños,Choque,No respetar pelacion de interseccion o giros,Carrera 27 Calle 23  Sur,Zuñiga,Urbana,"(6.176588834, -75.56744599)"
2180224,01/25/2018,9:00 a.m.,Jueves,Automovil,Particular,Conductor,Masculino,No,Sin Registro,Solo Daños,Choque,No mantener distancia de seguridad,Carrera 50 Calle 43  Sur,Las Vegas,Urbana,
2180224,01/25/2018,9:00 a.m.,Jueves,Motocicleta,Particular,Motociclista,Femenino,No,Sin Registro,Solo Daños,Choque,No mantener distancia de seguridad,Carrera 50 Calle 43  Sur,Las Vegas,Urbana,
2180224,01/25/2018,9:00 a.m.,Jueves,Automovil,Particular,Conductor,Masculino,No,Sin Registro,Solo Daños,Choque,No mantener distancia de seguridad,Carrera 50 Calle 43  Sur,Las Vegas,Urbana,
2180224,01/25/2018,9:00 a.m.,Jueves,Automovil,Particular,Conductor,Masculino,No,Sin Registro,Solo Daños,Choque,No mantener distancia de seguridad,Carrera 50 Calle 43  Sur,Las Vegas,Urbana,
2180224,01/25/2018,9:00 a.m.,Jueves,Automovil,Particular,Conductor,Masculino,No,Sin Registro,Solo Daños,Choque,No mantener distancia de seguridad,Carrera 50 Calle 43  Sur,Las Vegas,Urbana,
2180228,01/25/2018,6:00 p.m.,Jueves,Motocicleta,Particular,Motociclista,Masculino,No,Sin Registro,Solo Daños,Choque,Desobedecer senales,Carrera 38 Calle 37  Sur,Zona Centro,Urbana,"(6.168569665, -75.58426634)"
2180228,01/25/2018,6:00 p.m.,Jueves,Campero,Oficial,Conductor,Masculino,No,Sin Registro,Solo Daños,Choque,Desobedecer senales,Carrera 38 Calle 37  Sur,Zona Centro,Urbana,"(6.168569665, -75.58426634)"