RADICADO,FECHA,HORA,DÍA DE LA SEMANA,CLASE DE VEHICULO,TIPO DE SERVICIO,TIPO DE VICTIMA,SEXO,ESTADO DE BEODEZ,RESULTADO DE BEODEZ,GRAVEDAD,CLASE DE ACCIDENTE,CAUSA,DIRECCIÓN,BARRIO,AREA,Coordenadas
2180226,01/25/2018,5:00 p.m.,Jueves,Camioneta,Particular,Conductor,Femenino,No,Sin Registro,Solo Daños,Choque,No mantener distancia de seguridad,Carrera 29 A Calle 38  Sur,La Magnolia,Urbana,"(6.16496822, -75.58082836)"
2180226,01/25/2018,5:00 p.m.,Jueves,Bicicleta,Sin Registro,Ciclista,Masculino,No,Sin Registro,Solo Daños,Choque,No mantener distancia de seguridad,Carrera 29 A Calle 38  Sur,La Magnolia,Urbana,"(6.16496822, -75.58082836)"
2180225,01/25/2018,3:05 p.m.,Jueves,Bus,Publico,Conductor,Masculino,No,Sin Registro,Solo Daños,Choque,Adelantar cerrando,Carrera 48 Calle 49 B Sur,Las Casitas,Urbana,"(6.162599027, -75.60278747)"
2180225,01/25/2018,3:05 p.m.,Jueves,Campero,Particular,Conductor,Masculino,No,Sin Registro,Solo Daños,Choque,Adelantar cerrando,Carrera 48 Calle 49 B Sur,Las Casitas,Urbana,"(6.162599027, -75.60278747)"
2180216,01/25/2018,5:10 p.m.,Jueves,Camioneta,Publico,Conductor,Masculino,No,Sin Registro,Herido,Choque,No mantener distancia de seguridad,Carrera 50 Calle 39 B Sur,Las Vegas,Urbana,
2180216,01/25/2018,5:10 p.m.,Jueves,Motocicleta,Particular,Motociclista,Masculino,No,Sin Registro,Herido,Choque,No mantener distancia de seguridad,Carrera 50 Calle 39 B Sur,Las Vegas,Urbana,
2180217,01/25/2018,6:10 p.m.,Jueves,Automovil,Particular,Conductor,Femenino,No,Sin Registro,Solo Daños,Choque,Transitar entre vehiculos,Carrera 48 Calle 50  Sur,Las Vegas,Urbana,
2180217,01/25/2018,6:10 p.m.,Jueves,Motocicleta,Particular,Motociclista,Masculino,No,Sin Registro,Solo Daños,Choque,Transitar entre vehiculos,Carrera 48 Calle 50  Sur,Las Vegas,Urbana,
2180215,01/25/2018,3:20 p.m.,Jueves,Camion,Particular,Conductor,Masculino,No,Sin Registro,Solo Daños,Choque,Adelantar cerrando,Calle 38  Sur Carrera 44,Zona Centro,Urbana,"(6.170783841, -75.58925878)"
2180215,01/25/2018,3:20 p.m.,Jueves,Automovil,Particular,Conductor,Masculino,No,Sin Registro,Solo Daños,Choque,Adelantar cerrando,Calle 38  Sur Carrera 44,Zona Centro,Urbana,"(6.170783841, -75.58925878)"
2180214,01/25/2018,1:30 p.m.,Jueves,Automovil,Particular,Conductor,Masculino,No,Sin Registro,Solo Daños,Choque,Impericia en el manejo,Carrera 40 Calle 36,Zona Centro,Urbana,"(6.17006539, -75.58502916)"
2180214,01/25/2018,1:30 p.m.,Jueves,Automovil,Particular,Conductor,Femenino,No,Sin Registro,Solo Daños,Choque,Impericia en el manejo,Carrera 40 Calle 36,Zona Centro,Urbana,"(6.17006539, -75.58502916)"
2180232,01/25/2018,11:28 p.m.,Jueves,Motocicleta,Particular,Motociclista,Masculino,No,Sin Registro,Solo Daños,Choque,Desobedecer senales,Carrera 25 B Calle 27  Sur,El Esmeraldal,Urbana,"(6.170994915, -75.56580118)"
2180232,01/25/2018,11:28 p.m.,Jueves,Automovil,Particular,Conductor,Masculino,No,Sin Registro,Solo Daños,Choque,Desobedecer senales,Carrera 25 B Calle 27  Sur,El Esmeraldal,Urbana,"(6.170994915, -75.56580118)"
2180229,01/25/2018,12:40 a.m.,Jueves,Motocicleta,Particular,Motociclista,Masculino,No,Sin Registro,Solo Daños,Choque,Desobedecer senales,Calle 36  Sur Carrera 39,Zona Centro,Urbana,"(6.169751787, -75.58435113)"
2180229,01/25/2018,12:40 a.m.,Jueves,Automovil,Publico,Conductor,Masculino,No,Sin Registro,Solo Daños,Choque,Desobedecer senales,Calle 36  Sur Carrera 39,Zona Centro,Urbana,"(6.169751787, -75.58435113)"
2180495,02/20/2018,9:10 p.m.,Martes,Campero,Publico,Conductor,Masculino,No,Sin Registro,Solo Daños,Choque,Impericia en el manejo,Tramo 371 Kilometro  4,Vereda El Escobero,Rural,
2180219,01/25/2018,1:45 a.m.,Jueves,Motocicleta,Particular,Motociclista,Masculino,Si,3,Herido,Caida Ocupante,Embriaguez aparente,Calle 31  Sur Carrera 44 A,San Marcos,Urbana,"(6.176897223, -75.58628103)"
2180219,01/25/2018,1:45 a.m.,Jueves,Motocicleta,Particular,Motociclista,Masculino,Si,3,Herido,Caida Ocupante,Impericia en el manejo,Calle 31  Sur Carrera 44 A,San Marcos,Urbana,"(6.176897223, -75.58628103)"
2180227,01/25/2018,5:55 a.m.,Jueves,Automovil,Particular,Conductor,Femenino,No,Sin Registro,Solo Daños,Choque,Girar bruscamente,Carrera 50 Calle 30  Sur,Las Vegas,Urbana,
2180227,01/25/2018,5:55 a.m.,Jueves,Motocicleta,Particular,Motociclista,Masculino,No,Sin Registro,Solo Daños,Choque,Girar bruscamente,Carrera 50 Calle 30  Sur,Las Vegas,Urbana,
2180253,01/26/2018,8:15 a.m.,Viernes,Automovil,Particular,Conductor,Femenino,No,Sin Registro,Herido,Choque,No mantener distancia de seguridad,Tramo 373 Kilometro  14,Vereda Palmas,Rural,
2180253,01/26/2018,8:15 a.m.,Viernes,Motocicleta,Particular,Motociclista,Masculino,No,Sin Registro,Herido,Choque,No mantener distancia de seguridad,Tramo 373 Kilometro  14,Vereda Palmas,Rural,
2180235,01/26/2018,6:20 p.m.,Viernes,Campero,Particular,Conductor,Masculino,No,Sin Registro,Herido,Choque,Adelantar en zona prohibida,Calle 27  Sur Carrera 27,El Esmeraldal,Urbana,"(6.17243521, -75.56787192)"
2180235,01/26/2018,6:20 p.m.,Viernes,Motocicleta,Particular,Motociclista,Masculino,No,Sin Registro,Herido,Choque,Adelantar en zona prohibida,Calle 27  Sur Carrera 27,El Esmeraldal,Urbana,"(6.17243521, -75.56787192)"
2180239,01/26/2018,11:10 a.m.,Viernes,Automovil,Particular,Conductor,Masculino,No,Sin Registro,Herido,Choque,No mantener distancia de seguridad,Calle 37  Sur Carrera 48,Las Vegas,Urbana,"(6.17412211, -75.59306111)"
2180239,01/26/2018,11:10 a.m.,Viernes,Automovil,Particular,Conductor,Sin Registro,No,Sin Registro,Herido,Choque,No mantener distancia de seguridad,Calle 37  Sur Carrera 48,Las Vegas,Urbana,"(6.17412211, -75.59306111)"
2180252,01/26/2018,6:30 a.m.,Viernes,Camion,Publico,Conductor,Masculino,No,Sin Registro,Solo Daños,Choque,No respetar pelacion de interseccion o giros,Calle 37  Sur Carrera 48,Puente Fundadores,Urbana,"(6.17412211, -75.59306111)"
2180252,01/26/2018,6:30 a.m.,Viernes,Automovil,Particular,Conductor,Femenino,No,Sin Registro,Solo Daños,Choque,No respetar prelacion,Calle 37  Sur Carrera 48,Puente Fundadores,Urbana,"(6.17412211, -75.59306111)"
2180252,01/26/2018,6:30 a.m.,Viernes,Automovil,Particular,Conductor,Femenino,No,Sin Registro,Solo Daños,Choque,No respetar pelacion de interseccion o giros,Calle 37  Sur Carrera 48,Puente Fundadores,Urbana,"(6.17412211, -75.59306111)"
2180252,01/26/2018,6:30 a.m.,Viernes,Camion,Publico,Conductor,Masculino,No,Sin Registro,Solo Daños,Choque,No respetar prelacion,Calle 37  Sur Carrera 48,Puente Fundadores,Urbana,"(6.17412211, -75.59306111)"
2180247,01/26/2018,4:30 p.m.,Viernes,Motocicleta,Particular,Motociclista,Masculino,No,Sin Registro,Solo Daños,Choque,Adelantar por la derecha,Calle 30  Sur Carrera 46 A,Jardines,Urbana,"(6.179166125, -75.58749587)"
2180247,01/26/2018,4:30 p.m.,Viernes,Automovil,Particular,Conductor,Femenino,No,Sin Registro,Solo Daños,Choque,Adelantar por la derecha,Calle 30  Sur Carrera 46 A,Jardines,Urbana,"(6.179166125, -75.58749587)"
2180231,01/26/2018,11:40 a.m.,Viernes,Camioneta,Particular,Conductor,Masculino,No,Sin Registro,Solo Daños,Choque,No mantener distancia de seguridad,Carrera 48 Calle 26  Sur,Las Vegas,Urbana,"(6.183318111, -75.58553718)"
2180231,01/26/2018,11:40 a.m.,Viernes,Automovil,Publico,Conductor,Masculino,No,Sin Registro,Solo Daños,Choque,No mantener distancia de seguridad,Carrera 48 Calle 26  Sur,Las Vegas,Urbana,"(6.183318111, -75.58553718)"
2180242,01/26/2018,9:35 a.m.,Viernes,Automovil,Particular,Conductor,Masculino,No,Sin Registro,Solo Daños,Choque,No mantener distancia de seguridad,Tramo 372 Kilometro  14,Vereda Palmas,Rural,
2180242,01/26/2018,9:35 a.m.,Viernes,Camioneta,Particular,Conductor,Masculino,No,Sin Registro,Solo Daños,Choque,No mantener distancia de seguridad,Tramo 372 Kilometro  14,Vereda Palmas,Rural,
2180245,01/26/2018,8:30 p.m.,Viernes,Automovil,Publico,Conductor,Masculino,No,Sin Registro,Solo Daños,Choque,No mantener distancia de seguridad,Carrera 43 A Calle 23  Sur,Zuñiga,Urbana,"(6.182555831, -75.58017793)"
2180242,01/26/2018,9:35 a.m.,Viernes,Campero,Particular,Conductor,Masculino,No,Sin Registro,Solo Daños,Choque,No mantener distancia de seguridad,Tramo 372 Kilometro  14,Vereda Palmas,Rural,
2180245,01/26/2018,8:30 p.m.,Viernes,Camioneta,Particular,Conductor,Femenino,No,Sin Registro,Solo Daños,Choque,No mantener distancia de seguridad,Carrera 43 A Calle 23  Sur,Zuñiga,Urbana,"(6.182555831, -75.58017793)"
2180248,01/26/2018,7:45 p.m.,Viernes,Automovil,Particular,Conductor,Masculino,No,Sin Registro,Solo Daños,Choque,Reverso imprudente,Carrera 48 Calle 32 B Sur,Las Vegas,Urbana,"(6.176994311, -75.58984119)"
2180248,01/26/2018,7:45 p.m.,Viernes,Camioneta,Particular,Conductor,Femenino,No,Sin Registro,Solo Daños,Choque,Reverso imprudente,Carrera 48 Calle 32 B Sur,Las Vegas,Urbana,"(6.176994311, -75.58984119)"
2180246,01/26/2018,6:50 a.m.,Viernes,Motocicleta,Particular,Motociclista,Masculino,No,Sin Registro,Herido,Choque,No respetar prelacion,Carrera 25 Calle 39  Sur,El Salado,Urbana,"(6.153814535, -75.57582574)"
2180246,01/26/2018,6:50 a.m.,Viernes,Bus,Publico,Conductor,Femenino,No,Sin Registro,Herido,Choque,No respetar prelacion,Carrera 25 Calle 39  Sur,El Salado,Urbana,"(6.153814535, -75.57582574)"
2180250,01/26/2018,11:55 a.m.,Viernes,Bicicleta,Sin Registro,Ciclista,Femenino,No,Sin Registro,Herido,Choque,Adelantar cerrando,Calle 26 B Sur Carrera 42 B,Las Orquideas,Urbana,"(6.176911315, -75.58005899)"
2180250,01/26/2018,11:55 a.m.,Viernes,Camioneta,Publico,Conductor,Sin Registro,No,Sin Registro,Herido,Choque,Girar bruscamente,Calle 26 B Sur Carrera 42 B,Las Orquideas,Urbana,"(6.176911315, -75.58005899)"
2180250,01/26/2018,11:55 a.m.,Viernes,Camioneta,Publico,Conductor,Sin Registro,No,Sin Registro,Herido,Choque,Adelantar cerrando,Calle 26 B Sur Carrera 42 B,Las Orquideas,Urbana,"(6.176911315, -75.58005899)"
2180250,01/26/2018,11:55 a.m.,Viernes,Bicicleta,Sin Registro,Ciclista,Femenino,No,Sin Registro,Herido,Choque,Girar bruscamente,Calle 26 B Sur Carrera 42 B,Las Orquideas,Urbana,"(6.176911315, -75.58005899)"
2180234,01/27/2018,12:00 a.m.,Sábado,Bus,Publico,Conductor,Masculino,No,Sin Registro,Solo Daños,Choque,Desobedecer senales,Carrera 42 Calle 33 B Sur,Zona Centro,Urbana,"(6.172431982, -75.58552861)"
2180234,01/27/2018,12:00 a.m.,Sábado,Automovil,Particular,Conductor,Femenino,No,Sin Registro,Solo Daños,Choque,Desobedecer senales,Carrera 42 Calle 33 B Sur,Zona Centro,Urbana,"(6.172431982, -75.58552861)"
2180243,01/27/2018,1:00 p.m.,Sábado,Motocicleta,Particular,Motociclista,Sin Registro,No,Sin Registro,Herido,Atropello,Exceso de velocidad,Calle 37  Sur Carrera 39,Zona Centro,Urbana,"(6.169035546, -75.58484755)"
2180241,01/27/2018,11:20 p.m.,Sábado,Camioneta,Particular,Conductor,Masculino,No,Sin Registro,Herido,Choque,No mantener distancia de seguridad,Tramo 373 Kilometro  11,Vereda Palmas,Rural,
2180241,01/27/2018,11:20 p.m.,Sábado,Motocicleta,Particular,Motociclista,Masculino,No,Sin Registro,Herido,Choque,No mantener distancia de seguridad,Tramo 373 Kilometro  11,Vereda Palmas,Rural,
2180237,01/27/2018,12:25 a.m.,Sábado,Automovil,Particular,Conductor,Femenino,No,Sin Registro,Solo Daños,Choque,No mantener distancia de seguridad,Diagonal 31 Transversal 34  Sur,La Magnolia,Urbana,"(6.172689669, -75.57882729)"
2180237,01/27/2018,12:25 a.m.,Sábado,Camion,Publico,Conductor,Masculino,No,Sin Registro,Solo Daños,Choque,No mantener distancia de seguridad,Diagonal 31 Transversal 34  Sur,La Magnolia,Urbana,"(6.172689669, -75.57882729)"
2180244,01/27/2018,9:35 a.m.,Sábado,Camion,Publico,Conductor,Masculino,No,Sin Registro,Solo Daños,Choque,Girar bruscamente,Carrera 48 Calle 49  Sur,Las Vegas,Urbana,"(6.162978079, -75.60240161)"
2180244,01/27/2018,9:35 a.m.,Sábado,Campero,Particular,Conductor,Masculino,No,Sin Registro,Solo Daños,Choque,Girar bruscamente,Carrera 48 Calle 49  Sur,Las Vegas,Urbana,"(6.162978079, -75.60240161)"
2180254,01/27/2018,9:40 a.m.,Sábado,Automovil,Particular,Conductor,Masculino,No,Sin Registro,Solo Daños,Choque,No mantener distancia de seguridad,Carrera 43 A Calle 48 C Sur,Loma Del Barro,Urbana,"(6.162218777, -75.59764446)"
2180254,01/27/2018,9:40 a.m.,Sábado,Bus,Publico,Conductor,Masculino,No,Sin Registro,Solo Daños,Choque,No mantener distancia de seguridad,Carrera 43 A Calle 48 C Sur,Loma Del Barro,Urbana,"(6.162218777, -75.59764446)"
2180238,01/27/2018,12:50 a.m.,Sábado,Motocicleta,Particular,Motociclista,Masculino,No,Sin Registro,Herido,Choque,Desobedecer senales,Calle 38  Sur Carrera 32,Mesa,Urbana,"(6.166011939, -75.58158121)"
2180238,01/27/2018,12:50 a.m.,Sábado,Motocicleta,Particular,Motociclista,Masculino,No,Sin Registro,Herido,Choque,Desobedecer senales,Calle 38  Sur Carrera 32,Mesa,Urbana,"(6.166011939, -75.58158121)"
2180258,01/28/2018,7:00 p.m.,Domingo,Camioneta,Particular,Conductor,Femenino,No,Sin Registro,Solo Daños,Choque,Frenar bruscamente,Tramo 372 Kilometro  16,Vereda Palmas,Rural,
2180258,01/28/2018,7:00 p.m.,Domingo,Automovil,Particular,Conductor,Masculino,No,Sin Registro,Solo Daños,Choque,Frenar bruscamente,Tramo 372 Kilometro  16,Vereda Palmas,Rural,
2180236,01/28/2018,3:00 p.m.,Domingo,Motocicleta,Particular,Motociclista,Masculino,No,Sin Registro,Herido,Otro,Superficie lisa,Transversal 27 A Sur Diagonal 42 B,La Magnolia,Urbana,"(6.158218327, -75.58174111)"
2180278,01/28/2018,7:40 p.m.,Domingo,Motocicleta,Particular,Motociclista,Masculino,No,Sin Registro,Herido,Choque,Girar bruscamente,Tramo 372 Kilometro  17,Vereda Palmas,Rural,
2180278,01/28/2018,7:40 p.m.,Domingo,Automovil,Particular,Conductor,Masculino,No,Sin Registro,Herido,Choque,Girar bruscamente,Tramo 372 Kilometro  17,Vereda Palmas,Rural,
2180233,01/28/2018,3:20 a.m.,Domingo,Motocicleta,Particular,Motociclista,Masculino,No,Sin Registro,Solo Daños,Choque,Desobedecer senales,Diagonal 31 Transversal 34 D Sur,Los Naranjos,Urbana,"(6.17201459, -75.57921611)"
2180233,01/28/2018,3:20 a.m.,Domingo,Automovil,Publico,Conductor,Masculino,No,Sin Registro,Solo Daños,Choque,Desobedecer senales,Diagonal 31 Transversal 34 D Sur,Los Naranjos,Urbana,"(6.17201459, -75.57921611)"
2180240,01/28/2018,9:50 a.m.,Domingo,Buseta,Particular,Conductor,Masculino,No,Sin Registro,Solo Daños,Choque,Girar bruscamente,Carrera 50 Calle 32 B Sur,Las Vegas,Urbana,"(6.178248378, -75.59168828)"
2180240,01/28/2018,9:50 a.m.,Domingo,Automovil,Particular,Conductor,Masculino,No,Sin Registro,Solo Daños,Choque,Girar bruscamente,Carrera 50 Calle 32 B Sur,Las Vegas,Urbana,"(6.178248378, -75.59168828)"
2180305,01/28/2018,12:50 a.m.,Domingo,Automovil,Particular,Conductor,Femenino,No,Sin Registro,Solo Daños,Choque,No mantener distancia de seguridad,Carrera 27 Calle 22  Sur,La Inmaculada,Urbana,
2180305,01/28/2018,12:50 a.m.,Domingo,Automovil,Particular,Conductor,Femenino,No,Sin Registro,Solo Daños,Choque,No mantener distancia de seguridad,Carrera 27 Calle 22  Sur,La Inmaculada,Urbana,
2180262,01/29/2018,8:00 p.m.,Lunes,Camion,Oficial,Conductor,Masculino,No,Sin Registro,Herido,Caida Ocupante,Descender o subir del vehiculo en marcha,Calle 46  Sur Carrera 44,Primavera,Urbana,"(6.164371719, -75.59631716)"
2180256,01/29/2018,4:00 p.m.,Lunes,Automovil,Publico,Conductor,Masculino,No,Sin Registro,Solo Daños,Choque,Girar bruscamente,Carrera 50 Calle 30  Sur,Las Vegas,Urbana,
2180256,01/29/2018,4:00 p.m.,Lunes,Motocicleta,Particular,Motociclista,Masculino,No,Sin Registro,Solo Daños,Choque,Girar bruscamente,Carrera 50 Calle 30  Sur,Las Vegas,Urbana,
2180268,01/29/2018,9:00 p.m.,Lunes,Camioneta,Particular,Conductor,Masculino,No,Sin Registro,Solo Daños,Choque,Impericia en el manejo,Carrera 24 A Calle 39  Sur,El Vallano,Urbana,
2180260,01/29/2018,7:20 p.m.,Lunes,Motocicleta,Particular,Motociclista,Masculino,No,Sin Registro,Solo Daños,Choque,Reverso imprudente,Transversal 32 A Sur Diagonal 31 D,La Magnolia,Urbana,"(6.176205136, -75.58100596)"
2180260,01/29/2018,7:20 p.m.,Lunes,Automovil,Diplomatico,Conductor,Masculino,No,Sin Registro,Solo Daños,Choque,Reverso imprudente,Transversal 32 A Sur Diagonal 31 D,La Magnolia,Urbana,"(6.176205136, -75.58100596)"
2180288,01/29/2018,9:20 a.m.,Lunes,Camioneta,Particular,Conductor,Masculino,No,Sin Registro,Herido,Choque,No respetar prelacion,Tramo 372 Kilometro  16,Vereda Palmas,Rural,
2180288,01/29/2018,9:20 a.m.,Lunes,Bicicleta,Sin Registro,Ciclista,Masculino,No,Sin Registro,Herido,Choque,No respetar prelacion,Tramo 372 Kilometro  16,Vereda Palmas,Rural,
2180259,01/29/2018,10:30 a.m.,Lunes,Automovil,Particular,Conductor,Masculino,No,Sin Registro,Solo Daños,Choque,No mantener distancia de seguridad,Calle 25  Sur Carrera 43 A,Las Orquideas,Urbana,"(6.181560189, -75.58201649)"
2180257,01/29/2018,3:30 p.m.,Lunes,Motocicleta,Particular,Motociclista,Masculino,No,Sin Registro,Solo Daños,Choque,No mantener distancia de seguridad,Carrera 43 A Calle 40  Sur,Alcala,Urbana,"(6.168044687, -75.59026877)"
2180259,01/29/2018,10:30 a.m.,Lunes,Automovil,Particular,Conductor,Masculino,No,Sin Registro,Solo Daños,Choque,No mantener distancia de seguridad,Calle 25  Sur Carrera 43 A,Las Orquideas,Urbana,"(6.181560189, -75.58201649)"
2180259,01/29/2018,10:30 a.m.,Lunes,Camioneta,Particular,Conductor,Masculino,No,Sin Registro,Solo Daños,Choque,No mantener distancia de seguridad,Calle 25  Sur Carrera 43 A,Las Orquideas,Urbana,"(6.181560189, -75.58201649)"
2180257,01/29/2018,3:30 p.m.,Lunes,Motocicleta,Particular,Motociclista,Masculino,No,Sin Registro,Solo Daños,Choque,No mantener distancia de seguridad,Carrera 43 A Calle 40  Sur,Alcala,Urbana,"(6.168044687, -75.59026877)"
2180249,01/29/2018,4:35 p.m.,Lunes,Automovil,Particular,Conductor,Femenino,No,Sin Registro,Solo Daños,Choque,No mantener distancia de seguridad,Calle 25  Sur Carrera 43,Las Orquideas,Urbana,"(6.181560189, -75.58201649)"
2180249,01/29/2018,4:35 p.m.,Lunes,Automovil,Particular,Conductor,Masculino,No,Sin Registro,Solo Daños,Choque,No mantener distancia de seguridad,Calle 25  Sur Carrera 43,Las Orquideas,Urbana,"(6.181560189, -75.58201649)"
2180251,01/29/2018,6:40 a.m.,Lunes,Bus,Publico,Conductor,Masculino,No,Sin Registro,Herido,Choque,Desobedecer senales,Carrera 43 A Calle 40  Sur,Alcala,Urbana,"(6.168044687, -75.59026877)"
2180251,01/29/2018,6:40 a.m.,Lunes,Bicicleta,Sin Registro,Ciclista,Masculino,No,Sin Registro,Herido,Choque,Transitar entre vehiculos,Carrera 43 A Calle 40  Sur,Alcala,Urbana,"(6.168044687, -75.59026877)"
2180251,01/29/2018,6:40 a.m.,Lunes,Bicicleta,Sin Registro,Ciclista,Masculino,No,Sin Registro,Herido,Choque,Desobedecer senales,Carrera 43 A Calle 40  Sur,Alcala,Urbana,"(6.168044687, -75.59026877)"
2180251,01/29/2018,6:40 a.m.,Lunes,Bus,Publico,Conductor,Masculino,No,Sin Registro,Herido,Choque,Transitar entre vehiculos,Carrera 43 A Calle 40  Sur,Alcala,Urbana,"(6.168044687, -75.59026877)"
2180255,01/29/2018,5:45 p.m.,Lunes,Motocicleta,Particular,Motociclista,Masculino,No,Sin Registro,Herido,Choque,Girar bruscamente,Calle 36 D Sur Carrera 27 A,Vereda El Escobero,Urbana,"(6.164831751, -75.57423497)"
2180255,01/29/2018,5:45 p.m.,Lunes,Campero,Particular,Conductor,Masculino,No,Sin Registro,Herido,Choque,Adelantar cerrando,Calle 36 D Sur Carrera 27 A,Vereda El Escobero,Urbana,"(6.164831751, -75.57423497)"
2180255,01/29/2018,5:45 p.m.,Lunes,Campero,Particular,Conductor,Masculino,No,Sin Registro,Herido,Choque,Girar bruscamente,Calle 36 D Sur Carrera 27 A,Vereda El Escobero,Urbana,"(6.164831751, -75.57423497)"
2180255,01/29/2018,5:45 p.m.,Lunes,Motocicleta,Particular,Motociclista,Masculino,No,Sin Registro,Herido,Choque,Adelantar cerrando,Calle 36 D Sur Carrera 27 A,Vereda El Escobero,Urbana,"(6.164831751, -75.57423497)"
2180266,01/30/2018,4:00 p.m.,Martes,Motocicleta,Particular,Motociclista,Masculino,No,Sin Registro,Herido,Choque,No mantener distancia de seguridad,Diagonal 31 Transversal 32 A Sur,La Magnolia,Urbana,"(6.174681134, -75.57847104)"
2180266,01/30/2018,4:00 p.m.,Martes,Camioneta,Particular,Conductor,Femenino,No,Sin Registro,Herido,Choque,Exceso de velocidad,Diagonal 31 Transversal 32 A Sur,La Magnolia,Urbana,"(6.174681134, -75.57847104)"
2180266,01/30/2018,4:00 p.m.,Martes,Camioneta,Particular,Conductor,Femenino,No,Sin Registro,Herido,Choque,No mantener distancia de seguridad,Diagonal 31 Transversal 32 A Sur,La Magnolia,Urbana,"(6.174681134, -75.57847104)"
2180266,01/30/2018,4:00 p.m.,Martes,Motocicleta,Particular,Motociclista,Masculino,No,Sin Registro,Herido,Choque,Exceso de velocidad,Diagonal 31 Transversal 32 A Sur,La Magnolia,Urbana,"(6.174681134, -75.57847104)"
2180279,01/30/2018,12:05 a.m.,Martes,Automovil,Particular,Conductor,Sin Registro,No,Sin Registro,Solo Daños,Choque,No respetar pelacion de interseccion o giros,Carrera 27 Calle 36  Sur,La Inmaculada,Urbana,"(6.167009975, -75.56927808)"
2180279,01/30/2018,12:05 a.m.,Martes,Automovil,Publico,Conductor,Masculino,No,Sin Registro,Solo Daños,Choque,No respetar pelacion de interseccion o giros,Carrera 27 Calle 36  Sur,La Inmaculada,Urbana,"(6.167009975, -75.56927808)"
2180277,01/30/2018,5:25 a.m.,Martes,Buseta,Publico,Conductor,Masculino,No,Sin Registro,Solo Daños,Choque,Impericia en el manejo,Calle 48  Sur Carrera 39,El Trianon,Urbana,"(6.157034839, -75.59345285)"
2180277,01/30/2018,5:25 a.m.,Martes,Automovil,Particular,Conductor,Masculino,No,Sin Registro,Solo Daños,Choque,Impericia en el manejo,Calle 48  Sur Carrera 39,El Trianon,Urbana,"(6.157034839, -75.59345285)"
2180270,01/30/2018,5:13 p.m.,Martes,Motocicleta,Particular,Motociclista,Femenino,No,Sin Registro,Herido,Choque,Desobedecer senales,Calle 40  Sur Carrera 29,San Jose,Urbana,"(6.159832302, -75.5825953)"
2180270,01/30/2018,5:13 p.m.,Martes,Camioneta,Particular,Conductor,Masculino,No,Sin Registro,Herido,Choque,Desobedecer senales,Calle 40  Sur Carrera 29,San Jose,Urbana,"(6.159832302, -75.5825953)"
2180269,01/30/2018,3:20 p.m.,Martes,Automovil,Publico,Conductor,Masculino,No,Sin Registro,Solo Daños,Choque,No mantener distancia de seguridad,Carrera 43 A Calle 37  Sur,Zona Centro,Urbana,"(6.171024704, -75.5881647)"
2180269,01/30/2018,3:20 p.m.,Martes,Motocicleta,Particular,Motociclista,Femenino,No,Sin Registro,Solo Daños,Choque,No mantener distancia de seguridad,Carrera 43 A Calle 37  Sur,Zona Centro,Urbana,"(6.171024704, -75.5881647)"
2180267,01/30/2018,2:20 p.m.,Martes,Automovil,Particular,Conductor,Femenino,No,Sin Registro,Solo Daños,Choque,Exceso de velocidad,Calle 21  Sur Carrera 41,Zuñiga,Urbana,"(6.182165945, -75.57677668)"
2180267,01/30/2018,2:20 p.m.,Martes,Automovil,Particular,Conductor,Femenino,No,Sin Registro,Solo Daños,Choque,Impericia en el manejo,Calle 21  Sur Carrera 41,Zuñiga,Urbana,"(6.182165945, -75.57677668)"
2180261,01/30/2018,7:30 p.m.,Martes,Automovil,Particular,Conductor,Masculino,No,Sin Registro,Herido,Choque,No respetar prelacion,Carrera 43 A Calle 45 B Sur,La Paz,Urbana,"(6.164786739, -75.59493527)"
2180261,01/30/2018,7:30 p.m.,Martes,Bicicleta,Sin Registro,Ciclista,Femenino,No,Sin Registro,Herido,Choque,No respetar prelacion,Carrera 43 A Calle 45 B Sur,La Paz,Urbana,"(6.164786739, -75.59493527)"
2180283,01/30/2018,7:30 p.m.,Martes,Automovil,Particular,Conductor,Femenino,No,Sin Registro,Solo Daños,Choque,Impericia en el manejo,Calle 27 D Sur Carrera 27 B,La Inmaculada,Urbana,"(6.169224506, -75.57173816)"
2180283,01/30/2018,7:30 p.m.,Martes,Automovil,Particular,Conductor,Femenino,No,Sin Registro,Solo Daños,Choque,Impericia en el manejo,Calle 27 D Sur Carrera 27 B,La Inmaculada,Urbana,"(6.169224506, -75.57173816)"
2180264,01/30/2018,7:30 a.m.,Martes,Automovil,Particular,Conductor,Femenino,No,Sin Registro,Solo Daños,Choque,No mantener distancia de seguridad,Calle 37  Sur Carrera 32,Alcala,Urbana,"(6.166691719, -75.58118599)"
2180264,01/30/2018,7:30 a.m.,Martes,Motocicleta,Particular,Motociclista,Masculino,No,Sin Registro,Solo Daños,Choque,No mantener distancia de seguridad,Calle 37  Sur Carrera 32,Alcala,Urbana,"(6.166691719, -75.58118599)"
2180275,01/30/2018,2:50 p.m.,Martes,Camioneta,Particular,Conductor,Masculino,No,Sin Registro,Solo Daños,Choque,Reverso imprudente,Carrera 45 Calle 39  Sur,Alcala,Urbana,"(6.169521683, -75.59098806)"