RADICADO,FECHA,HORA,DÍA DE LA SEMANA,CLASE DE VEHICULO,TIPO DE SERVICIO,TIPO DE VICTIMA,SEXO,ESTADO DE BEODEZ,RESULTADO DE BEODEZ,GRAVEDAD,CLASE DE ACCIDENTE,CAUSA,DIRECCIÓN,BARRIO,AREA,Coordenadas
2180275,01/30/2018,2:50 p.m.,Martes,Camioneta,Particular,Conductor,Masculino,No,Sin Registro,Solo Daños,Choque,Reverso imprudente,Carrera 45 Calle 39  Sur,Alcala,Urbana,"(6.169521683, -75.59098806)"
2180263,01/30/2018,8:50 p.m.,Martes,Campero,Particular,Conductor,Femenino,No,Sin Registro,Solo Daños,Choque,Impericia en el manejo,Calle 50 B Sur Carrera 42,Avenida El Poblado,Urbana,"(6.1598422, -75.60285087)"
2180280,01/30/2018,5:45 p.m.,Martes,Automovil,Particular,Conductor,Femenino,No,Sin Registro,Solo Daños,Choque,Impericia en el manejo,Calle 37  Sur Carrera 50,Las Vegas,Urbana,
2180280,01/30/2018,5:45 p.m.,Martes,Camioneta,Particular,Conductor,Femenino,No,Sin Registro,Solo Daños,Choque,No mantener distancia de seguridad,Calle 37  Sur Carrera 50,Las Vegas,Urbana,
2180280,01/30/2018,5:45 p.m.,Martes,Camioneta,Particular,Conductor,Femenino,No,Sin Registro,Solo Daños,Choque,Impericia en el manejo,Calle 37  Sur Carrera 50,Las Vegas,Urbana,
2180280,01/30/2018,5:45 p.m.,Martes,Motocicleta,Particular,Motociclista,Masculino,No,Sin Registro,Solo Daños,Choque,No mantener distancia de seguridad,Calle 37  Sur Carrera 50,Las Vegas,Urbana,
2180263,01/30/2018,8:50 p.m.,Martes,Automovil,Particular,Conductor,Femenino,No,Sin Registro,Solo Daños,Choque,Impericia en el manejo,Calle 50 B Sur Carrera 42,Avenida El Poblado,Urbana,"(6.1598422, -75.60285087)"
2180280,01/30/2018,5:45 p.m.,Martes,Motocicleta,Particular,Motociclista,Masculino,No,Sin Registro,Solo Daños,Choque,Impericia en el manejo,Calle 37  Sur Carrera 50,Las Vegas,Urbana,
2180280,01/30/2018,5:45 p.m.,Martes,Automovil,Particular,Conductor,Femenino,No,Sin Registro,Solo Daños,Choque,No mantener distancia de seguridad,Calle 37  Sur Carrera 50,Las Vegas,Urbana,
2180265,01/30/2018,8:50 a.m.,Martes,Automovil,Particular,Conductor,Femenino,No,Sin Registro,Solo Daños,Choque,No mantener distancia de seguridad,Carrera 43 A Calle 38  Sur,Zona Centro,Urbana,"(6.170421178, -75.58859877)"
2180265,01/30/2018,8:50 a.m.,Martes,Camioneta,Particular,Conductor,Masculino,No,Sin Registro,Solo Daños,Choque,No mantener distancia de seguridad,Carrera 43 A Calle 38  Sur,Zona Centro,Urbana,"(6.170421178, -75.58859877)"
2180274,01/30/2018,12:50 a.m.,Martes,Automovil,Particular,Conductor,Masculino,No,Sin Registro,Solo Daños,Choque,Adelantar invadiendo carril de sentido contrario,Carrera 45 Calle 38 B Sur,Alcala,Urbana,"(6.170487745, -75.59033774)"
2180274,01/30/2018,12:50 a.m.,Martes,Bus,Publico,Conductor,Masculino,No,Sin Registro,Solo Daños,Choque,Adelantar invadiendo carril de sentido contrario,Carrera 45 Calle 38 B Sur,Alcala,Urbana,"(6.170487745, -75.59033774)"
2180282,01/30/2018,4:55 p.m.,Martes,Campero,Particular,Conductor,Femenino,No,Sin Registro,Solo Daños,Choque,No mantener distancia de seguridad,Tramo 372 Kilometro  12,Vereda Palmas,Rural,
2180282,01/30/2018,4:55 p.m.,Martes,Motocicleta,Particular,Motociclista,Masculino,No,Sin Registro,Solo Daños,Choque,No mantener distancia de seguridad,Tramo 372 Kilometro  12,Vereda Palmas,Rural,
2180272,01/31/2018,8:00 a.m.,Miércoles,Bicicleta,Sin Registro,Ciclista,Masculino,No,Sin Registro,Herido,Choque,Desobedecer senales,Calle 39  Sur Carrera 33,Mesa,Urbana,"(6.164989355, -75.58296685)"
2180272,01/31/2018,8:00 a.m.,Miércoles,Motocicleta,Particular,Motociclista,Sin Registro,No,Sin Registro,Herido,Choque,Exceso de velocidad,Calle 39  Sur Carrera 33,Mesa,Urbana,"(6.164989355, -75.58296685)"
2180272,01/31/2018,8:00 a.m.,Miércoles,Motocicleta,Particular,Motociclista,Sin Registro,No,Sin Registro,Herido,Choque,Desobedecer senales,Calle 39  Sur Carrera 33,Mesa,Urbana,"(6.164989355, -75.58296685)"
2180272,01/31/2018,8:00 a.m.,Miércoles,Bicicleta,Sin Registro,Ciclista,Masculino,No,Sin Registro,Herido,Choque,Exceso de velocidad,Calle 39  Sur Carrera 33,Mesa,Urbana,"(6.164989355, -75.58296685)"
2180293,01/31/2018,9:00 p.m.,Miércoles,Bus,Publico,Conductor,Masculino,No,Sin Registro,Herido,Choque,Impericia en el manejo,Transversal 32 A Sur Diagonal 31 E,La Magnolia,Urbana,"(6.176205136, -75.58100596)"
2180293,01/31/2018,9:00 p.m.,Miércoles,Motocicleta,Particular,Motociclista,Masculino,No,Sin Registro,Herido,Choque,Impericia en el manejo,Transversal 32 A Sur Diagonal 31 E,La Magnolia,Urbana,"(6.176205136, -75.58100596)"
2180293,01/31/2018,9:00 p.m.,Miércoles,Automovil,Particular,Conductor,Sin Registro,No,Sin Registro,Herido,Choque,Impericia en el manejo,Transversal 32 A Sur Diagonal 31 E,La Magnolia,Urbana,"(6.176205136, -75.58100596)"
2180271,01/31/2018,5:00 p.m.,Miércoles,Motocicleta,Particular,Motociclista,Masculino,No,Sin Registro,Muerto,Choque,Impericia en el manejo,Carrera 50 Calle 46 A Sur,Las Vegas,Urbana,"(6.16131219, -75.60319818)"
2180271,01/31/2018,5:00 p.m.,Miércoles,Camion,Publico,Conductor,Masculino,No,Sin Registro,Muerto,Choque,Impericia en el manejo,Carrera 50 Calle 46 A Sur,Las Vegas,Urbana,"(6.16131219, -75.60319818)"
2180291,01/31/2018,8:15 a.m.,Miércoles,Camion,Oficial,Conductor,Masculino,No,Sin Registro,Solo Daños,Choque,Transporte de carga sin seguridad,Calle 45 A Suroeste Carrera 39 B,Las Antillas,Urbana,
2180291,01/31/2018,8:15 a.m.,Miércoles,Automovil,Particular,Conductor,Femenino,No,Sin Registro,Solo Daños,Choque,Transporte de carga sin seguridad,Calle 45 A Suroeste Carrera 39 B,Las Antillas,Urbana,
2180290,01/31/2018,3:20 p.m.,Miércoles,Bus,Publico,Conductor,Masculino,No,Sin Registro,Solo Daños,Choque,Adelantar cerrando,Calle 38  Sur Carrera 40,Zona Centro,Urbana,"(6.16879573, -75.58588978)"
2180290,01/31/2018,3:20 p.m.,Miércoles,Automovil,Particular,Conductor,Femenino,No,Sin Registro,Solo Daños,Choque,Adelantar cerrando,Calle 38  Sur Carrera 40,Zona Centro,Urbana,"(6.16879573, -75.58588978)"
2180276,01/31/2018,1:20 p.m.,Miércoles,Camioneta,Publico,Conductor,Masculino,No,Sin Registro,Herido,Choque,No respetar pelacion de interseccion o giros,Calle 43  Sur Carrera 48,Las Vegas,Urbana,"(6.168592602, -75.597529)"
2180276,01/31/2018,1:20 p.m.,Miércoles,Motocicleta,Oficial,Motociclista,Masculino,No,Sin Registro,Herido,Choque,No respetar pelacion de interseccion o giros,Calle 43  Sur Carrera 48,Las Vegas,Urbana,"(6.168592602, -75.597529)"
2180574,02/27/2018,8:40 a.m.,Martes,Bus,Publico,Conductor,Masculino,No,Sin Registro,Solo Daños,Choque,Reverso imprudente,Carrera 49 Calle 37  Sur,Las Vegas,Urbana,
2180287,01/31/2018,10:20 a.m.,Miércoles,Motocicleta,Particular,Motociclista,Masculino,No,Sin Registro,Herido,Choque,No respetar prelacion,Calle 39  Sur Carrera 24,El Salado,Urbana,"(6.149132824, -75.57593299)"
2180287,01/31/2018,10:20 a.m.,Miércoles,Automovil,Particular,Conductor,Masculino,No,Sin Registro,Herido,Choque,No respetar prelacion,Calle 39  Sur Carrera 24,El Salado,Urbana,"(6.149132824, -75.57593299)"
2180273,01/31/2018,7:20 a.m.,Miércoles,Automovil,Publico,Conductor,Masculino,No,Sin Registro,Solo Daños,Choque,No mantener distancia de seguridad,Carrera 48 Calle 38  Sur,Las Vegas,Urbana,"(6.172747818, -75.59269817)"
2180273,01/31/2018,7:20 a.m.,Miércoles,Motocicleta,Particular,Motociclista,Masculino,No,Sin Registro,Solo Daños,Choque,No mantener distancia de seguridad,Carrera 48 Calle 38  Sur,Las Vegas,Urbana,"(6.172747818, -75.59269817)"
2180292,01/31/2018,1:30 p.m.,Miércoles,Camioneta,Particular,Conductor,Masculino,No,Sin Registro,Herido,Choque,No respetar prelacion,Tramo 373 Kilometro  12,Vereda Palmas,Rural,
2180292,01/31/2018,1:30 p.m.,Miércoles,Campero,Particular,Conductor,Femenino,No,Sin Registro,Herido,Choque,No respetar prelacion,Tramo 373 Kilometro  12,Vereda Palmas,Rural,
2180284,01/31/2018,9:30 p.m.,Miércoles,Automovil,Particular,Conductor,Masculino,No,Sin Registro,Solo Daños,Choque,Reverso imprudente,Carrera 43 Calle 33  Sur,San Marcos,Urbana,"(6.173540656, -75.58568337)"
2180537,02/26/2018,9:40 a.m.,Lunes,Automovil,Particular,Conductor,Femenino,No,Sin Registro,Solo Daños,Choque,No mantener distancia de seguridad,Carrera 50 Calle 37  Sur,Las Vegas,Urbana,
2180284,01/31/2018,9:30 p.m.,Miércoles,Camioneta,Particular,Conductor,Masculino,No,Sin Registro,Solo Daños,Choque,Reverso imprudente,Carrera 43 Calle 33  Sur,San Marcos,Urbana,"(6.173540656, -75.58568337)"
2180281,01/31/2018,2:35 p.m.,Miércoles,Automovil,Particular,Conductor,Femenino,No,Sin Registro,Solo Daños,Choque,No mantener distancia de seguridad,Calle 36 D Sur Carrera 29 A,Vereda El Escobero,Urbana,"(6.158809572, -75.56663754)"
2180281,01/31/2018,2:35 p.m.,Miércoles,Automovil,Publico,Conductor,Masculino,No,Sin Registro,Solo Daños,Choque,No mantener distancia de seguridad,Calle 36 D Sur Carrera 29 A,Vereda El Escobero,Urbana,"(6.158809572, -75.56663754)"
2180309,01/31/2018,3:50 p.m.,Miércoles,Camioneta,Particular,Conductor,Masculino,No,Sin Registro,Solo Daños,Choque,Impericia en el manejo,Carrera 25 Calle 39 B Sur,El Chinguí,Urbana,"(6.153370486, -75.57440226)"
2180309,01/31/2018,3:50 p.m.,Miércoles,Automovil,Particular,Conductor,Femenino,No,Sin Registro,Solo Daños,Choque,Impericia en el manejo,Carrera 25 Calle 39 B Sur,El Chinguí,Urbana,"(6.153370486, -75.57440226)"
2180316,01/31/2018,12:40 a.m.,Miércoles,Automovil,Publico,Conductor,Masculino,No,Sin Registro,Solo Daños,Choque,Adelantar invadiendo carril de sentido contrario,Calle 37  Sur Carrera 28,Manuel Uribe Angel,Urbana,"(6.165679454, -75.57834042)"
2180316,01/31/2018,12:40 a.m.,Miércoles,Automovil,Particular,Conductor,Masculino,No,Sin Registro,Solo Daños,Choque,Adelantar invadiendo carril de sentido contrario,Calle 37  Sur Carrera 28,Manuel Uribe Angel,Urbana,"(6.165679454, -75.57834042)"
2180285,01/31/2018,3:50 a.m.,Miércoles,Automovil,Particular,Conductor,Masculino,No,Sin Registro,Solo Daños,Choque,Impericia en el manejo,Tramo 373 Kilometro  8,Vereda Palmas,Rural,
2180289,01/31/2018,7:50 p.m.,Miércoles,Automovil,Particular,Conductor,Masculino,No,Sin Registro,Solo Daños,Choque,No mantener distancia de seguridad,Tramo 373 Kilometro  9,Vereda Palmas,Rural,
2180289,01/31/2018,7:50 p.m.,Miércoles,Campero,Particular,Conductor,Masculino,No,Sin Registro,Solo Daños,Choque,No mantener distancia de seguridad,Tramo 373 Kilometro  9,Vereda Palmas,Rural,
2180310,01/02/2018,5:10 p.m.,Jueves,Automovil,Publico,Conductor,Masculino,No,Sin Registro,Solo Daños,Choque,No mantener distancia de seguridad,Carrera 29 A Calle 39 B Sur,San Jose,Urbana,"(6.162919011, -75.58151535)"
2180310,01/02/2018,5:10 p.m.,Jueves,Automovil,Particular,Conductor,Masculino,No,Sin Registro,Solo Daños,Choque,No mantener distancia de seguridad,Carrera 29 A Calle 39 B Sur,San Jose,Urbana,"(6.162919011, -75.58151535)"
2180310,01/02/2018,5:10 p.m.,Jueves,Automovil,Publico,Conductor,Masculino,No,Sin Registro,Solo Daños,Choque,No mantener distancia de seguridad,Carrera 29 A Calle 39 B Sur,San Jose,Urbana,"(6.162919011, -75.58151535)"
2180301,01/02/2018,12:20 a.m.,Jueves,Bus,Publico,Conductor,Masculino,No,Sin Registro,Herido,Caida Ocupante,Frenar bruscamente,Diagonal 31 Transversal 36 A Sur,La Sebastiana,Urbana,"(6.167967817, -75.58028177)"
2180286,01/02/2018,8:20 p.m.,Jueves,Motocicleta,Particular,Motociclista,Masculino,No,Sin Registro,Muerto,Atropello,Exceso de velocidad,Diagonal 31 A Transversal 34 EE Sur,La Sebastiana,Urbana,"(6.170727304, -75.57994912)"
2180330,01/02/2018,8:30 p.m.,Jueves,Automovil,Particular,Conductor,Femenino,No,Sin Registro,Solo Daños,Choque,No mantener distancia de seguridad,Calle 37  Sur Carrera 41,Zona Centro,Urbana,"(6.169855492, -75.58619601)"
2180330,01/02/2018,8:30 p.m.,Jueves,Automovil,Publico,Conductor,Masculino,No,Sin Registro,Solo Daños,Choque,No mantener distancia de seguridad,Calle 37  Sur Carrera 41,Zona Centro,Urbana,"(6.169855492, -75.58619601)"
2180302,01/02/2018,5:40 p.m.,Jueves,Automovil,Particular,Conductor,Femenino,No,Sin Registro,Herido,Choque,Transitar entre vehiculos,Carrera 50 Calle 37  Sur,Las Vegas,Urbana,
2180302,01/02/2018,5:40 p.m.,Jueves,Motocicleta,Particular,Motociclista,Masculino,No,Sin Registro,Herido,Choque,Transitar entre vehiculos,Carrera 50 Calle 37  Sur,Las Vegas,Urbana,
2180295,01/02/2018,8:45 a.m.,Jueves,Motocicleta,Particular,Motociclista,Masculino,No,Sin Registro,Herido,Atropello,Exceso de velocidad,Diagonal 31 Transversal 32 D Sur,Las Flores,Urbana,"(6.17448507, -75.57869593)"
2180304,01/02/2018,1:45 p.m.,Jueves,Motocicleta,Diplomatico,Motociclista,Masculino,No,Sin Registro,Herido,Choque,No mantener distancia de seguridad,Calle 25  Sur Carrera 46,Villa Grande,Urbana,"(6.183044029, -75.5826185)"
2180304,01/02/2018,1:45 p.m.,Jueves,Camioneta,Particular,Conductor,Masculino,No,Sin Registro,Herido,Choque,No mantener distancia de seguridad,Calle 25  Sur Carrera 46,Villa Grande,Urbana,"(6.183044029, -75.5826185)"
2180318,02/02/2018,7:00 a.m.,Viernes,Motocicleta,Particular,Motociclista,Sin Registro,No,Sin Registro,Herido,Atropello,Cruzar sin observar,Calle 40 A Sur Carrera 37,El Dorado,Urbana,"(6.164216615, -75.58416381)"
2180326,02/02/2018,6:00 p.m.,Viernes,Camioneta,Particular,Conductor,Femenino,No,Sin Registro,Solo Daños,Choque,Transitar entre vehiculos,Diagonal 31 E Transversal 34 A Sur,Los Naranjos,Urbana,"(6.172689669, -75.57882729)"
2180326,02/02/2018,6:00 p.m.,Viernes,Motocicleta,Particular,Motociclista,Masculino,No,Sin Registro,Solo Daños,Choque,Transitar entre vehiculos,Diagonal 31 E Transversal 34 A Sur,Los Naranjos,Urbana,"(6.172689669, -75.57882729)"
2180311,02/02/2018,9:00 p.m.,Viernes,Automovil,Particular,Conductor,Femenino,No,Sin Registro,Solo Daños,Choque,Adelantar en zona prohibida,Calle 30  Sur Carrera 45 A,San Marcos,Urbana,"(6.178033442, -75.58652397)"
2180311,02/02/2018,9:00 p.m.,Viernes,Motocicleta,Particular,Motociclista,Masculino,No,Sin Registro,Solo Daños,Choque,Adelantar en zona prohibida,Calle 30  Sur Carrera 45 A,San Marcos,Urbana,"(6.178033442, -75.58652397)"
2180313,02/02/2018,9:10 p.m.,Viernes,Automovil,Particular,Conductor,Masculino,No,Sin Registro,Solo Daños,Choque,Impericia en el manejo,Carrera 48 Calle 39  Sur,Las Vegas,Urbana,"(6.17163722, -75.59364999)"
2180297,02/02/2018,3:10 p.m.,Viernes,Camioneta,Particular,Conductor,Masculino,No,Sin Registro,Solo Daños,Choque,No respetar prelacion,Calle 36 D Sur Carrera 27,Vereda El Escobero,Urbana,"(6.162479576, -75.57022257)"
2180297,02/02/2018,3:10 p.m.,Viernes,Automovil,Particular,Conductor,Femenino,No,Sin Registro,Solo Daños,Choque,No respetar prelacion,Calle 36 D Sur Carrera 27,Vereda El Escobero,Urbana,"(6.162479576, -75.57022257)"
2180334,02/02/2018,4:20 p.m.,Viernes,Motocicleta,Diplomatico,Motociclista,Masculino,No,Sin Registro,Solo Daños,Choque,Transitar entre vehiculos,Carrera 43 A Calle 23  Sur,Avenida El Poblado,Urbana,"(6.182555831, -75.58017793)"
2180334,02/02/2018,4:20 p.m.,Viernes,Automovil,Particular,Conductor,Femenino,No,Sin Registro,Solo Daños,Choque,Transitar entre vehiculos,Carrera 43 A Calle 23  Sur,Avenida El Poblado,Urbana,"(6.182555831, -75.58017793)"
2180334,02/02/2018,4:20 p.m.,Viernes,Camioneta,Particular,Conductor,Masculino,No,Sin Registro,Solo Daños,Choque,Transitar entre vehiculos,Carrera 43 A Calle 23  Sur,Avenida El Poblado,Urbana,"(6.182555831, -75.58017793)"
2180294,02/02/2018,1:30 p.m.,Viernes,Bus,Publico,Conductor,Masculino,No,Sin Registro,Solo Daños,Choque,Adelantar en curva,Carrera 42 Calle 46 E Sur,El Trianon,Urbana,"(6.161815042, -75.59356276)"
2180294,02/02/2018,1:30 p.m.,Viernes,Automovil,Particular,Conductor,Femenino,No,Sin Registro,Solo Daños,Choque,Adelantar en curva,Carrera 42 Calle 46 E Sur,El Trianon,Urbana,"(6.161815042, -75.59356276)"
2180317,02/02/2018,1:30 p.m.,Viernes,Motocicleta,Particular,Motociclista,Masculino,No,Sin Registro,Herido,Atropello,Desobedecer senales,Transversal 32 A Sur Diagonal 31 E,La Magnolia,Urbana,"(6.176205136, -75.58100596)"
2180321,02/02/2018,3:50 p.m.,Viernes,Automovil,Particular,Conductor,Masculino,No,Sin Registro,Solo Daños,Choque,Semaforo en rojo,Carrera 43 A Calle 25  Sur,Avenida El Poblado,Urbana,"(6.181616833, -75.58185727)"
2180321,02/02/2018,3:50 p.m.,Viernes,Automovil,Particular,Conductor,Masculino,No,Sin Registro,Solo Daños,Choque,Semaforo en rojo,Carrera 43 A Calle 25  Sur,Avenida El Poblado,Urbana,"(6.181616833, -75.58185727)"
2180296,02/02/2018,6:50 p.m.,Viernes,Camioneta,Oficial,Conductor,Masculino,No,Sin Registro,Solo Daños,Choque,No mantener distancia de seguridad,Carrera 40 Calle 39  Sur,Zona Centro,Urbana,"(6.16729029, -75.58669133)"
2180296,02/02/2018,6:50 p.m.,Viernes,Automovil,Particular,Conductor,Masculino,No,Sin Registro,Solo Daños,Choque,No mantener distancia de seguridad,Carrera 40 Calle 39  Sur,Zona Centro,Urbana,"(6.16729029, -75.58669133)"
2180298,02/02/2018,3:55 p.m.,Viernes,Bus,Publico,Conductor,Masculino,No,Sin Registro,Solo Daños,Choque,No mantener distancia de seguridad,Calle 27 D Sur Carrera 27,El Esmeraldal,Urbana,"(6.169224506, -75.57173816)"
2180298,02/02/2018,3:55 p.m.,Viernes,Automovil,Particular,Conductor,Masculino,No,Sin Registro,Solo Daños,Choque,No mantener distancia de seguridad,Calle 27 D Sur Carrera 27,El Esmeraldal,Urbana,"(6.169224506, -75.57173816)"
2180325,03/02/2018,10:00 a.m.,Sábado,Bus,Publico,Conductor,Masculino,No,Sin Registro,Solo Daños,Choque,No mantener distancia de seguridad,Carrera 25 Calle 36  Sur,La Inmaculada,Urbana,
2180325,03/02/2018,10:00 a.m.,Sábado,Automovil,Particular,Conductor,Masculino,No,Sin Registro,Solo Daños,Choque,No mantener distancia de seguridad,Carrera 25 Calle 36  Sur,La Inmaculada,Urbana,
2180335,03/02/2018,12:00 a.m.,Sábado,Automovil,Particular,Conductor,Femenino,No,Sin Registro,Solo Daños,Choque,Girar bruscamente,Carrera 43 Calle 33 B Sur,Zona Centro,Urbana,"(6.172873357, -75.5860846)"
2180335,03/02/2018,12:00 a.m.,Sábado,Motocicleta,Particular,Motociclista,Masculino,No,Sin Registro,Solo Daños,Choque,Girar bruscamente,Carrera 43 Calle 33 B Sur,Zona Centro,Urbana,"(6.172873357, -75.5860846)"
2180335,03/02/2018,12:00 a.m.,Sábado,Automovil,Particular,Conductor,Femenino,No,Sin Registro,Solo Daños,Choque,Girar bruscamente,Carrera 43 Calle 33 B Sur,Zona Centro,Urbana,"(6.172873357, -75.5860846)"
2180300,03/02/2018,1:10 p.m.,Sábado,Automovil,Particular,Conductor,Masculino,No,Sin Registro,Solo Daños,Choque,No mantener distancia de seguridad,Carrera 50 Calle 46 A Sur,Las Vegas,Urbana,"(6.16131219, -75.60319818)"
2180300,03/02/2018,1:10 p.m.,Sábado,Campero,Particular,Conductor,Masculino,No,Sin Registro,Solo Daños,Choque,No mantener distancia de seguridad,Carrera 50 Calle 46 A Sur,Las Vegas,Urbana,"(6.16131219, -75.60319818)"
2180324,03/02/2018,1:10 p.m.,Sábado,Automovil,Particular,Conductor,Femenino,No,Sin Registro,Solo Daños,Choque,No mantener distancia de seguridad,Tramo 373 Kilometro  14,Vereda Palmas,Rural,
2180324,03/02/2018,1:10 p.m.,Sábado,Automovil,Particular,Conductor,Masculino,No,Sin Registro,Solo Daños,Choque,No mantener distancia de seguridad,Tramo 373 Kilometro  14,Vereda Palmas,Rural,
2180323,03/02/2018,9:30 a.m.,Sábado,Automovil,Particular,Conductor,Masculino,No,Sin Registro,Solo Daños,Choque,Reverso imprudente,Tramo 376 Kilometro  2,Vereda Palmas,Rural,
2180327,03/02/2018,5:30 p.m.,Sábado,Automovil,Particular,Conductor,Masculino,No,Sin Registro,Solo Daños,Choque,No mantener distancia de seguridad,Carrera 50 Calle 24  Sur,Las Vegas,Urbana,"(6.187110769, -75.58429623)"
2180327,03/02/2018,5:30 p.m.,Sábado,Camioneta,Diplomatico,Conductor,Femenino,No,Sin Registro,Solo Daños,Choque,No mantener distancia de seguridad,Carrera 50 Calle 24  Sur,Las Vegas,Urbana,"(6.187110769, -75.58429623)"
2180323,03/02/2018,9:30 a.m.,Sábado,Camion,Publico,Conductor,Masculino,No,Sin Registro,Solo Daños,Choque,Reverso imprudente,Tramo 376 Kilometro  2,Vereda Palmas,Rural,
2180322,03/02/2018,12:30 a.m.,Sábado,Camioneta,Particular,Conductor,Masculino,No,Sin Registro,Solo Daños,Choque,No mantener distancia de seguridad,Carrera 29 A Calle 38  Sur,Loma De Las Brujas,Urbana,"(6.16496822, -75.58082836)"
2180322,03/02/2018,12:30 a.m.,Sábado,Campero,Particular,Conductor,Masculino,No,Sin Registro,Solo Daños,Choque,No mantener distancia de seguridad,Carrera 29 A Calle 38  Sur,Loma De Las Brujas,Urbana,"(6.16496822, -75.58082836)"
2180299,03/02/2018,12:35 a.m.,Sábado,Automovil,Particular,Conductor,Masculino,No,Sin Registro,Solo Daños,Choque,No mantener distancia de seguridad,Carrera 50 Calle 39  Sur,Las Vegas,Urbana,
2180312,03/02/2018,2:30 a.m.,Sábado,Automovil,Particular,Conductor,Masculino,No,Sin Registro,Solo Daños,Choque,Impericia en el manejo,Tramo 372 Kilometro  14,Vereda Palmas,Rural,
2180299,03/02/2018,12:35 a.m.,Sábado,Motocicleta,Particular,Motociclista,Masculino,No,Sin Registro,Solo Daños,Choque,No mantener distancia de seguridad,Carrera 50 Calle 39  Sur,Las Vegas,Urbana,
2180337,03/02/2018,12:45 a.m.,Sábado,Camioneta,Particular,Conductor,Masculino,No,Sin Registro,Solo Daños,Choque,Transitar entre vehiculos,Carrera 50 Calle 46  Sur,Las Vegas,Urbana,"(6.16131219, -75.60319818)"
2180337,03/02/2018,12:45 a.m.,Sábado,Motocicleta,Particular,Motociclista,Masculino,No,Sin Registro,Solo Daños,Choque,Transitar entre vehiculos,Carrera 50 Calle 46  Sur,Las Vegas,Urbana,"(6.16131219, -75.60319818)"
2180308,04/02/2018,2:00 p.m.,Domingo,Motocicleta,Particular,Motociclista,Masculino,No,Sin Registro,Herido,Choque,Adelantar en zona prohibida,Tramo 373 Kilometro  13,Vereda Palmas,Rural,
2180308,04/02/2018,2:00 p.m.,Domingo,Camioneta,Particular,Conductor,Masculino,No,Sin Registro,Herido,Choque,Adelantar en zona prohibida,Tramo 373 Kilometro  13,Vereda Palmas,Rural,
2180319,04/02/2018,3:15 p.m.,Domingo,Motocicleta,Particular,Motociclista,Masculino,No,Sin Registro,Solo Daños,Choque,Reverso imprudente,Calle 40  Sur Carrera 23,El Salado,Urbana,
2180319,04/02/2018,3:15 p.m.,Domingo,Automovil,Diplomatico,Conductor,Masculino,No,Sin Registro,Solo Daños,Choque,Reverso imprudente,Calle 40  Sur Carrera 23,El Salado,Urbana,
2180303,04/02/2018,2:30 p.m.,Domingo,Automovil,Particular,Conductor,Masculino,No,Sin Registro,Solo Daños,Choque,No mantener distancia de seguridad,Carrera 47 B Calle 25 A Sur,Las Vegas,Urbana,"(6.184283598, -75.58365387)"
2180369,08/02/2018,9:50 a.m.,Jueves,Bus,Publico,Conductor,Masculino,No,Sin Registro,Solo Daños,Choque,Reverso imprudente,Calle 36 A Sur Carrera 47,El Portal,Urbana,"(6.173604362, -75.59128493)"
2180303,04/02/2018,2:30 p.m.,Domingo,Automovil,Particular,Conductor,Masculino,No,Sin Registro,Solo Daños,Choque,No mantener distancia de seguridad,Carrera 47 B Calle 25 A Sur,Las Vegas,Urbana,"(6.184283598, -75.58365387)"
2180307,04/02/2018,4:50 a.m.,Domingo,Automovil,Publico,Conductor,Masculino,No,Sin Registro,Solo Daños,Choque,Reverso imprudente,Carrera 45 Calle 39  Sur,Alcala,Urbana,"(6.169521683, -75.59098806)"
2180307,04/02/2018,4:50 a.m.,Domingo,Automovil,Particular,Conductor,Masculino,No,Sin Registro,Solo Daños,Choque,Reverso imprudente,Carrera 45 Calle 39  Sur,Alcala,Urbana,"(6.169521683, -75.59098806)"
2180314,04/02/2018,1:40 p.m.,Domingo,Motocicleta,Particular,Motociclista,Masculino,No,Sin Registro,Herido,Choque,Impericia en el manejo,Tramo 371 Kilometro  4,Vereda El Escobero,Rural,
2180314,04/02/2018,1:40 p.m.,Domingo,Motocicleta,Particular,Motociclista,Masculino,No,Sin Registro,Herido,Choque,Exceso de velocidad,Tramo 371 Kilometro  4,Vereda El Escobero,Rural,
2180342,04/02/2018,8:50 p.m.,Domingo,Motocicleta,Particular,Motociclista,Masculino,No,Sin Registro,Herido,Choque,Semaforo en rojo,Carrera 43 A Calle 39  Sur,Zona Centro,Urbana,"(6.169011071, -75.5894849)"
2180342,04/02/2018,8:50 p.m.,Domingo,Motocicleta,Particular,Motociclista,Masculino,No,Sin Registro,Herido,Choque,Semaforo en rojo,Carrera 43 A Calle 39  Sur,Zona Centro,Urbana,"(6.169011071, -75.5894849)"
2180333,04/02/2018,12:50 a.m.,Domingo,Motocicleta,Particular,Motociclista,Masculino,No,Sin Registro,Solo Daños,Choque,Adelantar invadiendo carril de sentido contrario,Calle 40 A Sur Carrera 25 AA Sur,El Salado,Urbana,"(6.154962416, -75.58095986)"