RADICADO,FECHA,HORA,DÍA DE LA SEMANA,CLASE DE VEHICULO,TIPO DE SERVICIO,TIPO DE VICTIMA,SEXO,ESTADO DE BEODEZ,RESULTADO DE BEODEZ,GRAVEDAD,CLASE DE ACCIDENTE,CAUSA,DIRECCIÓN,BARRIO,AREA,Coordenadas
2180333,04/02/2018,12:50 a.m.,Domingo,Automovil,Particular,Conductor,Masculino,No,Sin Registro,Solo Daños,Choque,Adelantar invadiendo carril de sentido contrario,Calle 40 A Sur Carrera 25 AA Sur,El Salado,Urbana,"(6.154962416, -75.58095986)"
2180306,04/02/2018,6:55 p.m.,Domingo,Camioneta,Particular,Conductor,Masculino,No,Sin Registro,Herido,Choque,No mantener distancia de seguridad,Carrera 50 Calle 39  Sur,Las Vegas,Urbana,
2180306,04/02/2018,6:55 p.m.,Domingo,Motocicleta,Particular,Motociclista,Masculino,No,Sin Registro,Herido,Choque,No mantener distancia de seguridad,Carrera 50 Calle 39  Sur,Las Vegas,Urbana,
2180336,05/02/2018,2:00 p.m.,Lunes,Automovil,Particular,Conductor,Femenino,No,Sin Registro,Solo Daños,Choque,No mantener distancia de seguridad,Carrera 43 Calle 35  Sur,Zona Centro,Urbana,"(6.171975228, -75.58662264)"
2180336,05/02/2018,2:00 p.m.,Lunes,Campero,Particular,Conductor,Masculino,No,Sin Registro,Solo Daños,Choque,No mantener distancia de seguridad,Carrera 43 Calle 35  Sur,Zona Centro,Urbana,"(6.171975228, -75.58662264)"
2180338,05/02/2018,7:00 a.m.,Lunes,Automovil,Particular,Conductor,Femenino,No,Sin Registro,Solo Daños,Choque,Girar bruscamente,Diagonal 31 Transversal 36 A Sur,La Sebastiana,Urbana,"(6.167967817, -75.58028177)"
2180338,05/02/2018,7:00 a.m.,Lunes,Campero,Particular,Conductor,Femenino,No,Sin Registro,Solo Daños,Choque,Girar bruscamente,Diagonal 31 Transversal 36 A Sur,La Sebastiana,Urbana,"(6.167967817, -75.58028177)"
2180349,05/02/2018,12:10 a.m.,Lunes,Camion,Publico,Conductor,Masculino,No,Sin Registro,Solo Daños,Choque,Impericia en el manejo,Tramo 372 Kilometro  16,Vereda Palmas,Rural,
2180315,05/02/2018,5:18 p.m.,Lunes,Bus,Publico,Conductor,Masculino,No,Sin Registro,Solo Daños,Choque,Girar bruscamente,Carrera 27 Calle 36 C Sur,El Chocho,Urbana,"(6.163344515, -75.5686347)"
2180315,05/02/2018,5:18 p.m.,Lunes,Automovil,Particular,Conductor,Masculino,No,Sin Registro,Solo Daños,Choque,Girar bruscamente,Carrera 27 Calle 36 C Sur,El Chocho,Urbana,"(6.163344515, -75.5686347)"
2180332,05/02/2018,12:20 a.m.,Lunes,Camioneta,Particular,Conductor,Masculino,No,Sin Registro,Solo Daños,Choque,Reverso imprudente,Calle 38 A Sur Carrera 41,Zona Centro,Urbana,"(6.168560755, -75.58701537)"
2180332,05/02/2018,12:20 a.m.,Lunes,Automovil,Particular,Conductor,Femenino,No,Sin Registro,Solo Daños,Choque,Reverso imprudente,Calle 38 A Sur Carrera 41,Zona Centro,Urbana,"(6.168560755, -75.58701537)"
2180340,05/02/2018,12:20 a.m.,Lunes,Automovil,Particular,Conductor,Masculino,No,Sin Registro,Solo Daños,Choque,No mantener distancia de seguridad,Carrera 43 A Calle 48 C Sur,Avenida El Poblado,Urbana,"(6.162218777, -75.59764446)"
2180340,05/02/2018,12:20 a.m.,Lunes,Motocicleta,Particular,Motociclista,Masculino,No,Sin Registro,Solo Daños,Choque,No mantener distancia de seguridad,Carrera 43 A Calle 48 C Sur,Avenida El Poblado,Urbana,"(6.162218777, -75.59764446)"
2180460,02/16/2018,7:20 p.m.,Viernes,Camioneta,Particular,Conductor,Femenino,No,Sin Registro,Solo Daños,Choque,No respetar pelacion de interseccion o giros,Calle 50  Sur Carrera 48,Las Vegas,Urbana,
2180340,05/02/2018,12:20 a.m.,Lunes,Motocicleta,Particular,Motociclista,Femenino,No,Sin Registro,Solo Daños,Choque,No mantener distancia de seguridad,Carrera 43 A Calle 48 C Sur,Avenida El Poblado,Urbana,"(6.162218777, -75.59764446)"
2180329,05/02/2018,2:20 p.m.,Lunes,Automovil,Particular,Conductor,Masculino,No,Sin Registro,Herido,Choque,Desobedecer senales,Calle 45  Sur Carrera 43 A,Primavera,Urbana,"(6.165246116, -75.59449417)"
2180329,05/02/2018,2:20 p.m.,Lunes,Motocicleta,Particular,Motociclista,Masculino,No,Sin Registro,Herido,Choque,Desobedecer senales,Calle 45  Sur Carrera 43 A,Primavera,Urbana,"(6.165246116, -75.59449417)"
2180343,05/02/2018,1:30 p.m.,Lunes,Camioneta,Particular,Conductor,Masculino,No,Sin Registro,Herido,Choque,No mantener distancia de seguridad,Carrera 50 Calle 49  Sur,Las Vegas,Urbana,
2180343,05/02/2018,1:30 p.m.,Lunes,Motocicleta,Particular,Motociclista,Masculino,No,Sin Registro,Herido,Choque,No mantener distancia de seguridad,Carrera 50 Calle 49  Sur,Las Vegas,Urbana,
2180320,05/02/2018,5:30 p.m.,Lunes,Motocicleta,Particular,Motociclista,Masculino,No,Sin Registro,Herido,Choque,No respetar prelacion,Calle 36  Sur Carrera 24,El Chocho,Urbana,"(6.167448218, -75.56378508)"
2180320,05/02/2018,5:30 p.m.,Lunes,Camioneta,Particular,Conductor,Femenino,No,Sin Registro,Herido,Choque,No respetar prelacion,Calle 36  Sur Carrera 24,El Chocho,Urbana,"(6.167448218, -75.56378508)"
2180347,05/02/2018,11:45 a.m.,Lunes,Motocicleta,Particular,Motociclista,Masculino,No,Sin Registro,Herido,Atropello,Cruzar sin observar,Calle 52 B Sur Carrera 40,La Inmaculada,Urbana,"(6.155899821, -75.60128279)"
2180347,05/02/2018,11:45 a.m.,Lunes,Motocicleta,Particular,Motociclista,Masculino,No,Sin Registro,Herido,Atropello,Transitar en contravia,Calle 52 B Sur Carrera 40,La Inmaculada,Urbana,"(6.155899821, -75.60128279)"
2180344,06/02/2018,3:00 p.m.,Martes,Camion,Publico,Conductor,Masculino,No,Sin Registro,Solo Daños,Choque,No mantener distancia de seguridad,Calle 37  Sur Carrera 50,Las Vegas,Urbana,
2180344,06/02/2018,3:00 p.m.,Martes,Camioneta,Particular,Conductor,Masculino,No,Sin Registro,Solo Daños,Choque,No mantener distancia de seguridad,Calle 37  Sur Carrera 50,Las Vegas,Urbana,
2180341,06/02/2018,5:00 p.m.,Martes,Campero,Particular,Conductor,Masculino,No,Sin Registro,Solo Daños,Choque,No mantener distancia de seguridad,Tramo 373 Kilometro  7,Vereda Palmas,Rural,
2180341,06/02/2018,5:00 p.m.,Martes,Motocicleta,Particular,Motociclista,Masculino,No,Sin Registro,Solo Daños,Choque,No mantener distancia de seguridad,Tramo 373 Kilometro  7,Vereda Palmas,Rural,
2180350,06/02/2018,5:15 p.m.,Martes,Motocicleta,Particular,Motociclista,Masculino,No,Sin Registro,Herido,Choque,Desobedecer senales,Calle 39 B Sur Carrera 30,San Jose,Urbana,"(6.16327841, -75.58191643)"
2180350,06/02/2018,5:15 p.m.,Martes,Automovil,Particular,Conductor,Masculino,No,Sin Registro,Herido,Choque,Desobedecer senales,Calle 39 B Sur Carrera 30,San Jose,Urbana,"(6.16327841, -75.58191643)"
2180350,06/02/2018,5:15 p.m.,Martes,Automovil,Particular,Conductor,Masculino,No,Sin Registro,Herido,Choque,Desobedecer senales,Calle 39 B Sur Carrera 30,San Jose,Urbana,"(6.16327841, -75.58191643)"
2180339,06/02/2018,4:30 p.m.,Martes,Motocicleta,Particular,Motociclista,Masculino,No,Sin Registro,Solo Daños,Choque,Girar bruscamente,Tramo 372 Kilometro  17,Vereda Palmas,Rural,
2180339,06/02/2018,4:30 p.m.,Martes,Motocicleta,Particular,Motociclista,Sin Registro,No,Sin Registro,Solo Daños,Choque,Girar bruscamente,Tramo 372 Kilometro  17,Vereda Palmas,Rural,
2180346,06/02/2018,3:30 p.m.,Martes,Bus,Publico,Conductor,Masculino,No,Sin Registro,Solo Daños,Choque,Reverso imprudente,Carrera 49 A Calle 46 A Sur,Las Vegas,Urbana,"(6.167871749, -75.60213877)"
2180346,06/02/2018,3:30 p.m.,Martes,Bus,Publico,Conductor,Masculino,No,Sin Registro,Solo Daños,Choque,Reverso imprudente,Carrera 49 A Calle 46 A Sur,Las Vegas,Urbana,"(6.167871749, -75.60213877)"
2180357,06/02/2018,8:40 p.m.,Martes,Automovil,Particular,Conductor,Masculino,No,Sin Registro,Solo Daños,Choque,No mantener distancia de seguridad,Carrera 48 Calle 25 A Sur,Las Vegas,Urbana,"(6.184740152, -75.58365742)"
2180357,06/02/2018,8:40 p.m.,Martes,Campero,Particular,Conductor,Masculino,No,Sin Registro,Solo Daños,Choque,No mantener distancia de seguridad,Carrera 48 Calle 25 A Sur,Las Vegas,Urbana,"(6.184740152, -75.58365742)"
2180345,06/02/2018,9:40 a.m.,Martes,Motocicleta,Particular,Motociclista,Masculino,No,Sin Registro,Herido,Choque,Impericia en el manejo,Calle 39 D Sur Carrera 25,El Salado,Urbana,"(6.154343948, -75.57802149)"
2180328,06/02/2018,9:33 p.m.,Martes,Automovil,Particular,Conductor,Masculino,No,Sin Registro,Herido,Choque,No respetar prelacion,Calle 36 D Sur Carrera 27,Vereda El Escobero,Urbana,"(6.162479576, -75.57022257)"
2180328,06/02/2018,9:33 p.m.,Martes,Bicicleta,Sin Registro,Ciclista,Masculino,No,Sin Registro,Herido,Choque,No respetar prelacion,Calle 36 D Sur Carrera 27,Vereda El Escobero,Urbana,"(6.162479576, -75.57022257)"
2180366,06/02/2018,12:45 a.m.,Martes,Motocicleta,Particular,Motociclista,Masculino,No,Sin Registro,Solo Daños,Choque,Transitar entre vehiculos,Diagonal 31 Transversal 33 A Sur,Las Flores,Urbana,"(6.173761816, -75.5789197)"
2180366,06/02/2018,12:45 a.m.,Martes,Bus,Publico,Conductor,Masculino,No,Sin Registro,Solo Daños,Choque,Transitar entre vehiculos,Diagonal 31 Transversal 33 A Sur,Las Flores,Urbana,"(6.173761816, -75.5789197)"
2180366,06/02/2018,12:45 a.m.,Martes,Bus,Publico,Conductor,Masculino,No,Sin Registro,Solo Daños,Choque,Transitar entre vehiculos,Diagonal 31 Transversal 33 A Sur,Las Flores,Urbana,"(6.173761816, -75.5789197)"
2180386,12/02/2018,1:20 p.m.,Lunes,Automovil,Particular,Conductor,Masculino,No,Sin Registro,Solo Daños,Choque,Adelantar cerrando,Carrera 48 Calle 39  Sur,Las Vegas,Urbana,"(6.17163722, -75.59364999)"
2180331,06/02/2018,3:55 p.m.,Martes,Buseta,Publico,Conductor,Masculino,No,Sin Registro,Herido,Caida Ocupante,Descender o subir del vehiculo en marcha,Carrera 25 Calle 38 D Sur,El Chinguí,Urbana,
2180372,07/02/2018,7:40 p.m.,Miércoles,Automovil,Publico,Conductor,Masculino,No,Sin Registro,Solo Daños,Choque,Adelantar cerrando,Calle 37  Sur Carrera 41,La Magnolia,Urbana,"(6.169855492, -75.58619601)"
2180372,07/02/2018,7:40 p.m.,Miércoles,Camioneta,Particular,Conductor,Masculino,No,Sin Registro,Solo Daños,Choque,No respetar pelacion de interseccion o giros,Calle 37  Sur Carrera 41,La Magnolia,Urbana,"(6.169855492, -75.58619601)"
2180372,07/02/2018,7:40 p.m.,Miércoles,Camioneta,Particular,Conductor,Masculino,No,Sin Registro,Solo Daños,Choque,Adelantar cerrando,Calle 37  Sur Carrera 41,La Magnolia,Urbana,"(6.169855492, -75.58619601)"
2180372,07/02/2018,7:40 p.m.,Miércoles,Automovil,Publico,Conductor,Masculino,No,Sin Registro,Solo Daños,Choque,No respetar pelacion de interseccion o giros,Calle 37  Sur Carrera 41,La Magnolia,Urbana,"(6.169855492, -75.58619601)"
2180359,07/02/2018,6:40 a.m.,Miércoles,Bus,Publico,Conductor,Masculino,No,Sin Registro,Solo Daños,Choque,Impericia en el manejo,Carrera 29 Calle 40 F Sur,San Jose,Urbana,"(6.161100766, -75.58171655)"
2180359,07/02/2018,6:40 a.m.,Miércoles,Motocicleta,Particular,Motociclista,Masculino,No,Sin Registro,Solo Daños,Choque,Impericia en el manejo,Carrera 29 Calle 40 F Sur,San Jose,Urbana,"(6.161100766, -75.58171655)"
2180367,07/02/2018,5:45 p.m.,Miércoles,Bus,Publico,Conductor,Masculino,No,Sin Registro,Solo Daños,Choque,Adelantar en zona prohibida,Carrera 42 B Calle 46 E Sur,El Trianon,Urbana,"(6.162296208, -75.59429318)"
2180367,07/02/2018,5:45 p.m.,Miércoles,Automovil,Particular,Conductor,Femenino,No,Sin Registro,Solo Daños,Choque,Desobedecer senales,Carrera 42 B Calle 46 E Sur,El Trianon,Urbana,"(6.162296208, -75.59429318)"
2180367,07/02/2018,5:45 p.m.,Miércoles,Automovil,Particular,Conductor,Femenino,No,Sin Registro,Solo Daños,Choque,Adelantar en zona prohibida,Carrera 42 B Calle 46 E Sur,El Trianon,Urbana,"(6.162296208, -75.59429318)"
2180367,07/02/2018,5:45 p.m.,Miércoles,Bus,Publico,Conductor,Masculino,No,Sin Registro,Solo Daños,Choque,Desobedecer senales,Carrera 42 B Calle 46 E Sur,El Trianon,Urbana,"(6.162296208, -75.59429318)"
2180348,07/02/2018,7:50 a.m.,Miércoles,Motocicleta,Particular,Motociclista,Femenino,No,Sin Registro,Solo Daños,Choque,Transitar en contravia,Carrera 50 Calle 32 B Sur,Las Vegas,Urbana,"(6.178248378, -75.59168828)"
2180348,07/02/2018,7:50 a.m.,Miércoles,Automovil,Particular,Conductor,Masculino,No,Sin Registro,Solo Daños,Choque,Transitar en contravia,Carrera 50 Calle 32 B Sur,Las Vegas,Urbana,"(6.178248378, -75.59168828)"
2180348,07/02/2018,7:50 a.m.,Miércoles,Automovil,Particular,Conductor,Masculino,No,Sin Registro,Solo Daños,Choque,Transitar en contravia,Carrera 50 Calle 32 B Sur,Las Vegas,Urbana,"(6.178248378, -75.59168828)"
2180352,08/02/2018,5:00 p.m.,Jueves,Motocicleta,Particular,Motociclista,Femenino,No,Sin Registro,Herido,Choque,No mantener distancia de seguridad,Calle 25  Sur Carrera 42 B,Las Orquideas,Urbana,"(6.179561127, -75.57986633)"
2180352,08/02/2018,5:00 p.m.,Jueves,Automovil,Particular,Conductor,Masculino,No,Sin Registro,Herido,Choque,No mantener distancia de seguridad,Calle 25  Sur Carrera 42 B,Las Orquideas,Urbana,"(6.179561127, -75.57986633)"
2180352,08/02/2018,5:00 p.m.,Jueves,Automovil,Particular,Conductor,Masculino,No,Sin Registro,Herido,Choque,No mantener distancia de seguridad,Calle 25  Sur Carrera 42 B,Las Orquideas,Urbana,"(6.179561127, -75.57986633)"
2180353,08/02/2018,9:10 p.m.,Jueves,Motocicleta,Particular,Motociclista,Femenino,No,Sin Registro,Herido,Choque,Desobedecer senales,Carrera 43 A Calle 21  Sur,Zuñiga,Urbana,"(6.183599544, -75.57940986)"
2180353,08/02/2018,9:10 p.m.,Jueves,Automovil,Particular,Conductor,Masculino,No,Sin Registro,Herido,Choque,Desobedecer senales,Carrera 43 A Calle 21  Sur,Zuñiga,Urbana,"(6.183599544, -75.57940986)"
2180360,08/02/2018,4:20 p.m.,Jueves,Bus,Publico,Conductor,Masculino,No,Sin Registro,Solo Daños,Choque,Vehiculo mal estacionado,Carrera 48 Calle 49  Sur,Las Casitas,Urbana,"(6.162978079, -75.60240161)"
2180360,08/02/2018,4:20 p.m.,Jueves,Bus,Publico,Conductor,Masculino,No,Sin Registro,Solo Daños,Choque,Vehiculo mal estacionado,Carrera 48 Calle 49  Sur,Las Casitas,Urbana,"(6.162978079, -75.60240161)"
2180362,08/02/2018,11:30 a.m.,Jueves,Bus,Publico,Conductor,Masculino,No,Sin Registro,Solo Daños,Choque,No mantener distancia de seguridad,Carrera 41 Calle 38  Sur,Zona Centro,Urbana,"(6.169124429, -75.58656013)"
2180354,08/02/2018,6:30 a.m.,Jueves,Camioneta,Particular,Conductor,Masculino,No,Sin Registro,Solo Daños,Choque,No mantener distancia de seguridad,Calle 37  Sur Carrera 29 A,Los Naranjos,Urbana,"(6.166159821, -75.58061864)"
2180354,08/02/2018,6:30 a.m.,Jueves,Camioneta,Particular,Conductor,Masculino,No,Sin Registro,Solo Daños,Choque,No mantener distancia de seguridad,Calle 37  Sur Carrera 29 A,Los Naranjos,Urbana,"(6.166159821, -75.58061864)"
2180362,08/02/2018,11:30 a.m.,Jueves,Automovil,Particular,Conductor,Femenino,No,Sin Registro,Solo Daños,Choque,No mantener distancia de seguridad,Carrera 41 Calle 38  Sur,Zona Centro,Urbana,"(6.169124429, -75.58656013)"
2180392,08/02/2018,5:30 p.m.,Jueves,Automovil,Particular,Conductor,Femenino,No,Sin Registro,Solo Daños,Choque,No mantener distancia de seguridad,Carrera 50 Calle 30  Sur,Las Vegas,Urbana,
2180392,08/02/2018,5:30 p.m.,Jueves,Bus,Publico,Conductor,Masculino,No,Sin Registro,Solo Daños,Choque,No mantener distancia de seguridad,Carrera 50 Calle 30  Sur,Las Vegas,Urbana,
2180392,08/02/2018,5:30 p.m.,Jueves,Automovil,Particular,Conductor,Masculino,No,Sin Registro,Solo Daños,Choque,No mantener distancia de seguridad,Carrera 50 Calle 30  Sur,Las Vegas,Urbana,
2180355,08/02/2018,8:45 a.m.,Jueves,Motocicleta,Particular,Motociclista,Masculino,No,Sin Registro,Herido,Atropello,Impericia en el manejo,Diagonal 31 E Transversal 34 D Sur,Los Naranjos,Urbana,"(6.17201459, -75.57921611)"
2180355,08/02/2018,8:45 a.m.,Jueves,Motocicleta,Particular,Motociclista,Masculino,No,Sin Registro,Herido,Atropello,Cruzar sin observar,Diagonal 31 E Transversal 34 D Sur,Los Naranjos,Urbana,"(6.17201459, -75.57921611)"
2180381,08/02/2018,9:40 a.m.,Jueves,Automovil,Particular,Conductor,Masculino,No,Sin Registro,Herido,Choque,Salirse de la calzada,Calle 38  Sur Carrera 46,Alcala,Urbana,"(6.171966643, -75.59136974)"
2180381,08/02/2018,9:40 a.m.,Jueves,Motocicleta,Particular,Motociclista,Masculino,No,Sin Registro,Herido,Choque,No mantener distancia de seguridad,Calle 38  Sur Carrera 46,Alcala,Urbana,"(6.171966643, -75.59136974)"
2180381,08/02/2018,9:40 a.m.,Jueves,Motocicleta,Particular,Motociclista,Masculino,No,Sin Registro,Herido,Choque,Salirse de la calzada,Calle 38  Sur Carrera 46,Alcala,Urbana,"(6.171966643, -75.59136974)"
2180381,08/02/2018,9:40 a.m.,Jueves,Automovil,Particular,Conductor,Masculino,No,Sin Registro,Herido,Choque,No mantener distancia de seguridad,Calle 38  Sur Carrera 46,Alcala,Urbana,"(6.171966643, -75.59136974)"
2180361,08/02/2018,5:50 a.m.,Jueves,Automovil,Particular,Conductor,Masculino,No,Sin Registro,Solo Daños,Choque,No mantener distancia de seguridad,Carrera 48 Calle 38 B Sur,Las Vegas,Urbana,"(6.172021384, -75.59327898)"
2180361,08/02/2018,5:50 a.m.,Jueves,Automovil,Particular,Conductor,Masculino,No,Sin Registro,Solo Daños,Choque,No mantener distancia de seguridad,Carrera 48 Calle 38 B Sur,Las Vegas,Urbana,"(6.172021384, -75.59327898)"
2180361,08/02/2018,5:50 a.m.,Jueves,Automovil,Particular,Conductor,Femenino,No,Sin Registro,Solo Daños,Choque,No mantener distancia de seguridad,Carrera 48 Calle 38 B Sur,Las Vegas,Urbana,"(6.172021384, -75.59327898)"
2180369,08/02/2018,9:50 a.m.,Jueves,Automovil,Particular,Conductor,Femenino,No,Sin Registro,Solo Daños,Choque,Reverso imprudente,Calle 36 A Sur Carrera 47,El Portal,Urbana,"(6.173604362, -75.59128493)"
2180356,08/02/2018,9:50 p.m.,Jueves,Motocicleta,Particular,Motociclista,Masculino,No,Sin Registro,Solo Daños,Choque,No respetar pelacion de interseccion o giros,Carrera 39 Calle 37  Sur,Zona Centro,Urbana,"(6.16891714, -75.58481873)"
2180356,08/02/2018,9:50 p.m.,Jueves,Automovil,Publico,Conductor,Masculino,No,Sin Registro,Solo Daños,Choque,No respetar pelacion de interseccion o giros,Carrera 39 Calle 37  Sur,Zona Centro,Urbana,"(6.16891714, -75.58481873)"
2180356,08/02/2018,9:50 p.m.,Jueves,Motocicleta,Particular,Motociclista,Masculino,No,Sin Registro,Solo Daños,Choque,No respetar pelacion de interseccion o giros,Carrera 39 Calle 37  Sur,Zona Centro,Urbana,"(6.16891714, -75.58481873)"
2180365,09/02/2018,8:00 a.m.,Viernes,Automovil,Particular,Conductor,Masculino,No,Sin Registro,Solo Daños,Choque,Adelantar cerrando,Tramo 372 Kilometro  14,Vereda Palmas,Rural,
2180365,09/02/2018,8:00 a.m.,Viernes,Motocicleta,Particular,Motociclista,Masculino,No,Sin Registro,Solo Daños,Choque,Adelantar cerrando,Tramo 372 Kilometro  14,Vereda Palmas,Rural,
2180429,09/02/2018,3:10 p.m.,Viernes,Campero,Particular,Conductor,Masculino,No,Sin Registro,Solo Daños,Choque,Impericia en el manejo,Calle 23  Sur Carrera 27 B,El Esmeraldal,Urbana,"(6.177244364, -75.56853535)"
2180429,09/02/2018,3:10 p.m.,Viernes,Camioneta,Particular,Conductor,Masculino,No,Sin Registro,Solo Daños,Choque,Impericia en el manejo,Calle 23  Sur Carrera 27 B,El Esmeraldal,Urbana,"(6.177244364, -75.56853535)"
2180374,09/02/2018,4:10 p.m.,Viernes,Camioneta,Particular,Conductor,Masculino,No,Sin Registro,Solo Daños,Choque,Poner en marcha un vehiculo sin precauci,Carrera 43 Calle 36  Sur,Zona Centro,Urbana,"(6.171314659, -75.58700753)"
2180374,09/02/2018,4:10 p.m.,Viernes,Automovil,Particular,Conductor,Masculino,No,Sin Registro,Solo Daños,Choque,Poner en marcha un vehiculo sin precauci,Carrera 43 Calle 36  Sur,Zona Centro,Urbana,"(6.171314659, -75.58700753)"
2180384,09/02/2018,4:10 p.m.,Viernes,Automovil,Particular,Conductor,Masculino,No,Sin Registro,Herido,Choque,Girar bruscamente,Carrera 50 Calle 16  Sur,Las Vegas,Urbana,
2180384,09/02/2018,4:10 p.m.,Viernes,Motocicleta,Particular,Motociclista,Masculino,No,Sin Registro,Herido,Choque,Girar bruscamente,Carrera 50 Calle 16  Sur,Las Vegas,Urbana,
2180358,09/02/2018,2:15 p.m.,Viernes,Campero,Particular,Conductor,Masculino,No,Sin Registro,Herido,Choque,No mantener distancia de seguridad,Carrera 48 Calle 46  Sur,Las Vegas,Urbana,"(6.166195386, -75.59928549)"
2180358,09/02/2018,2:15 p.m.,Viernes,Motocicleta,Particular,Motociclista,Femenino,No,Sin Registro,Herido,Choque,No mantener distancia de seguridad,Carrera 48 Calle 46  Sur,Las Vegas,Urbana,"(6.166195386, -75.59928549)"
2180363,09/02/2018,7:30 p.m.,Viernes,Bus,Publico,Conductor,Masculino,No,Sin Registro,Solo Daños,Choque,Poner en marcha un vehiculo sin precauci,Carrera 49 Calle 39  Sur,Las Vegas,Urbana,"(6.173609359, -75.59707057)"
2180363,09/02/2018,7:30 p.m.,Viernes,Automovil,Publico,Conductor,Masculino,No,Sin Registro,Solo Daños,Choque,Poner en marcha un vehiculo sin precauci,Carrera 49 Calle 39  Sur,Las Vegas,Urbana,"(6.173609359, -75.59707057)"
2180368,09/02/2018,10:30 p.m.,Viernes,Automovil,Particular,Conductor,Masculino,No,Sin Registro,Solo Daños,Choque,Poner en marcha un vehiculo sin precauci,Carrera 43 A Transversal 27 A Sur,Avenida El Poblado,Urbana,"(6.178993539, -75.58360591)"
2180368,09/02/2018,10:30 p.m.,Viernes,Automovil,Particular,Conductor,Femenino,No,Sin Registro,Solo Daños,Choque,Poner en marcha un vehiculo sin precauci,Carrera 43 A Transversal 27 A Sur,Avenida El Poblado,Urbana,"(6.178993539, -75.58360591)"
2180370,09/02/2018,8:30 p.m.,Viernes,Motocicleta,Particular,Motociclista,Masculino,No,Sin Registro,Solo Daños,Choque,Adelantar por la derecha,Diagonal 31 D Transversal 33  Sur,La Magnolia,Urbana,"(6.176680777, -75.58109194)"
2180370,09/02/2018,8:30 p.m.,Viernes,Camioneta,Particular,Conductor,Masculino,No,Sin Registro,Solo Daños,Choque,Adelantar por la derecha,Diagonal 31 D Transversal 33  Sur,La Magnolia,Urbana,"(6.176680777, -75.58109194)"
2180378,09/02/2018,11:45 a.m.,Viernes,Automovil,Particular,Conductor,Masculino,No,Sin Registro,Solo Daños,Choque,Impericia en el manejo,Diagonal 29 Transversal 34 F Sur,Alto De Misael,Urbana,"(6.169949011, -75.57757889)"
2180364,09/02/2018,6:40 a.m.,Viernes,Camioneta,Particular,Conductor,Masculino,No,Sin Registro,Solo Daños,Choque,Adelantar en zona prohibida,Transversal 34 D Sur Diagonal 32,Los Naranjos,Urbana,"(6.171774015, -75.5810514)"
2180378,09/02/2018,11:45 a.m.,Viernes,Maq. Industrial,Sin Registro,Conductor,Masculino,No,Sin Registro,Solo Daños,Choque,Impericia en el manejo,Diagonal 29 Transversal 34 F Sur,Alto De Misael,Urbana,"(6.169949011, -75.57757889)"
2180364,09/02/2018,6:40 a.m.,Viernes,Motocicleta,Particular,Motociclista,Masculino,No,Sin Registro,Solo Daños,Choque,Adelantar en zona prohibida,Transversal 34 D Sur Diagonal 32,Los Naranjos,Urbana,"(6.171774015, -75.5810514)"
2180390,09/02/2018,11:35 p.m.,Viernes,Automovil,Particular,Conductor,Femenino,No,Sin Registro,Solo Daños,Choque,Adelantar en zona prohibida,Carrera 27 Calle 36  Sur,La Inmaculada,Urbana,"(6.167009975, -75.56927808)"
2180390,09/02/2018,11:35 p.m.,Viernes,Campero,Oficial,Conductor,Masculino,No,Sin Registro,Solo Daños,Choque,Adelantar en zona prohibida,Carrera 27 Calle 36  Sur,La Inmaculada,Urbana,"(6.167009975, -75.56927808)"
2180373,09/02/2018,12:40 a.m.,Viernes,Campero,Particular,Conductor,Masculino,No,Sin Registro,Solo Daños,Choque,No mantener distancia de seguridad,Carrera 48 Calle 46  Sur,Las Vegas,Urbana,"(6.166195386, -75.59928549)"
2180373,09/02/2018,12:40 a.m.,Viernes,Camioneta,Particular,Conductor,Masculino,No,Sin Registro,Solo Daños,Choque,No mantener distancia de seguridad,Carrera 48 Calle 46  Sur,Las Vegas,Urbana,"(6.166195386, -75.59928549)"
2180396,09/02/2018,4:45 p.m.,Viernes,Automovil,Particular,Conductor,Femenino,No,Sin Registro,Solo Daños,Choque,Girar bruscamente,Carrera 50 Calle 36  Sur,Las Vegas,Urbana,
2180396,09/02/2018,4:45 p.m.,Viernes,Camion,Particular,Conductor,Masculino,No,Sin Registro,Solo Daños,Choque,Girar bruscamente,Carrera 50 Calle 36  Sur,Las Vegas,Urbana,
2180393,09/02/2018,8:50 a.m.,Viernes,Camioneta,Particular,Conductor,Masculino,No,Sin Registro,Solo Daños,Choque,Reverso imprudente,Calle 38 A Sur Carrera 38,Mesa,Urbana,"(6.167339205, -75.58513636)"
2180393,09/02/2018,8:50 a.m.,Viernes,Automovil,Publico,Conductor,Masculino,No,Sin Registro,Solo Daños,Choque,Reverso imprudente,Calle 38 A Sur Carrera 38,Mesa,Urbana,"(6.167339205, -75.58513636)"
2180371,09/02/2018,3:55 p.m.,Viernes,Camioneta,Particular,Conductor,Femenino,No,Sin Registro,Solo Daños,Choque,No mantener distancia de seguridad,Calle 23  Sur Carrera 27,La Inmaculada,Urbana,"(6.176668041, -75.56752563)"