RADICADO,FECHA,HORA,DÍA DE LA SEMANA,CLASE DE VEHICULO,TIPO DE SERVICIO,TIPO DE VICTIMA,SEXO,ESTADO DE BEODEZ,RESULTADO DE BEODEZ,GRAVEDAD,CLASE DE ACCIDENTE,CAUSA,DIRECCIÓN,BARRIO,AREA,Coordenadas
2180371,09/02/2018,3:55 p.m.,Viernes,Camioneta,Particular,Conductor,Masculino,No,Sin Registro,Solo Daños,Choque,No mantener distancia de seguridad,Calle 23  Sur Carrera 27,La Inmaculada,Urbana,"(6.176668041, -75.56752563)"
2180398,10/02/2018,3:00 p.m.,Sábado,Bus,Publico,Conductor,Masculino,No,Sin Registro,Solo Daños,Choque,Desobedecer senales,Carrera 43 A Calle 49  Sur,Las Casitas,Urbana,"(6.160914202, -75.60002299)"
2180398,10/02/2018,3:00 p.m.,Sábado,Automovil,Publico,Conductor,Masculino,No,Sin Registro,Solo Daños,Choque,Desobedecer senales,Carrera 43 A Calle 49  Sur,Las Casitas,Urbana,"(6.160914202, -75.60002299)"
2180401,10/02/2018,6:00 p.m.,Sábado,Motocicleta,Particular,Motociclista,Femenino,No,Sin Registro,Herido,Choque,Transitar entre vehiculos,Calle 41 B Sur Carrera 25,San Rafael,Urbana,"(6.15389729, -75.58609956)"
2180401,10/02/2018,6:00 p.m.,Sábado,Motocicleta,Particular,Motociclista,Masculino,No,Sin Registro,Herido,Choque,Transitar entre vehiculos,Calle 41 B Sur Carrera 25,San Rafael,Urbana,"(6.15389729, -75.58609956)"
2180401,10/02/2018,6:00 p.m.,Sábado,Campero,Particular,Conductor,Masculino,No,Sin Registro,Herido,Choque,Transitar entre vehiculos,Calle 41 B Sur Carrera 25,San Rafael,Urbana,"(6.15389729, -75.58609956)"
2180394,10/02/2018,5:10 p.m.,Sábado,Automovil,Publico,Conductor,Femenino,No,Sin Registro,Herido,Choque,Desobedecer senales,Transversal 34 A Sur Diagonal 39,Obrero,Urbana,"(6.171998055, -75.5844044)"
2180394,10/02/2018,5:10 p.m.,Sábado,Motocicleta,Particular,Motociclista,Femenino,No,Sin Registro,Herido,Choque,Desobedecer senales,Transversal 34 A Sur Diagonal 39,Obrero,Urbana,"(6.171998055, -75.5844044)"
2181554,10/02/2018,7:30 a.m.,Sábado,Motocicleta,Particular,Motociclista,Masculino,No,Sin Registro,Solo Daños,Choque,Exceso de velocidad,Calle 30  Sur Carrera 45 A,Las Vegas,Urbana,"(6.178033442, -75.58652397)"
2181554,10/02/2018,7:30 a.m.,Sábado,Automovil,Particular,Conductor,Masculino,No,Sin Registro,Solo Daños,Choque,Exceso de velocidad,Calle 30  Sur Carrera 45 A,Las Vegas,Urbana,"(6.178033442, -75.58652397)"
2180377,10/02/2018,9:30 a.m.,Sábado,Automovil,Particular,Conductor,Masculino,No,Sin Registro,Solo Daños,Choque,Reverso imprudente,Carrera 49 Calle 26  Sur,Las Vegas,Urbana,
2180377,10/02/2018,9:30 a.m.,Sábado,Camion,Publico,Conductor,Masculino,No,Sin Registro,Solo Daños,Choque,Reverso imprudente,Carrera 49 Calle 26  Sur,Las Vegas,Urbana,
2180460,02/16/2018,7:20 p.m.,Viernes,Automovil,Particular,Conductor,Femenino,No,Sin Registro,Solo Daños,Choque,No respetar pelacion de interseccion o giros,Calle 50  Sur Carrera 48,Las Vegas,Urbana,
2180379,10/02/2018,12:30 a.m.,Sábado,Motocicleta,Particular,Motociclista,Masculino,No,Sin Registro,Solo Daños,Choque,No mantener distancia de seguridad,Calle 36 D Sur Carrera 27,Vereda El Escobero,Urbana,"(6.162479576, -75.57022257)"
2180379,10/02/2018,12:30 a.m.,Sábado,Camioneta,Particular,Conductor,Femenino,No,Sin Registro,Solo Daños,Choque,No mantener distancia de seguridad,Calle 36 D Sur Carrera 27,Vereda El Escobero,Urbana,"(6.162479576, -75.57022257)"
2180376,11/02/2018,12:20 a.m.,Domingo,Automovil,Particular,Conductor,Masculino,No,Sin Registro,Herido,Caida Ocupante,No mantener distancia de seguridad,Carrera 50 Calle 39  Sur,Las Vegas,Urbana,
2180376,11/02/2018,12:20 a.m.,Domingo,Motocicleta,Particular,Motociclista,Masculino,No,Sin Registro,Herido,Caida Ocupante,No mantener distancia de seguridad,Carrera 50 Calle 39  Sur,Las Vegas,Urbana,
2180380,11/02/2018,7:45 p.m.,Domingo,Motocicleta,Particular,Motociclista,Masculino,No,Sin Registro,Solo Daños,Choque,No mantener distancia de seguridad,Carrera 27 Calle 23  Sur,La Inmaculada,Urbana,"(6.176588834, -75.56744599)"
2180380,11/02/2018,7:45 p.m.,Domingo,Automovil,Particular,Conductor,Masculino,No,Sin Registro,Solo Daños,Choque,No mantener distancia de seguridad,Carrera 27 Calle 23  Sur,La Inmaculada,Urbana,"(6.176588834, -75.56744599)"
2180405,12/02/2018,7:00 a.m.,Lunes,Camioneta,Particular,Conductor,Femenino,No,Sin Registro,Solo Daños,Choque,Impericia en el manejo,Carrera 43 A Calle 25 B Sur,Avenida El Poblado,Urbana,"(6.180259996, -75.5829402)"
2180405,12/02/2018,7:00 a.m.,Lunes,Motocicleta,Particular,Motociclista,Masculino,No,Sin Registro,Solo Daños,Choque,Impericia en el manejo,Carrera 43 A Calle 25 B Sur,Avenida El Poblado,Urbana,"(6.180259996, -75.5829402)"
2180388,12/02/2018,7:05 p.m.,Lunes,Motocicleta,Particular,Motociclista,Femenino,No,Sin Registro,Solo Daños,Choque,No mantener distancia de seguridad,Carrera 43 A Calle 38  Sur,Zona Centro,Urbana,"(6.170421178, -75.58859877)"
2180388,12/02/2018,7:05 p.m.,Lunes,Automovil,Particular,Conductor,Masculino,No,Sin Registro,Solo Daños,Choque,No mantener distancia de seguridad,Carrera 43 A Calle 38  Sur,Zona Centro,Urbana,"(6.170421178, -75.58859877)"
2180375,12/02/2018,8:05 a.m.,Lunes,Automovil,Publico,Conductor,Masculino,No,Sin Registro,Solo Daños,Choque,No mantener distancia de seguridad,Calle 30  Sur Carrera 48,Las Vegas,Urbana,"(6.180376127, -75.59028805)"
2180375,12/02/2018,8:05 a.m.,Lunes,Automovil,Publico,Conductor,Masculino,No,Sin Registro,Solo Daños,Choque,No mantener distancia de seguridad,Calle 30  Sur Carrera 48,Las Vegas,Urbana,"(6.180376127, -75.59028805)"
2180389,12/02/2018,12:00 a.m.,Lunes,Motocicleta,Particular,Motociclista,Masculino,No,Sin Registro,Solo Daños,Choque,No respetar prelacion,Tramo 371 Kilometro  2,Vereda El Escobero,Rural,
2180389,12/02/2018,12:00 a.m.,Lunes,Automovil,Particular,Conductor,Masculino,No,Sin Registro,Solo Daños,Choque,No respetar prelacion,Tramo 371 Kilometro  2,Vereda El Escobero,Rural,
2180385,12/02/2018,4:15 p.m.,Lunes,Automovil,Particular,Conductor,Masculino,No,Sin Registro,Solo Daños,Choque,Desobedecer senales,Transversal 33  Sur Diagonal 32,La Magnolia,Urbana,"(6.174666095, -75.58222807)"
2180385,12/02/2018,4:15 p.m.,Lunes,Automovil,Publico,Conductor,Masculino,No,Sin Registro,Solo Daños,Choque,Desobedecer senales,Transversal 33  Sur Diagonal 32,La Magnolia,Urbana,"(6.174666095, -75.58222807)"
2180391,12/02/2018,10:15 a.m.,Lunes,Campero,Particular,Conductor,Masculino,No,Sin Registro,Solo Daños,Choque,No mantener distancia de seguridad,Calle 37  Sur Carrera 50,Las Vegas,Urbana,
2180387,12/02/2018,3:20 p.m.,Lunes,Bus,Publico,Conductor,Masculino,No,Sin Registro,Solo Daños,Choque,Adelantar cerrando,Diagonal 31 E Transversal 34 C Sur,Obrero,Urbana,"(6.17232973, -75.57930222)"
2180387,12/02/2018,3:20 p.m.,Lunes,Automovil,Particular,Conductor,Femenino,No,Sin Registro,Solo Daños,Choque,Adelantar cerrando,Diagonal 31 E Transversal 34 C Sur,Obrero,Urbana,"(6.17232973, -75.57930222)"
2180391,12/02/2018,10:15 a.m.,Lunes,Automovil,Particular,Conductor,Masculino,No,Sin Registro,Solo Daños,Choque,No mantener distancia de seguridad,Calle 37  Sur Carrera 50,Las Vegas,Urbana,
2180386,12/02/2018,1:20 p.m.,Lunes,Buseta,Publico,Conductor,Masculino,No,Sin Registro,Solo Daños,Choque,Adelantar cerrando,Carrera 48 Calle 39  Sur,Las Vegas,Urbana,"(6.17163722, -75.59364999)"
2180382,12/02/2018,6:30 p.m.,Lunes,Tractocamion,Publico,Conductor,Masculino,No,Sin Registro,Solo Daños,Choque,Reverso imprudente,Carrera 50 Calle 30  Sur,Las Vegas,Urbana,
2180382,12/02/2018,6:30 p.m.,Lunes,Motocicleta,Particular,Motociclista,Femenino,No,Sin Registro,Solo Daños,Choque,Reverso imprudente,Carrera 50 Calle 30  Sur,Las Vegas,Urbana,
2180413,12/02/2018,6:30 p.m.,Lunes,Campero,Particular,Conductor,Masculino,No,Sin Registro,Solo Daños,Choque,No respetar prelacion,Carrera 28 Calle 37 A Sur,Loma De Las Brujas,Urbana,"(6.164229297, -75.57882145)"
2180413,12/02/2018,6:30 p.m.,Lunes,Motocicleta,Particular,Motociclista,Masculino,No,Sin Registro,Solo Daños,Choque,No respetar prelacion,Carrera 28 Calle 37 A Sur,Loma De Las Brujas,Urbana,"(6.164229297, -75.57882145)"
2180412,12/02/2018,12:30 a.m.,Lunes,Automovil,Publico,Conductor,Masculino,No,Sin Registro,Herido,Choque,No mantener distancia de seguridad,Carrera 48 Calle 40  Sur,Las Vegas,Urbana,"(6.168855316, -75.59688767)"
2180412,12/02/2018,12:30 a.m.,Lunes,Motocicleta,Particular,Motociclista,Masculino,No,Sin Registro,Herido,Choque,No mantener distancia de seguridad,Carrera 48 Calle 40  Sur,Las Vegas,Urbana,"(6.168855316, -75.59688767)"
2180412,12/02/2018,12:30 a.m.,Lunes,Motocicleta,Particular,Motociclista,Masculino,No,Sin Registro,Herido,Choque,No mantener distancia de seguridad,Carrera 48 Calle 40  Sur,Las Vegas,Urbana,"(6.168855316, -75.59688767)"
2180395,12/02/2018,5:40 p.m.,Lunes,Motocicleta,Particular,Motociclista,Masculino,No,Sin Registro,Herido,Choque,Transitar entre vehiculos,Carrera 43 A Calle 40  Sur,Avenida El Poblado,Urbana,"(6.168044687, -75.59026877)"
2180395,12/02/2018,5:40 p.m.,Lunes,Motocicleta,Particular,Motociclista,Masculino,No,Sin Registro,Herido,Choque,Transitar entre vehiculos,Carrera 43 A Calle 40  Sur,Avenida El Poblado,Urbana,"(6.168044687, -75.59026877)"
2180383,12/02/2018,2:50 p.m.,Lunes,Buseta,Publico,Conductor,Masculino,No,Sin Registro,Solo Daños,Choque,Desobedecer senales,Calle 25  Sur Carrera 42 B,Las Orquideas,Urbana,"(6.179561127, -75.57986633)"
2180383,12/02/2018,2:50 p.m.,Lunes,Automovil,Particular,Conductor,Femenino,No,Sin Registro,Solo Daños,Choque,Desobedecer senales,Calle 25  Sur Carrera 42 B,Las Orquideas,Urbana,"(6.179561127, -75.57986633)"
2180404,12/02/2018,9:50 a.m.,Lunes,Camioneta,Particular,Conductor,Femenino,No,Sin Registro,Solo Daños,Choque,Adelantar cerrando,Calle 50 Carrera 48,Las Vegas,Urbana,
2180404,12/02/2018,9:50 a.m.,Lunes,Automovil,Particular,Conductor,Masculino,No,Sin Registro,Solo Daños,Choque,Adelantar cerrando,Calle 50 Carrera 48,Las Vegas,Urbana,
2180419,12/02/2018,5:50 p.m.,Lunes,Camioneta,Particular,Conductor,Masculino,No,Sin Registro,Herido,Choque,No mantener distancia de seguridad,Carrera 48 Calle 46  Sur,Las Vegas,Urbana,"(6.166195386, -75.59928549)"
2180419,12/02/2018,5:50 p.m.,Lunes,Motocicleta,Particular,Motociclista,Masculino,No,Sin Registro,Herido,Choque,No mantener distancia de seguridad,Carrera 48 Calle 46  Sur,Las Vegas,Urbana,"(6.166195386, -75.59928549)"
2180397,02/13/2018,6:03 p.m.,Martes,Motocicleta,Particular,Motociclista,Femenino,No,Sin Registro,Solo Daños,Choque,Reverso imprudente,Carrera 44 Calle 21  Sur,Zuñiga,Urbana,"(6.184452316, -75.58014642)"
2180397,02/13/2018,6:03 p.m.,Martes,Camioneta,Particular,Conductor,Sin Registro,No,Sin Registro,Solo Daños,Choque,Reverso imprudente,Carrera 44 Calle 21  Sur,Zuñiga,Urbana,"(6.184452316, -75.58014642)"
2180409,02/13/2018,1:10 p.m.,Martes,Automovil,Publico,Conductor,Masculino,No,Sin Registro,Herido,Choque,No mantener distancia de seguridad,Carrera 48 Calle 26  Sur,Las Vegas,Urbana,"(6.183318111, -75.58553718)"
2180409,02/13/2018,1:10 p.m.,Martes,Motocicleta,Particular,Motociclista,Masculino,No,Sin Registro,Herido,Choque,No mantener distancia de seguridad,Carrera 48 Calle 26  Sur,Las Vegas,Urbana,"(6.183318111, -75.58553718)"
2180409,02/13/2018,1:10 p.m.,Martes,Automovil,Particular,Conductor,Masculino,No,Sin Registro,Herido,Choque,No mantener distancia de seguridad,Carrera 48 Calle 26  Sur,Las Vegas,Urbana,"(6.183318111, -75.58553718)"
2180409,02/13/2018,1:10 p.m.,Martes,Camioneta,Particular,Conductor,Masculino,No,Sin Registro,Herido,Choque,No mantener distancia de seguridad,Carrera 48 Calle 26  Sur,Las Vegas,Urbana,"(6.183318111, -75.58553718)"
2180411,02/13/2018,1:10 p.m.,Martes,Bus,Publico,Conductor,Femenino,No,Sin Registro,Solo Daños,Choque,Impericia en el manejo,Calle 34 DD Sur Carrera 27 D Sur,La Inmaculada,Urbana,"(6.1706621, -75.57577272)"
2180411,02/13/2018,1:10 p.m.,Martes,Motocicleta,Particular,Motociclista,Masculino,No,Sin Registro,Solo Daños,Choque,Impericia en el manejo,Calle 34 DD Sur Carrera 27 D Sur,La Inmaculada,Urbana,"(6.1706621, -75.57577272)"
2180416,02/13/2018,8:10 p.m.,Martes,Campero,Particular,Conductor,Femenino,No,Sin Registro,Solo Daños,Choque,Desobedecer senales,Calle 27  Sur Carrera 28,El Esmeraldal,Urbana,"(6.175346318, -75.5745834)"
2180416,02/13/2018,8:10 p.m.,Martes,Automovil,Particular,Conductor,Femenino,No,Sin Registro,Solo Daños,Choque,Desobedecer senales,Calle 27  Sur Carrera 28,El Esmeraldal,Urbana,"(6.175346318, -75.5745834)"
2180425,02/13/2018,6:20 p.m.,Martes,Buseta,Publico,Conductor,Masculino,No,Sin Registro,Solo Daños,Choque,Adelantar cerrando,Calle 37  Sur Carrera 43,Zona Centro,Urbana,"(6.170662973, -75.58744852)"
2180425,02/13/2018,6:20 p.m.,Martes,Camioneta,Particular,Conductor,Masculino,No,Sin Registro,Solo Daños,Choque,Impericia en el manejo,Calle 37  Sur Carrera 43,Zona Centro,Urbana,"(6.170662973, -75.58744852)"
2180425,02/13/2018,6:20 p.m.,Martes,Camioneta,Particular,Conductor,Masculino,No,Sin Registro,Solo Daños,Choque,Adelantar cerrando,Calle 37  Sur Carrera 43,Zona Centro,Urbana,"(6.170662973, -75.58744852)"
2180425,02/13/2018,6:20 p.m.,Martes,Buseta,Publico,Conductor,Masculino,No,Sin Registro,Solo Daños,Choque,Impericia en el manejo,Calle 37  Sur Carrera 43,Zona Centro,Urbana,"(6.170662973, -75.58744852)"
2180426,02/13/2018,5:20 p.m.,Martes,Automovil,Particular,Conductor,Femenino,No,Sin Registro,Solo Daños,Choque,Adelantar cerrando,Carrera 50 Calle 37  Sur,Las Vegas,Urbana,
2180426,02/13/2018,5:20 p.m.,Martes,Bus,Publico,Conductor,Masculino,No,Sin Registro,Solo Daños,Choque,Adelantar cerrando,Carrera 50 Calle 37  Sur,Las Vegas,Urbana,
2180400,02/13/2018,4:30 p.m.,Martes,Automovil,Particular,Conductor,Masculino,No,Sin Registro,Solo Daños,Choque,No respetar prelacion,Calle 40 AA Sur Carrera 36,El Dorado,Urbana,"(6.164225597, -75.58532014)"
2180400,02/13/2018,4:30 p.m.,Martes,Automovil,Particular,Conductor,Masculino,No,Sin Registro,Solo Daños,Choque,No respetar prelacion,Calle 40 AA Sur Carrera 36,El Dorado,Urbana,"(6.164225597, -75.58532014)"
2180406,02/13/2018,2:30 p.m.,Martes,Motocicleta,Particular,Motociclista,Masculino,No,Sin Registro,Herido,Choque,No respetar prelacion,Carrera 42 B Calle 25 A Sur,Ponte Vedra,Urbana,"(6.179670916, -75.58148675)"
2180406,02/13/2018,2:30 p.m.,Martes,Automovil,Particular,Conductor,Masculino,No,Sin Registro,Herido,Choque,No respetar prelacion,Carrera 42 B Calle 25 A Sur,Ponte Vedra,Urbana,"(6.179670916, -75.58148675)"
2180402,02/13/2018,1:30 p.m.,Martes,Automovil,Publico,Conductor,Masculino,No,Sin Registro,Solo Daños,Choque,Adelantar cerrando,Carrera 43 A Calle 32  Sur,San Marcos,Urbana,"(6.175494708, -75.58575737)"
2180402,02/13/2018,1:30 p.m.,Martes,Camioneta,Particular,Conductor,Femenino,No,Sin Registro,Solo Daños,Choque,Adelantar cerrando,Carrera 43 A Calle 32  Sur,San Marcos,Urbana,"(6.175494708, -75.58575737)"
2180421,02/13/2018,9:30 a.m.,Martes,Automovil,Particular,Conductor,Masculino,No,Sin Registro,Herido,Choque,Transitar entre vehiculos,Carrera 50 Calle 20  Sur,Las Vegas,Urbana,
2180421,02/13/2018,9:30 a.m.,Martes,Bicicleta,Sin Registro,Ciclista,Femenino,No,Sin Registro,Herido,Choque,Transitar entre vehiculos,Carrera 50 Calle 20  Sur,Las Vegas,Urbana,
2180403,02/13/2018,8:40 a.m.,Martes,Camion,Oficial,Conductor,Masculino,No,Sin Registro,Solo Daños,Choque,No respetar prelacion,Carrera 49 Calle 37  Sur,Las Vegas,Urbana,
2180403,02/13/2018,8:40 a.m.,Martes,Camioneta,Particular,Conductor,Masculino,No,Sin Registro,Solo Daños,Choque,No respetar prelacion,Carrera 49 Calle 37  Sur,Las Vegas,Urbana,
2180414,02/13/2018,1:40 p.m.,Martes,Camion,Particular,Conductor,Masculino,No,Sin Registro,Solo Daños,Choque,Impericia en el manejo,Tramo 372 Kilometro  14,Vereda Palmas,Rural,
2180399,02/13/2018,5:40 p.m.,Martes,Automovil,Particular,Conductor,Masculino,No,Sin Registro,Solo Daños,Choque,Adelantar cerrando,Calle 37  Sur Carrera 50,Las Vegas,Urbana,
2180399,02/13/2018,5:40 p.m.,Martes,Tractocamion,Publico,Conductor,Masculino,No,Sin Registro,Solo Daños,Choque,Adelantar cerrando,Calle 37  Sur Carrera 50,Las Vegas,Urbana,
2180408,02/13/2018,6:45 p.m.,Martes,Camion,Publico,Conductor,Masculino,No,Sin Registro,Solo Daños,Choque,Reverso imprudente,Calle 33 B Sur Carrera 43,Zona Centro,Urbana,"(6.172981087, -75.58607623)"
2180408,02/13/2018,6:45 p.m.,Martes,Camioneta,Particular,Conductor,Masculino,No,Sin Registro,Solo Daños,Choque,Reverso imprudente,Calle 33 B Sur Carrera 43,Zona Centro,Urbana,"(6.172981087, -75.58607623)"
2180423,02/13/2018,11:55 a.m.,Martes,Bicicleta,Sin Registro,Ciclista,Masculino,No,Sin Registro,Herido,Atropello,Transitar en contravia,Carrera 42 Calle 35  Sur,Zona Centro,Urbana,"(6.171623749, -75.58604338)"
2180423,02/13/2018,11:55 a.m.,Martes,Bicicleta,Sin Registro,Ciclista,Masculino,No,Sin Registro,Herido,Atropello,Transitar por la calzada,Carrera 42 Calle 35  Sur,Zona Centro,Urbana,"(6.171623749, -75.58604338)"
2180424,02/14/2018,10:00 a.m.,Miércoles,Automovil,Diplomatico,Conductor,Masculino,No,Sin Registro,Solo Daños,Choque,Desobedecer senales,Calle 48 C Sur Carrera 40,Loma Del Barro,Urbana,"(6.158172905, -75.59582201)"
2180424,02/14/2018,10:00 a.m.,Miércoles,Motocicleta,Particular,Motociclista,Masculino,No,Sin Registro,Solo Daños,Choque,Desobedecer senales,Calle 48 C Sur Carrera 40,Loma Del Barro,Urbana,"(6.158172905, -75.59582201)"
2180410,02/14/2018,3:10 p.m.,Miércoles,Bus,Publico,Conductor,Masculino,No,Sin Registro,Solo Daños,Choque,Desobedecer senales,Carrera 27 Calle 27  Sur,La Inmaculada,Urbana,"(6.172298689, -75.56780953)"
2180410,02/14/2018,3:10 p.m.,Miércoles,Automovil,Particular,Conductor,Masculino,No,Sin Registro,Solo Daños,Choque,Desobedecer senales,Carrera 27 Calle 27  Sur,La Inmaculada,Urbana,"(6.172298689, -75.56780953)"
2180433,02/14/2018,5:10 p.m.,Miércoles,Automovil,Particular,Conductor,Femenino,No,Sin Registro,Herido,Choque,Transitar entre vehiculos,Calle 40 B Sur Carrera 26,La Mina,Urbana,"(6.157341539, -75.58151709)"
2180433,02/14/2018,5:10 p.m.,Miércoles,Bicicleta,Sin Registro,Ciclista,Masculino,No,Sin Registro,Herido,Choque,Transitar entre vehiculos,Calle 40 B Sur Carrera 26,La Mina,Urbana,"(6.157341539, -75.58151709)"
2180455,02/14/2018,5:30 a.m.,Miércoles,Bus,Publico,Conductor,Femenino,No,Sin Registro,Herido,Choque,Semaforo en rojo,Carrera 43 A Calle 25 A Sur,Avenida El Poblado,Urbana,"(6.181504184, -75.5817415)"
2180455,02/14/2018,5:30 a.m.,Miércoles,Automovil,Particular,Conductor,Masculino,No,Sin Registro,Herido,Choque,Semaforo en rojo,Carrera 43 A Calle 25 A Sur,Avenida El Poblado,Urbana,"(6.181504184, -75.5817415)"
2180417,02/14/2018,7:10 a.m.,Miércoles,Automovil,Publico,Conductor,Masculino,No,Sin Registro,Solo Daños,Choque,No mantener distancia de seguridad,Carrera 48 Calle 50  Sur,Las Vegas,Urbana,
2180417,02/14/2018,7:10 a.m.,Miércoles,Bus,Publico,Conductor,Masculino,No,Sin Registro,Solo Daños,Choque,No mantener distancia de seguridad,Carrera 48 Calle 50  Sur,Las Vegas,Urbana,
2180451,02/14/2018,11:10 p.m.,Miércoles,Automovil,Publico,Conductor,Femenino,No,Sin Registro,Herido,Choque,Exceso de velocidad,Carrera 48 Calle 32 B Sur,Las Vegas,Urbana,"(6.176994311, -75.58984119)"
2180451,02/14/2018,11:10 p.m.,Miércoles,Automovil,Particular,Conductor,Masculino,No,Sin Registro,Herido,Choque,Exceso de velocidad,Carrera 48 Calle 32 B Sur,Las Vegas,Urbana,"(6.176994311, -75.58984119)"
2180451,02/14/2018,11:10 p.m.,Miércoles,Automovil,Particular,Conductor,Masculino,No,Sin Registro,Herido,Choque,Exceso de velocidad,Carrera 48 Calle 32 B Sur,Las Vegas,Urbana,"(6.176994311, -75.58984119)"
2180451,02/14/2018,11:10 p.m.,Miércoles,Automovil,Particular,Conductor,Masculino,No,Sin Registro,Herido,Choque,Exceso de velocidad,Carrera 48 Calle 32 B Sur,Las Vegas,Urbana,"(6.176994311, -75.58984119)"
2180435,02/14/2018,1:20 p.m.,Miércoles,Motocicleta,Particular,Motociclista,Sin Registro,No,Sin Registro,Solo Daños,Choque,No mantener distancia de seguridad,Carrera 43 A Calle 25 A Sur,Avenida El Poblado,Urbana,"(6.181504184, -75.5817415)"
2180435,02/14/2018,1:20 p.m.,Miércoles,Camioneta,Particular,Conductor,Masculino,No,Sin Registro,Solo Daños,Choque,No mantener distancia de seguridad,Carrera 43 A Calle 25 A Sur,Avenida El Poblado,Urbana,"(6.181504184, -75.5817415)"
2180450,02/14/2018,5:40 a.m.,Miércoles,Camion,Particular,Conductor,Masculino,No,Sin Registro,Herido,Choque,Adelantar cerrando,Carrera 48 Calle 38 A Sur,Las Vegas,Urbana,"(6.172315595, -75.59309025)"
2180450,02/14/2018,5:40 a.m.,Miércoles,Motocicleta,Particular,Motociclista,Masculino,No,Sin Registro,Herido,Choque,No respetar pelacion de interseccion o giros,Carrera 48 Calle 38 A Sur,Las Vegas,Urbana,"(6.172315595, -75.59309025)"
2180450,02/14/2018,5:40 a.m.,Miércoles,Motocicleta,Particular,Motociclista,Masculino,No,Sin Registro,Herido,Choque,Adelantar cerrando,Carrera 48 Calle 38 A Sur,Las Vegas,Urbana,"(6.172315595, -75.59309025)"
2180450,02/14/2018,5:40 a.m.,Miércoles,Camion,Particular,Conductor,Masculino,No,Sin Registro,Herido,Choque,No respetar pelacion de interseccion o giros,Carrera 48 Calle 38 A Sur,Las Vegas,Urbana,"(6.172315595, -75.59309025)"
2180432,02/14/2018,5:30 p.m.,Miércoles,Motocicleta,Particular,Motociclista,Masculino,No,Sin Registro,Herido,Choque,Impericia en el manejo,Tramo 378 Kilometro  1,El Salado,Rural,
2180415,02/14/2018,3:30 p.m.,Miércoles,Campero,Particular,Conductor,Femenino,No,Sin Registro,Solo Daños,Choque,Adelantar invadiendo carril del mismo sentido en zigzag,Calle 36  Sur Carrera 27,El Chocho,Urbana,"(6.167154903, -75.56933697)"
2180415,02/14/2018,3:30 p.m.,Miércoles,Campero,Particular,Conductor,Masculino,No,Sin Registro,Solo Daños,Choque,Adelantar invadiendo carril del mismo sentido en zigzag,Calle 36  Sur Carrera 27,El Chocho,Urbana,"(6.167154903, -75.56933697)"
2180407,02/14/2018,4:45 p.m.,Miércoles,Camioneta,Particular,Conductor,Masculino,No,Sin Registro,Solo Daños,Choque,Girar bruscamente,Carrera 43 A Calle 26  Sur,Avenida El Poblado,Urbana,"(6.180756284, -75.58295442)"
2180407,02/14/2018,4:45 p.m.,Miércoles,Campero,Particular,Conductor,Masculino,No,Sin Registro,Solo Daños,Choque,Girar bruscamente,Carrera 43 A Calle 26  Sur,Avenida El Poblado,Urbana,"(6.180756284, -75.58295442)"
2180422,02/14/2018,12:50 a.m.,Miércoles,Automovil,Particular,Conductor,Femenino,No,Sin Registro,Solo Daños,Choque,No mantener distancia de seguridad,Carrera 50 Calle 30  Sur,Las Vegas,Urbana,
2180422,02/14/2018,12:50 a.m.,Miércoles,Camioneta,Publico,Conductor,Masculino,No,Sin Registro,Solo Daños,Choque,No mantener distancia de seguridad,Carrera 50 Calle 30  Sur,Las Vegas,Urbana,
2180422,02/14/2018,12:50 a.m.,Miércoles,Camioneta,Particular,Conductor,Masculino,No,Sin Registro,Solo Daños,Choque,No mantener distancia de seguridad,Carrera 50 Calle 30  Sur,Las Vegas,Urbana,
2180420,02/15/2018,6:00 a.m.,Jueves,Automovil,Particular,Conductor,Masculino,No,Sin Registro,Solo Daños,Choque,Reverso imprudente,Calle 37 B Sur Carrera 27 E,Loma De Las Brujas,Urbana,"(6.159428343, -75.57378869)"
2180420,02/15/2018,6:00 a.m.,Jueves,Camioneta,Publico,Conductor,Masculino,No,Sin Registro,Solo Daños,Choque,Reverso imprudente,Calle 37 B Sur Carrera 27 E,Loma De Las Brujas,Urbana,"(6.159428343, -75.57378869)"
2180427,02/15/2018,6:15 p.m.,Jueves,Bus,Publico,Conductor,Masculino,No,Sin Registro,Solo Daños,Choque,Adelantar cerrando,Calle 35  Sur Carrera 42,Zona Centro,Urbana,"(6.17174158, -75.58606857)"
2180427,02/15/2018,6:15 p.m.,Jueves,Camioneta,Particular,Conductor,Femenino,No,Sin Registro,Solo Daños,Choque,Adelantar cerrando,Calle 35  Sur Carrera 42,Zona Centro,Urbana,"(6.17174158, -75.58606857)"
2180418,02/15/2018,9:20 p.m.,Jueves,Motocicleta,Particular,Motociclista,Masculino,No,Sin Registro,Herido,Choque,Impericia en el manejo,Calle 40  Sur Carrera 26,San Jose,Urbana,"(6.156750804, -75.58052105)"
2180418,02/15/2018,9:20 p.m.,Jueves,Bus,Publico,Conductor,Masculino,No,Sin Registro,Herido,Choque,Impericia en el manejo,Calle 40  Sur Carrera 26,San Jose,Urbana,"(6.156750804, -75.58052105)"
2180466,02/15/2018,5:20 p.m.,Jueves,Motocicleta,Particular,Motociclista,Masculino,No,Sin Registro,Solo Daños,Choque,Desobedecer senales,Calle 25  Sur Carrera 22 A Sur,Zuñiga,Urbana,