RADICADO,FECHA,HORA,DÍA DE LA SEMANA,CLASE DE VEHICULO,TIPO DE SERVICIO,TIPO DE VICTIMA,SEXO,ESTADO DE BEODEZ,RESULTADO DE BEODEZ,GRAVEDAD,CLASE DE ACCIDENTE,CAUSA,DIRECCIÓN,BARRIO,AREA,Coordenadas
2180466,02/15/2018,5:20 p.m.,Jueves,Camioneta,Particular,Conductor,Masculino,No,Sin Registro,Solo Daños,Choque,Desobedecer senales,Calle 25  Sur Carrera 22 A Sur,Zuñiga,Urbana,
2180430,02/15/2018,8:30 a.m.,Jueves,Bus,Publico,Conductor,Masculino,No,Sin Registro,Herido,Atropello,Impericia en el manejo,Calle 37  Sur Carrera 41,Zona Centro,Urbana,"(6.169855492, -75.58619601)"
2180431,02/15/2018,8:30 a.m.,Jueves,Bus,Publico,Conductor,Masculino,No,Sin Registro,Herido,Atropello,Reverso imprudente,Calle 36  Sur Carrera 22,El Chocho,Urbana,"(6.167809801, -75.56098471)"
2180428,02/15/2018,3:30 p.m.,Jueves,Automovil,Publico,Conductor,Masculino,No,Sin Registro,Solo Daños,Choque,No mantener distancia de seguridad,Carrera 48 Calle 44  Sur,Las Vegas,Urbana,"(6.167284881, -75.59824543)"
2180428,02/15/2018,3:30 p.m.,Jueves,Automovil,Particular,Conductor,Femenino,No,Sin Registro,Solo Daños,Choque,No mantener distancia de seguridad,Carrera 48 Calle 44  Sur,Las Vegas,Urbana,"(6.167284881, -75.59824543)"
2180434,02/15/2018,3:50 p.m.,Jueves,Motocicleta,Diplomatico,Motociclista,Masculino,No,Sin Registro,Solo Daños,Choque,Desobedecer senales,Transversal 34  Sur Diagonal 33,Obrero,Urbana,"(6.172688175, -75.5839342)"
2180434,02/15/2018,3:50 p.m.,Jueves,Automovil,Particular,Conductor,Femenino,No,Sin Registro,Solo Daños,Choque,Desobedecer senales,Transversal 34  Sur Diagonal 33,Obrero,Urbana,"(6.172688175, -75.5839342)"
2180475,02/15/2018,3:50 p.m.,Jueves,Camioneta,Particular,Conductor,Masculino,No,Sin Registro,Solo Daños,Choque,Adelantar invadiendo carril de sentido contrario,Diagonal 31 A Calle 37  Sur,Loma De Las Brujas,Urbana,"(6.170168647, -75.58005225)"
2180475,02/15/2018,3:50 p.m.,Jueves,Buseta,Publico,Conductor,Masculino,No,Sin Registro,Solo Daños,Choque,Adelantar invadiendo carril de sentido contrario,Diagonal 31 A Calle 37  Sur,Loma De Las Brujas,Urbana,"(6.170168647, -75.58005225)"
2180457,02/16/2018,11:20 a.m.,Viernes,Bus,Publico,Conductor,Masculino,No,Sin Registro,Herido,Caida Ocupante,Impericia en el manejo,Calle 38  Sur Carrera 43,Zona Centro,Urbana,"(6.170061667, -75.58783913)"
2180445,02/16/2018,3:30 p.m.,Viernes,Bus,Publico,Conductor,Masculino,No,Sin Registro,Solo Daños,Choque,Adelantar cerrando,Calle 38  Sur Carrera 40 A,Zona Centro,Urbana,"(6.169040015, -75.58626825)"
2180445,02/16/2018,3:30 p.m.,Viernes,Bus,Publico,Conductor,Masculino,No,Sin Registro,Solo Daños,Choque,Adelantar cerrando,Calle 38  Sur Carrera 40 A,Zona Centro,Urbana,"(6.169040015, -75.58626825)"
2180444,02/16/2018,4:40 p.m.,Viernes,Camion,Publico,Conductor,Masculino,No,Sin Registro,Solo Daños,Choque,No respetar prelacion,Carrera 48 Calle 47  Sur,Las Vegas,Urbana,
2180444,02/16/2018,4:40 p.m.,Viernes,Automovil,Particular,Conductor,Masculino,No,Sin Registro,Solo Daños,Choque,No respetar prelacion,Carrera 48 Calle 47  Sur,Las Vegas,Urbana,
2180454,02/16/2018,5:42 a.m.,Viernes,Automovil,Publico,Conductor,Masculino,No,Sin Registro,Herido,Choque,Impericia en el manejo,Tramo 372 Kilometro  14,Vereda Palmas,Rural,
2181455,02/17/2018,6:05 p.m.,Sábado,Camioneta,Particular,Conductor,Sin Registro,No,Sin Registro,Solo Daños,Choque,Reverso imprudente,Calle 28  Sur Carrera 49,Las Vegas,Urbana,
2181455,02/17/2018,6:05 p.m.,Sábado,Motocicleta,Particular,Motociclista,Masculino,No,Sin Registro,Solo Daños,Choque,Reverso imprudente,Calle 28  Sur Carrera 49,Las Vegas,Urbana,
2180446,02/17/2018,4:10 p.m.,Sábado,Buseta,Publico,Conductor,Masculino,No,Sin Registro,Solo Daños,Choque,Impericia en el manejo,Tramo 371 Kilometro  3,Vereda El Escobero,Rural,
2180446,02/17/2018,4:10 p.m.,Sábado,Automovil,Particular,Conductor,Masculino,No,Sin Registro,Solo Daños,Choque,Impericia en el manejo,Tramo 371 Kilometro  3,Vereda El Escobero,Rural,
2180448,02/17/2018,12:20 a.m.,Sábado,Automovil,Particular,Conductor,Femenino,No,Sin Registro,Solo Daños,Choque,Reverso imprudente,Calle 49  Sur Carrera 48,Las Vegas,Urbana,"(6.163238618, -75.60250718)"
2180448,02/17/2018,12:20 a.m.,Sábado,Automovil,Particular,Conductor,Masculino,No,Sin Registro,Solo Daños,Choque,Reverso imprudente,Calle 49  Sur Carrera 48,Las Vegas,Urbana,"(6.163238618, -75.60250718)"
2180439,02/17/2018,6:30 a.m.,Sábado,Buseta,Publico,Conductor,Masculino,No,Sin Registro,Solo Daños,Choque,Reverso imprudente,Carrera 49 Calle 37  Sur,Las Vegas,Urbana,
2180439,02/17/2018,6:30 a.m.,Sábado,Automovil,Particular,Conductor,Masculino,No,Sin Registro,Solo Daños,Choque,Reverso imprudente,Carrera 49 Calle 37  Sur,Las Vegas,Urbana,
2180443,02/17/2018,11:20 p.m.,Sábado,Automovil,Particular,Conductor,Masculino,No,Sin Registro,Solo Daños,Choque,Reverso imprudente,Calle 30  Sur Carrera 46 A,Avenida El Poblado,Urbana,"(6.179166125, -75.58749587)"
2180443,02/17/2018,11:20 p.m.,Sábado,Automovil,Publico,Conductor,Masculino,No,Sin Registro,Solo Daños,Choque,Reverso imprudente,Calle 30  Sur Carrera 46 A,Avenida El Poblado,Urbana,"(6.179166125, -75.58749587)"
2180441,02/17/2018,12:30 a.m.,Sábado,Camioneta,Particular,Conductor,Masculino,No,Sin Registro,Solo Daños,Choque,Adelantar invadiendo carril del mismo sentido en zigzag,Carrera 43 Calle 33 B Sur,Zona Centro,Urbana,"(6.172873357, -75.5860846)"
2180441,02/17/2018,12:30 a.m.,Sábado,Automovil,Particular,Conductor,Masculino,No,Sin Registro,Solo Daños,Choque,Adelantar invadiendo carril del mismo sentido en zigzag,Carrera 43 Calle 33 B Sur,Zona Centro,Urbana,"(6.172873357, -75.5860846)"
2180441,02/17/2018,12:30 a.m.,Sábado,Buseta,Publico,Conductor,Masculino,No,Sin Registro,Solo Daños,Choque,Adelantar invadiendo carril del mismo sentido en zigzag,Carrera 43 Calle 33 B Sur,Zona Centro,Urbana,"(6.172873357, -75.5860846)"
2180442,02/17/2018,12:30 a.m.,Sábado,Camion,Publico,Conductor,Masculino,No,Sin Registro,Solo Daños,Choque,Vehiculo mal estacionado,Tramo 372 Kilometro  16,Vereda Palmas,Rural,
2180442,02/17/2018,12:30 a.m.,Sábado,Automovil,Particular,Conductor,Masculino,No,Sin Registro,Solo Daños,Choque,Reverso imprudente,Tramo 372 Kilometro  16,Vereda Palmas,Rural,
2180442,02/17/2018,12:30 a.m.,Sábado,Automovil,Particular,Conductor,Masculino,No,Sin Registro,Solo Daños,Choque,Vehiculo mal estacionado,Tramo 372 Kilometro  16,Vereda Palmas,Rural,
2180442,02/17/2018,12:30 a.m.,Sábado,Camion,Publico,Conductor,Masculino,No,Sin Registro,Solo Daños,Choque,Reverso imprudente,Tramo 372 Kilometro  16,Vereda Palmas,Rural,
2180438,02/17/2018,9:41 a.m.,Sábado,Motocicleta,Particular,Motociclista,Masculino,No,Sin Registro,Solo Daños,Choque,Adelantar invadiendo carril del mismo sentido en zigzag,Calle 46  Sur Carrera 43 A,Primavera,Urbana,"(6.164149951, -75.5959975)"
2180438,02/17/2018,9:41 a.m.,Sábado,Automovil,Particular,Conductor,Femenino,No,Sin Registro,Solo Daños,Choque,Adelantar invadiendo carril del mismo sentido en zigzag,Calle 46  Sur Carrera 43 A,Primavera,Urbana,"(6.164149951, -75.5959975)"
2180447,02/17/2018,8:50 p.m.,Sábado,Automovil,Particular,Conductor,Masculino,No,Sin Registro,Solo Daños,Choque,No mantener distancia de seguridad,Carrera 29 Calle 39 B Sur,San Jose,Urbana,"(6.161971924, -75.58161785)"
2180447,02/17/2018,8:50 p.m.,Sábado,Automovil,Publico,Conductor,Masculino,No,Sin Registro,Solo Daños,Choque,No mantener distancia de seguridad,Carrera 29 Calle 39 B Sur,San Jose,Urbana,"(6.161971924, -75.58161785)"
2180437,02/18/2018,7:00 p.m.,Domingo,Campero,Publico,Conductor,Masculino,No,Sin Registro,Solo Daños,Choque,Impericia en el manejo,Carrera 43 Calle 43,El Portal,Urbana,
2180437,02/18/2018,7:00 p.m.,Domingo,Automovil,Particular,Conductor,Masculino,No,Sin Registro,Solo Daños,Choque,Impericia en el manejo,Carrera 43 Calle 43,El Portal,Urbana,
2180440,02/18/2018,7:05 p.m.,Domingo,Camioneta,Particular,Conductor,Masculino,No,Sin Registro,Solo Daños,Choque,Impericia en el manejo,Calle 45  Sur Carrera 44 A,Primavera,Urbana,"(6.165836791, -75.59533738)"
2180449,02/18/2018,4:20 a.m.,Domingo,Motocicleta,Particular,Motociclista,Masculino,No,Sin Registro,Muerto,Caida Ocupante,Trasportar otras personas o cosas,Tramo 372 Kilometro  12,Vereda Palmas,Rural,
2180456,02/18/2018,9:30 p.m.,Domingo,Bicicleta,Sin Registro,Ciclista,Masculino,No,Sin Registro,Solo Daños,Choque,Impericia en el manejo,Calle 45 A Sur Carrera 39 B,Las Antillas,Urbana,"(6.160320892, -75.59000566)"
2180476,02/18/2018,9:30 p.m.,Domingo,Automovil,Particular,Conductor,Masculino,No,Sin Registro,Solo Daños,Choque,No mantener distancia de seguridad,Carrera 48 Calle 19  Sur,Las Vegas,Urbana,"(6.187349001, -75.58153568)"
2180476,02/18/2018,9:30 p.m.,Domingo,Motocicleta,Particular,Motociclista,Masculino,No,Sin Registro,Solo Daños,Choque,No mantener distancia de seguridad,Carrera 48 Calle 19  Sur,Las Vegas,Urbana,"(6.187349001, -75.58153568)"
2180436,02/18/2018,5:30 p.m.,Domingo,Campero,Diplomatico,Conductor,Masculino,No,Sin Registro,Solo Daños,Choque,No mantener distancia de seguridad,Carrera 48 Calle 25  Sur,Las Vegas,Urbana,"(6.185059174, -75.58329333)"
2180436,02/18/2018,5:30 p.m.,Domingo,Campero,Particular,Conductor,Masculino,No,Sin Registro,Solo Daños,Choque,No mantener distancia de seguridad,Carrera 48 Calle 25  Sur,Las Vegas,Urbana,"(6.185059174, -75.58329333)"
2180452,02/18/2018,10:44 a.m.,Domingo,Camioneta,Particular,Conductor,Masculino,No,Sin Registro,Herido,Volcamiento,Impericia en el manejo,Tramo 372 Kilometro  4,Vereda El Escobero,Rural,
2180453,02/18/2018,2:50 p.m.,Domingo,Motocicleta,Particular,Motociclista,Masculino,No,Sin Registro,Herido,Atropello,Cruzar sin observar,Calle 40  Sur Carrera 25,El Salado,Urbana,"(6.153533784, -75.5786843)"
2180452,02/18/2018,10:44 a.m.,Domingo,Camioneta,Particular,Conductor,Masculino,No,Sin Registro,Herido,Volcamiento,Exceso de velocidad,Tramo 372 Kilometro  4,Vereda El Escobero,Rural,
2180462,02/18/2018,4:50 p.m.,Domingo,Motocicleta,Particular,Motociclista,Masculino,No,Sin Registro,Solo Daños,Choque,Desobedecer senales,Diagonal 33 Transversal 34 A Sur,Obrero,Urbana,"(6.172216386, -75.58364915)"
2170064,01/13/2017,7:30 p.m.,Viernes,Motocicleta,Particular,Motociclista,Masculino,NO,Sin Registro,Herido,Choque,Otra,Calle 41  Sur Carrera 30,San Rafael,Urbana,
2180462,02/18/2018,4:50 p.m.,Domingo,Motocicleta,Particular,Motociclista,Masculino,No,Sin Registro,Solo Daños,Choque,Desobedecer senales,Diagonal 33 Transversal 34 A Sur,Obrero,Urbana,"(6.172216386, -75.58364915)"
2180470,02/19/2018,11:00 a.m.,Lunes,Bicicleta,Sin Registro,Ciclista,Masculino,No,Sin Registro,Herido,Choque,No respetar prelacion,Calle 40 D Sur Carrera 25,La Mina,Urbana,"(6.156572237, -75.58168333)"
2180470,02/19/2018,11:00 a.m.,Lunes,Automovil,Particular,Conductor,Masculino,No,Sin Registro,Herido,Choque,No respetar prelacion,Calle 40 D Sur Carrera 25,La Mina,Urbana,"(6.156572237, -75.58168333)"
2180464,02/19/2018,8:00 a.m.,Lunes,Tractocamion,Publico,Conductor,Masculino,No,Sin Registro,Solo Daños,Choque,Reverso imprudente,Calle 43  Sur Carrera 48,Glorieta De Peldar,Urbana,"(6.168592602, -75.597529)"
2180464,02/19/2018,8:00 a.m.,Lunes,Camion,Publico,Conductor,Masculino,No,Sin Registro,Solo Daños,Choque,Reverso imprudente,Calle 43  Sur Carrera 48,Glorieta De Peldar,Urbana,"(6.168592602, -75.597529)"
2180469,02/19/2018,4:00 p.m.,Lunes,Automovil,Publico,Conductor,Masculino,No,Sin Registro,Solo Daños,Choque,Adelantar cerrando,Carrera 43 A Calle 39  Sur,Alcala,Urbana,"(6.169011071, -75.5894849)"
2180469,02/19/2018,4:00 p.m.,Lunes,Motocicleta,Particular,Motociclista,Masculino,No,Sin Registro,Solo Daños,Choque,Adelantar cerrando,Carrera 43 A Calle 39  Sur,Alcala,Urbana,"(6.169011071, -75.5894849)"
2180465,02/19/2018,9:10 a.m.,Lunes,Campero,Particular,Conductor,Masculino,No,Sin Registro,Solo Daños,Choque,Girar bruscamente,Calle 38 A Sur Carrera 41,Zona Centro,Urbana,"(6.168560755, -75.58701537)"
2180465,02/19/2018,9:10 a.m.,Lunes,Motocicleta,Particular,Motociclista,Masculino,No,Sin Registro,Solo Daños,Choque,Girar bruscamente,Calle 38 A Sur Carrera 41,Zona Centro,Urbana,"(6.168560755, -75.58701537)"
2180467,02/19/2018,9:10 a.m.,Lunes,Automovil,Particular,Conductor,Masculino,No,Sin Registro,Solo Daños,Choque,Desobedecer senales,Calle 46 A Sur Carrera 49,Primavera,Urbana,"(6.167038176, -75.60081726)"
2180467,02/19/2018,9:10 a.m.,Lunes,Automovil,Publico,Conductor,Masculino,No,Sin Registro,Solo Daños,Choque,Desobedecer senales,Calle 46 A Sur Carrera 49,Primavera,Urbana,"(6.167038176, -75.60081726)"
2180478,02/19/2018,9:10 a.m.,Lunes,Automovil,Particular,Conductor,Femenino,No,Sin Registro,Solo Daños,Choque,No mantener distancia de seguridad,Carrera 50 Calle 43  Sur,Las Vegas,Urbana,
2180478,02/19/2018,9:10 a.m.,Lunes,Motocicleta,Particular,Motociclista,Masculino,No,Sin Registro,Solo Daños,Choque,No mantener distancia de seguridad,Carrera 50 Calle 43  Sur,Las Vegas,Urbana,
2180468,02/19/2018,11:30 a.m.,Lunes,Automovil,Particular,Conductor,Femenino,No,Sin Registro,Solo Daños,Choque,Poner en marcha un vehiculo sin precauci,Carrera 48 Calle 34  Sur,Glorieta De Peldar,Urbana,"(6.175414344, -75.59078218)"
2180468,02/19/2018,11:30 a.m.,Lunes,Automovil,Particular,Conductor,Femenino,No,Sin Registro,Solo Daños,Choque,Poner en marcha un vehiculo sin precauci,Carrera 48 Calle 34  Sur,Glorieta De Peldar,Urbana,"(6.175414344, -75.59078218)"
2180461,02/19/2018,6:30 a.m.,Lunes,Automovil,Publico,Conductor,Masculino,No,Sin Registro,Herido,Choque,Desobedecer senales,Calle 38 A Sur Carrera 38,Mesa,Urbana,"(6.167339205, -75.58513636)"
2180461,02/19/2018,6:30 a.m.,Lunes,Motocicleta,Particular,Motociclista,Masculino,No,Sin Registro,Herido,Choque,Desobedecer senales,Calle 38 A Sur Carrera 38,Mesa,Urbana,"(6.167339205, -75.58513636)"
2180463,02/19/2018,10:40 a.m.,Lunes,Motocicleta,Particular,Motociclista,Masculino,No,Sin Registro,Herido,Choque,Transitar entre vehiculos,Calle 39  Sur Carrera 28,San Jose,Urbana,"(6.160790572, -75.57942846)"
2180463,02/19/2018,10:40 a.m.,Lunes,Motocicleta,Particular,Motociclista,Masculino,No,Sin Registro,Herido,Choque,Transitar entre vehiculos,Calle 39  Sur Carrera 28,San Jose,Urbana,"(6.160790572, -75.57942846)"
2180459,02/19/2018,3:50 p.m.,Lunes,Bus,Publico,Conductor,Masculino,No,Sin Registro,Herido,Atropello,Cruzar sin observar,Calle 30  Sur Carrera 45 A,Jardines,Urbana,"(6.178033442, -75.58652397)"
2180458,02/19/2018,12:40 a.m.,Lunes,Automovil,Particular,Conductor,Masculino,No,Sin Registro,Herido,Atropello,No mantener distancia de seguridad,Calle 38  Sur Carrera 44,Alcala,Urbana,"(6.170783841, -75.58925878)"
2180458,02/19/2018,12:40 a.m.,Lunes,Motocicleta,Particular,Motociclista,Masculino,No,Sin Registro,Herido,Atropello,No mantener distancia de seguridad,Calle 38  Sur Carrera 44,Alcala,Urbana,"(6.170783841, -75.58925878)"
2180477,02/19/2018,7:50 p.m.,Lunes,Automovil,Particular,Conductor,Masculino,No,Sin Registro,Solo Daños,Choque,No mantener distancia de seguridad,Carrera 48 Calle 50  Sur,Las Casitas,Urbana,
2180477,02/19/2018,7:50 p.m.,Lunes,Automovil,Particular,Conductor,Femenino,No,Sin Registro,Solo Daños,Choque,No mantener distancia de seguridad,Carrera 48 Calle 50  Sur,Las Casitas,Urbana,
2180474,02/20/2018,2:00 p.m.,Martes,Automovil,Publico,Conductor,Sin Registro,No,Sin Registro,Solo Daños,Choque,Adelantar invadiendo carril del mismo sentido en zigzag,Carrera 40 Calle 36  Sur,Zona Centro,Urbana,"(6.17006539, -75.58502916)"
2180474,02/20/2018,2:00 p.m.,Martes,Automovil,Particular,Conductor,Femenino,No,Sin Registro,Solo Daños,Choque,Adelantar invadiendo carril del mismo sentido en zigzag,Carrera 40 Calle 36  Sur,Zona Centro,Urbana,"(6.17006539, -75.58502916)"
2180473,02/20/2018,4:00 p.m.,Martes,Buseta,Publico,Conductor,Masculino,No,Sin Registro,Solo Daños,Choque,Reverso imprudente,Carrera 49 A Calle 46 A Sur,Las Vegas,Urbana,"(6.167871749, -75.60213877)"
2180473,02/20/2018,4:00 p.m.,Martes,Automovil,Particular,Conductor,Masculino,No,Sin Registro,Solo Daños,Choque,Reverso imprudente,Carrera 49 A Calle 46 A Sur,Las Vegas,Urbana,"(6.167871749, -75.60213877)"
2180480,02/20/2018,6:05 p.m.,Martes,Camion,Publico,Conductor,Masculino,No,Sin Registro,Herido,Volcamiento,Impericia en el manejo,Tramo 371 Kilometro  4,Vereda El Escobero,Rural,
2180480,02/20/2018,6:05 p.m.,Martes,Camion,Publico,Conductor,Masculino,No,Sin Registro,Herido,Volcamiento,Exceso de velocidad,Tramo 371 Kilometro  4,Vereda El Escobero,Rural,
2170064,01/13/2017,7:30 p.m.,Viernes,Camioneta,Particular,Conductor,Masculino,NO,Sin Registro,Herido,Choque,Otra,Calle 41  Sur Carrera 30,San Rafael,Urbana,
2180479,02/20/2018,12:10 a.m.,Martes,Camioneta,Oficial,Conductor,Masculino,No,Sin Registro,Solo Daños,Choque,No mantener distancia de seguridad,Carrera 37 Calle 37  Sur,Mesa,Urbana,"(6.168235518, -75.58374706)"
2180479,02/20/2018,12:10 a.m.,Martes,Bus,Publico,Conductor,Masculino,No,Sin Registro,Solo Daños,Choque,No mantener distancia de seguridad,Carrera 37 Calle 37  Sur,Mesa,Urbana,"(6.168235518, -75.58374706)"
2180495,02/20/2018,9:10 p.m.,Martes,Buseta,Publico,Conductor,Masculino,No,Sin Registro,Solo Daños,Choque,Impericia en el manejo,Tramo 371 Kilometro  4,Vereda El Escobero,Rural,
2180494,02/20/2018,4:05 p.m.,Martes,Automovil,Publico,Conductor,Masculino,No,Sin Registro,Solo Daños,Volcamiento,Impericia en el manejo,Tramo 372 Kilometro  14,Vereda Palmas,Rural,
2180494,02/20/2018,4:05 p.m.,Martes,Camioneta,Particular,Conductor,Masculino,No,Sin Registro,Solo Daños,Volcamiento,Impericia en el manejo,Tramo 372 Kilometro  14,Vereda Palmas,Rural,
2180503,02/20/2018,1:10 p.m.,Martes,Camioneta,Particular,Conductor,Femenino,No,Sin Registro,Solo Daños,Choque,No mantener distancia de seguridad,Diagonal 31 Transversal 32 CC Sur,Las Flores,Urbana,"(6.174681134, -75.57847104)"
2180503,02/20/2018,1:10 p.m.,Martes,Bus,Publico,Conductor,Masculino,No,Sin Registro,Solo Daños,Choque,No mantener distancia de seguridad,Diagonal 31 Transversal 32 CC Sur,Las Flores,Urbana,"(6.174681134, -75.57847104)"
2180488,02/20/2018,6:20 a.m.,Martes,Bus,Publico,Conductor,Masculino,No,Sin Registro,Solo Daños,Choque,No mantener distancia de seguridad,Carrera 48 Calle 30  Sur,Las Vegas,Urbana,"(6.179366643, -75.5880841)"
2180488,02/20/2018,6:20 a.m.,Martes,Automovil,Particular,Conductor,Masculino,No,Sin Registro,Solo Daños,Choque,No mantener distancia de seguridad,Carrera 48 Calle 30  Sur,Las Vegas,Urbana,"(6.179366643, -75.5880841)"
2180482,02/20/2018,3:15 p.m.,Martes,Camioneta,Diplomatico,Conductor,Femenino,No,Sin Registro,Solo Daños,Choque,Desobedecer senales,Calle 36 D Sur Carrera 26 A,Vereda El Escobero,Urbana,"(6.161435642, -75.56848949)"
2180482,02/20/2018,3:15 p.m.,Martes,Campero,Particular,Conductor,Femenino,No,Sin Registro,Solo Daños,Choque,Desobedecer senales,Calle 36 D Sur Carrera 26 A,Vereda El Escobero,Urbana,"(6.161435642, -75.56848949)"
2180489,02/20/2018,7:20 a.m.,Martes,Automovil,Particular,Conductor,Masculino,No,Sin Registro,Solo Daños,Choque,Impericia en el manejo,Calle 37  Sur Carrera 36,Mesa,Urbana,"(6.168044613, -75.58323697)"
2180489,02/20/2018,7:20 a.m.,Martes,Automovil,Particular,Conductor,Masculino,No,Sin Registro,Solo Daños,Choque,Impericia en el manejo,Calle 37  Sur Carrera 36,Mesa,Urbana,"(6.168044613, -75.58323697)"
2180487,02/20/2018,4:30 p.m.,Martes,Automovil,Particular,Conductor,Femenino,No,Sin Registro,Solo Daños,Choque,No mantener distancia de seguridad,Calle 27  Sur Carrera 28,El Esmeraldal,Urbana,"(6.175346318, -75.5745834)"
2180487,02/20/2018,4:30 p.m.,Martes,Automovil,Particular,Conductor,Femenino,No,Sin Registro,Solo Daños,Choque,No mantener distancia de seguridad,Calle 27  Sur Carrera 28,El Esmeraldal,Urbana,"(6.175346318, -75.5745834)"
2180481,02/20/2018,6:30 a.m.,Martes,Bus,Publico,Conductor,Masculino,No,Sin Registro,Solo Daños,Choque,No mantener distancia de seguridad,Tramo 372 Kilometro  15,Vereda Palmas,Rural,
2180481,02/20/2018,6:30 a.m.,Martes,Motocicleta,Particular,Conductor,Masculino,No,Sin Registro,Solo Daños,Choque,No mantener distancia de seguridad,Tramo 372 Kilometro  15,Vereda Palmas,Rural,
2180481,02/20/2018,6:30 a.m.,Martes,Bus,Publico,Conductor,Masculino,No,Sin Registro,Solo Daños,Choque,No mantener distancia de seguridad,Tramo 372 Kilometro  15,Vereda Palmas,Rural,
2180491,02/20/2018,7:35 p.m.,Martes,Automovil,Particular,Conductor,Masculino,No,Sin Registro,Solo Daños,Choque,Adelantar cerrando,Calle 50  Sur Carrera 48,Las Vegas,Urbana,
2180491,02/20/2018,7:35 p.m.,Martes,Bus,Publico,Conductor,Masculino,No,Sin Registro,Solo Daños,Choque,Adelantar cerrando,Calle 50  Sur Carrera 48,Las Vegas,Urbana,
2180484,02/20/2018,5:40 p.m.,Martes,Automovil,Publico,Conductor,Masculino,No,Sin Registro,Herido,Choque,Adelantar en zona prohibida,Carrera 48 Calle 25 AA Sur,Las Vegas,Urbana,"(6.183765745, -75.58469035)"
2180484,02/20/2018,5:40 p.m.,Martes,Motocicleta,Particular,Motociclista,Masculino,No,Sin Registro,Herido,Choque,Adelantar en zona prohibida,Carrera 48 Calle 25 AA Sur,Las Vegas,Urbana,"(6.183765745, -75.58469035)"
2180471,02/20/2018,7:40 a.m.,Martes,Camioneta,Publico,Conductor,Masculino,No,Sin Registro,Herido,Choque,Desobedecer senales,Calle 47  Sur Carrera 40,El Trianon,Urbana,"(6.15929595, -75.5937748)"
2180471,02/20/2018,7:40 a.m.,Martes,Motocicleta,Particular,Motociclista,Femenino,No,Sin Registro,Herido,Choque,Desobedecer senales,Calle 47  Sur Carrera 40,El Trianon,Urbana,"(6.15929595, -75.5937748)"
2180498,02/20/2018,4:50 p.m.,Martes,Automovil,Particular,Conductor,Masculino,No,Sin Registro,Herido,Caida Ocupante,Desobedecer senales,Transversal 34 A Sur Diagonal 39,La Magnolia,Urbana,"(6.171998055, -75.5844044)"
2180498,02/20/2018,4:50 p.m.,Martes,Motocicleta,Particular,Motociclista,Masculino,No,Sin Registro,Herido,Caida Ocupante,Impericia en el manejo,Transversal 34 A Sur Diagonal 39,La Magnolia,Urbana,"(6.171998055, -75.5844044)"
2180498,02/20/2018,4:50 p.m.,Martes,Motocicleta,Particular,Motociclista,Masculino,No,Sin Registro,Herido,Caida Ocupante,Desobedecer senales,Transversal 34 A Sur Diagonal 39,La Magnolia,Urbana,"(6.171998055, -75.5844044)"
2180498,02/20/2018,4:50 p.m.,Martes,Automovil,Particular,Conductor,Masculino,No,Sin Registro,Herido,Caida Ocupante,Impericia en el manejo,Transversal 34 A Sur Diagonal 39,La Magnolia,Urbana,"(6.171998055, -75.5844044)"
2180472,02/20/2018,7:50 p.m.,Martes,Automovil,Particular,Conductor,Masculino,No,Sin Registro,Solo Daños,Choque,Reverso imprudente,Carrera 40 Calle 48 B Sur,El Trianon,Urbana,"(6.158358186, -75.59526149)"
2180472,02/20/2018,7:50 p.m.,Martes,Automovil,Particular,Conductor,Masculino,No,Sin Registro,Solo Daños,Choque,Vehiculo mal estacionado,Carrera 40 Calle 48 B Sur,El Trianon,Urbana,"(6.158358186, -75.59526149)"
2180472,02/20/2018,7:50 p.m.,Martes,Automovil,Particular,Conductor,Masculino,No,Sin Registro,Solo Daños,Choque,Reverso imprudente,Carrera 40 Calle 48 B Sur,El Trianon,Urbana,"(6.158358186, -75.59526149)"
2180472,02/20/2018,7:50 p.m.,Martes,Automovil,Particular,Conductor,Masculino,No,Sin Registro,Solo Daños,Choque,Vehiculo mal estacionado,Carrera 40 Calle 48 B Sur,El Trianon,Urbana,"(6.158358186, -75.59526149)"
2180496,02/21/2018,2:00 p.m.,Miércoles,Automovil,Particular,Conductor,Masculino,No,Sin Registro,Solo Daños,Choque,Desobedecer senales,Calle 25  Sur Carrera 48,Las Vegas,Urbana,
2180496,02/21/2018,2:00 p.m.,Miércoles,Motocicleta,Particular,Motociclista,Masculino,No,Sin Registro,Solo Daños,Choque,Desobedecer senales,Calle 25  Sur Carrera 48,Las Vegas,Urbana,
2180483,02/21/2018,3:00 p.m.,Miércoles,Automovil,Particular,Conductor,Femenino,No,Sin Registro,Solo Daños,Choque,Desobedecer senales,Carrera 45 A Calle 36  Sur,El Portal,Urbana,"(6.172729696, -75.58933958)"
2180483,02/21/2018,3:00 p.m.,Miércoles,Motocicleta,Particular,Motociclista,Masculino,No,Sin Registro,Solo Daños,Choque,Desobedecer senales,Carrera 45 A Calle 36  Sur,El Portal,Urbana,"(6.172729696, -75.58933958)"
2180490,02/21/2018,1:00 p.m.,Miércoles,Automovil,Particular,Conductor,Femenino,No,Sin Registro,Solo Daños,Choque,Reverso imprudente,Carrera 27 D Calle 34 DD Sur,La Inmaculada,Urbana,"(6.170304561, -75.57558236)"