RADICADO,FECHA,HORA,DÍA DE LA SEMANA,CLASE DE VEHICULO,TIPO DE SERVICIO,TIPO DE VICTIMA,SEXO,ESTADO DE BEODEZ,RESULTADO DE BEODEZ,GRAVEDAD,CLASE DE ACCIDENTE,CAUSA,DIRECCIÓN,BARRIO,AREA,Coordenadas
2180490,02/21/2018,1:00 p.m.,Miércoles,Automovil,Publico,Conductor,Masculino,No,Sin Registro,Solo Daños,Choque,Reverso imprudente,Carrera 27 D Calle 34 DD Sur,La Inmaculada,Urbana,"(6.170304561, -75.57558236)"
2180486,02/21/2018,9:15 a.m.,Miércoles,Camion,Publico,Conductor,Masculino,No,Sin Registro,Solo Daños,Choque,Impericia en el manejo,Carrera 30 Calle 41  Sur,El Dorado,Urbana,"(6.160372828, -75.5852574)"
2180486,02/21/2018,9:15 a.m.,Miércoles,Automovil,Particular,Conductor,Masculino,No,Sin Registro,Solo Daños,Choque,Impericia en el manejo,Carrera 30 Calle 41  Sur,El Dorado,Urbana,"(6.160372828, -75.5852574)"
2180510,02/21/2018,8:10 p.m.,Miércoles,Automovil,Particular,Conductor,Masculino,No,Sin Registro,Herido,Choque,Impericia en el manejo,Calle 46 A Sur Carrera 42,La Paz,Urbana,"(6.161603623, -75.59385214)"
2180510,02/21/2018,8:10 p.m.,Miércoles,Motocicleta,Particular,Motociclista,Masculino,No,Sin Registro,Herido,Choque,Impericia en el manejo,Calle 46 A Sur Carrera 42,La Paz,Urbana,"(6.161603623, -75.59385214)"
2180504,02/21/2018,8:15 p.m.,Miércoles,Camioneta,Particular,Conductor,Femenino,No,Sin Registro,Solo Daños,Choque,Desobedecer senales,Calle 38  Sur Carrera 36,Mesa,Urbana,"(6.167371692, -75.58367367)"
2180504,02/21/2018,8:15 p.m.,Miércoles,Motocicleta,Particular,Motociclista,Masculino,No,Sin Registro,Solo Daños,Choque,Desobedecer senales,Calle 38  Sur Carrera 36,Mesa,Urbana,"(6.167371692, -75.58367367)"
2180501,02/21/2018,11:40 a.m.,Miércoles,Automovil,Particular,Conductor,Masculino,No,Sin Registro,Solo Daños,Choque,Desobedecer senales,Calle 30  Sur Carrera 46 A,Jardines,Urbana,"(6.179166125, -75.58749587)"
2180485,02/21/2018,1:30 p.m.,Miércoles,Campero,Particular,Conductor,Masculino,No,Sin Registro,Solo Daños,Choque,No mantener distancia de seguridad,Carrera 48 Calle 44  Sur,Las Vegas,Urbana,"(6.167284881, -75.59824543)"
2180485,02/21/2018,1:30 p.m.,Miércoles,Camion,Publico,Conductor,Masculino,No,Sin Registro,Solo Daños,Choque,No mantener distancia de seguridad,Carrera 48 Calle 44  Sur,Las Vegas,Urbana,"(6.167284881, -75.59824543)"
2180501,02/21/2018,11:40 a.m.,Miércoles,Motocicleta,Particular,Motociclista,Masculino,No,Sin Registro,Solo Daños,Choque,Desobedecer senales,Calle 30  Sur Carrera 46 A,Jardines,Urbana,"(6.179166125, -75.58749587)"
2180492,02/21/2018,12:30 a.m.,Miércoles,Automovil,Particular,Conductor,Masculino,No,Sin Registro,Solo Daños,Choque,No mantener distancia de seguridad,Carrera 48 Calle 49  Sur,Las Vegas,Urbana,"(6.162978079, -75.60240161)"
2180492,02/21/2018,12:30 a.m.,Miércoles,Bus,Publico,Conductor,Masculino,No,Sin Registro,Solo Daños,Choque,No mantener distancia de seguridad,Carrera 48 Calle 49  Sur,Las Vegas,Urbana,"(6.162978079, -75.60240161)"
2180493,02/21/2018,9:55 a.m.,Miércoles,Motocicleta,Particular,Motociclista,Masculino,No,Sin Registro,Solo Daños,Choque,Transitar entre vehiculos,Carrera 50 Calle 30  Sur,Las Vegas,Urbana,
2180493,02/21/2018,9:55 a.m.,Miércoles,Automovil,Particular,Conductor,Masculino,No,Sin Registro,Solo Daños,Choque,Transitar entre vehiculos,Carrera 50 Calle 30  Sur,Las Vegas,Urbana,
2180499,02/22/2018,3:00 p.m.,Jueves,Bus,Publico,Conductor,Masculino,No,Sin Registro,Solo Daños,Choque,No mantener distancia de seguridad,Carrera 43 A Calle 40  Sur,Alcala,Urbana,"(6.168044687, -75.59026877)"
2180499,02/22/2018,3:00 p.m.,Jueves,Automovil,Particular,Conductor,Masculino,No,Sin Registro,Solo Daños,Choque,No mantener distancia de seguridad,Carrera 43 A Calle 40  Sur,Alcala,Urbana,"(6.168044687, -75.59026877)"
2180500,02/22/2018,4:00 p.m.,Jueves,Automovil,Particular,Conductor,Masculino,No,Sin Registro,Herido,Choque,Transitar entre vehiculos,Carrera 48 Calle 25 A Sur,Las Vegas,Urbana,"(6.184740152, -75.58365742)"
2180500,02/22/2018,4:00 p.m.,Jueves,Motocicleta,Particular,Motociclista,Femenino,No,Sin Registro,Herido,Choque,Transitar entre vehiculos,Carrera 48 Calle 25 A Sur,Las Vegas,Urbana,"(6.184740152, -75.58365742)"
2180512,02/22/2018,6:20 a.m.,Jueves,Camion,Publico,Conductor,Masculino,No,Sin Registro,Herido,Choque,Vehiculo mal estacionado,Tramo 371 Kilometro  11,Vereda El Escobero,Rural,
2180512,02/22/2018,6:20 a.m.,Jueves,Motocicleta,Particular,Motociclista,Masculino,No,Sin Registro,Herido,Choque,Vehiculo mal estacionado,Tramo 371 Kilometro  11,Vereda El Escobero,Rural,
2180505,02/22/2018,5:20 p.m.,Jueves,Automovil,Particular,Conductor,Masculino,No,Sin Registro,Solo Daños,Choque,Reverso imprudente,Carrera 49 Calle 26  Sur,Las Vegas,Urbana,
2180505,02/22/2018,5:20 p.m.,Jueves,Camion,Publico,Conductor,Masculino,No,Sin Registro,Solo Daños,Choque,Reverso imprudente,Carrera 49 Calle 26  Sur,Las Vegas,Urbana,
2180506,02/22/2018,4:30 p.m.,Jueves,Bus,Publico,Conductor,Masculino,No,Sin Registro,Solo Daños,Choque,Adelantar cerrando,Calle 38 A Sur Carrera 48,Las Vegas,Urbana,"(6.168560755, -75.58701537)"
2180506,02/22/2018,4:30 p.m.,Jueves,Automovil,Particular,Conductor,Femenino,No,Sin Registro,Solo Daños,Choque,Adelantar cerrando,Calle 38 A Sur Carrera 48,Las Vegas,Urbana,"(6.168560755, -75.58701537)"
2180507,02/22/2018,1:30 p.m.,Jueves,Automovil,Particular,Conductor,Masculino,No,Sin Registro,Solo Daños,Choque,No mantener distancia de seguridad,Calle 48 C Sur Carrera 43 A,Las Casitas,Urbana,"(6.162378903, -75.59763059)"
2180507,02/22/2018,1:30 p.m.,Jueves,Motocicleta,Particular,Motociclista,Sin Registro,No,Sin Registro,Solo Daños,Choque,No mantener distancia de seguridad,Calle 48 C Sur Carrera 43 A,Las Casitas,Urbana,"(6.162378903, -75.59763059)"
2180502,02/22/2018,6:45 a.m.,Jueves,Automovil,Particular,Conductor,Femenino,No,Sin Registro,Solo Daños,Choque,No mantener distancia de seguridad,Calle 25  Sur Carrera 42 B,Zuñiga,Urbana,"(6.179561127, -75.57986633)"
2180502,02/22/2018,6:45 a.m.,Jueves,Motocicleta,Particular,Motociclista,Femenino,No,Sin Registro,Solo Daños,Choque,No mantener distancia de seguridad,Calle 25  Sur Carrera 42 B,Zuñiga,Urbana,"(6.179561127, -75.57986633)"
2180508,02/22/2018,1:50 p.m.,Jueves,Campero,Particular,Conductor,Masculino,No,Sin Registro,Solo Daños,Choque,No mantener distancia de seguridad,Carrera 43 A Calle 48 C Sur,Primavera,Urbana,"(6.162218777, -75.59764446)"
2180508,02/22/2018,1:50 p.m.,Jueves,Automovil,Particular,Conductor,Femenino,No,Sin Registro,Solo Daños,Choque,No mantener distancia de seguridad,Carrera 43 A Calle 48 C Sur,Primavera,Urbana,"(6.162218777, -75.59764446)"
2180531,02/23/2018,12:00 a.m.,Viernes,Camion,Publico,Conductor,Masculino,No,Sin Registro,Solo Daños,Choque,Impericia en el manejo,Calle 31  Sur Carrera 44 A,San Marcos,Urbana,"(6.176897223, -75.58628103)"
2180536,02/23/2018,6:00 p.m.,Viernes,Automovil,Particular,Conductor,Femenino,No,Sin Registro,Solo Daños,Choque,No mantener distancia de seguridad,Calle 36 D Sur Carrera 27,Vereda El Escobero,Urbana,"(6.162479576, -75.57022257)"
2180536,02/23/2018,6:00 p.m.,Viernes,Motocicleta,Particular,Motociclista,Masculino,No,Sin Registro,Solo Daños,Choque,Superficie humeda,Calle 36 D Sur Carrera 27,Vereda El Escobero,Urbana,"(6.162479576, -75.57022257)"
2180536,02/23/2018,6:00 p.m.,Viernes,Motocicleta,Particular,Motociclista,Masculino,No,Sin Registro,Solo Daños,Choque,No mantener distancia de seguridad,Calle 36 D Sur Carrera 27,Vereda El Escobero,Urbana,"(6.162479576, -75.57022257)"
2180536,02/23/2018,6:00 p.m.,Viernes,Automovil,Particular,Conductor,Femenino,No,Sin Registro,Solo Daños,Choque,Superficie humeda,Calle 36 D Sur Carrera 27,Vereda El Escobero,Urbana,"(6.162479576, -75.57022257)"
2180519,02/23/2018,1:10 p.m.,Viernes,Automovil,Particular,Conductor,Femenino,No,Sin Registro,Herido,Choque,Transitar entre vehiculos,Carrera 40 Calle 38  Sur,Zona Centro,Urbana,"(6.168682985, -75.58587025)"
2180519,02/23/2018,1:10 p.m.,Viernes,Camioneta,Particular,Conductor,Masculino,No,Sin Registro,Herido,Choque,Transitar entre vehiculos,Carrera 40 Calle 38  Sur,Zona Centro,Urbana,"(6.168682985, -75.58587025)"
2180519,02/23/2018,1:10 p.m.,Viernes,Bicicleta,Sin Registro,Ciclista,Masculino,No,Sin Registro,Herido,Choque,Transitar entre vehiculos,Carrera 40 Calle 38  Sur,Zona Centro,Urbana,"(6.168682985, -75.58587025)"
2180520,02/23/2018,8:15 p.m.,Viernes,Automovil,Publico,Conductor,Masculino,No,Sin Registro,Solo Daños,Choque,No mantener distancia de seguridad,Carrera 29 A Calle 38  Sur,Mesa,Urbana,"(6.16496822, -75.58082836)"
2180520,02/23/2018,8:15 p.m.,Viernes,Automovil,Particular,Conductor,Masculino,No,Sin Registro,Solo Daños,Choque,No mantener distancia de seguridad,Carrera 29 A Calle 38  Sur,Mesa,Urbana,"(6.16496822, -75.58082836)"
2180530,02/23/2018,7:30 a.m.,Viernes,Campero,Publico,Conductor,Masculino,No,Sin Registro,Solo Daños,Choque,No mantener distancia de seguridad,Tramo 372 Kilometro  15,Vereda Palmas,Rural,
2180530,02/23/2018,7:30 a.m.,Viernes,Automovil,Publico,Conductor,Masculino,No,Sin Registro,Solo Daños,Choque,No mantener distancia de seguridad,Tramo 372 Kilometro  15,Vereda Palmas,Rural,
2180511,02/23/2018,4:50 a.m.,Viernes,Camioneta,Particular,Conductor,Masculino,No,Sin Registro,Solo Daños,Choque,No mantener distancia de seguridad,Carrera 43 A Calle 25 A Sur,Avenida El Poblado,Urbana,"(6.181504184, -75.5817415)"
2180516,02/23/2018,2:45 p.m.,Viernes,Automovil,Particular,Conductor,Masculino,No,Sin Registro,Solo Daños,Choque,No respetar pelacion de interseccion o giros,Carrera 46 A Calle 44  Sur,Primavera,Urbana,"(6.166309563, -75.59524691)"
2180516,02/23/2018,2:45 p.m.,Viernes,Motocicleta,Particular,Motociclista,Masculino,No,Sin Registro,Solo Daños,Choque,No respetar pelacion de interseccion o giros,Carrera 46 A Calle 44  Sur,Primavera,Urbana,"(6.166309563, -75.59524691)"
2180518,02/23/2018,11:45 a.m.,Viernes,Camioneta,Publico,Conductor,Masculino,No,Sin Registro,Solo Daños,Choque,Adelantar cerrando,Calle 36 D Sur Carrera 27 D,Vereda El Escobero,Urbana,"(6.164970853, -75.57463727)"
2180518,02/23/2018,11:45 a.m.,Viernes,Camioneta,Particular,Conductor,Femenino,No,Sin Registro,Solo Daños,Choque,Adelantar cerrando,Calle 36 D Sur Carrera 27 D,Vereda El Escobero,Urbana,"(6.164970853, -75.57463727)"
2180528,02/23/2018,5:45 p.m.,Viernes,Motocicleta,Particular,Motociclista,Masculino,No,Sin Registro,Herido,Caida Ocupante,Superficie humeda,Diagonal 31 Transversal 35 B Sur,La Sebastiana,Urbana,"(6.169485787, -75.57974501)"
2180511,02/23/2018,4:50 a.m.,Viernes,Bus,Publico,Conductor,Masculino,No,Sin Registro,Solo Daños,Choque,No mantener distancia de seguridad,Carrera 43 A Calle 25 A Sur,Avenida El Poblado,Urbana,"(6.181504184, -75.5817415)"
2180521,02/23/2018,10:45 p.m.,Viernes,Automovil,Particular,Conductor,Masculino,No,Sin Registro,Solo Daños,Choque,No mantener distancia de seguridad,Carrera 43 Calle 27 A Sur,Avenida El Poblado,Urbana,
2180521,02/23/2018,10:45 p.m.,Viernes,Automovil,Particular,Conductor,Masculino,No,Sin Registro,Solo Daños,Choque,No mantener distancia de seguridad,Carrera 43 Calle 27 A Sur,Avenida El Poblado,Urbana,
2180515,02/23/2018,4:50 p.m.,Viernes,Automovil,Particular,Conductor,Femenino,No,Sin Registro,Solo Daños,Choque,Impericia en el manejo,Carrera 27 G Calle 36 E Sur,La Magnolia,Urbana,"(6.166212839, -75.57691411)"
2180515,02/23/2018,4:50 p.m.,Viernes,Motocicleta,Particular,Motociclista,Masculino,No,Sin Registro,Solo Daños,Choque,Impericia en el manejo,Carrera 27 G Calle 36 E Sur,La Magnolia,Urbana,"(6.166212839, -75.57691411)"
2180517,02/23/2018,6:55 a.m.,Viernes,Automovil,Particular,Conductor,Masculino,No,Sin Registro,Herido,Choque,No respetar pelacion de interseccion o giros,Calle 37  Sur Carrera 49,Las Vegas,Urbana,"(6.174789471, -75.59420424)"
2180517,02/23/2018,6:55 a.m.,Viernes,Bicicleta,Sin Registro,Ciclista,Masculino,No,Sin Registro,Herido,Choque,No respetar pelacion de interseccion o giros,Calle 37  Sur Carrera 49,Las Vegas,Urbana,"(6.174789471, -75.59420424)"
2180513,02/24/2018,4:00 p.m.,Sábado,Automovil,Particular,Conductor,Masculino,No,Sin Registro,Solo Daños,Choque,No respetar prelacion,Calle 37  Sur Carrera 28,Loma De Las Brujas,Urbana,"(6.165679454, -75.57834042)"
2180513,02/24/2018,4:00 p.m.,Sábado,Automovil,Particular,Conductor,Masculino,No,Sin Registro,Solo Daños,Choque,No respetar prelacion,Calle 37  Sur Carrera 28,Loma De Las Brujas,Urbana,"(6.165679454, -75.57834042)"
2180523,02/24/2018,4:20 p.m.,Sábado,Campero,Particular,Conductor,Femenino,No,Sin Registro,Herido,Choque,Impericia en el manejo,Tramo 373 Kilometro  6,Vereda Palmas,Rural,
2180523,02/24/2018,4:20 p.m.,Sábado,Motocicleta,Particular,Motociclista,Masculino,No,Sin Registro,Herido,Choque,Impericia en el manejo,Tramo 373 Kilometro  6,Vereda Palmas,Rural,
2180522,02/24/2018,12:20 a.m.,Sábado,Camion,Oficial,Conductor,Masculino,No,Sin Registro,Herido,Choque,Transitar entre vehiculos,Carrera 50 Calle 39  Sur,Las Vegas,Urbana,
2180522,02/24/2018,12:20 a.m.,Sábado,Camioneta,Particular,Conductor,Masculino,No,Sin Registro,Herido,Choque,Transitar entre vehiculos,Carrera 50 Calle 39  Sur,Las Vegas,Urbana,
2180522,02/24/2018,12:20 a.m.,Sábado,Motocicleta,Particular,Motociclista,Masculino,No,Sin Registro,Herido,Choque,Transitar entre vehiculos,Carrera 50 Calle 39  Sur,Las Vegas,Urbana,
2180524,02/24/2018,11:40 a.m.,Sábado,Automovil,Publico,Conductor,Masculino,No,Sin Registro,Solo Daños,Choque,No mantener distancia de seguridad,Calle 30  Sur Carrera 48,Jardines,Urbana,"(6.180376127, -75.59028805)"
2180524,02/24/2018,11:40 a.m.,Sábado,Automovil,Particular,Conductor,Masculino,No,Sin Registro,Solo Daños,Choque,No mantener distancia de seguridad,Calle 30  Sur Carrera 48,Jardines,Urbana,"(6.180376127, -75.59028805)"
2180547,02/24/2018,9:35 a.m.,Sábado,Camion,Publico,Conductor,Masculino,No,Sin Registro,Solo Daños,Choque,Estacionar sin seguridad,Calle 27 D Sur Carrera 27,Zuñiga,Urbana,"(6.169224506, -75.57173816)"
2180514,02/24/2018,12:40 a.m.,Sábado,Campero,Particular,Conductor,Masculino,No,Sin Registro,Solo Daños,Choque,Impericia en el manejo,Tramo 372 Kilometro  13,Vereda Palmas,Rural,
2180533,02/25/2018,9:20 p.m.,Domingo,Campero,Particular,Conductor,Masculino,No,Sin Registro,Solo Daños,Choque,No mantener distancia de seguridad,Carrera 48 Calle 48  Sur,Las Vegas,Urbana,"(6.164595282, -75.60138041)"
2180533,02/25/2018,9:20 p.m.,Domingo,Automovil,Particular,Conductor,Masculino,No,Sin Registro,Solo Daños,Choque,No mantener distancia de seguridad,Carrera 48 Calle 48  Sur,Las Vegas,Urbana,"(6.164595282, -75.60138041)"
2180535,02/25/2018,3:30 p.m.,Domingo,Automovil,Publico,Conductor,Masculino,No,Sin Registro,Solo Daños,Choque,Arrancar sin precaucion,Transversal 35 Calle 36  Sur,Los Naranjos,Urbana,
2180535,02/25/2018,3:30 p.m.,Domingo,Automovil,Particular,Conductor,Masculino,No,Sin Registro,Solo Daños,Choque,Arrancar sin precaucion,Transversal 35 Calle 36  Sur,Los Naranjos,Urbana,
2180540,02/25/2018,8:45 p.m.,Domingo,Automovil,Particular,Conductor,Masculino,No,Sin Registro,Solo Daños,Choque,No mantener distancia de seguridad,Calle 40  Sur Carrera 27,San Jose,Urbana,"(6.158366235, -75.58080793)"
2180540,02/25/2018,8:45 p.m.,Domingo,Motocicleta,Particular,Motociclista,Sin Registro,No,Sin Registro,Solo Daños,Choque,No mantener distancia de seguridad,Calle 40  Sur Carrera 27,San Jose,Urbana,"(6.158366235, -75.58080793)"
2180534,02/25/2018,2:50 p.m.,Domingo,Motocicleta,Particular,Motociclista,Masculino,No,Sin Registro,Herido,Choque,Desobedecer senales,Transversal 32  Sur Diagonal 32 D,La Magnolia,Urbana,"(6.175708497, -75.58428961)"
2180534,02/25/2018,2:50 p.m.,Domingo,Automovil,Particular,Conductor,Masculino,No,Sin Registro,Herido,Choque,Desobedecer senales,Transversal 32  Sur Diagonal 32 D,La Magnolia,Urbana,"(6.175708497, -75.58428961)"
2180527,02/25/2018,12:55 a.m.,Domingo,Automovil,Particular,Conductor,Masculino,No,Sin Registro,Herido,Choque,No mantener distancia de seguridad,Carrera 48 Calle 25 AA Sur,Las Vegas,Urbana,"(6.183765745, -75.58469035)"
2180527,02/25/2018,12:55 a.m.,Domingo,Automovil,Particular,Conductor,Masculino,No,Sin Registro,Herido,Choque,No mantener distancia de seguridad,Carrera 48 Calle 25 AA Sur,Las Vegas,Urbana,"(6.183765745, -75.58469035)"
2180527,02/25/2018,12:55 a.m.,Domingo,Automovil,Particular,Conductor,Femenino,No,Sin Registro,Herido,Choque,No mantener distancia de seguridad,Carrera 48 Calle 25 AA Sur,Las Vegas,Urbana,"(6.183765745, -75.58469035)"
2180549,02/26/2018,3:00 p.m.,Lunes,Automovil,Particular,Conductor,Masculino,No,Sin Registro,Solo Daños,Choque,No mantener distancia de seguridad,Carrera 43 A Calle 45  Sur,Primavera,Urbana,"(6.165116925, -75.59448316)"
2180549,02/26/2018,3:00 p.m.,Lunes,Automovil,Particular,Conductor,Femenino,No,Sin Registro,Solo Daños,Choque,No mantener distancia de seguridad,Carrera 43 A Calle 45  Sur,Primavera,Urbana,"(6.165116925, -75.59448316)"
2180545,02/26/2018,5:00 p.m.,Lunes,Automovil,Particular,Conductor,Femenino,No,Sin Registro,Solo Daños,Choque,No mantener distancia de seguridad,Carrera 43 A Calle 49 D Sur,Avenida El Poblado,Urbana,"(6.160795834, -75.60064798)"
2180545,02/26/2018,5:00 p.m.,Lunes,Motocicleta,Particular,Motociclista,Masculino,No,Sin Registro,Solo Daños,Choque,No mantener distancia de seguridad,Carrera 43 A Calle 49 D Sur,Avenida El Poblado,Urbana,"(6.160795834, -75.60064798)"
2180552,02/26/2018,10:10 a.m.,Lunes,Automovil,Particular,Conductor,Femenino,No,Sin Registro,Solo Daños,Choque,Desobedecer senales,Carrera 27 Calle 22  Sur,La Inmaculada,Urbana,
2180552,02/26/2018,10:10 a.m.,Lunes,Automovil,Particular,Conductor,Femenino,No,Sin Registro,Solo Daños,Choque,Desobedecer senales,Carrera 27 Calle 22  Sur,La Inmaculada,Urbana,
2180543,02/26/2018,12:15 a.m.,Lunes,Automovil,Particular,Conductor,Masculino,No,Sin Registro,Solo Daños,Choque,No mantener distancia de seguridad,Carrera 50 Calle 37  Sur,Las Vegas,Urbana,
2180543,02/26/2018,12:15 a.m.,Lunes,Camioneta,Publico,Conductor,Masculino,No,Sin Registro,Solo Daños,Choque,No mantener distancia de seguridad,Carrera 50 Calle 37  Sur,Las Vegas,Urbana,
2180538,02/26/2018,7:05 a.m.,Lunes,Automovil,Particular,Conductor,Masculino,No,Sin Registro,Solo Daños,Choque,Adelantar cerrando,Carrera 43 A Calle 25  Sur,Las Orquideas,Urbana,"(6.181616833, -75.58185727)"
2180538,02/26/2018,7:05 a.m.,Lunes,Automovil,Particular,Conductor,Femenino,No,Sin Registro,Solo Daños,Choque,Adelantar cerrando,Carrera 43 A Calle 25  Sur,Las Orquideas,Urbana,"(6.181616833, -75.58185727)"
2180539,02/26/2018,7:10 a.m.,Lunes,Camioneta,Publico,Conductor,Masculino,No,Sin Registro,Herido,Choque,Adelantar invadiendo carril del mismo sentido en zigzag,Carrera 50 Calle 39 B Sur,Las Vegas,Urbana,
2180539,02/26/2018,7:10 a.m.,Lunes,Motocicleta,Particular,Motociclista,Masculino,No,Sin Registro,Herido,Choque,Adelantar invadiendo carril del mismo sentido en zigzag,Carrera 50 Calle 39 B Sur,Las Vegas,Urbana,
2180526,02/26/2018,9:20 a.m.,Lunes,Automovil,Particular,Conductor,Femenino,No,Sin Registro,Solo Daños,Choque,No mantener distancia de seguridad,Calle 50  Sur Carrera 48,Las Casitas,Urbana,
2180526,02/26/2018,9:20 a.m.,Lunes,Buseta,Publico,Conductor,Masculino,No,Sin Registro,Solo Daños,Choque,No mantener distancia de seguridad,Calle 50  Sur Carrera 48,Las Casitas,Urbana,
2180529,02/26/2018,5:20 p.m.,Lunes,Automovil,Particular,Conductor,Masculino,No,Sin Registro,Solo Daños,Choque,Adelantar en curva,Calle 36 D Sur Carrera 27,Vereda El Escobero,Urbana,"(6.162479576, -75.57022257)"
2180529,02/26/2018,5:20 p.m.,Lunes,Motocicleta,Particular,Motociclista,Masculino,No,Sin Registro,Solo Daños,Choque,Adelantar en curva,Calle 36 D Sur Carrera 27,Vereda El Escobero,Urbana,"(6.162479576, -75.57022257)"
2180544,02/26/2018,3:30 p.m.,Lunes,Bus,Publico,Conductor,Masculino,No,Sin Registro,Solo Daños,Choque,Adelantar cerrando,Carrera 43 A Calle 38 A Sur,Zona Centro,Urbana,"(6.169698887, -75.58905877)"
2180544,02/26/2018,3:30 p.m.,Lunes,Automovil,Particular,Conductor,Masculino,No,Sin Registro,Solo Daños,Choque,Adelantar cerrando,Carrera 43 A Calle 38 A Sur,Zona Centro,Urbana,"(6.169698887, -75.58905877)"
2180532,02/26/2018,1:35 p.m.,Lunes,Camion,Publico,Conductor,Masculino,No,Sin Registro,Solo Daños,Choque,No mantener distancia de seguridad,Diagonal 31 A Transversal 34 E Sur,La Sebastiana,Urbana,"(6.171171404, -75.57984945)"
2180532,02/26/2018,1:35 p.m.,Lunes,Automovil,Particular,Conductor,Masculino,No,Sin Registro,Solo Daños,Choque,No mantener distancia de seguridad,Diagonal 31 A Transversal 34 E Sur,La Sebastiana,Urbana,"(6.171171404, -75.57984945)"
2180537,02/26/2018,9:40 a.m.,Lunes,Camion,Publico,Conductor,Masculino,No,Sin Registro,Solo Daños,Choque,No respetar pelacion de interseccion o giros,Carrera 50 Calle 37  Sur,Las Vegas,Urbana,
2180537,02/26/2018,9:40 a.m.,Lunes,Automovil,Particular,Conductor,Femenino,No,Sin Registro,Solo Daños,Choque,No respetar pelacion de interseccion o giros,Carrera 50 Calle 37  Sur,Las Vegas,Urbana,
2180537,02/26/2018,9:40 a.m.,Lunes,Camion,Publico,Conductor,Masculino,No,Sin Registro,Solo Daños,Choque,No mantener distancia de seguridad,Carrera 50 Calle 37  Sur,Las Vegas,Urbana,
2180563,02/26/2018,7:45 p.m.,Lunes,Bicicleta,Sin Registro,Ciclista,Masculino,No,Sin Registro,Herido,Atropello,Transitar en contravia,Diagonal 30 Transversal 34 B Sur,Manuel Uribe Angel,Urbana,"(6.172086791, -75.57820953)"
2180542,02/26/2018,11:50 a.m.,Lunes,Camioneta,Particular,Conductor,Masculino,No,Sin Registro,Solo Daños,Choque,Adelantar invadiendo carril de sentido contrario,Calle 36 D Sur Carrera 24,Vereda El Escobero,Urbana,"(6.157425668, -75.56691387)"
2180542,02/26/2018,11:50 a.m.,Lunes,Camioneta,Particular,Conductor,Masculino,No,Sin Registro,Solo Daños,Choque,Adelantar invadiendo carril de sentido contrario,Calle 36 D Sur Carrera 24,Vereda El Escobero,Urbana,"(6.157425668, -75.56691387)"
2180525,02/26/2018,6:50 a.m.,Lunes,Camioneta,Particular,Conductor,Femenino,No,Sin Registro,Solo Daños,Choque,No mantener distancia de seguridad,Carrera 43 A Calle 40 H Sur,El Dorado,Urbana,"(6.167378392, -75.59115143)"
2180525,02/26/2018,6:50 a.m.,Lunes,Motocicleta,Particular,Motociclista,Masculino,No,Sin Registro,Solo Daños,Choque,No mantener distancia de seguridad,Carrera 43 A Calle 40 H Sur,El Dorado,Urbana,"(6.167378392, -75.59115143)"
2180541,02/27/2018,7:00 a.m.,Martes,Automovil,Particular,Conductor,Masculino,No,Sin Registro,Solo Daños,Choque,Desobedecer senales,Calle 38 A Sur Carrera 43,Zona Centro,Urbana,"(6.169370628, -75.5883151)"
2180541,02/27/2018,7:00 a.m.,Martes,Bus,Publico,Conductor,Masculino,No,Sin Registro,Solo Daños,Choque,Desobedecer senales,Calle 38 A Sur Carrera 43,Zona Centro,Urbana,"(6.169370628, -75.5883151)"
2180546,02/27/2018,8:30 a.m.,Martes,Automovil,Particular,Conductor,Femenino,No,Sin Registro,Solo Daños,Choque,Adelantar en zona prohibida,Calle 36 D Sur Carrera 27,Vereda El Escobero,Urbana,"(6.162479576, -75.57022257)"
2180546,02/27/2018,8:30 a.m.,Martes,Motocicleta,Particular,Motociclista,Masculino,No,Sin Registro,Solo Daños,Choque,Adelantar en zona prohibida,Calle 36 D Sur Carrera 27,Vereda El Escobero,Urbana,"(6.162479576, -75.57022257)"
2180572,02/27/2018,6:30 p.m.,Martes,Bus,Publico,Conductor,Masculino,No,Sin Registro,Solo Daños,Choque,Desobedecer senales,Calle 40  Sur Carrera 43,El Dorado,Urbana,"(6.167965983, -75.59024215)"
2180572,02/27/2018,6:30 p.m.,Martes,Automovil,Publico,Conductor,Masculino,No,Sin Registro,Solo Daños,Choque,Desobedecer senales,Calle 40  Sur Carrera 43,El Dorado,Urbana,"(6.167965983, -75.59024215)"
2180553,02/27/2018,12:30 a.m.,Martes,Motocicleta,Particular,Motociclista,Masculino,No,Sin Registro,Solo Daños,Choque,No mantener distancia de seguridad,Diagonal 31 Transversal 32 CC Sur,Las Flores,Urbana,"(6.174681134, -75.57847104)"
2180553,02/27/2018,12:30 a.m.,Martes,Automovil,Particular,Conductor,Masculino,No,Sin Registro,Solo Daños,Choque,No mantener distancia de seguridad,Diagonal 31 Transversal 32 CC Sur,Las Flores,Urbana,"(6.174681134, -75.57847104)"