RADICADO,FECHA,HORA,DÍA DE LA SEMANA,CLASE DE VEHICULO,TIPO DE SERVICIO,TIPO DE VICTIMA,SEXO,ESTADO DE BEODEZ,RESULTADO DE BEODEZ,GRAVEDAD,CLASE DE ACCIDENTE,CAUSA,DIRECCIÓN,BARRIO,AREA,Coordenadas
2180574,02/27/2018,8:40 a.m.,Martes,Automovil,Particular,Conductor,Masculino,No,Sin Registro,Solo Daños,Choque,Reverso imprudente,Carrera 49 Calle 37  Sur,Las Vegas,Urbana,
2180557,02/27/2018,7:40 p.m.,Martes,Camioneta,Particular,Conductor,Masculino,No,Sin Registro,Solo Daños,Choque,Impericia en el manejo,Calle 36 D Sur Carrera 27 D,Vereda El Escobero,Urbana,"(6.164970853, -75.57463727)"
2180557,02/27/2018,7:40 p.m.,Martes,Automovil,Particular,Conductor,Sin Registro,No,Sin Registro,Solo Daños,Choque,Impericia en el manejo,Calle 36 D Sur Carrera 27 D,Vereda El Escobero,Urbana,"(6.164970853, -75.57463727)"
2180556,02/27/2018,6:40 p.m.,Martes,Automovil,Publico,Conductor,Masculino,No,Sin Registro,Solo Daños,Choque,No mantener distancia de seguridad,Carrera 43 A Calle 29  Sur,Jardines,Urbana,"(6.177803112, -75.5845555)"
2180556,02/27/2018,6:40 p.m.,Martes,Automovil,Particular,Conductor,Masculino,No,Sin Registro,Solo Daños,Choque,No mantener distancia de seguridad,Carrera 43 A Calle 29  Sur,Jardines,Urbana,"(6.177803112, -75.5845555)"
2180555,02/27/2018,5:40 p.m.,Martes,Motocicleta,Particular,Motociclista,Masculino,No,Sin Registro,Solo Daños,Choque,Exceso de velocidad,Transversal 34  Sur Diagonal 32,La Magnolia,Urbana,"(6.173524185, -75.58179942)"
2180548,02/27/2018,6:40 a.m.,Martes,Bus,Publico,Conductor,Masculino,No,Sin Registro,Solo Daños,Choque,No respetar pelacion de interseccion o giros,Carrera 50 Calle 37  Sur,Las Vegas,Urbana,
2180548,02/27/2018,6:40 a.m.,Martes,Automovil,Particular,Conductor,Femenino,No,Sin Registro,Solo Daños,Choque,No respetar pelacion de interseccion o giros,Carrera 50 Calle 37  Sur,Las Vegas,Urbana,
2180555,02/27/2018,5:40 p.m.,Martes,Motocicleta,Particular,Motociclista,Masculino,No,Sin Registro,Solo Daños,Choque,Exceso de velocidad,Transversal 34  Sur Diagonal 32,La Magnolia,Urbana,"(6.173524185, -75.58179942)"
2180569,02/27/2018,11:50 a.m.,Martes,Camioneta,Particular,Conductor,Masculino,No,Sin Registro,Solo Daños,Choque,Desobedecer senales,Calle 33 B Sur Carrera 45,El Portal,Urbana,"(6.174167802, -75.58799211)"
2180569,02/27/2018,11:50 a.m.,Martes,Motocicleta,Particular,Motociclista,Masculino,No,Sin Registro,Solo Daños,Choque,Desobedecer senales,Calle 33 B Sur Carrera 45,El Portal,Urbana,"(6.174167802, -75.58799211)"
2180550,02/27/2018,7:50 a.m.,Martes,Campero,Particular,Conductor,Femenino,No,Sin Registro,Solo Daños,Choque,Adelantar cerrando,Transversal 32  Sur Diagonal 33,La Magnolia,Urbana,"(6.175490465, -75.58492811)"
2180550,02/27/2018,7:50 a.m.,Martes,Camioneta,Particular,Conductor,Femenino,No,Sin Registro,Solo Daños,Choque,Adelantar cerrando,Transversal 32  Sur Diagonal 33,La Magnolia,Urbana,"(6.175490465, -75.58492811)"
2180562,02/28/2018,9:00 a.m.,Miércoles,Camioneta,Particular,Conductor,Masculino,No,Sin Registro,Solo Daños,Choque,No mantener distancia de seguridad,Carrera 48 Calle 25 AA Sur,Las Vegas,Urbana,"(6.183765745, -75.58469035)"
2180560,02/28/2018,11:00 a.m.,Miércoles,Camioneta,Particular,Conductor,Masculino,No,Sin Registro,Solo Daños,Choque,Reverso imprudente,Carrera 48 Calle 34  Sur,Las Vegas,Urbana,"(6.175414344, -75.59078218)"
2180560,02/28/2018,11:00 a.m.,Miércoles,Automovil,Particular,Conductor,Femenino,No,Sin Registro,Solo Daños,Choque,Reverso imprudente,Carrera 48 Calle 34  Sur,Las Vegas,Urbana,"(6.175414344, -75.59078218)"
2180566,02/28/2018,11:00 a.m.,Miércoles,Buseta,Publico,Conductor,Masculino,No,Sin Registro,Solo Daños,Choque,Impericia en el manejo,Carrera 40 Calle 35  Sur,Zona Centro,Urbana,"(6.170776136, -75.58458325)"
2180562,02/28/2018,9:00 a.m.,Miércoles,Automovil,Publico,Conductor,Masculino,No,Sin Registro,Solo Daños,Choque,No mantener distancia de seguridad,Carrera 48 Calle 25 AA Sur,Las Vegas,Urbana,"(6.183765745, -75.58469035)"
2180566,02/28/2018,11:00 a.m.,Miércoles,Camioneta,Particular,Conductor,Masculino,No,Sin Registro,Solo Daños,Choque,Impericia en el manejo,Carrera 40 Calle 35  Sur,Zona Centro,Urbana,"(6.170776136, -75.58458325)"
2180584,02/28/2018,9:05 a.m.,Miércoles,Automovil,Particular,Conductor,Femenino,No,Sin Registro,Solo Daños,Choque,Impericia en el manejo,Calle 37  Sur Carrera 45 B,Alcala,Urbana,"(6.172791889, -75.59071155)"
2180575,02/28/2018,6:25 a.m.,Miércoles,Automovil,Particular,Conductor,Masculino,No,Sin Registro,Solo Daños,Choque,No mantener distancia de seguridad,Calle 38  Sur Carrera 48,Las Vegas,Urbana,
2180575,02/28/2018,6:25 a.m.,Miércoles,Automovil,Particular,Conductor,Masculino,No,Sin Registro,Solo Daños,Choque,No mantener distancia de seguridad,Calle 38  Sur Carrera 48,Las Vegas,Urbana,
2180575,02/28/2018,6:25 a.m.,Miércoles,Automovil,Particular,Conductor,Masculino,No,Sin Registro,Solo Daños,Choque,No mantener distancia de seguridad,Calle 38  Sur Carrera 48,Las Vegas,Urbana,
2180586,02/28/2018,2:20 p.m.,Miércoles,Camion,Publico,Conductor,Masculino,No,Sin Registro,Herido,Atropello,Salir por delante de un vehiculo,Tramo 373 Kilometro  10,Vereda Palmas,Rural,
2180558,02/28/2018,5:20 p.m.,Miércoles,Automovil,Particular,Conductor,Masculino,No,Sin Registro,Solo Daños,Choque,Impericia en el manejo,Calle 48  Sur Carrera 40 A,El Trianon,Urbana,"(6.15925241, -75.59479143)"
2180558,02/28/2018,5:20 p.m.,Miércoles,Campero,Particular,Conductor,Masculino,No,Sin Registro,Solo Daños,Choque,Impericia en el manejo,Calle 48  Sur Carrera 40 A,El Trianon,Urbana,"(6.15925241, -75.59479143)"
2180573,02/28/2018,1:20 p.m.,Miércoles,Camion,Publico,Conductor,Masculino,No,Sin Registro,Solo Daños,Choque,Arrancar sin precaucion,Carrera 43 A Calle 39  Sur,Zona Centro,Urbana,"(6.169011071, -75.5894849)"
2180573,02/28/2018,1:20 p.m.,Miércoles,Automovil,Particular,Conductor,Masculino,No,Sin Registro,Solo Daños,Choque,Arrancar sin precaucion,Carrera 43 A Calle 39  Sur,Zona Centro,Urbana,"(6.169011071, -75.5894849)"
2180559,02/28/2018,8:30 a.m.,Miércoles,Campero,Particular,Conductor,Masculino,No,Sin Registro,Solo Daños,Choque,Adelantar cerrando,Carrera 27 D Calle 36 C Sur,Vereda El Escobero,Urbana,"(6.165786744, -75.57380138)"
2180587,02/28/2018,4:30 p.m.,Miércoles,Motocicleta,Particular,Motociclista,Masculino,No,Sin Registro,Solo Daños,Choque,Adelantar cerrando,Carrera 36 Calle 39  Sur,Mesa,Urbana,"(6.165878408, -75.58456528)"
2180587,02/28/2018,4:30 p.m.,Miércoles,Automovil,Particular,Conductor,Masculino,No,Sin Registro,Solo Daños,Choque,Adelantar cerrando,Carrera 36 Calle 39  Sur,Mesa,Urbana,"(6.165878408, -75.58456528)"
2180570,02/28/2018,8:15 p.m.,Miércoles,Automovil,Particular,Conductor,Masculino,No,Sin Registro,Solo Daños,Choque,No mantener distancia de seguridad,Carrera 48 Calle 50  Sur,Las Casitas,Urbana,
2180570,02/28/2018,8:15 p.m.,Miércoles,Automovil,Particular,Conductor,Femenino,No,Sin Registro,Solo Daños,Choque,No mantener distancia de seguridad,Carrera 48 Calle 50  Sur,Las Casitas,Urbana,
2180559,02/28/2018,8:30 a.m.,Miércoles,Automovil,Particular,Conductor,Masculino,No,Sin Registro,Solo Daños,Choque,Adelantar cerrando,Carrera 27 D Calle 36 C Sur,Vereda El Escobero,Urbana,"(6.165786744, -75.57380138)"
2180551,02/28/2018,2:30 p.m.,Miércoles,Automovil,Particular,Conductor,Masculino,No,Sin Registro,Herido,Choque,Transitar en contravia,Calle 39  Sur Carrera 27 D,El Chinguí,Urbana,"(6.160515341, -75.57910442)"
2180551,02/28/2018,2:30 p.m.,Miércoles,Bicicleta,Sin Registro,Ciclista,Masculino,No,Sin Registro,Herido,Choque,Transitar en contravia,Calle 39  Sur Carrera 27 D,El Chinguí,Urbana,"(6.160515341, -75.57910442)"
2180565,02/28/2018,4:40 p.m.,Miércoles,Automovil,Particular,Conductor,Masculino,No,Sin Registro,Herido,Choque,Girar bruscamente,Carrera 29 A Calle 37  Sur,La Magnolia,Urbana,"(6.165896279, -75.58063202)"
2180565,02/28/2018,4:40 p.m.,Miércoles,Motocicleta,Particular,Motociclista,Masculino,No,Sin Registro,Herido,Choque,Girar bruscamente,Carrera 29 A Calle 37  Sur,La Magnolia,Urbana,"(6.165896279, -75.58063202)"
2180554,02/28/2018,11:50 a.m.,Miércoles,Automovil,Particular,Conductor,Femenino,No,Sin Registro,Solo Daños,Choque,Adelantar cerrando,Calle 36 D Sur Carrera 27,Vereda El Escobero,Urbana,"(6.162479576, -75.57022257)"
2180554,02/28/2018,11:50 a.m.,Miércoles,Motocicleta,Particular,Motociclista,Sin Registro,No,Sin Registro,Solo Daños,Choque,Adelantar cerrando,Calle 36 D Sur Carrera 27,Vereda El Escobero,Urbana,"(6.162479576, -75.57022257)"
2180568,02/28/2018,1:50 p.m.,Miércoles,Camioneta,Particular,Conductor,Femenino,No,Sin Registro,Solo Daños,Choque,No mantener distancia de seguridad,Calle 21  Sur Carrera 41 B,Zuñiga,Urbana,"(6.183370967, -75.57885465)"
2180568,02/28/2018,1:50 p.m.,Miércoles,Automovil,Diplomatico,Conductor,Masculino,No,Sin Registro,Solo Daños,Choque,No mantener distancia de seguridad,Calle 21  Sur Carrera 41 B,Zuñiga,Urbana,"(6.183370967, -75.57885465)"
2180567,02/28/2018,12:50 a.m.,Miércoles,Motocicleta,Particular,Motociclista,Masculino,No,Sin Registro,Solo Daños,Choque,Desobedecer senales,Transversal 34 C Sur Diagonal 32,Los Naranjos,Urbana,"(6.172231013, -75.58126809)"
2180567,02/28/2018,12:50 a.m.,Miércoles,Motocarro,Particular,Motociclista,Masculino,No,Sin Registro,Solo Daños,Choque,Desobedecer senales,Transversal 34 C Sur Diagonal 32,Los Naranjos,Urbana,"(6.172231013, -75.58126809)"
2180561,02/28/2018,10:55 a.m.,Miércoles,Automovil,Publico,Conductor,Masculino,No,Sin Registro,Solo Daños,Choque,No mantener distancia de seguridad,Carrera 43 Calle 32 A Sur,La Magnolia,Urbana,"(6.174730521, -75.58521526)"
2180561,02/28/2018,10:55 a.m.,Miércoles,Camioneta,Particular,Conductor,Femenino,No,Sin Registro,Solo Daños,Choque,No mantener distancia de seguridad,Carrera 43 Calle 32 A Sur,La Magnolia,Urbana,"(6.174730521, -75.58521526)"
2180604,01/03/2018,8:00 p.m.,Jueves,Automovil,Particular,Conductor,Femenino,No,Sin Registro,Solo Daños,Choque,Impericia en el manejo,Carrera 40 Calle 37  Sur,Zona Centro,Urbana,"(6.169323846, -75.58548622)"
2180604,01/03/2018,8:00 p.m.,Jueves,Camion,Oficial,Conductor,Masculino,No,Sin Registro,Solo Daños,Choque,Impericia en el manejo,Carrera 40 Calle 37  Sur,Zona Centro,Urbana,"(6.169323846, -75.58548622)"
2180571,01/03/2018,6:00 a.m.,Jueves,Automovil,Particular,Conductor,Masculino,No,Sin Registro,Solo Daños,Choque,Adelantar invadiendo carril de sentido contrario,Carrera 43 A Transversal 27 A Sur,Ponte Vedra,Urbana,"(6.178993539, -75.58360591)"
2180571,01/03/2018,6:00 a.m.,Jueves,Camioneta,Particular,Conductor,Masculino,No,Sin Registro,Solo Daños,Choque,Adelantar invadiendo carril de sentido contrario,Carrera 43 A Transversal 27 A Sur,Ponte Vedra,Urbana,"(6.178993539, -75.58360591)"
2180579,01/03/2018,11:00 p.m.,Jueves,Automovil,Particular,Conductor,Masculino,No,Sin Registro,Solo Daños,Choque,Estacionar sin seguridad,Calle 48 F Sur Carrera 42 BB,Loma Del Barro,Urbana,"(6.157476884, -75.59803224)"
2180579,01/03/2018,11:00 p.m.,Jueves,Motocicleta,Diplomatico,Motociclista,Sin Registro,No,Sin Registro,Solo Daños,Choque,Estacionar sin seguridad,Calle 48 F Sur Carrera 42 BB,Loma Del Barro,Urbana,"(6.157476884, -75.59803224)"
2180580,01/03/2018,3:10 p.m.,Jueves,Camion,Publico,Conductor,Masculino,No,Sin Registro,Herido,Choque,Impericia en el manejo,Carrera 50 Calle 48  Sur,Las Vegas,Urbana,
2180580,01/03/2018,3:10 p.m.,Jueves,Motocicleta,Particular,Motociclista,Masculino,No,Sin Registro,Herido,Choque,Impericia en el manejo,Carrera 50 Calle 48  Sur,Las Vegas,Urbana,
2180626,01/03/2018,5:10 p.m.,Jueves,Automovil,Particular,Conductor,Femenino,No,Sin Registro,Solo Daños,Choque,Adelantar cerrando,Calle 38 A Sur Carrera 48,Alcala,Urbana,"(6.168560755, -75.58701537)"
2180626,01/03/2018,5:10 p.m.,Jueves,Camioneta,Publico,Conductor,Masculino,No,Sin Registro,Solo Daños,Choque,Adelantar cerrando,Calle 38 A Sur Carrera 48,Alcala,Urbana,"(6.168560755, -75.58701537)"
2180581,01/03/2018,11:10 a.m.,Jueves,Camioneta,Publico,Conductor,Masculino,No,Sin Registro,Solo Daños,Choque,Reverso imprudente,Carrera 26 D Calle 36  Sur,El Chocho,Urbana,"(6.166128574, -75.56958352)"
2180581,01/03/2018,11:10 a.m.,Jueves,Automovil,Particular,Conductor,Femenino,No,Sin Registro,Solo Daños,Choque,Reverso imprudente,Carrera 26 D Calle 36  Sur,El Chocho,Urbana,"(6.166128574, -75.56958352)"
2180564,01/03/2018,7:10 a.m.,Jueves,Camion,Particular,Conductor,Masculino,No,Sin Registro,Herido,Choque,Impericia en el manejo,Carrera 50 Calle 25 A Sur,Las Vegas,Urbana,"(6.186515998, -75.58512541)"
2180564,01/03/2018,7:10 a.m.,Jueves,Motocicleta,Particular,Motociclista,Femenino,No,Sin Registro,Herido,Choque,Impericia en el manejo,Carrera 50 Calle 25 A Sur,Las Vegas,Urbana,"(6.186515998, -75.58512541)"
2180578,01/03/2018,9:20 a.m.,Jueves,Bus,Publico,Conductor,Masculino,No,Sin Registro,Solo Daños,Choque,No mantener distancia de seguridad,Calle 38  Sur Carrera 47,Alcala,Urbana,"(6.172469073, -75.59209252)"
2180578,01/03/2018,9:20 a.m.,Jueves,Automovil,Particular,Conductor,Masculino,No,Sin Registro,Solo Daños,Choque,No mantener distancia de seguridad,Calle 38  Sur Carrera 47,Alcala,Urbana,"(6.172469073, -75.59209252)"
2180593,01/03/2018,2:20 p.m.,Jueves,Motocicleta,Particular,Motociclista,Masculino,No,Sin Registro,Solo Daños,Choque,Desobedecer senales,Carrera 40 A Calle 40 D Sur,El Dorado,Urbana,"(6.165496028, -75.58835721)"
2180593,01/03/2018,2:20 p.m.,Jueves,Automovil,Particular,Conductor,Femenino,No,Sin Registro,Solo Daños,Choque,Desobedecer senales,Carrera 40 A Calle 40 D Sur,El Dorado,Urbana,"(6.165496028, -75.58835721)"
2180576,01/03/2018,5:20 p.m.,Jueves,Automovil,Particular,Conductor,Femenino,No,Sin Registro,Solo Daños,Choque,Desobedecer senales,Calle 39 B Sur Carrera 32,Mesa,Urbana,"(6.163909636, -75.5829262)"
2180576,01/03/2018,5:20 p.m.,Jueves,Motocicleta,Particular,Motociclista,Masculino,No,Sin Registro,Solo Daños,Choque,Desobedecer senales,Calle 39 B Sur Carrera 32,Mesa,Urbana,"(6.163909636, -75.5829262)"
2181676,01/03/2018,5:35 a.m.,Jueves,Microbus,Publico,Conductor,Masculino,No,Sin Registro,Solo Daños,Choque,Impericia en el manejo,Carrera 50 Calle 25  Sur,Las Vegas,Urbana,"(6.186515998, -75.58512541)"
2181676,01/03/2018,5:35 a.m.,Jueves,Camion,Publico,Conductor,Masculino,No,Sin Registro,Solo Daños,Choque,Impericia en el manejo,Carrera 50 Calle 25  Sur,Las Vegas,Urbana,"(6.186515998, -75.58512541)"
2180641,01/03/2018,8:30 a.m.,Jueves,Automovil,Particular,Conductor,Masculino,No,Sin Registro,Solo Daños,Choque,Poner en marcha un vehiculo sin precauci,Tramo 375 Kilometro  3,Vereda Pantanillo,Rural,
2180641,01/03/2018,8:30 a.m.,Jueves,Camioneta,Particular,Conductor,Masculino,No,Sin Registro,Solo Daños,Choque,Poner en marcha un vehiculo sin precauci,Tramo 375 Kilometro  3,Vereda Pantanillo,Rural,
2180613,01/03/2018,2:30 p.m.,Jueves,Camion,Publico,Conductor,Masculino,No,Sin Registro,Solo Daños,Volcamiento,Impericia en el manejo,Calle 40  Sur Carrera 24 D,El Salado,Urbana,"(6.147263187, -75.57633575)"
2180583,01/03/2018,1:40 p.m.,Jueves,Automovil,Particular,Conductor,Femenino,No,Sin Registro,Solo Daños,Choque,No mantener distancia de seguridad,Carrera 48 Calle 46  Sur,Las Vegas,Urbana,"(6.166195386, -75.59928549)"
2180583,01/03/2018,1:40 p.m.,Jueves,Automovil,Particular,Conductor,Masculino,No,Sin Registro,Solo Daños,Choque,No mantener distancia de seguridad,Carrera 48 Calle 46  Sur,Las Vegas,Urbana,"(6.166195386, -75.59928549)"
2180608,01/03/2018,5:40 p.m.,Jueves,Bus,Publico,Conductor,Masculino,No,Sin Registro,Solo Daños,Choque,Girar bruscamente,Diagonal 32 Transversal 35 C Sur,Los Naranjos,Urbana,"(6.169311169, -75.58085061)"
2180608,01/03/2018,5:40 p.m.,Jueves,Bicicleta,Sin Registro,Ciclista,Masculino,No,Sin Registro,Solo Daños,Choque,Girar bruscamente,Diagonal 32 Transversal 35 C Sur,Los Naranjos,Urbana,"(6.169311169, -75.58085061)"
2180596,01/03/2018,6:50 p.m.,Jueves,Automovil,Publico,Conductor,Masculino,No,Sin Registro,Solo Daños,Choque,No mantener distancia de seguridad,Calle 25  Sur Carrera 42,Zuñiga,Urbana,"(6.179561127, -75.57986633)"
2180596,01/03/2018,6:50 p.m.,Jueves,Automovil,Publico,Conductor,Masculino,No,Sin Registro,Solo Daños,Choque,No mantener distancia de seguridad,Calle 25  Sur Carrera 42,Zuñiga,Urbana,"(6.179561127, -75.57986633)"
2180577,01/03/2018,2:40 a.m.,Jueves,Camioneta,Particular,Conductor,Masculino,No,Sin Registro,Solo Daños,Choque,Impericia en el manejo,Tramo 372 Kilometro  14,Vereda Palmas,Rural,
2180582,01/03/2018,4:50 p.m.,Jueves,Automovil,Particular,Conductor,Masculino,No,Sin Registro,Solo Daños,Choque,No mantener distancia de seguridad,Carrera 27 Calle 27 B Sur,La Inmaculada,Urbana,"(6.172298689, -75.56780953)"
2180582,01/03/2018,4:50 p.m.,Jueves,Motocicleta,Particular,Motociclista,Femenino,No,Sin Registro,Solo Daños,Choque,No mantener distancia de seguridad,Carrera 27 Calle 27 B Sur,La Inmaculada,Urbana,"(6.172298689, -75.56780953)"
2180607,02/03/2018,3:00 p.m.,Viernes,Automovil,Particular,Conductor,Masculino,No,Sin Registro,Solo Daños,Choque,Adelantar cerrando,Carrera 49 Calle 37  Sur,Glorieta De Peldar,Urbana,
2180590,02/03/2018,4:00 p.m.,Viernes,Camion,Publico,Conductor,Masculino,No,Sin Registro,Solo Daños,Choque,No mantener distancia de seguridad,Calle 37  Sur Carrera 49,Las Vegas,Urbana,"(6.174789471, -75.59420424)"
2180590,02/03/2018,4:00 p.m.,Viernes,Campero,Particular,Conductor,Femenino,No,Sin Registro,Solo Daños,Choque,Impericia en el manejo,Calle 37  Sur Carrera 49,Las Vegas,Urbana,"(6.174789471, -75.59420424)"
2180590,02/03/2018,4:00 p.m.,Viernes,Campero,Particular,Conductor,Femenino,No,Sin Registro,Solo Daños,Choque,No mantener distancia de seguridad,Calle 37  Sur Carrera 49,Las Vegas,Urbana,"(6.174789471, -75.59420424)"
2180590,02/03/2018,4:00 p.m.,Viernes,Camion,Publico,Conductor,Masculino,No,Sin Registro,Solo Daños,Choque,Impericia en el manejo,Calle 37  Sur Carrera 49,Las Vegas,Urbana,"(6.174789471, -75.59420424)"
2180600,02/03/2018,4:00 p.m.,Viernes,Automovil,Particular,Conductor,Masculino,No,Sin Registro,Solo Daños,Choque,No mantener distancia de seguridad,Carrera 50 Calle 26  Sur,Las Vegas,Urbana,"(6.184812544, -75.58691109)"
2180600,02/03/2018,4:00 p.m.,Viernes,Motocicleta,Particular,Motociclista,Masculino,No,Sin Registro,Solo Daños,Choque,No mantener distancia de seguridad,Carrera 50 Calle 26  Sur,Las Vegas,Urbana,"(6.184812544, -75.58691109)"
2180607,02/03/2018,3:00 p.m.,Viernes,Camioneta,Publico,Conductor,Masculino,No,Sin Registro,Solo Daños,Choque,Adelantar cerrando,Carrera 49 Calle 37  Sur,Glorieta De Peldar,Urbana,
2180594,02/03/2018,2:20 p.m.,Viernes,Camioneta,Publico,Conductor,Masculino,No,Sin Registro,Solo Daños,Choque,Reverso imprudente,Carrera 48 Calle 30  Sur,Las Vegas,Urbana,"(6.179366643, -75.5880841)"
2180594,02/03/2018,2:20 p.m.,Viernes,Camion,Particular,Conductor,Masculino,No,Sin Registro,Solo Daños,Choque,Reverso imprudente,Carrera 48 Calle 30  Sur,Las Vegas,Urbana,"(6.179366643, -75.5880841)"
2180588,02/03/2018,11:30 a.m.,Viernes,Motocicleta,Particular,Motociclista,Masculino,No,Sin Registro,Solo Daños,Choque,Girar bruscamente,Carrera 41 Calle 40  Sur,El Dorado,Urbana,"(6.166920833, -75.58799502)"
2180588,02/03/2018,11:30 a.m.,Viernes,Automovil,Particular,Conductor,Femenino,No,Sin Registro,Solo Daños,Choque,No mantener distancia de seguridad,Carrera 41 Calle 40  Sur,El Dorado,Urbana,"(6.166920833, -75.58799502)"
2180588,02/03/2018,11:30 a.m.,Viernes,Automovil,Particular,Conductor,Femenino,No,Sin Registro,Solo Daños,Choque,Girar bruscamente,Carrera 41 Calle 40  Sur,El Dorado,Urbana,"(6.166920833, -75.58799502)"
2180588,02/03/2018,11:30 a.m.,Viernes,Motocicleta,Particular,Motociclista,Masculino,No,Sin Registro,Solo Daños,Choque,No mantener distancia de seguridad,Carrera 41 Calle 40  Sur,El Dorado,Urbana,"(6.166920833, -75.58799502)"
2180611,02/03/2018,10:15 p.m.,Viernes,Bus,Publico,Conductor,Masculino,No,Sin Registro,Solo Daños,Choque,Adelantar invadiendo carril del mismo sentido en zigzag,Calle 25  Sur Carrera 46,Zuñiga,Urbana,"(6.183044029, -75.5826185)"
2180611,02/03/2018,10:15 p.m.,Viernes,Automovil,Diplomatico,Conductor,Masculino,No,Sin Registro,Solo Daños,Choque,Adelantar invadiendo carril del mismo sentido en zigzag,Calle 25  Sur Carrera 46,Zuñiga,Urbana,"(6.183044029, -75.5826185)"
2180592,02/03/2018,10:30 a.m.,Viernes,Camioneta,Diplomatico,Conductor,Sin Registro,No,Sin Registro,Solo Daños,Choque,Girar bruscamente,Calle 38  Sur Carrera 48,Las Vegas,Urbana,
2180592,02/03/2018,10:30 a.m.,Viernes,Campero,Particular,Conductor,Femenino,No,Sin Registro,Solo Daños,Choque,Girar bruscamente,Calle 38  Sur Carrera 48,Las Vegas,Urbana,
2180606,02/03/2018,2:35 p.m.,Viernes,Camioneta,Particular,Conductor,Femenino,No,Sin Registro,Solo Daños,Choque,No mantener distancia de seguridad,Carrera 28 Calle 37  Sur,La Magnolia,Urbana,"(6.164229297, -75.57882145)"
2180606,02/03/2018,2:35 p.m.,Viernes,Campero,Particular,Conductor,Masculino,No,Sin Registro,Solo Daños,Choque,No mantener distancia de seguridad,Carrera 28 Calle 37  Sur,La Magnolia,Urbana,"(6.164229297, -75.57882145)"
2180599,02/03/2018,3:30 p.m.,Viernes,Automovil,Particular,Conductor,Femenino,No,Sin Registro,Solo Daños,Choque,No mantener distancia de seguridad,Carrera 50 Calle 26  Sur,Las Vegas,Urbana,"(6.184812544, -75.58691109)"
2180599,02/03/2018,3:30 p.m.,Viernes,Automovil,Particular,Conductor,Masculino,No,Sin Registro,Solo Daños,Choque,No mantener distancia de seguridad,Carrera 50 Calle 26  Sur,Las Vegas,Urbana,"(6.184812544, -75.58691109)"
2180599,02/03/2018,3:30 p.m.,Viernes,Motocicleta,Particular,Motociclista,Masculino,No,Sin Registro,Solo Daños,Choque,No mantener distancia de seguridad,Carrera 50 Calle 26  Sur,Las Vegas,Urbana,"(6.184812544, -75.58691109)"
2180610,02/03/2018,11:30 p.m.,Viernes,Automovil,Particular,Conductor,Masculino,No,Sin Registro,Solo Daños,Choque,No mantener distancia de seguridad,Calle 40  Sur Carrera 44,Alcala,Urbana,"(6.168120304, -75.59095621)"
2180599,02/03/2018,3:30 p.m.,Viernes,Motocicleta,Particular,Motociclista,Masculino,No,Sin Registro,Solo Daños,Choque,No mantener distancia de seguridad,Carrera 50 Calle 26  Sur,Las Vegas,Urbana,"(6.184812544, -75.58691109)"
2180599,02/03/2018,3:30 p.m.,Viernes,Motocicleta,Particular,Motociclista,Masculino,No,Sin Registro,Solo Daños,Choque,No mantener distancia de seguridad,Carrera 50 Calle 26  Sur,Las Vegas,Urbana,"(6.184812544, -75.58691109)"
2180610,02/03/2018,11:30 p.m.,Viernes,Automovil,Particular,Conductor,Masculino,No,Sin Registro,Solo Daños,Choque,No mantener distancia de seguridad,Calle 40  Sur Carrera 44,Alcala,Urbana,"(6.168120304, -75.59095621)"
2180597,02/03/2018,1:45 p.m.,Viernes,Campero,Particular,Conductor,Femenino,No,Sin Registro,Solo Daños,Choque,Adelantar invadiendo carril de sentido contrario,Calle 36 D Sur Carrera 27,Vereda El Escobero,Urbana,"(6.162479576, -75.57022257)"
2180597,02/03/2018,1:45 p.m.,Viernes,Motocicleta,Particular,Motociclista,Masculino,No,Sin Registro,Solo Daños,Choque,Adelantar invadiendo carril de sentido contrario,Calle 36 D Sur Carrera 27,Vereda El Escobero,Urbana,"(6.162479576, -75.57022257)"
2180627,02/03/2018,10:40 a.m.,Viernes,Camion,Publico,Conductor,Masculino,No,Sin Registro,Solo Daños,Choque,Impericia en el manejo,Calle 38  Sur Carrera 29 A,Mesa,Urbana,"(6.165022576, -75.58071311)"
2180627,02/03/2018,10:40 a.m.,Viernes,Motocicleta,Particular,Motociclista,Masculino,No,Sin Registro,Solo Daños,Choque,Impericia en el manejo,Calle 38  Sur Carrera 29 A,Mesa,Urbana,"(6.165022576, -75.58071311)"
2180624,02/03/2018,1:50 p.m.,Viernes,Automovil,Particular,Conductor,Femenino,No,Sin Registro,Solo Daños,Choque,Impericia en el manejo,Carrera 48 Calle 37  Sur,Las Vegas,Urbana,"(6.172859211, -75.59276992)"
2180624,02/03/2018,1:50 p.m.,Viernes,Tractocamion,Publico,Conductor,Masculino,No,Sin Registro,Solo Daños,Choque,Impericia en el manejo,Carrera 48 Calle 37  Sur,Las Vegas,Urbana,"(6.172859211, -75.59276992)"
2180591,02/03/2018,7:50 a.m.,Viernes,Automovil,Particular,Conductor,Masculino,No,Sin Registro,Solo Daños,Choque,Impericia en el manejo,Carrera 52 Calle 37  Sur,Mesa,Urbana,