RADICADO,FECHA,HORA,DÍA DE LA SEMANA,CLASE DE VEHICULO,TIPO DE SERVICIO,TIPO DE VICTIMA,SEXO,ESTADO DE BEODEZ,RESULTADO DE BEODEZ,GRAVEDAD,CLASE DE ACCIDENTE,CAUSA,DIRECCIÓN,BARRIO,AREA,Coordenadas
2180614,02/03/2018,9:50 a.m.,Viernes,Camion,Publico,Conductor,Masculino,No,Sin Registro,Solo Daños,Choque,Poner en marcha un vehiculo sin precauci,Calle 37  Sur Carrera 40,Zona Centro,Urbana,"(6.169435767, -75.58550725)"
2180614,02/03/2018,9:50 a.m.,Viernes,Automovil,Particular,Conductor,Masculino,No,Sin Registro,Solo Daños,Choque,Poner en marcha un vehiculo sin precauci,Calle 37  Sur Carrera 40,Zona Centro,Urbana,"(6.169435767, -75.58550725)"
2180601,02/03/2018,4:50 p.m.,Viernes,Automovil,Particular,Conductor,Masculino,No,Sin Registro,Solo Daños,Choque,No mantener distancia de seguridad,Tramo 372 Kilometro  12,Vereda Palmas,Rural,
2180601,02/03/2018,4:50 p.m.,Viernes,Automovil,Particular,Conductor,Masculino,No,Sin Registro,Solo Daños,Choque,No mantener distancia de seguridad,Tramo 372 Kilometro  12,Vereda Palmas,Rural,
2180603,03/03/2018,7:00 p.m.,Sábado,Camioneta,Particular,Conductor,Masculino,No,Sin Registro,Herido,Choque,Transitar entre vehiculos,Carrera 48 Calle 46  Sur,Las Vegas,Urbana,"(6.166195386, -75.59928549)"
2180603,03/03/2018,7:00 p.m.,Sábado,Motocicleta,Particular,Motociclista,Masculino,No,Sin Registro,Herido,Choque,Transitar entre vehiculos,Carrera 48 Calle 46  Sur,Las Vegas,Urbana,"(6.166195386, -75.59928549)"
2180712,09/03/2018,8:30 a.m.,Viernes,Automovil,Publico,Conductor,Masculino,No,Sin Registro,Herido,Choque,Desobedecer senales,Calle 38 A Sur Carrera 33,Mesa,Urbana,"(6.165645413, -75.58254878)"
2180612,03/03/2018,5:00 p.m.,Sábado,Automovil,Publico,Conductor,Masculino,No,Sin Registro,Solo Daños,Choque,No mantener distancia de seguridad,Calle 48 E Sur Carrera 42 BB,Loma Del Barro,Urbana,"(6.159800047, -75.59509533)"
2180612,03/03/2018,5:00 p.m.,Sábado,Buseta,Publico,Conductor,Masculino,No,Sin Registro,Solo Daños,Choque,No mantener distancia de seguridad,Calle 48 E Sur Carrera 42 BB,Loma Del Barro,Urbana,"(6.159800047, -75.59509533)"
2180678,03/03/2018,12:15 a.m.,Sábado,Camioneta,Particular,Conductor,Masculino,No,Sin Registro,Solo Daños,Choque,Desobedecer senales,Carrera 41 Calle 39  Sur,El Dorado,Urbana,"(6.167744498, -75.5874224)"
2180678,03/03/2018,12:15 a.m.,Sábado,Motocicleta,Particular,Motociclista,Sin Registro,No,Sin Registro,Solo Daños,Choque,Desobedecer senales,Carrera 41 Calle 39  Sur,El Dorado,Urbana,"(6.167744498, -75.5874224)"
2180602,03/03/2018,10:15 a.m.,Sábado,Tractocamion,Publico,Conductor,Masculino,No,Sin Registro,Solo Daños,Choque,Obstaculos en la via,Calle 38  Sur Carrera 39,Zona Centro,Urbana,"(6.16839174, -75.5852478)"
2180589,03/03/2018,5:20 p.m.,Sábado,Bus,Publico,Conductor,Masculino,No,Sin Registro,Solo Daños,Choque,No respetar prelacion,Carrera 29 D Calle 41,San Rafael,Urbana,"(6.160077669, -75.58492922)"
2180589,03/03/2018,5:20 p.m.,Sábado,Camioneta,Particular,Conductor,Masculino,No,Sin Registro,Solo Daños,Choque,No respetar prelacion,Carrera 29 D Calle 41,San Rafael,Urbana,"(6.160077669, -75.58492922)"
2180609,03/03/2018,11:30 a.m.,Sábado,Automovil,Particular,Conductor,Femenino,No,Sin Registro,Solo Daños,Choque,Reverso imprudente,Carrera 39 Calle 36  Sur,Zona Centro,Urbana,"(6.169632254, -75.58433773)"
2180609,03/03/2018,11:30 a.m.,Sábado,Camioneta,Publico,Conductor,Masculino,No,Sin Registro,Solo Daños,Choque,Reverso imprudente,Carrera 39 Calle 36  Sur,Zona Centro,Urbana,"(6.169632254, -75.58433773)"
2180598,03/03/2018,9:30 p.m.,Sábado,Automovil,Particular,Conductor,Masculino,No,Sin Registro,Solo Daños,Choque,Reverso imprudente,Calle 32 B Sur Carrera 47,El Portal,Urbana,"(6.176640341, -75.58918757)"
2180598,03/03/2018,9:30 p.m.,Sábado,Automovil,Particular,Conductor,Masculino,No,Sin Registro,Solo Daños,Choque,Reverso imprudente,Calle 32 B Sur Carrera 47,El Portal,Urbana,"(6.176640341, -75.58918757)"
2180625,03/03/2018,1:40 p.m.,Sábado,Camioneta,Particular,Conductor,Masculino,No,Sin Registro,Solo Daños,Choque,Adelantar invadiendo carril del mismo sentido en zigzag,Calle 38  Sur Carrera 43,Zona Centro,Urbana,"(6.170061667, -75.58783913)"
2180595,03/03/2018,2:45 p.m.,Sábado,Automovil,Particular,Conductor,Masculino,No,Sin Registro,Solo Daños,Choque,Impericia en el manejo,Tramo 371 Kilometro  14,Vereda Palmas,Rural,
2180595,03/03/2018,2:45 p.m.,Sábado,Automovil,Diplomatico,Conductor,Masculino,No,Sin Registro,Solo Daños,Choque,Impericia en el manejo,Tramo 371 Kilometro  14,Vereda Palmas,Rural,
2180625,03/03/2018,1:40 p.m.,Sábado,Automovil,Particular,Conductor,Masculino,No,Sin Registro,Solo Daños,Choque,Adelantar invadiendo carril del mismo sentido en zigzag,Calle 38  Sur Carrera 43,Zona Centro,Urbana,"(6.170061667, -75.58783913)"
2180585,03/03/2018,1:15 a.m.,Sábado,Motocicleta,Particular,Motociclista,Masculino,No,Sin Registro,Herido,Choque,Impericia en el manejo,Carrera 43 A Calle 48 C Sur,Avenida El Poblado,Urbana,"(6.162218777, -75.59764446)"
2180618,04/03/2018,1:00 p.m.,Domingo,Automovil,Particular,Conductor,Masculino,No,Sin Registro,Solo Daños,Choque,Subirse al anden o vias peatonales,Tramo 372 Kilometro  14,Vereda Palmas,Rural,
2180618,04/03/2018,1:00 p.m.,Domingo,Camioneta,Particular,Conductor,Femenino,No,Sin Registro,Solo Daños,Choque,Subirse al anden o vias peatonales,Tramo 372 Kilometro  14,Vereda Palmas,Rural,
2180605,04/03/2018,4:00 p.m.,Domingo,Automovil,Publico,Conductor,Masculino,No,Sin Registro,Solo Daños,Choque,Adelantar cerrando,Carrera 40 Calle 38 A Sur,Zona Centro,Urbana,"(6.167977811, -75.5862794)"
2180605,04/03/2018,4:00 p.m.,Domingo,Automovil,Particular,Conductor,Masculino,No,Sin Registro,Solo Daños,Choque,Adelantar cerrando,Carrera 40 Calle 38 A Sur,Zona Centro,Urbana,"(6.167977811, -75.5862794)"
2180616,04/03/2018,6:30 p.m.,Domingo,Automovil,Publico,Conductor,Masculino,No,Sin Registro,Herido,Choque,Realizar giro en U,Calle 45 A Sur Carrera 41,Las Antillas,Urbana,"(6.162373073, -75.59271428)"
2180616,04/03/2018,6:30 p.m.,Domingo,Motocicleta,Particular,Motociclista,Masculino,No,Sin Registro,Herido,Choque,Realizar giro en U,Calle 45 A Sur Carrera 41,Las Antillas,Urbana,"(6.162373073, -75.59271428)"
2180619,05/03/2018,7:00 a.m.,Lunes,Automovil,Particular,Conductor,Masculino,No,Sin Registro,Herido,Choque,No mantener distancia de seguridad,Carrera 50 Calle 26  Sur,Las Vegas,Urbana,"(6.184812544, -75.58691109)"
2180619,05/03/2018,7:00 a.m.,Lunes,Motocicleta,Particular,Motociclista,Masculino,No,Sin Registro,Herido,Choque,No mantener distancia de seguridad,Carrera 50 Calle 26  Sur,Las Vegas,Urbana,"(6.184812544, -75.58691109)"
2180635,05/03/2018,7:00 a.m.,Lunes,Bicicleta,Sin Registro,Ciclista,Masculino,No,Sin Registro,Herido,Choque,Realizar giro en U,Calle 36  Sur Carrera 27 B,El Esmeraldal,Urbana,"(6.167598765, -75.57261582)"
2180635,05/03/2018,7:00 a.m.,Lunes,Automovil,Particular,Conductor,Masculino,No,Sin Registro,Herido,Choque,Realizar giro en U,Calle 36  Sur Carrera 27 B,El Esmeraldal,Urbana,"(6.167598765, -75.57261582)"
2180621,05/03/2018,7:20 a.m.,Lunes,Automovil,Particular,Conductor,Masculino,No,Sin Registro,Solo Daños,Choque,No respetar prelacion,Carrera 50 Calle 30  Sur,Las Vegas,Urbana,
2180621,05/03/2018,7:20 a.m.,Lunes,Tractocamion,Publico,Conductor,Masculino,No,Sin Registro,Solo Daños,Choque,No respetar prelacion,Carrera 50 Calle 30  Sur,Las Vegas,Urbana,
2180617,05/03/2018,1:30 p.m.,Lunes,Motocicleta,Particular,Motociclista,Masculino,No,Sin Registro,Herido,Atropello,Salir por delante de un vehiculo,Carrera 48 Calle 32  Sur,Las Vegas,Urbana,"(6.177503621, -75.58948538)"
2180615,05/03/2018,10:30 a.m.,Lunes,Camion,Publico,Conductor,Masculino,No,Sin Registro,Solo Daños,Choque,Reverso imprudente,Calle 44 A Sur Carrera 40,El Dorado,Urbana,"(6.163793051, -75.59152702)"
2170064,01/13/2017,7:30 p.m.,Viernes,Bicicleta,Sin Registro,Ciclista,Masculino,NO,Sin Registro,Herido,Choque,Otra,Calle 41  Sur Carrera 30,San Rafael,Urbana,
2180631,05/03/2018,2:40 p.m.,Lunes,Motocicleta,Particular,Motociclista,Femenino,No,Sin Registro,Solo Daños,Choque,Adelantar por la derecha,Calle 39  Sur Carrera 48,Alcala,Urbana,"(6.17373153, -75.59688397)"
2180631,05/03/2018,2:40 p.m.,Lunes,Automovil,Particular,Conductor,Masculino,No,Sin Registro,Solo Daños,Choque,Adelantar por la derecha,Calle 39  Sur Carrera 48,Alcala,Urbana,"(6.17373153, -75.59688397)"
2180636,05/03/2018,12:30 a.m.,Lunes,Motocicleta,Particular,Motociclista,Femenino,No,Sin Registro,Herido,Choque,Desobedecer senales,Calle 46 A Sur Carrera 42,La Paz,Urbana,"(6.161603623, -75.59385214)"
2180636,05/03/2018,12:30 a.m.,Lunes,Campero,Particular,Conductor,Femenino,No,Sin Registro,Herido,Choque,Desobedecer senales,Calle 46 A Sur Carrera 42,La Paz,Urbana,"(6.161603623, -75.59385214)"
2180634,05/03/2018,7:40 p.m.,Lunes,Buseta,Publico,Conductor,Masculino,No,Sin Registro,Solo Daños,Choque,Desobedecer senales,Calle 39 B Sur Carrera 32,Mesa,Urbana,"(6.163909636, -75.5829262)"
2180634,05/03/2018,7:40 p.m.,Lunes,Automovil,Particular,Conductor,Masculino,No,Sin Registro,Solo Daños,Choque,Desobedecer senales,Calle 39 B Sur Carrera 32,Mesa,Urbana,"(6.163909636, -75.5829262)"
2180623,05/03/2018,4:40 p.m.,Lunes,Automovil,Particular,Conductor,Masculino,No,Sin Registro,Solo Daños,Choque,Girar bruscamente,Carrera 48 Calle 25 AA Sur,Las Vegas,Urbana,"(6.183765745, -75.58469035)"
2180623,05/03/2018,4:40 p.m.,Lunes,Motocicleta,Particular,Motociclista,Masculino,No,Sin Registro,Solo Daños,Choque,Girar bruscamente,Carrera 48 Calle 25 AA Sur,Las Vegas,Urbana,"(6.183765745, -75.58469035)"
2180662,05/03/2018,5:40 p.m.,Lunes,Motocicleta,Particular,Motociclista,Masculino,No,Sin Registro,Herido,Atropello,Desobedecer senales,Calle 39 B Sur Carrera 25,El Salado,Urbana,"(6.154772856, -75.57488615)"
2180637,05/03/2018,3:50 p.m.,Lunes,Motocicleta,Particular,Motociclista,Masculino,No,Sin Registro,Herido,Choque,Desobedecer senales,Carrera 46 A Calle 44  Sur,Primavera,Urbana,"(6.166309563, -75.59524691)"
2180637,05/03/2018,3:50 p.m.,Lunes,Motocicleta,Particular,Motociclista,Masculino,No,Sin Registro,Herido,Choque,Desobedecer senales,Carrera 46 A Calle 44  Sur,Primavera,Urbana,"(6.166309563, -75.59524691)"
2180620,05/03/2018,2:50 p.m.,Lunes,Automovil,Particular,Conductor,Masculino,No,Sin Registro,Solo Daños,Choque,No mantener distancia de seguridad,Carrera 50 Calle 48  Sur,Las Vegas,Urbana,
2180620,05/03/2018,2:50 p.m.,Lunes,Motocicleta,Particular,Motociclista,Masculino,No,Sin Registro,Solo Daños,Choque,No mantener distancia de seguridad,Carrera 50 Calle 48  Sur,Las Vegas,Urbana,
2180620,05/03/2018,2:50 p.m.,Lunes,Motocicleta,Particular,Motociclista,Masculino,No,Sin Registro,Solo Daños,Choque,No mantener distancia de seguridad,Carrera 50 Calle 48  Sur,Las Vegas,Urbana,
2180622,05/03/2018,12:45 a.m.,Lunes,Automovil,Publico,Conductor,Masculino,No,Sin Registro,Solo Daños,Choque,No mantener distancia de seguridad,Carrera 50 Calle 30  Sur,Las Vegas,Urbana,
2180622,05/03/2018,12:45 a.m.,Lunes,Automovil,Particular,Conductor,Masculino,No,Sin Registro,Solo Daños,Choque,No mantener distancia de seguridad,Carrera 50 Calle 30  Sur,Las Vegas,Urbana,
2180648,06/03/2018,2:00 p.m.,Martes,Automovil,Particular,Conductor,Masculino,No,Sin Registro,Solo Daños,Choque,Impericia en el manejo,Tramo 373 Kilometro  10,Vereda Palmas,Rural,
2180628,06/03/2018,9:00 a.m.,Martes,Automovil,Particular,Conductor,Masculino,No,Sin Registro,Solo Daños,Volcamiento,Impericia en el manejo,Tramo 373 Kilometro  11,Vereda El Escobero,Rural,
2180630,06/03/2018,6:00 p.m.,Martes,Campero,Particular,Conductor,Masculino,No,Sin Registro,Solo Daños,Choque,Desobedecer senales,Calle 33 B Sur Carrera 45,El Portal,Urbana,"(6.174167802, -75.58799211)"
2180630,06/03/2018,6:00 p.m.,Martes,Automovil,Particular,Conductor,Masculino,No,Sin Registro,Solo Daños,Choque,Desobedecer senales,Calle 33 B Sur Carrera 45,El Portal,Urbana,"(6.174167802, -75.58799211)"
2180639,06/03/2018,4:20 p.m.,Martes,Motocicleta,Particular,Motociclista,Masculino,No,Sin Registro,Herido,Atropello,Cruzar sin observar,Calle 37  Sur Carrera 45 B,Alcala,Urbana,"(6.172791889, -75.59071155)"
2180652,06/03/2018,7:10 a.m.,Martes,Camioneta,Publico,Conductor,Masculino,No,Sin Registro,Solo Daños,Choque,No mantener distancia de seguridad,Tramo 372 Kilometro  14,Vereda Palmas,Rural,
2180652,06/03/2018,7:10 a.m.,Martes,Camion,Publico,Conductor,Masculino,No,Sin Registro,Solo Daños,Choque,No mantener distancia de seguridad,Tramo 372 Kilometro  14,Vereda Palmas,Rural,
2180652,06/03/2018,7:10 a.m.,Martes,Campero,Particular,Conductor,Masculino,No,Sin Registro,Solo Daños,Choque,No mantener distancia de seguridad,Tramo 372 Kilometro  14,Vereda Palmas,Rural,
2180643,06/03/2018,9:20 a.m.,Martes,Camion,Publico,Conductor,Masculino,No,Sin Registro,Solo Daños,Choque,Reverso imprudente,Calle 43  Sur Carrera 48,Glorieta De Peldar,Urbana,"(6.168592602, -75.597529)"
2180643,06/03/2018,9:20 a.m.,Martes,Camioneta,Publico,Conductor,Masculino,No,Sin Registro,Solo Daños,Choque,Reverso imprudente,Calle 43  Sur Carrera 48,Glorieta De Peldar,Urbana,"(6.168592602, -75.597529)"
2180671,06/03/2018,6:30 a.m.,Martes,Campero,Particular,Conductor,Masculino,No,Sin Registro,Herido,Choque,Impericia en el manejo,Tramo 372 Kilometro  15,Vereda Palmas,Rural,
2180671,06/03/2018,6:30 a.m.,Martes,Motocicleta,Particular,Motociclista,Femenino,No,Sin Registro,Herido,Choque,Impericia en el manejo,Tramo 372 Kilometro  15,Vereda Palmas,Rural,
2180633,06/03/2018,10:30 a.m.,Martes,Automovil,Particular,Conductor,Femenino,No,Sin Registro,Solo Daños,Choque,Reverso imprudente,Calle 26  Sur Carrera 48,Las Vegas,Urbana,"(6.183423583, -75.58542895)"
2180633,06/03/2018,10:30 a.m.,Martes,Motocicleta,Particular,Motociclista,Masculino,No,Sin Registro,Solo Daños,Choque,Reverso imprudente,Calle 26  Sur Carrera 48,Las Vegas,Urbana,"(6.183423583, -75.58542895)"
2180640,06/03/2018,3:45 p.m.,Martes,Motocicleta,Particular,Motociclista,Masculino,No,Sin Registro,Herido,Atropello,Arrancar sin precaucion,Calle 40 A Sur Carrera 25 AA,El Salado,Urbana,"(6.154962416, -75.58095986)"
2170087,01/14/2017,6:40 p.m.,Sábado,Automovil,Publico,Conductor,Masculino,NO,Sin Registro,Solo Daños,Choque,Otra,Calle 50  Sur Carrera 48,Las Vegas,Urbana,
2180640,06/03/2018,3:45 p.m.,Martes,Motocicleta,Particular,Motociclista,Masculino,No,Sin Registro,Herido,Atropello,Impericia en el manejo,Calle 40 A Sur Carrera 25 AA,El Salado,Urbana,"(6.154962416, -75.58095986)"
2180632,06/03/2018,1:45 p.m.,Martes,Bus,Publico,Conductor,Masculino,No,Sin Registro,Solo Daños,Choque,No mantener distancia de seguridad,Carrera 40 Calle 36  Sur,Zona Centro,Urbana,"(6.17006539, -75.58502916)"
2180632,06/03/2018,1:45 p.m.,Martes,Automovil,Particular,Conductor,Femenino,No,Sin Registro,Solo Daños,Choque,No mantener distancia de seguridad,Carrera 40 Calle 36  Sur,Zona Centro,Urbana,"(6.17006539, -75.58502916)"
2180629,06/03/2018,6:45 a.m.,Martes,Buseta,Publico,Conductor,Masculino,No,Sin Registro,Solo Daños,Choque,Impericia en el manejo,Calle 38 A Sur Carrera 43 A,Zona Centro,Urbana,"(6.169807343, -75.58912536)"
2180629,06/03/2018,6:45 a.m.,Martes,Automovil,Publico,Conductor,Masculino,No,Sin Registro,Solo Daños,Choque,Impericia en el manejo,Calle 38 A Sur Carrera 43 A,Zona Centro,Urbana,"(6.169807343, -75.58912536)"
2180638,06/03/2018,8:50 a.m.,Martes,Motocicleta,Particular,Motociclista,Masculino,No,Sin Registro,Herido,Atropello,Pasar semaforo en rojo,Calle 36  Sur Carrera 39,Zona Centro,Urbana,"(6.169751787, -75.58435113)"
2180659,06/03/2018,4:50 a.m.,Martes,Camion,Publico,Conductor,Masculino,No,Sin Registro,Herido,Choque,Falta de señales en vehiculo varado,Carrera 50 Calle 46 A Sur,Las Vegas,Urbana,"(6.16131219, -75.60319818)"
2180659,06/03/2018,4:50 a.m.,Martes,Automovil,Publico,Conductor,Masculino,No,Sin Registro,Herido,Choque,Falta de señales en vehiculo varado,Carrera 50 Calle 46 A Sur,Las Vegas,Urbana,"(6.16131219, -75.60319818)"
2180659,06/03/2018,4:50 a.m.,Martes,Motocicleta,Particular,Motociclista,Masculino,No,Sin Registro,Herido,Choque,Falta de señales en vehiculo varado,Carrera 50 Calle 46 A Sur,Las Vegas,Urbana,"(6.16131219, -75.60319818)"
2180659,06/03/2018,4:50 a.m.,Martes,Camion,Publico,Conductor,Masculino,No,Sin Registro,Herido,Choque,Falta de señales en vehiculo varado,Carrera 50 Calle 46 A Sur,Las Vegas,Urbana,"(6.16131219, -75.60319818)"
2180647,07/03/2018,2:00 p.m.,Miércoles,Buseta,Publico,Conductor,Masculino,No,Sin Registro,Solo Daños,Choque,No mantener distancia de seguridad,Calle 37  Sur Carrera 34,Los Naranjos,Urbana,"(6.167404691, -75.58225795)"
2180647,07/03/2018,2:00 p.m.,Miércoles,Automovil,Particular,Conductor,Masculino,No,Sin Registro,Solo Daños,Choque,No mantener distancia de seguridad,Calle 37  Sur Carrera 34,Los Naranjos,Urbana,"(6.167404691, -75.58225795)"
2180657,07/03/2018,1:00 p.m.,Miércoles,Bus,Publico,Conductor,Sin Registro,No,Sin Registro,Solo Daños,Choque,Girar bruscamente,Carrera 43 A Calle 24  Sur,Zuñiga,Urbana,"(6.181523119, -75.58079162)"
2180657,07/03/2018,1:00 p.m.,Miércoles,Automovil,Particular,Conductor,Femenino,No,Sin Registro,Solo Daños,Choque,Girar bruscamente,Carrera 43 A Calle 24  Sur,Zuñiga,Urbana,"(6.181523119, -75.58079162)"
2180657,07/03/2018,1:00 p.m.,Miércoles,Automovil,Particular,Conductor,Femenino,No,Sin Registro,Solo Daños,Choque,Girar bruscamente,Carrera 43 A Calle 24  Sur,Zuñiga,Urbana,"(6.181523119, -75.58079162)"
2180644,07/03/2018,3:00 p.m.,Miércoles,Automovil,Particular,Conductor,Masculino,No,Sin Registro,Herido,Choque,Impericia en el manejo,Calle 36  Sur Carrera 23,El Chocho,Urbana,"(6.167434238, -75.56295895)"
2180644,07/03/2018,3:00 p.m.,Miércoles,Automovil,Particular,Conductor,Masculino,No,Sin Registro,Herido,Choque,Impericia en el manejo,Calle 36  Sur Carrera 23,El Chocho,Urbana,"(6.167434238, -75.56295895)"
2180642,07/03/2018,4:00 a.m.,Miércoles,Motocicleta,Particular,Motociclista,Masculino,Si,2,Herido,Caida Ocupante,Embriaguez o droga,Carrera 49 Calle 25  Sur,Las Vegas,Urbana,"(6.18641241, -75.58506296)"
2180653,07/03/2018,9:15 a.m.,Miércoles,Camion,Oficial,Conductor,Masculino,No,Sin Registro,Solo Daños,Choque,No mantener distancia de seguridad,Calle 37  Sur Carrera 48,Las Vegas,Urbana,"(6.17412211, -75.59306111)"
2180655,07/03/2018,2:10 p.m.,Miércoles,Camioneta,Particular,Conductor,Masculino,No,Sin Registro,Solo Daños,Choque,Impericia en el manejo,Calle 25  Sur Carrera 42 B,Zuñiga,Urbana,"(6.179561127, -75.57986633)"
2180655,07/03/2018,2:10 p.m.,Miércoles,Automovil,Particular,Conductor,Femenino,No,Sin Registro,Solo Daños,Choque,Impericia en el manejo,Calle 25  Sur Carrera 42 B,Zuñiga,Urbana,"(6.179561127, -75.57986633)"
2180653,07/03/2018,9:15 a.m.,Miércoles,Camioneta,Publico,Conductor,Masculino,No,Sin Registro,Solo Daños,Choque,No mantener distancia de seguridad,Calle 37  Sur Carrera 48,Las Vegas,Urbana,"(6.17412211, -75.59306111)"
2180669,07/03/2018,9:15 a.m.,Miércoles,Motocicleta,Particular,Motociclista,Femenino,No,Sin Registro,Herido,Atropello,Cruzar sin observar,Calle 38  Sur Carrera 43 A,Zona Centro,Urbana,"(6.170537577, -75.58862514)"
2180656,07/03/2018,11:20 a.m.,Miércoles,Buseta,Publico,Conductor,Masculino,No,Sin Registro,Solo Daños,Choque,No mantener distancia de seguridad,Calle 26 B Sur Carrera 42 B,Zuñiga,Urbana,"(6.176911315, -75.58005899)"
2180656,07/03/2018,11:20 a.m.,Miércoles,Automovil,Publico,Conductor,Masculino,No,Sin Registro,Solo Daños,Choque,No mantener distancia de seguridad,Calle 26 B Sur Carrera 42 B,Zuñiga,Urbana,"(6.176911315, -75.58005899)"
2180649,07/03/2018,3:30 p.m.,Miércoles,Bus,Publico,Conductor,Masculino,No,Sin Registro,Solo Daños,Choque,No mantener distancia de seguridad,Carrera 48 Calle 25  Sur,Las Vegas,Urbana,"(6.185059174, -75.58329333)"
2180649,07/03/2018,3:30 p.m.,Miércoles,Automovil,Publico,Conductor,Masculino,No,Sin Registro,Solo Daños,Choque,No mantener distancia de seguridad,Carrera 48 Calle 25  Sur,Las Vegas,Urbana,"(6.185059174, -75.58329333)"
2180651,07/03/2018,3:30 p.m.,Miércoles,Motocicleta,Particular,Motociclista,Masculino,No,Sin Registro,Herido,Choque,No respetar pelacion de interseccion o giros,Carrera 49 Calle 37  Sur,Las Vegas,Urbana,
2180651,07/03/2018,3:30 p.m.,Miércoles,Camioneta,Particular,Conductor,Femenino,No,Sin Registro,Herido,Choque,No respetar pelacion de interseccion o giros,Carrera 49 Calle 37  Sur,Las Vegas,Urbana,
2180654,07/03/2018,6:40 p.m.,Miércoles,Motocicleta,Particular,Motociclista,Masculino,No,Sin Registro,Herido,Atropello,Impericia en el manejo,Calle 40 F Sur Carrera 39,El Dorado,Urbana,"(6.163941436, -75.58885517)"
2180654,07/03/2018,6:40 p.m.,Miércoles,Motocicleta,Particular,Motociclista,Masculino,No,Sin Registro,Herido,Atropello,Transitar por la calzada,Calle 40 F Sur Carrera 39,El Dorado,Urbana,"(6.163941436, -75.58885517)"
2180650,07/03/2018,1:40 p.m.,Miércoles,Automovil,Particular,Conductor,Masculino,No,Sin Registro,Solo Daños,Choque,No mantener distancia de seguridad,Carrera 43 Calle 33 B Sur,Zona Centro,Urbana,"(6.172873357, -75.5860846)"
2180650,07/03/2018,1:40 p.m.,Miércoles,Motocicleta,Particular,Motociclista,Masculino,No,Sin Registro,Solo Daños,Choque,No mantener distancia de seguridad,Carrera 43 Calle 33 B Sur,Zona Centro,Urbana,"(6.172873357, -75.5860846)"
2180670,07/03/2018,11:45 a.m.,Miércoles,Camion,Publico,Conductor,Masculino,No,Sin Registro,Solo Daños,Choque,No respetar prelacion,Carrera 50 Calle 19  Sur,Las Vegas,Urbana,
2180670,07/03/2018,11:45 a.m.,Miércoles,Automovil,Publico,Conductor,Masculino,No,Sin Registro,Solo Daños,Choque,No respetar prelacion,Carrera 50 Calle 19  Sur,Las Vegas,Urbana,
2180645,07/03/2018,12:40 a.m.,Miércoles,Motocicleta,Particular,Motociclista,Femenino,No,Sin Registro,Herido,Atropello,Pasar semaforo en rojo,Diagonal 31 E Transversal 34 D Sur,Los Naranjos,Urbana,"(6.17201459, -75.57921611)"
2180645,07/03/2018,12:40 a.m.,Miércoles,Motocicleta,Particular,Motociclista,Femenino,No,Sin Registro,Herido,Atropello,Semaforo en rojo,Diagonal 31 E Transversal 34 D Sur,Los Naranjos,Urbana,"(6.17201459, -75.57921611)"
2180646,07/03/2018,2:50 p.m.,Miércoles,Bus,Publico,Conductor,Femenino,No,Sin Registro,Solo Daños,Choque,Adelantar por la derecha,Carrera 46 B Calle 43  Sur,Milan Vallejuelos,Urbana,"(6.167470559, -75.59601718)"
2180646,07/03/2018,2:50 p.m.,Miércoles,Motocicleta,Diplomatico,Motociclista,Masculino,No,Sin Registro,Solo Daños,Choque,Adelantar por la derecha,Carrera 46 B Calle 43  Sur,Milan Vallejuelos,Urbana,"(6.167470559, -75.59601718)"
2180682,08/03/2018,10:00 a.m.,Jueves,Buseta,Publico,Conductor,Masculino,No,Sin Registro,Solo Daños,Choque,Adelantar invadiendo carril del mismo sentido en zigzag,Carrera 31 Calle 38  Sur,Mesa,Urbana,"(6.165466746, -75.58111123)"
2180682,08/03/2018,10:00 a.m.,Jueves,Camioneta,Particular,Conductor,Masculino,No,Sin Registro,Solo Daños,Choque,Adelantar invadiendo carril del mismo sentido en zigzag,Carrera 31 Calle 38  Sur,Mesa,Urbana,"(6.165466746, -75.58111123)"
2180661,08/03/2018,12:00 a.m.,Jueves,Automovil,Particular,Conductor,Femenino,No,Sin Registro,Solo Daños,Choque,No mantener distancia de seguridad,Carrera 27 Calle 36  Sur,La Inmaculada,Urbana,"(6.167009975, -75.56927808)"
2180661,08/03/2018,12:00 a.m.,Jueves,Motocicleta,Particular,Motociclista,Masculino,No,Sin Registro,Solo Daños,Choque,No mantener distancia de seguridad,Carrera 27 Calle 36  Sur,La Inmaculada,Urbana,"(6.167009975, -75.56927808)"
2180673,08/03/2018,4:00 p.m.,Jueves,Campero,Particular,Conductor,Femenino,No,Sin Registro,Solo Daños,Choque,No mantener distancia de seguridad,Tramo 372 Kilometro  13,Vereda Palmas,Rural,
2180673,08/03/2018,4:00 p.m.,Jueves,Automovil,Particular,Conductor,Masculino,No,Sin Registro,Solo Daños,Choque,No mantener distancia de seguridad,Tramo 372 Kilometro  13,Vereda Palmas,Rural,
2180660,08/03/2018,3:00 p.m.,Jueves,Motocicleta,Particular,Motociclista,Masculino,No,Sin Registro,Solo Daños,Choque,No mantener distancia de seguridad,Carrera 27 Calle 27  Sur,La Inmaculada,Urbana,"(6.172298689, -75.56780953)"