RADICADO,FECHA,HORA,DÍA DE LA SEMANA,CLASE DE VEHICULO,TIPO DE SERVICIO,TIPO DE VICTIMA,SEXO,ESTADO DE BEODEZ,RESULTADO DE BEODEZ,GRAVEDAD,CLASE DE ACCIDENTE,CAUSA,DIRECCIÓN,BARRIO,AREA,Coordenadas
2180703,03/13/2018,1:40 p.m.,Martes,Automovil,Particular,Conductor,Masculino,No,Sin Registro,Solo Daños,Choque,No mantener distancia de seguridad,Calle 38 A Sur Carrera 43,Zona Centro,Urbana,"(6.169370628, -75.5883151)"
2180703,03/13/2018,1:40 p.m.,Martes,Motocarro,Particular,Motociclista,Masculino,No,Sin Registro,Solo Daños,Choque,No mantener distancia de seguridad,Calle 38 A Sur Carrera 43,Zona Centro,Urbana,"(6.169370628, -75.5883151)"
2180716,03/13/2018,5:40 p.m.,Martes,Motocicleta,Particular,Motociclista,Masculino,No,Sin Registro,Herido,Atropello,Cruzar sin observar,Calle 45 B Sur Carrera 42 B,La Paz,Urbana,"(6.163155121, -75.59370839)"
2180707,03/13/2018,6:50 a.m.,Martes,Automovil,Particular,Conductor,Femenino,No,Sin Registro,Solo Daños,Choque,Transitar entre vehiculos,Carrera 50 Calle 46 A Sur,Las Vegas,Urbana,"(6.16131219, -75.60319818)"
2180707,03/13/2018,6:50 a.m.,Martes,Motocicleta,Particular,Motociclista,Masculino,No,Sin Registro,Solo Daños,Choque,Transitar entre vehiculos,Carrera 50 Calle 46 A Sur,Las Vegas,Urbana,"(6.16131219, -75.60319818)"
2180732,03/14/2018,2:10 p.m.,Miércoles,Automovil,Particular,Conductor,Masculino,No,Sin Registro,Solo Daños,Choque,Arrancar sin precaucion,Calle 27  Sur Carrera 25 B,El Esmeraldal,Urbana,"(6.171126194, -75.56591309)"
2180732,03/14/2018,2:10 p.m.,Miércoles,Automovil,Particular,Conductor,Femenino,No,Sin Registro,Solo Daños,Choque,Arrancar sin precaucion,Calle 27  Sur Carrera 25 B,El Esmeraldal,Urbana,"(6.171126194, -75.56591309)"
2180737,03/14/2018,9:25 a.m.,Miércoles,Motocicleta,Particular,Motociclista,Masculino,No,Sin Registro,Herido,Choque,No respetar prelacion,Calle 37  Sur Carrera 32,Mesa,Urbana,"(6.166691719, -75.58118599)"
2180737,03/14/2018,9:25 a.m.,Miércoles,Automovil,Publico,Conductor,Masculino,No,Sin Registro,Herido,Choque,No respetar prelacion,Calle 37  Sur Carrera 32,Mesa,Urbana,"(6.166691719, -75.58118599)"
2180736,03/14/2018,10:30 a.m.,Miércoles,Camioneta,Particular,Conductor,Masculino,No,Sin Registro,Solo Daños,Choque,No mantener distancia de seguridad,Diagonal 31 Transversal 32 A Sur,La Magnolia,Urbana,"(6.174681134, -75.57847104)"
2180736,03/14/2018,10:30 a.m.,Miércoles,Camioneta,Particular,Conductor,Masculino,No,Sin Registro,Solo Daños,Choque,No mantener distancia de seguridad,Diagonal 31 Transversal 32 A Sur,La Magnolia,Urbana,"(6.174681134, -75.57847104)"
2180729,03/14/2018,2:40 p.m.,Miércoles,Bus,Publico,Conductor,Masculino,No,Sin Registro,Solo Daños,Choque,Girar bruscamente,Carrera 48 Calle 27  Sur,Las Vegas,Urbana,"(6.181312425, -75.58688511)"
2180729,03/14/2018,2:40 p.m.,Miércoles,Motocicleta,Particular,Motociclista,Masculino,No,Sin Registro,Solo Daños,Choque,Girar bruscamente,Carrera 48 Calle 27  Sur,Las Vegas,Urbana,"(6.181312425, -75.58688511)"
2180735,03/14/2018,5:39 p.m.,Miércoles,Automovil,Particular,Conductor,Masculino,No,Sin Registro,Solo Daños,Choque,Impericia en el manejo,Calle 25  Sur Carrera 48,Las Vegas,Urbana,
2180735,03/14/2018,5:39 p.m.,Miércoles,Motocicleta,Particular,Motociclista,Masculino,No,Sin Registro,Solo Daños,Choque,Impericia en el manejo,Calle 25  Sur Carrera 48,Las Vegas,Urbana,
2180742,03/14/2018,5:40 p.m.,Miércoles,Buseta,Publico,Conductor,Masculino,No,Sin Registro,Herido,Otro,Desobedecer senales,Carrera 27 A Calle 37  Sur,Vereda El Escobero,Urbana,"(6.161839158, -75.57410689)"
2180718,03/14/2018,2:50 p.m.,Miércoles,Automovil,Publico,Conductor,Masculino,No,Sin Registro,Solo Daños,Choque,Desobedecer senales,Carrera 48 Calle 26  Sur,Las Vegas,Urbana,"(6.183318111, -75.58553718)"
2180718,03/14/2018,2:50 p.m.,Miércoles,Camioneta,Particular,Conductor,Masculino,No,Sin Registro,Solo Daños,Choque,Desobedecer senales,Carrera 48 Calle 26  Sur,Las Vegas,Urbana,"(6.183318111, -75.58553718)"
2180739,03/14/2018,10:50 a.m.,Miércoles,Camioneta,Particular,Conductor,Masculino,No,Sin Registro,Solo Daños,Choque,Fallas en las llantas,Tramo 372 Kilometro  12,Vereda Palmas,Rural,
2180739,03/14/2018,10:50 a.m.,Miércoles,Microbus,Publico,Conductor,Masculino,No,Sin Registro,Solo Daños,Choque,Fallas en las llantas,Tramo 372 Kilometro  12,Vereda Palmas,Rural,
2180739,03/14/2018,10:50 a.m.,Miércoles,Automovil,Particular,Conductor,Femenino,No,Sin Registro,Solo Daños,Choque,Fallas en las llantas,Tramo 372 Kilometro  12,Vereda Palmas,Rural,
2180723,03/14/2018,11:41 p.m.,Miércoles,Motocicleta,Particular,Motociclista,Masculino,No,Sin Registro,Herido,Caida Ocupante,Impericia en el manejo,Calle 39  Sur Carrera 43 A,Zona Centro,Urbana,"(6.169120914, -75.58953036)"
2180793,03/15/2018,1:00 p.m.,Jueves,Camion,Publico,Conductor,Masculino,No,Sin Registro,Solo Daños,Choque,Adelantar cerrando,Calle 30  Sur Carrera 43 A,Jardines,Urbana,"(6.177126039, -75.5852509)"
2180793,03/15/2018,1:00 p.m.,Jueves,Automovil,Particular,Conductor,Masculino,No,Sin Registro,Solo Daños,Choque,Adelantar cerrando,Calle 30  Sur Carrera 43 A,Jardines,Urbana,"(6.177126039, -75.5852509)"
2180795,03/15/2018,1:00 p.m.,Jueves,Camioneta,Particular,Conductor,Masculino,No,Sin Registro,Solo Daños,Choque,No mantener distancia de seguridad,Carrera 48 Calle 43  Sur,Las Vegas,Urbana,"(6.168335134, -75.59723358)"
2180795,03/15/2018,1:00 p.m.,Jueves,Camioneta,Publico,Conductor,Masculino,No,Sin Registro,Solo Daños,Choque,No mantener distancia de seguridad,Carrera 48 Calle 43  Sur,Las Vegas,Urbana,"(6.168335134, -75.59723358)"
2180746,03/15/2018,4:00 p.m.,Jueves,Motocicleta,Particular,Motociclista,Masculino,No,Sin Registro,Solo Daños,Choque,No mantener distancia de seguridad,Carrera 50 Calle 46 A Sur,Las Vegas,Urbana,"(6.16131219, -75.60319818)"
2180746,03/15/2018,4:00 p.m.,Jueves,Automovil,Particular,Conductor,Masculino,No,Sin Registro,Solo Daños,Choque,No mantener distancia de seguridad,Carrera 50 Calle 46 A Sur,Las Vegas,Urbana,"(6.16131219, -75.60319818)"
2180733,03/15/2018,7:00 a.m.,Jueves,Automovil,Particular,Conductor,Masculino,No,Sin Registro,Herido,Choque,No mantener distancia de seguridad,Tramo 373 Kilometro  13,Vereda Palmas,Rural,
2180733,03/15/2018,7:00 a.m.,Jueves,Automovil,Particular,Conductor,Femenino,No,Sin Registro,Herido,Choque,Transitar entre vehiculos,Tramo 373 Kilometro  13,Vereda Palmas,Rural,
2180733,03/15/2018,7:00 a.m.,Jueves,Automovil,Particular,Conductor,Femenino,No,Sin Registro,Herido,Choque,No mantener distancia de seguridad,Tramo 373 Kilometro  13,Vereda Palmas,Rural,
2180770,03/15/2018,6:00 p.m.,Jueves,Camioneta,Particular,Conductor,Masculino,No,Sin Registro,Solo Daños,Choque,Desobedecer senales,Carrera 37 Calle 38 A Sur,Mesa,Urbana,"(6.166899106, -75.58459743)"
2180770,03/15/2018,6:00 p.m.,Jueves,Motocicleta,Diplomatico,Motociclista,Masculino,No,Sin Registro,Solo Daños,Choque,Desobedecer senales,Carrera 37 Calle 38 A Sur,Mesa,Urbana,"(6.166899106, -75.58459743)"
2180733,03/15/2018,7:00 a.m.,Jueves,Automovil,Particular,Conductor,Femenino,No,Sin Registro,Herido,Choque,Transitar entre vehiculos,Tramo 373 Kilometro  13,Vereda Palmas,Rural,
2180733,03/15/2018,7:00 a.m.,Jueves,Automovil,Particular,Conductor,Femenino,No,Sin Registro,Herido,Choque,No mantener distancia de seguridad,Tramo 373 Kilometro  13,Vereda Palmas,Rural,
2180733,03/15/2018,7:00 a.m.,Jueves,Motocicleta,Particular,Motociclista,Masculino,No,Sin Registro,Herido,Choque,Transitar entre vehiculos,Tramo 373 Kilometro  13,Vereda Palmas,Rural,
2180733,03/15/2018,7:00 a.m.,Jueves,Motocicleta,Particular,Motociclista,Masculino,No,Sin Registro,Herido,Choque,No mantener distancia de seguridad,Tramo 373 Kilometro  13,Vereda Palmas,Rural,
2180733,03/15/2018,7:00 a.m.,Jueves,Camion,Publico,Conductor,Masculino,No,Sin Registro,Herido,Choque,Transitar entre vehiculos,Tramo 373 Kilometro  13,Vereda Palmas,Rural,
2180733,03/15/2018,7:00 a.m.,Jueves,Camion,Publico,Conductor,Masculino,No,Sin Registro,Herido,Choque,No mantener distancia de seguridad,Tramo 373 Kilometro  13,Vereda Palmas,Rural,
2180733,03/15/2018,7:00 a.m.,Jueves,Automovil,Particular,Conductor,Masculino,No,Sin Registro,Herido,Choque,Transitar entre vehiculos,Tramo 373 Kilometro  13,Vereda Palmas,Rural,
2180769,03/15/2018,7:15 p.m.,Jueves,Automovil,Publico,Conductor,Masculino,No,Sin Registro,Herido,Choque,Desobedecer senales,Calle 39 D Sur Carrera 24 EE,El Chinguí,Urbana,"(6.154343948, -75.57802149)"
2180769,03/15/2018,7:15 p.m.,Jueves,Bicicleta,Sin Registro,Ciclista,Masculino,No,Sin Registro,Herido,Choque,Desobedecer senales,Calle 39 D Sur Carrera 24 EE,El Chinguí,Urbana,"(6.154343948, -75.57802149)"
2180769,03/15/2018,7:15 p.m.,Jueves,Bicicleta,Sin Registro,Ciclista,Masculino,No,Sin Registro,Herido,Choque,Desobedecer senales,Calle 39 D Sur Carrera 24 EE,El Chinguí,Urbana,"(6.154343948, -75.57802149)"
2180769,03/15/2018,7:15 p.m.,Jueves,Automovil,Publico,Conductor,Masculino,No,Sin Registro,Herido,Choque,Desobedecer senales,Calle 39 D Sur Carrera 24 EE,El Chinguí,Urbana,"(6.154343948, -75.57802149)"
2180773,03/15/2018,8:15 a.m.,Jueves,Motocicleta,Particular,Motociclista,Masculino,No,Sin Registro,Solo Daños,Choque,Impericia en el manejo,Tramo 372 Kilometro  12,Vereda Palmas,Rural,
2180773,03/15/2018,8:15 a.m.,Jueves,Campero,Particular,Conductor,Femenino,No,Sin Registro,Solo Daños,Choque,Impericia en el manejo,Tramo 372 Kilometro  12,Vereda Palmas,Rural,
2180747,03/17/2018,6:50 p.m.,Sábado,Tractocamion,Publico,Conductor,Masculino,No,Sin Registro,Herido,Choque,No respetar prelacion,Carrera 48 Calle 43  Sur,Las Vegas,Urbana,"(6.168335134, -75.59723358)"
2180738,03/15/2018,7:15 a.m.,Jueves,Bus,Publico,Conductor,Masculino,No,Sin Registro,Solo Daños,Choque,No mantener distancia de seguridad,Calle 41  Sur Carrera 25,La Mina,Urbana,"(6.153055964, -75.58446808)"
2180738,03/15/2018,7:15 a.m.,Jueves,Bus,Publico,Conductor,Masculino,No,Sin Registro,Solo Daños,Choque,No mantener distancia de seguridad,Calle 41  Sur Carrera 25,La Mina,Urbana,"(6.153055964, -75.58446808)"
2180784,03/15/2018,10:25 a.m.,Jueves,Bus,Publico,Conductor,Masculino,No,Sin Registro,Herido,Caida Ocupante,Desobedecer senales,Carrera 31 Calle 37  Sur,Mesa,Urbana,"(6.166081055, -75.58064217)"
2180745,03/15/2018,1:25 p.m.,Jueves,Motocicleta,Particular,Motociclista,Masculino,No,Sin Registro,Solo Daños,Choque,No mantener distancia de seguridad,Carrera 41 Calle 29  Sur,Las Vegas,Urbana,"(6.159321168, -75.58336475)"
2180745,03/15/2018,1:25 p.m.,Jueves,Camioneta,Particular,Conductor,Masculino,No,Sin Registro,Solo Daños,Choque,No mantener distancia de seguridad,Carrera 41 Calle 29  Sur,Las Vegas,Urbana,"(6.159321168, -75.58336475)"
2180740,03/15/2018,7:30 a.m.,Jueves,Automovil,Particular,Conductor,Masculino,No,Sin Registro,Herido,Choque,Poner en marcha un vehiculo sin precauci,Carrera 48 Calle 30  Sur,Las Vegas,Urbana,"(6.179366643, -75.5880841)"
2180740,03/15/2018,7:30 a.m.,Jueves,Motocicleta,Particular,Motociclista,Femenino,No,Sin Registro,Herido,Choque,Poner en marcha un vehiculo sin precauci,Carrera 48 Calle 30  Sur,Las Vegas,Urbana,"(6.179366643, -75.5880841)"
2180758,03/15/2018,7:30 a.m.,Jueves,Campero,Particular,Conductor,Masculino,No,Sin Registro,Solo Daños,Choque,Transitar entre vehiculos,Calle 21  Sur Carrera 41,Zuñiga,Urbana,"(6.182165945, -75.57677668)"
2180758,03/15/2018,7:30 a.m.,Jueves,Motocicleta,Particular,Motociclista,Masculino,No,Sin Registro,Solo Daños,Choque,Transitar entre vehiculos,Calle 21  Sur Carrera 41,Zuñiga,Urbana,"(6.182165945, -75.57677668)"
2180757,03/15/2018,1:30 p.m.,Jueves,Bus,Publico,Conductor,Masculino,No,Sin Registro,Solo Daños,Choque,No mantener distancia de seguridad,Carrera 50 Calle 32  Sur,Las Vegas,Urbana,"(6.178248378, -75.59168828)"
2180757,03/15/2018,1:30 p.m.,Jueves,Automovil,Particular,Conductor,Masculino,No,Sin Registro,Solo Daños,Choque,No mantener distancia de seguridad,Carrera 50 Calle 32  Sur,Las Vegas,Urbana,"(6.178248378, -75.59168828)"
2180743,03/15/2018,12:30 a.m.,Jueves,Bus,Publico,Conductor,Masculino,No,Sin Registro,Solo Daños,Choque,Impericia en el manejo,Calle 34 A Sur Carrera 27 D,Alto De Misael,Urbana,"(6.172512502, -75.57704738)"
2180731,03/15/2018,8:40 a.m.,Jueves,Automovil,Publico,Conductor,Masculino,No,Sin Registro,Solo Daños,Choque,No mantener distancia de seguridad,Carrera 48 Calle 46  Sur,Las Vegas,Urbana,"(6.166195386, -75.59928549)"
2180731,03/15/2018,8:40 a.m.,Jueves,Campero,Particular,Conductor,Femenino,No,Sin Registro,Solo Daños,Choque,No mantener distancia de seguridad,Carrera 48 Calle 46  Sur,Las Vegas,Urbana,"(6.166195386, -75.59928549)"
2180731,03/15/2018,8:40 a.m.,Jueves,Automovil,Particular,Conductor,Masculino,No,Sin Registro,Solo Daños,Choque,No mantener distancia de seguridad,Carrera 48 Calle 46  Sur,Las Vegas,Urbana,"(6.166195386, -75.59928549)"
2180760,03/15/2018,3:40 p.m.,Jueves,Campero,Diplomatico,Conductor,Masculino,No,Sin Registro,Solo Daños,Choque,Adelantar cerrando,Calle 36 D Sur Carrera 27 D,Vereda El Escobero,Urbana,"(6.164970853, -75.57463727)"
2180760,03/15/2018,3:40 p.m.,Jueves,Automovil,Particular,Conductor,Femenino,No,Sin Registro,Solo Daños,Choque,Adelantar cerrando,Calle 36 D Sur Carrera 27 D,Vereda El Escobero,Urbana,"(6.164970853, -75.57463727)"
2180741,03/15/2018,7:40 a.m.,Jueves,Motocicleta,Particular,Motociclista,Masculino,No,Sin Registro,Herido,Choque,Impericia en el manejo,Calle 27  Sur Carrera 28,El Esmeraldal,Urbana,"(6.175346318, -75.5745834)"
2180741,03/15/2018,7:40 a.m.,Jueves,Automovil,Publico,Conductor,Masculino,No,Sin Registro,Herido,Choque,Impericia en el manejo,Calle 27  Sur Carrera 28,El Esmeraldal,Urbana,"(6.175346318, -75.5745834)"
2180775,03/15/2018,6:50 a.m.,Jueves,Motocicleta,Particular,Motociclista,Femenino,No,Sin Registro,Herido,Choque,Transitar entre vehiculos,Carrera 48 Calle 37  Sur,Las Vegas,Urbana,"(6.172859211, -75.59276992)"
2180775,03/15/2018,6:50 a.m.,Jueves,Automovil,Publico,Conductor,Masculino,No,Sin Registro,Herido,Choque,Transitar entre vehiculos,Carrera 48 Calle 37  Sur,Las Vegas,Urbana,"(6.172859211, -75.59276992)"
2180748,03/16/2018,4:00 p.m.,Viernes,Camioneta,Particular,Conductor,Femenino,No,Sin Registro,Solo Daños,Choque,No respetar prelacion,Calle 36  Sur Carrera 27 D,La Inmaculada,Urbana,"(6.167512089, -75.57414943)"
2180748,03/16/2018,4:00 p.m.,Viernes,Camioneta,Particular,Conductor,Femenino,No,Sin Registro,Solo Daños,Choque,No respetar prelacion,Calle 36  Sur Carrera 27 D,La Inmaculada,Urbana,"(6.167512089, -75.57414943)"
2180766,03/16/2018,7:00 a.m.,Viernes,Automovil,Particular,Conductor,Masculino,No,Sin Registro,Solo Daños,Choque,Transitar entre vehiculos,Calle 37  Sur Carrera 46,El Portal,Urbana,"(6.172613713, -75.59090911)"
2180766,03/16/2018,7:00 a.m.,Viernes,Motocicleta,Particular,Motociclista,Masculino,No,Sin Registro,Solo Daños,Choque,Transitar entre vehiculos,Calle 37  Sur Carrera 46,El Portal,Urbana,"(6.172613713, -75.59090911)"
2180766,03/16/2018,7:00 a.m.,Viernes,Automovil,Particular,Conductor,Femenino,No,Sin Registro,Solo Daños,Choque,Transitar entre vehiculos,Calle 37  Sur Carrera 46,El Portal,Urbana,"(6.172613713, -75.59090911)"
2180744,03/16/2018,10:10 p.m.,Viernes,Camioneta,Particular,Conductor,Masculino,No,Sin Registro,Herido,Choque,Transitar entre vehiculos,Carrera 50 Calle 26  Sur,Las Vegas,Urbana,"(6.184812544, -75.58691109)"
2180744,03/16/2018,10:10 p.m.,Viernes,Motocicleta,Particular,Motociclista,Masculino,No,Sin Registro,Herido,Choque,Transitar entre vehiculos,Carrera 50 Calle 26  Sur,Las Vegas,Urbana,"(6.184812544, -75.58691109)"
2180765,03/16/2018,10:10 a.m.,Viernes,Camioneta,Particular,Conductor,Masculino,No,Sin Registro,Solo Daños,Choque,Adelantar cerrando,Calle 21  Sur Carrera 43 A,Zuñiga,Urbana,"(6.18399286, -75.57959764)"
2180765,03/16/2018,10:10 a.m.,Viernes,Automovil,Particular,Conductor,Masculino,No,Sin Registro,Solo Daños,Choque,Adelantar cerrando,Calle 21  Sur Carrera 43 A,Zuñiga,Urbana,"(6.18399286, -75.57959764)"
2180751,03/16/2018,12:15 a.m.,Viernes,Automovil,Particular,Conductor,Masculino,No,Sin Registro,Herido,Atropello,Cruzar sin observar,Tramo 372 Kilometro  16,Vereda Palmas,Rural,
2180772,03/16/2018,8:10 p.m.,Viernes,Bus,Publico,Conductor,Masculino,No,Sin Registro,Solo Daños,Choque,No mantener distancia de seguridad,Carrera 43 A Calle 37  Sur,Zona Centro,Urbana,"(6.171024704, -75.5881647)"
2180772,03/16/2018,8:10 p.m.,Viernes,Automovil,Particular,Conductor,Femenino,No,Sin Registro,Solo Daños,Choque,No mantener distancia de seguridad,Carrera 43 A Calle 37  Sur,Zona Centro,Urbana,"(6.171024704, -75.5881647)"
2180790,03/16/2018,10:20 a.m.,Viernes,Bus,Publico,Conductor,Masculino,No,Sin Registro,Solo Daños,Choque,No respetar prelacion,Calle 49 D Sur Carrera 40 A,La Inmaculada,Urbana,"(6.155814881, -75.60075467)"
2180790,03/16/2018,10:20 a.m.,Viernes,Camioneta,Publico,Conductor,Masculino,No,Sin Registro,Solo Daños,Choque,No respetar prelacion,Calle 49 D Sur Carrera 40 A,La Inmaculada,Urbana,"(6.155814881, -75.60075467)"
2180786,03/16/2018,5:40 a.m.,Viernes,Camioneta,Particular,Conductor,Masculino,No,Sin Registro,Solo Daños,Choque,No mantener distancia de seguridad,Carrera 48 Calle 40  Sur,Alcala,Urbana,"(6.168855316, -75.59688767)"
2180786,03/16/2018,5:40 a.m.,Viernes,Motocicleta,Particular,Motociclista,Masculino,No,Sin Registro,Solo Daños,Choque,No mantener distancia de seguridad,Carrera 48 Calle 40  Sur,Alcala,Urbana,"(6.168855316, -75.59688767)"
2180778,03/16/2018,7:25 a.m.,Viernes,Automovil,Particular,Conductor,Masculino,No,Sin Registro,Solo Daños,Choque,No mantener distancia de seguridad,Carrera 50 Calle 26  Sur,Las Vegas,Urbana,"(6.184812544, -75.58691109)"
2180778,03/16/2018,7:25 a.m.,Viernes,Camioneta,Particular,Conductor,Masculino,No,Sin Registro,Solo Daños,Choque,No mantener distancia de seguridad,Carrera 50 Calle 26  Sur,Las Vegas,Urbana,"(6.184812544, -75.58691109)"
2180778,03/16/2018,7:25 a.m.,Viernes,Automovil,Particular,Conductor,Masculino,No,Sin Registro,Solo Daños,Choque,No mantener distancia de seguridad,Carrera 50 Calle 26  Sur,Las Vegas,Urbana,"(6.184812544, -75.58691109)"
2180763,03/16/2018,1:30 p.m.,Viernes,Automovil,Publico,Conductor,Masculino,No,Sin Registro,Solo Daños,Choque,No mantener distancia de seguridad,Carrera 42 Calle 45  Sur,La Paz,Urbana,"(6.16614278, -75.59440441)"
2180763,03/16/2018,1:30 p.m.,Viernes,Bus,Publico,Conductor,Masculino,No,Sin Registro,Solo Daños,Choque,No mantener distancia de seguridad,Carrera 42 Calle 45  Sur,La Paz,Urbana,"(6.16614278, -75.59440441)"
2180771,03/16/2018,10:30 a.m.,Viernes,Automovil,Particular,Conductor,Masculino,No,Sin Registro,Solo Daños,Choque,Desobedecer senales,Diagonal 31 Transversal 32 C Sur,La Magnolia,Urbana,"(6.174681134, -75.57847104)"
2180791,03/16/2018,7:40 p.m.,Viernes,Motocicleta,Particular,Motociclista,Masculino,No,Sin Registro,Solo Daños,Choque,Girar bruscamente,Carrera 41 Calle 40  Sur,El Dorado,Urbana,"(6.166920833, -75.58799502)"
2180791,03/16/2018,7:40 p.m.,Viernes,Bus,Publico,Conductor,Masculino,No,Sin Registro,Solo Daños,Choque,Girar bruscamente,Carrera 41 Calle 40  Sur,El Dorado,Urbana,"(6.166920833, -75.58799502)"
2180755,03/16/2018,1:50 p.m.,Viernes,Bus,Publico,Conductor,Masculino,No,Sin Registro,Solo Daños,Choque,Poner en marcha un vehiculo sin precauci,Carrera 48 Calle 27 A Sur,Las Vegas,Urbana,"(6.181312425, -75.58688511)"
2180755,03/16/2018,1:50 p.m.,Viernes,Automovil,Particular,Conductor,Masculino,No,Sin Registro,Solo Daños,Choque,Poner en marcha un vehiculo sin precauci,Carrera 48 Calle 27 A Sur,Las Vegas,Urbana,"(6.181312425, -75.58688511)"
2180774,03/16/2018,7:50 a.m.,Viernes,Motocicleta,Particular,Motociclista,Masculino,No,Sin Registro,Solo Daños,Choque,No mantener distancia de seguridad,Carrera 48 Calle 46  Sur,Las Vegas,Urbana,"(6.166195386, -75.59928549)"
2180774,03/16/2018,7:50 a.m.,Viernes,Motocicleta,Particular,Motociclista,Masculino,No,Sin Registro,Solo Daños,Choque,No mantener distancia de seguridad,Carrera 48 Calle 46  Sur,Las Vegas,Urbana,"(6.166195386, -75.59928549)"
2180752,03/17/2018,2:00 p.m.,Sábado,Automovil,Publico,Conductor,Masculino,No,Sin Registro,Solo Daños,Choque,No mantener distancia de seguridad,Carrera 48 Calle 31  Sur,Las Vegas,Urbana,"(6.178537792, -75.58885189)"
2180752,03/17/2018,2:00 p.m.,Sábado,Automovil,Particular,Conductor,Femenino,No,Sin Registro,Solo Daños,Choque,No mantener distancia de seguridad,Carrera 48 Calle 31  Sur,Las Vegas,Urbana,"(6.178537792, -75.58885189)"
2180761,03/17/2018,2:00 p.m.,Sábado,Motocicleta,Particular,Motociclista,Femenino,No,Sin Registro,Solo Daños,Choque,Transitar entre vehiculos,Carrera 43 A Calle 43  Sur,Las Vegas,Urbana,"(6.1654766, -75.59401722)"
2180761,03/17/2018,2:00 p.m.,Sábado,Camioneta,Particular,Conductor,Masculino,No,Sin Registro,Solo Daños,Choque,Transitar entre vehiculos,Carrera 43 A Calle 43  Sur,Las Vegas,Urbana,"(6.1654766, -75.59401722)"
2180761,03/17/2018,2:00 p.m.,Sábado,Automovil,Particular,Conductor,Masculino,No,Sin Registro,Solo Daños,Choque,Transitar entre vehiculos,Carrera 43 A Calle 43  Sur,Las Vegas,Urbana,"(6.1654766, -75.59401722)"
2180799,03/17/2018,5:10 p.m.,Sábado,Motocicleta,Particular,Motociclista,Masculino,No,Sin Registro,Solo Daños,Choque,Adelantar cerrando,Calle 36 D Sur Carrera 27,Vereda El Escobero,Urbana,"(6.162479576, -75.57022257)"
2180799,03/17/2018,5:10 p.m.,Sábado,Automovil,Particular,Conductor,Masculino,No,Sin Registro,Solo Daños,Choque,Adelantar cerrando,Calle 36 D Sur Carrera 27,Vereda El Escobero,Urbana,"(6.162479576, -75.57022257)"
2180759,03/17/2018,1:15 p.m.,Sábado,Automovil,Particular,Conductor,Masculino,No,Sin Registro,Herido,Choque,Transitar entre vehiculos,Carrera 48 Calle 37  Sur,Las Vegas,Urbana,"(6.172859211, -75.59276992)"
2180759,03/17/2018,1:15 p.m.,Sábado,Motocicleta,Particular,Motociclista,Masculino,No,Sin Registro,Herido,Choque,Transitar entre vehiculos,Carrera 48 Calle 37  Sur,Las Vegas,Urbana,"(6.172859211, -75.59276992)"
2180785,03/17/2018,11:30 a.m.,Sábado,Automovil,Particular,Conductor,Masculino,No,Sin Registro,Solo Daños,Choque,Reverso imprudente,Calle 26  Sur Carrera 43 A,Jardines,Urbana,"(6.180841534, -75.58293815)"
2180785,03/17/2018,11:30 a.m.,Sábado,Automovil,Particular,Conductor,Masculino,No,Sin Registro,Solo Daños,Choque,Reverso imprudente,Calle 26  Sur Carrera 43 A,Jardines,Urbana,"(6.180841534, -75.58293815)"
2180749,03/17/2018,10:15 p.m.,Sábado,Motocicleta,Particular,Motociclista,Masculino,No,Sin Registro,Herido,Atropello,Cruzar sin observar,Calle 37  Sur Carrera 45 B,El Portal,Urbana,"(6.172791889, -75.59071155)"
2180749,03/17/2018,10:15 p.m.,Sábado,Motocicleta,Particular,Motociclista,Masculino,No,Sin Registro,Herido,Atropello,Impericia en el manejo,Calle 37  Sur Carrera 45 B,El Portal,Urbana,"(6.172791889, -75.59071155)"
2180802,03/17/2018,4:30 p.m.,Sábado,Automovil,Publico,Conductor,Masculino,No,Sin Registro,Solo Daños,Choque,No mantener distancia de seguridad,Carrera 48 Calle 31  Sur,Las Vegas,Urbana,"(6.178537792, -75.58885189)"
2180802,03/17/2018,4:30 p.m.,Sábado,Campero,Particular,Conductor,Femenino,No,Sin Registro,Solo Daños,Choque,No mantener distancia de seguridad,Carrera 48 Calle 31  Sur,Las Vegas,Urbana,"(6.178537792, -75.58885189)"
2170135,01/21/2017,8:50 a.m.,Sábado,Camioneta,Particular,Conductor,Masculino,NO,Sin Registro,Solo Daños,Choque,Otra,Tramo 372 Kilometro  17,Vereda Palmas,Rural,
2180787,03/17/2018,12:30 a.m.,Sábado,Automovil,Particular,Conductor,Masculino,No,Sin Registro,Solo Daños,Choque,Impericia en el manejo,Carrera 27 A Calle 36 D Sur,Vereda El Escobero,Urbana,"(6.162396832, -75.57323111)"
2180787,03/17/2018,12:30 a.m.,Sábado,Camioneta,Particular,Conductor,Masculino,No,Sin Registro,Solo Daños,Choque,Impericia en el manejo,Carrera 27 A Calle 36 D Sur,Vereda El Escobero,Urbana,"(6.162396832, -75.57323111)"
2180762,03/17/2018,4:35 p.m.,Sábado,Bus,Publico,Conductor,Masculino,No,Sin Registro,Solo Daños,Choque,Frenar bruscamente,Calle 48 E Sur Carrera 42 BB,Loma Del Barro,Urbana,"(6.159800047, -75.59509533)"