RADICADO,FECHA,HORA,DÍA DE LA SEMANA,CLASE DE VEHICULO,TIPO DE SERVICIO,TIPO DE VICTIMA,SEXO,ESTADO DE BEODEZ,RESULTADO DE BEODEZ,GRAVEDAD,CLASE DE ACCIDENTE,CAUSA,DIRECCIÓN,BARRIO,AREA,Coordenadas
2180762,03/17/2018,4:35 p.m.,Sábado,Bus,Publico,Conductor,Masculino,No,Sin Registro,Solo Daños,Choque,No mantener distancia de seguridad,Calle 48 E Sur Carrera 42 BB,Loma Del Barro,Urbana,"(6.159800047, -75.59509533)"
2180781,03/17/2018,8:30 p.m.,Sábado,Automovil,Particular,Conductor,Masculino,No,Sin Registro,Herido,Choque,Desobedecer senales,Diagonal 32 B Transversal 33  Sur,La Magnolia,Urbana,"(6.174348425, -75.58286678)"
2180781,03/17/2018,8:30 p.m.,Sábado,Automovil,Particular,Conductor,Femenino,No,Sin Registro,Herido,Choque,Desobedecer senales,Diagonal 32 B Transversal 33  Sur,La Magnolia,Urbana,"(6.174348425, -75.58286678)"
2180762,03/17/2018,4:35 p.m.,Sábado,Bus,Publico,Conductor,Masculino,No,Sin Registro,Solo Daños,Choque,Frenar bruscamente,Calle 48 E Sur Carrera 42 BB,Loma Del Barro,Urbana,"(6.159800047, -75.59509533)"
2180762,03/17/2018,4:35 p.m.,Sábado,Bus,Publico,Conductor,Masculino,No,Sin Registro,Solo Daños,Choque,No mantener distancia de seguridad,Calle 48 E Sur Carrera 42 BB,Loma Del Barro,Urbana,"(6.159800047, -75.59509533)"
2180783,03/17/2018,10:40 a.m.,Sábado,Motocicleta,Particular,Motociclista,Masculino,No,Sin Registro,Herido,Choque,Adelantar en curva,Tramo 181 Kilometro  11,Vereda Palmas,Rural,
2180783,03/17/2018,10:40 a.m.,Sábado,Campero,Particular,Conductor,Masculino,No,Sin Registro,Herido,Choque,Adelantar en curva,Tramo 181 Kilometro  11,Vereda Palmas,Rural,
2180780,03/17/2018,6:50 a.m.,Sábado,Automovil,Particular,Conductor,Masculino,No,Sin Registro,Herido,Choque,No mantener distancia de seguridad,Calle 37  Sur Carrera 49,Las Vegas,Urbana,"(6.174789471, -75.59420424)"
2180780,03/17/2018,6:50 a.m.,Sábado,Motocicleta,Particular,Motociclista,Masculino,No,Sin Registro,Herido,Choque,No mantener distancia de seguridad,Calle 37  Sur Carrera 49,Las Vegas,Urbana,"(6.174789471, -75.59420424)"
2180780,03/17/2018,6:50 a.m.,Sábado,Motocicleta,Particular,Motociclista,Masculino,No,Sin Registro,Herido,Choque,No mantener distancia de seguridad,Calle 37  Sur Carrera 49,Las Vegas,Urbana,"(6.174789471, -75.59420424)"
2180780,03/17/2018,6:50 a.m.,Sábado,Automovil,Particular,Conductor,Masculino,No,Sin Registro,Herido,Choque,No mantener distancia de seguridad,Calle 37  Sur Carrera 49,Las Vegas,Urbana,"(6.174789471, -75.59420424)"
2180747,03/17/2018,6:50 p.m.,Sábado,Motocicleta,Particular,Motociclista,Femenino,No,Sin Registro,Herido,Choque,Adelantar cerrando,Carrera 48 Calle 43  Sur,Las Vegas,Urbana,"(6.168335134, -75.59723358)"
2180756,03/17/2018,12:45 a.m.,Sábado,Campero,Particular,Conductor,Masculino,No,Sin Registro,Herido,Choque,No respetar prelacion,Tramo 372 Kilometro  13,Vereda Palmas,Rural,
2180756,03/17/2018,12:45 a.m.,Sábado,Bicicleta,Sin Registro,Ciclista,Masculino,No,Sin Registro,Herido,Choque,No respetar prelacion,Tramo 372 Kilometro  13,Vereda Palmas,Rural,
2180779,03/17/2018,10:50 a.m.,Sábado,Bus,Publico,Conductor,Masculino,No,Sin Registro,Solo Daños,Choque,Frenar bruscamente,Calle 50  Sur Carrera 49,Las Vegas,Urbana,
2180747,03/17/2018,6:50 p.m.,Sábado,Motocicleta,Particular,Motociclista,Femenino,No,Sin Registro,Herido,Choque,No respetar prelacion,Carrera 48 Calle 43  Sur,Las Vegas,Urbana,"(6.168335134, -75.59723358)"
2180747,03/17/2018,6:50 p.m.,Sábado,Tractocamion,Publico,Conductor,Masculino,No,Sin Registro,Herido,Choque,Adelantar cerrando,Carrera 48 Calle 43  Sur,Las Vegas,Urbana,"(6.168335134, -75.59723358)"
2180779,03/17/2018,10:50 a.m.,Sábado,Motocicleta,Particular,Motociclista,Masculino,No,Sin Registro,Solo Daños,Choque,No mantener distancia de seguridad,Calle 50  Sur Carrera 49,Las Vegas,Urbana,
2180779,03/17/2018,10:50 a.m.,Sábado,Motocicleta,Particular,Motociclista,Masculino,No,Sin Registro,Solo Daños,Choque,Frenar bruscamente,Calle 50  Sur Carrera 49,Las Vegas,Urbana,
2180789,03/17/2018,8:50 a.m.,Sábado,Bus,Publico,Conductor,Masculino,No,Sin Registro,Solo Daños,Choque,No mantener distancia de seguridad,Carrera 43 A Calle 26  Sur,Avenida El Poblado,Urbana,"(6.180756284, -75.58295442)"
2180789,03/17/2018,8:50 a.m.,Sábado,Automovil,Particular,Conductor,Masculino,No,Sin Registro,Solo Daños,Choque,No mantener distancia de seguridad,Carrera 43 A Calle 26  Sur,Avenida El Poblado,Urbana,"(6.180756284, -75.58295442)"
2180779,03/17/2018,10:50 a.m.,Sábado,Camioneta,Particular,Conductor,Masculino,No,Sin Registro,Solo Daños,Choque,No mantener distancia de seguridad,Calle 50  Sur Carrera 49,Las Vegas,Urbana,
2180779,03/17/2018,10:50 a.m.,Sábado,Camioneta,Particular,Conductor,Masculino,No,Sin Registro,Solo Daños,Choque,Frenar bruscamente,Calle 50  Sur Carrera 49,Las Vegas,Urbana,
2180779,03/17/2018,10:50 a.m.,Sábado,Bus,Publico,Conductor,Masculino,No,Sin Registro,Solo Daños,Choque,No mantener distancia de seguridad,Calle 50  Sur Carrera 49,Las Vegas,Urbana,
2180753,03/17/2018,1:57 p.m.,Sábado,Motocicleta,Particular,Motociclista,Masculino,No,Sin Registro,Herido,Choque,No mantener distancia de seguridad,Carrera 48 Calle 35 A Sur,Las Vegas,Urbana,"(6.174372875, -75.59153184)"
2180753,03/17/2018,1:57 p.m.,Sábado,Campero,Particular,Conductor,Femenino,No,Sin Registro,Herido,Choque,No mantener distancia de seguridad,Carrera 48 Calle 35 A Sur,Las Vegas,Urbana,"(6.174372875, -75.59153184)"
2180794,03/18/2018,11:00 a.m.,Domingo,Automovil,Particular,Conductor,Femenino,No,Sin Registro,Solo Daños,Choque,Desobedecer senales,Calle 36 D Sur Carrera 27 D,Vereda El Escobero,Urbana,"(6.164970853, -75.57463727)"
2180794,03/18/2018,11:00 a.m.,Domingo,Automovil,Particular,Conductor,Femenino,No,Sin Registro,Solo Daños,Choque,Desobedecer senales,Calle 36 D Sur Carrera 27 D,Vereda El Escobero,Urbana,"(6.164970853, -75.57463727)"
2180803,03/18/2018,8:10 p.m.,Domingo,Automovil,Particular,Conductor,Masculino,No,Sin Registro,Solo Daños,Choque,No mantener distancia de seguridad,Tramo 373 Kilometro  13,Vereda Palmas,Rural,
2180750,03/18/2018,11:30 a.m.,Domingo,Automovil,Particular,Conductor,Masculino,No,Sin Registro,Herido,Choque,Adelantar cerrando,Tramo 371 Kilometro  7,Vereda El Escobero,Rural,
2180750,03/18/2018,11:30 a.m.,Domingo,Motocicleta,Particular,Motociclista,Masculino,No,Sin Registro,Herido,Choque,Adelantar cerrando,Tramo 371 Kilometro  7,Vereda El Escobero,Rural,
2180768,03/18/2018,1:50 p.m.,Domingo,Campero,Particular,Conductor,Masculino,No,Sin Registro,Solo Daños,Choque,Remolque sin precaucion,Calle 36 D Sur Carrera 27 A,Vereda El Escobero,Urbana,"(6.164831751, -75.57423497)"
2180768,03/18/2018,1:50 p.m.,Domingo,Automovil,Particular,Conductor,Masculino,No,Sin Registro,Solo Daños,Choque,Remolque sin precaucion,Calle 36 D Sur Carrera 27 A,Vereda El Escobero,Urbana,"(6.164831751, -75.57423497)"
2180806,03/18/2018,2:55 p.m.,Domingo,Automovil,Particular,Conductor,Masculino,No,Sin Registro,Solo Daños,Choque,Transitar entre vehiculos,Carrera 43 A Calle 25  Sur,Avenida El Poblado,Urbana,"(6.181616833, -75.58185727)"
2180806,03/18/2018,2:55 p.m.,Domingo,Motocicleta,Particular,Motociclista,Masculino,No,Sin Registro,Solo Daños,Choque,Transitar entre vehiculos,Carrera 43 A Calle 25  Sur,Avenida El Poblado,Urbana,"(6.181616833, -75.58185727)"
2180767,03/19/2018,1:10 p.m.,Lunes,Motocicleta,Particular,Motociclista,Sin Registro,No,Sin Registro,Solo Daños,Choque,No mantener distancia de seguridad,Diagonal 31 A Transversal 34 DD Sur,Manuel Uribe Angel,Urbana,"(6.171643894, -75.57975224)"
2180767,03/19/2018,1:10 p.m.,Lunes,Camioneta,Particular,Conductor,Masculino,No,Sin Registro,Solo Daños,Choque,No mantener distancia de seguridad,Diagonal 31 A Transversal 34 DD Sur,Manuel Uribe Angel,Urbana,"(6.171643894, -75.57975224)"
2180777,03/19/2018,4:30 p.m.,Lunes,Automovil,Particular,Conductor,Masculino,No,Sin Registro,Solo Daños,Choque,Impericia en el manejo,Calle 40 B Sur Carrera 27 A,La Mina,Urbana,"(6.158297101, -75.58166565)"
2180777,03/19/2018,4:30 p.m.,Lunes,Automovil,Particular,Conductor,Femenino,No,Sin Registro,Solo Daños,Choque,Impericia en el manejo,Calle 40 B Sur Carrera 27 A,La Mina,Urbana,"(6.158297101, -75.58166565)"
2180782,03/19/2018,11:40 a.m.,Lunes,Automovil,Particular,Conductor,Masculino,No,Sin Registro,Herido,Atropello,Impericia en el manejo,Calle 39  Sur Carrera 39,Zona Centro,Urbana,"(6.166978259, -75.58604492)"
2180782,03/19/2018,11:40 a.m.,Lunes,Motocicleta,Particular,Motociclista,Sin Registro,No,Sin Registro,Herido,Atropello,Impericia en el manejo,Calle 39  Sur Carrera 39,Zona Centro,Urbana,"(6.166978259, -75.58604492)"
2180782,03/19/2018,11:40 a.m.,Lunes,Motocicleta,Particular,Motociclista,Sin Registro,No,Sin Registro,Herido,Atropello,Impericia en el manejo,Calle 39  Sur Carrera 39,Zona Centro,Urbana,"(6.166978259, -75.58604492)"
2180754,03/19/2018,11:30 p.m.,Lunes,Motocicleta,Particular,Motociclista,Masculino,No,Sin Registro,Solo Daños,Choque,Semaforo en rojo,Calle 38  Sur Carrera 29 A,Manuel Uribe Angel,Urbana,"(6.165022576, -75.58071311)"
2180764,03/19/2018,10:30 p.m.,Lunes,Motocicleta,Particular,Motociclista,Masculino,No,Sin Registro,Solo Daños,Choque,Semaforo en rojo,Carrera 48 Calle 25  Sur,Las Vegas,Urbana,"(6.185059174, -75.58329333)"
2180764,03/19/2018,10:30 p.m.,Lunes,Motocicleta,Particular,Motociclista,Sin Registro,No,Sin Registro,Solo Daños,Choque,Semaforo en rojo,Carrera 48 Calle 25  Sur,Las Vegas,Urbana,"(6.185059174, -75.58329333)"
2180776,03/19/2018,4:40 p.m.,Lunes,Bus,Publico,Conductor,Masculino,No,Sin Registro,Solo Daños,Choque,Reverso imprudente,Carrera 46 Calle 38 B Sur,Alcala,Urbana,"(6.171029331, -75.59179814)"
2180776,03/19/2018,4:40 p.m.,Lunes,Automovil,Particular,Conductor,Masculino,No,Sin Registro,Solo Daños,Choque,Reverso imprudente,Carrera 46 Calle 38 B Sur,Alcala,Urbana,"(6.171029331, -75.59179814)"
2180754,03/19/2018,11:30 p.m.,Lunes,Automovil,Particular,Conductor,Masculino,No,Sin Registro,Solo Daños,Choque,Semaforo en rojo,Calle 38  Sur Carrera 29 A,Manuel Uribe Angel,Urbana,"(6.165022576, -75.58071311)"
2180796,03/20/2018,12:00 a.m.,Martes,Motocicleta,Particular,Motociclista,Femenino,No,Sin Registro,Solo Daños,Choque,Transitar por vias prohibidas,Diagonal 32 Transversal 34  Sur,La Magnolia,Urbana,"(6.173484731, -75.58169049)"
2180796,03/20/2018,12:00 a.m.,Martes,Bicicleta,Sin Registro,Ciclista,Masculino,No,Sin Registro,Solo Daños,Choque,Transitar por vias prohibidas,Diagonal 32 Transversal 34  Sur,La Magnolia,Urbana,"(6.173484731, -75.58169049)"
2180804,03/20/2018,12:00 a.m.,Martes,Automovil,Publico,Conductor,Masculino,No,Sin Registro,Solo Daños,Choque,Desobedecer senales,Transversal 33  Sur Diagonal 32 D,La Magnolia,Urbana,"(6.174147159, -75.58371144)"
2180804,03/20/2018,12:00 a.m.,Martes,Automovil,Particular,Conductor,Femenino,No,Sin Registro,Solo Daños,Choque,Desobedecer senales,Transversal 33  Sur Diagonal 32 D,La Magnolia,Urbana,"(6.174147159, -75.58371144)"
2180788,03/20/2018,2:22 p.m.,Martes,Automovil,Particular,Conductor,Femenino,No,Sin Registro,Solo Daños,Choque,Adelantar cerrando,Calle 25  Sur Carrera 48,Las Vegas,Urbana,
2180788,03/20/2018,2:22 p.m.,Martes,Automovil,Particular,Conductor,Masculino,No,Sin Registro,Solo Daños,Choque,Adelantar cerrando,Calle 25  Sur Carrera 48,Las Vegas,Urbana,
2180812,03/20/2018,4:30 p.m.,Martes,Motocicleta,Particular,Motociclista,Masculino,No,Sin Registro,Solo Daños,Choque,No mantener distancia de seguridad,Carrera 49 Calle 37  Sur,Las Vegas,Urbana,
2180812,03/20/2018,4:30 p.m.,Martes,Camioneta,Particular,Conductor,Masculino,No,Sin Registro,Solo Daños,Choque,No mantener distancia de seguridad,Carrera 49 Calle 37  Sur,Las Vegas,Urbana,
2180805,03/20/2018,2:45 p.m.,Martes,Bus,Publico,Conductor,Masculino,No,Sin Registro,Solo Daños,Choque,Reverso imprudente,Carrera 49 A Calle 46 A Sur,Las Vegas,Urbana,"(6.167871749, -75.60213877)"
2180805,03/20/2018,2:45 p.m.,Martes,Bus,Publico,Conductor,Femenino,No,Sin Registro,Solo Daños,Choque,Reverso imprudente,Carrera 49 A Calle 46 A Sur,Las Vegas,Urbana,"(6.167871749, -75.60213877)"
2180792,03/20/2018,7:40 a.m.,Martes,Motocicleta,Particular,Motociclista,Masculino,No,Sin Registro,Solo Daños,Choque,No mantener distancia de seguridad,Calle 26  Sur Carrera 42 B,Las Orquideas,Urbana,"(6.178213645, -75.57937395)"
2180792,03/20/2018,7:40 a.m.,Martes,Automovil,Publico,Conductor,Masculino,No,Sin Registro,Solo Daños,Choque,No mantener distancia de seguridad,Calle 26  Sur Carrera 42 B,Las Orquideas,Urbana,"(6.178213645, -75.57937395)"
2180797,03/20/2018,6:50 a.m.,Martes,Campero,Particular,Conductor,Masculino,No,Sin Registro,Solo Daños,Choque,No mantener distancia de seguridad,Carrera 48 Calle 46  Sur,Las Vegas,Urbana,"(6.166195386, -75.59928549)"
2180797,03/20/2018,6:50 a.m.,Martes,Automovil,Particular,Conductor,Masculino,No,Sin Registro,Solo Daños,Choque,No mantener distancia de seguridad,Carrera 48 Calle 46  Sur,Las Vegas,Urbana,"(6.166195386, -75.59928549)"
2180811,03/21/2018,5:00 a.m.,Miércoles,Camion,Particular,Conductor,Masculino,No,Sin Registro,Solo Daños,Choque,Fallas en las llantas,Tramo 372 Kilometro  14,Vereda Palmas,Rural,
2180811,03/21/2018,5:00 a.m.,Miércoles,Camioneta,Publico,Conductor,Masculino,No,Sin Registro,Solo Daños,Choque,Fallas en las llantas,Tramo 372 Kilometro  14,Vereda Palmas,Rural,
2180808,03/21/2018,6:08 p.m.,Miércoles,Automovil,Particular,Conductor,Femenino,No,Sin Registro,Solo Daños,Choque,Reverso imprudente,Carrera 49 Calle 46 A Sur,Las Vegas,Urbana,"(6.166966077, -75.60088817)"
2180808,03/21/2018,6:08 p.m.,Miércoles,Camion,Publico,Conductor,Masculino,No,Sin Registro,Solo Daños,Choque,Reverso imprudente,Carrera 49 Calle 46 A Sur,Las Vegas,Urbana,"(6.166966077, -75.60088817)"
2180801,03/21/2018,2:15 p.m.,Miércoles,Campero,Particular,Conductor,Masculino,No,Sin Registro,Solo Daños,Choque,Reverso imprudente,Calle 40 DD Sur Carrera 39,El Dorado,Urbana,"(6.163340481, -75.58836246)"
2180801,03/21/2018,2:15 p.m.,Miércoles,Automovil,Particular,Conductor,Femenino,No,Sin Registro,Solo Daños,Choque,Reverso imprudente,Calle 40 DD Sur Carrera 39,El Dorado,Urbana,"(6.163340481, -75.58836246)"
2180800,03/21/2018,3:20 p.m.,Miércoles,Automovil,Particular,Conductor,Masculino,No,Sin Registro,Solo Daños,Choque,No mantener distancia de seguridad,Calle 20  Sur Carrera 39 A,Zuñiga,Urbana,
2180800,03/21/2018,3:20 p.m.,Miércoles,Camioneta,Particular,Conductor,Femenino,No,Sin Registro,Solo Daños,Choque,No mantener distancia de seguridad,Calle 20  Sur Carrera 39 A,Zuñiga,Urbana,
2180798,03/21/2018,3:40 p.m.,Miércoles,Camion,Publico,Conductor,Masculino,No,Sin Registro,Solo Daños,Choque,Impericia en el manejo,Calle 43  Sur Carrera 48,Las Vegas,Urbana,"(6.168592602, -75.597529)"
2180798,03/21/2018,3:40 p.m.,Miércoles,Camion,Publico,Conductor,Masculino,No,Sin Registro,Solo Daños,Choque,Impericia en el manejo,Calle 43  Sur Carrera 48,Las Vegas,Urbana,"(6.168592602, -75.597529)"
2180807,03/22/2018,10:10 p.m.,Jueves,Motocicleta,Particular,Motociclista,Masculino,No,Sin Registro,Herido,Caida Ocupante,Impericia en el manejo,Carrera 50 Calle 46 A Sur,Las Vegas,Urbana,"(6.16131219, -75.60319818)"
2180810,03/22/2018,3:28 p.m.,Jueves,Camion,Publico,Conductor,Masculino,No,Sin Registro,Solo Daños,Choque,Estacionar sin seguridad,Carrera 27 B Calle 23  Sur,Zuñiga,Urbana,"(6.169317472, -75.57221226)"
2180810,03/22/2018,3:28 p.m.,Jueves,Camion,Particular,Conductor,Masculino,No,Sin Registro,Solo Daños,Choque,Estacionar sin seguridad,Carrera 27 B Calle 23  Sur,Zuñiga,Urbana,"(6.169317472, -75.57221226)"
2180816,03/22/2018,4:40 p.m.,Jueves,Camion,Publico,Conductor,Masculino,No,Sin Registro,Solo Daños,Choque,No respetar prelacion,Carrera 49 Calle 37  Sur,Las Vegas,Urbana,
2180816,03/22/2018,4:40 p.m.,Jueves,Automovil,Particular,Conductor,Femenino,No,Sin Registro,Solo Daños,Choque,No respetar prelacion,Carrera 49 Calle 37  Sur,Las Vegas,Urbana,
2180831,03/22/2018,10:40 a.m.,Jueves,Motocicleta,Oficial,Motociclista,Masculino,No,Sin Registro,Herido,Choque,Girar bruscamente,Carrera 48 Calle 38  Sur,Zona Centro,Urbana,"(6.172747818, -75.59269817)"
2180831,03/22/2018,10:40 a.m.,Jueves,Camioneta,Publico,Conductor,Masculino,No,Sin Registro,Herido,Choque,Girar bruscamente,Carrera 48 Calle 38  Sur,Zona Centro,Urbana,"(6.172747818, -75.59269817)"
2180844,03/22/2018,11:50 a.m.,Jueves,Automovil,Particular,Conductor,Femenino,No,Sin Registro,Solo Daños,Choque,No mantener distancia de seguridad,Calle 36 D Sur Carrera 27,Vereda El Escobero,Urbana,"(6.162479576, -75.57022257)"
2180844,03/22/2018,11:50 a.m.,Jueves,Motocicleta,Particular,Motociclista,Sin Registro,No,Sin Registro,Solo Daños,Choque,No mantener distancia de seguridad,Calle 36 D Sur Carrera 27,Vereda El Escobero,Urbana,"(6.162479576, -75.57022257)"
2180818,03/22/2018,6:50 a.m.,Jueves,Campero,Particular,Conductor,Femenino,No,Sin Registro,Solo Daños,Choque,No mantener distancia de seguridad,Carrera 48 Calle 50  Sur,Las Casitas,Urbana,
2180818,03/22/2018,6:50 a.m.,Jueves,Campero,Particular,Conductor,Masculino,No,Sin Registro,Solo Daños,Choque,No mantener distancia de seguridad,Carrera 48 Calle 50  Sur,Las Casitas,Urbana,
2180817,03/22/2018,12:45 a.m.,Jueves,Automovil,Particular,Conductor,Femenino,No,Sin Registro,Solo Daños,Choque,Adelantar en zona prohibida,Calle 36 D Sur Carrera 27 D,Vereda El Escobero,Urbana,"(6.164970853, -75.57463727)"
2180817,03/22/2018,12:45 a.m.,Jueves,Motocicleta,Oficial,Motociclista,Masculino,No,Sin Registro,Solo Daños,Choque,Adelantar en zona prohibida,Calle 36 D Sur Carrera 27 D,Vereda El Escobero,Urbana,"(6.164970853, -75.57463727)"
2180815,03/22/2018,10:45 p.m.,Jueves,Automovil,Publico,Conductor,Masculino,No,Sin Registro,Solo Daños,Choque,No mantener distancia de seguridad,Carrera 50 Calle 49  Sur,Las Vegas,Urbana,
2180809,03/22/2018,1:50 p.m.,Jueves,Camioneta,Publico,Conductor,Masculino,No,Sin Registro,Solo Daños,Choque,Reverso imprudente,Diagonal 33 Transversal 32 A Sur,La Magnolia,Urbana,"(6.174904994, -75.58464858)"
2180809,03/22/2018,1:50 p.m.,Jueves,Automovil,Particular,Conductor,Femenino,No,Sin Registro,Solo Daños,Choque,Vehiculo mal estacionado,Diagonal 33 Transversal 32 A Sur,La Magnolia,Urbana,"(6.174904994, -75.58464858)"
2170264,02/02/2017,2:20 p.m.,Jueves,Automovil,Particular,Conductor,Masculino,NO,Sin Registro,Herido,Volcamiento,Exceso de velocidad,Tramo 379 Kilometro  1,Sin Registro,Rural,
2180809,03/22/2018,1:50 p.m.,Jueves,Automovil,Particular,Conductor,Femenino,No,Sin Registro,Solo Daños,Choque,Reverso imprudente,Diagonal 33 Transversal 32 A Sur,La Magnolia,Urbana,"(6.174904994, -75.58464858)"
2180809,03/22/2018,1:50 p.m.,Jueves,Camioneta,Publico,Conductor,Masculino,No,Sin Registro,Solo Daños,Choque,Vehiculo mal estacionado,Diagonal 33 Transversal 32 A Sur,La Magnolia,Urbana,"(6.174904994, -75.58464858)"
2180815,03/22/2018,10:45 p.m.,Jueves,Motocicleta,Particular,Motociclista,Masculino,No,Sin Registro,Solo Daños,Choque,No mantener distancia de seguridad,Carrera 50 Calle 49  Sur,Las Vegas,Urbana,
2180819,03/23/2018,12:00 a.m.,Viernes,Automovil,Particular,Conductor,Masculino,No,Sin Registro,Solo Daños,Choque,Reverso imprudente,Calle 40 F Sur Carrera 39 A,El Dorado,Urbana,"(6.164329543, -75.58916006)"
2180819,03/23/2018,12:00 a.m.,Viernes,Automovil,Particular,Conductor,Femenino,No,Sin Registro,Solo Daños,Choque,Reverso imprudente,Calle 40 F Sur Carrera 39 A,El Dorado,Urbana,"(6.164329543, -75.58916006)"
2180813,03/23/2018,5:00 p.m.,Viernes,Bus,Publico,Conductor,Masculino,No,Sin Registro,Solo Daños,Choque,Adelantar cerrando,Calle 27  Sur Carrera 28,El Esmeraldal,Urbana,"(6.175346318, -75.5745834)"
2180834,03/23/2018,6:05 a.m.,Viernes,Motocicleta,Particular,Motociclista,Femenino,No,Sin Registro,Herido,Caida Ocupante,Superficie lisa,Carrera 27 B Calle 27 D Sur,El Esmeraldal,Urbana,"(6.169317472, -75.57221226)"
2180813,03/23/2018,5:00 p.m.,Viernes,Camioneta,Particular,Conductor,Masculino,Si,2,Solo Daños,Choque,Adelantar cerrando,Calle 27  Sur Carrera 28,El Esmeraldal,Urbana,"(6.175346318, -75.5745834)"
2180820,03/23/2018,5:30 a.m.,Viernes,Campero,Particular,Conductor,Masculino,No,Sin Registro,Solo Daños,Volcamiento,Impericia en el manejo,Tramo 372 Kilometro  15,Vereda Palmas,Rural,
2180821,03/23/2018,2:20 p.m.,Viernes,Camioneta,Particular,Conductor,Masculino,No,Sin Registro,Solo Daños,Choque,Adelantar cerrando,Tramo 372 Kilometro  16,Vereda Palmas,Rural,
2180821,03/23/2018,2:20 p.m.,Viernes,Volqueta,Sin Registro,Conductor,Sin Registro,No,Sin Registro,Solo Daños,Choque,Adelantar cerrando,Tramo 372 Kilometro  16,Vereda Palmas,Rural,
2180814,03/23/2018,1:20 p.m.,Viernes,Camion,Publico,Conductor,Masculino,No,Sin Registro,Muerto,Choque,Transitar entre vehiculos,Carrera 50 Calle 19  Sur,Las Vegas,Urbana,
2180814,03/23/2018,1:20 p.m.,Viernes,Motocicleta,Particular,Motociclista,Masculino,No,Sin Registro,Muerto,Choque,Transitar entre vehiculos,Carrera 50 Calle 19  Sur,Las Vegas,Urbana,
2180845,03/23/2018,5:30 p.m.,Viernes,Motocicleta,Particular,Motociclista,Masculino,No,Sin Registro,Solo Daños,Choque,Impericia en el manejo,Carrera 48 Calle 38  Sur,Alcala,Urbana,"(6.172747818, -75.59269817)"
2180845,03/23/2018,5:30 p.m.,Viernes,Automovil,Particular,Conductor,Masculino,No,Sin Registro,Solo Daños,Choque,Impericia en el manejo,Carrera 48 Calle 38  Sur,Alcala,Urbana,"(6.172747818, -75.59269817)"
2180845,03/23/2018,5:30 p.m.,Viernes,Campero,Particular,Conductor,Masculino,No,Sin Registro,Solo Daños,Choque,Impericia en el manejo,Carrera 48 Calle 38  Sur,Alcala,Urbana,"(6.172747818, -75.59269817)"
2180822,03/23/2018,9:30 p.m.,Viernes,Automovil,Particular,Conductor,Masculino,No,Sin Registro,Solo Daños,Choque,Realizar giro en U,Tramo 372 Kilometro  12,Vereda Palmas,Rural,
2180822,03/23/2018,9:30 p.m.,Viernes,Automovil,Particular,Conductor,Masculino,No,Sin Registro,Solo Daños,Choque,Realizar giro en U,Tramo 372 Kilometro  12,Vereda Palmas,Rural,
2180833,03/23/2018,3:50 p.m.,Viernes,Campero,Particular,Conductor,Femenino,No,Sin Registro,Herido,Choque,No mantener distancia de seguridad,Carrera 43 A Calle 46  Sur,Primavera,Urbana,"(6.164030981, -75.59599263)"
2180833,03/23/2018,3:50 p.m.,Viernes,Motocicleta,Particular,Motociclista,Masculino,No,Sin Registro,Herido,Choque,No mantener distancia de seguridad,Carrera 43 A Calle 46  Sur,Primavera,Urbana,"(6.164030981, -75.59599263)"
2180832,03/23/2018,9:50 p.m.,Viernes,Buseta,Publico,Conductor,Masculino,No,Sin Registro,Herido,Atropello,Dejar/recoger pasajeros sitio no demarca,Calle 38  Sur Carrera 43 A,Zona Centro,Urbana,"(6.170537577, -75.58862514)"
2180832,03/23/2018,9:50 p.m.,Viernes,Motocicleta,Particular,Motociclista,Masculino,No,Sin Registro,Herido,Atropello,Dejar/recoger pasajeros sitio no demarca,Calle 38  Sur Carrera 43 A,Zona Centro,Urbana,"(6.170537577, -75.58862514)"
2180823,03/23/2018,5:55 a.m.,Viernes,Bus,Publico,Conductor,Masculino,No,Sin Registro,Solo Daños,Choque,Superficie humeda,Carrera 27 B Calle 27 D Sur,El Esmeraldal,Urbana,"(6.169317472, -75.57221226)"
2180823,03/23/2018,5:55 a.m.,Viernes,Bus,Publico,Conductor,Masculino,No,Sin Registro,Solo Daños,Choque,Superficie humeda,Carrera 27 B Calle 27 D Sur,El Esmeraldal,Urbana,"(6.169317472, -75.57221226)"
2180824,03/24/2018,1:00 p.m.,Sábado,Automovil,Particular,Conductor,Femenino,No,Sin Registro,Solo Daños,Choque,No mantener distancia de seguridad,Carrera 50 Calle 32 B Sur,Las Vegas,Urbana,"(6.178248378, -75.59168828)"
2180824,03/24/2018,1:00 p.m.,Sábado,Motocicleta,Particular,Motociclista,Masculino,No,Sin Registro,Solo Daños,Choque,No mantener distancia de seguridad,Carrera 50 Calle 32 B Sur,Las Vegas,Urbana,"(6.178248378, -75.59168828)"
2180829,03/24/2018,10:10 p.m.,Sábado,Motocicleta,Particular,Motociclista,Masculino,No,Sin Registro,Solo Daños,Choque,No mantener distancia de seguridad,Carrera 43 A Calle 25 B Sur,Avenida El Poblado,Urbana,"(6.180259996, -75.5829402)"
2180829,03/24/2018,10:10 p.m.,Sábado,Automovil,Particular,Conductor,Masculino,No,Sin Registro,Solo Daños,Choque,No mantener distancia de seguridad,Carrera 43 A Calle 25 B Sur,Avenida El Poblado,Urbana,"(6.180259996, -75.5829402)"