RADICADO,FECHA,HORA,DÍA DE LA SEMANA,CLASE DE VEHICULO,TIPO DE SERVICIO,TIPO DE VICTIMA,SEXO,ESTADO DE BEODEZ,RESULTADO DE BEODEZ,GRAVEDAD,CLASE DE ACCIDENTE,CAUSA,DIRECCIÓN,BARRIO,AREA,Coordenadas
2180825,03/24/2018,4:20 p.m.,Sábado,Camion,Oficial,Conductor,Masculino,No,Sin Registro,Solo Daños,Choque,Transporte de carga sin seguridad,Carrera 40 A Calle 40 F Sur,El Dorado,Urbana,"(6.164685452, -75.58959487)"
2181239,03/24/2018,7:10 a.m.,Sábado,Automovil,Particular,Conductor,Masculino,No,Sin Registro,Solo Daños,Choque,No mantener distancia de seguridad,Tramo 372 Kilometro  16,Vereda Palmas,Rural,
2170460,02/16/2017,7:00 p.m.,Jueves,Automovil,Publico,Conductor,Masculino,NO,Sin Registro,Herido,Choque,Exceso de velocidad,Tramo 372 Kilometro  15,Vereda Palmas,Rural,
2181239,03/24/2018,7:10 a.m.,Sábado,Motocicleta,Particular,Motociclista,Masculino,No,Sin Registro,Solo Daños,Choque,No mantener distancia de seguridad,Tramo 372 Kilometro  16,Vereda Palmas,Rural,
2180825,03/24/2018,4:20 p.m.,Sábado,Campero,Particular,Conductor,Masculino,No,Sin Registro,Solo Daños,Choque,Transporte de carga sin seguridad,Carrera 40 A Calle 40 F Sur,El Dorado,Urbana,"(6.164685452, -75.58959487)"
2180836,03/24/2018,1:25 p.m.,Sábado,Campero,Particular,Conductor,Masculino,No,Sin Registro,Herido,Atropello,Poner en marcha un vehiculo sin precauci,Transversal 32 A Sur Diagonal 33,La Magnolia,Urbana,"(6.174957688, -75.58474522)"
2180827,03/24/2018,12:20 a.m.,Sábado,Campero,Particular,Conductor,Femenino,No,Sin Registro,Solo Daños,Choque,Impericia en el manejo,Tramo 371 Kilometro  4,Vereda El Escobero,Rural,
2180828,03/24/2018,12:30 a.m.,Sábado,Camion,Publico,Conductor,Masculino,No,Sin Registro,Solo Daños,Choque,Desobedecer senales,Carrera 50 Calle 32 D Sur,Las Vegas,Urbana,"(6.178248378, -75.59168828)"
2180828,03/24/2018,12:30 a.m.,Sábado,Camion,Publico,Conductor,Masculino,No,Sin Registro,Solo Daños,Choque,Desobedecer senales,Carrera 50 Calle 32 D Sur,Las Vegas,Urbana,"(6.178248378, -75.59168828)"
2180841,03/24/2018,3:35 p.m.,Sábado,Campero,Particular,Conductor,Masculino,No,Sin Registro,Solo Daños,Choque,Adelantar cerrando,Diagonal 31 Transversal 32  Sur,La Magnolia,Urbana,"(6.174681134, -75.57847104)"
2180841,03/24/2018,3:35 p.m.,Sábado,Automovil,Particular,Conductor,Femenino,No,Sin Registro,Solo Daños,Choque,Adelantar cerrando,Diagonal 31 Transversal 32  Sur,La Magnolia,Urbana,"(6.174681134, -75.57847104)"
2180835,03/24/2018,8:40 p.m.,Sábado,Bus,Publico,Conductor,Masculino,No,Sin Registro,Solo Daños,Choque,Adelantar cerrando,Carrera 48 Calle 43  Sur,Las Vegas,Urbana,"(6.168335134, -75.59723358)"
2180835,03/24/2018,8:40 p.m.,Sábado,Automovil,Publico,Conductor,Masculino,No,Sin Registro,Solo Daños,Choque,Adelantar cerrando,Carrera 48 Calle 43  Sur,Las Vegas,Urbana,"(6.168335134, -75.59723358)"
2180837,03/24/2018,11:30 p.m.,Sábado,Motocicleta,Particular,Motociclista,Masculino,No,Sin Registro,Herido,Choque,No respetar pelacion de interseccion o giros,Diagonal 31 Transversal 35 B Sur,La Sebastiana,Urbana,"(6.169485787, -75.57974501)"
2180837,03/24/2018,11:30 p.m.,Sábado,Automovil,Publico,Conductor,Sin Registro,No,Sin Registro,Herido,Choque,No respetar pelacion de interseccion o giros,Diagonal 31 Transversal 35 B Sur,La Sebastiana,Urbana,"(6.169485787, -75.57974501)"
2180826,03/24/2018,11:45 a.m.,Sábado,Camion,Particular,Conductor,Masculino,No,Sin Registro,Solo Daños,Choque,No respetar prelacion,Carrera 48 Calle 50  Sur,Las Vegas,Urbana,
2180826,03/24/2018,11:45 a.m.,Sábado,Camion,Publico,Conductor,Masculino,No,Sin Registro,Solo Daños,Choque,No respetar prelacion,Carrera 48 Calle 50  Sur,Las Vegas,Urbana,
2180839,03/25/2018,1:00 p.m.,Domingo,Automovil,Particular,Conductor,Masculino,No,Sin Registro,Herido,Choque,Desobedecer senales,Calle 45  Sur Carrera 43 A,La Paz,Urbana,"(6.165246116, -75.59449417)"
2180839,03/25/2018,1:00 p.m.,Domingo,Motocicleta,Particular,Motociclista,Femenino,No,Sin Registro,Herido,Choque,Desobedecer senales,Calle 45  Sur Carrera 43 A,La Paz,Urbana,"(6.165246116, -75.59449417)"
2180840,03/25/2018,12:30 a.m.,Domingo,Automovil,Particular,Conductor,Femenino,No,Sin Registro,Solo Daños,Choque,Impericia en el manejo,Tramo 372 Kilometro  15,Vereda Palmas,Rural,
2180840,03/25/2018,12:30 a.m.,Domingo,Camioneta,Particular,Conductor,Femenino,No,Sin Registro,Solo Daños,Choque,Impericia en el manejo,Tramo 372 Kilometro  15,Vereda Palmas,Rural,
2180830,03/25/2018,5:50 p.m.,Domingo,Campero,Particular,Conductor,Masculino,No,Sin Registro,Solo Daños,Choque,Impericia en el manejo,Tramo 371 Kilometro  2,Vereda El Escobero,Rural,
2180830,03/25/2018,5:50 p.m.,Domingo,Automovil,Particular,Conductor,Masculino,No,Sin Registro,Solo Daños,Choque,Impericia en el manejo,Tramo 371 Kilometro  2,Vereda El Escobero,Rural,
2180848,03/26/2018,8:00 p.m.,Lunes,Motocicleta,Particular,Motociclista,Femenino,No,Sin Registro,Solo Daños,Choque,Impericia en el manejo,Calle 37  Sur Carrera 31,Manuel Uribe Angel,Urbana,"(6.166120684, -75.58074061)"
2180848,03/26/2018,8:00 p.m.,Lunes,Camioneta,Particular,Conductor,Masculino,No,Sin Registro,Solo Daños,Choque,Impericia en el manejo,Calle 37  Sur Carrera 31,Manuel Uribe Angel,Urbana,"(6.166120684, -75.58074061)"
2180846,03/26/2018,2:00 p.m.,Lunes,Camioneta,Particular,Conductor,Masculino,No,Sin Registro,Solo Daños,Choque,Arrancar sin precaucion,Tramo 372 Kilometro  17,Vereda Palmas,Rural,
2180846,03/26/2018,2:00 p.m.,Lunes,Camioneta,Particular,Conductor,Masculino,No,Sin Registro,Solo Daños,Choque,Arrancar sin precaucion,Tramo 372 Kilometro  17,Vereda Palmas,Rural,
2180852,03/26/2018,7:30 p.m.,Lunes,Automovil,Particular,Conductor,Femenino,No,Sin Registro,Solo Daños,Choque,No respetar prelacion,Carrera 48 Calle 50  Sur,Las Vegas,Urbana,
2180852,03/26/2018,7:30 p.m.,Lunes,Automovil,Particular,Conductor,Femenino,No,Sin Registro,Solo Daños,Choque,No respetar prelacion,Carrera 48 Calle 50  Sur,Las Vegas,Urbana,
2180851,03/26/2018,8:15 p.m.,Lunes,Automovil,Particular,Conductor,Masculino,No,Sin Registro,Herido,Atropello,Impericia en el manejo,Calle 49 D Sur Carrera 39 B,La Inmaculada,Urbana,"(6.153131486, -75.59849412)"
2180838,03/26/2018,5:45 a.m.,Lunes,Campero,Particular,Conductor,Masculino,No,Sin Registro,Solo Daños,Choque,No respetar pelacion de interseccion o giros,Carrera 43 A Calle 21  Sur,Zuñiga,Urbana,"(6.183599544, -75.57940986)"
2180838,03/26/2018,5:45 a.m.,Lunes,Motocicleta,Particular,Motociclista,Masculino,No,Sin Registro,Solo Daños,Choque,No respetar pelacion de interseccion o giros,Carrera 43 A Calle 21  Sur,Zuñiga,Urbana,"(6.183599544, -75.57940986)"
2180842,03/26/2018,5:40 p.m.,Lunes,Automovil,Particular,Conductor,Femenino,No,Sin Registro,Solo Daños,Choque,No mantener distancia de seguridad,Carrera 50 Calle 39 A Sur,Las Vegas,Urbana,
2180842,03/26/2018,5:40 p.m.,Lunes,Camioneta,Particular,Conductor,Masculino,No,Sin Registro,Solo Daños,Choque,No mantener distancia de seguridad,Carrera 50 Calle 39 A Sur,Las Vegas,Urbana,
2180847,03/26/2018,3:50 p.m.,Lunes,Automovil,Particular,Conductor,Masculino,No,Sin Registro,Solo Daños,Choque,Impericia en el manejo,Diagonal 30 Transversal 35  Sur,La Sebastiana,Urbana,"(6.16965492, -75.57852929)"
2180843,03/26/2018,7:45 p.m.,Lunes,Automovil,Particular,Conductor,Masculino,No,Sin Registro,Solo Daños,Choque,No mantener distancia de seguridad,Calle 38 A Sur Carrera 43,Zona Centro,Urbana,"(6.169370628, -75.5883151)"
2180843,03/26/2018,7:45 p.m.,Lunes,Automovil,Particular,Conductor,Masculino,No,Sin Registro,Solo Daños,Choque,No mantener distancia de seguridad,Calle 38 A Sur Carrera 43,Zona Centro,Urbana,"(6.169370628, -75.5883151)"
2180847,03/26/2018,3:50 p.m.,Lunes,Camion,Publico,Conductor,Masculino,No,Sin Registro,Solo Daños,Choque,Impericia en el manejo,Diagonal 30 Transversal 35  Sur,La Sebastiana,Urbana,"(6.16965492, -75.57852929)"
2180890,03/26/2018,5:50 a.m.,Lunes,Motocicleta,Particular,Motociclista,Masculino,No,Sin Registro,Herido,Choque,Transitar uno al lado del otro,Calle 37  Sur Carrera 48,Glorieta Exito,Urbana,"(6.17412211, -75.59306111)"
2180890,03/26/2018,5:50 a.m.,Lunes,Bicicleta,Sin Registro,Ciclista,Masculino,No,Sin Registro,Herido,Choque,Transitar uno al lado del otro,Calle 37  Sur Carrera 48,Glorieta Exito,Urbana,"(6.17412211, -75.59306111)"
2180879,03/27/2018,10:00 a.m.,Martes,Camioneta,Particular,Conductor,Masculino,No,Sin Registro,Solo Daños,Choque,Reverso imprudente,Carrera 49 Calle 46 A Sur,Las Vegas,Urbana,"(6.166966077, -75.60088817)"
2180879,03/27/2018,10:00 a.m.,Martes,Camioneta,Particular,Conductor,Masculino,No,Sin Registro,Solo Daños,Choque,Reverso imprudente,Carrera 49 Calle 46 A Sur,Las Vegas,Urbana,"(6.166966077, -75.60088817)"
2180855,03/27/2018,11:00 a.m.,Martes,Automovil,Particular,Conductor,Masculino,No,Sin Registro,Solo Daños,Choque,No mantener distancia de seguridad,Diagonal 33 Transversal 32  Sur,La Magnolia,Urbana,"(6.175436587, -75.58483925)"
2180855,03/27/2018,11:00 a.m.,Martes,Bicicleta,Sin Registro,Ciclista,Masculino,No,Sin Registro,Solo Daños,Choque,No mantener distancia de seguridad,Diagonal 33 Transversal 32  Sur,La Magnolia,Urbana,"(6.175436587, -75.58483925)"
2180857,03/27/2018,1:00 a.m.,Martes,Automovil,Publico,Conductor,Masculino,No,Sin Registro,Solo Daños,Choque,Exceso de velocidad,Tramo 372 Kilometro  15,Vereda Palmas,Rural,
2180856,03/27/2018,9:05 a.m.,Martes,Automovil,Particular,Conductor,Femenino,No,Sin Registro,Solo Daños,Choque,Desobedecer senales,Calle 45 B Sur Carrera 43,La Paz,Urbana,"(6.164485785, -75.59467842)"
2180856,03/27/2018,9:05 a.m.,Martes,Automovil,Publico,Conductor,Masculino,No,Sin Registro,Solo Daños,Choque,Desobedecer senales,Calle 45 B Sur Carrera 43,La Paz,Urbana,"(6.164485785, -75.59467842)"
2180858,03/27/2018,9:20 p.m.,Martes,Automovil,Particular,Conductor,Masculino,No,Sin Registro,Solo Daños,Choque,Adelantar en zona prohibida,Calle 45 A Sur Carrera 39 DD,Las Antillas,Urbana,"(6.161984106, -75.59219678)"
2180858,03/27/2018,9:20 p.m.,Martes,Automovil,Particular,Conductor,Sin Registro,No,Sin Registro,Solo Daños,Choque,Adelantar en zona prohibida,Calle 45 A Sur Carrera 39 DD,Las Antillas,Urbana,"(6.161984106, -75.59219678)"
2180876,03/27/2018,2:20 p.m.,Martes,Camioneta,Oficial,Conductor,Masculino,No,Sin Registro,Herido,Choque,No mantener distancia de seguridad,Carrera 48 Calle 38  Sur,Alcala,Urbana,"(6.172747818, -75.59269817)"
2180876,03/27/2018,2:20 p.m.,Martes,Automovil,Particular,Conductor,Femenino,No,Sin Registro,Herido,Choque,No mantener distancia de seguridad,Carrera 48 Calle 38  Sur,Alcala,Urbana,"(6.172747818, -75.59269817)"
2180876,03/27/2018,2:20 p.m.,Martes,Automovil,Particular,Conductor,Femenino,No,Sin Registro,Herido,Choque,No mantener distancia de seguridad,Carrera 48 Calle 38  Sur,Alcala,Urbana,"(6.172747818, -75.59269817)"
2180853,03/27/2018,5:25 p.m.,Martes,Campero,Particular,Conductor,Masculino,No,Sin Registro,Solo Daños,Choque,Superficie humeda,Calle 32  Sur Carrera 45,El Portal,Urbana,"(6.17690285, -75.588462)"
2180853,03/27/2018,5:25 p.m.,Martes,Automovil,Particular,Conductor,Masculino,No,Sin Registro,Solo Daños,Choque,Superficie humeda,Calle 32  Sur Carrera 45,El Portal,Urbana,"(6.17690285, -75.588462)"
2180849,03/27/2018,6:40 a.m.,Martes,Automovil,Publico,Conductor,Masculino,No,Sin Registro,Solo Daños,Choque,Impericia en el manejo,Carrera 50 Calle 50  Sur,Las Vegas,Urbana,
2180849,03/27/2018,6:40 a.m.,Martes,Automovil,Particular,Conductor,Masculino,No,Sin Registro,Solo Daños,Choque,Impericia en el manejo,Carrera 50 Calle 50  Sur,Las Vegas,Urbana,
2180860,03/27/2018,12:40 a.m.,Martes,Automovil,Particular,Conductor,Masculino,No,Sin Registro,Solo Daños,Choque,No mantener distancia de seguridad,Diagonal 32 Transversal 35 A Sur,Los Naranjos,Urbana,"(6.169858515, -75.58097336)"
2180860,03/27/2018,12:40 a.m.,Martes,Automovil,Particular,Conductor,Masculino,No,Sin Registro,Solo Daños,Choque,No mantener distancia de seguridad,Diagonal 32 Transversal 35 A Sur,Los Naranjos,Urbana,"(6.169858515, -75.58097336)"
2180850,03/27/2018,2:45 a.m.,Martes,Automovil,Particular,Conductor,Masculino,No,Sin Registro,Solo Daños,Choque,Impericia en el manejo,Tramo 373 Kilometro  7,Vereda Palmas,Rural,
2180859,03/27/2018,8:50 a.m.,Martes,Automovil,Particular,Conductor,Femenino,No,Sin Registro,Solo Daños,Choque,Poner en marcha un vehiculo sin precauci,Calle 25  Sur Carrera 48,Las Vegas,Urbana,
2180859,03/27/2018,8:50 a.m.,Martes,Camioneta,Publico,Conductor,Masculino,No,Sin Registro,Solo Daños,Choque,Poner en marcha un vehiculo sin precauci,Calle 25  Sur Carrera 48,Las Vegas,Urbana,
2180891,03/27/2018,6:50 p.m.,Martes,Automovil,Particular,Conductor,Masculino,No,Sin Registro,Solo Daños,Choque,Desobedecer senales,Carrera 48 Calle 31  Sur,Las Vegas,Urbana,"(6.178537792, -75.58885189)"
2180891,03/27/2018,6:50 p.m.,Martes,Motocicleta,Particular,Motociclista,Masculino,No,Sin Registro,Solo Daños,Choque,Desobedecer senales,Carrera 48 Calle 31  Sur,Las Vegas,Urbana,"(6.178537792, -75.58885189)"
2180850,03/27/2018,2:45 a.m.,Martes,Automovil,Publico,Conductor,Masculino,No,Sin Registro,Solo Daños,Choque,Impericia en el manejo,Tramo 373 Kilometro  7,Vereda Palmas,Rural,
2170602,02/27/2017,4:30 p.m.,Lunes,Automovil,Publico,Conductor,Masculino,NO,Sin Registro,Solo Daños,Choque,Reverso imprudente,Calle 36  Sur Carrera 49,Las Vegas,Urbana,
2180854,03/27/2018,1:55 p.m.,Martes,Motocicleta,Particular,Motociclista,Masculino,No,Sin Registro,Herido,Choque,Adelantar por la derecha,Carrera 48 Calle 39  Sur,Las Vegas,Urbana,"(6.17163722, -75.59364999)"
2180854,03/27/2018,1:55 p.m.,Martes,Automovil,Publico,Conductor,Femenino,No,Sin Registro,Herido,Choque,Adelantar por la derecha,Carrera 48 Calle 39  Sur,Las Vegas,Urbana,"(6.17163722, -75.59364999)"
2180862,03/28/2018,8:00 p.m.,Miércoles,Campero,Particular,Conductor,Masculino,No,Sin Registro,Solo Daños,Choque,No mantener distancia de seguridad,Calle 38  Sur Carrera 44,Zona Centro,Urbana,"(6.170783841, -75.58925878)"
2180862,03/28/2018,8:00 p.m.,Miércoles,Campero,Particular,Conductor,Femenino,No,Sin Registro,Solo Daños,Choque,No mantener distancia de seguridad,Calle 38  Sur Carrera 44,Zona Centro,Urbana,"(6.170783841, -75.58925878)"
2180861,03/28/2018,9:15 a.m.,Miércoles,Camioneta,Particular,Conductor,Femenino,No,Sin Registro,Solo Daños,Choque,No mantener distancia de seguridad,Tramo 373 Kilometro  11,Vereda Palmas,Rural,
2180861,03/28/2018,9:15 a.m.,Miércoles,Bus,Publico,Conductor,Masculino,No,Sin Registro,Solo Daños,Choque,No mantener distancia de seguridad,Tramo 373 Kilometro  11,Vereda Palmas,Rural,
2180861,03/28/2018,9:15 a.m.,Miércoles,Automovil,Particular,Conductor,Masculino,No,Sin Registro,Solo Daños,Choque,No mantener distancia de seguridad,Tramo 373 Kilometro  11,Vereda Palmas,Rural,
2180861,03/28/2018,9:15 a.m.,Miércoles,Automovil,Particular,Conductor,Femenino,No,Sin Registro,Solo Daños,Choque,No mantener distancia de seguridad,Tramo 373 Kilometro  11,Vereda Palmas,Rural,
2180863,03/28/2018,2:10 p.m.,Miércoles,Automovil,Particular,Conductor,Masculino,No,Sin Registro,Solo Daños,Choque,No mantener distancia de seguridad,Diagonal 31 Transversal 32 A Sur,La Magnolia,Urbana,"(6.174681134, -75.57847104)"
2180863,03/28/2018,2:10 p.m.,Miércoles,Automovil,Particular,Conductor,Masculino,No,Sin Registro,Solo Daños,Choque,No mantener distancia de seguridad,Diagonal 31 Transversal 32 A Sur,La Magnolia,Urbana,"(6.174681134, -75.57847104)"
2180864,03/28/2018,1:20 p.m.,Miércoles,Automovil,Publico,Conductor,Masculino,No,Sin Registro,Solo Daños,Choque,Desobedecer senales,Carrera 43 A Calle 45 B Sur,Primavera,Urbana,"(6.164786739, -75.59493527)"
2180864,03/28/2018,1:20 p.m.,Miércoles,Motocicleta,Diplomatico,Motociclista,Masculino,No,Sin Registro,Solo Daños,Choque,Desobedecer senales,Carrera 43 A Calle 45 B Sur,Primavera,Urbana,"(6.164786739, -75.59493527)"
2180874,03/28/2018,9:40 a.m.,Miércoles,Motocicleta,Particular,Motociclista,Masculino,No,Sin Registro,Herido,Caida Ocupante,Impericia en el manejo,Tramo 376 Kilometro  4,Vereda Palmas,Rural,
2180892,03/29/2018,8:10 p.m.,Jueves,Campero,Publico,Conductor,Masculino,No,Sin Registro,Solo Daños,Choque,Impericia en el manejo,Calle 36 D Sur Carrera 27 G,Vereda El Escobero,Urbana,"(6.162479576, -75.57022257)"
2180892,03/29/2018,8:10 p.m.,Jueves,Camioneta,Particular,Conductor,Femenino,No,Sin Registro,Solo Daños,Choque,Impericia en el manejo,Calle 36 D Sur Carrera 27 G,Vereda El Escobero,Urbana,"(6.162479576, -75.57022257)"
2180865,03/29/2018,2:30 p.m.,Jueves,Motocicleta,Particular,Motociclista,Masculino,No,Sin Registro,Solo Daños,Choque,Impericia en el manejo,Tramo 372 Kilometro  17,Vereda Palmas,Rural,
2180865,03/29/2018,2:30 p.m.,Jueves,Camioneta,Particular,Conductor,Masculino,No,Sin Registro,Solo Daños,Choque,Impericia en el manejo,Tramo 372 Kilometro  17,Vereda Palmas,Rural,
2180877,03/29/2018,4:30 p.m.,Jueves,Motocicleta,Particular,Motociclista,Masculino,No,Sin Registro,Herido,Caida Ocupante,Impericia en el manejo,Carrera 40 Calle 40 F Sur,El Dorado,Urbana,"(6.164306297, -75.58931302)"
2180883,03/30/2018,11:00 a.m.,Viernes,Automovil,Publico,Conductor,Masculino,No,Sin Registro,Solo Daños,Choque,No respetar pelacion de interseccion o giros,Carrera 27 Calle 36 A Sur,La Inmaculada,Urbana,"(6.164865303, -75.56975908)"
2180883,03/30/2018,11:00 a.m.,Viernes,Automovil,Particular,Conductor,Masculino,No,Sin Registro,Solo Daños,Choque,No respetar pelacion de interseccion o giros,Carrera 27 Calle 36 A Sur,La Inmaculada,Urbana,"(6.164865303, -75.56975908)"
2180881,03/30/2018,12:10 a.m.,Viernes,Automovil,Particular,Conductor,Masculino,No,Sin Registro,Solo Daños,Choque,Adelantar en zona prohibida,Carrera 42 B Calle 45 B Sur,La Paz,Urbana,"(6.163036146, -75.59370602)"
2180881,03/30/2018,12:10 a.m.,Viernes,Automovil,Particular,Conductor,Femenino,No,Sin Registro,Solo Daños,Choque,Poner en marcha un vehiculo sin precauci,Carrera 42 B Calle 45 B Sur,La Paz,Urbana,"(6.163036146, -75.59370602)"
2180881,03/30/2018,12:10 a.m.,Viernes,Automovil,Particular,Conductor,Femenino,No,Sin Registro,Solo Daños,Choque,Adelantar en zona prohibida,Carrera 42 B Calle 45 B Sur,La Paz,Urbana,"(6.163036146, -75.59370602)"
2180880,03/30/2018,8:10 a.m.,Viernes,Bus,Publico,Conductor,Masculino,No,Sin Registro,Herido,Caida Ocupante,Impericia en el manejo,Calle 38  Sur Carrera 39,Mesa,Urbana,"(6.16839174, -75.5852478)"
2180881,03/30/2018,12:10 a.m.,Viernes,Automovil,Particular,Conductor,Masculino,No,Sin Registro,Solo Daños,Choque,Poner en marcha un vehiculo sin precauci,Carrera 42 B Calle 45 B Sur,La Paz,Urbana,"(6.163036146, -75.59370602)"
2180866,03/30/2018,2:10 p.m.,Viernes,Automovil,Particular,Conductor,Masculino,No,Sin Registro,Solo Daños,Choque,Impericia en el manejo,Tramo 372 Kilometro  12,Vereda Palmas,Rural,
2180866,03/30/2018,2:10 p.m.,Viernes,Automovil,Particular,Conductor,Masculino,No,Sin Registro,Solo Daños,Choque,Impericia en el manejo,Tramo 372 Kilometro  12,Vereda Palmas,Rural,
2180868,03/30/2018,1:35 p.m.,Viernes,Automovil,Particular,Conductor,Femenino,No,Sin Registro,Solo Daños,Choque,No mantener distancia de seguridad,Tramo 372 Kilometro  12,Vereda Palmas,Rural,
2180868,03/30/2018,1:35 p.m.,Viernes,Automovil,Particular,Conductor,Masculino,No,Sin Registro,Solo Daños,Choque,No mantener distancia de seguridad,Tramo 372 Kilometro  12,Vereda Palmas,Rural,
2180882,03/30/2018,8:38 p.m.,Viernes,Motocicleta,Particular,Motociclista,Masculino,No,Sin Registro,Solo Daños,Choque,Adelantar por la derecha,Carrera 46 A Calle 42  Sur,Milan Vallejuelos,Urbana,"(6.169128678, -75.59425296)"
2180882,03/30/2018,8:38 p.m.,Viernes,Automovil,Particular,Conductor,Femenino,No,Sin Registro,Solo Daños,Choque,Adelantar por la derecha,Carrera 46 A Calle 42  Sur,Milan Vallejuelos,Urbana,"(6.169128678, -75.59425296)"
2180867,03/30/2018,11:55 a.m.,Viernes,Automovil,Particular,Conductor,Masculino,No,Sin Registro,Solo Daños,Choque,Desobedecer senales,Carrera 42 B Calle 45 B Sur,La Paz,Urbana,"(6.163036146, -75.59370602)"
2180867,03/30/2018,11:55 a.m.,Viernes,Motocicleta,Particular,Motociclista,Masculino,No,Sin Registro,Solo Daños,Choque,Desobedecer senales,Carrera 42 B Calle 45 B Sur,La Paz,Urbana,"(6.163036146, -75.59370602)"
2180870,03/31/2018,9:10 p.m.,Sábado,Automovil,Particular,Conductor,Masculino,No,Sin Registro,Solo Daños,Choque,Reverso imprudente,Carrera 48 Calle 19  Sur,Las Vegas,Urbana,"(6.187349001, -75.58153568)"
2180870,03/31/2018,9:10 p.m.,Sábado,Campero,Particular,Conductor,Masculino,No,Sin Registro,Solo Daños,Choque,Reverso imprudente,Carrera 48 Calle 19  Sur,Las Vegas,Urbana,"(6.187349001, -75.58153568)"
2180884,03/31/2018,6:20 p.m.,Sábado,Motocicleta,Particular,Motociclista,Masculino,No,Sin Registro,Solo Daños,Choque,No respetar pelacion de interseccion o giros,Carrera 27 A Calle 36 D Sur,Vereda El Escobero,Urbana,"(6.162396832, -75.57323111)"
2180884,03/31/2018,6:20 p.m.,Sábado,Automovil,Particular,Conductor,Masculino,No,Sin Registro,Solo Daños,Choque,No respetar pelacion de interseccion o giros,Carrera 27 A Calle 36 D Sur,Vereda El Escobero,Urbana,"(6.162396832, -75.57323111)"
2180869,03/31/2018,11:15 a.m.,Sábado,Automovil,Particular,Conductor,Masculino,No,Sin Registro,Solo Daños,Choque,Adelantar cerrando,Carrera 50 Calle 29  Sur,Las Vegas,Urbana,"(6.182760672, -75.58882785)"
2180869,03/31/2018,11:15 a.m.,Sábado,Campero,Particular,Conductor,Masculino,No,Sin Registro,Solo Daños,Choque,Adelantar cerrando,Carrera 50 Calle 29  Sur,Las Vegas,Urbana,"(6.182760672, -75.58882785)"
2180885,03/31/2018,12:30 a.m.,Sábado,Motocicleta,Particular,Motociclista,Masculino,No,Sin Registro,Solo Daños,Choque,No respetar pelacion de interseccion o giros,Carrera 29 A Calle 37  Sur,La Pradera,Urbana,"(6.165896279, -75.58063202)"
2180885,03/31/2018,12:30 a.m.,Sábado,Camioneta,Particular,Conductor,Femenino,No,Sin Registro,Solo Daños,Choque,No respetar pelacion de interseccion o giros,Carrera 29 A Calle 37  Sur,La Pradera,Urbana,"(6.165896279, -75.58063202)"
2180885,03/31/2018,12:30 a.m.,Sábado,Automovil,Particular,Conductor,Masculino,No,Sin Registro,Solo Daños,Choque,No respetar pelacion de interseccion o giros,Carrera 29 A Calle 37  Sur,La Pradera,Urbana,"(6.165896279, -75.58063202)"
2180875,03/31/2018,5:40 p.m.,Sábado,Motocicleta,Particular,Motociclista,Masculino,No,Sin Registro,Herido,Otro,Impericia en el manejo,Calle 38 A Sur Carrera 40,Zona Centro,Urbana,"(6.168097144, -75.58630781)"
2180872,01/04/2018,11:00 a.m.,Domingo,Motocicleta,Particular,Motociclista,Masculino,No,Sin Registro,Solo Daños,Choque,No mantener distancia de seguridad,Tramo 372 Kilometro  17,Vereda Palmas,Rural,
2180872,01/04/2018,11:00 a.m.,Domingo,Camioneta,Particular,Conductor,Masculino,No,Sin Registro,Solo Daños,Choque,No mantener distancia de seguridad,Tramo 372 Kilometro  17,Vereda Palmas,Rural,
2180887,01/04/2018,7:15 p.m.,Domingo,Automovil,Particular,Conductor,Femenino,No,Sin Registro,Solo Daños,Choque,No mantener distancia de seguridad,Tramo 372 Kilometro  14,Vereda Palmas,Rural,
2180887,01/04/2018,7:15 p.m.,Domingo,Automovil,Particular,Conductor,Masculino,No,Sin Registro,Solo Daños,Choque,No mantener distancia de seguridad,Tramo 372 Kilometro  14,Vereda Palmas,Rural,
2180878,01/04/2018,11:30 a.m.,Domingo,Campero,Particular,Conductor,Masculino,No,Sin Registro,Herido,Choque,Adelantar en zona prohibida,Calle 36 D Sur Carrera 27,Vereda El Escobero,Urbana,"(6.162479576, -75.57022257)"
2180878,01/04/2018,11:30 a.m.,Domingo,Motocicleta,Particular,Motociclista,Femenino,No,Sin Registro,Herido,Choque,Adelantar en zona prohibida,Calle 36 D Sur Carrera 27,Vereda El Escobero,Urbana,"(6.162479576, -75.57022257)"
2180925,05/04/2018,9:20 p.m.,Jueves,Bicicleta,Sin Registro,Ciclista,Masculino,No,Sin Registro,Solo Daños,Choque,Impericia en el manejo,Carrera 49 Calle 32 B Sur,Las Vegas,Urbana,
2180871,01/04/2018,12:40 a.m.,Domingo,Camioneta,Oficial,Conductor,Masculino,No,Sin Registro,Solo Daños,Choque,Transitar en contravia,Transversal 35 A Diagonal 32,Los Naranjos,Urbana,"(6.169960996, -75.58095702)"