RADICADO,FECHA,HORA,DÍA DE LA SEMANA,CLASE DE VEHICULO,TIPO DE SERVICIO,TIPO DE VICTIMA,SEXO,ESTADO DE BEODEZ,RESULTADO DE BEODEZ,GRAVEDAD,CLASE DE ACCIDENTE,CAUSA,DIRECCIÓN,BARRIO,AREA,Coordenadas
2180871,01/04/2018,12:40 a.m.,Domingo,Motocicleta,Particular,Motociclista,Sin Registro,No,Sin Registro,Solo Daños,Choque,Transitar en contravia,Transversal 35 A Diagonal 32,Los Naranjos,Urbana,"(6.169960996, -75.58095702)"
2180873,01/04/2018,9:30 a.m.,Domingo,Motocicleta,Particular,Motociclista,Masculino,No,Sin Registro,Herido,Atropello,Cruzar en diagonal,Carrera 37 Calle 38  Sur,Mesa,Urbana,"(6.167600451, -75.5841616)"
2180894,02/04/2018,7:00 a.m.,Lunes,Motocicleta,Particular,Motociclista,Sin Registro,No,Sin Registro,Solo Daños,Choque,Impericia en el manejo,Calle 40 E Sur Carrera 25 B,La Mina,Urbana,"(6.155114269, -75.57896894)"
2180894,02/04/2018,7:00 a.m.,Lunes,Automovil,Publico,Conductor,Masculino,No,Sin Registro,Solo Daños,Choque,Impericia en el manejo,Calle 40 E Sur Carrera 25 B,La Mina,Urbana,"(6.155114269, -75.57896894)"
2180893,02/04/2018,5:30 a.m.,Lunes,Campero,Particular,Conductor,Masculino,No,Sin Registro,Herido,Choque,Impericia en el manejo,Calle 50  Sur Carrera 48,Las Vegas,Urbana,
2180893,02/04/2018,5:30 a.m.,Lunes,Motocicleta,Particular,Motociclista,Masculino,No,Sin Registro,Herido,Choque,Impericia en el manejo,Calle 50  Sur Carrera 48,Las Vegas,Urbana,
2180886,02/04/2018,7:10 a.m.,Lunes,Automovil,Particular,Conductor,Masculino,No,Sin Registro,Solo Daños,Volcamiento,Impericia en el manejo,Tramo 372 Kilometro  15,Vereda Palmas,Rural,
2180888,02/04/2018,9:30 a.m.,Lunes,Campero,Particular,Conductor,Femenino,No,Sin Registro,Solo Daños,Choque,No mantener distancia de seguridad,Carrera 50 Calle 39  Sur,Las Vegas,Urbana,
2180888,02/04/2018,9:30 a.m.,Lunes,Automovil,Particular,Conductor,Masculino,No,Sin Registro,Solo Daños,Choque,No mantener distancia de seguridad,Carrera 50 Calle 39  Sur,Las Vegas,Urbana,
2180889,02/04/2018,11:55 a.m.,Lunes,Camioneta,Particular,Conductor,Masculino,No,Sin Registro,Solo Daños,Choque,Impericia en el manejo,Calle 38  Sur Carrera 43,Zona Centro,Urbana,"(6.170061667, -75.58783913)"
2180889,02/04/2018,11:55 a.m.,Lunes,Camioneta,Particular,Conductor,Masculino,No,Sin Registro,Solo Daños,Choque,Impericia en el manejo,Calle 38  Sur Carrera 43,Zona Centro,Urbana,"(6.170061667, -75.58783913)"
2180907,03/04/2018,7:00 p.m.,Martes,Motocicleta,Particular,Motociclista,Femenino,No,Sin Registro,Herido,Choque,Adelantar cerrando,Tramo 372 Kilometro  14,Vereda Palmas,Rural,
2180907,03/04/2018,7:00 p.m.,Martes,Automovil,Particular,Conductor,Masculino,No,Sin Registro,Herido,Choque,Adelantar cerrando,Tramo 372 Kilometro  14,Vereda Palmas,Rural,
2180897,03/04/2018,11:40 a.m.,Martes,Camioneta,Particular,Conductor,Masculino,No,Sin Registro,Solo Daños,Choque,Adelantar cerrando,Carrera 48 Calle 37  Sur,Las Vegas,Urbana,"(6.172859211, -75.59276992)"
2180897,03/04/2018,11:40 a.m.,Martes,Camion,Publico,Conductor,Masculino,No,Sin Registro,Solo Daños,Choque,Adelantar cerrando,Carrera 48 Calle 37  Sur,Las Vegas,Urbana,"(6.172859211, -75.59276992)"
2180895,03/04/2018,3:30 p.m.,Martes,Automovil,Publico,Conductor,Masculino,No,Sin Registro,Solo Daños,Choque,No respetar prelacion,Calle 38  Sur Carrera 38,Zona Centro,Urbana,"(6.16803936, -75.58469435)"
2180895,03/04/2018,3:30 p.m.,Martes,Camioneta,Particular,Conductor,Femenino,No,Sin Registro,Solo Daños,Choque,No respetar prelacion,Calle 38  Sur Carrera 38,Zona Centro,Urbana,"(6.16803936, -75.58469435)"
2180896,03/04/2018,10:40 a.m.,Martes,Camioneta,Particular,Conductor,Masculino,No,Sin Registro,Solo Daños,Choque,No mantener distancia de seguridad,Calle 21  Sur Carrera 43 A,Zuñiga,Urbana,"(6.18399286, -75.57959764)"
2180896,03/04/2018,10:40 a.m.,Martes,Automovil,Particular,Conductor,Masculino,No,Sin Registro,Solo Daños,Choque,No mantener distancia de seguridad,Calle 21  Sur Carrera 43 A,Zuñiga,Urbana,"(6.18399286, -75.57959764)"
2180898,04/04/2018,9:00 a.m.,Miércoles,Camion,Particular,Conductor,Masculino,No,Sin Registro,Solo Daños,Choque,Impericia en el manejo,Diagonal 29 Transversal 34 A Sur,Alto De Misael,Urbana,"(6.172575765, -75.57714416)"
2180899,04/04/2018,7:00 a.m.,Miércoles,Automovil,Particular,Conductor,Masculino,No,Sin Registro,Solo Daños,Choque,Adelantar en zona prohibida,Carrera 27 Calle 23  Sur,La Inmaculada,Urbana,"(6.176588834, -75.56744599)"
2180899,04/04/2018,7:00 a.m.,Miércoles,Motocicleta,Particular,Motociclista,Sin Registro,No,Sin Registro,Solo Daños,Choque,Adelantar en zona prohibida,Carrera 27 Calle 23  Sur,La Inmaculada,Urbana,"(6.176588834, -75.56744599)"
2180905,04/04/2018,5:20 p.m.,Miércoles,Automovil,Publico,Conductor,Masculino,No,Sin Registro,Solo Daños,Choque,No mantener distancia de seguridad,Carrera 48 Calle 30  Sur,Las Vegas,Urbana,"(6.179366643, -75.5880841)"
2180905,04/04/2018,5:20 p.m.,Miércoles,Camioneta,Particular,Conductor,Masculino,No,Sin Registro,Solo Daños,Choque,No mantener distancia de seguridad,Carrera 48 Calle 30  Sur,Las Vegas,Urbana,"(6.179366643, -75.5880841)"
2180902,04/04/2018,2:20 p.m.,Miércoles,Automovil,Particular,Conductor,Masculino,No,Sin Registro,Herido,Atropello,Cruzar sin observar,Calle 40 F Sur Carrera 25 A,La Mina,Urbana,"(6.155555232, -75.58231672)"
2180901,04/04/2018,1:30 p.m.,Miércoles,Camioneta,Diplomatico,Conductor,Femenino,No,Sin Registro,Solo Daños,Choque,Adelantar cerrando,Calle 36 D Sur Carrera 28,Vereda El Escobero,Urbana,"(6.162479576, -75.57022257)"
2180901,04/04/2018,1:30 p.m.,Miércoles,Camioneta,Publico,Conductor,Masculino,No,Sin Registro,Solo Daños,Choque,Adelantar cerrando,Calle 36 D Sur Carrera 28,Vereda El Escobero,Urbana,"(6.162479576, -75.57022257)"
2180904,04/04/2018,9:30 p.m.,Miércoles,Automovil,Particular,Conductor,Femenino,No,Sin Registro,Solo Daños,Choque,Adelantar invadiendo carril del mismo sentido en zigzag,Diagonal 31 D Transversal 33  Sur,La Magnolia,Urbana,"(6.176680777, -75.58109194)"
2180904,04/04/2018,9:30 p.m.,Miércoles,Automovil,Particular,Conductor,Masculino,No,Sin Registro,Solo Daños,Choque,Adelantar invadiendo carril del mismo sentido en zigzag,Diagonal 31 D Transversal 33  Sur,La Magnolia,Urbana,"(6.176680777, -75.58109194)"
2180903,04/04/2018,10:40 p.m.,Miércoles,Motocicleta,Particular,Motociclista,Sin Registro,No,Sin Registro,Herido,Choque,Transitar entre vehiculos,Diagonal 31 Transversal 36  Sur,La Sebastiana,Urbana,"(6.168204377, -75.58020514)"
2180903,04/04/2018,10:40 p.m.,Miércoles,Motocicleta,Particular,Motociclista,Masculino,No,Sin Registro,Herido,Choque,Transitar entre vehiculos,Diagonal 31 Transversal 36  Sur,La Sebastiana,Urbana,"(6.168204377, -75.58020514)"
2180900,04/04/2018,7:50 a.m.,Miércoles,Camioneta,Particular,Conductor,Masculino,No,Sin Registro,Solo Daños,Choque,No mantener distancia de seguridad,Tramo 372 Kilometro  13,Vereda Palmas,Rural,
2180900,04/04/2018,7:50 a.m.,Miércoles,Automovil,Particular,Conductor,Femenino,No,Sin Registro,Solo Daños,Choque,No mantener distancia de seguridad,Tramo 372 Kilometro  13,Vereda Palmas,Rural,
2180908,04/04/2018,7:50 a.m.,Miércoles,Camioneta,Particular,Conductor,Masculino,No,Sin Registro,Herido,Choque,No mantener distancia de seguridad,Tramo 372 Kilometro  13,Vereda Palmas,Rural,
2180908,04/04/2018,7:50 a.m.,Miércoles,Motocicleta,Particular,Motociclista,Masculino,No,Sin Registro,Herido,Choque,No mantener distancia de seguridad,Tramo 372 Kilometro  13,Vereda Palmas,Rural,
2180908,04/04/2018,7:50 a.m.,Miércoles,Motocicleta,Particular,Motociclista,Masculino,No,Sin Registro,Herido,Choque,No mantener distancia de seguridad,Tramo 372 Kilometro  13,Vereda Palmas,Rural,
2180906,05/04/2018,9:00 a.m.,Jueves,Campero,Particular,Conductor,Masculino,No,Sin Registro,Solo Daños,Choque,No mantener distancia de seguridad,Calle 37  Sur Carrera 50,Las Vegas,Urbana,
2180924,05/04/2018,9:00 p.m.,Jueves,Automovil,Particular,Conductor,Masculino,No,Sin Registro,Solo Daños,Choque,Desobedecer senales,Calle 40 F Sur Carrera 24 B,La Mina,Urbana,"(6.156115722, -75.58240747)"
2180906,05/04/2018,9:00 a.m.,Jueves,Automovil,Particular,Conductor,Femenino,No,Sin Registro,Solo Daños,Choque,No mantener distancia de seguridad,Calle 37  Sur Carrera 50,Las Vegas,Urbana,
2180919,05/04/2018,7:10 p.m.,Jueves,Motocicleta,Particular,Motociclista,Masculino,No,Sin Registro,Herido,Atropello,Cruzar sin observar,Carrera 43 Transversal 32  Sur,San Marcos,Urbana,"(6.175345679, -75.58512506)"
2180912,05/04/2018,6:08 p.m.,Jueves,Camion,Publico,Conductor,Masculino,No,Sin Registro,Solo Daños,Choque,Impericia en el manejo,Carrera 50 Calle 27 A Sur,Las Vegas,Urbana,
2180912,05/04/2018,6:08 p.m.,Jueves,Automovil,Particular,Conductor,Masculino,No,Sin Registro,Solo Daños,Choque,Impericia en el manejo,Carrera 50 Calle 27 A Sur,Las Vegas,Urbana,
2180935,05/04/2018,4:10 p.m.,Jueves,Automovil,Particular,Conductor,Masculino,No,Sin Registro,Herido,Choque,Transitar entre vehiculos,Carrera 48 Calle 26  Sur,Las Vegas,Urbana,"(6.183318111, -75.58553718)"
2180935,05/04/2018,4:10 p.m.,Jueves,Motocicleta,Particular,Motociclista,Masculino,No,Sin Registro,Herido,Choque,Transitar entre vehiculos,Carrera 48 Calle 26  Sur,Las Vegas,Urbana,"(6.183318111, -75.58553718)"
2180925,05/04/2018,9:20 p.m.,Jueves,Automovil,Particular,Conductor,Femenino,No,Sin Registro,Solo Daños,Choque,Impericia en el manejo,Carrera 49 Calle 32 B Sur,Las Vegas,Urbana,
2180931,05/04/2018,7:20 a.m.,Jueves,Buseta,Publico,Conductor,Masculino,No,Sin Registro,Solo Daños,Choque,Adelantar invadiendo carril del mismo sentido en zigzag,Tramo 192 Kilometro  7,Vereda El Escobero,Rural,
2180931,05/04/2018,7:20 a.m.,Jueves,Camioneta,Particular,Conductor,Masculino,No,Sin Registro,Solo Daños,Choque,Adelantar invadiendo carril del mismo sentido en zigzag,Tramo 192 Kilometro  7,Vereda El Escobero,Rural,
2180931,05/04/2018,7:20 a.m.,Jueves,Motocicleta,Particular,Motociclista,Masculino,No,Sin Registro,Solo Daños,Choque,Adelantar invadiendo carril del mismo sentido en zigzag,Tramo 192 Kilometro  7,Vereda El Escobero,Rural,
2180910,05/04/2018,8:30 a.m.,Jueves,Automovil,Particular,Conductor,Masculino,No,Sin Registro,Herido,Choque,Desobedecer senales,Calle 38 A Sur Carrera 33,Mesa,Urbana,"(6.165645413, -75.58254878)"
2180910,05/04/2018,8:30 a.m.,Jueves,Motocicleta,Particular,Motociclista,Masculino,No,Sin Registro,Herido,Choque,Desobedecer senales,Calle 38 A Sur Carrera 33,Mesa,Urbana,"(6.165645413, -75.58254878)"
2180909,05/04/2018,9:45 a.m.,Jueves,Motocicleta,Particular,Motociclista,Masculino,No,Sin Registro,Herido,Choque,Adelantar por la derecha,Calle 25  Sur Carrera 48,Las Vegas,Urbana,
2180909,05/04/2018,9:45 a.m.,Jueves,Camioneta,Publico,Conductor,Masculino,No,Sin Registro,Herido,Choque,Adelantar por la derecha,Calle 25  Sur Carrera 48,Las Vegas,Urbana,
2180911,05/04/2018,6:50 p.m.,Jueves,Automovil,Particular,Conductor,Masculino,No,Sin Registro,Solo Daños,Choque,Desobedecer senales,Carrera 43 A Calle 39  Sur,Zona Centro,Urbana,"(6.169011071, -75.5894849)"
2180911,05/04/2018,6:50 p.m.,Jueves,Automovil,Publico,Conductor,Masculino,No,Sin Registro,Solo Daños,Choque,Desobedecer senales,Carrera 43 A Calle 39  Sur,Zona Centro,Urbana,"(6.169011071, -75.5894849)"
2180921,06/04/2018,11:00 a.m.,Viernes,Motocicleta,Particular,Motociclista,Masculino,No,Sin Registro,Herido,Caida Ocupante,Falla en luces de freno,Tramo 192 Kilometro  3,Vereda El Escobero,Rural,
2180918,06/04/2018,4:04 p.m.,Viernes,Campero,Particular,Conductor,Masculino,No,Sin Registro,Solo Daños,Choque,No mantener distancia de seguridad,Carrera 48 Calle 25 A Sur,Las Vegas,Urbana,"(6.184740152, -75.58365742)"
2180918,06/04/2018,4:04 p.m.,Viernes,Automovil,Particular,Conductor,Femenino,No,Sin Registro,Solo Daños,Choque,No mantener distancia de seguridad,Carrera 48 Calle 25 A Sur,Las Vegas,Urbana,"(6.184740152, -75.58365742)"
2180918,06/04/2018,4:04 p.m.,Viernes,Camioneta,Particular,Conductor,Masculino,No,Sin Registro,Solo Daños,Choque,No mantener distancia de seguridad,Carrera 48 Calle 25 A Sur,Las Vegas,Urbana,"(6.184740152, -75.58365742)"
2180954,06/04/2018,7:10 a.m.,Viernes,Automovil,Particular,Conductor,Femenino,No,Sin Registro,Solo Daños,Choque,No mantener distancia de seguridad,Diagonal 32 Transversal 35  Sur,Los Naranjos,Urbana,"(6.170483183, -75.5807757)"
2180954,06/04/2018,7:10 a.m.,Viernes,Camioneta,Particular,Conductor,Femenino,No,Sin Registro,Solo Daños,Choque,No mantener distancia de seguridad,Diagonal 32 Transversal 35  Sur,Los Naranjos,Urbana,"(6.170483183, -75.5807757)"
2180948,06/04/2018,11:20 a.m.,Viernes,Camion,Publico,Conductor,Masculino,No,Sin Registro,Solo Daños,Choque,Adelantar por la derecha,Carrera 50 Calle 39 B Sur,Las Vegas,Urbana,
2180948,06/04/2018,11:20 a.m.,Viernes,Automovil,Particular,Conductor,Masculino,No,Sin Registro,Solo Daños,Choque,Adelantar por la derecha,Carrera 50 Calle 39 B Sur,Las Vegas,Urbana,
2180920,06/04/2018,5:40 a.m.,Viernes,Camioneta,Particular,Conductor,Masculino,No,Sin Registro,Herido,Atropello,Impericia en el manejo,Carrera 39 A Calle 40 B Sur,El Dorado,Urbana,"(6.164835121, -75.58774424)"
2180923,06/04/2018,5:26 p.m.,Viernes,Motocicleta,Particular,Motociclista,Femenino,No,Sin Registro,Herido,Choque,Desobedecer senales,Carrera 27 B Calle 39  Sur,El Chinguí,Urbana,"(6.159176964, -75.57891107)"
2180923,06/04/2018,5:26 p.m.,Viernes,Automovil,Publico,Conductor,Masculino,No,Sin Registro,Herido,Choque,Desobedecer senales,Carrera 27 B Calle 39  Sur,El Chinguí,Urbana,"(6.159176964, -75.57891107)"
2180928,06/04/2018,6:30 a.m.,Viernes,Motocicleta,Particular,Motociclista,Femenino,No,Sin Registro,Herido,Choque,No mantener distancia de seguridad,Calle 37  Sur Carrera 50,Las Vegas,Urbana,
2180928,06/04/2018,6:30 a.m.,Viernes,Automovil,Particular,Conductor,Masculino,No,Sin Registro,Herido,Choque,No mantener distancia de seguridad,Calle 37  Sur Carrera 50,Las Vegas,Urbana,
2180930,06/04/2018,2:30 p.m.,Viernes,Bus,Publico,Conductor,Masculino,No,Sin Registro,Solo Daños,Choque,Reverso imprudente,Transversal 27 A Sur Carrera 42 B,Avenida El Poblado,Urbana,"(6.158218327, -75.58174111)"
2180930,06/04/2018,2:30 p.m.,Viernes,Camioneta,Oficial,Conductor,Masculino,No,Sin Registro,Solo Daños,Choque,Reverso imprudente,Transversal 27 A Sur Carrera 42 B,Avenida El Poblado,Urbana,"(6.158218327, -75.58174111)"
2180915,06/04/2018,7:30 a.m.,Viernes,Automovil,Particular,Conductor,Masculino,No,Sin Registro,Solo Daños,Choque,Impericia en el manejo,Carrera 43 A Calle 48 C Sur,Avenida El Poblado,Urbana,"(6.162218777, -75.59764446)"
2180915,06/04/2018,7:30 a.m.,Viernes,Motocicleta,Particular,Motociclista,Femenino,No,Sin Registro,Solo Daños,Choque,Impericia en el manejo,Carrera 43 A Calle 48 C Sur,Avenida El Poblado,Urbana,"(6.162218777, -75.59764446)"
2180913,06/04/2018,3:50 p.m.,Viernes,Motocicleta,Particular,Motociclista,Masculino,No,Sin Registro,Solo Daños,Choque,No mantener distancia de seguridad,Calle 21  Sur Carrera 41 AA,Zuñiga,Urbana,"(6.182549881, -75.57750033)"
2180913,06/04/2018,3:50 p.m.,Viernes,Camioneta,Particular,Conductor,Masculino,No,Sin Registro,Solo Daños,Choque,No mantener distancia de seguridad,Calle 21  Sur Carrera 41 AA,Zuñiga,Urbana,"(6.182549881, -75.57750033)"
2180932,07/04/2018,7:10 p.m.,Sábado,Automovil,Particular,Conductor,Femenino,No,Sin Registro,Solo Daños,Choque,Desobedecer senales,Calle 41 AA Sur Carrera 29 A,San Rafael,Urbana,"(6.158466841, -75.5852206)"
2180932,07/04/2018,7:10 p.m.,Sábado,Automovil,Publico,Conductor,Masculino,No,Sin Registro,Solo Daños,Choque,Desobedecer senales,Calle 41 AA Sur Carrera 29 A,San Rafael,Urbana,"(6.158466841, -75.5852206)"
2180946,07/04/2018,10:10 a.m.,Sábado,Camioneta,Particular,Conductor,Masculino,No,Sin Registro,Solo Daños,Choque,Impericia en el manejo,Calle 40  Sur Carrera 29 A,San Jose,Urbana,"(6.162116724, -75.58212004)"
2180927,07/04/2018,1:10 p.m.,Sábado,Automovil,Particular,Conductor,Masculino,No,Sin Registro,Solo Daños,Choque,No mantener distancia de seguridad,Carrera 43 A Calle 21  Sur,Avenida El Poblado,Urbana,"(6.183599544, -75.57940986)"
2180927,07/04/2018,1:10 p.m.,Sábado,Motocicleta,Particular,Motociclista,Masculino,No,Sin Registro,Solo Daños,Choque,No mantener distancia de seguridad,Carrera 43 A Calle 21  Sur,Avenida El Poblado,Urbana,"(6.183599544, -75.57940986)"
2180943,07/04/2018,5:15 p.m.,Sábado,Camioneta,Particular,Conductor,Masculino,No,Sin Registro,Solo Daños,Choque,No mantener distancia de seguridad,Carrera 50 Calle 37  Sur,Las Vegas,Urbana,
2180943,07/04/2018,5:15 p.m.,Sábado,Motocicleta,Particular,Motociclista,Masculino,No,Sin Registro,Solo Daños,Choque,No mantener distancia de seguridad,Carrera 50 Calle 37  Sur,Las Vegas,Urbana,
2181370,07/04/2018,1:16 p.m.,Sábado,Campero,Particular,Conductor,Masculino,No,Sin Registro,Solo Daños,Choque,Desobedecer senales,Carrera 48 Calle 30  Sur,Las Vegas,Urbana,"(6.179366643, -75.5880841)"
2181370,07/04/2018,1:16 p.m.,Sábado,Motocicleta,Particular,Motociclista,Sin Registro,No,Sin Registro,Solo Daños,Choque,Desobedecer senales,Carrera 48 Calle 30  Sur,Las Vegas,Urbana,"(6.179366643, -75.5880841)"
2180916,07/04/2018,11:20 a.m.,Sábado,Camioneta,Particular,Conductor,Femenino,No,Sin Registro,Solo Daños,Choque,No mantener distancia de seguridad,Carrera 43 A Calle 36  Sur,Zona Centro,Urbana,"(6.171753325, -75.58772767)"
2180916,07/04/2018,11:20 a.m.,Sábado,Automovil,Particular,Conductor,Femenino,No,Sin Registro,Solo Daños,Choque,No mantener distancia de seguridad,Carrera 43 A Calle 36  Sur,Zona Centro,Urbana,"(6.171753325, -75.58772767)"
2180936,07/04/2018,12:25 a.m.,Sábado,Automovil,Particular,Conductor,Masculino,No,Sin Registro,Solo Daños,Choque,No mantener distancia de seguridad,Calle 46  Sur Carrera 43 A,Primavera,Urbana,"(6.164149951, -75.5959975)"
2180936,07/04/2018,12:25 a.m.,Sábado,Automovil,Particular,Conductor,Masculino,No,Sin Registro,Solo Daños,Choque,No mantener distancia de seguridad,Calle 46  Sur Carrera 43 A,Primavera,Urbana,"(6.164149951, -75.5959975)"
2180936,07/04/2018,12:25 a.m.,Sábado,Camioneta,Particular,Conductor,Masculino,No,Sin Registro,Solo Daños,Choque,No mantener distancia de seguridad,Calle 46  Sur Carrera 43 A,Primavera,Urbana,"(6.164149951, -75.5959975)"
2180936,07/04/2018,12:25 a.m.,Sábado,Automovil,Particular,Conductor,Masculino,No,Sin Registro,Solo Daños,Choque,No mantener distancia de seguridad,Calle 46  Sur Carrera 43 A,Primavera,Urbana,"(6.164149951, -75.5959975)"
2180933,07/04/2018,11:20 p.m.,Sábado,Automovil,Publico,Conductor,Masculino,No,Sin Registro,Herido,Choque,No respetar pelacion de interseccion o giros,Carrera 39 Calle 37  Sur,Zona Centro,Urbana,"(6.16891714, -75.58481873)"
2180933,07/04/2018,11:20 p.m.,Sábado,Motocicleta,Particular,Motociclista,Masculino,No,Sin Registro,Herido,Choque,No respetar prelacion,Carrera 39 Calle 37  Sur,Zona Centro,Urbana,"(6.16891714, -75.58481873)"
2180933,07/04/2018,11:20 p.m.,Sábado,Motocicleta,Particular,Motociclista,Masculino,No,Sin Registro,Herido,Choque,No respetar pelacion de interseccion o giros,Carrera 39 Calle 37  Sur,Zona Centro,Urbana,"(6.16891714, -75.58481873)"
2180933,07/04/2018,11:20 p.m.,Sábado,Automovil,Publico,Conductor,Masculino,No,Sin Registro,Herido,Choque,No respetar prelacion,Carrera 39 Calle 37  Sur,Zona Centro,Urbana,"(6.16891714, -75.58481873)"
2180914,07/04/2018,3:35 p.m.,Sábado,Bus,Publico,Conductor,Masculino,No,Sin Registro,Solo Daños,Choque,Adelantar cerrando,Calle 37  Sur Carrera 41,Zona Centro,Urbana,"(6.169855492, -75.58619601)"
2180914,07/04/2018,3:35 p.m.,Sábado,Automovil,Particular,Conductor,Masculino,No,Sin Registro,Solo Daños,Choque,Adelantar cerrando,Calle 37  Sur Carrera 41,Zona Centro,Urbana,"(6.169855492, -75.58619601)"
2180922,07/04/2018,9:50 a.m.,Sábado,Automovil,Publico,Conductor,Masculino,No,Sin Registro,Herido,Choque,Adelantar cerrando,Carrera 48 Calle 30  Sur,Las Vegas,Urbana,"(6.179366643, -75.5880841)"
2180922,07/04/2018,9:50 a.m.,Sábado,Motocicleta,Particular,Motociclista,Masculino,No,Sin Registro,Herido,Choque,Adelantar cerrando,Carrera 48 Calle 30  Sur,Las Vegas,Urbana,"(6.179366643, -75.5880841)"
2180926,07/04/2018,7:50 p.m.,Sábado,Bus,Publico,Conductor,Masculino,No,Sin Registro,Solo Daños,Choque,No respetar prelacion,Carrera 43 A Calle 38 A Sur,Zona Centro,Urbana,"(6.169698887, -75.58905877)"
2180945,07/04/2018,5:50 p.m.,Sábado,Automovil,Particular,Conductor,Femenino,No,Sin Registro,Solo Daños,Choque,Adelantar invadiendo carril del mismo sentido en zigzag,Carrera 50 Calle 37  Sur,Las Vegas,Urbana,
2180945,07/04/2018,5:50 p.m.,Sábado,Motocicleta,Particular,Motociclista,Masculino,No,Sin Registro,Solo Daños,Choque,Adelantar invadiendo carril del mismo sentido en zigzag,Carrera 50 Calle 37  Sur,Las Vegas,Urbana,
2170602,02/27/2017,4:30 p.m.,Lunes,Camion,Particular,Conductor,Masculino,NO,Sin Registro,Solo Daños,Choque,Reverso imprudente,Calle 36  Sur Carrera 49,Las Vegas,Urbana,
2180926,07/04/2018,7:50 p.m.,Sábado,Camioneta,Particular,Conductor,Masculino,No,Sin Registro,Solo Daños,Choque,No respetar prelacion,Carrera 43 A Calle 38 A Sur,Zona Centro,Urbana,"(6.169698887, -75.58905877)"
2180949,07/04/2018,4:50 p.m.,Sábado,Camioneta,Particular,Conductor,Masculino,No,Sin Registro,Solo Daños,Choque,No mantener distancia de seguridad,Calle 37  Sur Carrera 38,Zona Centro,Urbana,"(6.168685416, -75.58429124)"
2180949,07/04/2018,4:50 p.m.,Sábado,Motocicleta,Particular,Motociclista,Masculino,No,Sin Registro,Solo Daños,Choque,No mantener distancia de seguridad,Calle 37  Sur Carrera 38,Zona Centro,Urbana,"(6.168685416, -75.58429124)"
2180934,08/04/2018,1:00 p.m.,Domingo,Motocicleta,Particular,Motociclista,Masculino,No,Sin Registro,Herido,Atropello,Transitar entre vehiculos,Carrera 43 A Calle 39  Sur,Zona Centro,Urbana,"(6.169011071, -75.5894849)"
2180934,08/04/2018,1:00 p.m.,Domingo,Motocicleta,Particular,Motociclista,Masculino,No,Sin Registro,Herido,Atropello,Exceso de velocidad,Carrera 43 A Calle 39  Sur,Zona Centro,Urbana,"(6.169011071, -75.5894849)"
2180917,08/04/2018,10:30 p.m.,Domingo,Automovil,Particular,Conductor,Masculino,No,Sin Registro,Herido,Volcamiento,Exceso de velocidad,Tramo 375 Kilometro  7,Vereda Palmas,Rural,
2180917,08/04/2018,10:30 p.m.,Domingo,Automovil,Particular,Conductor,Masculino,No,Sin Registro,Herido,Volcamiento,Impericia en el manejo,Tramo 375 Kilometro  7,Vereda Palmas,Rural,
2180929,08/04/2018,2:45 p.m.,Domingo,Automovil,Diplomatico,Conductor,Masculino,No,Sin Registro,Solo Daños,Choque,Desobedecer senales,Calle 45 B Sur Carrera 43,La Paz,Urbana,"(6.164485785, -75.59467842)"
2180929,08/04/2018,2:45 p.m.,Domingo,Camioneta,Particular,Conductor,Masculino,No,Sin Registro,Solo Daños,Choque,Desobedecer senales,Calle 45 B Sur Carrera 43,La Paz,Urbana,"(6.164485785, -75.59467842)"
2180951,09/04/2018,9:00 a.m.,Lunes,Automovil,Publico,Conductor,Masculino,No,Sin Registro,Solo Daños,Choque,No mantener distancia de seguridad,Calle 25 A Sur Carrera 42 B,Zuñiga,Urbana,"(6.181402463, -75.58167941)"
2180951,09/04/2018,9:00 a.m.,Lunes,Automovil,Particular,Conductor,Femenino,No,Sin Registro,Solo Daños,Choque,No mantener distancia de seguridad,Calle 25 A Sur Carrera 42 B,Zuñiga,Urbana,"(6.181402463, -75.58167941)"
2180942,09/04/2018,11:00 a.m.,Lunes,Camioneta,Particular,Conductor,Masculino,No,Sin Registro,Solo Daños,Choque,No mantener distancia de seguridad,Calle 37  Sur Carrera 49,Las Vegas,Urbana,"(6.174789471, -75.59420424)"
2180942,09/04/2018,11:00 a.m.,Lunes,Camion,Publico,Conductor,Masculino,No,Sin Registro,Solo Daños,Choque,No mantener distancia de seguridad,Calle 37  Sur Carrera 49,Las Vegas,Urbana,"(6.174789471, -75.59420424)"
2180952,09/04/2018,10:10 p.m.,Lunes,Bus,Publico,Conductor,Masculino,No,Sin Registro,Solo Daños,Choque,Impericia en el manejo,Carrera 49 Calle 43  Sur,Las Vegas,Urbana,"(6.160925818, -75.59998009)"
2180940,09/04/2018,10:20 a.m.,Lunes,Camion,Publico,Conductor,Masculino,No,Sin Registro,Solo Daños,Choque,No mantener distancia de seguridad,Carrera 50 Calle 25 A Sur,Las Vegas,Urbana,"(6.186515998, -75.58512541)"