RADICADO,FECHA,HORA,DÍA DE LA SEMANA,CLASE DE VEHICULO,TIPO DE SERVICIO,TIPO DE VICTIMA,SEXO,ESTADO DE BEODEZ,RESULTADO DE BEODEZ,GRAVEDAD,CLASE DE ACCIDENTE,CAUSA,DIRECCIÓN,BARRIO,AREA,Coordenadas
2181034,04/16/2018,9:00 a.m.,Lunes,Automovil,Particular,Conductor,Masculino,No,Sin Registro,Solo Daños,Choque,Impericia en el manejo,Carrera 25 A Calle 36 D Sur,Vereda El Escobero,Urbana,"(6.158679025, -75.56664425)"
2181034,04/16/2018,9:00 a.m.,Lunes,Camioneta,Publico,Conductor,Masculino,No,Sin Registro,Solo Daños,Choque,Impericia en el manejo,Carrera 25 A Calle 36 D Sur,Vereda El Escobero,Urbana,"(6.158679025, -75.56664425)"
2181005,04/16/2018,5:00 p.m.,Lunes,Motocicleta,Particular,Motociclista,Masculino,No,Sin Registro,Solo Daños,Choque,Girar bruscamente,Calle 48 C Sur Carrera 43 A,Las Casitas,Urbana,"(6.162378903, -75.59763059)"
2181005,04/16/2018,5:00 p.m.,Lunes,Automovil,Particular,Conductor,Masculino,No,Sin Registro,Solo Daños,Choque,Girar bruscamente,Calle 48 C Sur Carrera 43 A,Las Casitas,Urbana,"(6.162378903, -75.59763059)"
2181022,04/16/2018,5:00 p.m.,Lunes,Automovil,Particular,Conductor,Masculino,No,Sin Registro,Solo Daños,Choque,Fallas en las llantas,Carrera 50 Calle 27  Sur,Las Vegas,Urbana,
2181022,04/16/2018,5:00 p.m.,Lunes,Camion,Publico,Conductor,Masculino,No,Sin Registro,Solo Daños,Choque,Fallas en las llantas,Carrera 50 Calle 27  Sur,Las Vegas,Urbana,
2181022,04/16/2018,5:00 p.m.,Lunes,Automovil,Particular,Conductor,Masculino,No,Sin Registro,Solo Daños,Choque,Fallas en las llantas,Carrera 50 Calle 27  Sur,Las Vegas,Urbana,
2181022,04/16/2018,5:00 p.m.,Lunes,Tractocamion,Publico,Conductor,Masculino,No,Sin Registro,Solo Daños,Choque,Fallas en las llantas,Carrera 50 Calle 27  Sur,Las Vegas,Urbana,
2181003,04/16/2018,10:10 a.m.,Lunes,Automovil,Particular,Conductor,Masculino,No,Sin Registro,Solo Daños,Choque,Reverso imprudente,Calle 30  Sur Carrera 45 B,Jardines,Urbana,"(6.179138184, -75.58745765)"
2181003,04/16/2018,10:10 a.m.,Lunes,Automovil,Particular,Conductor,Masculino,No,Sin Registro,Solo Daños,Choque,Reverso imprudente,Calle 30  Sur Carrera 45 B,Jardines,Urbana,"(6.179138184, -75.58745765)"
2181001,04/16/2018,4:15 p.m.,Lunes,Motocicleta,Particular,Motociclista,Masculino,No,Sin Registro,Herido,Choque,Desobedecer senales,Carrera 40 A Calle 48  Sur,El Trianon,Urbana,"(6.159138638, -75.59483271)"
2181001,04/16/2018,4:15 p.m.,Lunes,Camioneta,Particular,Conductor,Masculino,No,Sin Registro,Herido,Choque,Desobedecer senales,Carrera 40 A Calle 48  Sur,El Trianon,Urbana,"(6.159138638, -75.59483271)"
2181026,04/16/2018,9:15 a.m.,Lunes,Bus,Publico,Conductor,Masculino,No,Sin Registro,Solo Daños,Choque,Impericia en el manejo,Tramo 372 Kilometro  17,Vereda Palmas,Rural,
2181026,04/16/2018,9:15 a.m.,Lunes,Camioneta,Publico,Conductor,Masculino,No,Sin Registro,Solo Daños,Choque,Impericia en el manejo,Tramo 372 Kilometro  17,Vereda Palmas,Rural,
2181042,04/16/2018,5:30 a.m.,Lunes,Automovil,Particular,Conductor,Femenino,No,Sin Registro,Herido,Volcamiento,Exceso de velocidad,Tramo 373 Kilometro  12,Vereda Palmas,Rural,
2181023,04/16/2018,2:10 p.m.,Lunes,Bus,Publico,Conductor,Masculino,No,Sin Registro,Solo Daños,Choque,Reverso imprudente,Carrera 49 A Calle 46 A Sur,Las Vegas,Urbana,"(6.167871749, -75.60213877)"
2181023,04/16/2018,2:10 p.m.,Lunes,Camioneta,Particular,Conductor,Masculino,No,Sin Registro,Solo Daños,Choque,Reverso imprudente,Carrera 49 A Calle 46 A Sur,Las Vegas,Urbana,"(6.167871749, -75.60213877)"
2181042,04/16/2018,5:30 a.m.,Lunes,Automovil,Particular,Conductor,Femenino,No,Sin Registro,Herido,Volcamiento,Impericia en el manejo,Tramo 373 Kilometro  12,Vereda Palmas,Rural,
2180999,04/16/2018,4:30 p.m.,Lunes,Automovil,Particular,Conductor,Masculino,No,Sin Registro,Herido,Choque,Adelantar cerrando,Carrera 43 Calle 32 A Sur,La Magnolia,Urbana,"(6.174730521, -75.58521526)"
2180999,04/16/2018,4:30 p.m.,Lunes,Motocicleta,Particular,Motociclista,Femenino,No,Sin Registro,Herido,Choque,Adelantar cerrando,Carrera 43 Calle 32 A Sur,La Magnolia,Urbana,"(6.174730521, -75.58521526)"
2181006,04/16/2018,8:30 a.m.,Lunes,Automovil,Particular,Conductor,Masculino,No,Sin Registro,Herido,Choque,Desobedecer senales,Diagonal 32 D Transversal 33  Sur,La Magnolia,Urbana,"(6.174101275, -75.58360607)"
2181006,04/16/2018,8:30 a.m.,Lunes,Motocicleta,Particular,Motociclista,Masculino,No,Sin Registro,Herido,Choque,Desobedecer senales,Diagonal 32 D Transversal 33  Sur,La Magnolia,Urbana,"(6.174101275, -75.58360607)"
2181013,04/16/2018,4:30 p.m.,Lunes,Motocicleta,Particular,Motociclista,Masculino,No,Sin Registro,Herido,Atropello,Transitar entre vehiculos,Carrera 48 Calle 48  Sur,Las Vegas,Urbana,"(6.164595282, -75.60138041)"
2181013,04/16/2018,4:30 p.m.,Lunes,Motocicleta,Particular,Motociclista,Masculino,No,Sin Registro,Herido,Atropello,Cruzar sin observar,Carrera 48 Calle 48  Sur,Las Vegas,Urbana,"(6.164595282, -75.60138041)"
2181000,04/16/2018,1:30 p.m.,Lunes,Automovil,Publico,Conductor,Masculino,No,Sin Registro,Solo Daños,Choque,Poner en marcha un vehiculo sin precauci,Carrera 42 A Calle 24  Sur,Avenida El Poblado,Urbana,"(6.179669709, -75.57988072)"
2181000,04/16/2018,1:30 p.m.,Lunes,Automovil,Diplomatico,Conductor,Masculino,No,Sin Registro,Solo Daños,Choque,Poner en marcha un vehiculo sin precauci,Carrera 42 A Calle 24  Sur,Avenida El Poblado,Urbana,"(6.179669709, -75.57988072)"
2181016,04/16/2018,4:30 p.m.,Lunes,Automovil,Publico,Conductor,Masculino,No,Sin Registro,Solo Daños,Choque,No mantener distancia de seguridad,Carrera 40 Calle 37  Sur,Zona Centro,Urbana,"(6.169323846, -75.58548622)"
2181016,04/16/2018,4:30 p.m.,Lunes,Motocicleta,Particular,Motociclista,Masculino,No,Sin Registro,Solo Daños,Choque,No mantener distancia de seguridad,Carrera 40 Calle 37  Sur,Zona Centro,Urbana,"(6.169323846, -75.58548622)"
2181016,04/16/2018,4:30 p.m.,Lunes,Automovil,Particular,Conductor,Masculino,No,Sin Registro,Solo Daños,Choque,No mantener distancia de seguridad,Carrera 40 Calle 37  Sur,Zona Centro,Urbana,"(6.169323846, -75.58548622)"
2181017,04/16/2018,4:30 p.m.,Lunes,Camioneta,Particular,Conductor,Masculino,No,Sin Registro,Solo Daños,Choque,Impericia en el manejo,Calle 45 A Sur Carrera 39 B,Las Antillas,Urbana,"(6.160320892, -75.59000566)"
2181004,04/16/2018,5:30 p.m.,Lunes,Campero,Diplomatico,Conductor,Femenino,No,Sin Registro,Solo Daños,Choque,No respetar pelacion de interseccion o giros,Carrera 27 A Calle 36 D Sur,Vereda El Escobero,Urbana,"(6.162396832, -75.57323111)"
2181004,04/16/2018,5:30 p.m.,Lunes,Motocicleta,Particular,Motociclista,Masculino,No,Sin Registro,Solo Daños,Choque,No respetar pelacion de interseccion o giros,Carrera 27 A Calle 36 D Sur,Vereda El Escobero,Urbana,"(6.162396832, -75.57323111)"
2181011,04/16/2018,5:30 p.m.,Lunes,Motocicleta,Particular,Motociclista,Masculino,No,Sin Registro,Solo Daños,Choque,No respetar prelacion,Calle 38 A Sur Carrera 42,Zona Centro,Urbana,"(6.169022232, -75.58772239)"
2181011,04/16/2018,5:30 p.m.,Lunes,Motocicleta,Particular,Motociclista,Femenino,No,Sin Registro,Solo Daños,Choque,No respetar prelacion,Calle 38 A Sur Carrera 42,Zona Centro,Urbana,"(6.169022232, -75.58772239)"
2181008,04/16/2018,2:45 p.m.,Lunes,Automovil,Particular,Conductor,Femenino,No,Sin Registro,Solo Daños,Choque,No mantener distancia de seguridad,Tramo 373 Kilometro  10,Vereda Palmas,Rural,
2181008,04/16/2018,2:45 p.m.,Lunes,Motocicleta,Particular,Motociclista,Masculino,No,Sin Registro,Solo Daños,Choque,No mantener distancia de seguridad,Tramo 373 Kilometro  10,Vereda Palmas,Rural,
2181025,04/16/2018,9:40 a.m.,Lunes,Automovil,Particular,Conductor,Femenino,No,Sin Registro,Solo Daños,Choque,No mantener distancia de seguridad,Carrera 48 Calle 43  Sur,Las Vegas,Urbana,"(6.168335134, -75.59723358)"
2181025,04/16/2018,9:40 a.m.,Lunes,Automovil,Particular,Conductor,Femenino,No,Sin Registro,Solo Daños,Choque,No mantener distancia de seguridad,Carrera 48 Calle 43  Sur,Las Vegas,Urbana,"(6.168335134, -75.59723358)"
2181438,04/17/2018,10:00 p.m.,Martes,Automovil,Publico,Conductor,Masculino,No,Sin Registro,Solo Daños,Choque,No mantener distancia de seguridad,Carrera 43 A Calle 25  Sur,Las Orquideas,Urbana,"(6.181616833, -75.58185727)"
2181438,04/17/2018,10:00 p.m.,Martes,Automovil,Particular,Conductor,Masculino,No,Sin Registro,Solo Daños,Choque,No mantener distancia de seguridad,Carrera 43 A Calle 25  Sur,Las Orquideas,Urbana,"(6.181616833, -75.58185727)"
2181014,04/17/2018,1:00 p.m.,Martes,Bus,Publico,Conductor,Masculino,No,Sin Registro,Herido,Choque,No respetar prelacion,Calle 45 A Sur Carrera 39 DD,Las Antillas,Urbana,"(6.161984106, -75.59219678)"
2181014,04/17/2018,1:00 p.m.,Martes,Motocicleta,Particular,Motociclista,Masculino,No,Sin Registro,Herido,Choque,No respetar prelacion,Calle 45 A Sur Carrera 39 DD,Las Antillas,Urbana,"(6.161984106, -75.59219678)"
2181033,04/17/2018,1:00 p.m.,Martes,Camioneta,Publico,Conductor,Masculino,No,Sin Registro,Solo Daños,Choque,Impericia en el manejo,Tramo 372 Kilometro  15,Vereda Palmas,Rural,
2181040,04/17/2018,3:00 p.m.,Martes,Motocicleta,Particular,Motociclista,Masculino,No,Sin Registro,Herido,Caida Ocupante,Impericia en el manejo,Calle 38  Sur Carrera 46,Alcala,Urbana,"(6.171966643, -75.59136974)"
2181033,04/17/2018,1:00 p.m.,Martes,Camioneta,Publico,Conductor,Masculino,No,Sin Registro,Solo Daños,Choque,Exceso de velocidad,Tramo 372 Kilometro  15,Vereda Palmas,Rural,
2181027,04/17/2018,11:00 a.m.,Martes,Automovil,Particular,Conductor,Masculino,No,Sin Registro,Herido,Volcamiento,Exceso de velocidad,Tramo 372 Kilometro  16,Vereda Palmas,Rural,
2181027,04/17/2018,11:00 a.m.,Martes,Automovil,Particular,Conductor,Masculino,No,Sin Registro,Herido,Volcamiento,Impericia en el manejo,Tramo 372 Kilometro  16,Vereda Palmas,Rural,
2181029,04/17/2018,8:05 a.m.,Martes,Motocicleta,Particular,Conductor,Femenino,No,Sin Registro,Herido,Choque,Desobedecer senales,Calle 41 AA Sur Carrera 29,San Rafael,Urbana,"(6.15839206, -75.58495565)"
2181029,04/17/2018,8:05 a.m.,Martes,Campero,Publico,Conductor,Masculino,No,Sin Registro,Herido,Choque,Desobedecer senales,Calle 41 AA Sur Carrera 29,San Rafael,Urbana,"(6.15839206, -75.58495565)"
2181029,04/17/2018,8:05 a.m.,Martes,Bus,Publico,Conductor,Masculino,No,Sin Registro,Herido,Choque,Desobedecer senales,Calle 41 AA Sur Carrera 29,San Rafael,Urbana,"(6.15839206, -75.58495565)"
2181041,04/17/2018,5:05 p.m.,Martes,Camioneta,Particular,Conductor,Femenino,No,Sin Registro,Solo Daños,Choque,Transitar entre vehiculos,Carrera 50 Calle 36  Sur,Las Vegas,Urbana,
2181041,04/17/2018,5:05 p.m.,Martes,Motocicleta,Particular,Motociclista,Masculino,No,Sin Registro,Solo Daños,Choque,Transitar entre vehiculos,Carrera 50 Calle 36  Sur,Las Vegas,Urbana,
2181041,04/17/2018,5:05 p.m.,Martes,Motocicleta,Particular,Motociclista,Masculino,No,Sin Registro,Solo Daños,Choque,Transitar entre vehiculos,Carrera 50 Calle 36  Sur,Las Vegas,Urbana,
2181021,04/17/2018,7:00 a.m.,Martes,Bus,Publico,Conductor,Masculino,No,Sin Registro,Solo Daños,Choque,Impericia en el manejo,Carrera 48 Calle 46  Sur,Las Vegas,Urbana,"(6.166195386, -75.59928549)"
2181021,04/17/2018,7:00 a.m.,Martes,Automovil,Particular,Conductor,Masculino,No,Sin Registro,Solo Daños,Choque,Impericia en el manejo,Carrera 48 Calle 46  Sur,Las Vegas,Urbana,"(6.166195386, -75.59928549)"
2181038,04/17/2018,5:10 p.m.,Martes,Camioneta,Particular,Conductor,Femenino,No,Sin Registro,Solo Daños,Choque,Impericia en el manejo,Calle 25  Sur Carrera 41,Zuñiga,Urbana,"(6.179145147, -75.5774765)"
2181038,04/17/2018,5:10 p.m.,Martes,Motocicleta,Particular,Motociclista,Femenino,No,Sin Registro,Solo Daños,Choque,Impericia en el manejo,Calle 25  Sur Carrera 41,Zuñiga,Urbana,"(6.179145147, -75.5774765)"
2181020,04/17/2018,7:05 a.m.,Martes,Automovil,Particular,Conductor,Femenino,No,Sin Registro,Solo Daños,Choque,Desobedecer senales,Carrera 45 B Calle 32 C Sur,El Portal,Urbana,"(6.175172645, -75.58870698)"
2181020,04/17/2018,7:05 a.m.,Martes,Automovil,Particular,Conductor,Femenino,No,Sin Registro,Solo Daños,Choque,Desobedecer senales,Carrera 45 B Calle 32 C Sur,El Portal,Urbana,"(6.175172645, -75.58870698)"
2181012,04/17/2018,3:20 p.m.,Martes,Motocicleta,Particular,Motociclista,Masculino,No,Sin Registro,Solo Daños,Choque,No respetar prelacion,Carrera 43 A Calle 25  Sur,Avenida El Poblado,Urbana,"(6.181616833, -75.58185727)"
2181012,04/17/2018,3:20 p.m.,Martes,Automovil,Particular,Conductor,Femenino,No,Sin Registro,Solo Daños,Choque,No respetar prelacion,Carrera 43 A Calle 25  Sur,Avenida El Poblado,Urbana,"(6.181616833, -75.58185727)"
2181039,04/17/2018,9:20 a.m.,Martes,Motocicleta,Particular,Motociclista,Masculino,No,Sin Registro,Herido,Choque,Adelantar en zona prohibida,Calle 45 A Sur Carrera 39 DD,Las Antillas,Urbana,"(6.161984106, -75.59219678)"
2181039,04/17/2018,9:20 a.m.,Martes,Automovil,Particular,Conductor,Femenino,No,Sin Registro,Herido,Choque,Adelantar en zona prohibida,Calle 45 A Sur Carrera 39 DD,Las Antillas,Urbana,"(6.161984106, -75.59219678)"
2181019,04/17/2018,3:30 p.m.,Martes,Camioneta,Particular,Conductor,Femenino,No,Sin Registro,Solo Daños,Choque,Reverso imprudente,Carrera 42 B Calle 25  Sur,Las Orquideas,Urbana,"(6.179579813, -75.58039689)"
2181019,04/17/2018,3:30 p.m.,Martes,Automovil,Particular,Conductor,Femenino,No,Sin Registro,Solo Daños,Choque,Reverso imprudente,Carrera 42 B Calle 25  Sur,Las Orquideas,Urbana,"(6.179579813, -75.58039689)"
2181018,04/17/2018,3:45 p.m.,Martes,Campero,Particular,Conductor,Femenino,No,Sin Registro,Solo Daños,Choque,No mantener distancia de seguridad,Calle 25  Sur Carrera 45,Zuñiga,Urbana,"(6.182658265, -75.58204251)"
2181018,04/17/2018,3:45 p.m.,Martes,Automovil,Particular,Conductor,Masculino,No,Sin Registro,Solo Daños,Choque,No mantener distancia de seguridad,Calle 25  Sur Carrera 45,Zuñiga,Urbana,"(6.182658265, -75.58204251)"
2181015,04/17/2018,5:45 p.m.,Martes,Automovil,Particular,Conductor,Masculino,No,Sin Registro,Solo Daños,Choque,No mantener distancia de seguridad,Carrera 50 Calle 46 A Sur,Las Vegas,Urbana,"(6.16131219, -75.60319818)"
2181015,04/17/2018,5:45 p.m.,Martes,Camion,Publico,Conductor,Masculino,No,Sin Registro,Solo Daños,Choque,No mantener distancia de seguridad,Carrera 50 Calle 46 A Sur,Las Vegas,Urbana,"(6.16131219, -75.60319818)"
2181028,04/17/2018,4:50 p.m.,Martes,Automovil,Particular,Conductor,Femenino,No,Sin Registro,Herido,Choque,Adelantar cerrando,Carrera 50 Calle 25  Sur,Las Vegas,Urbana,"(6.186515998, -75.58512541)"
2181028,04/17/2018,4:50 p.m.,Martes,Motocicleta,Particular,Motociclista,Masculino,No,Sin Registro,Herido,Choque,Adelantar cerrando,Carrera 50 Calle 25  Sur,Las Vegas,Urbana,"(6.186515998, -75.58512541)"
2181031,04/17/2018,5:55 p.m.,Martes,Camioneta,Publico,Conductor,Masculino,No,Sin Registro,Herido,Choque,No mantener distancia de seguridad,Tramo 373 Kilometro  14,Vereda Palmas,Rural,
2181031,04/17/2018,5:55 p.m.,Martes,Motocicleta,Particular,Motociclista,Femenino,No,Sin Registro,Herido,Choque,No mantener distancia de seguridad,Tramo 373 Kilometro  14,Vereda Palmas,Rural,
2181066,04/18/2018,6:00 a.m.,Miércoles,Automovil,Particular,Conductor,Femenino,No,Sin Registro,Solo Daños,Choque,No mantener distancia de seguridad,Carrera 50 Calle 32 B Sur,Las Vegas,Urbana,"(6.178248378, -75.59168828)"
2181066,04/18/2018,6:00 a.m.,Miércoles,Motocicleta,Particular,Motociclista,Masculino,No,Sin Registro,Solo Daños,Choque,No mantener distancia de seguridad,Carrera 50 Calle 32 B Sur,Las Vegas,Urbana,"(6.178248378, -75.59168828)"
2181046,04/18/2018,12:10 a.m.,Miércoles,Automovil,Particular,Conductor,Sin Registro,No,Sin Registro,Herido,Choque,Adelantar invadiendo carril de sentido contrario,Tramo 373 Kilometro  13,Vereda Palmas,Rural,
2181046,04/18/2018,12:10 a.m.,Miércoles,Motocicleta,Particular,Motociclista,Masculino,No,Sin Registro,Herido,Choque,Adelantar invadiendo carril de sentido contrario,Tramo 373 Kilometro  13,Vereda Palmas,Rural,
2181052,04/18/2018,6:10 p.m.,Miércoles,Camioneta,Particular,Conductor,Femenino,No,Sin Registro,Solo Daños,Choque,Impericia en el manejo,Carrera 27 AA Calle 36  Sur,El Chocho,Urbana,
2181030,04/18/2018,11:05 p.m.,Miércoles,Motocicleta,Particular,Motociclista,Masculino,No,Sin Registro,Solo Daños,Choque,Transitar entre vehiculos,Calle 37  Sur Carrera 28,La Magnolia,Urbana,"(6.165679454, -75.57834042)"
2181030,04/18/2018,11:05 p.m.,Miércoles,Motocicleta,Particular,Motociclista,Masculino,No,Sin Registro,Solo Daños,Choque,Transitar entre vehiculos,Calle 37  Sur Carrera 28,La Magnolia,Urbana,"(6.165679454, -75.57834042)"
2181036,04/18/2018,1:10 p.m.,Miércoles,Motocicleta,Particular,Motociclista,Masculino,No,Sin Registro,Solo Daños,Choque,No mantener distancia de seguridad,Carrera 48 Calle 32 C Sur,Las Vegas,Urbana,"(6.176534585, -75.59017935)"
2181036,04/18/2018,1:10 p.m.,Miércoles,Motocicleta,Particular,Motociclista,Masculino,No,Sin Registro,Solo Daños,Choque,No mantener distancia de seguridad,Carrera 48 Calle 32 C Sur,Las Vegas,Urbana,"(6.176534585, -75.59017935)"
2181035,04/18/2018,10:30 a.m.,Miércoles,Automovil,Particular,Conductor,Femenino,No,Sin Registro,Solo Daños,Choque,No mantener distancia de seguridad,Carrera 50 Calle 32  Sur,Las Vegas,Urbana,"(6.178248378, -75.59168828)"
2181035,04/18/2018,10:30 a.m.,Miércoles,Motocicleta,Particular,Motociclista,Masculino,No,Sin Registro,Solo Daños,Choque,No mantener distancia de seguridad,Carrera 50 Calle 32  Sur,Las Vegas,Urbana,"(6.178248378, -75.59168828)"
2181037,04/18/2018,5:45 p.m.,Miércoles,Camioneta,Particular,Conductor,Masculino,No,Sin Registro,Solo Daños,Choque,Reverso imprudente,Calle 40  Sur Carrera 25 B,La Mina,Urbana,"(6.155114269, -75.57896894)"
2181037,04/18/2018,5:45 p.m.,Miércoles,Automovil,Particular,Conductor,Femenino,No,Sin Registro,Solo Daños,Choque,Reverso imprudente,Calle 40  Sur Carrera 25 B,La Mina,Urbana,"(6.155114269, -75.57896894)"
2181032,04/18/2018,12:55 a.m.,Miércoles,Automovil,Particular,Conductor,Masculino,No,Sin Registro,Solo Daños,Choque,No mantener distancia de seguridad,Tramo 372 Kilometro  13,Vereda Palmas,Rural,
2181043,04/18/2018,6:53 p.m.,Miércoles,Campero,Particular,Conductor,Masculino,No,Sin Registro,Herido,Choque,Desobedecer senales,Tramo 373 Kilometro  14,Vereda Palmas,Rural,
2181043,04/18/2018,6:53 p.m.,Miércoles,Bicicleta,Sin Registro,Ciclista,Masculino,No,Sin Registro,Herido,Choque,Desobedecer senales,Tramo 373 Kilometro  14,Vereda Palmas,Rural,
2181032,04/18/2018,12:55 a.m.,Miércoles,Automovil,Particular,Conductor,Femenino,No,Sin Registro,Solo Daños,Choque,No mantener distancia de seguridad,Tramo 372 Kilometro  13,Vereda Palmas,Rural,
2181069,04/19/2018,1:00 p.m.,Jueves,Automovil,Particular,Conductor,Femenino,No,Sin Registro,Solo Daños,Choque,No mantener distancia de seguridad,Diagonal 31 E Transversal 33 A Sur,La Magnolia,Urbana,"(6.173761816, -75.5789197)"
2181069,04/19/2018,1:00 p.m.,Jueves,Automovil,Particular,Conductor,Masculino,No,Sin Registro,Solo Daños,Choque,No mantener distancia de seguridad,Diagonal 31 E Transversal 33 A Sur,La Magnolia,Urbana,"(6.173761816, -75.5789197)"
2181068,04/19/2018,2:00 p.m.,Jueves,Bus,Publico,Conductor,Masculino,No,Sin Registro,Solo Daños,Choque,Adelantar invadiendo carril del mismo sentido en zigzag,Calle 37  Sur Carrera 49,Las Vegas,Urbana,"(6.174789471, -75.59420424)"
2181068,04/19/2018,2:00 p.m.,Jueves,Automovil,Particular,Conductor,Masculino,No,Sin Registro,Solo Daños,Choque,Adelantar invadiendo carril del mismo sentido en zigzag,Calle 37  Sur Carrera 49,Las Vegas,Urbana,"(6.174789471, -75.59420424)"
2181047,04/19/2018,9:05 a.m.,Jueves,Automovil,Particular,Conductor,Masculino,No,Sin Registro,Herido,Choque,No mantener distancia de seguridad,Carrera 48 Calle 32 C Sur,Las Vegas,Urbana,"(6.176534585, -75.59017935)"
2181047,04/19/2018,9:05 a.m.,Jueves,Motocicleta,Particular,Motociclista,Masculino,No,Sin Registro,Herido,Choque,No mantener distancia de seguridad,Carrera 48 Calle 32 C Sur,Las Vegas,Urbana,"(6.176534585, -75.59017935)"
2181047,04/19/2018,9:05 a.m.,Jueves,Automovil,Particular,Conductor,Masculino,No,Sin Registro,Herido,Choque,No mantener distancia de seguridad,Carrera 48 Calle 32 C Sur,Las Vegas,Urbana,"(6.176534585, -75.59017935)"
2181090,04/19/2018,7:05 a.m.,Jueves,Motocicleta,Particular,Motociclista,Masculino,No,Sin Registro,Solo Daños,Choque,Impericia en el manejo,Tramo 371 Kilometro  8,Vereda El Escobero,Rural,
2181090,04/19/2018,7:05 a.m.,Jueves,Bus,Publico,Conductor,Masculino,No,Sin Registro,Solo Daños,Choque,Impericia en el manejo,Tramo 371 Kilometro  8,Vereda El Escobero,Rural,
2181048,04/19/2018,7:10 a.m.,Jueves,Camioneta,Oficial,Conductor,Femenino,No,Sin Registro,Solo Daños,Choque,No mantener distancia de seguridad,Calle 24  Sur Carrera 43 A,Zuñiga,Urbana,
2181048,04/19/2018,7:10 a.m.,Jueves,Automovil,Particular,Conductor,Masculino,No,Sin Registro,Solo Daños,Choque,No mantener distancia de seguridad,Calle 24  Sur Carrera 43 A,Zuñiga,Urbana,
2181070,04/19/2018,3:20 p.m.,Jueves,Automovil,Particular,Conductor,Femenino,No,Sin Registro,Solo Daños,Choque,Adelantar cerrando,Calle 36 D Sur Carrera 27 D,Vereda El Escobero,Urbana,"(6.164970853, -75.57463727)"
2181070,04/19/2018,3:20 p.m.,Jueves,Motocicleta,Particular,Motociclista,Masculino,No,Sin Registro,Solo Daños,Choque,Adelantar cerrando,Calle 36 D Sur Carrera 27 D,Vereda El Escobero,Urbana,"(6.164970853, -75.57463727)"
2181045,04/19/2018,5:20 p.m.,Jueves,Motocicleta,Particular,Motociclista,Femenino,No,Sin Registro,Solo Daños,Choque,Adelantar cerrando,Carrera 50 Calle 25 A Sur,Las Vegas,Urbana,"(6.186515998, -75.58512541)"
2181045,04/19/2018,5:20 p.m.,Jueves,Automovil,Particular,Conductor,Masculino,No,Sin Registro,Solo Daños,Choque,Adelantar cerrando,Carrera 50 Calle 25 A Sur,Las Vegas,Urbana,"(6.186515998, -75.58512541)"
2181440,04/19/2018,3:30 p.m.,Jueves,Campero,Particular,Conductor,Masculino,No,Sin Registro,Solo Daños,Choque,Adelantar invadiendo carril de sentido contrario,Carrera 25 A Calle 38 D Sur,El Chinguí,Urbana,"(6.158679025, -75.56664425)"
2181440,04/19/2018,3:30 p.m.,Jueves,Campero,Particular,Conductor,Sin Registro,No,Sin Registro,Solo Daños,Choque,Adelantar invadiendo carril de sentido contrario,Carrera 25 A Calle 38 D Sur,El Chinguí,Urbana,"(6.158679025, -75.56664425)"
2181044,04/19/2018,6:45 a.m.,Jueves,Automovil,Particular,Conductor,Femenino,No,Sin Registro,Solo Daños,Choque,Poner en marcha un vehiculo sin precauci,Carrera 28 Calle 37  Sur,La Magnolia,Urbana,"(6.164229297, -75.57882145)"
2181044,04/19/2018,6:45 a.m.,Jueves,Bus,Publico,Conductor,Masculino,No,Sin Registro,Solo Daños,Choque,Poner en marcha un vehiculo sin precauci,Carrera 28 Calle 37  Sur,La Magnolia,Urbana,"(6.164229297, -75.57882145)"
2181050,04/19/2018,6:55 a.m.,Jueves,Camion,Oficial,Conductor,Masculino,No,Sin Registro,Solo Daños,Choque,Desobedecer senales,Carrera 41 Calle 40  Sur,El Dorado,Urbana,"(6.166920833, -75.58799502)"
2181050,04/19/2018,6:55 a.m.,Jueves,Camioneta,Particular,Conductor,Masculino,No,Sin Registro,Solo Daños,Choque,Desobedecer senales,Carrera 41 Calle 40  Sur,El Dorado,Urbana,"(6.166920833, -75.58799502)"
2181057,04/20/2018,6:10 a.m.,Viernes,Camion,Publico,Conductor,Masculino,No,Sin Registro,Solo Daños,Choque,Transitar entre vehiculos,Carrera 50 Calle 32  Sur,Las Vegas,Urbana,"(6.178248378, -75.59168828)"
2181057,04/20/2018,6:10 a.m.,Viernes,Campero,Particular,Conductor,Masculino,No,Sin Registro,Solo Daños,Choque,Transitar entre vehiculos,Carrera 50 Calle 32  Sur,Las Vegas,Urbana,"(6.178248378, -75.59168828)"
2181057,04/20/2018,6:10 a.m.,Viernes,Motocicleta,Particular,Motociclista,Masculino,No,Sin Registro,Solo Daños,Choque,Transitar entre vehiculos,Carrera 50 Calle 32  Sur,Las Vegas,Urbana,"(6.178248378, -75.59168828)"
2181081,04/20/2018,10:10 a.m.,Viernes,Camion,Publico,Conductor,Masculino,No,Sin Registro,Solo Daños,Choque,Reverso imprudente,Carrera 49 Calle 39  Sur,Las Vegas,Urbana,"(6.173609359, -75.59707057)"
2181081,04/20/2018,10:10 a.m.,Viernes,Tractocamion,Publico,Conductor,Masculino,No,Sin Registro,Solo Daños,Choque,Reverso imprudente,Carrera 49 Calle 39  Sur,Las Vegas,Urbana,"(6.173609359, -75.59707057)"