RADICADO,FECHA,HORA,DÍA DE LA SEMANA,CLASE DE VEHICULO,TIPO DE SERVICIO,TIPO DE VICTIMA,SEXO,ESTADO DE BEODEZ,RESULTADO DE BEODEZ,GRAVEDAD,CLASE DE ACCIDENTE,CAUSA,DIRECCIÓN,BARRIO,AREA,Coordenadas
2181059,04/20/2018,5:15 p.m.,Viernes,Bus,Publico,Conductor,Masculino,No,Sin Registro,Solo Daños,Choque,Desobedecer senales,Transversal 36  Sur Diagonal 30,La Sebastiana,Urbana,"(6.168076323, -75.57994415)"
2181059,04/20/2018,5:15 p.m.,Viernes,Automovil,Particular,Conductor,Femenino,No,Sin Registro,Solo Daños,Choque,Desobedecer senales,Transversal 36  Sur Diagonal 30,La Sebastiana,Urbana,"(6.168076323, -75.57994415)"
2181055,04/20/2018,10:15 a.m.,Viernes,Motocicleta,Particular,Motociclista,Masculino,No,Sin Registro,Herido,Caida Ocupante,Impericia en el manejo,Calle 45 B Sur Carrera 42 B,La Paz,Urbana,"(6.163155121, -75.59370839)"
2181074,04/20/2018,6:25 p.m.,Viernes,Automovil,Particular,Conductor,Masculino,No,Sin Registro,Solo Daños,Choque,Impericia en el manejo,Calle 38  Sur Carrera 42,Zona Centro,Urbana,"(6.16961293, -75.58738469)"
2181074,04/20/2018,6:25 p.m.,Viernes,Motocicleta,Particular,Motociclista,Femenino,No,Sin Registro,Solo Daños,Choque,Impericia en el manejo,Calle 38  Sur Carrera 42,Zona Centro,Urbana,"(6.16961293, -75.58738469)"
2181058,04/20/2018,2:20 p.m.,Viernes,Automovil,Particular,Conductor,Femenino,No,Sin Registro,Solo Daños,Choque,No mantener distancia de seguridad,Carrera 48 Calle 32 B Sur,Las Vegas,Urbana,"(6.176994311, -75.58984119)"
2181058,04/20/2018,2:20 p.m.,Viernes,Campero,Particular,Conductor,Masculino,No,Sin Registro,Solo Daños,Choque,No mantener distancia de seguridad,Carrera 48 Calle 32 B Sur,Las Vegas,Urbana,"(6.176994311, -75.58984119)"
2181062,04/20/2018,7:30 a.m.,Viernes,Campero,Particular,Conductor,Femenino,No,Sin Registro,Solo Daños,Choque,Desobedecer senales,Calle 27 Carrera 27,El Esmeraldal,Urbana,"(6.17243521, -75.56787192)"
2181062,04/20/2018,7:30 a.m.,Viernes,Automovil,Particular,Conductor,Masculino,No,Sin Registro,Solo Daños,Choque,Desobedecer senales,Calle 27 Carrera 27,El Esmeraldal,Urbana,"(6.17243521, -75.56787192)"
2181096,04/20/2018,4:40 p.m.,Viernes,Automovil,Publico,Conductor,Masculino,No,Sin Registro,Solo Daños,Choque,No respetar pelacion de interseccion o giros,Carrera 50 Calle 19  Sur,Las Vegas,Urbana,
2181096,04/20/2018,4:40 p.m.,Viernes,Motocicleta,Particular,Motociclista,Masculino,No,Sin Registro,Solo Daños,Choque,No respetar prelacion,Carrera 50 Calle 19  Sur,Las Vegas,Urbana,
2181096,04/20/2018,4:40 p.m.,Viernes,Motocicleta,Particular,Motociclista,Masculino,No,Sin Registro,Solo Daños,Choque,No respetar pelacion de interseccion o giros,Carrera 50 Calle 19  Sur,Las Vegas,Urbana,
2181096,04/20/2018,4:40 p.m.,Viernes,Automovil,Publico,Conductor,Masculino,No,Sin Registro,Solo Daños,Choque,No respetar prelacion,Carrera 50 Calle 19  Sur,Las Vegas,Urbana,
2181087,04/20/2018,6:42 a.m.,Viernes,Bus,Publico,Conductor,Masculino,No,Sin Registro,Solo Daños,Choque,No mantener distancia de seguridad,Carrera 43 A Calle 38  Sur,Zona Centro,Urbana,"(6.170421178, -75.58859877)"
2181087,04/20/2018,6:42 a.m.,Viernes,Bus,Publico,Conductor,Masculino,No,Sin Registro,Solo Daños,Choque,No mantener distancia de seguridad,Carrera 43 A Calle 38  Sur,Zona Centro,Urbana,"(6.170421178, -75.58859877)"
2181071,04/21/2018,4:00 p.m.,Sábado,Automovil,Particular,Conductor,Masculino,No,Sin Registro,Herido,Choque,Adelantar por la derecha,Carrera 50 Calle 26  Sur,Las Vegas,Urbana,"(6.184812544, -75.58691109)"
2181071,04/21/2018,4:00 p.m.,Sábado,Motocicleta,Particular,Motociclista,Sin Registro,No,Sin Registro,Herido,Choque,Adelantar por la derecha,Carrera 50 Calle 26  Sur,Las Vegas,Urbana,"(6.184812544, -75.58691109)"
2181049,04/21/2018,2:00 p.m.,Sábado,Automovil,Particular,Conductor,Masculino,No,Sin Registro,Solo Daños,Choque,Transitar entre vehiculos,Tramo 372 Kilometro  17,Vereda Palmas,Rural,
2181049,04/21/2018,2:00 p.m.,Sábado,Motocicleta,Particular,Motociclista,Masculino,No,Sin Registro,Solo Daños,Choque,Transitar entre vehiculos,Tramo 372 Kilometro  17,Vereda Palmas,Rural,
2181088,04/21/2018,12:10 a.m.,Sábado,Automovil,Particular,Conductor,Masculino,No,Sin Registro,Solo Daños,Choque,No mantener distancia de seguridad,Carrera 50 Calle 30  Sur,Las Vegas,Urbana,
2181088,04/21/2018,12:10 a.m.,Sábado,Camioneta,Particular,Conductor,Masculino,No,Sin Registro,Solo Daños,Choque,No mantener distancia de seguridad,Carrera 50 Calle 30  Sur,Las Vegas,Urbana,
2181076,04/21/2018,4:35 a.m.,Sábado,Automovil,Particular,Conductor,Masculino,No,Sin Registro,Solo Daños,Choque,Fallas en las llantas,Carrera 48 Calle 50  Sur,Las Vegas,Urbana,
2181079,04/21/2018,6:35 a.m.,Sábado,Camioneta,Publico,Conductor,Masculino,No,Sin Registro,Herido,Choque,No mantener distancia de seguridad,Carrera 48 Calle 25 AA Sur,Las Vegas,Urbana,"(6.183765745, -75.58469035)"
2181056,04/21/2018,6:30 p.m.,Sábado,Automovil,Particular,Conductor,Masculino,No,Sin Registro,Herido,Atropello,Cruzar sin observar,Calle 45 B Sur Carrera 43,La Paz,Urbana,"(6.164485785, -75.59467842)"
2181079,04/21/2018,6:35 a.m.,Sábado,Automovil,Particular,Conductor,Masculino,No,Sin Registro,Herido,Choque,No mantener distancia de seguridad,Carrera 48 Calle 25 AA Sur,Las Vegas,Urbana,"(6.183765745, -75.58469035)"
2181079,04/21/2018,6:35 a.m.,Sábado,Automovil,Publico,Conductor,Masculino,No,Sin Registro,Herido,Choque,No mantener distancia de seguridad,Carrera 48 Calle 25 AA Sur,Las Vegas,Urbana,"(6.183765745, -75.58469035)"
2181093,04/21/2018,2:40 p.m.,Sábado,Bus,Publico,Conductor,Masculino,No,Sin Registro,Herido,Otro,Fallas en el sistema electrico,Tramo 371 Kilometro  5,Vereda El Escobero,Rural,
2181075,04/21/2018,11:45 a.m.,Sábado,Automovil,Publico,Conductor,Masculino,No,Sin Registro,Solo Daños,Choque,Reverso imprudente,Calle 36 D Sur Carrera 27 D,Vereda El Escobero,Urbana,"(6.164970853, -75.57463727)"
2181075,04/21/2018,11:45 a.m.,Sábado,Automovil,Particular,Conductor,Masculino,No,Sin Registro,Solo Daños,Choque,Reverso imprudente,Calle 36 D Sur Carrera 27 D,Vereda El Escobero,Urbana,"(6.164970853, -75.57463727)"
2181051,04/21/2018,10:45 a.m.,Sábado,Bus,Publico,Conductor,Masculino,No,Sin Registro,Solo Daños,Choque,Adelantar cerrando,Calle 38 A Sur Carrera 40,Zona Centro,Urbana,"(6.168097144, -75.58630781)"
2181051,04/21/2018,10:45 a.m.,Sábado,Automovil,Particular,Conductor,Masculino,No,Sin Registro,Solo Daños,Choque,Adelantar cerrando,Calle 38 A Sur Carrera 40,Zona Centro,Urbana,"(6.168097144, -75.58630781)"
2181063,04/21/2018,9:40 p.m.,Sábado,Motocicleta,Particular,Motociclista,Masculino,No,Sin Registro,Herido,Choque,No respetar prelacion,Carrera 48 Calle 37  Sur,Las Vegas,Urbana,"(6.172859211, -75.59276992)"
2181063,04/21/2018,9:40 p.m.,Sábado,Automovil,Particular,Conductor,Masculino,No,Sin Registro,Herido,Choque,No respetar prelacion,Carrera 48 Calle 37  Sur,Las Vegas,Urbana,"(6.172859211, -75.59276992)"
2181067,04/21/2018,11:50 a.m.,Sábado,Automovil,Particular,Conductor,Femenino,No,Sin Registro,Herido,Choque,No mantener distancia de seguridad,Carrera 50 Calle 30  Sur,Las Vegas,Urbana,
2181067,04/21/2018,11:50 a.m.,Sábado,Motocicleta,Particular,Motociclista,Masculino,No,Sin Registro,Herido,Choque,No mantener distancia de seguridad,Carrera 50 Calle 30  Sur,Las Vegas,Urbana,
2181072,04/21/2018,11:50 a.m.,Sábado,Automovil,Particular,Conductor,Masculino,No,Sin Registro,Herido,Choque,Desobedecer senales,Carrera 42 Calle 33 B Sur,Zona Centro,Urbana,"(6.172431982, -75.58552861)"
2181072,04/21/2018,11:50 a.m.,Sábado,Motocicleta,Particular,Motociclista,Femenino,No,Sin Registro,Herido,Choque,Desobedecer senales,Carrera 42 Calle 33 B Sur,Zona Centro,Urbana,"(6.172431982, -75.58552861)"
2181085,04/21/2018,12:45 a.m.,Sábado,Motocicleta,Particular,Motociclista,Sin Registro,No,Sin Registro,Solo Daños,Choque,Transitar entre vehiculos,Calle 41 AA Sur Carrera 29,San Rafael,Urbana,"(6.15839206, -75.58495565)"
2181085,04/21/2018,12:45 a.m.,Sábado,Automovil,Publico,Conductor,Masculino,No,Sin Registro,Solo Daños,Choque,Transitar entre vehiculos,Calle 41 AA Sur Carrera 29,San Rafael,Urbana,"(6.15839206, -75.58495565)"
2181053,04/21/2018,7:50 a.m.,Sábado,Bus,Publico,Conductor,Masculino,No,Sin Registro,Solo Daños,Choque,Adelantar cerrando,Carrera 48 Calle 25 AA Sur,Las Vegas,Urbana,"(6.183765745, -75.58469035)"
2181053,04/21/2018,7:50 a.m.,Sábado,Automovil,Particular,Conductor,Femenino,No,Sin Registro,Solo Daños,Choque,Adelantar cerrando,Carrera 48 Calle 25 AA Sur,Las Vegas,Urbana,"(6.183765745, -75.58469035)"
2181060,04/21/2018,5:50 p.m.,Sábado,Motocicleta,Particular,Motociclista,Masculino,No,Sin Registro,Herido,Choque,No mantener distancia de seguridad,Tramo 372 Kilometro  16,Vereda Palmas,Rural,
2181060,04/21/2018,5:50 p.m.,Sábado,Automovil,Particular,Conductor,Masculino,No,Sin Registro,Herido,Choque,No mantener distancia de seguridad,Tramo 372 Kilometro  16,Vereda Palmas,Rural,
2181092,04/22/2018,5:00 p.m.,Domingo,Automovil,Particular,Conductor,Masculino,No,Sin Registro,Solo Daños,Choque,No mantener distancia de seguridad,Calle 46  Sur Carrera 44,Primavera,Urbana,"(6.164371719, -75.59631716)"
2181092,04/22/2018,5:00 p.m.,Domingo,Automovil,Particular,Conductor,Masculino,No,Sin Registro,Solo Daños,Choque,No mantener distancia de seguridad,Calle 46  Sur Carrera 44,Primavera,Urbana,"(6.164371719, -75.59631716)"
2181061,04/22/2018,4:40 a.m.,Domingo,Campero,Particular,Conductor,Femenino,No,Sin Registro,Solo Daños,Choque,Semaforo en rojo,Calle 25 A Sur Carrera 43 A,Las Orquideas,Urbana,"(6.181689385, -75.58241799)"
2181061,04/22/2018,4:40 a.m.,Domingo,Automovil,Publico,Conductor,Masculino,No,Sin Registro,Solo Daños,Choque,Semaforo en rojo,Calle 25 A Sur Carrera 43 A,Las Orquideas,Urbana,"(6.181689385, -75.58241799)"
2181054,04/22/2018,10:24 p.m.,Domingo,Automovil,Particular,Conductor,Masculino,No,Sin Registro,Solo Daños,Choque,No mantener distancia de seguridad,Calle 41 A Sur Carrera 28 B,San Rafael,Urbana,"(6.159008162, -75.58541326)"
2181054,04/22/2018,10:24 p.m.,Domingo,Automovil,Publico,Conductor,Masculino,No,Sin Registro,Solo Daños,Choque,No mantener distancia de seguridad,Calle 41 A Sur Carrera 28 B,San Rafael,Urbana,"(6.159008162, -75.58541326)"
2181064,04/22/2018,4:40 a.m.,Domingo,Automovil,Particular,Conductor,Femenino,No,Sin Registro,Solo Daños,Choque,Impericia en el manejo,Diagonal 31 E Transversal 34  Sur,Las Flores,Urbana,"(6.172689669, -75.57882729)"
2181065,04/22/2018,6:30 p.m.,Domingo,Bus,Publico,Conductor,Masculino,No,Sin Registro,Solo Daños,Choque,Adelantar cerrando,Carrera 43 A Calle 38 A Sur,Zona Centro,Urbana,"(6.169698887, -75.58905877)"
2181064,04/22/2018,4:40 a.m.,Domingo,Automovil,Particular,Conductor,Sin Registro,No,Sin Registro,Solo Daños,Choque,Exceso de velocidad,Diagonal 31 E Transversal 34  Sur,Las Flores,Urbana,"(6.172689669, -75.57882729)"
2181064,04/22/2018,4:40 a.m.,Domingo,Automovil,Particular,Conductor,Sin Registro,No,Sin Registro,Solo Daños,Choque,Impericia en el manejo,Diagonal 31 E Transversal 34  Sur,Las Flores,Urbana,"(6.172689669, -75.57882729)"
2181064,04/22/2018,4:40 a.m.,Domingo,Automovil,Particular,Conductor,Femenino,No,Sin Registro,Solo Daños,Choque,Exceso de velocidad,Diagonal 31 E Transversal 34  Sur,Las Flores,Urbana,"(6.172689669, -75.57882729)"
2181065,04/22/2018,6:30 p.m.,Domingo,Automovil,Particular,Conductor,Masculino,No,Sin Registro,Solo Daños,Choque,Adelantar cerrando,Carrera 43 A Calle 38 A Sur,Zona Centro,Urbana,"(6.169698887, -75.58905877)"
2181073,04/22/2018,10:30 p.m.,Domingo,Automovil,Particular,Conductor,Femenino,No,Sin Registro,Herido,Choque,Impericia en el manejo,Calle 23  Sur Carrera 27,Zuñiga,Urbana,"(6.176668041, -75.56752563)"
2181073,04/22/2018,10:30 p.m.,Domingo,Automovil,Particular,Conductor,Femenino,No,Sin Registro,Herido,Choque,Exceso de velocidad,Calle 23  Sur Carrera 27,Zuñiga,Urbana,"(6.176668041, -75.56752563)"
2181086,04/23/2018,6:00 a.m.,Lunes,Campero,Particular,Conductor,Femenino,No,Sin Registro,Solo Daños,Choque,No mantener distancia de seguridad,Carrera 50 Calle 32  Sur,Las Vegas,Urbana,"(6.178248378, -75.59168828)"
2181086,04/23/2018,6:00 a.m.,Lunes,Buseta,Publico,Conductor,Masculino,No,Sin Registro,Solo Daños,Choque,No mantener distancia de seguridad,Carrera 50 Calle 32  Sur,Las Vegas,Urbana,"(6.178248378, -75.59168828)"
2181083,04/23/2018,12:10 a.m.,Lunes,Camioneta,Particular,Conductor,Masculino,No,Sin Registro,Solo Daños,Choque,Adelantar cerrando,Transversal 34 D Sur Diagonal 33,Los Naranjos,Urbana,"(6.170932416, -75.5832469)"
2181083,04/23/2018,12:10 a.m.,Lunes,Automovil,Particular,Conductor,Masculino,No,Sin Registro,Solo Daños,Choque,No respetar pelacion de interseccion o giros,Transversal 34 D Sur Diagonal 33,Los Naranjos,Urbana,"(6.170932416, -75.5832469)"
2181083,04/23/2018,12:10 a.m.,Lunes,Automovil,Particular,Conductor,Masculino,No,Sin Registro,Solo Daños,Choque,Adelantar cerrando,Transversal 34 D Sur Diagonal 33,Los Naranjos,Urbana,"(6.170932416, -75.5832469)"
2181083,04/23/2018,12:10 a.m.,Lunes,Camioneta,Particular,Conductor,Masculino,No,Sin Registro,Solo Daños,Choque,No respetar pelacion de interseccion o giros,Transversal 34 D Sur Diagonal 33,Los Naranjos,Urbana,"(6.170932416, -75.5832469)"
2181084,04/23/2018,5:10 p.m.,Lunes,Campero,Particular,Conductor,Masculino,No,Sin Registro,Solo Daños,Choque,Reverso imprudente,Calle 36 D Sur Carrera 25 A,Vereda El Escobero,Urbana,"(6.158809572, -75.56663754)"
2181084,04/23/2018,5:10 p.m.,Lunes,Campero,Particular,Conductor,Masculino,No,Sin Registro,Solo Daños,Choque,Reverso imprudente,Calle 36 D Sur Carrera 25 A,Vereda El Escobero,Urbana,"(6.158809572, -75.56663754)"
2181091,04/23/2018,1:15 p.m.,Lunes,Automovil,Particular,Conductor,Masculino,No,Sin Registro,Solo Daños,Choque,No mantener distancia de seguridad,Diagonal 31 E Transversal 34  Sur,La Magnolia,Urbana,"(6.172689669, -75.57882729)"
2181091,04/23/2018,1:15 p.m.,Lunes,Motocicleta,Particular,Motociclista,Masculino,No,Sin Registro,Solo Daños,Choque,Transitar entre vehiculos,Diagonal 31 E Transversal 34  Sur,La Magnolia,Urbana,"(6.172689669, -75.57882729)"
2181091,04/23/2018,1:15 p.m.,Lunes,Motocicleta,Particular,Motociclista,Masculino,No,Sin Registro,Solo Daños,Choque,No mantener distancia de seguridad,Diagonal 31 E Transversal 34  Sur,La Magnolia,Urbana,"(6.172689669, -75.57882729)"
2181091,04/23/2018,1:15 p.m.,Lunes,Motocicleta,Particular,Motociclista,Masculino,No,Sin Registro,Solo Daños,Choque,Transitar entre vehiculos,Diagonal 31 E Transversal 34  Sur,La Magnolia,Urbana,"(6.172689669, -75.57882729)"
2181091,04/23/2018,1:15 p.m.,Lunes,Motocicleta,Particular,Motociclista,Masculino,No,Sin Registro,Solo Daños,Choque,No mantener distancia de seguridad,Diagonal 31 E Transversal 34  Sur,La Magnolia,Urbana,"(6.172689669, -75.57882729)"
2181091,04/23/2018,1:15 p.m.,Lunes,Automovil,Particular,Conductor,Masculino,No,Sin Registro,Solo Daños,Choque,Transitar entre vehiculos,Diagonal 31 E Transversal 34  Sur,La Magnolia,Urbana,"(6.172689669, -75.57882729)"
2181094,04/23/2018,1:20 p.m.,Lunes,Automovil,Particular,Conductor,Femenino,No,Sin Registro,Solo Daños,Choque,Transitar entre vehiculos,Diagonal 31 A Transversal 33 A Sur,La Magnolia,Urbana,"(6.170168647, -75.58005225)"
2181094,04/23/2018,1:20 p.m.,Lunes,Motocicleta,Particular,Motociclista,Masculino,No,Sin Registro,Solo Daños,Choque,Transitar entre vehiculos,Diagonal 31 A Transversal 33 A Sur,La Magnolia,Urbana,"(6.170168647, -75.58005225)"
2181078,04/23/2018,11:39 a.m.,Lunes,Motocicleta,Particular,Motociclista,Masculino,No,Sin Registro,Solo Daños,Choque,Desobedecer senales,Carrera 27 Calle 35  Sur,La Inmaculada,Urbana,
2181078,04/23/2018,11:39 a.m.,Lunes,Campero,Particular,Conductor,Masculino,No,Sin Registro,Solo Daños,Choque,Desobedecer senales,Carrera 27 Calle 35  Sur,La Inmaculada,Urbana,
2181082,04/23/2018,8:30 a.m.,Lunes,Campero,Particular,Conductor,Masculino,No,Sin Registro,Herido,Atropello,No respetar prelacion,Carrera 48 Calle 50  Sur,Las Casitas,Urbana,
2181082,04/23/2018,8:30 a.m.,Lunes,Campero,Particular,Conductor,Masculino,No,Sin Registro,Herido,Atropello,Exceso de velocidad,Carrera 48 Calle 50  Sur,Las Casitas,Urbana,
2181095,04/23/2018,1:30 p.m.,Lunes,Bus,Publico,Conductor,Masculino,No,Sin Registro,Solo Daños,Choque,Desobedecer senales,Carrera 42 Calle 33 B Sur,Zona Centro,Urbana,"(6.172431982, -75.58552861)"
2181095,04/23/2018,1:30 p.m.,Lunes,Automovil,Publico,Conductor,Masculino,No,Sin Registro,Solo Daños,Choque,Desobedecer senales,Carrera 42 Calle 33 B Sur,Zona Centro,Urbana,"(6.172431982, -75.58552861)"
2181077,04/23/2018,7:30 a.m.,Lunes,Motocicleta,Particular,Motociclista,Masculino,No,Sin Registro,Herido,Choque,No mantener distancia de seguridad,Carrera 43 A Calle 49 D Sur,Avenida El Poblado,Urbana,"(6.160795834, -75.60064798)"
2181077,04/23/2018,7:30 a.m.,Lunes,Automovil,Publico,Conductor,Masculino,No,Sin Registro,Herido,Choque,No mantener distancia de seguridad,Carrera 43 A Calle 49 D Sur,Avenida El Poblado,Urbana,"(6.160795834, -75.60064798)"
2181080,04/23/2018,6:35 a.m.,Lunes,Camioneta,Particular,Conductor,Masculino,No,Sin Registro,Solo Daños,Choque,No mantener distancia de seguridad,Carrera 43 A Calle 40  Sur,El Dorado,Urbana,"(6.168044687, -75.59026877)"
2181080,04/23/2018,6:35 a.m.,Lunes,Automovil,Particular,Conductor,Femenino,No,Sin Registro,Solo Daños,Choque,No mantener distancia de seguridad,Carrera 43 A Calle 40  Sur,El Dorado,Urbana,"(6.168044687, -75.59026877)"
2181097,04/23/2018,3:40 p.m.,Lunes,Automovil,Particular,Conductor,Masculino,No,Sin Registro,Solo Daños,Choque,No respetar prelacion,Calle 30  Sur Carrera 48,Las Vegas,Urbana,"(6.180376127, -75.59028805)"
2181097,04/23/2018,3:40 p.m.,Lunes,Automovil,Particular,Conductor,Masculino,No,Sin Registro,Solo Daños,Choque,No respetar prelacion,Calle 30  Sur Carrera 48,Las Vegas,Urbana,"(6.180376127, -75.59028805)"
2181089,04/23/2018,10:50 a.m.,Lunes,Automovil,Particular,Conductor,Femenino,No,Sin Registro,Solo Daños,Choque,Semaforo en rojo,Carrera 43 A Calle 27 A Sur,Avenida El Poblado,Urbana,"(6.178993539, -75.58360591)"
2181089,04/23/2018,10:50 a.m.,Lunes,Motocicleta,Particular,Motociclista,Femenino,No,Sin Registro,Solo Daños,Choque,Semaforo en rojo,Carrera 43 A Calle 27 A Sur,Avenida El Poblado,Urbana,"(6.178993539, -75.58360591)"
2181102,04/25/2018,4:39 p.m.,Miércoles,Automovil,Particular,Conductor,Masculino,No,Sin Registro,Solo Daños,Choque,Desobedecer senales,Calle 36 D Sur Carrera 27,Vereda El Escobero,Urbana,"(6.162479576, -75.57022257)"
2181099,04/24/2018,11:00 p.m.,Martes,Motocicleta,Particular,Motociclista,Masculino,No,Sin Registro,Solo Daños,Choque,Adelantar invadiendo carril del mismo sentido en zigzag,Carrera 43 A Calle 39  Sur,Avenida El Poblado,Urbana,"(6.169011071, -75.5894849)"
2181099,04/24/2018,11:00 p.m.,Martes,Automovil,Particular,Conductor,Masculino,No,Sin Registro,Solo Daños,Choque,Adelantar invadiendo carril del mismo sentido en zigzag,Carrera 43 A Calle 39  Sur,Avenida El Poblado,Urbana,"(6.169011071, -75.5894849)"
2181098,04/24/2018,3:20 p.m.,Martes,Motocicleta,Particular,Motociclista,Masculino,No,Sin Registro,Herido,Atropello,Cruzar sin observar,Calle 38  Sur Carrera 41,Zona Centro,Urbana,"(6.169244976, -75.58658807)"
2181098,04/24/2018,3:20 p.m.,Martes,Motocicleta,Particular,Motociclista,Masculino,No,Sin Registro,Herido,Atropello,Exceso de velocidad,Calle 38  Sur Carrera 41,Zona Centro,Urbana,"(6.169244976, -75.58658807)"
2181112,04/24/2018,8:20 p.m.,Martes,Campero,Particular,Conductor,Masculino,No,Sin Registro,Solo Daños,Choque,No mantener distancia de seguridad,Carrera 43 A Calle 45 B Sur,La Paz,Urbana,"(6.164786739, -75.59493527)"
2181112,04/24/2018,8:20 p.m.,Martes,Automovil,Particular,Conductor,Sin Registro,No,Sin Registro,Solo Daños,Choque,Exceso de velocidad,Carrera 43 A Calle 45 B Sur,La Paz,Urbana,"(6.164786739, -75.59493527)"
2181112,04/24/2018,8:20 p.m.,Martes,Automovil,Particular,Conductor,Sin Registro,No,Sin Registro,Solo Daños,Choque,No mantener distancia de seguridad,Carrera 43 A Calle 45 B Sur,La Paz,Urbana,"(6.164786739, -75.59493527)"
2181112,04/24/2018,8:20 p.m.,Martes,Automovil,Particular,Conductor,Masculino,No,Sin Registro,Solo Daños,Choque,Exceso de velocidad,Carrera 43 A Calle 45 B Sur,La Paz,Urbana,"(6.164786739, -75.59493527)"
2181101,04/24/2018,7:30 a.m.,Martes,Bus,Publico,Conductor,Masculino,No,Sin Registro,Herido,Atropello,Cruzar sin observar,Carrera 48 Calle 50  Sur,Las Casitas,Urbana,
2181112,04/24/2018,8:20 p.m.,Martes,Automovil,Particular,Conductor,Masculino,No,Sin Registro,Solo Daños,Choque,No mantener distancia de seguridad,Carrera 43 A Calle 45 B Sur,La Paz,Urbana,"(6.164786739, -75.59493527)"
2181112,04/24/2018,8:20 p.m.,Martes,Campero,Particular,Conductor,Masculino,No,Sin Registro,Solo Daños,Choque,Exceso de velocidad,Carrera 43 A Calle 45 B Sur,La Paz,Urbana,"(6.164786739, -75.59493527)"
2181115,04/25/2018,4:00 p.m.,Miércoles,Automovil,Particular,Conductor,Masculino,No,Sin Registro,Solo Daños,Choque,Impericia en el manejo,Diagonal 32 D Transversal 34 D Sur,Los Naranjos,Urbana,"(6.172908151, -75.58314442)"
2181115,04/25/2018,4:00 p.m.,Miércoles,Bus,Publico,Conductor,Masculino,No,Sin Registro,Solo Daños,Choque,Impericia en el manejo,Diagonal 32 D Transversal 34 D Sur,Los Naranjos,Urbana,"(6.172908151, -75.58314442)"
2181104,04/25/2018,6:20 a.m.,Miércoles,Automovil,Particular,Conductor,Femenino,No,Sin Registro,Solo Daños,Choque,Transitar entre vehiculos,Calle 36 D Sur Carrera 27,La Magnolia,Urbana,"(6.162479576, -75.57022257)"
2181104,04/25/2018,6:20 a.m.,Miércoles,Motocicleta,Particular,Motociclista,Masculino,No,Sin Registro,Solo Daños,Choque,Transitar entre vehiculos,Calle 36 D Sur Carrera 27,La Magnolia,Urbana,"(6.162479576, -75.57022257)"
2181114,04/25/2018,10:15 a.m.,Miércoles,Motocicleta,Particular,Motociclista,Masculino,No,Sin Registro,Solo Daños,Choque,No mantener distancia de seguridad,Carrera 48 Calle 36  Sur,Las Vegas,Urbana,"(6.173906662, -75.59187541)"
2181114,04/25/2018,10:15 a.m.,Miércoles,Automovil,Particular,Conductor,Masculino,No,Sin Registro,Solo Daños,Choque,No mantener distancia de seguridad,Carrera 48 Calle 36  Sur,Las Vegas,Urbana,"(6.173906662, -75.59187541)"
2181100,04/25/2018,10:28 a.m.,Miércoles,Camioneta,Publico,Conductor,Masculino,No,Sin Registro,Herido,Atropello,Poner en marcha un vehiculo sin precauci,Calle 36 D Sur Carrera 27 D,Vereda El Escobero,Urbana,"(6.164970853, -75.57463727)"
2181108,04/25/2018,8:15 p.m.,Miércoles,Motocicleta,Particular,Motociclista,Masculino,No,Sin Registro,Herido,Caida Ocupante,No respetar pelacion de interseccion o giros,Calle 39  Sur Carrera 47,Alcala,Urbana,"(6.171161348, -75.59304727)"
2181173,01/05/2018,8:02 a.m.,Martes,Motocicleta,Particular,Motociclista,Masculino,No,Sin Registro,Herido,Otro,Impericia en el manejo,Carrera 50 Calle 30  Sur,Las Vegas,Urbana,
2181108,04/25/2018,8:15 p.m.,Miércoles,Automovil,Particular,Conductor,Masculino,No,Sin Registro,Herido,Caida Ocupante,Impericia en el manejo,Calle 39  Sur Carrera 47,Alcala,Urbana,"(6.171161348, -75.59304727)"
2181108,04/25/2018,8:15 p.m.,Miércoles,Automovil,Particular,Conductor,Masculino,No,Sin Registro,Herido,Caida Ocupante,No respetar pelacion de interseccion o giros,Calle 39  Sur Carrera 47,Alcala,Urbana,"(6.171161348, -75.59304727)"
2181108,04/25/2018,8:15 p.m.,Miércoles,Motocicleta,Particular,Motociclista,Masculino,No,Sin Registro,Herido,Caida Ocupante,Impericia en el manejo,Calle 39  Sur Carrera 47,Alcala,Urbana,"(6.171161348, -75.59304727)"
2181103,04/25/2018,8:30 a.m.,Miércoles,Camioneta,Particular,Conductor,Masculino,No,Sin Registro,Solo Daños,Choque,No mantener distancia de seguridad,Carrera 43 B Calle 34  Sur,El Portal,Urbana,"(6.173191089, -75.58742023)"
2181103,04/25/2018,8:30 a.m.,Miércoles,Motocicleta,Particular,Motociclista,Masculino,No,Sin Registro,Solo Daños,Choque,No mantener distancia de seguridad,Carrera 43 B Calle 34  Sur,El Portal,Urbana,"(6.173191089, -75.58742023)"