RADICADO,FECHA,HORA,DÍA DE LA SEMANA,CLASE DE VEHICULO,TIPO DE SERVICIO,TIPO DE VICTIMA,SEXO,ESTADO DE BEODEZ,RESULTADO DE BEODEZ,GRAVEDAD,CLASE DE ACCIDENTE,CAUSA,DIRECCIÓN,BARRIO,AREA,Coordenadas
2181175,04/30/2018,3:15 p.m.,Lunes,Camioneta,Particular,Conductor,Masculino,No,Sin Registro,Solo Daños,Choque,No mantener distancia de seguridad,Calle 37  Sur Carrera 46 A,El Portal,Urbana,"(6.173105489, -75.59126093)"
2181175,04/30/2018,3:15 p.m.,Lunes,Camioneta,Particular,Conductor,Masculino,No,Sin Registro,Solo Daños,Choque,Impericia en el manejo,Calle 37  Sur Carrera 46 A,El Portal,Urbana,"(6.173105489, -75.59126093)"
2181175,04/30/2018,3:15 p.m.,Lunes,Automovil,Particular,Conductor,Masculino,No,Sin Registro,Solo Daños,Choque,No mantener distancia de seguridad,Calle 37  Sur Carrera 46 A,El Portal,Urbana,"(6.173105489, -75.59126093)"
2181144,04/30/2018,6:20 p.m.,Lunes,Campero,Particular,Conductor,Masculino,No,Sin Registro,Solo Daños,Choque,No mantener distancia de seguridad,Carrera 42 Calle 41 B Sur,El Dorado,Urbana,"(6.165452222, -75.59156991)"
2181144,04/30/2018,6:20 p.m.,Lunes,Automovil,Particular,Conductor,Femenino,No,Sin Registro,Solo Daños,Choque,No mantener distancia de seguridad,Carrera 42 Calle 41 B Sur,El Dorado,Urbana,"(6.165452222, -75.59156991)"
2181141,04/30/2018,4:20 p.m.,Lunes,Automovil,Particular,Conductor,Masculino,No,Sin Registro,Solo Daños,Choque,No respetar pelacion de interseccion o giros,Carrera 27 D Calle 34 DD Sur,La Inmaculada,Urbana,"(6.170304561, -75.57558236)"
2181141,04/30/2018,4:20 p.m.,Lunes,Automovil,Particular,Conductor,Femenino,No,Sin Registro,Solo Daños,Choque,No respetar pelacion de interseccion o giros,Carrera 27 D Calle 34 DD Sur,La Inmaculada,Urbana,"(6.170304561, -75.57558236)"
2181149,04/30/2018,8:10 p.m.,Lunes,Automovil,Particular,Conductor,Masculino,No,Sin Registro,Solo Daños,Choque,Impericia en el manejo,Carrera 50 Calle 38  Sur,Las Vegas,Urbana,
2181149,04/30/2018,8:10 p.m.,Lunes,Motocicleta,Particular,Motociclista,Masculino,No,Sin Registro,Solo Daños,Choque,Impericia en el manejo,Carrera 50 Calle 38  Sur,Las Vegas,Urbana,
2181149,04/30/2018,8:10 p.m.,Lunes,Automovil,Particular,Conductor,Masculino,No,Sin Registro,Solo Daños,Choque,Impericia en el manejo,Carrera 50 Calle 38  Sur,Las Vegas,Urbana,
2181161,04/30/2018,12:20 a.m.,Lunes,Motocicleta,Particular,Motociclista,Masculino,No,Sin Registro,Herido,Atropello,Pasar semaforo en rojo,Carrera 43 A Calle 48 C Sur,Primavera,Urbana,"(6.162218777, -75.59764446)"
2181180,04/30/2018,7:40 a.m.,Lunes,Automovil,Particular,Conductor,Femenino,No,Sin Registro,Solo Daños,Choque,No mantener distancia de seguridad,Carrera 48 Calle 50  Sur,Las Casitas,Urbana,
2181180,04/30/2018,7:40 a.m.,Lunes,Automovil,Particular,Conductor,Femenino,No,Sin Registro,Solo Daños,Choque,No mantener distancia de seguridad,Carrera 48 Calle 50  Sur,Las Casitas,Urbana,
2181150,04/30/2018,5:45 p.m.,Lunes,Automovil,Particular,Conductor,Masculino,No,Sin Registro,Herido,Choque,No respetar prelacion,Carrera 42 B Calle 45 B Sur,El Dorado,Urbana,"(6.163036146, -75.59370602)"
2181150,04/30/2018,5:45 p.m.,Lunes,Motocicleta,Particular,Motociclista,Masculino,No,Sin Registro,Herido,Choque,No respetar prelacion,Carrera 42 B Calle 45 B Sur,El Dorado,Urbana,"(6.163036146, -75.59370602)"
2181163,01/05/2018,4:00 p.m.,Martes,Campero,Particular,Conductor,Femenino,No,Sin Registro,Herido,Volcamiento,Impericia en el manejo,Tramo 373 Kilometro  14,Vereda Palmas,Rural,
2181178,01/05/2018,8:20 p.m.,Martes,Automovil,Particular,Conductor,Femenino,No,Sin Registro,Solo Daños,Choque,Adelantar cerrando,Calle 46 E Sur Carrera 42 B,La Paz,Urbana,"(6.162405159, -75.59434952)"
2181178,01/05/2018,8:20 p.m.,Martes,Campero,Particular,Conductor,Masculino,No,Sin Registro,Solo Daños,Choque,Adelantar cerrando,Calle 46 E Sur Carrera 42 B,La Paz,Urbana,"(6.162405159, -75.59434952)"
2181158,01/05/2018,3:30 p.m.,Martes,Automovil,Publico,Conductor,Masculino,No,Sin Registro,Solo Daños,Choque,Transitar entre vehiculos,Carrera 50 Calle 49  Sur,Las Vegas,Urbana,
2181158,01/05/2018,3:30 p.m.,Martes,Automovil,Publico,Conductor,Masculino,No,Sin Registro,Solo Daños,Choque,Transitar entre vehiculos,Carrera 50 Calle 49  Sur,Las Vegas,Urbana,
2181158,01/05/2018,3:30 p.m.,Martes,Motocicleta,Particular,Motociclista,Masculino,No,Sin Registro,Solo Daños,Choque,Transitar entre vehiculos,Carrera 50 Calle 49  Sur,Las Vegas,Urbana,
2181142,01/05/2018,12:10 a.m.,Martes,Automovil,Particular,Conductor,Masculino,No,Sin Registro,Solo Daños,Choque,Desobedecer senales,Carrera 48 Calle 30  Sur,Las Vegas,Urbana,"(6.179366643, -75.5880841)"
2181142,01/05/2018,12:10 a.m.,Martes,Campero,Particular,Conductor,Masculino,No,Sin Registro,Solo Daños,Choque,Desobedecer senales,Carrera 48 Calle 30  Sur,Las Vegas,Urbana,"(6.179366643, -75.5880841)"
2181179,01/05/2018,6:40 p.m.,Martes,Camioneta,Oficial,Conductor,Masculino,No,Sin Registro,Solo Daños,Choque,No mantener distancia de seguridad,Tramo 373 Kilometro  11,Vereda Palmas,Rural,
2181179,01/05/2018,6:40 p.m.,Martes,Automovil,Particular,Conductor,Masculino,No,Sin Registro,Solo Daños,Choque,No mantener distancia de seguridad,Tramo 373 Kilometro  11,Vereda Palmas,Rural,
2181169,01/05/2018,3:50 p.m.,Martes,Automovil,Particular,Conductor,Femenino,No,Sin Registro,Solo Daños,Choque,No mantener distancia de seguridad,Tramo 373 Kilometro  10,Vereda Palmas,Rural,
2181169,01/05/2018,3:50 p.m.,Martes,Campero,Particular,Conductor,Masculino,No,Sin Registro,Solo Daños,Choque,No mantener distancia de seguridad,Tramo 373 Kilometro  10,Vereda Palmas,Rural,
2181172,02/05/2018,10:00 p.m.,Miércoles,Automovil,Particular,Conductor,Masculino,No,Sin Registro,Solo Daños,Choque,Impericia en el manejo,Calle 40  Sur Carrera 24,El Vallano,Urbana,"(6.147263187, -75.57633575)"
2181164,02/05/2018,10:05 p.m.,Miércoles,Automovil,Particular,Conductor,Masculino,No,Sin Registro,Solo Daños,Choque,Reverso imprudente,Calle 40  Sur Carrera 45,Alcala,Urbana,"(6.168378422, -75.59154781)"
2181164,02/05/2018,10:05 p.m.,Miércoles,Motocicleta,Particular,Motociclista,Femenino,No,Sin Registro,Solo Daños,Choque,Reverso imprudente,Calle 40  Sur Carrera 45,Alcala,Urbana,"(6.168378422, -75.59154781)"
2181200,02/05/2018,12:05 a.m.,Miércoles,Motocicleta,Particular,Motociclista,Sin Registro,No,Sin Registro,Herido,Choque,No respetar prelacion,Calle 23  Sur Carrera 28,Zuñiga,Urbana,"(6.178187463, -75.57043311)"
2181200,02/05/2018,12:05 a.m.,Miércoles,Automovil,Particular,Conductor,Masculino,No,Sin Registro,Herido,Choque,No respetar prelacion,Calle 23  Sur Carrera 28,Zuñiga,Urbana,"(6.178187463, -75.57043311)"
2181184,02/05/2018,12:20 a.m.,Miércoles,Automovil,Particular,Conductor,Femenino,No,Sin Registro,Herido,Choque,No mantener distancia de seguridad,Carrera 50 Calle 46 A,Las Vegas,Urbana,
2181184,02/05/2018,12:20 a.m.,Miércoles,Tractocamion,Publico,Conductor,Masculino,No,Sin Registro,Herido,Choque,No mantener distancia de seguridad,Carrera 50 Calle 46 A,Las Vegas,Urbana,
2181190,02/05/2018,7:30 a.m.,Miércoles,Camioneta,Particular,Conductor,Femenino,No,Sin Registro,Solo Daños,Choque,Impericia en el manejo,Calle 36 D Sur Carrera 27 A,Vereda El Escobero,Urbana,"(6.164831751, -75.57423497)"
2181190,02/05/2018,7:30 a.m.,Miércoles,Automovil,Particular,Conductor,Masculino,No,Sin Registro,Solo Daños,Choque,Impericia en el manejo,Calle 36 D Sur Carrera 27 A,Vereda El Escobero,Urbana,"(6.164831751, -75.57423497)"
2181165,02/05/2018,6:35 a.m.,Miércoles,Motocicleta,Particular,Motociclista,Masculino,No,Sin Registro,Herido,Choque,Desobedecer senales,Transversal 34  Sur Diagonal 32 D,La Magnolia,Urbana,"(6.172948966, -75.58325117)"
2181165,02/05/2018,6:35 a.m.,Miércoles,Camioneta,Particular,Conductor,Masculino,No,Sin Registro,Herido,Choque,Desobedecer senales,Transversal 34  Sur Diagonal 32 D,La Magnolia,Urbana,"(6.172948966, -75.58325117)"
2181174,02/05/2018,5:35 p.m.,Miércoles,Automovil,Publico,Conductor,Masculino,No,Sin Registro,Solo Daños,Choque,No mantener distancia de seguridad,Calle 38  Sur Carrera 29 A,Mesa,Urbana,"(6.165022576, -75.58071311)"
2170074,01/15/2017,3:40 p.m.,Domingo,Motocicleta,Particular,Motociclista,Masculino,NO,Sin Registro,Herido,Choque,Otra,Tramo 372 Kilometro  7,Vereda Palmas,Rural,
2181174,02/05/2018,5:35 p.m.,Miércoles,Camioneta,Particular,Conductor,Masculino,No,Sin Registro,Solo Daños,Choque,No mantener distancia de seguridad,Calle 38  Sur Carrera 29 A,Mesa,Urbana,"(6.165022576, -75.58071311)"
2181168,02/05/2018,12:30 a.m.,Miércoles,Camioneta,Particular,Conductor,Masculino,No,Sin Registro,Solo Daños,Choque,No mantener distancia de seguridad,Carrera 50 Calle 46  Sur,Las Vegas,Urbana,"(6.16131219, -75.60319818)"
2181168,02/05/2018,12:30 a.m.,Miércoles,Automovil,Particular,Conductor,Masculino,No,Sin Registro,Solo Daños,Choque,No mantener distancia de seguridad,Carrera 50 Calle 46  Sur,Las Vegas,Urbana,"(6.16131219, -75.60319818)"
2181166,02/05/2018,4:35 p.m.,Miércoles,Automovil,Publico,Conductor,Masculino,No,Sin Registro,Solo Daños,Choque,Impericia en el manejo,Calle 36  Sur Carrera 40,Zona Centro,Urbana,"(6.170187625, -75.58505766)"
2181166,02/05/2018,4:35 p.m.,Miércoles,Automovil,Particular,Conductor,Femenino,No,Sin Registro,Solo Daños,Choque,Impericia en el manejo,Calle 36  Sur Carrera 40,Zona Centro,Urbana,"(6.170187625, -75.58505766)"
2181192,03/05/2018,3:00 p.m.,Jueves,Automovil,Publico,Conductor,Masculino,No,Sin Registro,Solo Daños,Choque,No mantener distancia de seguridad,Calle 38  Sur Carrera 43,Zona Centro,Urbana,"(6.170061667, -75.58783913)"
2181192,03/05/2018,3:00 p.m.,Jueves,Camioneta,Particular,Conductor,Femenino,No,Sin Registro,Solo Daños,Choque,No mantener distancia de seguridad,Calle 38  Sur Carrera 43,Zona Centro,Urbana,"(6.170061667, -75.58783913)"
2181193,03/05/2018,1:00 p.m.,Jueves,Camion,Publico,Conductor,Masculino,No,Sin Registro,Solo Daños,Choque,Reverso imprudente,Tramo 372 Kilometro  17,Vereda Palmas,Rural,
2181193,03/05/2018,1:00 p.m.,Jueves,Camion,Publico,Conductor,Masculino,No,Sin Registro,Solo Daños,Choque,Reverso imprudente,Tramo 372 Kilometro  17,Vereda Palmas,Rural,
2181213,03/05/2018,1:00 p.m.,Jueves,Automovil,Particular,Conductor,Femenino,No,Sin Registro,Solo Daños,Choque,Reverso imprudente,Calle 36 D Sur Carrera 27,Vereda El Escobero,Urbana,"(6.162479576, -75.57022257)"
2181213,03/05/2018,1:00 p.m.,Jueves,Campero,Particular,Conductor,Masculino,No,Sin Registro,Solo Daños,Choque,Reverso imprudente,Calle 36 D Sur Carrera 27,Vereda El Escobero,Urbana,"(6.162479576, -75.57022257)"
2181185,03/05/2018,5:40 a.m.,Jueves,Bus,Publico,Conductor,Masculino,No,Sin Registro,Herido,Choque,Adelantar por la derecha,Calle 38  Sur Carrera 38,Mesa,Urbana,"(6.16803936, -75.58469435)"
2181185,03/05/2018,5:40 a.m.,Jueves,Motocicleta,Particular,Motociclista,Masculino,No,Sin Registro,Herido,Choque,Adelantar por la derecha,Calle 38  Sur Carrera 38,Mesa,Urbana,"(6.16803936, -75.58469435)"
2181191,03/05/2018,11:40 a.m.,Jueves,Motocicleta,Oficial,Motociclista,Masculino,No,Sin Registro,Solo Daños,Choque,Impericia en el manejo,Diagonal 31 Transversal 36  Sur,La Sebastiana,Urbana,"(6.168204377, -75.58020514)"
2181191,03/05/2018,11:40 a.m.,Jueves,Campero,Particular,Conductor,Femenino,No,Sin Registro,Solo Daños,Choque,Impericia en el manejo,Diagonal 31 Transversal 36  Sur,La Sebastiana,Urbana,"(6.168204377, -75.58020514)"
2181208,03/05/2018,5:35 p.m.,Jueves,Camion,Publico,Conductor,Masculino,No,Sin Registro,Herido,Choque,Estacionar sin seguridad,Calle 36  Sur Carrera 27 B,El Chocho,Urbana,"(6.167598765, -75.57261582)"
2181208,03/05/2018,5:35 p.m.,Jueves,Bus,Publico,Conductor,Masculino,No,Sin Registro,Herido,Choque,Estacionar sin seguridad,Calle 36  Sur Carrera 27 B,El Chocho,Urbana,"(6.167598765, -75.57261582)"
2181208,03/05/2018,5:35 p.m.,Jueves,Bus,Publico,Conductor,Masculino,No,Sin Registro,Herido,Choque,Estacionar sin seguridad,Calle 36  Sur Carrera 27 B,El Chocho,Urbana,"(6.167598765, -75.57261582)"
2181208,03/05/2018,5:35 p.m.,Jueves,Automovil,Particular,Conductor,Femenino,No,Sin Registro,Herido,Choque,Estacionar sin seguridad,Calle 36  Sur Carrera 27 B,El Chocho,Urbana,"(6.167598765, -75.57261582)"
2181183,03/05/2018,6:40 a.m.,Jueves,Bus,Publico,Conductor,Masculino,No,Sin Registro,Solo Daños,Choque,Girar bruscamente,Calle 38  Sur Carrera 41,Zona Centro,Urbana,"(6.169244976, -75.58658807)"
2181183,03/05/2018,6:40 a.m.,Jueves,Bus,Publico,Conductor,Masculino,No,Sin Registro,Solo Daños,Choque,Girar bruscamente,Calle 38  Sur Carrera 41,Zona Centro,Urbana,"(6.169244976, -75.58658807)"
2181186,03/05/2018,2:50 p.m.,Jueves,Campero,Particular,Conductor,Masculino,No,Sin Registro,Herido,Choque,Semaforo en rojo,Calle 37  Sur Carrera 42,Zona Centro,Urbana,"(6.17029993, -75.58693548)"
2181182,03/05/2018,10:50 a.m.,Jueves,Motocicleta,Particular,Motociclista,Masculino,No,Sin Registro,Solo Daños,Choque,Adelantar por la derecha,Calle 2 B Sur Carrera 49,Las Vegas,Urbana,
2181182,03/05/2018,10:50 a.m.,Jueves,Camioneta,Particular,Conductor,Sin Registro,No,Sin Registro,Solo Daños,Choque,Adelantar por la derecha,Calle 2 B Sur Carrera 49,Las Vegas,Urbana,
2181186,03/05/2018,2:50 p.m.,Jueves,Motocicleta,Particular,Motociclista,Femenino,No,Sin Registro,Herido,Choque,Semaforo en rojo,Calle 37  Sur Carrera 42,Zona Centro,Urbana,"(6.17029993, -75.58693548)"
2181182,03/05/2018,10:50 a.m.,Jueves,Camioneta,Particular,Conductor,Femenino,No,Sin Registro,Solo Daños,Choque,Adelantar por la derecha,Calle 2 B Sur Carrera 49,Las Vegas,Urbana,
2181181,03/05/2018,9:55 p.m.,Jueves,Automovil,Particular,Conductor,Masculino,No,Sin Registro,Herido,Choque,No mantener distancia de seguridad,Carrera 50 Calle 43  Sur,Las Vegas,Urbana,
2181181,03/05/2018,9:55 p.m.,Jueves,Automovil,Particular,Conductor,Masculino,No,Sin Registro,Herido,Choque,No mantener distancia de seguridad,Carrera 50 Calle 43  Sur,Las Vegas,Urbana,
2181181,03/05/2018,9:55 p.m.,Jueves,Motocicleta,Particular,Motociclista,Masculino,No,Sin Registro,Herido,Choque,No mantener distancia de seguridad,Carrera 50 Calle 43  Sur,Las Vegas,Urbana,
2181189,03/05/2018,4:50 p.m.,Jueves,Automovil,Particular,Conductor,Masculino,No,Sin Registro,Solo Daños,Choque,Desobedecer senales,Carrera 48 Calle 30  Sur,Las Vegas,Urbana,"(6.179366643, -75.5880841)"
2181189,03/05/2018,4:50 p.m.,Jueves,Automovil,Particular,Conductor,Femenino,No,Sin Registro,Solo Daños,Choque,Desobedecer senales,Carrera 48 Calle 30  Sur,Las Vegas,Urbana,"(6.179366643, -75.5880841)"
2181233,04/05/2018,6:00 p.m.,Viernes,Automovil,Particular,Conductor,Femenino,No,Sin Registro,Solo Daños,Choque,Reverso imprudente,Carrera 43 Calle 32 A Sur,San Marcos,Urbana,"(6.174730521, -75.58521526)"
2181233,04/05/2018,6:00 p.m.,Viernes,Automovil,Particular,Conductor,Masculino,No,Sin Registro,Solo Daños,Choque,Reverso imprudente,Carrera 43 Calle 32 A Sur,San Marcos,Urbana,"(6.174730521, -75.58521526)"
2181210,04/05/2018,9:00 a.m.,Viernes,Automovil,Particular,Conductor,Masculino,No,Sin Registro,Herido,Choque,No mantener distancia de seguridad,Calle 37  Sur Carrera 50,Las Vegas,Urbana,
2181210,04/05/2018,9:00 a.m.,Viernes,Motocicleta,Particular,Motociclista,Masculino,No,Sin Registro,Herido,Choque,No mantener distancia de seguridad,Calle 37  Sur Carrera 50,Las Vegas,Urbana,
2181211,04/05/2018,12:15 a.m.,Viernes,Automovil,Particular,Conductor,Femenino,No,Sin Registro,Solo Daños,Choque,No mantener distancia de seguridad,Carrera 48 Calle 50  Sur,Las Casitas,Urbana,
2181211,04/05/2018,12:15 a.m.,Viernes,Motocarro,Particular,Motociclista,Masculino,No,Sin Registro,Solo Daños,Choque,No mantener distancia de seguridad,Carrera 48 Calle 50  Sur,Las Casitas,Urbana,
2181194,04/05/2018,3:15 p.m.,Viernes,Buseta,Publico,Conductor,Masculino,No,Sin Registro,Solo Daños,Choque,No mantener distancia de seguridad,Carrera 42 Calle 48 E Sur,Loma Del Barro,Urbana,
2181194,04/05/2018,3:15 p.m.,Viernes,Automovil,Particular,Conductor,Masculino,No,Sin Registro,Solo Daños,Choque,No mantener distancia de seguridad,Carrera 42 Calle 48 E Sur,Loma Del Barro,Urbana,
2181217,04/05/2018,12:20 a.m.,Viernes,Automovil,Particular,Conductor,Masculino,No,Sin Registro,Solo Daños,Choque,No mantener distancia de seguridad,Calle 31 A Sur Carrera 43 A,San Marcos,Urbana,"(6.17641909, -75.58556133)"
2181217,04/05/2018,12:20 a.m.,Viernes,Motocicleta,Particular,Motociclista,Masculino,No,Sin Registro,Solo Daños,Choque,No mantener distancia de seguridad,Calle 31 A Sur Carrera 43 A,San Marcos,Urbana,"(6.17641909, -75.58556133)"
2181234,04/05/2018,1:20 p.m.,Viernes,Automovil,Particular,Conductor,Femenino,No,Sin Registro,Solo Daños,Choque,Reverso imprudente,Calle 38  Sur Carrera 37,Mesa,Urbana,"(6.167718264, -75.5841855)"
2181234,04/05/2018,1:20 p.m.,Viernes,Camion,Oficial,Conductor,Masculino,No,Sin Registro,Solo Daños,Choque,Reverso imprudente,Calle 38  Sur Carrera 37,Mesa,Urbana,"(6.167718264, -75.5841855)"
2181187,04/05/2018,10:15 p.m.,Viernes,Motocicleta,Particular,Motociclista,Masculino,No,Sin Registro,Herido,Choque,Adelantar en zona prohibida,Transversal 34 D Sur Diagonal 31,La Sebastiana,Urbana,"(6.172106631, -75.57927512)"
2181187,04/05/2018,10:15 p.m.,Viernes,Campero,Particular,Conductor,Masculino,No,Sin Registro,Herido,Choque,Adelantar en zona prohibida,Transversal 34 D Sur Diagonal 31,La Sebastiana,Urbana,"(6.172106631, -75.57927512)"
2181198,04/05/2018,11:40 a.m.,Viernes,Camioneta,Publico,Conductor,Masculino,No,Sin Registro,Solo Daños,Choque,No mantener distancia de seguridad,Calle 36 D Sur Carrera 27 A,Vereda El Escobero,Urbana,"(6.164831751, -75.57423497)"
2181198,04/05/2018,11:40 a.m.,Viernes,Camioneta,Particular,Conductor,Masculino,No,Sin Registro,Solo Daños,Choque,No mantener distancia de seguridad,Calle 36 D Sur Carrera 27 A,Vereda El Escobero,Urbana,"(6.164831751, -75.57423497)"
2181209,04/05/2018,2:40 p.m.,Viernes,Motocicleta,Particular,Motociclista,Masculino,No,Sin Registro,Herido,Caida Ocupante,No mantener distancia de seguridad,Carrera 43 A Calle 29  Sur,Avenida El Poblado,Urbana,"(6.177803112, -75.5845555)"
2181188,04/05/2018,10:30 p.m.,Viernes,Automovil,Particular,Conductor,Masculino,No,Sin Registro,Solo Daños,Choque,Impericia en el manejo,Diagonal 31 Transversal 32 A Sur,La Magnolia,Urbana,"(6.174681134, -75.57847104)"
2181207,04/05/2018,6:40 p.m.,Viernes,Motocicleta,Particular,Motociclista,Masculino,No,Sin Registro,Herido,Choque,Desobedecer senales,Calle 39  Sur Carrera 45,Alcala,Urbana,"(6.169637616, -75.59102301)"
2181207,04/05/2018,6:40 p.m.,Viernes,Campero,Particular,Conductor,Masculino,No,Sin Registro,Herido,Choque,Desobedecer senales,Calle 39  Sur Carrera 45,Alcala,Urbana,"(6.169637616, -75.59102301)"
2181195,04/05/2018,12:40 a.m.,Viernes,Camioneta,Publico,Conductor,Masculino,No,Sin Registro,Solo Daños,Choque,Reverso imprudente,Calle 25 A Sur Carrera 48,Las Vegas,Urbana,"(6.185202689, -75.58358718)"
2181195,04/05/2018,12:40 a.m.,Viernes,Camioneta,Particular,Conductor,Femenino,No,Sin Registro,Solo Daños,Choque,Reverso imprudente,Calle 25 A Sur Carrera 48,Las Vegas,Urbana,"(6.185202689, -75.58358718)"
2181197,04/05/2018,5:50 a.m.,Viernes,Buseta,Publico,Conductor,Masculino,No,Sin Registro,Solo Daños,Choque,Adelantar cerrando,Carrera 43 A Calle 39  Sur,Alcala,Urbana,"(6.169011071, -75.5894849)"
2181197,04/05/2018,5:50 a.m.,Viernes,Automovil,Particular,Conductor,Femenino,No,Sin Registro,Solo Daños,Choque,Adelantar cerrando,Carrera 43 A Calle 39  Sur,Alcala,Urbana,"(6.169011071, -75.5894849)"
2181199,04/05/2018,12:50 a.m.,Viernes,Bus,Publico,Conductor,Masculino,No,Sin Registro,Solo Daños,Choque,Desobedecer senales,Calle 39  Sur Carrera 32,Mesa,Urbana,"(6.164669196, -75.58245865)"
2181199,04/05/2018,12:50 a.m.,Viernes,Automovil,Particular,Conductor,Masculino,No,Sin Registro,Solo Daños,Choque,Desobedecer senales,Calle 39  Sur Carrera 32,Mesa,Urbana,"(6.164669196, -75.58245865)"
2181202,05/05/2018,10:00 p.m.,Sábado,Automovil,Particular,Conductor,Femenino,No,Sin Registro,Herido,Choque,Adelantar cerrando,Tramo 372 Kilometro  6,Vereda Palmas,Rural,
2181202,05/05/2018,10:00 p.m.,Sábado,Motocicleta,Particular,Motociclista,Masculino,No,Sin Registro,Herido,Choque,Adelantar cerrando,Tramo 372 Kilometro  6,Vereda Palmas,Rural,
2181231,05/05/2018,5:00 p.m.,Sábado,Campero,Particular,Conductor,Masculino,No,Sin Registro,Solo Daños,Choque,No mantener distancia de seguridad,Calle 36 D Sur Carrera 28,La Magnolia,Urbana,"(6.162479576, -75.57022257)"
2181231,05/05/2018,5:00 p.m.,Sábado,Automovil,Particular,Conductor,Femenino,No,Sin Registro,Solo Daños,Choque,No mantener distancia de seguridad,Calle 36 D Sur Carrera 28,La Magnolia,Urbana,"(6.162479576, -75.57022257)"
2181220,05/05/2018,2:00 p.m.,Sábado,Camioneta,Particular,Conductor,Masculino,No,Sin Registro,Solo Daños,Choque,Impericia en el manejo,Transversal 34 B Sur Diagonal 32 D,Obrero,Urbana,"(6.172086948, -75.58291052)"
2181540,07/06/2018,6:25 a.m.,Jueves,Motocicleta,Sin Registro,Motociclista,Femenino,No,Sin Registro,Herido,Choque,Impericia en el manejo,Tramo 373 Kilometro  13,Vereda Palmas,Rural,
2181201,05/05/2018,3:05 p.m.,Sábado,Automovil,Particular,Conductor,Masculino,No,Sin Registro,Solo Daños,Choque,No mantener distancia de seguridad,Carrera 50 Calle 46  Sur,Las Vegas,Urbana,"(6.16131219, -75.60319818)"
2181201,05/05/2018,3:05 p.m.,Sábado,Motocicleta,Particular,Motociclista,Masculino,No,Sin Registro,Solo Daños,Choque,No mantener distancia de seguridad,Carrera 50 Calle 46  Sur,Las Vegas,Urbana,"(6.16131219, -75.60319818)"
2181220,05/05/2018,2:00 p.m.,Sábado,Automovil,Particular,Conductor,Masculino,No,Sin Registro,Solo Daños,Choque,Impericia en el manejo,Transversal 34 B Sur Diagonal 32 D,Obrero,Urbana,"(6.172086948, -75.58291052)"
2181204,05/05/2018,2:30 p.m.,Sábado,Motocicleta,Particular,Motociclista,Masculino,No,Sin Registro,Solo Daños,Choque,No mantener distancia de seguridad,Carrera 50 Calle 25 A Sur,Las Vegas,Urbana,"(6.186515998, -75.58512541)"
2181204,05/05/2018,2:30 p.m.,Sábado,Automovil,Particular,Conductor,Masculino,No,Sin Registro,Solo Daños,Choque,No mantener distancia de seguridad,Carrera 50 Calle 25 A Sur,Las Vegas,Urbana,"(6.186515998, -75.58512541)"
2181196,05/05/2018,12:30 a.m.,Sábado,Automovil,Particular,Conductor,Masculino,No,Sin Registro,Solo Daños,Choque,No mantener distancia de seguridad,Calle 53 B Sur Carrera 40 AA,La Inmaculada,Urbana,"(6.155564985, -75.60264878)"
2181196,05/05/2018,12:30 a.m.,Sábado,Motocicleta,Particular,Motociclista,Masculino,No,Sin Registro,Solo Daños,Choque,No mantener distancia de seguridad,Calle 53 B Sur Carrera 40 AA,La Inmaculada,Urbana,"(6.155564985, -75.60264878)"
2181516,05/05/2018,9:50 a.m.,Sábado,Automovil,Particular,Conductor,Masculino,No,Sin Registro,Solo Daños,Choque,Poner en marcha un vehiculo sin precauci,Carrera 42 B Calle 26 A Sur,Las Orquideas,Urbana,"(6.177282566, -75.57983816)"
2181203,05/05/2018,6:50 p.m.,Sábado,Camioneta,Particular,Conductor,Masculino,No,Sin Registro,Solo Daños,Choque,Reverso imprudente,Transversal 34 B Sur Diagonal 39,Obrero,Urbana,"(6.17156559, -75.58423932)"
2181203,05/05/2018,6:50 p.m.,Sábado,Camioneta,Particular,Conductor,Sin Registro,No,Sin Registro,Solo Daños,Choque,Reverso imprudente,Transversal 34 B Sur Diagonal 39,Obrero,Urbana,"(6.17156559, -75.58423932)"
2181516,05/05/2018,9:50 a.m.,Sábado,Camioneta,Publico,Conductor,Masculino,No,Sin Registro,Solo Daños,Choque,Poner en marcha un vehiculo sin precauci,Carrera 42 B Calle 26 A Sur,Las Orquideas,Urbana,"(6.177282566, -75.57983816)"
2181225,06/05/2018,3:00 p.m.,Domingo,Motocicleta,Particular,Motociclista,Masculino,Si,1,Solo Daños,Choque,No mantener distancia de seguridad,Carrera 43 A Calle 50  Sur,Las Casitas,Urbana,"(6.160125495, -75.60207899)"
2181225,06/05/2018,3:00 p.m.,Domingo,Automovil,Publico,Conductor,Masculino,No,Sin Registro,Solo Daños,Choque,No mantener distancia de seguridad,Carrera 43 A Calle 50  Sur,Las Casitas,Urbana,"(6.160125495, -75.60207899)"
2181205,06/05/2018,1:00 p.m.,Domingo,Motocicleta,Particular,Motociclista,Masculino,No,Sin Registro,Herido,Choque,Semaforo en rojo,Carrera 48 Calle 30  Sur,Las Vegas,Urbana,"(6.179366643, -75.5880841)"