RADICADO,FECHA,HORA,DÍA DE LA SEMANA,CLASE DE VEHICULO,TIPO DE SERVICIO,TIPO DE VICTIMA,SEXO,ESTADO DE BEODEZ,RESULTADO DE BEODEZ,GRAVEDAD,CLASE DE ACCIDENTE,CAUSA,DIRECCIÓN,BARRIO,AREA,Coordenadas
2181205,06/05/2018,1:00 p.m.,Domingo,Camioneta,Particular,Conductor,Masculino,No,Sin Registro,Herido,Choque,Semaforo en rojo,Carrera 48 Calle 30  Sur,Las Vegas,Urbana,"(6.179366643, -75.5880841)"
2181206,06/05/2018,7:20 p.m.,Domingo,Camioneta,Particular,Conductor,Femenino,No,Sin Registro,Solo Daños,Choque,No mantener distancia de seguridad,Calle 37  Sur Carrera 50,Las Vegas,Urbana,
2181206,06/05/2018,7:20 p.m.,Domingo,Motocicleta,Particular,Motociclista,Masculino,No,Sin Registro,Solo Daños,Choque,No mantener distancia de seguridad,Calle 37  Sur Carrera 50,Las Vegas,Urbana,
2181224,06/05/2018,4:30 p.m.,Domingo,Automovil,Particular,Conductor,Femenino,No,Sin Registro,Solo Daños,Choque,Impericia en el manejo,Calle 48  Sur Carrera 40,El Trianon,Urbana,"(6.158853504, -75.59456088)"
2181224,06/05/2018,4:30 p.m.,Domingo,Campero,Particular,Conductor,Masculino,No,Sin Registro,Solo Daños,Choque,Impericia en el manejo,Calle 48  Sur Carrera 40,El Trianon,Urbana,"(6.158853504, -75.59456088)"
2181215,06/05/2018,2:40 p.m.,Domingo,Automovil,Particular,Conductor,Masculino,No,Sin Registro,Herido,Choque,No respetar prelacion,Tramo 372 Kilometro  7,Vereda Pantanillo,Rural,
2181215,06/05/2018,2:40 p.m.,Domingo,Motocicleta,Particular,Motociclista,Masculino,No,Sin Registro,Herido,Choque,No respetar prelacion,Tramo 372 Kilometro  7,Vereda Pantanillo,Rural,
2181212,07/05/2018,8:00 a.m.,Lunes,Motocicleta,Particular,Motociclista,Masculino,No,Sin Registro,Herido,Choque,No mantener distancia de seguridad,Carrera 50 Calle 46 A Sur,Las Vegas,Urbana,"(6.16131219, -75.60319818)"
2181212,07/05/2018,8:00 a.m.,Lunes,Camion,Publico,Conductor,Masculino,No,Sin Registro,Herido,Choque,No mantener distancia de seguridad,Carrera 50 Calle 46 A Sur,Las Vegas,Urbana,"(6.16131219, -75.60319818)"
2181223,07/05/2018,8:00 a.m.,Lunes,Camioneta,Particular,Conductor,Masculino,No,Sin Registro,Solo Daños,Choque,Reverso imprudente,Diagonal 29 Transversal 34 DD Sur,La Magnolia,Urbana,"(6.171592718, -75.57742835)"
2181223,07/05/2018,8:00 a.m.,Lunes,Automovil,Particular,Conductor,Masculino,No,Sin Registro,Solo Daños,Choque,Reverso imprudente,Diagonal 29 Transversal 34 DD Sur,La Magnolia,Urbana,"(6.171592718, -75.57742835)"
2181228,07/05/2018,1:00 p.m.,Lunes,Motocicleta,Particular,Motociclista,Masculino,No,Sin Registro,Herido,Choque,Adelantar en zona prohibida,Calle 39 B Sur Carrera 32,Mesa,Urbana,"(6.163909636, -75.5829262)"
2181228,07/05/2018,1:00 p.m.,Lunes,Camioneta,Particular,Conductor,Femenino,No,Sin Registro,Herido,Choque,Adelantar en zona prohibida,Calle 39 B Sur Carrera 32,Mesa,Urbana,"(6.163909636, -75.5829262)"
2181216,07/05/2018,12:10 a.m.,Lunes,Camioneta,Particular,Conductor,Masculino,No,Sin Registro,Solo Daños,Choque,Impericia en el manejo,Tramo 371 Kilometro  2,Vereda El Escobero,Rural,
2181219,07/05/2018,3:10 p.m.,Lunes,Camioneta,Particular,Conductor,Masculino,No,Sin Registro,Solo Daños,Choque,No mantener distancia de seguridad,Carrera 48 Calle 25 B Sur,Las Vegas,Urbana,"(6.182713275, -75.58578089)"
2181219,07/05/2018,3:10 p.m.,Lunes,Automovil,Particular,Conductor,Masculino,No,Sin Registro,Solo Daños,Choque,No mantener distancia de seguridad,Carrera 48 Calle 25 B Sur,Las Vegas,Urbana,"(6.182713275, -75.58578089)"
2181219,07/05/2018,3:10 p.m.,Lunes,Automovil,Particular,Conductor,Masculino,No,Sin Registro,Solo Daños,Choque,No mantener distancia de seguridad,Carrera 48 Calle 25 B Sur,Las Vegas,Urbana,"(6.182713275, -75.58578089)"
2181216,07/05/2018,12:10 a.m.,Lunes,Automovil,Particular,Conductor,Masculino,No,Sin Registro,Solo Daños,Choque,Impericia en el manejo,Tramo 371 Kilometro  2,Vereda El Escobero,Rural,
2181216,07/05/2018,12:10 a.m.,Lunes,Camioneta,Particular,Conductor,Masculino,No,Sin Registro,Solo Daños,Choque,Impericia en el manejo,Tramo 371 Kilometro  2,Vereda El Escobero,Rural,
2181222,07/05/2018,10:10 a.m.,Lunes,Camioneta,Particular,Conductor,Masculino,No,Sin Registro,Solo Daños,Choque,Impericia en el manejo,Calle 37  Sur Carrera 46  Sur,Alcala,Urbana,"(6.172613713, -75.59090911)"
2181222,07/05/2018,10:10 a.m.,Lunes,Camion,Publico,Conductor,Masculino,No,Sin Registro,Solo Daños,Choque,Impericia en el manejo,Calle 37  Sur Carrera 46  Sur,Alcala,Urbana,"(6.172613713, -75.59090911)"
2181241,07/05/2018,6:20 p.m.,Lunes,Automovil,Particular,Conductor,Masculino,No,Sin Registro,Herido,Atropello,Cruzar sin observar,Carrera 39 A Calle 40 B Sur,El Dorado,Urbana,"(6.164835121, -75.58774424)"
2181241,07/05/2018,6:20 p.m.,Lunes,Automovil,Particular,Conductor,Masculino,No,Sin Registro,Herido,Atropello,Impericia en el manejo,Carrera 39 A Calle 40 B Sur,El Dorado,Urbana,"(6.164835121, -75.58774424)"
2181232,07/05/2018,7:20 a.m.,Lunes,Automovil,Particular,Conductor,Masculino,No,Sin Registro,Solo Daños,Choque,Impericia en el manejo,Calle 36 D Sur Carrera 27 A,Vereda El Escobero,Urbana,"(6.164831751, -75.57423497)"
2181232,07/05/2018,7:20 a.m.,Lunes,Camioneta,Particular,Conductor,Femenino,No,Sin Registro,Solo Daños,Choque,Impericia en el manejo,Calle 36 D Sur Carrera 27 A,Vereda El Escobero,Urbana,"(6.164831751, -75.57423497)"
2181226,07/05/2018,6:30 a.m.,Lunes,Automovil,Particular,Conductor,Masculino,No,Sin Registro,Solo Daños,Choque,No respetar prelacion,Carrera 50 Calle 37  Sur,Las Vegas,Urbana,
2181226,07/05/2018,6:30 a.m.,Lunes,Tractocamion,Publico,Conductor,Masculino,No,Sin Registro,Solo Daños,Choque,No respetar prelacion,Carrera 50 Calle 37  Sur,Las Vegas,Urbana,
2181229,07/05/2018,1:30 p.m.,Lunes,Motocicleta,Particular,Motociclista,Masculino,No,Sin Registro,Solo Daños,Choque,Adelantar por la derecha,Calle 38  Sur Carrera 38,Zona Centro,Urbana,"(6.16803936, -75.58469435)"
2181229,07/05/2018,1:30 p.m.,Lunes,Automovil,Particular,Conductor,Femenino,No,Sin Registro,Solo Daños,Choque,Adelantar por la derecha,Calle 38  Sur Carrera 38,Zona Centro,Urbana,"(6.16803936, -75.58469435)"
2181214,07/05/2018,3:34 p.m.,Lunes,Automovil,Particular,Conductor,Masculino,No,Sin Registro,Solo Daños,Choque,Adelantar invadiendo carril del mismo sentido en zigzag,Carrera 50 Calle 43  Sur,Las Vegas,Urbana,
2181214,07/05/2018,3:34 p.m.,Lunes,Camion,Particular,Conductor,Sin Registro,No,Sin Registro,Solo Daños,Choque,Adelantar invadiendo carril del mismo sentido en zigzag,Carrera 50 Calle 43  Sur,Las Vegas,Urbana,
2181214,07/05/2018,3:34 p.m.,Lunes,Motocicleta,Particular,Motociclista,Masculino,No,Sin Registro,Solo Daños,Choque,Adelantar invadiendo carril del mismo sentido en zigzag,Carrera 50 Calle 43  Sur,Las Vegas,Urbana,
2181218,07/05/2018,1:40 p.m.,Lunes,Automovil,Particular,Conductor,Masculino,No,Sin Registro,Solo Daños,Choque,Desobedecer senales,Carrera 41 Calle 40  Sur,El Dorado,Urbana,"(6.166920833, -75.58799502)"
2181218,07/05/2018,1:40 p.m.,Lunes,Automovil,Publico,Conductor,Masculino,No,Sin Registro,Solo Daños,Choque,Desobedecer senales,Carrera 41 Calle 40  Sur,El Dorado,Urbana,"(6.166920833, -75.58799502)"
2181227,07/05/2018,8:45 p.m.,Lunes,Camioneta,Particular,Conductor,Masculino,No,Sin Registro,Solo Daños,Choque,No mantener distancia de seguridad,Carrera 27 Calle 27  Sur,La Inmaculada,Urbana,"(6.172298689, -75.56780953)"
2181221,07/05/2018,9:40 a.m.,Lunes,Automovil,Particular,Conductor,Masculino,No,Sin Registro,Solo Daños,Choque,No mantener distancia de seguridad,Calle 50  Sur Carrera 43 A,Las Casitas,Urbana,
2181221,07/05/2018,9:40 a.m.,Lunes,Automovil,Particular,Conductor,Masculino,No,Sin Registro,Solo Daños,Choque,No mantener distancia de seguridad,Calle 50  Sur Carrera 43 A,Las Casitas,Urbana,
2181227,07/05/2018,8:45 p.m.,Lunes,Automovil,Particular,Conductor,Femenino,No,Sin Registro,Solo Daños,Choque,Frenar bruscamente,Carrera 27 Calle 27  Sur,La Inmaculada,Urbana,"(6.172298689, -75.56780953)"
2181227,07/05/2018,8:45 p.m.,Lunes,Automovil,Particular,Conductor,Femenino,No,Sin Registro,Solo Daños,Choque,No mantener distancia de seguridad,Carrera 27 Calle 27  Sur,La Inmaculada,Urbana,"(6.172298689, -75.56780953)"
2181227,07/05/2018,8:45 p.m.,Lunes,Camioneta,Particular,Conductor,Masculino,No,Sin Registro,Solo Daños,Choque,Frenar bruscamente,Carrera 27 Calle 27  Sur,La Inmaculada,Urbana,"(6.172298689, -75.56780953)"
2181245,08/05/2018,4:00 p.m.,Martes,Automovil,Particular,Conductor,Femenino,No,Sin Registro,Solo Daños,Choque,Adelantar invadiendo carril del mismo sentido en zigzag,Carrera 48 Calle 19  Sur,Las Vegas,Urbana,"(6.187349001, -75.58153568)"
2181245,08/05/2018,4:00 p.m.,Martes,Motocicleta,Particular,Motociclista,Masculino,No,Sin Registro,Solo Daños,Choque,Adelantar invadiendo carril del mismo sentido en zigzag,Carrera 48 Calle 19  Sur,Las Vegas,Urbana,"(6.187349001, -75.58153568)"
2181247,08/05/2018,11:00 a.m.,Martes,Motocicleta,Particular,Motociclista,Masculino,No,Sin Registro,Herido,Atropello,Cruzar sin observar,Calle 38  Sur Carrera 43,Zona Centro,Urbana,"(6.170061667, -75.58783913)"
2181245,08/05/2018,4:00 p.m.,Martes,Motocicleta,Particular,Motociclista,Masculino,No,Sin Registro,Solo Daños,Choque,Adelantar invadiendo carril del mismo sentido en zigzag,Carrera 48 Calle 19  Sur,Las Vegas,Urbana,"(6.187349001, -75.58153568)"
2181251,08/05/2018,8:05 a.m.,Martes,Bus,Publico,Conductor,Masculino,No,Sin Registro,Herido,Choque,No mantener distancia de seguridad,Diagonal 31 Transversal 32 B Sur,La Magnolia,Urbana,"(6.174681134, -75.57847104)"
2181251,08/05/2018,8:05 a.m.,Martes,Motocicleta,Particular,Motociclista,Femenino,No,Sin Registro,Herido,Choque,No mantener distancia de seguridad,Diagonal 31 Transversal 32 B Sur,La Magnolia,Urbana,"(6.174681134, -75.57847104)"
2181240,08/05/2018,6:15 a.m.,Martes,Automovil,Particular,Conductor,Masculino,No,Sin Registro,Solo Daños,Choque,No mantener distancia de seguridad,Carrera 42 B Calle 46 A Sur,La Paz,Urbana,"(6.162028226, -75.59449555)"
2181240,08/05/2018,6:15 a.m.,Martes,Automovil,Particular,Conductor,Femenino,No,Sin Registro,Solo Daños,Choque,No mantener distancia de seguridad,Carrera 42 B Calle 46 A Sur,La Paz,Urbana,"(6.162028226, -75.59449555)"
2181230,08/05/2018,4:10 p.m.,Martes,Campero,Particular,Conductor,Masculino,No,Sin Registro,Solo Daños,Choque,Impericia en el manejo,Calle 26  Sur Carrera 48,Las Vegas,Urbana,"(6.183423583, -75.58542895)"
2181230,08/05/2018,4:10 p.m.,Martes,Camion,Particular,Conductor,Sin Registro,No,Sin Registro,Solo Daños,Choque,Impericia en el manejo,Calle 26  Sur Carrera 48,Las Vegas,Urbana,"(6.183423583, -75.58542895)"
2181237,08/05/2018,11:20 p.m.,Martes,Camioneta,Particular,Conductor,Masculino,No,Sin Registro,Solo Daños,Volcamiento,Impericia en el manejo,Tramo 371 Kilometro  3,Vereda El Escobero,Rural,
2181236,08/05/2018,4:30 p.m.,Martes,Bus,Publico,Conductor,Masculino,No,Sin Registro,Solo Daños,Choque,No mantener distancia de seguridad,Carrera 43 A Calle 23  Sur,Zuñiga,Urbana,"(6.182555831, -75.58017793)"
2181236,08/05/2018,4:30 p.m.,Martes,Automovil,Particular,Conductor,Masculino,No,Sin Registro,Solo Daños,Choque,No mantener distancia de seguridad,Carrera 43 A Calle 23  Sur,Zuñiga,Urbana,"(6.182555831, -75.58017793)"
2181238,08/05/2018,5:30 p.m.,Martes,Motocicleta,Particular,Motociclista,Masculino,No,Sin Registro,Solo Daños,Choque,Desobedecer senales,Carrera 43 A Transversal 27 A Sur,Ponte Vedra,Urbana,"(6.178993539, -75.58360591)"
2181238,08/05/2018,5:30 p.m.,Martes,Motocicleta,Particular,Motociclista,Masculino,No,Sin Registro,Solo Daños,Choque,No mantener distancia de seguridad,Carrera 43 A Transversal 27 A Sur,Ponte Vedra,Urbana,"(6.178993539, -75.58360591)"
2181238,08/05/2018,5:30 p.m.,Martes,Motocicleta,Particular,Motociclista,Masculino,No,Sin Registro,Solo Daños,Choque,Desobedecer senales,Carrera 43 A Transversal 27 A Sur,Ponte Vedra,Urbana,"(6.178993539, -75.58360591)"
2181238,08/05/2018,5:30 p.m.,Martes,Motocicleta,Particular,Motociclista,Masculino,No,Sin Registro,Solo Daños,Choque,No mantener distancia de seguridad,Carrera 43 A Transversal 27 A Sur,Ponte Vedra,Urbana,"(6.178993539, -75.58360591)"
2181253,08/05/2018,11:40 a.m.,Martes,Camioneta,Particular,Conductor,Femenino,No,Sin Registro,Herido,Choque,Desobedecer senales,Carrera 27 Calle 36 A Sur,La Inmaculada,Urbana,"(6.164865303, -75.56975908)"
2181253,08/05/2018,11:40 a.m.,Martes,Motocicleta,Particular,Motociclista,Masculino,No,Sin Registro,Herido,Choque,Desobedecer senales,Carrera 27 Calle 36 A Sur,La Inmaculada,Urbana,"(6.164865303, -75.56975908)"
2181249,08/05/2018,2:40 p.m.,Martes,Campero,Particular,Conductor,Masculino,No,Sin Registro,Solo Daños,Choque,Girar bruscamente,Carrera 27 Calle 23  Sur,Zuñiga,Urbana,"(6.176588834, -75.56744599)"
2181257,09/05/2018,7:30 a.m.,Miércoles,Camioneta,Particular,Conductor,Masculino,No,Sin Registro,Solo Daños,Choque,Reverso imprudente,Tramo 373 Kilometro  5,Vereda Palmas,Rural,
2181249,08/05/2018,2:40 p.m.,Martes,Automovil,Particular,Conductor,Masculino,No,Sin Registro,Solo Daños,Choque,Girar bruscamente,Carrera 27 Calle 23  Sur,Zuñiga,Urbana,"(6.176588834, -75.56744599)"
2181243,08/05/2018,3:40 p.m.,Martes,Camioneta,Particular,Conductor,Femenino,No,Sin Registro,Solo Daños,Choque,Reverso imprudente,Calle 32 B Sur Carrera 48,Las Vegas,Urbana,"(6.177255701, -75.59003137)"
2181243,08/05/2018,3:40 p.m.,Martes,Camion,Particular,Conductor,Masculino,No,Sin Registro,Solo Daños,Choque,Reverso imprudente,Calle 32 B Sur Carrera 48,Las Vegas,Urbana,"(6.177255701, -75.59003137)"
2181242,08/05/2018,4:45 p.m.,Martes,Automovil,Particular,Conductor,Masculino,No,Sin Registro,Solo Daños,Choque,Desobedecer senales,Carrera 30 Calle 40 C Sur,San Jose,Urbana,"(6.162460007, -75.58236019)"
2181242,08/05/2018,4:45 p.m.,Martes,Camioneta,Publico,Conductor,Masculino,No,Sin Registro,Solo Daños,Choque,Desobedecer senales,Carrera 30 Calle 40 C Sur,San Jose,Urbana,"(6.162460007, -75.58236019)"
2181235,08/05/2018,8:55 p.m.,Martes,Buseta,Publico,Conductor,Masculino,No,Sin Registro,Solo Daños,Choque,Desobedecer senales,Diagonal 31 Transversal 33 A Sur,Las Flores,Urbana,"(6.173761816, -75.5789197)"
2181235,08/05/2018,8:55 p.m.,Martes,Automovil,Publico,Conductor,Masculino,No,Sin Registro,Solo Daños,Choque,Desobedecer senales,Diagonal 31 Transversal 33 A Sur,Las Flores,Urbana,"(6.173761816, -75.5789197)"
2181255,09/05/2018,8:00 a.m.,Miércoles,Motocicleta,Particular,Motociclista,Masculino,No,Sin Registro,Solo Daños,Choque,No mantener distancia de seguridad,Calle 39  Sur Carrera 25,El Chinguí,Urbana,"(6.157563812, -75.57922413)"
2181255,09/05/2018,8:00 a.m.,Miércoles,Camioneta,Particular,Conductor,Masculino,No,Sin Registro,Solo Daños,Choque,No mantener distancia de seguridad,Calle 39  Sur Carrera 25,El Chinguí,Urbana,"(6.157563812, -75.57922413)"
2181246,09/05/2018,8:00 p.m.,Miércoles,Automovil,Particular,Conductor,Masculino,No,Sin Registro,Solo Daños,Choque,No mantener distancia de seguridad,Calle 37  Sur Carrera 50,Las Vegas,Urbana,
2181246,09/05/2018,8:00 p.m.,Miércoles,Automovil,Particular,Conductor,Masculino,No,Sin Registro,Solo Daños,Choque,No mantener distancia de seguridad,Calle 37  Sur Carrera 50,Las Vegas,Urbana,
2181248,09/05/2018,7:10 p.m.,Miércoles,Campero,Particular,Conductor,Femenino,No,Sin Registro,Solo Daños,Choque,No mantener distancia de seguridad,Calle 21 A Sur Carrera 43 A,Avenida El Poblado,Urbana,
2181258,09/05/2018,5:00 a.m.,Miércoles,Automovil,Particular,Conductor,Masculino,No,Sin Registro,Solo Daños,Choque,Adelantar en curva,Tramo 372 Kilometro  14,Vereda Palmas,Rural,
2181258,09/05/2018,5:00 a.m.,Miércoles,Automovil,Publico,Conductor,Masculino,No,Sin Registro,Solo Daños,Choque,Adelantar en curva,Tramo 372 Kilometro  14,Vereda Palmas,Rural,
2181248,09/05/2018,7:10 p.m.,Miércoles,Automovil,Particular,Conductor,Masculino,No,Sin Registro,Solo Daños,Choque,No mantener distancia de seguridad,Calle 21 A Sur Carrera 43 A,Avenida El Poblado,Urbana,
2181248,09/05/2018,7:10 p.m.,Miércoles,Automovil,Particular,Conductor,Masculino,No,Sin Registro,Solo Daños,Choque,No mantener distancia de seguridad,Calle 21 A Sur Carrera 43 A,Avenida El Poblado,Urbana,
2181258,09/05/2018,5:00 a.m.,Miércoles,Automovil,Publico,Conductor,Masculino,No,Sin Registro,Solo Daños,Choque,Adelantar en curva,Tramo 372 Kilometro  14,Vereda Palmas,Rural,
2181254,09/05/2018,7:00 a.m.,Miércoles,Automovil,Publico,Conductor,Masculino,No,Sin Registro,Solo Daños,Choque,No mantener distancia de seguridad,Carrera 27 D Calle 27  Sur,El Esmeraldal,Urbana,"(6.172858114, -75.57142415)"
2181254,09/05/2018,7:00 a.m.,Miércoles,Motocicleta,Particular,Motociclista,Masculino,No,Sin Registro,Solo Daños,Choque,No mantener distancia de seguridad,Carrera 27 D Calle 27  Sur,El Esmeraldal,Urbana,"(6.172858114, -75.57142415)"
2181252,09/05/2018,11:05 a.m.,Miércoles,Camion,Particular,Conductor,Masculino,No,Sin Registro,Solo Daños,Choque,Adelantar invadiendo carril del mismo sentido en zigzag,Calle 38  Sur Carrera 42,Zona Centro,Urbana,"(6.16961293, -75.58738469)"
2181252,09/05/2018,11:05 a.m.,Miércoles,Automovil,Particular,Conductor,Masculino,No,Sin Registro,Solo Daños,Choque,Adelantar invadiendo carril del mismo sentido en zigzag,Calle 38  Sur Carrera 42,Zona Centro,Urbana,"(6.16961293, -75.58738469)"
2181256,09/05/2018,1:30 p.m.,Miércoles,Automovil,Particular,Conductor,Masculino,No,Sin Registro,Solo Daños,Choque,Impericia en el manejo,Calle 40  Sur Carrera 27,San Jose,Urbana,"(6.158366235, -75.58080793)"
2181256,09/05/2018,1:30 p.m.,Miércoles,Automovil,Particular,Conductor,Masculino,No,Sin Registro,Solo Daños,Choque,Impericia en el manejo,Calle 40  Sur Carrera 27,San Jose,Urbana,"(6.158366235, -75.58080793)"
2181257,09/05/2018,7:30 a.m.,Miércoles,Automovil,Particular,Conductor,Masculino,No,Sin Registro,Solo Daños,Choque,Reverso imprudente,Tramo 373 Kilometro  5,Vereda Palmas,Rural,
2181244,09/05/2018,12:30 a.m.,Miércoles,Camioneta,Particular,Conductor,Masculino,No,Sin Registro,Solo Daños,Choque,Desobedecer senales,Transversal 32 C Sur Diagonal 31 B,Las Orquideas,Urbana,"(6.175743036, -75.57917234)"
2181261,09/05/2018,3:40 p.m.,Miércoles,Camioneta,Particular,Conductor,Masculino,No,Sin Registro,Solo Daños,Choque,Impericia en el manejo,Carrera 25 A Calle 70 F Sur,La Mina,Urbana,
2181261,09/05/2018,3:40 p.m.,Miércoles,Camioneta,Publico,Conductor,Masculino,No,Sin Registro,Solo Daños,Choque,Impericia en el manejo,Carrera 25 A Calle 70 F Sur,La Mina,Urbana,
2181250,09/05/2018,6:40 a.m.,Miércoles,Automovil,Particular,Conductor,Masculino,No,Sin Registro,Solo Daños,Choque,No mantener distancia de seguridad,Carrera 48 Calle 32  Sur,Las Vegas,Urbana,"(6.177503621, -75.58948538)"
2181250,09/05/2018,6:40 a.m.,Miércoles,Automovil,Publico,Conductor,Masculino,No,Sin Registro,Solo Daños,Choque,No mantener distancia de seguridad,Carrera 48 Calle 32  Sur,Las Vegas,Urbana,"(6.177503621, -75.58948538)"
2181260,10/05/2018,9:10 a.m.,Jueves,Camion,Oficial,Conductor,Masculino,No,Sin Registro,Solo Daños,Choque,No respetar pelacion de interseccion o giros,Calle 49 D Sur Carrera 39 B,La Inmaculada,Urbana,"(6.153131486, -75.59849412)"
2181260,10/05/2018,9:10 a.m.,Jueves,Camioneta,Particular,Conductor,Masculino,No,Sin Registro,Solo Daños,Choque,No respetar pelacion de interseccion o giros,Calle 49 D Sur Carrera 39 B,La Inmaculada,Urbana,"(6.153131486, -75.59849412)"
2181265,10/05/2018,1:10 p.m.,Jueves,Automovil,Particular,Conductor,Masculino,No,Sin Registro,Solo Daños,Choque,Impericia en el manejo,Carrera 42 Calle 46  Sur,La Paz,Urbana,"(6.161815042, -75.59356276)"
2181264,10/05/2018,4:15 p.m.,Jueves,Camioneta,Particular,Conductor,Masculino,No,Sin Registro,Solo Daños,Choque,No mantener distancia de seguridad,Carrera 43 A Calle 23  Sur,Avenida El Poblado,Urbana,"(6.182555831, -75.58017793)"
2181264,10/05/2018,4:15 p.m.,Jueves,Automovil,Particular,Conductor,Femenino,No,Sin Registro,Solo Daños,Choque,No mantener distancia de seguridad,Carrera 43 A Calle 23  Sur,Avenida El Poblado,Urbana,"(6.182555831, -75.58017793)"
2181278,10/05/2018,8:15 a.m.,Jueves,Automovil,Particular,Conductor,Masculino,No,Sin Registro,Solo Daños,Choque,Adelantar cerrando,Tramo 372 Kilometro  16,Vereda Palmas,Rural,
2181278,10/05/2018,8:15 a.m.,Jueves,Camion,Particular,Conductor,Masculino,No,Sin Registro,Solo Daños,Choque,No respetar pelacion de interseccion o giros,Tramo 372 Kilometro  16,Vereda Palmas,Rural,
2181278,10/05/2018,8:15 a.m.,Jueves,Camion,Particular,Conductor,Masculino,No,Sin Registro,Solo Daños,Choque,Adelantar cerrando,Tramo 372 Kilometro  16,Vereda Palmas,Rural,
2181278,10/05/2018,8:15 a.m.,Jueves,Automovil,Particular,Conductor,Masculino,No,Sin Registro,Solo Daños,Choque,No respetar pelacion de interseccion o giros,Tramo 372 Kilometro  16,Vereda Palmas,Rural,
2181263,10/05/2018,2:20 p.m.,Jueves,Automovil,Particular,Conductor,Masculino,No,Sin Registro,Solo Daños,Choque,Poner en marcha un vehiculo sin precauci,Transversal 32 A Sur Diagonal 32 B,La Magnolia,Urbana,"(6.175421467, -75.58335367)"
2181263,10/05/2018,2:20 p.m.,Jueves,Motocicleta,Particular,Motociclista,Masculino,No,Sin Registro,Solo Daños,Choque,Poner en marcha un vehiculo sin precauci,Transversal 32 A Sur Diagonal 32 B,La Magnolia,Urbana,"(6.175421467, -75.58335367)"
2181259,10/05/2018,8:30 a.m.,Jueves,Camioneta,Particular,Conductor,Masculino,No,Sin Registro,Solo Daños,Choque,Impericia en el manejo,Calle 41 B Sur Carrera 27 D,San Rafael,Urbana,"(6.153176934, -75.58760244)"
2181297,10/05/2018,1:40 p.m.,Jueves,Automovil,Publico,Conductor,Masculino,No,Sin Registro,Solo Daños,Choque,No respetar prelacion,Carrera 43 A Calle 33  Sur,San Marcos,Urbana,"(6.173661976, -75.58650365)"
2181297,10/05/2018,1:40 p.m.,Jueves,Bus,Publico,Conductor,Masculino,No,Sin Registro,Solo Daños,Choque,No respetar prelacion,Carrera 43 A Calle 33  Sur,San Marcos,Urbana,"(6.173661976, -75.58650365)"
2181262,10/05/2018,2:45 p.m.,Jueves,Buseta,Publico,Conductor,Masculino,No,Sin Registro,Solo Daños,Choque,No mantener distancia de seguridad,Carrera 48 Calle 29  Sur,Las Vegas,Urbana,"(6.180442532, -75.58781353)"
2181262,10/05/2018,2:45 p.m.,Jueves,Campero,Particular,Conductor,Femenino,No,Sin Registro,Solo Daños,Choque,No mantener distancia de seguridad,Carrera 48 Calle 29  Sur,Las Vegas,Urbana,"(6.180442532, -75.58781353)"
2181275,05/14/2018,8:10 p.m.,Lunes,Automovil,Sin Registro,Conductor,Masculino,No,Sin Registro,Solo Daños,Choque,Desobedecer senales,Calle 45 B Sur Carrera 43,La Paz,Urbana,"(6.164485785, -75.59467842)"
2181273,10/05/2018,3:40 p.m.,Jueves,Automovil,Publico,Conductor,Masculino,No,Sin Registro,Solo Daños,Choque,Poner en marcha un vehiculo sin precauci,Carrera 42 B Calle 45 A Sur,La Paz,Urbana,"(6.163379327, -75.59341476)"
2181273,10/05/2018,3:40 p.m.,Jueves,Camioneta,Particular,Conductor,Masculino,No,Sin Registro,Solo Daños,Choque,Poner en marcha un vehiculo sin precauci,Carrera 42 B Calle 45 A Sur,La Paz,Urbana,"(6.163379327, -75.59341476)"
2181269,10/05/2018,1:50 p.m.,Jueves,Automovil,Publico,Conductor,Masculino,No,Sin Registro,Solo Daños,Choque,Vehiculo mal estacionado,Carrera 43 Calle 35  Sur,Zona Centro,Urbana,"(6.171975228, -75.58662264)"
2181269,10/05/2018,1:50 p.m.,Jueves,Camion,Publico,Conductor,Masculino,No,Sin Registro,Solo Daños,Choque,No mantener distancia de seguridad,Carrera 43 Calle 35  Sur,Zona Centro,Urbana,"(6.171975228, -75.58662264)"
2181269,10/05/2018,1:50 p.m.,Jueves,Camion,Publico,Conductor,Masculino,No,Sin Registro,Solo Daños,Choque,Vehiculo mal estacionado,Carrera 43 Calle 35  Sur,Zona Centro,Urbana,"(6.171975228, -75.58662264)"
2181269,10/05/2018,1:50 p.m.,Jueves,Automovil,Particular,Conductor,Masculino,No,Sin Registro,Solo Daños,Choque,No mantener distancia de seguridad,Carrera 43 Calle 35  Sur,Zona Centro,Urbana,"(6.171975228, -75.58662264)"
2181269,10/05/2018,1:50 p.m.,Jueves,Automovil,Particular,Conductor,Masculino,No,Sin Registro,Solo Daños,Choque,Vehiculo mal estacionado,Carrera 43 Calle 35  Sur,Zona Centro,Urbana,"(6.171975228, -75.58662264)"
2181269,10/05/2018,1:50 p.m.,Jueves,Automovil,Publico,Conductor,Masculino,No,Sin Registro,Solo Daños,Choque,No mantener distancia de seguridad,Carrera 43 Calle 35  Sur,Zona Centro,Urbana,"(6.171975228, -75.58662264)"