RADICADO,FECHA,HORA,DÍA DE LA SEMANA,CLASE DE VEHICULO,TIPO DE SERVICIO,TIPO DE VICTIMA,SEXO,ESTADO DE BEODEZ,RESULTADO DE BEODEZ,GRAVEDAD,CLASE DE ACCIDENTE,CAUSA,DIRECCIÓN,BARRIO,AREA,Coordenadas
2181274,10/05/2018,1:50 p.m.,Jueves,Bus,Publico,Conductor,Masculino,No,Sin Registro,Solo Daños,Choque,Reverso imprudente,Carrera 49 Calle 46 A Sur,Las Vegas,Urbana,"(6.166966077, -75.60088817)"
2181274,10/05/2018,1:50 p.m.,Jueves,Bus,Publico,Conductor,Masculino,No,Sin Registro,Solo Daños,Choque,Reverso imprudente,Carrera 49 Calle 46 A Sur,Las Vegas,Urbana,"(6.166966077, -75.60088817)"
2181285,11/05/2018,3:00 p.m.,Viernes,Bus,Publico,Conductor,Masculino,No,Sin Registro,Solo Daños,Choque,No mantener distancia de seguridad,Carrera 43 Calle 32  Sur,San Marcos,Urbana,"(6.175345679, -75.58512506)"
2181285,11/05/2018,3:00 p.m.,Viernes,Automovil,Publico,Conductor,Masculino,No,Sin Registro,Solo Daños,Choque,No mantener distancia de seguridad,Carrera 43 Calle 32  Sur,San Marcos,Urbana,"(6.175345679, -75.58512506)"
2181283,11/05/2018,9:00 a.m.,Viernes,Automovil,Publico,Conductor,Masculino,No,Sin Registro,Solo Daños,Choque,No mantener distancia de seguridad,Carrera 43 A Calle 38  Sur,Zona Centro,Urbana,"(6.170421178, -75.58859877)"
2181283,11/05/2018,9:00 a.m.,Viernes,Automovil,Particular,Conductor,Femenino,No,Sin Registro,Solo Daños,Choque,No mantener distancia de seguridad,Carrera 43 A Calle 38  Sur,Zona Centro,Urbana,"(6.170421178, -75.58859877)"
2181276,11/05/2018,11:00 p.m.,Viernes,Automovil,Publico,Conductor,Masculino,No,Sin Registro,Solo Daños,Choque,Exceso de velocidad,Carrera 43 A Calle 41 A Sur,El Dorado,Urbana,"(6.166401394, -75.59238411)"
2181276,11/05/2018,11:00 p.m.,Viernes,Campero,Particular,Conductor,Masculino,No,Sin Registro,Solo Daños,Choque,Exceso de velocidad,Carrera 43 A Calle 41 A Sur,El Dorado,Urbana,"(6.166401394, -75.59238411)"
2181276,11/05/2018,11:00 p.m.,Viernes,Automovil,Particular,Conductor,Masculino,No,Sin Registro,Solo Daños,Choque,Exceso de velocidad,Carrera 43 A Calle 41 A Sur,El Dorado,Urbana,"(6.166401394, -75.59238411)"
2181305,11/05/2018,5:40 a.m.,Viernes,Bus,Publico,Conductor,Masculino,No,Sin Registro,Herido,Caida Ocupante,Poner en marcha un vehiculo sin precauci,Calle 40 DD Sur Carrera 41,El Dorado,Urbana,"(6.165700924, -75.58924551)"
2181305,11/05/2018,5:40 a.m.,Viernes,Bus,Publico,Conductor,Masculino,No,Sin Registro,Herido,Caida Ocupante,Transitar con las puertas abiertas,Calle 40 DD Sur Carrera 41,El Dorado,Urbana,"(6.165700924, -75.58924551)"
2181270,11/05/2018,6:30 a.m.,Viernes,Bus,Publico,Conductor,Masculino,No,Sin Registro,Solo Daños,Choque,Adelantar en zona prohibida,Calle 36  Sur Carrera 25,El Chocho,Urbana,"(6.167194335, -75.56482628)"
2181270,11/05/2018,6:30 a.m.,Viernes,Automovil,Particular,Conductor,Masculino,No,Sin Registro,Solo Daños,Choque,Adelantar en zona prohibida,Calle 36  Sur Carrera 25,El Chocho,Urbana,"(6.167194335, -75.56482628)"
2181288,11/05/2018,6:30 p.m.,Viernes,Automovil,Particular,Conductor,Femenino,No,Sin Registro,Herido,Choque,No mantener distancia de seguridad,Carrera 50 Calle 36  Sur,Las Vegas,Urbana,
2181298,11/05/2018,7:30 a.m.,Viernes,Motocicleta,Particular,Motociclista,Sin Registro,No,Sin Registro,Solo Daños,Choque,Impericia en el manejo,Calle 37  Sur Carrera 46 A,El Portal,Urbana,"(6.173105489, -75.59126093)"
2181288,11/05/2018,6:30 p.m.,Viernes,Motocicleta,Particular,Motociclista,Masculino,No,Sin Registro,Herido,Choque,No mantener distancia de seguridad,Carrera 50 Calle 36  Sur,Las Vegas,Urbana,
2181298,11/05/2018,7:30 a.m.,Viernes,Campero,Particular,Conductor,Masculino,No,Sin Registro,Solo Daños,Choque,Impericia en el manejo,Calle 37  Sur Carrera 46 A,El Portal,Urbana,"(6.173105489, -75.59126093)"
2181267,11/05/2018,3:30 p.m.,Viernes,Automovil,Particular,Conductor,Femenino,No,Sin Registro,Solo Daños,Choque,Transitar entre vehiculos,Calle 38  Sur Carrera 44,Zona Centro,Urbana,"(6.170783841, -75.58925878)"
2181267,11/05/2018,3:30 p.m.,Viernes,Motocicleta,Particular,Motociclista,Masculino,No,Sin Registro,Solo Daños,Choque,Transitar entre vehiculos,Calle 38  Sur Carrera 44,Zona Centro,Urbana,"(6.170783841, -75.58925878)"
2181266,11/05/2018,12:30 a.m.,Viernes,Camioneta,Particular,Conductor,Femenino,No,Sin Registro,Solo Daños,Choque,Impericia en el manejo,Carrera 46 A Calle 36 A Sur,El Portal,Urbana,"(6.173322458, -75.59101664)"
2181266,11/05/2018,12:30 a.m.,Viernes,Camion,Publico,Conductor,Masculino,No,Sin Registro,Solo Daños,Choque,Impericia en el manejo,Carrera 46 A Calle 36 A Sur,El Portal,Urbana,"(6.173322458, -75.59101664)"
2181286,11/05/2018,11:40 p.m.,Viernes,Motocicleta,Particular,Motociclista,Masculino,No,Sin Registro,Herido,Choque,No respetar prelacion,Calle 32 B Sur Carrera 48,Las Vegas,Urbana,"(6.177255701, -75.59003137)"
2181286,11/05/2018,11:40 p.m.,Viernes,Camioneta,Particular,Conductor,Masculino,No,Sin Registro,Herido,Choque,No respetar pelacion de interseccion o giros,Calle 32 B Sur Carrera 48,Las Vegas,Urbana,"(6.177255701, -75.59003137)"
2181286,11/05/2018,11:40 p.m.,Viernes,Camioneta,Particular,Conductor,Masculino,No,Sin Registro,Herido,Choque,No respetar prelacion,Calle 32 B Sur Carrera 48,Las Vegas,Urbana,"(6.177255701, -75.59003137)"
2181286,11/05/2018,11:40 p.m.,Viernes,Automovil,Particular,Conductor,Masculino,No,Sin Registro,Herido,Choque,No respetar pelacion de interseccion o giros,Calle 32 B Sur Carrera 48,Las Vegas,Urbana,"(6.177255701, -75.59003137)"
2181286,11/05/2018,11:40 p.m.,Viernes,Automovil,Particular,Conductor,Masculino,No,Sin Registro,Herido,Choque,No respetar prelacion,Calle 32 B Sur Carrera 48,Las Vegas,Urbana,"(6.177255701, -75.59003137)"
2181286,11/05/2018,11:40 p.m.,Viernes,Motocicleta,Particular,Motociclista,Masculino,No,Sin Registro,Herido,Choque,No respetar pelacion de interseccion o giros,Calle 32 B Sur Carrera 48,Las Vegas,Urbana,"(6.177255701, -75.59003137)"
2181271,11/05/2018,3:50 p.m.,Viernes,Campero,Particular,Conductor,Masculino,No,Sin Registro,Solo Daños,Choque,Desobedecer senales,Calle 44  Sur Carrera 41,El Dorado,Urbana,"(6.164161335, -75.5915997)"
2181271,11/05/2018,3:50 p.m.,Viernes,Automovil,Publico,Conductor,Masculino,No,Sin Registro,Solo Daños,Choque,Desobedecer senales,Calle 44  Sur Carrera 41,El Dorado,Urbana,"(6.164161335, -75.5915997)"
2181572,11/05/2018,10:50 a.m.,Viernes,Automovil,Particular,Conductor,Femenino,No,Sin Registro,Solo Daños,Choque,Desobedecer senales,Carrera 48 Calle 30  Sur,Las Vegas,Urbana,"(6.179366643, -75.5880841)"
2181572,11/05/2018,10:50 a.m.,Viernes,Automovil,Particular,Conductor,Sin Registro,No,Sin Registro,Solo Daños,Choque,Desobedecer senales,Carrera 48 Calle 30  Sur,Las Vegas,Urbana,"(6.179366643, -75.5880841)"
2181277,12/05/2018,5:00 p.m.,Sábado,Motocicleta,Particular,Motociclista,Masculino,No,Sin Registro,Herido,Choque,Impericia en el manejo,Diagonal 31 Transversal 36 A Sur,La Sebastiana,Urbana,"(6.167967817, -75.58028177)"
2181277,12/05/2018,5:00 p.m.,Sábado,Motocicleta,Particular,Motociclista,Masculino,No,Sin Registro,Herido,Choque,Exceso de velocidad,Diagonal 31 Transversal 36 A Sur,La Sebastiana,Urbana,"(6.167967817, -75.58028177)"
2181277,12/05/2018,5:00 p.m.,Sábado,Motocicleta,Particular,Motociclista,Masculino,No,Sin Registro,Herido,Choque,Impericia en el manejo,Diagonal 31 Transversal 36 A Sur,La Sebastiana,Urbana,"(6.167967817, -75.58028177)"
2181282,12/05/2018,9:05 p.m.,Sábado,Motocicleta,Particular,Motociclista,Masculino,No,Sin Registro,Solo Daños,Choque,Impericia en el manejo,Carrera 27 A Calle 36  Sur,El Chocho,Urbana,"(6.162396832, -75.57323111)"
2181282,12/05/2018,9:05 p.m.,Sábado,Automovil,Particular,Conductor,Femenino,No,Sin Registro,Solo Daños,Choque,Impericia en el manejo,Carrera 27 A Calle 36  Sur,El Chocho,Urbana,"(6.162396832, -75.57323111)"
2181277,12/05/2018,5:00 p.m.,Sábado,Motocicleta,Particular,Motociclista,Masculino,No,Sin Registro,Herido,Choque,Exceso de velocidad,Diagonal 31 Transversal 36 A Sur,La Sebastiana,Urbana,"(6.167967817, -75.58028177)"
2181290,12/05/2018,5:00 p.m.,Sábado,Automovil,Particular,Conductor,Masculino,No,Sin Registro,Herido,Otro,Impericia en el manejo,Carrera 27 Calle 36  Sur,Vereda El Escobero,Urbana,"(6.167009975, -75.56927808)"
2181289,12/05/2018,2:20 p.m.,Sábado,Motocicleta,Particular,Motociclista,Femenino,No,Sin Registro,Herido,Caida Ocupante,Impericia en el manejo,Diagonal 31 Transversal 35  Sur,La Sebastiana,Urbana,"(6.170095297, -75.57961208)"
2181284,12/05/2018,8:30 p.m.,Sábado,Motocicleta,Particular,Motociclista,Masculino,No,Sin Registro,Herido,Caida Ocupante,Impericia en el manejo,Transversal 32 A Sur Diagonal 29,Alto De Misael,Urbana,"(6.175131647, -75.57784847)"
2181268,12/05/2018,12:30 a.m.,Sábado,Campero,Particular,Conductor,Masculino,No,Sin Registro,Solo Daños,Choque,Impericia en el manejo,Calle 37 B Sur Carrera 27 B,Loma De Las Brujas,Urbana,"(6.161472845, -75.57610787)"
2181268,12/05/2018,12:30 a.m.,Sábado,Campero,Particular,Conductor,Masculino,No,Sin Registro,Solo Daños,Choque,Impericia en el manejo,Calle 37 B Sur Carrera 27 B,Loma De Las Brujas,Urbana,"(6.161472845, -75.57610787)"
2181295,12/05/2018,12:30 a.m.,Sábado,Automovil,Publico,Conductor,Masculino,No,Sin Registro,Solo Daños,Choque,No mantener distancia de seguridad,Carrera 49 Calle 42  Sur,Las Vegas,Urbana,
2181295,12/05/2018,12:30 a.m.,Sábado,Automovil,Particular,Conductor,Masculino,No,Sin Registro,Solo Daños,Choque,No mantener distancia de seguridad,Carrera 49 Calle 42  Sur,Las Vegas,Urbana,
2181272,12/05/2018,9:50 p.m.,Sábado,Motocicleta,Particular,Motociclista,Sin Registro,No,Sin Registro,Herido,Atropello,Semaforo en rojo,Carrera 41 Calle 37  Sur,Zona Centro,Urbana,"(6.169735041, -75.58616625)"
2181279,12/05/2018,10:45 p.m.,Sábado,Automovil,Particular,Conductor,Masculino,No,Sin Registro,Solo Daños,Choque,No mantener distancia de seguridad,Carrera 42 Calle 38 A Sur,Zona Centro,Urbana,"(6.168903475, -75.58769578)"
2181279,12/05/2018,10:45 p.m.,Sábado,Automovil,Particular,Conductor,Sin Registro,No,Sin Registro,Solo Daños,Choque,No mantener distancia de seguridad,Carrera 42 Calle 38 A Sur,Zona Centro,Urbana,"(6.168903475, -75.58769578)"
2181294,12/05/2018,3:55 p.m.,Sábado,Motocicleta,Particular,Motociclista,Masculino,No,Sin Registro,Solo Daños,Choque,No mantener distancia de seguridad,Calle 38  Sur Carrera 47 A,Alcala,Urbana,"(6.172609491, -75.59229961)"
2181294,12/05/2018,3:55 p.m.,Sábado,Camioneta,Particular,Conductor,Masculino,No,Sin Registro,Solo Daños,Choque,No mantener distancia de seguridad,Calle 38  Sur Carrera 47 A,Alcala,Urbana,"(6.172609491, -75.59229961)"
2181280,05/13/2018,1:20 p.m.,Domingo,Automovil,Particular,Conductor,Masculino,No,Sin Registro,Solo Daños,Choque,Transitar entre vehiculos,Calle 40 F Sur Carrera 39,El Dorado,Urbana,"(6.163941436, -75.58885517)"
2181280,05/13/2018,1:20 p.m.,Domingo,Motocicleta,Particular,Motociclista,Masculino,No,Sin Registro,Solo Daños,Choque,Transitar entre vehiculos,Calle 40 F Sur Carrera 39,El Dorado,Urbana,"(6.163941436, -75.58885517)"
2181310,05/13/2018,12:30 a.m.,Domingo,Automovil,Particular,Conductor,Masculino,No,Sin Registro,Solo Daños,Choque,No mantener distancia de seguridad,Carrera 27 Calle 36  Sur,La Inmaculada,Urbana,"(6.167009975, -75.56927808)"
2181310,05/13/2018,12:30 a.m.,Domingo,Camioneta,Particular,Conductor,Femenino,No,Sin Registro,Solo Daños,Choque,No mantener distancia de seguridad,Carrera 27 Calle 36  Sur,La Inmaculada,Urbana,"(6.167009975, -75.56927808)"
2181296,05/13/2018,8:45 p.m.,Domingo,Automovil,Particular,Conductor,Masculino,No,Sin Registro,Solo Daños,Choque,Adelantar por la derecha,Calle 38  Sur Carrera 42,Zona Centro,Urbana,"(6.16961293, -75.58738469)"
2181296,05/13/2018,8:45 p.m.,Domingo,Motocicleta,Particular,Motociclista,Masculino,No,Sin Registro,Solo Daños,Choque,Adelantar por la derecha,Calle 38  Sur Carrera 42,Zona Centro,Urbana,"(6.16961293, -75.58738469)"
2181318,05/13/2018,2:40 a.m.,Domingo,Automovil,Publico,Conductor,Masculino,No,Sin Registro,Solo Daños,Choque,No mantener distancia de seguridad,Carrera 43 A Calle 52  Sur,Avenida El Poblado,Urbana,"(6.160125495, -75.60207899)"
2181318,05/13/2018,2:40 a.m.,Domingo,Motocicleta,Particular,Motociclista,Masculino,No,Sin Registro,Solo Daños,Choque,No mantener distancia de seguridad,Carrera 43 A Calle 52  Sur,Avenida El Poblado,Urbana,"(6.160125495, -75.60207899)"
2181281,05/14/2018,2:06 p.m.,Lunes,Automovil,Sin Registro,Conductor,Masculino,No,Sin Registro,Solo Daños,Choque,Impericia en el manejo,Calle 37  Sur Carrera 28,Vereda El Escobero,Urbana,"(6.165679454, -75.57834042)"
2181275,05/14/2018,8:10 p.m.,Lunes,Automovil,Sin Registro,Conductor,Femenino,No,Sin Registro,Solo Daños,Choque,Desobedecer senales,Calle 45 B Sur Carrera 43,La Paz,Urbana,"(6.164485785, -75.59467842)"
2181292,05/14/2018,9:30 a.m.,Lunes,Automovil,Particular,Conductor,Masculino,No,Sin Registro,Solo Daños,Choque,Embriaguez o droga,Calle 39  Sur Carrera 48,Las Vegas,Urbana,"(6.17373153, -75.59688397)"
2181292,05/14/2018,9:30 a.m.,Lunes,Motocicleta,Particular,Motociclista,Masculino,Si,2,Solo Daños,Choque,No respetar pelacion de interseccion o giros,Calle 39  Sur Carrera 48,Las Vegas,Urbana,"(6.17373153, -75.59688397)"
2181292,05/14/2018,9:30 a.m.,Lunes,Motocicleta,Particular,Motociclista,Masculino,Si,2,Solo Daños,Choque,Embriaguez o droga,Calle 39  Sur Carrera 48,Las Vegas,Urbana,"(6.17373153, -75.59688397)"
2181292,05/14/2018,9:30 a.m.,Lunes,Automovil,Particular,Conductor,Masculino,No,Sin Registro,Solo Daños,Choque,No respetar pelacion de interseccion o giros,Calle 39  Sur Carrera 48,Las Vegas,Urbana,"(6.17373153, -75.59688397)"
2181291,05/14/2018,1:45 p.m.,Lunes,Automovil,Particular,Conductor,Masculino,No,Sin Registro,Herido,Choque,Exceso de velocidad,Calle 39  Sur Carrera 27 D,El Chinguí,Urbana,"(6.160515341, -75.57910442)"
2181287,05/14/2018,7:40 a.m.,Lunes,Motocicleta,Particular,Motociclista,Masculino,Si,2,Herido,Caida Ocupante,Embriaguez o droga,Tramo 371 Kilometro  3,Vereda El Escobero,Rural,
2181287,05/14/2018,7:40 a.m.,Lunes,Motocicleta,Particular,Motociclista,Masculino,Si,2,Herido,Caida Ocupante,Impericia en el manejo,Tramo 371 Kilometro  3,Vereda El Escobero,Rural,
2181291,05/14/2018,1:45 p.m.,Lunes,Bicicleta,Sin Registro,Ciclista,Masculino,No,Sin Registro,Herido,Choque,No mantener distancia de seguridad,Calle 39  Sur Carrera 27 D,El Chinguí,Urbana,"(6.160515341, -75.57910442)"
2181291,05/14/2018,1:45 p.m.,Lunes,Bicicleta,Sin Registro,Ciclista,Masculino,No,Sin Registro,Herido,Choque,Exceso de velocidad,Calle 39  Sur Carrera 27 D,El Chinguí,Urbana,"(6.160515341, -75.57910442)"
2181291,05/14/2018,1:45 p.m.,Lunes,Automovil,Sin Registro,Conductor,Masculino,No,Sin Registro,Herido,Choque,No mantener distancia de seguridad,Calle 39  Sur Carrera 27 D,El Chinguí,Urbana,"(6.160515341, -75.57910442)"
2181293,05/14/2018,2:50 p.m.,Lunes,Campero,Sin Registro,Conductor,Femenino,No,Sin Registro,Solo Daños,Choque,No mantener distancia de seguridad,Diagonal 31 Transversal 32 A Sur,La Magnolia,Urbana,"(6.174681134, -75.57847104)"
2181293,05/14/2018,2:50 p.m.,Lunes,Automovil,Sin Registro,Conductor,Femenino,No,Sin Registro,Solo Daños,Choque,No mantener distancia de seguridad,Diagonal 31 Transversal 32 A Sur,La Magnolia,Urbana,"(6.174681134, -75.57847104)"
2181309,05/15/2018,10:00 a.m.,Martes,Motocicleta,Sin Registro,Motociclista,Masculino,No,Sin Registro,Solo Daños,Choque,Reverso imprudente,Calle 37  Sur Carrera 37,Zona Centro,Urbana,"(6.168351775, -75.58376911)"
2181309,05/15/2018,10:00 a.m.,Martes,Camioneta,Sin Registro,Conductor,Femenino,No,Sin Registro,Solo Daños,Choque,Reverso imprudente,Calle 37  Sur Carrera 37,Zona Centro,Urbana,"(6.168351775, -75.58376911)"
2181311,05/15/2018,7:00 p.m.,Martes,Motocicleta,Sin Registro,Motociclista,Sin Registro,No,Sin Registro,Solo Daños,Choque,No mantener distancia de seguridad,Calle 37 B Sur Carrera 27 D,Loma De Las Brujas,Urbana,"(6.159428343, -75.57378869)"
2181311,05/15/2018,7:00 p.m.,Martes,Camioneta,Sin Registro,Conductor,Femenino,No,Sin Registro,Solo Daños,Choque,No mantener distancia de seguridad,Calle 37 B Sur Carrera 27 D,Loma De Las Brujas,Urbana,"(6.159428343, -75.57378869)"
2181299,05/15/2018,9:00 a.m.,Martes,Automovil,Sin Registro,Conductor,Masculino,No,Sin Registro,Solo Daños,Choque,No mantener distancia de seguridad,Carrera 48 Calle 50  Sur,Las Vegas,Urbana,
2181299,05/15/2018,9:00 a.m.,Martes,Automovil,Sin Registro,Conductor,Femenino,No,Sin Registro,Solo Daños,Choque,No mantener distancia de seguridad,Carrera 48 Calle 50  Sur,Las Vegas,Urbana,
2181302,05/15/2018,4:00 p.m.,Martes,Automovil,Sin Registro,Conductor,Masculino,No,Sin Registro,Herido,Choque,Falta de precaucion niebla,Sin Registro,Sin Registro,Sin Registro,
2181302,05/15/2018,4:00 p.m.,Martes,Camioneta,Sin Registro,Conductor,Masculino,No,Sin Registro,Herido,Choque,Exceso de velocidad,Carrera 27 A Calle 36 A Sur,Sin Registro,Urbana,"(6.162396832, -75.57323111)"
2181302,05/15/2018,4:00 p.m.,Martes,Camioneta,Sin Registro,Conductor,Masculino,No,Sin Registro,Herido,Choque,Falta de precaucion niebla,Sin Registro,Sin Registro,Sin Registro,
2181302,05/15/2018,4:00 p.m.,Martes,Automovil,Sin Registro,Conductor,Masculino,No,Sin Registro,Herido,Choque,Exceso de velocidad,Carrera 27 A Calle 36 A Sur,Sin Registro,Urbana,"(6.162396832, -75.57323111)"
2181306,05/15/2018,6:08 p.m.,Martes,Automovil,Sin Registro,Conductor,Masculino,No,Sin Registro,Herido,Choque,Adelantar en zona prohibida,Calle 26 B Sur Carrera 42 B,Sin Registro,Urbana,"(6.176911315, -75.58005899)"
2181306,05/15/2018,6:08 p.m.,Martes,Motocicleta,Sin Registro,Motociclista,Masculino,No,Sin Registro,Herido,Choque,Adelantar en zona prohibida,Calle 26 B Sur Carrera 42 B,Sin Registro,Urbana,"(6.176911315, -75.58005899)"
2181320,05/15/2018,3:10 p.m.,Martes,Camion,Sin Registro,Conductor,Masculino,No,Sin Registro,Solo Daños,Choque,Desobedecer senales,Tramo 372 Kilometro  16,Sin Registro,Rural,
2181320,05/15/2018,3:10 p.m.,Martes,Camioneta,Sin Registro,Conductor,Masculino,No,Sin Registro,Solo Daños,Choque,Desobedecer senales,Tramo 372 Kilometro  16,Sin Registro,Rural,
2181300,05/15/2018,6:20 a.m.,Martes,Buseta,Sin Registro,Conductor,Masculino,No,Sin Registro,Solo Daños,Choque,No respetar pelacion de interseccion o giros,Carrera 49 Calle 39 B Sur,Sin Registro,Urbana,"(6.173609359, -75.59707057)"
2181300,05/15/2018,6:20 a.m.,Martes,Automovil,Sin Registro,Conductor,Masculino,No,Sin Registro,Solo Daños,Choque,No respetar pelacion de interseccion o giros,Carrera 49 Calle 39 B Sur,Las Vegas,Urbana,"(6.173609359, -75.59707057)"
2181321,05/15/2018,6:20 p.m.,Martes,Bus,Sin Registro,Conductor,Masculino,No,Sin Registro,Solo Daños,Choque,Adelantar en zona prohibida,Carrera 27 Calle 27  Sur,La Inmaculada,Urbana,"(6.172298689, -75.56780953)"
2181321,05/15/2018,6:20 p.m.,Martes,Automovil,Sin Registro,Conductor,Masculino,No,Sin Registro,Solo Daños,Choque,Adelantar en zona prohibida,Carrera 27 Calle 27  Sur,La Inmaculada,Urbana,"(6.172298689, -75.56780953)"
2181328,05/15/2018,5:40 a.m.,Martes,Automovil,Sin Registro,Conductor,Femenino,No,Sin Registro,Solo Daños,Choque,No mantener distancia de seguridad,Calle 37  Sur Carrera 50,Las Vegas,Urbana,
2181328,05/15/2018,5:40 a.m.,Martes,Camion,Sin Registro,Conductor,Masculino,No,Sin Registro,Solo Daños,Choque,No mantener distancia de seguridad,Calle 37  Sur Carrera 50,Las Vegas,Urbana,
2181301,05/15/2018,10:50 a.m.,Martes,Campero,Sin Registro,Conductor,Femenino,No,Sin Registro,Solo Daños,Choque,Poner en marcha un vehiculo sin precauci,Calle 37  Sur Carrera 43,Zona Centro,Urbana,"(6.170662973, -75.58744852)"
2181301,05/15/2018,10:50 a.m.,Martes,Automovil,Sin Registro,Conductor,Masculino,No,Sin Registro,Solo Daños,Choque,Poner en marcha un vehiculo sin precauci,Calle 37  Sur Carrera 43,Zona Centro,Urbana,"(6.170662973, -75.58744852)"
2181314,05/16/2018,12:00 a.m.,Miércoles,Motocicleta,Sin Registro,Motociclista,Masculino,No,Sin Registro,Herido,Choque,Desobedecer senales,Calle 41 AA Sur Carrera 29,San Rafael,Urbana,"(6.15839206, -75.58495565)"
2181314,05/16/2018,12:00 a.m.,Miércoles,Automovil,Sin Registro,Conductor,Femenino,No,Sin Registro,Herido,Choque,Desobedecer senales,Calle 41 AA Sur Carrera 29,San Rafael,Urbana,"(6.15839206, -75.58495565)"
2181303,05/16/2018,3:00 p.m.,Miércoles,Automovil,Sin Registro,Conductor,Masculino,No,Sin Registro,Herido,Choque,Adelantar invadiendo carril del mismo sentido en zigzag,Calle 38  Sur Carrera 40 A,Zona Centro,Urbana,"(6.169040015, -75.58626825)"
2181303,05/16/2018,3:00 p.m.,Miércoles,Motocicleta,Sin Registro,Motociclista,Masculino,No,Sin Registro,Herido,Choque,Adelantar invadiendo carril del mismo sentido en zigzag,Calle 38  Sur Carrera 40 A,Zona Centro,Urbana,"(6.169040015, -75.58626825)"
2181315,05/16/2018,4:00 p.m.,Miércoles,Campero,Sin Registro,Conductor,Masculino,No,Sin Registro,Herido,Choque,Impericia en el manejo,Calle 37  Sur Carrera 46 A,Alcala,Urbana,"(6.173105489, -75.59126093)"
2181315,05/16/2018,4:00 p.m.,Miércoles,Motocicleta,Sin Registro,Motociclista,Masculino,No,Sin Registro,Herido,Choque,Impericia en el manejo,Calle 37  Sur Carrera 46 A,Alcala,Urbana,"(6.173105489, -75.59126093)"
2181324,05/16/2018,4:00 p.m.,Miércoles,Camion,Sin Registro,Conductor,Masculino,No,Sin Registro,Solo Daños,Choque,Reverso imprudente,Calle 27  Sur Carrera 27,El Esmeraldal,Urbana,"(6.17243521, -75.56787192)"
2181324,05/16/2018,4:00 p.m.,Miércoles,Automovil,Sin Registro,Conductor,Masculino,No,Sin Registro,Solo Daños,Choque,Reverso imprudente,Calle 27  Sur Carrera 27,El Esmeraldal,Urbana,"(6.17243521, -75.56787192)"
2181316,05/16/2018,2:05 p.m.,Miércoles,Motocicleta,Sin Registro,Motociclista,Masculino,No,Sin Registro,Herido,Otro,Impericia en el manejo,Calle 39  Sur Carrera 27 B,El Chinguí,Urbana,"(6.159217585, -75.57883462)"
2181325,05/16/2018,10:30 a.m.,Miércoles,Bus,Sin Registro,Conductor,Sin Registro,No,Sin Registro,Solo Daños,Choque,Desobedecer senales,Carrera 27 Calle 23  Sur,Zuñiga,Urbana,"(6.176588834, -75.56744599)"
2181325,05/16/2018,10:30 a.m.,Miércoles,Automovil,Sin Registro,Conductor,Femenino,No,Sin Registro,Solo Daños,Choque,Desobedecer senales,Carrera 27 Calle 23  Sur,Zuñiga,Urbana,"(6.176588834, -75.56744599)"
2181312,05/16/2018,9:30 p.m.,Miércoles,Automovil,Sin Registro,Conductor,Masculino,No,Sin Registro,Solo Daños,Choque,Impericia en el manejo,Calle 34 DD Sur Carrera 27 F,Alto De Misael,Urbana,"(6.1706621, -75.57577272)"
2181312,05/16/2018,9:30 p.m.,Miércoles,Automovil,Sin Registro,Conductor,Masculino,No,Sin Registro,Solo Daños,Choque,Impericia en el manejo,Calle 34 DD Sur Carrera 27 F,Alto De Misael,Urbana,"(6.1706621, -75.57577272)"
2181307,05/16/2018,10:40 a.m.,Miércoles,Motocicleta,Sin Registro,Motociclista,Masculino,No,Sin Registro,Solo Daños,Choque,No mantener distancia de seguridad,Carrera 50 Calle 43  Sur,Las Vegas,Urbana,
2181307,05/16/2018,10:40 a.m.,Miércoles,Automovil,Sin Registro,Conductor,Masculino,No,Sin Registro,Solo Daños,Choque,No mantener distancia de seguridad,Carrera 50 Calle 43  Sur,Las Vegas,Urbana,
2181308,05/16/2018,10:40 a.m.,Miércoles,Automovil,Sin Registro,Conductor,Femenino,No,Sin Registro,Solo Daños,Choque,Adelantar cerrando,Carrera 50 Calle 46 A Sur,Las Vegas,Urbana,"(6.16131219, -75.60319818)"
2181326,05/16/2018,7:40 a.m.,Miércoles,Automovil,Sin Registro,Conductor,Femenino,No,Sin Registro,Solo Daños,Choque,Reverso imprudente,Carrera 43 A Calle 40  Sur,Zona Centro,Urbana,"(6.168044687, -75.59026877)"
2181326,05/16/2018,7:40 a.m.,Miércoles,Automovil,Sin Registro,Conductor,Masculino,No,Sin Registro,Solo Daños,Choque,Reverso imprudente,Carrera 43 A Calle 40  Sur,Zona Centro,Urbana,"(6.168044687, -75.59026877)"
2181308,05/16/2018,10:40 a.m.,Miércoles,Camion,Sin Registro,Conductor,Masculino,No,Sin Registro,Solo Daños,Choque,Adelantar cerrando,Carrera 50 Calle 46 A Sur,Las Vegas,Urbana,"(6.16131219, -75.60319818)"