RADICADO,FECHA,HORA,DÍA DE LA SEMANA,CLASE DE VEHICULO,TIPO DE SERVICIO,TIPO DE VICTIMA,SEXO,ESTADO DE BEODEZ,RESULTADO DE BEODEZ,GRAVEDAD,CLASE DE ACCIDENTE,CAUSA,DIRECCIÓN,BARRIO,AREA,Coordenadas
2181304,05/16/2018,9:45 p.m.,Miércoles,Motocicleta,Sin Registro,Motociclista,Masculino,No,Sin Registro,Herido,Choque,Semaforo en rojo,Carrera 43 A Calle 25  Sur,Avenida El Poblado,Urbana,"(6.181616833, -75.58185727)"
2181304,05/16/2018,9:45 p.m.,Miércoles,Motocicleta,Sin Registro,Motociclista,Femenino,No,Sin Registro,Herido,Choque,Semaforo en rojo,Carrera 43 A Calle 25  Sur,Avenida El Poblado,Urbana,"(6.181616833, -75.58185727)"
2181313,05/16/2018,9:50 p.m.,Miércoles,Automovil,Sin Registro,Conductor,Masculino,No,Sin Registro,Solo Daños,Choque,No respetar prelacion,Carrera 48 Calle 50  Sur,Las Vegas,Urbana,
2181313,05/16/2018,9:50 p.m.,Miércoles,Automovil,Sin Registro,Conductor,Masculino,No,Sin Registro,Solo Daños,Choque,No respetar prelacion,Carrera 48 Calle 50  Sur,Las Vegas,Urbana,
2181340,05/17/2018,9:05 a.m.,Jueves,Camion,Sin Registro,Conductor,Masculino,No,Sin Registro,Solo Daños,Choque,Adelantar invadiendo carril de sentido contrario,Calle 40  Sur Carrera 27 A,La Mina,Urbana,"(6.158366235, -75.58080793)"
2181340,05/17/2018,9:05 a.m.,Jueves,Motocicleta,Sin Registro,Motociclista,Masculino,No,Sin Registro,Solo Daños,Choque,Adelantar invadiendo carril de sentido contrario,Calle 40  Sur Carrera 27 A,La Mina,Urbana,"(6.158366235, -75.58080793)"
2181340,05/17/2018,9:05 a.m.,Jueves,Bus,Sin Registro,Conductor,Masculino,No,Sin Registro,Solo Daños,Choque,Adelantar invadiendo carril de sentido contrario,Calle 40  Sur Carrera 27 A,La Mina,Urbana,"(6.158366235, -75.58080793)"
2181327,05/17/2018,3:10 p.m.,Jueves,Automovil,Sin Registro,Conductor,Femenino,No,Sin Registro,Solo Daños,Choque,Impericia en el manejo,Calle 39  Sur Carrera 39,Zona Centro,Urbana,"(6.166978259, -75.58604492)"
2181327,05/17/2018,3:10 p.m.,Jueves,Motocicleta,Sin Registro,Motociclista,Femenino,No,Sin Registro,Solo Daños,Choque,Impericia en el manejo,Calle 39  Sur Carrera 39,Zona Centro,Urbana,"(6.166978259, -75.58604492)"
2181365,05/17/2018,5:10 p.m.,Jueves,Camioneta,Sin Registro,Conductor,Femenino,No,Sin Registro,Solo Daños,Choque,No respetar pelacion de interseccion o giros,Calle 37  Sur Carrera 48,Las Vegas,Urbana,"(6.17412211, -75.59306111)"
2181365,05/17/2018,5:10 p.m.,Jueves,Automovil,Sin Registro,Conductor,Femenino,No,Sin Registro,Solo Daños,Choque,No respetar pelacion de interseccion o giros,Calle 37  Sur Carrera 48,Las Vegas,Urbana,"(6.17412211, -75.59306111)"
2181322,05/17/2018,9:10 a.m.,Jueves,Camioneta,Sin Registro,Conductor,Femenino,No,Sin Registro,Solo Daños,Choque,No mantener distancia de seguridad,Carrera 48 Calle 43  Sur,Las Vegas,Urbana,"(6.168335134, -75.59723358)"
2181322,05/17/2018,9:10 a.m.,Jueves,Motocicleta,Sin Registro,Motociclista,Masculino,No,Sin Registro,Solo Daños,Choque,No mantener distancia de seguridad,Carrera 48 Calle 43  Sur,Las Vegas,Urbana,"(6.168335134, -75.59723358)"
2181343,05/17/2018,3:15 p.m.,Jueves,Automovil,Sin Registro,Conductor,Masculino,No,Sin Registro,Herido,Choque,Transitar entre vehiculos,Carrera 50 Calle 26  Sur,Las Vegas,Urbana,"(6.184812544, -75.58691109)"
2181343,05/17/2018,3:15 p.m.,Jueves,Motocicleta,Sin Registro,Motociclista,Masculino,No,Sin Registro,Herido,Choque,Transitar entre vehiculos,Carrera 50 Calle 26  Sur,Las Vegas,Urbana,"(6.184812544, -75.58691109)"
2181339,05/17/2018,7:30 p.m.,Jueves,Automovil,Sin Registro,Conductor,Sin Registro,No,Sin Registro,Herido,Atropello,Arrancar sin precaucion,Carrera 48 Calle 19  Sur,Zuñiga,Urbana,"(6.187349001, -75.58153568)"
2181339,05/17/2018,7:30 p.m.,Jueves,Automovil,Sin Registro,Conductor,Sin Registro,No,Sin Registro,Herido,Atropello,Exceso de velocidad,Carrera 48 Calle 19  Sur,Zuñiga,Urbana,"(6.187349001, -75.58153568)"
2181345,05/17/2018,6:30 a.m.,Jueves,Automovil,Sin Registro,Conductor,Femenino,No,Sin Registro,Herido,Choque,No mantener distancia de seguridad,Carrera 50 Calle 37  Sur,Las Vegas,Urbana,
2181345,05/17/2018,6:30 a.m.,Jueves,Motocicleta,Sin Registro,Motociclista,Femenino,No,Sin Registro,Herido,Choque,No mantener distancia de seguridad,Carrera 50 Calle 37  Sur,Las Vegas,Urbana,
2181319,05/17/2018,7:30 a.m.,Jueves,Camioneta,Sin Registro,Conductor,Femenino,No,Sin Registro,Solo Daños,Choque,No mantener distancia de seguridad,Tramo 372 Kilometro  13,Vereda Palmas,Rural,
2181319,05/17/2018,7:30 a.m.,Jueves,Motocicleta,Sin Registro,Motociclista,Masculino,No,Sin Registro,Solo Daños,Choque,No mantener distancia de seguridad,Tramo 372 Kilometro  13,Vereda Palmas,Rural,
2181317,05/17/2018,3:45 p.m.,Jueves,Camioneta,Sin Registro,Conductor,Masculino,No,Sin Registro,Herido,Choque,No mantener distancia de seguridad,Carrera 50 Calle 26  Sur,Las Vegas,Urbana,"(6.184812544, -75.58691109)"
2181317,05/17/2018,3:45 p.m.,Jueves,Motocicleta,Sin Registro,Motociclista,Masculino,No,Sin Registro,Herido,Choque,No mantener distancia de seguridad,Carrera 50 Calle 26  Sur,Las Vegas,Urbana,"(6.184812544, -75.58691109)"
2181323,05/17/2018,6:45 a.m.,Jueves,Automovil,Sin Registro,Conductor,Femenino,No,Sin Registro,Solo Daños,Choque,No mantener distancia de seguridad,Carrera 48 Calle 39 A Sur,Las Vegas,Urbana,"(6.17097263, -75.59431326)"
2181323,05/17/2018,6:45 a.m.,Jueves,Automovil,Sin Registro,Conductor,Femenino,No,Sin Registro,Solo Daños,Choque,No mantener distancia de seguridad,Carrera 48 Calle 39 A Sur,Las Vegas,Urbana,"(6.17097263, -75.59431326)"
2181341,05/17/2018,2:50 p.m.,Jueves,Motocicleta,Sin Registro,Motociclista,Masculino,No,Sin Registro,Herido,Atropello,Exceso de velocidad,Diagonal 31 Transversal 36  Sur,La Sebastiana,Urbana,"(6.168204377, -75.58020514)"
2181341,05/17/2018,2:50 p.m.,Jueves,Motocicleta,Sin Registro,Motociclista,Masculino,No,Sin Registro,Herido,Atropello,Cruzar sin observar,Diagonal 31 Transversal 36  Sur,La Sebastiana,Urbana,"(6.168204377, -75.58020514)"
2181334,05/18/2018,8:00 p.m.,Viernes,Camioneta,Sin Registro,Conductor,Masculino,No,Sin Registro,Solo Daños,Choque,Desobedecer senales,Tramo 373 Kilometro  7,Vereda Palmas,Rural,
2181334,05/18/2018,8:00 p.m.,Viernes,Motocicleta,Sin Registro,Motociclista,Masculino,No,Sin Registro,Solo Daños,Choque,Desobedecer senales,Tramo 373 Kilometro  7,Vereda Palmas,Rural,
2181333,05/18/2018,6:20 p.m.,Viernes,Automovil,Sin Registro,Conductor,Masculino,No,Sin Registro,Solo Daños,Choque,Girar bruscamente,Calle 39 B Sur Carrera 37,Mesa,Urbana,"(6.165600011, -75.58549797)"
2181333,05/18/2018,6:20 p.m.,Viernes,Motocicleta,Sin Registro,Motociclista,Masculino,No,Sin Registro,Solo Daños,Choque,Girar bruscamente,Calle 39 B Sur Carrera 37,Mesa,Urbana,"(6.165600011, -75.58549797)"
2181349,05/18/2018,3:20 p.m.,Viernes,Automovil,Sin Registro,Conductor,Femenino,No,Sin Registro,Solo Daños,Choque,Girar bruscamente,Transversal 31  Sur Carrera 43,Bucarest,Urbana,"(6.176823564, -75.58539215)"
2181349,05/18/2018,3:20 p.m.,Viernes,Camioneta,Sin Registro,Conductor,Femenino,No,Sin Registro,Solo Daños,Choque,Adelantar cerrando,Transversal 31  Sur Carrera 43,Bucarest,Urbana,"(6.176823564, -75.58539215)"
2181349,05/18/2018,3:20 p.m.,Viernes,Camioneta,Sin Registro,Conductor,Femenino,No,Sin Registro,Solo Daños,Choque,Girar bruscamente,Transversal 31  Sur Carrera 43,Bucarest,Urbana,"(6.176823564, -75.58539215)"
2181349,05/18/2018,3:20 p.m.,Viernes,Automovil,Sin Registro,Conductor,Femenino,No,Sin Registro,Solo Daños,Choque,Adelantar cerrando,Transversal 31  Sur Carrera 43,Bucarest,Urbana,"(6.176823564, -75.58539215)"
2181348,05/18/2018,5:20 p.m.,Viernes,Camioneta,Sin Registro,Conductor,Masculino,No,Sin Registro,Solo Daños,Choque,No mantener distancia de seguridad,Calle 46  Sur Carrera 46,Primavera,Urbana,"(6.164633401, -75.59668961)"
2181348,05/18/2018,5:20 p.m.,Viernes,Camioneta,Sin Registro,Conductor,Masculino,No,Sin Registro,Solo Daños,Choque,No mantener distancia de seguridad,Calle 46  Sur Carrera 46,Primavera,Urbana,"(6.164633401, -75.59668961)"
2181337,05/18/2018,5:30 p.m.,Viernes,Motocicleta,Sin Registro,Motociclista,Masculino,No,Sin Registro,Herido,Choque,No mantener distancia de seguridad,Calle 37  Sur Carrera 49,Las Vegas,Urbana,"(6.174789471, -75.59420424)"
2181337,05/18/2018,5:30 p.m.,Viernes,Automovil,Sin Registro,Conductor,Femenino,No,Sin Registro,Herido,Choque,No mantener distancia de seguridad,Calle 37  Sur Carrera 49,Las Vegas,Urbana,"(6.174789471, -75.59420424)"
2181363,05/18/2018,1:30 p.m.,Viernes,Camion,Sin Registro,Conductor,Masculino,No,Sin Registro,Solo Daños,Choque,No mantener distancia de seguridad,Tramo 373 Kilometro  11,Vereda Palmas,Rural,
2181363,05/18/2018,1:30 p.m.,Viernes,Buseta,Sin Registro,Conductor,Masculino,No,Sin Registro,Solo Daños,Choque,No mantener distancia de seguridad,Tramo 373 Kilometro  11,Vereda Palmas,Rural,
2181335,05/18/2018,8:25 p.m.,Viernes,Bus,Sin Registro,Conductor,Masculino,No,Sin Registro,Solo Daños,Choque,Superficie humeda,Carrera 29 Calle 41  Sur,San Rafael,Urbana,"(6.15811326, -75.58521502)"
2181335,05/18/2018,8:25 p.m.,Viernes,Automovil,Sin Registro,Conductor,Masculino,No,Sin Registro,Solo Daños,Choque,Superficie humeda,Carrera 29 Calle 41  Sur,San Rafael,Urbana,"(6.15811326, -75.58521502)"
2181347,05/18/2018,9:45 a.m.,Viernes,Automovil,Sin Registro,Conductor,Femenino,No,Sin Registro,Solo Daños,Choque,No mantener distancia de seguridad,Carrera 42 Calle 35  Sur,Zona Centro,Urbana,"(6.171623749, -75.58604338)"
2181347,05/18/2018,9:45 a.m.,Viernes,Automovil,Sin Registro,Conductor,Masculino,No,Sin Registro,Solo Daños,Choque,Reverso imprudente,Carrera 42 Calle 35  Sur,Zona Centro,Urbana,"(6.171623749, -75.58604338)"
2181347,05/18/2018,9:45 a.m.,Viernes,Automovil,Sin Registro,Conductor,Masculino,No,Sin Registro,Solo Daños,Choque,No mantener distancia de seguridad,Carrera 42 Calle 35  Sur,Zona Centro,Urbana,"(6.171623749, -75.58604338)"
2181347,05/18/2018,9:45 a.m.,Viernes,Automovil,Sin Registro,Conductor,Femenino,No,Sin Registro,Solo Daños,Choque,Reverso imprudente,Carrera 42 Calle 35  Sur,Zona Centro,Urbana,"(6.171623749, -75.58604338)"
2181332,05/19/2018,10:00 a.m.,Sábado,Automovil,Sin Registro,Conductor,Masculino,No,Sin Registro,Solo Daños,Choque,Reverso imprudente,Carrera 39 Calle 36  Sur,Zona Centro,Urbana,"(6.169632254, -75.58433773)"
2181332,05/19/2018,10:00 a.m.,Sábado,Automovil,Sin Registro,Conductor,Masculino,No,Sin Registro,Solo Daños,Choque,Reverso imprudente,Carrera 39 Calle 36  Sur,Zona Centro,Urbana,"(6.169632254, -75.58433773)"
2181350,05/19/2018,10:00 a.m.,Sábado,Automovil,Sin Registro,Conductor,Masculino,No,Sin Registro,Solo Daños,Choque,No respetar prelacion,Calle 44  Sur Carrera 43 A,Primavera,Urbana,"(6.165598746, -75.59402113)"
2181350,05/19/2018,10:00 a.m.,Sábado,Automovil,Sin Registro,Conductor,Femenino,No,Sin Registro,Solo Daños,Choque,Poner en marcha un vehiculo sin precauci,Calle 44  Sur Carrera 43 A,Primavera,Urbana,"(6.165598746, -75.59402113)"
2181350,05/19/2018,10:00 a.m.,Sábado,Automovil,Sin Registro,Conductor,Femenino,No,Sin Registro,Solo Daños,Choque,No respetar prelacion,Calle 44  Sur Carrera 43 A,Primavera,Urbana,"(6.165598746, -75.59402113)"
2181350,05/19/2018,10:00 a.m.,Sábado,Automovil,Sin Registro,Conductor,Masculino,No,Sin Registro,Solo Daños,Choque,Poner en marcha un vehiculo sin precauci,Calle 44  Sur Carrera 43 A,Primavera,Urbana,"(6.165598746, -75.59402113)"
2181336,05/19/2018,12:00 a.m.,Sábado,Camioneta,Sin Registro,Conductor,Masculino,No,Sin Registro,Solo Daños,Choque,No mantener distancia de seguridad,Carrera 50 Calle 27  Sur,Las Vegas,Urbana,
2181336,05/19/2018,12:00 a.m.,Sábado,Camioneta,Sin Registro,Conductor,Masculino,No,Sin Registro,Solo Daños,Choque,No mantener distancia de seguridad,Carrera 50 Calle 27  Sur,Las Vegas,Urbana,
2181351,05/19/2018,12:05 a.m.,Sábado,Motocicleta,Sin Registro,Motociclista,Masculino,No,Sin Registro,Solo Daños,Choque,Transitar entre vehiculos,Carrera 48 Calle 48 C Sur,Las Vegas,Urbana,"(6.163662083, -75.60174973)"
2181344,05/19/2018,6:10 a.m.,Sábado,Motocicleta,Sin Registro,Motociclista,Masculino,No,Sin Registro,Herido,Choque,Semaforo en rojo,Calle 38  Sur Carrera 29 A,San Jose,Urbana,"(6.165022576, -75.58071311)"
2181344,05/19/2018,6:10 a.m.,Sábado,Motocicleta,Sin Registro,Motociclista,Masculino,No,Sin Registro,Herido,Choque,Semaforo en rojo,Calle 38  Sur Carrera 29 A,San Jose,Urbana,"(6.165022576, -75.58071311)"
2181351,05/19/2018,12:05 a.m.,Sábado,Automovil,Sin Registro,Conductor,Masculino,No,Sin Registro,Solo Daños,Choque,Desobedecer senales,Carrera 48 Calle 48 C Sur,Las Vegas,Urbana,"(6.163662083, -75.60174973)"
2181351,05/19/2018,12:05 a.m.,Sábado,Automovil,Sin Registro,Conductor,Masculino,No,Sin Registro,Solo Daños,Choque,Transitar entre vehiculos,Carrera 48 Calle 48 C Sur,Las Vegas,Urbana,"(6.163662083, -75.60174973)"
2181351,05/19/2018,12:05 a.m.,Sábado,Motocicleta,Sin Registro,Motociclista,Masculino,No,Sin Registro,Solo Daños,Choque,Desobedecer senales,Carrera 48 Calle 48 C Sur,Las Vegas,Urbana,"(6.163662083, -75.60174973)"
2181351,05/19/2018,12:05 a.m.,Sábado,Motocicleta,Sin Registro,Motociclista,Masculino,No,Sin Registro,Solo Daños,Choque,Transitar entre vehiculos,Carrera 48 Calle 48 C Sur,Las Vegas,Urbana,"(6.163662083, -75.60174973)"
2181351,05/19/2018,12:05 a.m.,Sábado,Motocicleta,Sin Registro,Motociclista,Masculino,No,Sin Registro,Solo Daños,Choque,Desobedecer senales,Carrera 48 Calle 48 C Sur,Las Vegas,Urbana,"(6.163662083, -75.60174973)"
2181346,05/19/2018,6:15 a.m.,Sábado,Bus,Sin Registro,Conductor,Masculino,No,Sin Registro,Solo Daños,Choque,Desobedecer senales,Carrera 41 Calle 40 D Sur,El Dorado,Urbana,"(6.165952872, -75.58873654)"
2181346,05/19/2018,6:15 a.m.,Sábado,Motocicleta,Sin Registro,Motociclista,Masculino,Si,2,Solo Daños,Choque,Embriaguez o droga,Carrera 41 Calle 40 D Sur,El Dorado,Urbana,"(6.165952872, -75.58873654)"
2181346,05/19/2018,6:15 a.m.,Sábado,Motocicleta,Sin Registro,Motociclista,Masculino,Si,2,Solo Daños,Choque,Desobedecer senales,Carrera 41 Calle 40 D Sur,El Dorado,Urbana,"(6.165952872, -75.58873654)"
2181346,05/19/2018,6:15 a.m.,Sábado,Bus,Sin Registro,Conductor,Masculino,No,Sin Registro,Solo Daños,Choque,Embriaguez o droga,Carrera 41 Calle 40 D Sur,El Dorado,Urbana,"(6.165952872, -75.58873654)"
2181342,05/19/2018,4:20 p.m.,Sábado,Motocicleta,Sin Registro,Motociclista,Femenino,No,Sin Registro,Herido,Caida Ocupante,Impericia en el manejo,Calle 39  Sur Carrera 25 B,El Chinguí,Urbana,"(6.157563812, -75.57922413)"
2181352,05/19/2018,12:50 a.m.,Sábado,Automovil,Sin Registro,Conductor,Femenino,No,Sin Registro,Solo Daños,Choque,No mantener distancia de seguridad,Carrera 27 Calle 23  Sur,La Inmaculada,Urbana,"(6.176588834, -75.56744599)"
2181352,05/19/2018,12:50 a.m.,Sábado,Campero,Sin Registro,Conductor,Masculino,No,Sin Registro,Solo Daños,Choque,No mantener distancia de seguridad,Carrera 27 Calle 23  Sur,La Inmaculada,Urbana,"(6.176588834, -75.56744599)"
2181353,05/20/2018,3:00 p.m.,Domingo,Automovil,Sin Registro,Conductor,Masculino,No,Sin Registro,Solo Daños,Choque,No mantener distancia de seguridad,Calle 40  Sur Carrera 46,Alcala,Urbana,"(6.169002847, -75.59390017)"
2181353,05/20/2018,3:00 p.m.,Domingo,Automovil,Sin Registro,Conductor,Masculino,No,Sin Registro,Solo Daños,Choque,No mantener distancia de seguridad,Calle 40  Sur Carrera 46,Alcala,Urbana,"(6.169002847, -75.59390017)"
2181361,05/20/2018,11:00 a.m.,Domingo,Automovil,Sin Registro,Conductor,Masculino,No,Sin Registro,Solo Daños,Choque,Impericia en el manejo,Calle 40 DD Sur Carrera 39,El Dorado,Urbana,"(6.163340481, -75.58836246)"
2181329,05/20/2018,2:00 p.m.,Domingo,Automovil,Sin Registro,Conductor,Masculino,No,Sin Registro,Solo Daños,Volcamiento,Superficie humeda,Tramo 372 Kilometro  15,Vereda Palmas,Rural,
2181331,05/20/2018,11:15 a.m.,Domingo,Bus,Sin Registro,Conductor,Masculino,No,Sin Registro,Solo Daños,Choque,Desobedecer senales,Tramo 372 Kilometro  16,Vereda Palmas,Rural,
2181331,05/20/2018,11:15 a.m.,Domingo,Motocicleta,Sin Registro,Motociclista,Masculino,No,Sin Registro,Solo Daños,Choque,Desobedecer senales,Tramo 372 Kilometro  16,Vereda Palmas,Rural,
2181338,05/20/2018,1:50 a.m.,Domingo,Automovil,Sin Registro,Conductor,Masculino,No,Sin Registro,Solo Daños,Choque,No mantener distancia de seguridad,Carrera 43 A Calle 25 A Sur,Avenida El Poblado,Urbana,"(6.181504184, -75.5817415)"
2181338,05/20/2018,1:50 a.m.,Domingo,Camioneta,Sin Registro,Conductor,Masculino,No,Sin Registro,Solo Daños,Choque,No mantener distancia de seguridad,Carrera 43 A Calle 25 A Sur,Avenida El Poblado,Urbana,"(6.181504184, -75.5817415)"
2181338,05/20/2018,1:50 a.m.,Domingo,Automovil,Sin Registro,Conductor,Masculino,No,Sin Registro,Solo Daños,Choque,No mantener distancia de seguridad,Carrera 43 A Calle 25 A Sur,Avenida El Poblado,Urbana,"(6.181504184, -75.5817415)"
2181338,05/20/2018,1:50 a.m.,Domingo,Automovil,Sin Registro,Conductor,Masculino,No,Sin Registro,Solo Daños,Choque,No mantener distancia de seguridad,Carrera 43 A Calle 25 A Sur,Avenida El Poblado,Urbana,"(6.181504184, -75.5817415)"
2181330,05/20/2018,4:50 p.m.,Domingo,Automovil,Sin Registro,Conductor,Masculino,No,Sin Registro,Solo Daños,Choque,Obstaculos en la via,Tramo 372 Kilometro  16,Vereda Palmas,Rural,
2181359,05/21/2018,7:00 p.m.,Lunes,Motocicleta,Sin Registro,Motociclista,Masculino,No,Sin Registro,Solo Daños,Choque,Adelantar por la derecha,Carrera 48 Calle 25  Sur,Las Vegas,Urbana,"(6.185059174, -75.58329333)"
2181359,05/21/2018,7:00 p.m.,Lunes,Camioneta,Sin Registro,Conductor,Femenino,No,Sin Registro,Solo Daños,Choque,Adelantar por la derecha,Carrera 48 Calle 25  Sur,Las Vegas,Urbana,"(6.185059174, -75.58329333)"
2181356,05/21/2018,11:00 a.m.,Lunes,Camion,Sin Registro,Conductor,Masculino,No,Sin Registro,Solo Daños,Choque,Adelantar cerrando,Carrera 48 Calle 36 A Sur,Las Vegas,Urbana,"(6.173906662, -75.59187541)"
2181373,05/21/2018,2:00 p.m.,Lunes,Camion,Sin Registro,Conductor,Masculino,No,Sin Registro,Solo Daños,Choque,Girar bruscamente,Diagonal 31 E Transversal 34  Sur,Las Flores,Urbana,"(6.172689669, -75.57882729)"
2181373,05/21/2018,2:00 p.m.,Lunes,Automovil,Sin Registro,Conductor,Femenino,No,Sin Registro,Solo Daños,Choque,Girar bruscamente,Diagonal 31 E Transversal 34  Sur,Las Flores,Urbana,"(6.172689669, -75.57882729)"
2181356,05/21/2018,11:00 a.m.,Lunes,Motocicleta,Sin Registro,Motociclista,Masculino,No,Sin Registro,Solo Daños,Choque,Adelantar cerrando,Carrera 48 Calle 36 A Sur,Las Vegas,Urbana,"(6.173906662, -75.59187541)"
2181354,05/21/2018,9:20 p.m.,Lunes,Motocicleta,Sin Registro,Motociclista,Masculino,No,Sin Registro,Solo Daños,Choque,No respetar prelacion,Carrera 42 D Calle 50  Sur,La Inmaculada,Urbana,"(6.158953929, -75.60157444)"
2181354,05/21/2018,9:20 p.m.,Lunes,Campero,Sin Registro,Conductor,Masculino,No,Sin Registro,Solo Daños,Choque,No respetar prelacion,Carrera 42 D Calle 50  Sur,La Inmaculada,Urbana,"(6.158953929, -75.60157444)"
2181355,05/21/2018,4:25 p.m.,Lunes,Bus,Sin Registro,Conductor,Masculino,No,Sin Registro,Solo Daños,Choque,No mantener distancia de seguridad,Carrera 39 Calle 38  Sur,Zona Centro,Urbana,"(6.168272399, -75.58522092)"
2181355,05/21/2018,4:25 p.m.,Lunes,Automovil,Sin Registro,Conductor,Masculino,No,Sin Registro,Solo Daños,Choque,No mantener distancia de seguridad,Carrera 39 Calle 38  Sur,Zona Centro,Urbana,"(6.168272399, -75.58522092)"
2181358,05/21/2018,7:30 p.m.,Lunes,Automovil,Sin Registro,Conductor,Masculino,No,Sin Registro,Herido,Choque,No respetar pelacion de interseccion o giros,Calle 38  Sur Carrera 38,Mesa,Urbana,"(6.16803936, -75.58469435)"
2181358,05/21/2018,7:30 p.m.,Lunes,Motocicleta,Sin Registro,Motociclista,Masculino,No,Sin Registro,Herido,Choque,Desobedecer senales,Calle 38  Sur Carrera 38,Mesa,Urbana,"(6.16803936, -75.58469435)"
2181358,05/21/2018,7:30 p.m.,Lunes,Motocicleta,Sin Registro,Motociclista,Masculino,No,Sin Registro,Herido,Choque,No respetar pelacion de interseccion o giros,Calle 38  Sur Carrera 38,Mesa,Urbana,"(6.16803936, -75.58469435)"
2181358,05/21/2018,7:30 p.m.,Lunes,Automovil,Sin Registro,Conductor,Masculino,No,Sin Registro,Herido,Choque,Desobedecer senales,Calle 38  Sur Carrera 38,Mesa,Urbana,"(6.16803936, -75.58469435)"
2181357,05/21/2018,5:40 p.m.,Lunes,Automovil,Sin Registro,Conductor,Masculino,No,Sin Registro,Solo Daños,Choque,Adelantar cerrando,Calle 36 D Sur Carrera 27,Vereda El Escobero,Urbana,"(6.162479576, -75.57022257)"
2181357,05/21/2018,5:40 p.m.,Lunes,Motocicleta,Sin Registro,Motociclista,Masculino,No,Sin Registro,Solo Daños,Choque,Adelantar cerrando,Calle 36 D Sur Carrera 27,Vereda El Escobero,Urbana,"(6.162479576, -75.57022257)"
2181364,05/21/2018,6:50 a.m.,Lunes,Automovil,Sin Registro,Conductor,Masculino,No,Sin Registro,Solo Daños,Choque,No mantener distancia de seguridad,Calle 26 B Sur Carrera 42 B,Las Orquideas,Urbana,"(6.176911315, -75.58005899)"
2181364,05/21/2018,6:50 a.m.,Lunes,Automovil,Sin Registro,Conductor,Masculino,No,Sin Registro,Solo Daños,Choque,No mantener distancia de seguridad,Calle 26 B Sur Carrera 42 B,Las Orquideas,Urbana,"(6.176911315, -75.58005899)"
2181362,05/21/2018,7:56 p.m.,Lunes,Bicicleta,Sin Registro,Ciclista,Masculino,No,Sin Registro,Herido,Choque,Impericia en el manejo,Carrera 32 B Calle 40 F Sur,El Dorado,Urbana,"(6.162538385, -75.58471789)"
2181367,05/22/2018,4:05 p.m.,Martes,Bus,Sin Registro,Conductor,Masculino,No,Sin Registro,Solo Daños,Choque,Impericia en el manejo,Carrera 43 Calle 32 A Sur,Avenida El Poblado,Urbana,"(6.174730521, -75.58521526)"
2181367,05/22/2018,4:05 p.m.,Martes,Bus,Sin Registro,Conductor,Masculino,No,Sin Registro,Solo Daños,Choque,Exceso de velocidad,Carrera 43 Calle 32 A Sur,Avenida El Poblado,Urbana,"(6.174730521, -75.58521526)"
2181366,05/22/2018,8:55 a.m.,Martes,Campero,Sin Registro,Conductor,Femenino,No,Sin Registro,Solo Daños,Choque,Transitar entre vehiculos,Carrera 42 Calle 39  Sur,Zona Centro,Urbana,"(6.168170129, -75.58814193)"
2181366,05/22/2018,8:55 a.m.,Martes,Motocicleta,Sin Registro,Motociclista,Masculino,No,Sin Registro,Solo Daños,Choque,Transitar entre vehiculos,Carrera 42 Calle 39  Sur,Zona Centro,Urbana,"(6.168170129, -75.58814193)"
2181372,05/23/2018,12:00 a.m.,Miércoles,Motocicleta,Sin Registro,Motociclista,Masculino,No,Sin Registro,Herido,Choque,Adelantar en zona prohibida,Tramo 373 Kilometro  7,Vereda Palmas,Rural,
2181372,05/23/2018,12:00 a.m.,Miércoles,Bicicleta,Sin Registro,Ciclista,Masculino,No,Sin Registro,Herido,Choque,Adelantar en zona prohibida,Tramo 373 Kilometro  7,Vereda Palmas,Rural,
2181391,05/24/2018,2:30 p.m.,Jueves,Campero,Sin Registro,Conductor,Femenino,No,Sin Registro,Solo Daños,Choque,Impericia en el manejo,Carrera 43 A Calle 27  Sur,Ponte Vedra,Urbana,"(6.179697995, -75.58317722)"
2181369,05/23/2018,5:00 a.m.,Miércoles,Camioneta,Sin Registro,Conductor,Masculino,No,Sin Registro,Solo Daños,Choque,Exceso de velocidad,Carrera 27 G Calle 36 D Sur,Vereda El Escobero,Urbana,"(6.166212839, -75.57691411)"
2181369,05/23/2018,5:00 a.m.,Miércoles,Camioneta,Sin Registro,Conductor,Masculino,No,Sin Registro,Solo Daños,Choque,Impericia en el manejo,Carrera 27 G Calle 36 D Sur,Vereda El Escobero,Urbana,"(6.166212839, -75.57691411)"
2181383,05/23/2018,8:05 a.m.,Miércoles,Buseta,Sin Registro,Conductor,Masculino,No,Sin Registro,Solo Daños,Choque,No mantener distancia de seguridad,Tramo 372 Kilometro  16,Vereda Palmas,Rural,
2181383,05/23/2018,8:05 a.m.,Miércoles,Motocicleta,Sin Registro,Motociclista,Masculino,No,Sin Registro,Solo Daños,Choque,No mantener distancia de seguridad,Tramo 372 Kilometro  16,Vereda Palmas,Rural,
2181415,05/23/2018,7:10 a.m.,Miércoles,Automovil,Sin Registro,Conductor,Masculino,No,Sin Registro,Herido,Choque,No mantener distancia de seguridad,Tramo 372 Kilometro  14,Vereda Palmas,Rural,
2181415,05/23/2018,7:10 a.m.,Miércoles,Camioneta,Sin Registro,Conductor,Masculino,No,Sin Registro,Herido,Choque,No mantener distancia de seguridad,Tramo 372 Kilometro  14,Vereda Palmas,Rural,
2181415,05/23/2018,7:10 a.m.,Miércoles,Motocicleta,Sin Registro,Motociclista,Masculino,No,Sin Registro,Herido,Choque,No mantener distancia de seguridad,Tramo 372 Kilometro  14,Vereda Palmas,Rural,