RADICADO,FECHA,HORA,DÍA DE LA SEMANA,CLASE DE VEHICULO,TIPO DE SERVICIO,TIPO DE VICTIMA,SEXO,ESTADO DE BEODEZ,RESULTADO DE BEODEZ,GRAVEDAD,CLASE DE ACCIDENTE,CAUSA,DIRECCIÓN,BARRIO,AREA,Coordenadas
2181368,05/23/2018,7:25 a.m.,Miércoles,Motocicleta,Sin Registro,Motociclista,Femenino,No,Sin Registro,Herido,Caida Ocupante,Impericia en el manejo,Diagonal 31 Transversal 32 D Sur,Las Flores,Urbana,"(6.17448507, -75.57869593)"
2181387,05/23/2018,10:30 a.m.,Miércoles,Campero,Sin Registro,Conductor,Masculino,No,Sin Registro,Solo Daños,Choque,Impericia en el manejo,Diagonal 31 Transversal 36 A Sur,Manuel Uribe Angel,Urbana,"(6.167967817, -75.58028177)"
2181387,05/23/2018,10:30 a.m.,Miércoles,Camion,Sin Registro,Conductor,Masculino,No,Sin Registro,Solo Daños,Choque,Impericia en el manejo,Diagonal 31 Transversal 36 A Sur,Manuel Uribe Angel,Urbana,"(6.167967817, -75.58028177)"
2181384,05/24/2018,9:00 a.m.,Jueves,Camioneta,Sin Registro,Conductor,Masculino,No,Sin Registro,Solo Daños,Choque,No mantener distancia de seguridad,Carrera 48 Calle 39  Sur,Las Vegas,Urbana,"(6.17163722, -75.59364999)"
2181384,05/24/2018,9:00 a.m.,Jueves,Camioneta,Sin Registro,Conductor,Masculino,No,Sin Registro,Solo Daños,Choque,No mantener distancia de seguridad,Carrera 48 Calle 39  Sur,Las Vegas,Urbana,"(6.17163722, -75.59364999)"
2181382,05/24/2018,6:10 a.m.,Jueves,Automovil,Sin Registro,Conductor,Femenino,No,Sin Registro,Solo Daños,Choque,No mantener distancia de seguridad,Calle 36 D Sur Carrera 27,Vereda El Escobero,Urbana,"(6.162479576, -75.57022257)"
2181382,05/24/2018,6:10 a.m.,Jueves,Motocicleta,Sin Registro,Motociclista,Masculino,No,Sin Registro,Solo Daños,Choque,No mantener distancia de seguridad,Calle 36 D Sur Carrera 27,Vereda El Escobero,Urbana,"(6.162479576, -75.57022257)"
2181407,05/24/2018,11:00 a.m.,Jueves,Camion,Sin Registro,Conductor,Masculino,No,Sin Registro,Solo Daños,Choque,Impericia en el manejo,Calle 26  Sur Carrera 48,Las Vegas,Urbana,"(6.183423583, -75.58542895)"
2181407,05/24/2018,11:00 a.m.,Jueves,Automovil,Sin Registro,Conductor,Masculino,No,Sin Registro,Solo Daños,Choque,Impericia en el manejo,Calle 26  Sur Carrera 48,Las Vegas,Urbana,"(6.183423583, -75.58542895)"
2181377,05/24/2018,6:15 a.m.,Jueves,Bus,Sin Registro,Conductor,Masculino,No,Sin Registro,Herido,Choque,No mantener distancia de seguridad,Calle 38  Sur Carrera 34,Mesa,Urbana,"(6.166700674, -75.58264033)"
2181377,05/24/2018,6:15 a.m.,Jueves,Motocicleta,Sin Registro,Motociclista,Masculino,No,Sin Registro,Herido,Choque,No mantener distancia de seguridad,Calle 38  Sur Carrera 34,Mesa,Urbana,"(6.166700674, -75.58264033)"
2181389,05/24/2018,9:15 a.m.,Jueves,Automovil,Sin Registro,Conductor,Masculino,No,Sin Registro,Solo Daños,Choque,No mantener distancia de seguridad,Diagonal 31 Transversal 34 D,La Sebastiana,Urbana,"(6.17201459, -75.57921611)"
2181389,05/24/2018,9:15 a.m.,Jueves,Camion,Sin Registro,Conductor,Masculino,No,Sin Registro,Solo Daños,Choque,No mantener distancia de seguridad,Diagonal 31 Transversal 34 D,La Sebastiana,Urbana,"(6.17201459, -75.57921611)"
2181378,05/24/2018,1:15 p.m.,Jueves,Motocicleta,Sin Registro,Motociclista,Masculino,No,Sin Registro,Herido,Caida Ocupante,Impericia en el manejo,Calle 45 A Sur Carrera 42 B,La Paz,Urbana,"(6.164010693, -75.59395211)"
2181406,05/24/2018,2:20 p.m.,Jueves,Automovil,Sin Registro,Conductor,Masculino,No,Sin Registro,Solo Daños,Choque,No mantener distancia de seguridad,Tramo 373 Kilometro  10,Vereda Palmas,Rural,
2181406,05/24/2018,2:20 p.m.,Jueves,Automovil,Sin Registro,Conductor,Masculino,No,Sin Registro,Solo Daños,Choque,No mantener distancia de seguridad,Tramo 373 Kilometro  10,Vereda Palmas,Rural,
2181391,05/24/2018,2:30 p.m.,Jueves,Automovil,Sin Registro,Conductor,Masculino,No,Sin Registro,Solo Daños,Choque,Impericia en el manejo,Carrera 43 A Calle 27  Sur,Ponte Vedra,Urbana,"(6.179697995, -75.58317722)"
2181375,05/24/2018,6:40 a.m.,Jueves,Automovil,Sin Registro,Conductor,Masculino,No,Sin Registro,Herido,Choque,Girar bruscamente,Calle 39 B Sur Carrera 28,El Chinguí,Urbana,"(6.160875824, -75.58101028)"
2181375,05/24/2018,6:40 a.m.,Jueves,Motocicleta,Sin Registro,Motociclista,Femenino,No,Sin Registro,Herido,Choque,Girar bruscamente,Calle 39 B Sur Carrera 28,El Chinguí,Urbana,"(6.160875824, -75.58101028)"
2181376,05/24/2018,6:45 a.m.,Jueves,Automovil,Sin Registro,Conductor,Masculino,No,Sin Registro,Herido,Choque,No mantener distancia de seguridad,Carrera 50 Calle 19  Sur,Las Vegas,Urbana,
2181376,05/24/2018,6:45 a.m.,Jueves,Motocicleta,Sin Registro,Motociclista,Masculino,No,Sin Registro,Herido,Choque,No mantener distancia de seguridad,Carrera 50 Calle 19  Sur,Las Vegas,Urbana,
2181390,05/24/2018,6:45 a.m.,Jueves,Automovil,Sin Registro,Conductor,Masculino,No,Sin Registro,Solo Daños,Choque,Impericia en el manejo,Carrera 36 Calle 37  Sur,Zona Centro,Urbana,"(6.1679263, -75.58321289)"
2181390,05/24/2018,6:45 a.m.,Jueves,Automovil,Sin Registro,Conductor,Femenino,No,Sin Registro,Solo Daños,Choque,Impericia en el manejo,Carrera 36 Calle 37  Sur,Zona Centro,Urbana,"(6.1679263, -75.58321289)"
2181374,05/24/2018,7:50 a.m.,Jueves,Camion,Sin Registro,Conductor,Masculino,No,Sin Registro,Herido,Choque,Impericia en el manejo,Carrera 50 Calle 36  Sur,Las Vegas,Urbana,
2181374,05/24/2018,7:50 a.m.,Jueves,Motocicleta,Sin Registro,Motociclista,Femenino,No,Sin Registro,Herido,Choque,Impericia en el manejo,Carrera 50 Calle 36  Sur,Las Vegas,Urbana,
2181399,05/24/2018,5:55 p.m.,Jueves,Automovil,Sin Registro,Conductor,Masculino,No,Sin Registro,Solo Daños,Choque,Impericia en el manejo,Tramo 372 Kilometro  17,Vereda Palmas,Rural,
2181399,05/24/2018,5:55 p.m.,Jueves,Motocicleta,Sin Registro,Motociclista,Masculino,No,Sin Registro,Solo Daños,Choque,Impericia en el manejo,Tramo 372 Kilometro  17,Vereda Palmas,Rural,
2181425,05/25/2018,7:00 a.m.,Viernes,Bus,Sin Registro,Conductor,Masculino,No,Sin Registro,Solo Daños,Choque,No mantener distancia de seguridad,Calle 37  Sur Carrera 50,Las Vegas,Urbana,
2181425,05/25/2018,7:00 a.m.,Viernes,Camioneta,Sin Registro,Conductor,Masculino,No,Sin Registro,Solo Daños,Choque,No mantener distancia de seguridad,Calle 37  Sur Carrera 50,Las Vegas,Urbana,
2181404,05/25/2018,9:15 a.m.,Viernes,Bus,Sin Registro,Conductor,Masculino,No,Sin Registro,Solo Daños,Choque,Arrancar sin precaucion,Calle 25 A Sur Carrera 43 A,Bosques De Zuñiga,Urbana,"(6.181689385, -75.58241799)"
2181404,05/25/2018,9:15 a.m.,Viernes,Automovil,Sin Registro,Conductor,Masculino,No,Sin Registro,Solo Daños,Choque,Arrancar sin precaucion,Calle 25 A Sur Carrera 43 A,Bosques De Zuñiga,Urbana,"(6.181689385, -75.58241799)"
2181401,05/25/2018,4:40 p.m.,Viernes,Bus,Sin Registro,Conductor,Masculino,No,Sin Registro,Solo Daños,Choque,Adelantar invadiendo carril de sentido contrario,Calle 48 FF Sur Carrera 42 D,Loma Del Barro,Urbana,"(6.159085262, -75.59909176)"
2181401,05/25/2018,4:40 p.m.,Viernes,Motocicleta,Sin Registro,Motociclista,Masculino,No,Sin Registro,Solo Daños,Choque,Adelantar invadiendo carril de sentido contrario,Calle 48 FF Sur Carrera 42 D,Loma Del Barro,Urbana,"(6.159085262, -75.59909176)"
2181381,05/25/2018,7:40 a.m.,Viernes,Camioneta,Sin Registro,Conductor,Masculino,No,Sin Registro,Solo Daños,Choque,Impericia en el manejo,Carrera 48 Calle 46  Sur,Las Vegas,Urbana,"(6.166195386, -75.59928549)"
2181381,05/25/2018,7:40 a.m.,Viernes,Motocicleta,Sin Registro,Motociclista,Masculino,No,Sin Registro,Solo Daños,Choque,Impericia en el manejo,Carrera 48 Calle 46  Sur,Las Vegas,Urbana,"(6.166195386, -75.59928549)"
2181397,05/26/2018,10:00 p.m.,Sábado,Motocicleta,Sin Registro,Motociclista,Masculino,No,Sin Registro,Solo Daños,Choque,No mantener distancia de seguridad,Carrera 48 Calle 46  Sur,Las Vegas,Urbana,"(6.166195386, -75.59928549)"
2181397,05/26/2018,10:00 p.m.,Sábado,Motocicleta,Sin Registro,Motociclista,Masculino,No,Sin Registro,Solo Daños,Choque,No mantener distancia de seguridad,Carrera 48 Calle 46  Sur,Las Vegas,Urbana,"(6.166195386, -75.59928549)"
2181424,05/26/2018,6:00 a.m.,Sábado,Automovil,Sin Registro,Conductor,Sin Registro,No,Sin Registro,Solo Daños,Choque,Impericia en el manejo,Calle 50 B Sur Carrera 42 B,Las Casitas,Urbana,"(6.1598422, -75.60285087)"
2181424,05/26/2018,6:00 a.m.,Sábado,Motocicleta,Sin Registro,Motociclista,Masculino,No,Sin Registro,Solo Daños,Choque,Impericia en el manejo,Calle 50 B Sur Carrera 42 B,Las Casitas,Urbana,"(6.1598422, -75.60285087)"
2181393,05/26/2018,1:10 a.m.,Sábado,Camioneta,Sin Registro,Conductor,Masculino,No,Sin Registro,Solo Daños,Choque,Semaforo en rojo,Calle 25  Sur Carrera 48,Las Vegas,Urbana,
2181379,05/26/2018,3:15 a.m.,Sábado,Motocicleta,Sin Registro,Motociclista,Masculino,Si,2,Herido,Choque,Embriaguez o droga,Carrera 41 Calle 40 B Sur,El Dorado,Urbana,"(6.166298108, -75.58821929)"
2181379,05/26/2018,3:15 a.m.,Sábado,Motocicleta,Sin Registro,Motociclista,Femenino,No,Sin Registro,Herido,Choque,Desobedecer senales,Carrera 41 Calle 40 B Sur,El Dorado,Urbana,"(6.166298108, -75.58821929)"
2181379,05/26/2018,3:15 a.m.,Sábado,Motocicleta,Sin Registro,Motociclista,Femenino,No,Sin Registro,Herido,Choque,Embriaguez o droga,Carrera 41 Calle 40 B Sur,El Dorado,Urbana,"(6.166298108, -75.58821929)"
2181395,05/26/2018,12:15 a.m.,Sábado,Motocicleta,Sin Registro,Motociclista,Masculino,No,Sin Registro,Solo Daños,Choque,Carga sobresaliente sin autorizacion,Calle 40  Sur Carrera 46  Sur,Alcala,Urbana,"(6.169002847, -75.59390017)"
2181395,05/26/2018,12:15 a.m.,Sábado,Automovil,Sin Registro,Conductor,Masculino,No,Sin Registro,Solo Daños,Choque,Carga sobresaliente sin autorizacion,Calle 40  Sur Carrera 46  Sur,Alcala,Urbana,"(6.169002847, -75.59390017)"
2181402,05/26/2018,12:15 a.m.,Sábado,Automovil,Sin Registro,Conductor,Femenino,No,Sin Registro,Solo Daños,Choque,No mantener distancia de seguridad,Calle 40  Sur Carrera 42,El Dorado,Urbana,
2181402,05/26/2018,12:15 a.m.,Sábado,Automovil,Sin Registro,Conductor,Masculino,No,Sin Registro,Solo Daños,Choque,No mantener distancia de seguridad,Calle 40  Sur Carrera 42,El Dorado,Urbana,
2181393,05/26/2018,1:10 a.m.,Sábado,Automovil,Sin Registro,Conductor,Masculino,No,Sin Registro,Solo Daños,Choque,Semaforo en rojo,Calle 25  Sur Carrera 48,Las Vegas,Urbana,
2181379,05/26/2018,3:15 a.m.,Sábado,Motocicleta,Sin Registro,Motociclista,Masculino,Si,2,Herido,Choque,Desobedecer senales,Carrera 41 Calle 40 B Sur,El Dorado,Urbana,"(6.166298108, -75.58821929)"
2181426,05/26/2018,12:20 a.m.,Sábado,Automovil,Sin Registro,Conductor,Masculino,No,Sin Registro,Solo Daños,Choque,Poner en marcha un vehiculo sin precauci,Calle 45 A Sur Carrera 39 B,Las Antillas,Urbana,"(6.160320892, -75.59000566)"
2181426,05/26/2018,12:20 a.m.,Sábado,Buseta,Sin Registro,Conductor,Masculino,No,Sin Registro,Solo Daños,Choque,Poner en marcha un vehiculo sin precauci,Calle 45 A Sur Carrera 39 B,Las Antillas,Urbana,"(6.160320892, -75.59000566)"
2181419,05/26/2018,12:25 a.m.,Sábado,Bus,Sin Registro,Conductor,Masculino,No,Sin Registro,Solo Daños,Choque,Impericia en el manejo,Carrera 43 A Calle 31  Sur,San Marcos,Urbana,"(6.176754685, -75.58546897)"
2181419,05/26/2018,12:25 a.m.,Sábado,Automovil,Sin Registro,Conductor,Masculino,No,Sin Registro,Solo Daños,Choque,Impericia en el manejo,Carrera 43 A Calle 31  Sur,San Marcos,Urbana,"(6.176754685, -75.58546897)"
2181385,05/26/2018,2:30 p.m.,Sábado,Camioneta,Sin Registro,Conductor,Masculino,No,Sin Registro,Solo Daños,Choque,No respetar prelacion,Tramo 373 Kilometro  11,Vereda Palmas,Rural,
2181385,05/26/2018,2:30 p.m.,Sábado,Bus,Sin Registro,Conductor,Masculino,No,Sin Registro,Solo Daños,Choque,No respetar prelacion,Tramo 373 Kilometro  11,Vereda Palmas,Rural,
2181388,05/26/2018,5:40 a.m.,Sábado,Automovil,Sin Registro,Conductor,Masculino,No,Sin Registro,Solo Daños,Choque,Impericia en el manejo,Calle 39  Sur Carrera 45,Alcala,Urbana,"(6.169637616, -75.59102301)"
2181400,05/26/2018,4:30 p.m.,Sábado,Motocicleta,Sin Registro,Motociclista,Masculino,No,Sin Registro,Solo Daños,Choque,No mantener distancia de seguridad,Carrera 30 A Calle 40 C Sur,San Jose,Urbana,"(6.161584221, -75.58347574)"
2181400,05/26/2018,4:30 p.m.,Sábado,Automovil,Sin Registro,Conductor,Masculino,No,Sin Registro,Solo Daños,Choque,No mantener distancia de seguridad,Carrera 30 A Calle 40 C Sur,San Jose,Urbana,"(6.161584221, -75.58347574)"
2181396,05/26/2018,11:40 a.m.,Sábado,Automovil,Sin Registro,Conductor,Femenino,No,Sin Registro,Solo Daños,Choque,Impericia en el manejo,Carrera 35 Calle 37  Sur,Mesa,Urbana,"(6.167581073, -75.58268856)"
2181396,05/26/2018,11:40 a.m.,Sábado,Automovil,Sin Registro,Conductor,Sin Registro,No,Sin Registro,Solo Daños,Choque,Impericia en el manejo,Carrera 35 Calle 37  Sur,Mesa,Urbana,"(6.167581073, -75.58268856)"
2181418,05/26/2018,10:30 a.m.,Sábado,Automovil,Sin Registro,Conductor,Masculino,No,Sin Registro,Solo Daños,Choque,Impericia en el manejo,Calle 41  Sur Carrera 42 A,El Dorado,Urbana,"(6.166253993, -75.59137612)"
2181418,05/26/2018,10:30 a.m.,Sábado,Automovil,Sin Registro,Conductor,Masculino,No,Sin Registro,Solo Daños,Choque,Impericia en el manejo,Calle 41  Sur Carrera 42 A,El Dorado,Urbana,"(6.166253993, -75.59137612)"
2181403,05/26/2018,12:30 a.m.,Sábado,Camioneta,Sin Registro,Conductor,Masculino,No,Sin Registro,Solo Daños,Choque,No mantener distancia de seguridad,Carrera 48 Calle 46  Sur,Las Vegas,Urbana,"(6.166195386, -75.59928549)"
2181403,05/26/2018,12:30 a.m.,Sábado,Motocicleta,Sin Registro,Motociclista,Masculino,No,Sin Registro,Solo Daños,Choque,No mantener distancia de seguridad,Carrera 48 Calle 46  Sur,Las Vegas,Urbana,"(6.166195386, -75.59928549)"
2181409,05/26/2018,8:50 p.m.,Sábado,Automovil,Sin Registro,Conductor,Masculino,No,Sin Registro,Solo Daños,Choque,Impericia en el manejo,Calle 45 B Sur Carrera 42 B,La Paz,Urbana,"(6.163155121, -75.59370839)"
2181409,05/26/2018,8:50 p.m.,Sábado,Bus,Sin Registro,Conductor,Masculino,No,Sin Registro,Solo Daños,Choque,Impericia en el manejo,Calle 45 B Sur Carrera 42 B,La Paz,Urbana,"(6.163155121, -75.59370839)"
2181411,05/26/2018,8:50 p.m.,Sábado,Automovil,Sin Registro,Conductor,Masculino,No,Sin Registro,Solo Daños,Choque,Desobedecer senales,Calle 38 A Sur Carrera 39,Mesa,Urbana,"(6.167679571, -75.58567628)"
2181411,05/26/2018,8:50 p.m.,Sábado,Automovil,Sin Registro,Conductor,Femenino,No,Sin Registro,Solo Daños,Choque,Desobedecer senales,Calle 38 A Sur Carrera 39,Mesa,Urbana,"(6.167679571, -75.58567628)"
2181421,05/27/2018,10:00 a.m.,Domingo,Campero,Sin Registro,Conductor,Masculino,No,Sin Registro,Herido,Choque,Adelantar cerrando,Tramo 373 Kilometro  7,Vereda Palmas,Rural,
2181421,05/27/2018,10:00 a.m.,Domingo,Motocicleta,Sin Registro,Motociclista,Masculino,No,Sin Registro,Herido,Choque,Adelantar cerrando,Tramo 373 Kilometro  7,Vereda Palmas,Rural,
2181386,05/27/2018,11:10 a.m.,Domingo,Automovil,Sin Registro,Conductor,Masculino,No,Sin Registro,Solo Daños,Choque,Desobedecer senales,Transversal 33 A Sur Diagonal 32,La Magnolia,Urbana,"(6.174161377, -75.58203799)"
2181386,05/27/2018,11:10 a.m.,Domingo,Motocicleta,Sin Registro,Motociclista,Masculino,No,Sin Registro,Solo Daños,Choque,Desobedecer senales,Transversal 33 A Sur Diagonal 32,La Magnolia,Urbana,"(6.174161377, -75.58203799)"
2181392,05/27/2018,1:15 p.m.,Domingo,Motocicleta,Sin Registro,Motociclista,Masculino,No,Sin Registro,Solo Daños,Choque,Adelantar invadiendo carril de sentido contrario,Diagonal 29 Transversal 26 A Sur,Alto De Misael,Urbana,"(6.177775992, -75.57856477)"
2181392,05/27/2018,1:15 p.m.,Domingo,Automovil,Sin Registro,Conductor,Sin Registro,No,Sin Registro,Solo Daños,Choque,Adelantar invadiendo carril de sentido contrario,Diagonal 29 Transversal 26 A Sur,Alto De Misael,Urbana,"(6.177775992, -75.57856477)"
2181447,05/27/2018,2:15 p.m.,Domingo,Campero,Sin Registro,Conductor,Masculino,No,Sin Registro,Solo Daños,Choque,No mantener distancia de seguridad,Carrera 50 Calle 26  Sur,Las Vegas,Urbana,"(6.184812544, -75.58691109)"
2181380,05/27/2018,10:15 a.m.,Domingo,Automovil,Sin Registro,Conductor,Masculino,Si,3,Solo Daños,Choque,Embriaguez o droga,Calle 46  Sur Carrera 46,Primavera,Urbana,"(6.164633401, -75.59668961)"
2181380,05/27/2018,10:15 a.m.,Domingo,Motocicleta,Sin Registro,Motociclista,Masculino,No,Sin Registro,Solo Daños,Choque,Embriaguez o droga,Calle 46  Sur Carrera 46,Primavera,Urbana,"(6.164633401, -75.59668961)"
2181447,05/27/2018,2:15 p.m.,Domingo,Camioneta,Sin Registro,Conductor,Masculino,No,Sin Registro,Solo Daños,Choque,No mantener distancia de seguridad,Carrera 50 Calle 26  Sur,Las Vegas,Urbana,"(6.184812544, -75.58691109)"
2181447,05/27/2018,2:15 p.m.,Domingo,Automovil,Sin Registro,Conductor,Masculino,No,Sin Registro,Solo Daños,Choque,No mantener distancia de seguridad,Carrera 50 Calle 26  Sur,Las Vegas,Urbana,"(6.184812544, -75.58691109)"
2181394,05/27/2018,12:20 a.m.,Domingo,Automovil,Sin Registro,Conductor,Masculino,No,Sin Registro,Solo Daños,Choque,No respetar prelacion,Calle 46 D Sur Carrera 42 D,Loma Del Barro,Urbana,"(6.161005965, -75.59509467)"
2181394,05/27/2018,12:20 a.m.,Domingo,Motocicleta,Sin Registro,Motociclista,Femenino,No,Sin Registro,Solo Daños,Choque,No respetar prelacion,Calle 46 D Sur Carrera 42 D,Loma Del Barro,Urbana,"(6.161005965, -75.59509467)"
2181398,05/27/2018,11:30 a.m.,Domingo,Automovil,Sin Registro,Conductor,Femenino,No,Sin Registro,Solo Daños,Choque,Adelantar por la derecha,Calle 39  Sur Carrera 38,Mesa,Urbana,"(6.166656476, -75.58555336)"
2181398,05/27/2018,11:30 a.m.,Domingo,Motocicleta,Sin Registro,Motociclista,Masculino,No,Sin Registro,Solo Daños,Choque,Adelantar por la derecha,Calle 39  Sur Carrera 38,Mesa,Urbana,"(6.166656476, -75.58555336)"
2181413,05/27/2018,11:30 a.m.,Domingo,Motocicleta,Sin Registro,Motociclista,Masculino,No,Sin Registro,Herido,Choque,Desobedecer senales,Transversal 34 B Sur Diagonal 33,Obrero,Urbana,"(6.171828759, -75.58359091)"
2181413,05/27/2018,11:30 a.m.,Domingo,Campero,Sin Registro,Conductor,Masculino,No,Sin Registro,Herido,Choque,Desobedecer senales,Transversal 34 B Sur Diagonal 33,Obrero,Urbana,"(6.171828759, -75.58359091)"
2181497,02/06/2018,12:30 a.m.,Sábado,Campero,Sin Registro,Conductor,Masculino,No,Sin Registro,Solo Daños,Choque,Impericia en el manejo,Tramo 371 Kilometro  4,Vereda El Escobero,Rural,
2181408,05/27/2018,12:30 a.m.,Domingo,Camioneta,Sin Registro,Conductor,Masculino,No,Sin Registro,Solo Daños,Choque,No mantener distancia de seguridad,Carrera 41 Calle 37  Sur,Zona Centro,Urbana,"(6.169735041, -75.58616625)"
2181408,05/27/2018,12:30 a.m.,Domingo,Automovil,Sin Registro,Conductor,Masculino,No,Sin Registro,Solo Daños,Choque,No mantener distancia de seguridad,Carrera 41 Calle 37  Sur,Zona Centro,Urbana,"(6.169735041, -75.58616625)"
2181427,05/27/2018,9:35 p.m.,Domingo,Bus,Sin Registro,Conductor,Masculino,No,Sin Registro,Solo Daños,Choque,No respetar prelacion,Carrera 46 Calle 25  Sur,Villa Grande,Urbana,"(6.182810585, -75.58303441)"
2181427,05/27/2018,9:35 p.m.,Domingo,Automovil,Sin Registro,Conductor,Masculino,No,Sin Registro,Solo Daños,Choque,No respetar prelacion,Carrera 46 Calle 25  Sur,Villa Grande,Urbana,"(6.182810585, -75.58303441)"
2181405,05/27/2018,4:45 p.m.,Domingo,Campero,Sin Registro,Conductor,Masculino,No,Sin Registro,Solo Daños,Choque,Adelantar por la derecha,Calle 27 D Sur Carrera 27,Loma Del Atravezado,Urbana,"(6.169224506, -75.57173816)"
2181405,05/27/2018,4:45 p.m.,Domingo,Motocicleta,Sin Registro,Motociclista,Masculino,No,Sin Registro,Solo Daños,Choque,Adelantar por la derecha,Calle 27 D Sur Carrera 27,Loma Del Atravezado,Urbana,"(6.169224506, -75.57173816)"
2181410,05/27/2018,1:50 p.m.,Domingo,Motocicleta,Sin Registro,Motociclista,Masculino,No,Sin Registro,Herido,Choque,Impericia en el manejo,Carrera 43 A Calle 37  Sur,Zona Centro,Urbana,"(6.171024704, -75.5881647)"
2181410,05/27/2018,1:50 p.m.,Domingo,Automovil,Sin Registro,Conductor,Masculino,No,Sin Registro,Herido,Choque,Impericia en el manejo,Carrera 43 A Calle 37  Sur,Zona Centro,Urbana,"(6.171024704, -75.5881647)"
2181422,05/28/2018,10:00 p.m.,Lunes,Motocicleta,Sin Registro,Motociclista,Femenino,No,Sin Registro,Herido,Choque,Transitar en contravia,Calle 40  Sur Carrera 47 A,Alcala,Urbana,"(6.169781261, -75.59498602)"
2181422,05/28/2018,10:00 p.m.,Lunes,Bicicleta,Sin Registro,Ciclista,Masculino,No,Sin Registro,Herido,Choque,Transitar en contravia,Calle 40  Sur Carrera 47 A,Alcala,Urbana,"(6.169781261, -75.59498602)"
2181446,05/28/2018,2:10 p.m.,Lunes,Camioneta,Sin Registro,Conductor,Masculino,No,Sin Registro,Solo Daños,Choque,Adelantar cerrando,Calle 25  Sur Carrera 41,El Esmeraldal,Urbana,"(6.179145147, -75.5774765)"
2181446,05/28/2018,2:10 p.m.,Lunes,Automovil,Sin Registro,Conductor,Masculino,No,Sin Registro,Solo Daños,Choque,Adelantar cerrando,Calle 25  Sur Carrera 41,El Esmeraldal,Urbana,"(6.179145147, -75.5774765)"
2181430,05/28/2018,3:20 p.m.,Lunes,Automovil,Sin Registro,Conductor,Femenino,No,Sin Registro,Solo Daños,Choque,Impericia en el manejo,Carrera 50 Calle 25  Sur,Las Vegas,Urbana,"(6.186515998, -75.58512541)"
2181430,05/28/2018,3:20 p.m.,Lunes,Automovil,Sin Registro,Conductor,Femenino,No,Sin Registro,Solo Daños,Choque,Impericia en el manejo,Carrera 50 Calle 25  Sur,Las Vegas,Urbana,"(6.186515998, -75.58512541)"
2181412,05/28/2018,10:25 a.m.,Lunes,Bus,Sin Registro,Conductor,Masculino,No,Sin Registro,Solo Daños,Choque,Girar bruscamente,Calle 38  Sur Carrera 41,Zona Centro,Urbana,"(6.169244976, -75.58658807)"
2181412,05/28/2018,10:25 a.m.,Lunes,Automovil,Sin Registro,Conductor,Masculino,No,Sin Registro,Solo Daños,Choque,Girar bruscamente,Calle 38  Sur Carrera 41,Zona Centro,Urbana,"(6.169244976, -75.58658807)"
2181414,05/28/2018,6:30 a.m.,Lunes,Motocicleta,Sin Registro,Motociclista,Masculino,No,Sin Registro,Herido,Caida Ocupante,Impericia en el manejo,Tramo 372 Kilometro  12,Vereda Palmas,Rural,
2181417,05/28/2018,6:36 a.m.,Lunes,Automovil,Sin Registro,Conductor,Femenino,No,Sin Registro,Herido,Atropello,Impericia en el manejo,Carrera 28 Calle 34 D Sur,Alto De Misael,Urbana,"(6.17088169, -75.57660089)"
2181428,05/28/2018,3:30 p.m.,Lunes,Camion,Sin Registro,Conductor,Masculino,No,Sin Registro,Solo Daños,Choque,No mantener distancia de seguridad,Calle 37  Sur Carrera 50,Las Vegas,Urbana,
2181428,05/28/2018,3:30 p.m.,Lunes,Automovil,Sin Registro,Conductor,Masculino,No,Sin Registro,Solo Daños,Choque,No mantener distancia de seguridad,Calle 37  Sur Carrera 50,Las Vegas,Urbana,
2181429,05/28/2018,3:30 p.m.,Lunes,Automovil,Sin Registro,Conductor,Femenino,No,Sin Registro,Solo Daños,Choque,No mantener distancia de seguridad,Carrera 50 Calle 26  Sur,Las Vegas,Urbana,"(6.184812544, -75.58691109)"
2181429,05/28/2018,3:30 p.m.,Lunes,Motocicleta,Sin Registro,Motociclista,Sin Registro,No,Sin Registro,Solo Daños,Choque,No mantener distancia de seguridad,Carrera 50 Calle 26  Sur,Las Vegas,Urbana,"(6.184812544, -75.58691109)"
2181417,05/28/2018,6:36 a.m.,Lunes,Automovil,Sin Registro,Conductor,Femenino,No,Sin Registro,Herido,Atropello,Exceso de velocidad,Carrera 28 Calle 34 D Sur,Alto De Misael,Urbana,"(6.17088169, -75.57660089)"
2181416,05/28/2018,5:40 p.m.,Lunes,Motocicleta,Sin Registro,Motociclista,Masculino,No,Sin Registro,Herido,Choque,Desobedecer senales,Carrera 32 Calle 37  Sur,Los Naranjos,Urbana,"(6.1665774, -75.58116341)"
2181416,05/28/2018,5:40 p.m.,Lunes,Automovil,Sin Registro,Conductor,Sin Registro,No,Sin Registro,Herido,Choque,Desobedecer senales,Carrera 32 Calle 37  Sur,Los Naranjos,Urbana,"(6.1665774, -75.58116341)"
2181437,05/28/2018,6:50 p.m.,Lunes,Automovil,Sin Registro,Conductor,Masculino,No,Sin Registro,Herido,Atropello,Impericia en el manejo,Diagonal 32 B Transversal 32  Sur,La Magnolia,Urbana,"(6.175921286, -75.58342085)"
2181423,05/29/2018,9:00 p.m.,Martes,Automovil,Sin Registro,Conductor,Masculino,No,Sin Registro,Solo Daños,Choque,No mantener distancia de seguridad,Calle 37  Sur Carrera 50,Las Vegas,Urbana,
2181423,05/29/2018,9:00 p.m.,Martes,Automovil,Sin Registro,Conductor,Sin Registro,No,Sin Registro,Solo Daños,Choque,No mantener distancia de seguridad,Calle 37  Sur Carrera 50,Las Vegas,Urbana,