RADICADO,FECHA,HORA,DÍA DE LA SEMANA,CLASE DE VEHICULO,TIPO DE SERVICIO,TIPO DE VICTIMA,SEXO,ESTADO DE BEODEZ,RESULTADO DE BEODEZ,GRAVEDAD,CLASE DE ACCIDENTE,CAUSA,DIRECCIÓN,BARRIO,AREA,Coordenadas
2181433,05/29/2018,8:00 a.m.,Martes,Automovil,Sin Registro,Conductor,Masculino,No,Sin Registro,Solo Daños,Choque,No respetar prelacion,Calle 48 Carrera 48,Las Casitas,Urbana,
2181433,05/29/2018,8:00 a.m.,Martes,Camioneta,Sin Registro,Conductor,Masculino,No,Sin Registro,Solo Daños,Choque,No respetar prelacion,Calle 48 Carrera 48,Las Casitas,Urbana,
2181420,05/29/2018,4:00 p.m.,Martes,Automovil,Sin Registro,Conductor,Masculino,No,Sin Registro,Herido,Choque,No mantener distancia de seguridad,Carrera 48 Calle 32 B Sur,Las Vegas,Urbana,"(6.176994311, -75.58984119)"
2181420,05/29/2018,4:00 p.m.,Martes,Automovil,Sin Registro,Conductor,Masculino,No,Sin Registro,Herido,Choque,No mantener distancia de seguridad,Carrera 48 Calle 32 B Sur,Las Vegas,Urbana,"(6.176994311, -75.58984119)"
2181442,05/29/2018,5:00 p.m.,Martes,Automovil,Sin Registro,Conductor,Femenino,No,Sin Registro,Solo Daños,Choque,Reverso imprudente,Carrera 27 Calle 36  Sur,La Inmaculada,Urbana,"(6.167009975, -75.56927808)"
2181442,05/29/2018,5:00 p.m.,Martes,Automovil,Sin Registro,Conductor,Masculino,No,Sin Registro,Solo Daños,Choque,Reverso imprudente,Carrera 27 Calle 36  Sur,La Inmaculada,Urbana,"(6.167009975, -75.56927808)"
2181463,05/29/2018,2:00 p.m.,Martes,Camion,Sin Registro,Conductor,Masculino,No,Sin Registro,Solo Daños,Choque,Impericia en el manejo,Calle 36  Sur Carrera 25,El Chocho,Urbana,"(6.167194335, -75.56482628)"
2181431,05/29/2018,4:10 p.m.,Martes,Motocicleta,Sin Registro,Motociclista,Masculino,No,Sin Registro,Herido,Caida Ocupante,Huecos,Carrera 43 A Calle 30  Sur,Villa Grande,Urbana,"(6.177072638, -75.58533615)"
2181434,05/29/2018,2:30 p.m.,Martes,Motocicleta,Sin Registro,Motociclista,Masculino,No,Sin Registro,Solo Daños,Choque,Adelantar en zona prohibida,Calle 38 A Sur Carrera 44 A,Alcala,Urbana,"(6.170300223, -75.59011523)"
2181434,05/29/2018,2:30 p.m.,Martes,Motocicleta,Sin Registro,Motociclista,Masculino,No,Sin Registro,Solo Daños,Choque,Adelantar en zona prohibida,Calle 38 A Sur Carrera 44 A,Alcala,Urbana,"(6.170300223, -75.59011523)"
2181443,05/29/2018,11:40 a.m.,Martes,Camioneta,Sin Registro,Conductor,Masculino,No,Sin Registro,Solo Daños,Choque,Impericia en el manejo,Tramo 373 Kilometro  11,Vereda Palmas,Rural,
2181443,05/29/2018,11:40 a.m.,Martes,Campero,Sin Registro,Conductor,Masculino,No,Sin Registro,Solo Daños,Choque,Impericia en el manejo,Tramo 373 Kilometro  11,Vereda Palmas,Rural,
2181439,05/29/2018,4:40 p.m.,Martes,Camion,Sin Registro,Conductor,Masculino,No,Sin Registro,Solo Daños,Choque,Adelantar invadiendo carril de sentido contrario,Tramo 373 Kilometro  10,Vereda Palmas,Rural,
2181439,05/29/2018,4:40 p.m.,Martes,Camion,Sin Registro,Conductor,Masculino,No,Sin Registro,Solo Daños,Choque,Adelantar invadiendo carril de sentido contrario,Tramo 373 Kilometro  10,Vereda Palmas,Rural,
2181432,05/29/2018,6:50 a.m.,Martes,Automovil,Sin Registro,Conductor,Masculino,No,Sin Registro,Solo Daños,Choque,Desobedecer senales,Calle 39  Sur Carrera 27 B,El Chinguí,Urbana,"(6.159217585, -75.57883462)"
2181432,05/29/2018,6:50 a.m.,Martes,Motocicleta,Sin Registro,Motociclista,Masculino,No,Sin Registro,Solo Daños,Choque,Desobedecer senales,Calle 39  Sur Carrera 27 B,El Chinguí,Urbana,"(6.159217585, -75.57883462)"
2181435,05/29/2018,6:50 p.m.,Martes,Bus,Sin Registro,Conductor,Masculino,No,Sin Registro,Solo Daños,Choque,Transitar en contravia,Calle 41 A Sur Carrera 26,San Rafael,Urbana,"(6.157546483, -75.58338635)"
2181435,05/29/2018,6:50 p.m.,Martes,Motocicleta,Sin Registro,Motociclista,Masculino,No,Sin Registro,Solo Daños,Choque,Transitar en contravia,Calle 41 A Sur Carrera 26,San Rafael,Urbana,"(6.157546483, -75.58338635)"
2181444,05/30/2018,9:00 p.m.,Miércoles,Camioneta,Sin Registro,Conductor,Masculino,No,Sin Registro,Solo Daños,Choque,Falta de precaucion niebla,Sin Registro,Sin Registro,Sin Registro,
2181454,05/30/2018,5:10 p.m.,Miércoles,Motocicleta,Sin Registro,Motociclista,Masculino,No,Sin Registro,Herido,Choque,Semaforo en rojo,Carrera 48 Calle 30  Sur,Las Vegas,Urbana,"(6.179366643, -75.5880841)"
2181454,05/30/2018,5:10 p.m.,Miércoles,Motocicleta,Sin Registro,Motociclista,Masculino,No,Sin Registro,Herido,Choque,Semaforo en rojo,Carrera 48 Calle 30  Sur,Las Vegas,Urbana,"(6.179366643, -75.5880841)"
2181445,05/30/2018,6:15 a.m.,Miércoles,Camioneta,Sin Registro,Conductor,Masculino,No,Sin Registro,Solo Daños,Choque,No mantener distancia de seguridad,Calle 38 A Sur Carrera 43 A,Zona Centro,Urbana,"(6.169807343, -75.58912536)"
2181445,05/30/2018,6:15 a.m.,Miércoles,Bus,Sin Registro,Conductor,Masculino,No,Sin Registro,Solo Daños,Choque,No mantener distancia de seguridad,Calle 38 A Sur Carrera 43 A,Zona Centro,Urbana,"(6.169807343, -75.58912536)"
2181451,05/30/2018,12:15 a.m.,Miércoles,Automovil,Sin Registro,Conductor,Masculino,No,Sin Registro,Solo Daños,Choque,Reverso imprudente,Carrera 27 B Calle 39  Sur,San Jose,Urbana,"(6.159176964, -75.57891107)"
2181451,05/30/2018,12:15 a.m.,Miércoles,Camioneta,Sin Registro,Conductor,Masculino,No,Sin Registro,Solo Daños,Choque,Reverso imprudente,Carrera 27 B Calle 39  Sur,San Jose,Urbana,"(6.159176964, -75.57891107)"
2181441,05/30/2018,5:40 p.m.,Miércoles,Motocicleta,Sin Registro,Motociclista,Masculino,No,Sin Registro,Solo Daños,Choque,Impericia en el manejo,Tramo 372 Kilometro  17,Vereda Palmas,Rural,
2181441,05/30/2018,5:40 p.m.,Miércoles,Camion,Sin Registro,Conductor,Sin Registro,No,Sin Registro,Solo Daños,Choque,Impericia en el manejo,Tramo 372 Kilometro  17,Vereda Palmas,Rural,
2181457,05/30/2018,7:40 a.m.,Miércoles,Automovil,Sin Registro,Conductor,Masculino,No,Sin Registro,Solo Daños,Choque,No mantener distancia de seguridad,Carrera 48 Calle 19  Sur,Las Vegas,Urbana,"(6.187349001, -75.58153568)"
2181457,05/30/2018,7:40 a.m.,Miércoles,Camioneta,Sin Registro,Conductor,Masculino,No,Sin Registro,Solo Daños,Choque,No mantener distancia de seguridad,Carrera 48 Calle 19  Sur,Las Vegas,Urbana,"(6.187349001, -75.58153568)"
2181448,05/30/2018,7:45 p.m.,Miércoles,Campero,Sin Registro,Conductor,Masculino,No,Sin Registro,Solo Daños,Choque,No mantener distancia de seguridad,Calle 36 D Sur Carrera 27 A,Vereda El Escobero,Urbana,"(6.164831751, -75.57423497)"
2181448,05/30/2018,7:45 p.m.,Miércoles,Automovil,Sin Registro,Conductor,Masculino,No,Sin Registro,Solo Daños,Choque,No mantener distancia de seguridad,Calle 36 D Sur Carrera 27 A,Vereda El Escobero,Urbana,"(6.164831751, -75.57423497)"
2181468,05/30/2018,7:45 p.m.,Miércoles,Motocicleta,Sin Registro,Motociclista,Masculino,No,Sin Registro,Solo Daños,Choque,Desobedecer senales,Calle 37  Sur Carrera 32,Mesa,Urbana,"(6.166691719, -75.58118599)"
2181468,05/30/2018,7:45 p.m.,Miércoles,Automovil,Sin Registro,Conductor,Masculino,No,Sin Registro,Solo Daños,Choque,Desobedecer senales,Calle 37  Sur Carrera 32,Mesa,Urbana,"(6.166691719, -75.58118599)"
2181456,05/30/2018,11:50 a.m.,Miércoles,Camioneta,Sin Registro,Conductor,Masculino,No,Sin Registro,Herido,Choque,Impericia en el manejo,Calle 46 A Sur Carrera 49,Las Vegas,Urbana,"(6.167038176, -75.60081726)"
2181456,05/30/2018,11:50 a.m.,Miércoles,Motocicleta,Sin Registro,Motociclista,Masculino,No,Sin Registro,Herido,Choque,Impericia en el manejo,Calle 46 A Sur Carrera 49,Las Vegas,Urbana,"(6.167038176, -75.60081726)"
2181436,05/30/2018,11:40 p.m.,Miércoles,Automovil,Sin Registro,Conductor,Masculino,No,Sin Registro,Muerto,Choque,Impericia en el manejo,Carrera 48 Calle 25 A Sur,Las Vegas,Urbana,"(6.184740152, -75.58365742)"
2181470,05/31/2018,6:05 p.m.,Jueves,Automovil,Sin Registro,Conductor,Masculino,No,Sin Registro,Herido,Choque,Desobedecer senales,Carrera 43 A Calle 39  Sur,Zona Centro,Urbana,"(6.169011071, -75.5894849)"
2181470,05/31/2018,6:05 p.m.,Jueves,Motocicleta,Sin Registro,Motociclista,Femenino,No,Sin Registro,Herido,Choque,Desobedecer senales,Carrera 43 A Calle 39  Sur,Zona Centro,Urbana,"(6.169011071, -75.5894849)"
2181472,05/31/2018,12:08 a.m.,Jueves,Camioneta,Sin Registro,Conductor,Masculino,No,Sin Registro,Herido,Choque,Impericia en el manejo,Carrera 50 Calle 25  Sur,Las Vegas,Urbana,"(6.186515998, -75.58512541)"
2181472,05/31/2018,12:08 a.m.,Jueves,Motocicleta,Sin Registro,Motociclista,Masculino,No,Sin Registro,Herido,Choque,Impericia en el manejo,Carrera 50 Calle 25  Sur,Las Vegas,Urbana,"(6.186515998, -75.58512541)"
2181450,05/31/2018,6:14 a.m.,Jueves,Bus,Sin Registro,Conductor,Masculino,No,Sin Registro,Solo Daños,Choque,Adelantar en zona prohibida,Carrera 41 Calle 22  Sur,Zuñiga,Urbana,"(6.181126008, -75.57675166)"
2170074,01/15/2017,3:40 p.m.,Domingo,Automovil,Particular,Conductor,Masculino,NO,Sin Registro,Herido,Choque,Otra,Tramo 372 Kilometro  7,Vereda Palmas,Rural,
2181450,05/31/2018,6:14 a.m.,Jueves,Buseta,Sin Registro,Conductor,Masculino,No,Sin Registro,Solo Daños,Choque,Adelantar en zona prohibida,Carrera 41 Calle 22  Sur,Zuñiga,Urbana,"(6.181126008, -75.57675166)"
2181450,05/31/2018,6:14 a.m.,Jueves,Automovil,Sin Registro,Conductor,Masculino,No,Sin Registro,Solo Daños,Choque,Adelantar en zona prohibida,Carrera 41 Calle 22  Sur,Zuñiga,Urbana,"(6.181126008, -75.57675166)"
2181459,05/31/2018,9:10 a.m.,Jueves,Automovil,Sin Registro,Conductor,Masculino,No,Sin Registro,Solo Daños,Choque,Poner en marcha un vehiculo sin precauci,Tramo 372 Kilometro  16,Vereda Palmas,Rural,
2181459,05/31/2018,9:10 a.m.,Jueves,Automovil,Sin Registro,Conductor,Masculino,No,Sin Registro,Solo Daños,Choque,Poner en marcha un vehiculo sin precauci,Tramo 372 Kilometro  16,Vereda Palmas,Rural,
2181467,05/31/2018,12:15 a.m.,Jueves,Campero,Sin Registro,Conductor,Masculino,No,Sin Registro,Herido,Atropello,Reverso imprudente,Carrera 25 Calle 41 B Sur,Las Antillas,Urbana,"(6.153938687, -75.58622184)"
2181449,05/31/2018,5:25 p.m.,Jueves,Camioneta,Sin Registro,Conductor,Masculino,No,Sin Registro,Solo Daños,Choque,Reverso imprudente,Carrera 27 Calle 35  Sur,La Inmaculada,Urbana,
2181449,05/31/2018,5:25 p.m.,Jueves,Camioneta,Sin Registro,Conductor,Femenino,No,Sin Registro,Solo Daños,Choque,Reverso imprudente,Carrera 27 Calle 35  Sur,La Inmaculada,Urbana,
2181461,05/31/2018,9:20 a.m.,Jueves,Motocicleta,Sin Registro,Motociclista,Masculino,No,Sin Registro,Herido,Choque,Impericia en el manejo,Tramo 372 Kilometro  15,Vereda Palmas,Rural,
2181475,05/31/2018,5:30 p.m.,Jueves,Motocicleta,Sin Registro,Motociclista,Masculino,No,Sin Registro,Herido,Choque,Semaforo en rojo,Carrera 48 Calle 30  Sur,Las Vegas,Urbana,"(6.179366643, -75.5880841)"
2181475,05/31/2018,5:30 p.m.,Jueves,Automovil,Sin Registro,Conductor,Masculino,No,Sin Registro,Herido,Choque,Semaforo en rojo,Carrera 48 Calle 30  Sur,Las Vegas,Urbana,"(6.179366643, -75.5880841)"
2181466,05/31/2018,8:30 p.m.,Jueves,Motocicleta,Sin Registro,Motociclista,Masculino,No,Sin Registro,Herido,Atropello,Impericia en el manejo,Transversal 34 D Sur Diagonal 30,Las Flores,Urbana,"(6.171898534, -75.57832739)"
2181462,05/31/2018,6:40 a.m.,Jueves,Campero,Sin Registro,Conductor,Femenino,No,Sin Registro,Solo Daños,Choque,No mantener distancia de seguridad,Tramo 372 Kilometro  14,Vereda Palmas,Rural,
2181462,05/31/2018,6:40 a.m.,Jueves,Motocicleta,Sin Registro,Motociclista,Masculino,No,Sin Registro,Solo Daños,Choque,No mantener distancia de seguridad,Tramo 372 Kilometro  14,Vereda Palmas,Rural,
2181452,05/31/2018,6:45 a.m.,Jueves,Automovil,Sin Registro,Conductor,Femenino,No,Sin Registro,Solo Daños,Choque,No mantener distancia de seguridad,Calle 36 Carrera 25,El Chocho,Urbana,"(6.167194335, -75.56482628)"
2181452,05/31/2018,6:45 a.m.,Jueves,Camioneta,Sin Registro,Conductor,Femenino,No,Sin Registro,Solo Daños,Choque,No mantener distancia de seguridad,Calle 36 Carrera 25,El Chocho,Urbana,"(6.167194335, -75.56482628)"
2181458,05/31/2018,6:50 a.m.,Jueves,Automovil,Sin Registro,Conductor,Masculino,No,Sin Registro,Solo Daños,Choque,Adelantar cerrando,Carrera 50 Calle 37  Sur,Las Vegas,Urbana,
2181458,05/31/2018,6:50 a.m.,Jueves,Bus,Sin Registro,Conductor,Masculino,No,Sin Registro,Solo Daños,Choque,Adelantar cerrando,Carrera 50 Calle 37  Sur,Las Vegas,Urbana,
2181464,05/31/2018,7:50 p.m.,Jueves,Automovil,Sin Registro,Conductor,Femenino,No,Sin Registro,Solo Daños,Choque,No mantener distancia de seguridad,Calle 46  Sur Carrera 46 B,Primavera,Urbana,"(6.165325085, -75.59741757)"
2181464,05/31/2018,7:50 p.m.,Jueves,Automovil,Sin Registro,Conductor,Masculino,No,Sin Registro,Solo Daños,Choque,No mantener distancia de seguridad,Calle 46  Sur Carrera 46 B,Primavera,Urbana,"(6.165325085, -75.59741757)"
2181453,05/31/2018,1:50 p.m.,Jueves,Campero,Sin Registro,Conductor,Masculino,No,Sin Registro,Herido,Choque,Adelantar invadiendo carril de sentido contrario,Tramo 371 Kilometro  1,Vereda El Escobero,Rural,
2181453,05/31/2018,1:50 p.m.,Jueves,Bicicleta,Sin Registro,Ciclista,Masculino,No,Sin Registro,Herido,Choque,Adelantar invadiendo carril de sentido contrario,Tramo 371 Kilometro  1,Vereda El Escobero,Rural,
2181469,05/31/2018,3:55 p.m.,Jueves,Campero,Sin Registro,Conductor,Masculino,No,Sin Registro,Solo Daños,Choque,Impericia en el manejo,Calle 37  Sur Carrera 48,Las Vegas,Urbana,"(6.17412211, -75.59306111)"
2181469,05/31/2018,3:55 p.m.,Jueves,Tractocamion,Sin Registro,Conductor,Masculino,No,Sin Registro,Solo Daños,Choque,Impericia en el manejo,Calle 37  Sur Carrera 48,Las Vegas,Urbana,"(6.17412211, -75.59306111)"
2181480,01/06/2018,6:05 p.m.,Viernes,Motocicleta,Sin Registro,Motociclista,Masculino,No,Sin Registro,Herido,Atropello,Impericia en el manejo,Calle 40 AA Sur Carrera 30 A,San Jose,Urbana,"(6.164225597, -75.58532014)"
2181499,01/06/2018,11:00 p.m.,Viernes,Automovil,Sin Registro,Conductor,Masculino,No,Sin Registro,Solo Daños,Choque,Desobedecer senales,Carrera 41 Calle 40  Sur,El Dorado,Urbana,"(6.166920833, -75.58799502)"
2181499,01/06/2018,11:00 p.m.,Viernes,Camioneta,Sin Registro,Conductor,Masculino,No,Sin Registro,Solo Daños,Choque,Desobedecer senales,Carrera 41 Calle 40  Sur,El Dorado,Urbana,"(6.166920833, -75.58799502)"
2181494,01/06/2018,6:15 p.m.,Viernes,Automovil,Sin Registro,Conductor,Masculino,No,Sin Registro,Solo Daños,Choque,Impericia en el manejo,Carrera 39 Calle 38  Sur,Zona Centro,Urbana,"(6.168272399, -75.58522092)"
2181494,01/06/2018,6:15 p.m.,Viernes,Motocicleta,Sin Registro,Motociclista,Masculino,No,Sin Registro,Solo Daños,Choque,Impericia en el manejo,Carrera 39 Calle 38  Sur,Zona Centro,Urbana,"(6.168272399, -75.58522092)"
2181505,01/06/2018,3:15 p.m.,Viernes,Automovil,Sin Registro,Conductor,Masculino,No,Sin Registro,Solo Daños,Choque,Adelantar en zona prohibida,Carrera 47 A Calle 38 A Sur,Alcala,Urbana,"(6.172002789, -75.59264676)"
2181505,01/06/2018,3:15 p.m.,Viernes,Automovil,Sin Registro,Conductor,Masculino,No,Sin Registro,Solo Daños,Choque,Adelantar en zona prohibida,Carrera 47 A Calle 38 A Sur,Alcala,Urbana,"(6.172002789, -75.59264676)"
2181477,01/06/2018,7:25 p.m.,Viernes,Automovil,Sin Registro,Conductor,Masculino,No,Sin Registro,Herido,Atropello,Arrancar sin precaucion,Transversal 33  Sur Diagonal 32 D,La Magnolia,Urbana,"(6.174147159, -75.58371144)"
2181503,01/06/2018,3:25 p.m.,Viernes,Motocicleta,Sin Registro,Motociclista,Masculino,No,Sin Registro,Solo Daños,Choque,Adelantar por la derecha,Carrera 27 Calle 36 A Sur,La Sebastiana,Urbana,"(6.164865303, -75.56975908)"
2181503,01/06/2018,3:25 p.m.,Viernes,Automovil,Sin Registro,Conductor,Masculino,No,Sin Registro,Solo Daños,Choque,Impericia en el manejo,Carrera 27 Calle 36 A Sur,La Sebastiana,Urbana,"(6.164865303, -75.56975908)"
2181503,01/06/2018,3:25 p.m.,Viernes,Automovil,Sin Registro,Conductor,Masculino,No,Sin Registro,Solo Daños,Choque,Adelantar por la derecha,Carrera 27 Calle 36 A Sur,La Sebastiana,Urbana,"(6.164865303, -75.56975908)"
2181503,01/06/2018,3:25 p.m.,Viernes,Motocicleta,Sin Registro,Motociclista,Masculino,No,Sin Registro,Solo Daños,Choque,Impericia en el manejo,Carrera 27 Calle 36 A Sur,La Sebastiana,Urbana,"(6.164865303, -75.56975908)"
2181473,01/06/2018,1:10 a.m.,Viernes,Automovil,Sin Registro,Conductor,Femenino,No,Sin Registro,Solo Daños,Choque,Desobedecer senales,Carrera 48 Calle 25  Sur,Las Vegas,Urbana,"(6.185059174, -75.58329333)"
2181496,01/06/2018,9:20 a.m.,Viernes,Camion,Sin Registro,Conductor,Masculino,No,Sin Registro,Solo Daños,Choque,Impericia en el manejo,Calle 24  Sur Carrera 39,Zuñiga,Urbana,"(6.17880652, -75.57462407)"
2181496,01/06/2018,9:20 a.m.,Viernes,Camioneta,Sin Registro,Conductor,Masculino,No,Sin Registro,Solo Daños,Choque,Impericia en el manejo,Calle 24  Sur Carrera 39,Zuñiga,Urbana,"(6.17880652, -75.57462407)"
2181471,01/06/2018,10:20 p.m.,Viernes,Automovil,Sin Registro,Conductor,Masculino,No,Sin Registro,Solo Daños,Choque,No mantener distancia de seguridad,Carrera 48 Calle 50  Sur,Las Vegas,Urbana,
2181471,01/06/2018,10:20 p.m.,Viernes,Automovil,Sin Registro,Conductor,Femenino,No,Sin Registro,Solo Daños,Choque,No mantener distancia de seguridad,Carrera 48 Calle 50  Sur,Las Vegas,Urbana,
2181460,01/06/2018,6:30 a.m.,Viernes,Automovil,Sin Registro,Conductor,Masculino,No,Sin Registro,Solo Daños,Choque,No mantener distancia de seguridad,Calle 25  Sur Carrera 27 B,Zuñiga,Urbana,
2181460,01/06/2018,6:30 a.m.,Viernes,Camioneta,Sin Registro,Conductor,Masculino,No,Sin Registro,Solo Daños,Choque,No mantener distancia de seguridad,Calle 25  Sur Carrera 27 B,Zuñiga,Urbana,
2181478,01/06/2018,9:30 a.m.,Viernes,Automovil,Sin Registro,Conductor,Femenino,No,Sin Registro,Herido,Atropello,Cruzar sin observar,Transversal 34 DD Sur Diagonal 32,Los Naranjos,Urbana,"(6.170838578, -75.58187896)"
2181479,01/06/2018,6:40 p.m.,Viernes,Automovil,Sin Registro,Conductor,Masculino,No,Sin Registro,Solo Daños,Choque,Arrancar sin precaucion,Carrera 40 Calle 36  Sur,Zona Centro,Urbana,"(6.17006539, -75.58502916)"
2181479,01/06/2018,6:40 p.m.,Viernes,Camioneta,Sin Registro,Conductor,Masculino,No,Sin Registro,Solo Daños,Choque,Arrancar sin precaucion,Carrera 40 Calle 36  Sur,Zona Centro,Urbana,"(6.17006539, -75.58502916)"
2181473,01/06/2018,1:10 a.m.,Viernes,Automovil,Sin Registro,Conductor,Masculino,No,Sin Registro,Solo Daños,Choque,Desobedecer senales,Carrera 48 Calle 25  Sur,Las Vegas,Urbana,"(6.185059174, -75.58329333)"
2181474,01/06/2018,7:45 a.m.,Viernes,Camion,Sin Registro,Conductor,Masculino,No,Sin Registro,Solo Daños,Choque,Desobedecer senales,Carrera 43 A Calle 40  Sur,Alcala,Urbana,"(6.168044687, -75.59026877)"
2181474,01/06/2018,7:45 a.m.,Viernes,Camioneta,Sin Registro,Conductor,Masculino,No,Sin Registro,Solo Daños,Choque,Desobedecer senales,Carrera 43 A Calle 40  Sur,Alcala,Urbana,"(6.168044687, -75.59026877)"
2181490,01/06/2018,9:45 a.m.,Viernes,Motocicleta,Sin Registro,Motociclista,Masculino,No,Sin Registro,Solo Daños,Choque,No mantener distancia de seguridad,Carrera 48 Calle 39  Sur,Las Vegas,Urbana,"(6.17163722, -75.59364999)"
2181490,01/06/2018,9:45 a.m.,Viernes,Automovil,Sin Registro,Conductor,Masculino,No,Sin Registro,Solo Daños,Choque,No mantener distancia de seguridad,Carrera 48 Calle 39  Sur,Las Vegas,Urbana,"(6.17163722, -75.59364999)"
2181508,02/06/2018,6:00 a.m.,Sábado,Automovil,Sin Registro,Conductor,Masculino,No,Sin Registro,Solo Daños,Choque,No mantener distancia de seguridad,Carrera 48 Calle 46  Sur,Las Vegas,Urbana,"(6.166195386, -75.59928549)"
2181508,02/06/2018,6:00 a.m.,Sábado,Automovil,Sin Registro,Conductor,Masculino,No,Sin Registro,Solo Daños,Choque,No mantener distancia de seguridad,Carrera 48 Calle 46  Sur,Las Vegas,Urbana,"(6.166195386, -75.59928549)"
2181476,02/06/2018,8:10 p.m.,Sábado,Campero,Sin Registro,Conductor,Masculino,No,Sin Registro,Solo Daños,Choque,Reverso imprudente,Calle 36 D Sur Carrera 27 D,Vereda El Escobero,Urbana,"(6.164970853, -75.57463727)"
2181476,02/06/2018,8:10 p.m.,Sábado,Automovil,Sin Registro,Conductor,Sin Registro,No,Sin Registro,Solo Daños,Choque,Reverso imprudente,Calle 36 D Sur Carrera 27 D,Vereda El Escobero,Urbana,"(6.164970853, -75.57463727)"
2181524,02/06/2018,1:20 p.m.,Sábado,Buseta,Sin Registro,Conductor,Masculino,No,Sin Registro,Solo Daños,Choque,No mantener distancia de seguridad,Carrera 41 Calle 38 A Sur,Zona Centro,Urbana,"(6.168440346, -75.58698806)"
2181524,02/06/2018,1:20 p.m.,Sábado,Automovil,Sin Registro,Conductor,Masculino,No,Sin Registro,Solo Daños,Choque,No mantener distancia de seguridad,Carrera 41 Calle 38 A Sur,Zona Centro,Urbana,"(6.168440346, -75.58698806)"
2181502,02/06/2018,5:20 p.m.,Sábado,Camioneta,Sin Registro,Conductor,Femenino,No,Sin Registro,Solo Daños,Choque,Impericia en el manejo,Tramo 373 Kilometro  7,Vereda Palmas,Rural,
2181502,02/06/2018,5:20 p.m.,Sábado,Motocicleta,Sin Registro,Motociclista,Masculino,No,Sin Registro,Solo Daños,Choque,Impericia en el manejo,Tramo 373 Kilometro  7,Vereda Palmas,Rural,
2181491,02/06/2018,11:35 a.m.,Sábado,Camioneta,Sin Registro,Conductor,Masculino,No,Sin Registro,Solo Daños,Choque,Poner en marcha un vehiculo sin precauci,Calle 40 AA Carrera 36,La Mina,Urbana,"(6.164225597, -75.58532014)"
2181491,02/06/2018,11:35 a.m.,Sábado,Automovil,Sin Registro,Conductor,Masculino,No,Sin Registro,Solo Daños,Choque,Poner en marcha un vehiculo sin precauci,Calle 40 AA Carrera 36,La Mina,Urbana,"(6.164225597, -75.58532014)"
2181492,02/06/2018,7:30 a.m.,Sábado,Automovil,Sin Registro,Conductor,Masculino,No,Sin Registro,Solo Daños,Choque,Desobedecer senales,Calle 25  Sur Carrera 42 A,Las Orquideas,Urbana,"(6.179682683, -75.57985756)"
2181492,02/06/2018,7:30 a.m.,Sábado,Automovil,Sin Registro,Conductor,Masculino,No,Sin Registro,Solo Daños,Choque,Desobedecer senales,Calle 25  Sur Carrera 42 A,Las Orquideas,Urbana,"(6.179682683, -75.57985756)"
2181495,02/06/2018,9:30 p.m.,Sábado,Bus,Sin Registro,Conductor,Masculino,No,Sin Registro,Solo Daños,Choque,Impericia en el manejo,Calle 41 AA Sur Carrera 28,San Rafael,Urbana,"(6.158256501, -75.58439426)"
2181495,02/06/2018,9:30 p.m.,Sábado,Automovil,Sin Registro,Conductor,Femenino,No,Sin Registro,Solo Daños,Choque,Impericia en el manejo,Calle 41 AA Sur Carrera 28,San Rafael,Urbana,"(6.158256501, -75.58439426)"
2181487,02/06/2018,3:20 a.m.,Sábado,Automovil,Sin Registro,Conductor,Masculino,Si,3,Solo Daños,Choque,Embriaguez aparente,Calle 45 A Sur Carrera 39 B,Las Antillas,Urbana,"(6.160320892, -75.59000566)"
2181486,02/06/2018,12:40 a.m.,Sábado,Bus,Sin Registro,Conductor,Masculino,No,Sin Registro,Solo Daños,Choque,Arrancar sin precaucion,Calle 38 A Sur Carrera 41,Zona Centro,Urbana,"(6.168560755, -75.58701537)"
2181486,02/06/2018,12:40 a.m.,Sábado,Automovil,Sin Registro,Conductor,Masculino,No,Sin Registro,Solo Daños,Choque,Arrancar sin precaucion,Calle 38 A Sur Carrera 41,Zona Centro,Urbana,"(6.168560755, -75.58701537)"
2181481,02/06/2018,1:45 p.m.,Sábado,Automovil,Sin Registro,Conductor,Femenino,No,Sin Registro,Solo Daños,Choque,No respetar pelacion de interseccion o giros,Calle 27 D Sur Carrera 27 B,El Chocho,Urbana,"(6.169224506, -75.57173816)"
2181481,02/06/2018,1:45 p.m.,Sábado,Automovil,Sin Registro,Conductor,Femenino,No,Sin Registro,Solo Daños,Choque,No respetar pelacion de interseccion o giros,Calle 27 D Sur Carrera 27 B,El Chocho,Urbana,"(6.169224506, -75.57173816)"
2181465,02/06/2018,9:50 a.m.,Sábado,Motocicleta,Sin Registro,Motociclista,Masculino,No,Sin Registro,Herido,Choque,No mantener distancia de seguridad,Carrera 43 A Calle 49 D Sur,Las Casitas,Urbana,"(6.160795834, -75.60064798)"
2181465,02/06/2018,9:50 a.m.,Sábado,Motocicleta,Sin Registro,Motociclista,Masculino,No,Sin Registro,Herido,Choque,No mantener distancia de seguridad,Carrera 43 A Calle 49 D Sur,Las Casitas,Urbana,"(6.160795834, -75.60064798)"
2181507,02/06/2018,2:50 a.m.,Sábado,Automovil,Sin Registro,Conductor,Masculino,No,Sin Registro,Solo Daños,Choque,Desobedecer senales,Carrera 43 A Calle 25 A Sur,Villa Grande,Urbana,"(6.181504184, -75.5817415)"