RADICADO,FECHA,HORA,DÍA DE LA SEMANA,CLASE DE VEHICULO,TIPO DE SERVICIO,TIPO DE VICTIMA,SEXO,ESTADO DE BEODEZ,RESULTADO DE BEODEZ,GRAVEDAD,CLASE DE ACCIDENTE,CAUSA,DIRECCIÓN,BARRIO,AREA,Coordenadas
2181507,02/06/2018,2:50 a.m.,Sábado,Automovil,Sin Registro,Conductor,Sin Registro,No,Sin Registro,Solo Daños,Choque,Desobedecer senales,Carrera 43 A Calle 25 A Sur,Villa Grande,Urbana,"(6.181504184, -75.5817415)"
2181485,03/06/2018,6:20 a.m.,Domingo,Campero,Sin Registro,Conductor,Masculino,No,Sin Registro,Solo Daños,Choque,Desobedecer senales,Tramo 373 Kilometro  7,Vereda Palmas,Rural,
2181485,03/06/2018,6:20 a.m.,Domingo,Motocicleta,Sin Registro,Motociclista,Masculino,No,Sin Registro,Solo Daños,Choque,Desobedecer senales,Tramo 373 Kilometro  7,Vereda Palmas,Rural,
2181493,03/06/2018,2:25 p.m.,Domingo,Bus,Sin Registro,Conductor,Masculino,No,Sin Registro,Solo Daños,Choque,Vehiculo mal estacionado,Carrera 42 Calle 38  Sur,Zona Centro,Urbana,"(6.169595447, -75.58728168)"
2181493,03/06/2018,2:25 p.m.,Domingo,Automovil,Sin Registro,Conductor,Femenino,No,Sin Registro,Solo Daños,Choque,Vehiculo mal estacionado,Carrera 42 Calle 38  Sur,Zona Centro,Urbana,"(6.169595447, -75.58728168)"
2181482,03/06/2018,2:15 a.m.,Domingo,Motocicleta,Sin Registro,Motociclista,Masculino,Si,1,Herido,Choque,Embriaguez aparente,Carrera 40 Calle 38  Sur,Zona Centro,Urbana,"(6.168682985, -75.58587025)"
2181489,03/06/2018,1:30 p.m.,Domingo,Automovil,Sin Registro,Conductor,Masculino,No,Sin Registro,Solo Daños,Choque,No respetar pelacion de interseccion o giros,Calle 37  Sur Carrera 36,Mesa,Urbana,"(6.168044613, -75.58323697)"
2181489,03/06/2018,1:30 p.m.,Domingo,Automovil,Sin Registro,Conductor,Masculino,No,Sin Registro,Solo Daños,Choque,No respetar pelacion de interseccion o giros,Calle 37  Sur Carrera 36,Mesa,Urbana,"(6.168044613, -75.58323697)"
2181484,03/06/2018,2:50 a.m.,Domingo,Motocicleta,Sin Registro,Motociclista,Masculino,No,Sin Registro,Herido,Caida Ocupante,Impericia en el manejo,Tramo 372 Kilometro  14,Vereda Palmas,Rural,
2181483,03/06/2018,11:57 a.m.,Domingo,Camioneta,Sin Registro,Conductor,Femenino,No,Sin Registro,Solo Daños,Choque,No mantener distancia de seguridad,Tramo 372 Kilometro  12,Vereda Palmas,Rural,
2181483,03/06/2018,11:57 a.m.,Domingo,Motocicleta,Sin Registro,Motociclista,Masculino,No,Sin Registro,Solo Daños,Choque,No mantener distancia de seguridad,Tramo 372 Kilometro  12,Vereda Palmas,Rural,
2181498,04/06/2018,6:20 p.m.,Lunes,Automovil,Sin Registro,Conductor,Femenino,No,Sin Registro,Solo Daños,Choque,No mantener distancia de seguridad,Calle 25  Sur Carrera 43 A,Las Orquideas,Urbana,"(6.181560189, -75.58201649)"
2181498,04/06/2018,6:20 p.m.,Lunes,Camioneta,Sin Registro,Conductor,Femenino,No,Sin Registro,Solo Daños,Choque,No mantener distancia de seguridad,Calle 25  Sur Carrera 43 A,Las Orquideas,Urbana,"(6.181560189, -75.58201649)"
2181488,04/06/2018,10:30 a.m.,Lunes,Automovil,Sin Registro,Conductor,Masculino,No,Sin Registro,Herido,Atropello,Impericia en el manejo,Calle 38 A Sur Carrera 46,Alcala,Urbana,"(6.171457357, -75.59157663)"
2181509,05/06/2018,7:00 p.m.,Martes,Motocicleta,Sin Registro,Motociclista,Masculino,No,Sin Registro,Solo Daños,Choque,Impericia en el manejo,Carrera 27 Calle 25 C Sur,El Esmeraldal,Urbana,"(6.171126194, -75.56591309)"
2181509,05/06/2018,7:00 p.m.,Martes,Automovil,Sin Registro,Conductor,Femenino,No,Sin Registro,Solo Daños,Choque,Impericia en el manejo,Carrera 27 Calle 25 C Sur,El Esmeraldal,Urbana,"(6.171126194, -75.56591309)"
2181501,05/06/2018,12:05 a.m.,Martes,Bus,Sin Registro,Conductor,Masculino,No,Sin Registro,Solo Daños,Choque,Desobedecer senales,Carrera 48 Calle 27 A Sur,Las Vegas,Urbana,"(6.181312425, -75.58688511)"
2181501,05/06/2018,12:05 a.m.,Martes,Camioneta,Sin Registro,Conductor,Femenino,No,Sin Registro,Solo Daños,Choque,Impericia en el manejo,Carrera 48 Calle 27 A Sur,Las Vegas,Urbana,"(6.181312425, -75.58688511)"
2181514,05/06/2018,5:00 p.m.,Martes,Camioneta,Sin Registro,Conductor,Masculino,No,Sin Registro,Solo Daños,Choque,Poner en marcha un vehiculo sin precauci,Calle 30  Sur Carrera 43 A,Jardines,Urbana,"(6.177126039, -75.5852509)"
2181501,05/06/2018,12:05 a.m.,Martes,Camioneta,Sin Registro,Conductor,Femenino,No,Sin Registro,Solo Daños,Choque,Desobedecer senales,Carrera 48 Calle 27 A Sur,Las Vegas,Urbana,"(6.181312425, -75.58688511)"
2181501,05/06/2018,12:05 a.m.,Martes,Bus,Sin Registro,Conductor,Masculino,No,Sin Registro,Solo Daños,Choque,Impericia en el manejo,Carrera 48 Calle 27 A Sur,Las Vegas,Urbana,"(6.181312425, -75.58688511)"
2181514,05/06/2018,5:00 p.m.,Martes,Automovil,Sin Registro,Conductor,Femenino,No,Sin Registro,Solo Daños,Choque,Poner en marcha un vehiculo sin precauci,Calle 30  Sur Carrera 43 A,Jardines,Urbana,"(6.177126039, -75.5852509)"
2181500,05/06/2018,1:15 p.m.,Martes,Automovil,Sin Registro,Conductor,Femenino,No,Sin Registro,Solo Daños,Choque,Reverso imprudente,Calle 37  Sur Carrera 41,Zona Centro,Urbana,"(6.169855492, -75.58619601)"
2181500,05/06/2018,1:15 p.m.,Martes,Automovil,Sin Registro,Conductor,Sin Registro,No,Sin Registro,Solo Daños,Choque,Reverso imprudente,Calle 37  Sur Carrera 41,Zona Centro,Urbana,"(6.169855492, -75.58619601)"
2181504,05/06/2018,10:20 a.m.,Martes,Automovil,Sin Registro,Conductor,Masculino,No,Sin Registro,Solo Daños,Choque,Semaforo en rojo,Calle 36  Sur Carrera 41,Zona Centro,Urbana,"(6.170639628, -75.58578509)"
2181504,05/06/2018,10:20 a.m.,Martes,Camioneta,Sin Registro,Conductor,Masculino,No,Sin Registro,Solo Daños,Choque,Semaforo en rojo,Calle 36  Sur Carrera 41,Zona Centro,Urbana,"(6.170639628, -75.58578509)"
2181506,05/06/2018,1:29 p.m.,Martes,Camioneta,Sin Registro,Conductor,Sin Registro,No,Sin Registro,Solo Daños,Choque,Arrancar sin precaucion,Carrera 44 A Calle 38 A Sur,Alcala,Urbana,"(6.17023674, -75.58996608)"
2181506,05/06/2018,1:29 p.m.,Martes,Motocicleta,Sin Registro,Motociclista,Femenino,No,Sin Registro,Solo Daños,Choque,Arrancar sin precaucion,Carrera 44 A Calle 38 A Sur,Alcala,Urbana,"(6.17023674, -75.58996608)"
2181506,05/06/2018,1:29 p.m.,Martes,Automovil,Sin Registro,Conductor,Masculino,No,Sin Registro,Solo Daños,Choque,Arrancar sin precaucion,Carrera 44 A Calle 38 A Sur,Alcala,Urbana,"(6.17023674, -75.58996608)"
2181510,05/06/2018,4:30 p.m.,Martes,Buseta,Sin Registro,Conductor,Masculino,No,Sin Registro,Muerto,Caida Ocupante,Poner en marcha un vehiculo sin precauci,Tramo 371 Kilometro  4,Vereda El Escobero,Rural,
2181515,05/06/2018,6:35 a.m.,Martes,Motocicleta,Sin Registro,Motociclista,Masculino,No,Sin Registro,Solo Daños,Choque,No mantener distancia de seguridad,Carrera 50 Calle 39 A Sur,Las Vegas,Urbana,
2181515,05/06/2018,6:35 a.m.,Martes,Automovil,Sin Registro,Conductor,Femenino,No,Sin Registro,Solo Daños,Choque,No mantener distancia de seguridad,Carrera 50 Calle 39 A Sur,Las Vegas,Urbana,
2181517,05/06/2018,12:40 a.m.,Martes,Camioneta,Sin Registro,Conductor,Masculino,No,Sin Registro,Solo Daños,Choque,No respetar pelacion de interseccion o giros,Carrera 42 B Calle 26 A Sur,Las Orquideas,Urbana,"(6.177282566, -75.57983816)"
2181517,05/06/2018,12:40 a.m.,Martes,Motocicleta,Sin Registro,Motociclista,Masculino,No,Sin Registro,Solo Daños,Choque,No respetar pelacion de interseccion o giros,Carrera 42 B Calle 26 A Sur,Las Orquideas,Urbana,"(6.177282566, -75.57983816)"
2181522,05/06/2018,3:50 p.m.,Martes,Automovil,Sin Registro,Conductor,Masculino,No,Sin Registro,Herido,Choque,Desobedecer senales,Carrera 48 Calle 25  Sur,Las Vegas,Urbana,"(6.185059174, -75.58329333)"
2181522,05/06/2018,3:50 p.m.,Martes,Motocicleta,Sin Registro,Motociclista,Masculino,No,Sin Registro,Herido,Choque,Desobedecer senales,Carrera 48 Calle 25  Sur,Las Vegas,Urbana,"(6.185059174, -75.58329333)"
2181528,06/06/2018,4:00 p.m.,Miércoles,Motocicleta,Sin Registro,Motociclista,Masculino,No,Sin Registro,Solo Daños,Choque,Desobedecer senales,Diagonal 31 E Transversal 32 A Sur,La Magnolia,Urbana,"(6.174681134, -75.57847104)"
2181525,06/06/2018,1:00 p.m.,Miércoles,Camioneta,Sin Registro,Conductor,Femenino,No,Sin Registro,Solo Daños,Choque,Impericia en el manejo,Carrera 27 AA Calle 37 B Sur,Loma De Las Brujas,Urbana,
2181528,06/06/2018,4:00 p.m.,Miércoles,Automovil,Sin Registro,Conductor,Masculino,No,Sin Registro,Solo Daños,Choque,Impericia en el manejo,Diagonal 31 E Transversal 32 A Sur,La Magnolia,Urbana,"(6.174681134, -75.57847104)"
2181528,06/06/2018,4:00 p.m.,Miércoles,Automovil,Sin Registro,Conductor,Masculino,No,Sin Registro,Solo Daños,Choque,Desobedecer senales,Diagonal 31 E Transversal 32 A Sur,La Magnolia,Urbana,"(6.174681134, -75.57847104)"
2181528,06/06/2018,4:00 p.m.,Miércoles,Motocicleta,Sin Registro,Motociclista,Masculino,No,Sin Registro,Solo Daños,Choque,Impericia en el manejo,Diagonal 31 E Transversal 32 A Sur,La Magnolia,Urbana,"(6.174681134, -75.57847104)"
2181513,06/06/2018,6:10 a.m.,Miércoles,Automovil,Sin Registro,Conductor,Femenino,No,Sin Registro,Solo Daños,Choque,Adelantar invadiendo carril del mismo sentido en zigzag,Carrera 41 Calle 38 A Sur,Zona Centro,Urbana,"(6.168440346, -75.58698806)"
2181544,07/06/2018,12:20 a.m.,Jueves,Automovil,Sin Registro,Conductor,Femenino,No,Sin Registro,Herido,Atropello,Cruzar en diagonal,Carrera 43 A Calle 40  Sur,Alcala,Urbana,"(6.168044687, -75.59026877)"
2181513,06/06/2018,6:10 a.m.,Miércoles,Bus,Sin Registro,Conductor,Masculino,No,Sin Registro,Solo Daños,Choque,Adelantar invadiendo carril del mismo sentido en zigzag,Carrera 41 Calle 38 A Sur,Zona Centro,Urbana,"(6.168440346, -75.58698806)"
2181518,06/06/2018,5:30 p.m.,Miércoles,Automovil,Sin Registro,Conductor,Masculino,No,Sin Registro,Solo Daños,Choque,No respetar prelacion,Calle 30  Sur Carrera 46 A,Jardines,Urbana,"(6.179166125, -75.58749587)"
2181518,06/06/2018,5:30 p.m.,Miércoles,Motocicleta,Sin Registro,Motociclista,Masculino,No,Sin Registro,Solo Daños,Choque,No respetar prelacion,Calle 30  Sur Carrera 46 A,Jardines,Urbana,"(6.179166125, -75.58749587)"
2181512,06/06/2018,10:30 p.m.,Miércoles,Motocicleta,Sin Registro,Motociclista,Masculino,No,Sin Registro,Solo Daños,Choque,Impericia en el manejo,Tramo 12 Kilometro  10,Vereda Palmas,Rural,
2181512,06/06/2018,10:30 p.m.,Miércoles,Automovil,Sin Registro,Conductor,Masculino,No,Sin Registro,Solo Daños,Choque,Impericia en el manejo,Tramo 12 Kilometro  10,Vereda Palmas,Rural,
2181527,06/06/2018,12:35 a.m.,Miércoles,Bus,Sin Registro,Conductor,Masculino,No,Sin Registro,Solo Daños,Choque,No respetar pelacion de interseccion o giros,Diagonal 32 Transversal 34 D Sur,Los Naranjos,Urbana,"(6.171707481, -75.58094811)"
2181511,06/06/2018,9:35 p.m.,Miércoles,Automovil,Sin Registro,Conductor,Masculino,No,Sin Registro,Solo Daños,Choque,No respetar pelacion de interseccion o giros,Calle 32  Sur Carrera 45 B,El Portal,Urbana,"(6.17690285, -75.588462)"
2181511,06/06/2018,9:35 p.m.,Miércoles,Motocicleta,Sin Registro,Motociclista,Masculino,No,Sin Registro,Solo Daños,Choque,No respetar pelacion de interseccion o giros,Calle 32  Sur Carrera 45 B,El Portal,Urbana,"(6.17690285, -75.588462)"
2181527,06/06/2018,12:35 a.m.,Miércoles,Automovil,Sin Registro,Conductor,Masculino,No,Sin Registro,Solo Daños,Choque,No respetar pelacion de interseccion o giros,Diagonal 32 Transversal 34 D Sur,Los Naranjos,Urbana,"(6.171707481, -75.58094811)"
2181526,06/06/2018,11:50 a.m.,Miércoles,Campero,Sin Registro,Conductor,Masculino,No,Sin Registro,Solo Daños,Choque,Adelantar cerrando,Carrera 50 Calle 32  Sur,Las Vegas,Urbana,"(6.178248378, -75.59168828)"
2181526,06/06/2018,11:50 a.m.,Miércoles,Camioneta,Sin Registro,Conductor,Masculino,No,Sin Registro,Solo Daños,Choque,Adelantar cerrando,Carrera 50 Calle 32  Sur,Las Vegas,Urbana,"(6.178248378, -75.59168828)"
2181521,06/06/2018,12:55 a.m.,Miércoles,Motocicleta,Sin Registro,Motociclista,Masculino,No,Sin Registro,Herido,Otro,Huecos,Carrera 43 A Calle 39  Sur,El Dorado,Urbana,"(6.169011071, -75.5894849)"
2181519,07/06/2018,8:00 a.m.,Jueves,Motocicleta,Sin Registro,Motociclista,Masculino,No,Sin Registro,Herido,Choque,No mantener distancia de seguridad,Carrera 50 Calle 50  Sur,Las Vegas,Urbana,
2181519,07/06/2018,8:00 a.m.,Jueves,Motocicleta,Sin Registro,Motociclista,Femenino,No,Sin Registro,Herido,Choque,No mantener distancia de seguridad,Carrera 50 Calle 50  Sur,Las Vegas,Urbana,
2181530,07/06/2018,12:08 a.m.,Jueves,Camioneta,Sin Registro,Conductor,Femenino,No,Sin Registro,Solo Daños,Choque,Arrancar sin precaucion,Carrera 40 Calle 36  Sur,Zona Centro,Urbana,"(6.17006539, -75.58502916)"
2181530,07/06/2018,12:08 a.m.,Jueves,Automovil,Sin Registro,Conductor,Sin Registro,No,Sin Registro,Solo Daños,Choque,Arrancar sin precaucion,Carrera 40 Calle 36  Sur,Zona Centro,Urbana,"(6.17006539, -75.58502916)"
2181553,07/06/2018,9:15 p.m.,Jueves,Automovil,Sin Registro,Conductor,Masculino,No,Sin Registro,Solo Daños,Choque,No mantener distancia de seguridad,Calle 37  Sur Carrera 50,Las Vegas,Urbana,
2181553,07/06/2018,9:15 p.m.,Jueves,Automovil,Sin Registro,Conductor,Sin Registro,No,Sin Registro,Solo Daños,Choque,No mantener distancia de seguridad,Calle 37  Sur Carrera 50,Las Vegas,Urbana,
2181529,07/06/2018,9:10 a.m.,Jueves,Camioneta,Sin Registro,Conductor,Sin Registro,No,Sin Registro,Solo Daños,Choque,Adelantar cerrando,Carrera 50 Calle 37  Sur,Las Vegas,Urbana,
2181529,07/06/2018,9:10 a.m.,Jueves,Automovil,Sin Registro,Conductor,Masculino,No,Sin Registro,Solo Daños,Choque,Adelantar cerrando,Carrera 50 Calle 37  Sur,Las Vegas,Urbana,
2181540,07/06/2018,6:25 a.m.,Jueves,Camion,Sin Registro,Conductor,Masculino,No,Sin Registro,Herido,Choque,Impericia en el manejo,Tramo 373 Kilometro  13,Vereda Palmas,Rural,
2181552,07/06/2018,7:10 a.m.,Jueves,Bus,Sin Registro,Conductor,Masculino,No,Sin Registro,Solo Daños,Choque,Desobedecer senales,Carrera 42 Calle 36  Sur,Zona Centro,Urbana,"(6.170966181, -75.5864635)"
2181552,07/06/2018,7:10 a.m.,Jueves,Motocicleta,Sin Registro,Motociclista,Masculino,No,Sin Registro,Solo Daños,Choque,Desobedecer senales,Carrera 42 Calle 36  Sur,Zona Centro,Urbana,"(6.170966181, -75.5864635)"
2181532,07/06/2018,5:30 p.m.,Jueves,Campero,Sin Registro,Conductor,Masculino,No,Sin Registro,Solo Daños,Choque,Adelantar por la derecha,Calle 34  Sur Carrera 47,El Portal,Urbana,"(6.175152875, -75.59025623)"
2181532,07/06/2018,5:30 p.m.,Jueves,Motocicleta,Sin Registro,Motociclista,Masculino,No,Sin Registro,Solo Daños,Choque,Adelantar por la derecha,Calle 34  Sur Carrera 47,El Portal,Urbana,"(6.175152875, -75.59025623)"
2181549,07/06/2018,5:30 p.m.,Jueves,Automovil,Sin Registro,Conductor,Femenino,No,Sin Registro,Solo Daños,Choque,Desobedecer senales,Tramo 373 Kilometro  10,Vereda Palmas,Rural,
2181549,07/06/2018,5:30 p.m.,Jueves,Automovil,Sin Registro,Conductor,Masculino,No,Sin Registro,Solo Daños,Choque,Desobedecer senales,Tramo 373 Kilometro  10,Vereda Palmas,Rural,
2181550,07/06/2018,8:30 a.m.,Jueves,Bus,Sin Registro,Conductor,Masculino,No,Sin Registro,Solo Daños,Choque,No mantener distancia de seguridad,Calle 38  Sur Carrera 42,Zona Centro,Urbana,"(6.16961293, -75.58738469)"
2181550,07/06/2018,8:30 a.m.,Jueves,Motocicleta,Sin Registro,Motociclista,Masculino,No,Sin Registro,Solo Daños,Choque,No mantener distancia de seguridad,Calle 38  Sur Carrera 42,Zona Centro,Urbana,"(6.16961293, -75.58738469)"
2181550,07/06/2018,8:30 a.m.,Jueves,Camioneta,Sin Registro,Conductor,Masculino,No,Sin Registro,Solo Daños,Choque,No mantener distancia de seguridad,Calle 38  Sur Carrera 42,Zona Centro,Urbana,"(6.16961293, -75.58738469)"
2181536,07/06/2018,7:40 p.m.,Jueves,Motocicleta,Sin Registro,Motociclista,Masculino,No,Sin Registro,Herido,Choque,Defectos fisicos y psiquicos,Carrera 50 Calle 25  Sur,Las Vegas,Urbana,"(6.186515998, -75.58512541)"
2181523,07/06/2018,8:45 a.m.,Jueves,Bus,Sin Registro,Conductor,Femenino,No,Sin Registro,Solo Daños,Choque,Estacionar sin seguridad,Calle 49  Sur Carrera 48,Las Vegas,Urbana,"(6.163238618, -75.60250718)"
2181523,07/06/2018,8:45 a.m.,Jueves,Camioneta,Sin Registro,Conductor,Femenino,No,Sin Registro,Solo Daños,Choque,Estacionar sin seguridad,Calle 49  Sur Carrera 48,Las Vegas,Urbana,"(6.163238618, -75.60250718)"
2181531,07/06/2018,11:45 a.m.,Jueves,Automovil,Sin Registro,Conductor,Femenino,No,Sin Registro,Solo Daños,Choque,Adelantar cerrando,Calle 36 D Sur Carrera 27,Vereda El Escobero,Urbana,"(6.162479576, -75.57022257)"
2181531,07/06/2018,11:45 a.m.,Jueves,Motocicleta,Sin Registro,Motociclista,Masculino,No,Sin Registro,Solo Daños,Choque,Adelantar cerrando,Calle 36 D Sur Carrera 27,Vereda El Escobero,Urbana,"(6.162479576, -75.57022257)"
2181543,07/06/2018,9:40 p.m.,Jueves,Motocicleta,Sin Registro,Motociclista,Masculino,No,Sin Registro,Herido,Atropello,Impericia en el manejo,Carrera 42 Calle 40 DD Sur,El Dorado,Urbana,"(6.166161402, -75.58977289)"
2181543,07/06/2018,9:40 p.m.,Jueves,Motocicleta,Sin Registro,Motociclista,Masculino,No,Sin Registro,Herido,Atropello,Salir por delante de un vehiculo,Carrera 42 Calle 40 DD Sur,El Dorado,Urbana,"(6.166161402, -75.58977289)"
2181520,07/06/2018,10:50 a.m.,Jueves,Motocicleta,Sin Registro,Motociclista,Masculino,No,Sin Registro,Herido,Choque,Adelantar cerrando,Carrera 27 B Calle 51  Sur,Loma De Las Brujas,Urbana,
2181520,07/06/2018,10:50 a.m.,Jueves,Camion,Sin Registro,Conductor,Masculino,No,Sin Registro,Herido,Choque,Adelantar cerrando,Carrera 27 B Calle 51  Sur,Loma De Las Brujas,Urbana,
2181555,08/06/2018,4:00 a.m.,Viernes,Camion,Sin Registro,Conductor,Masculino,No,Sin Registro,Solo Daños,Choque,Estacionar sin seguridad,Calle 29  Sur Carrera 25,El Chocho,Urbana,"(6.167240191, -75.56467421)"
2181542,08/06/2018,6:10 p.m.,Viernes,Camion,Sin Registro,Conductor,Masculino,No,Sin Registro,Solo Daños,Choque,Reverso imprudente,Calle 43  Sur Carrera 49,Las Vegas,Urbana,
2181542,08/06/2018,6:10 p.m.,Viernes,Automovil,Sin Registro,Conductor,Masculino,No,Sin Registro,Solo Daños,Choque,Reverso imprudente,Calle 43  Sur Carrera 49,Las Vegas,Urbana,
2181555,08/06/2018,4:00 a.m.,Viernes,Automovil,Sin Registro,Conductor,Femenino,No,Sin Registro,Solo Daños,Choque,Estacionar sin seguridad,Calle 29  Sur Carrera 25,El Chocho,Urbana,"(6.167240191, -75.56467421)"
2181560,08/06/2018,4:00 a.m.,Viernes,Camioneta,Sin Registro,Conductor,Sin Registro,Si,3,Herido,Choque,Embriaguez o droga,Tramo 373 Kilometro  11,Vereda Palmas,Rural,
2181560,08/06/2018,4:00 a.m.,Viernes,Camioneta,Sin Registro,Conductor,Masculino,No,Sin Registro,Herido,Choque,Embriaguez o droga,Tramo 373 Kilometro  11,Vereda Palmas,Rural,
2181558,08/06/2018,10:20 a.m.,Viernes,Motocicleta,Sin Registro,Motociclista,Masculino,No,Sin Registro,Solo Daños,Choque,Pasar semaforo en rojo,Calle 38  Sur Carrera 41,Zona Centro,Urbana,"(6.169244976, -75.58658807)"
2181558,08/06/2018,10:20 a.m.,Viernes,Automovil,Sin Registro,Conductor,Masculino,No,Sin Registro,Solo Daños,Choque,Pasar semaforo en rojo,Calle 38  Sur Carrera 41,Zona Centro,Urbana,"(6.169244976, -75.58658807)"
2181551,08/06/2018,7:20 a.m.,Viernes,Automovil,Sin Registro,Conductor,Masculino,No,Sin Registro,Solo Daños,Choque,No mantener distancia de seguridad,Carrera 48 Calle 19  Sur,Las Vegas,Urbana,"(6.187349001, -75.58153568)"
2181551,08/06/2018,7:20 a.m.,Viernes,Automovil,Sin Registro,Conductor,Masculino,No,Sin Registro,Solo Daños,Choque,No mantener distancia de seguridad,Carrera 48 Calle 19  Sur,Las Vegas,Urbana,"(6.187349001, -75.58153568)"
2181569,08/06/2018,4:30 p.m.,Viernes,Automovil,Sin Registro,Conductor,Masculino,No,Sin Registro,Solo Daños,Choque,Reverso imprudente,Carrera 48 Calle 48  Sur,Las Vegas,Urbana,"(6.164595282, -75.60138041)"
2181569,08/06/2018,4:30 p.m.,Viernes,Camioneta,Sin Registro,Conductor,Masculino,No,Sin Registro,Solo Daños,Choque,Reverso imprudente,Carrera 48 Calle 48  Sur,Las Vegas,Urbana,"(6.164595282, -75.60138041)"
2181571,08/06/2018,12:30 a.m.,Viernes,Automovil,Sin Registro,Conductor,Masculino,No,Sin Registro,Solo Daños,Choque,Adelantar invadiendo carril del mismo sentido en zigzag,Carrera 48 Calle 48  Sur,Las Vegas,Urbana,"(6.164595282, -75.60138041)"
2181585,11/06/2018,3:00 p.m.,Lunes,Camioneta,Sin Registro,Conductor,Femenino,No,Sin Registro,Herido,Choque,Transitar distante de la acera u orilla,Tramo 376 Kilometro  7,Vereda Perico,Rural,
2181571,08/06/2018,12:30 a.m.,Viernes,Motocicleta,Sin Registro,Motociclista,Masculino,No,Sin Registro,Solo Daños,Choque,Adelantar invadiendo carril del mismo sentido en zigzag,Carrera 48 Calle 48  Sur,Las Vegas,Urbana,"(6.164595282, -75.60138041)"
2181538,08/06/2018,6:50 a.m.,Viernes,Automovil,Sin Registro,Conductor,Masculino,No,Sin Registro,Herido,Choque,Adelantar invadiendo carril de sentido contrario,Tramo 373 Kilometro  14,Vereda Palmas,Rural,
2181538,08/06/2018,6:50 a.m.,Viernes,Motocicleta,Sin Registro,Motociclista,Masculino,No,Sin Registro,Herido,Choque,Adelantar invadiendo carril de sentido contrario,Tramo 373 Kilometro  14,Vereda Palmas,Rural,
2181535,09/06/2018,10:00 p.m.,Sábado,Automovil,Sin Registro,Conductor,Femenino,No,Sin Registro,Solo Daños,Choque,Impericia en el manejo,Calle 40 C Sur Carrera 29,La Mina,Urbana,"(6.160404351, -75.58251503)"
2181535,09/06/2018,10:00 p.m.,Sábado,Motocicleta,Sin Registro,Motociclista,Masculino,No,Sin Registro,Solo Daños,Choque,Impericia en el manejo,Calle 40 C Sur Carrera 29,La Mina,Urbana,"(6.160404351, -75.58251503)"
2181535,09/06/2018,10:00 p.m.,Sábado,Automovil,Sin Registro,Conductor,Femenino,No,Sin Registro,Solo Daños,Choque,Impericia en el manejo,Calle 40 C Sur Carrera 29,La Mina,Urbana,"(6.160404351, -75.58251503)"
2181533,09/06/2018,10:00 a.m.,Sábado,Automovil,Sin Registro,Conductor,Masculino,No,Sin Registro,Herido,Atropello,Impericia en el manejo,Calle 40 B Sur Carrera 28,La Mina,Urbana,"(6.159817381, -75.58177602)"
2181533,09/06/2018,10:00 a.m.,Sábado,Automovil,Sin Registro,Conductor,Sin Registro,No,Sin Registro,Herido,Atropello,Impericia en el manejo,Calle 40 B Sur Carrera 28,La Mina,Urbana,"(6.159817381, -75.58177602)"
2181562,09/06/2018,12:00 a.m.,Sábado,Automovil,Sin Registro,Conductor,Masculino,No,Sin Registro,Solo Daños,Choque,Adelantar por la derecha,Carrera 39 Calle 38  Sur,Zona Centro,Urbana,"(6.168272399, -75.58522092)"
2181562,09/06/2018,12:00 a.m.,Sábado,Motocicleta,Sin Registro,Motociclista,Masculino,No,Sin Registro,Solo Daños,Choque,No mantener distancia de seguridad,Carrera 39 Calle 38  Sur,Zona Centro,Urbana,"(6.168272399, -75.58522092)"
2181562,09/06/2018,12:00 a.m.,Sábado,Motocicleta,Sin Registro,Motociclista,Masculino,No,Sin Registro,Solo Daños,Choque,Adelantar por la derecha,Carrera 39 Calle 38  Sur,Zona Centro,Urbana,"(6.168272399, -75.58522092)"
2181562,09/06/2018,12:00 a.m.,Sábado,Automovil,Sin Registro,Conductor,Masculino,No,Sin Registro,Solo Daños,Choque,No mantener distancia de seguridad,Carrera 39 Calle 38  Sur,Zona Centro,Urbana,"(6.168272399, -75.58522092)"
2181541,09/06/2018,2:00 p.m.,Sábado,Tractocamion,Sin Registro,Conductor,Masculino,No,Sin Registro,Solo Daños,Choque,Impericia en el manejo,Calle 38 A Sur Carrera 36,Mesa,Urbana,"(6.166666222, -75.58411827)"
2181537,09/06/2018,11:00 a.m.,Sábado,Automovil,Sin Registro,Conductor,Masculino,No,Sin Registro,Solo Daños,Choque,No mantener distancia de seguridad,Calle 38  Sur Carrera 39,Zona Centro,Urbana,"(6.16839174, -75.5852478)"
2181537,09/06/2018,11:00 a.m.,Sábado,Camioneta,Sin Registro,Conductor,Masculino,No,Sin Registro,Solo Daños,Choque,No mantener distancia de seguridad,Calle 38  Sur Carrera 39,Zona Centro,Urbana,"(6.16839174, -75.5852478)"
2181548,09/06/2018,11:00 a.m.,Sábado,Camioneta,Sin Registro,Conductor,Masculino,No,Sin Registro,Solo Daños,Choque,Impericia en el manejo,Carrera 48 Calle 25 AA Sur,Las Vegas,Urbana,"(6.183765745, -75.58469035)"
2181548,09/06/2018,11:00 a.m.,Sábado,Campero,Sin Registro,Conductor,Masculino,No,Sin Registro,Solo Daños,Choque,Impericia en el manejo,Carrera 48 Calle 25 AA Sur,Las Vegas,Urbana,"(6.183765745, -75.58469035)"
2181546,09/06/2018,7:05 a.m.,Sábado,Automovil,Sin Registro,Conductor,Masculino,No,Sin Registro,Solo Daños,Choque,Impericia en el manejo,Calle 39 B Sur Carrera 31,Mesa,Urbana,"(6.163600542, -75.58243463)"