RADICADO,FECHA,HORA,DÍA DE LA SEMANA,CLASE DE VEHICULO,TIPO DE SERVICIO,TIPO DE VICTIMA,SEXO,ESTADO DE BEODEZ,RESULTADO DE BEODEZ,GRAVEDAD,CLASE DE ACCIDENTE,CAUSA,DIRECCIÓN,BARRIO,AREA,Coordenadas
2181546,09/06/2018,7:05 a.m.,Sábado,Motocicleta,Sin Registro,Motociclista,Masculino,No,Sin Registro,Solo Daños,Choque,Impericia en el manejo,Calle 39 B Sur Carrera 31,Mesa,Urbana,"(6.163600542, -75.58243463)"
2181539,09/06/2018,9:35 a.m.,Sábado,Automovil,Sin Registro,Conductor,Masculino,No,Sin Registro,Solo Daños,Choque,No mantener distancia de seguridad,Carrera 50 Calle 37  Sur,Las Vegas,Urbana,
2181539,09/06/2018,9:35 a.m.,Sábado,Camion,Sin Registro,Conductor,Masculino,No,Sin Registro,Solo Daños,Choque,No mantener distancia de seguridad,Carrera 50 Calle 37  Sur,Las Vegas,Urbana,
2181539,09/06/2018,9:35 a.m.,Sábado,Automovil,Sin Registro,Conductor,Masculino,No,Sin Registro,Solo Daños,Choque,No mantener distancia de seguridad,Carrera 50 Calle 37  Sur,Las Vegas,Urbana,
2181565,10/06/2018,9:00 p.m.,Domingo,Automovil,Sin Registro,Conductor,Femenino,No,Sin Registro,Solo Daños,Choque,No mantener distancia de seguridad,Tramo 373 Kilometro  13,Vereda Palmas,Rural,
2181565,10/06/2018,9:00 p.m.,Domingo,Camioneta,Sin Registro,Conductor,Masculino,No,Sin Registro,Solo Daños,Choque,No mantener distancia de seguridad,Tramo 373 Kilometro  13,Vereda Palmas,Rural,
2181564,10/06/2018,9:25 p.m.,Domingo,Automovil,Sin Registro,Conductor,Femenino,No,Sin Registro,Solo Daños,Choque,Impericia en el manejo,Calle 26  Sur Carrera 43 A,Zuñiga,Urbana,"(6.180841534, -75.58293815)"
2181564,10/06/2018,9:25 p.m.,Domingo,Camioneta,Sin Registro,Conductor,Masculino,No,Sin Registro,Solo Daños,Choque,Impericia en el manejo,Calle 26  Sur Carrera 43 A,Zuñiga,Urbana,"(6.180841534, -75.58293815)"
2181534,10/06/2018,8:50 a.m.,Domingo,Buseta,Sin Registro,Conductor,Masculino,No,Sin Registro,Herido,Choque,Semaforo en rojo,Calle 45 B Sur Carrera 43,La Paz,Urbana,"(6.164485785, -75.59467842)"
2181534,10/06/2018,8:50 a.m.,Domingo,Motocicleta,Sin Registro,Motociclista,Masculino,No,Sin Registro,Herido,Choque,Semaforo en rojo,Calle 45 B Sur Carrera 43,La Paz,Urbana,"(6.164485785, -75.59467842)"
2181585,11/06/2018,3:00 p.m.,Lunes,Motocicleta,Sin Registro,Motociclista,Masculino,No,Sin Registro,Herido,Choque,Transitar distante de la acera u orilla,Tramo 376 Kilometro  7,Vereda Perico,Rural,
2181547,11/06/2018,7:10 p.m.,Lunes,Automovil,Sin Registro,Conductor,Masculino,No,Sin Registro,Solo Daños,Choque,No mantener distancia de seguridad,Carrera 48 Calle 38  Sur,Las Vegas,Urbana,"(6.172747818, -75.59269817)"
2181547,11/06/2018,7:10 p.m.,Lunes,Camioneta,Sin Registro,Conductor,Femenino,No,Sin Registro,Solo Daños,Choque,No mantener distancia de seguridad,Carrera 48 Calle 38  Sur,Las Vegas,Urbana,"(6.172747818, -75.59269817)"
2181556,11/06/2018,11:15 p.m.,Lunes,Automovil,Sin Registro,Conductor,Masculino,No,Sin Registro,Solo Daños,Choque,Desobedecer senales,Calle 39  Sur Carrera 37,Mesa,Urbana,"(6.166324664, -75.58503975)"
2181556,11/06/2018,11:15 p.m.,Lunes,Automovil,Sin Registro,Conductor,Masculino,No,Sin Registro,Solo Daños,Choque,Desobedecer senales,Calle 39  Sur Carrera 37,Mesa,Urbana,"(6.166324664, -75.58503975)"
2181545,11/06/2018,4:30 p.m.,Lunes,Motocicleta,Sin Registro,Motociclista,Masculino,No,Sin Registro,Herido,Choque,Impericia en el manejo,Carrera 27 G Calle 36 D Sur,Vereda El Escobero,Urbana,"(6.166212839, -75.57691411)"
2181568,11/06/2018,5:50 p.m.,Lunes,Automovil,Sin Registro,Conductor,Masculino,No,Sin Registro,Solo Daños,Choque,No mantener distancia de seguridad,Carrera 43 A Calle 21  Sur,Zuñiga,Urbana,"(6.183599544, -75.57940986)"
2181568,11/06/2018,5:50 p.m.,Lunes,Motocicleta,Sin Registro,Motociclista,Masculino,No,Sin Registro,Solo Daños,Choque,No mantener distancia de seguridad,Carrera 43 A Calle 21  Sur,Zuñiga,Urbana,"(6.183599544, -75.57940986)"
2181568,11/06/2018,5:50 p.m.,Lunes,Automovil,Sin Registro,Conductor,Masculino,No,Sin Registro,Solo Daños,Choque,No mantener distancia de seguridad,Carrera 43 A Calle 21  Sur,Zuñiga,Urbana,"(6.183599544, -75.57940986)"
2181567,12/06/2018,1:00 p.m.,Martes,Bus,Sin Registro,Conductor,Masculino,No,Sin Registro,Solo Daños,Choque,No mantener distancia de seguridad,Calle 36  Sur Carrera 43 A,Zona Centro,Urbana,"(6.171868319, -75.58774823)"
2181567,12/06/2018,1:00 p.m.,Martes,Automovil,Sin Registro,Conductor,Femenino,No,Sin Registro,Solo Daños,Choque,No mantener distancia de seguridad,Calle 36  Sur Carrera 43 A,Zona Centro,Urbana,"(6.171868319, -75.58774823)"
2170089,01/15/2017,1:50 p.m.,Domingo,Automovil,Particular,Conductor,Masculino,NO,Sin Registro,Solo Daños,Choque,Otra,Tramo 372 Kilometro  7,Vereda Palmas,Rural,
2181573,12/06/2018,11:00 a.m.,Martes,Campero,Sin Registro,Conductor,Masculino,No,Sin Registro,Herido,Choque,Impericia en el manejo,Calle 27  Sur Carrera 28,El Esmeraldal,Urbana,"(6.175346318, -75.5745834)"
2181573,12/06/2018,11:00 a.m.,Martes,Motocicleta,Sin Registro,Motociclista,Masculino,No,Sin Registro,Herido,Choque,Impericia en el manejo,Calle 27  Sur Carrera 28,El Esmeraldal,Urbana,"(6.175346318, -75.5745834)"
2181557,12/06/2018,7:20 p.m.,Martes,Motocicleta,Sin Registro,Motociclista,Masculino,No,Sin Registro,Herido,Caida Ocupante,Fallas en las llantas,Carrera 50 Calle 46 A,Las Vegas,Urbana,
2181563,12/06/2018,4:20 p.m.,Martes,Camioneta,Sin Registro,Conductor,Masculino,No,Sin Registro,Solo Daños,Choque,No respetar prelacion,Carrera 50 Calle 43  Sur,Las Vegas,Urbana,
2181563,12/06/2018,4:20 p.m.,Martes,Tractocamion,Sin Registro,Conductor,Masculino,No,Sin Registro,Solo Daños,Choque,No respetar prelacion,Carrera 50 Calle 43  Sur,Las Vegas,Urbana,
2181559,12/06/2018,4:30 p.m.,Martes,Volqueta,Sin Registro,Conductor,Masculino,No,Sin Registro,Solo Daños,Choque,No mantener distancia de seguridad,Carrera 48 Calle 50  Sur,Las Vegas,Urbana,
2181559,12/06/2018,4:30 p.m.,Martes,Camioneta,Sin Registro,Conductor,Femenino,No,Sin Registro,Solo Daños,Choque,No mantener distancia de seguridad,Carrera 48 Calle 50  Sur,Las Vegas,Urbana,
2181566,12/06/2018,1:32 p.m.,Martes,Automovil,Sin Registro,Conductor,Femenino,No,Sin Registro,Solo Daños,Choque,Reverso imprudente,Carrera 44 A Calle 32 C Sur,San Marcos,Urbana,"(6.174790171, -75.5870301)"
2181566,12/06/2018,1:32 p.m.,Martes,Camioneta,Sin Registro,Conductor,Masculino,No,Sin Registro,Solo Daños,Choque,Reverso imprudente,Carrera 44 A Calle 32 C Sur,San Marcos,Urbana,"(6.174790171, -75.5870301)"
2181566,12/06/2018,1:32 p.m.,Martes,Motocicleta,Sin Registro,Motociclista,Femenino,No,Sin Registro,Solo Daños,Choque,Reverso imprudente,Carrera 44 A Calle 32 C Sur,San Marcos,Urbana,"(6.174790171, -75.5870301)"
2181575,12/06/2018,8:20 p.m.,Martes,Camioneta,Sin Registro,Conductor,Masculino,No,Sin Registro,Solo Daños,Choque,Impericia en el manejo,Calle 36 D Sur Carrera 24,Vereda El Escobero,Urbana,"(6.157425668, -75.56691387)"
2181570,12/06/2018,5:40 a.m.,Martes,Automovil,Sin Registro,Conductor,Femenino,No,Sin Registro,Solo Daños,Choque,Impericia en el manejo,Calle 40 A Sur Carrera 25 AA,La Mina,Urbana,"(6.154962416, -75.58095986)"
2181570,12/06/2018,5:40 a.m.,Martes,Automovil,Sin Registro,Conductor,Masculino,No,Sin Registro,Solo Daños,Choque,Impericia en el manejo,Calle 40 A Sur Carrera 25 AA,La Mina,Urbana,"(6.154962416, -75.58095986)"
2181561,12/06/2018,5:40 p.m.,Martes,Campero,Sin Registro,Conductor,Femenino,No,Sin Registro,Solo Daños,Choque,No mantener distancia de seguridad,Carrera 48 Calle 50  Sur,Las Vegas,Urbana,
2181561,12/06/2018,5:40 p.m.,Martes,Motocicleta,Sin Registro,Motociclista,Masculino,No,Sin Registro,Solo Daños,Choque,No mantener distancia de seguridad,Carrera 48 Calle 50  Sur,Las Vegas,Urbana,
2181607,12/06/2018,4:50 p.m.,Martes,Camioneta,Sin Registro,Conductor,Masculino,No,Sin Registro,Herido,Choque,Impericia en el manejo,Tramo 373 Kilometro  11,Vereda Palmas,Rural,
2181598,06/13/2018,9:00 a.m.,Miércoles,Automovil,Sin Registro,Conductor,Masculino,No,Sin Registro,Solo Daños,Choque,No mantener distancia de seguridad,Carrera 50 Calle 37  Sur,Las Vegas,Urbana,
2181598,06/13/2018,9:00 a.m.,Miércoles,Camion,Sin Registro,Conductor,Masculino,No,Sin Registro,Solo Daños,Choque,No mantener distancia de seguridad,Carrera 50 Calle 37  Sur,Las Vegas,Urbana,
2181574,06/13/2018,4:00 p.m.,Miércoles,Bus,Sin Registro,Conductor,Masculino,No,Sin Registro,Herido,Caida Ocupante,Descender o subir del vehiculo en marcha,Calle 40  Sur Carrera 24 DD,El Salado,Urbana,"(6.148659703, -75.57724059)"
2181582,06/13/2018,12:25 a.m.,Miércoles,Motocicleta,Sin Registro,Motociclista,Masculino,No,Sin Registro,Herido,Choque,Impericia en el manejo,Carrera 43 B Calle 45 B Sur,La Paz,Urbana,
2181582,06/13/2018,12:25 a.m.,Miércoles,Motocicleta,Sin Registro,Motociclista,Masculino,No,Sin Registro,Herido,Choque,Impericia en el manejo,Carrera 43 B Calle 45 B Sur,La Paz,Urbana,
2181577,06/13/2018,4:40 p.m.,Miércoles,Camion,Sin Registro,Conductor,Masculino,No,Sin Registro,Solo Daños,Choque,No mantener distancia de seguridad,Calle 37  Sur Carrera 48,Las Vegas,Urbana,"(6.17412211, -75.59306111)"
2181577,06/13/2018,4:40 p.m.,Miércoles,Bus,Sin Registro,Conductor,Femenino,No,Sin Registro,Solo Daños,Choque,No mantener distancia de seguridad,Calle 37  Sur Carrera 48,Las Vegas,Urbana,"(6.17412211, -75.59306111)"
2181587,06/13/2018,9:40 p.m.,Miércoles,Motocicleta,Sin Registro,Motociclista,Masculino,No,Sin Registro,Herido,Caida Ocupante,Obstaculos en la via,Calle 36 D Sur Carrera 27 D,Vereda El Escobero,Urbana,"(6.164970853, -75.57463727)"
2181576,06/13/2018,8:50 a.m.,Miércoles,Bus,Sin Registro,Conductor,Masculino,No,Sin Registro,Solo Daños,Choque,No mantener distancia de seguridad,Carrera 43 A Calle 48 C Sur,Las Casitas,Urbana,"(6.162218777, -75.59764446)"
2181576,06/13/2018,8:50 a.m.,Miércoles,Automovil,Sin Registro,Conductor,Femenino,No,Sin Registro,Solo Daños,Choque,No mantener distancia de seguridad,Carrera 43 A Calle 48 C Sur,Las Casitas,Urbana,"(6.162218777, -75.59764446)"
2181578,06/14/2018,1:05 p.m.,Jueves,Camioneta,Sin Registro,Conductor,Masculino,No,Sin Registro,Solo Daños,Choque,Desobedecer senales,Calle 21 B Sur Carrera 48,Las Vegas,Urbana,
2181578,06/14/2018,1:05 p.m.,Jueves,Motocicleta,Sin Registro,Motociclista,Masculino,No,Sin Registro,Solo Daños,Choque,Desobedecer senales,Calle 21 B Sur Carrera 48,Las Vegas,Urbana,
2181580,06/14/2018,2:00 p.m.,Jueves,Automovil,Sin Registro,Conductor,Masculino,No,Sin Registro,Solo Daños,Choque,No mantener distancia de seguridad,Diagonal 33 Transversal 35 C Sur,Los Naranjos,Urbana,"(6.168993586, -75.58179563)"
2181580,06/14/2018,2:00 p.m.,Jueves,Campero,Sin Registro,Conductor,Femenino,No,Sin Registro,Solo Daños,Choque,No mantener distancia de seguridad,Diagonal 33 Transversal 35 C Sur,Los Naranjos,Urbana,"(6.168993586, -75.58179563)"
2181597,06/14/2018,5:10 a.m.,Jueves,Buseta,Sin Registro,Conductor,Masculino,No,Sin Registro,Solo Daños,Choque,Impericia en el manejo,Carrera 43 A Calle 23  Sur,Zuñiga,Urbana,"(6.182555831, -75.58017793)"
2181615,06/14/2018,6:10 p.m.,Jueves,Automovil,Sin Registro,Conductor,Masculino,No,Sin Registro,Solo Daños,Choque,Adelantar cerrando,Calle 36  Sur Carrera 27 B,La Inmaculada,Urbana,"(6.167598765, -75.57261582)"
2181615,06/14/2018,6:10 p.m.,Jueves,Automovil,Sin Registro,Conductor,Femenino,No,Sin Registro,Solo Daños,Choque,Adelantar cerrando,Calle 36  Sur Carrera 27 B,La Inmaculada,Urbana,"(6.167598765, -75.57261582)"
2181599,06/14/2018,12:15 a.m.,Jueves,Bus,Sin Registro,Conductor,Masculino,No,Sin Registro,Solo Daños,Choque,No mantener distancia de seguridad,Tramo 372 Kilometro  15,Vereda Palmas,Rural,
2181599,06/14/2018,12:15 a.m.,Jueves,Camioneta,Sin Registro,Conductor,Masculino,No,Sin Registro,Solo Daños,Choque,No mantener distancia de seguridad,Tramo 372 Kilometro  15,Vereda Palmas,Rural,
2181599,06/14/2018,12:15 a.m.,Jueves,Camioneta,Sin Registro,Conductor,Masculino,No,Sin Registro,Solo Daños,Choque,No mantener distancia de seguridad,Tramo 372 Kilometro  15,Vereda Palmas,Rural,
2181589,06/14/2018,5:30 a.m.,Jueves,Campero,Sin Registro,Conductor,Masculino,No,Sin Registro,Solo Daños,Choque,Superficie humeda,Tramo 372 Kilometro  14,Vereda Palmas,Rural,
2181581,06/14/2018,5:20 p.m.,Jueves,Automovil,Sin Registro,Conductor,Masculino,No,Sin Registro,Solo Daños,Choque,No respetar prelacion,Carrera 48 Calle 50  Sur,Las Casitas,Urbana,
2181581,06/14/2018,5:20 p.m.,Jueves,Automovil,Sin Registro,Conductor,Masculino,No,Sin Registro,Solo Daños,Choque,No respetar prelacion,Carrera 48 Calle 50  Sur,Las Casitas,Urbana,
2181579,06/14/2018,5:30 p.m.,Jueves,Bus,Sin Registro,Conductor,Masculino,No,Sin Registro,Solo Daños,Choque,No mantener distancia de seguridad,Carrera 43 A Calle 25 A Sur,Las Orquideas,Urbana,"(6.181504184, -75.5817415)"
2181600,06/14/2018,4:30 p.m.,Jueves,Automovil,Sin Registro,Conductor,Femenino,No,Sin Registro,Solo Daños,Choque,No respetar prelacion,Carrera 43 A Calle 48 C Sur,Las Casitas,Urbana,"(6.162218777, -75.59764446)"
2181579,06/14/2018,5:30 p.m.,Jueves,Automovil,Sin Registro,Conductor,Masculino,No,Sin Registro,Solo Daños,Choque,No mantener distancia de seguridad,Carrera 43 A Calle 25 A Sur,Las Orquideas,Urbana,"(6.181504184, -75.5817415)"
2181586,06/14/2018,1:30 p.m.,Jueves,Camioneta,Sin Registro,Conductor,Masculino,No,Sin Registro,Herido,Choque,No mantener distancia de seguridad,Carrera 50 Calle 30  Sur,Las Vegas,Urbana,
2181586,06/14/2018,1:30 p.m.,Jueves,Motocicleta,Sin Registro,Motociclista,Masculino,No,Sin Registro,Herido,Choque,No mantener distancia de seguridad,Carrera 50 Calle 30  Sur,Las Vegas,Urbana,
2181600,06/14/2018,4:30 p.m.,Jueves,Automovil,Sin Registro,Conductor,Masculino,No,Sin Registro,Solo Daños,Choque,No respetar prelacion,Carrera 43 A Calle 48 C Sur,Las Casitas,Urbana,"(6.162218777, -75.59764446)"
2181583,06/14/2018,5:40 a.m.,Jueves,Automovil,Sin Registro,Conductor,Masculino,No,Sin Registro,Herido,Choque,No mantener distancia de seguridad,Carrera 48 Calle 25 AA Sur,Las Vegas,Urbana,"(6.183765745, -75.58469035)"
2181583,06/14/2018,5:40 a.m.,Jueves,Motocicleta,Sin Registro,Motociclista,Femenino,No,Sin Registro,Herido,Choque,No mantener distancia de seguridad,Carrera 48 Calle 25 AA Sur,Las Vegas,Urbana,"(6.183765745, -75.58469035)"
2181588,06/14/2018,8:45 a.m.,Jueves,Motocicleta,Sin Registro,Motociclista,Masculino,No,Sin Registro,Herido,Caida Ocupante,Impericia en el manejo,Tramo 371 Kilometro  1,Vereda El Escobero,Rural,
2181584,06/14/2018,4:50 a.m.,Jueves,Automovil,Sin Registro,Conductor,Masculino,No,Sin Registro,Herido,Choque,No mantener distancia de seguridad,Carrera 48 Calle 25 AA Sur,Las Vegas,Urbana,"(6.183765745, -75.58469035)"
2181584,06/14/2018,4:50 a.m.,Jueves,Motocicleta,Sin Registro,Motociclista,Femenino,No,Sin Registro,Herido,Choque,No mantener distancia de seguridad,Carrera 48 Calle 25 AA Sur,Las Vegas,Urbana,"(6.183765745, -75.58469035)"
2181605,06/15/2018,7:10 p.m.,Viernes,Campero,Sin Registro,Conductor,Masculino,No,Sin Registro,Solo Daños,Choque,Adelantar invadiendo carril del mismo sentido en zigzag,Carrera 43 A Calle 25  Sur,Avenida El Poblado,Urbana,"(6.181616833, -75.58185727)"
2181605,06/15/2018,7:10 p.m.,Viernes,Automovil,Sin Registro,Conductor,Femenino,No,Sin Registro,Solo Daños,Choque,Adelantar invadiendo carril del mismo sentido en zigzag,Carrera 43 A Calle 25  Sur,Avenida El Poblado,Urbana,"(6.181616833, -75.58185727)"
2181648,06/15/2018,3:00 p.m.,Viernes,Camion,Sin Registro,Conductor,Masculino,No,Sin Registro,Solo Daños,Choque,Estacionar sin seguridad,Tramo 372 Kilometro  12,Vereda Palmas,Rural,
2181596,06/15/2018,8:00 p.m.,Viernes,Automovil,Sin Registro,Conductor,Masculino,No,Sin Registro,Solo Daños,Choque,No mantener distancia de seguridad,Carrera 50 Calle 46 A Sur,Las Vegas,Urbana,"(6.16131219, -75.60319818)"
2181648,06/15/2018,3:00 p.m.,Viernes,Camioneta,Sin Registro,Conductor,Masculino,No,Sin Registro,Solo Daños,Choque,Estacionar sin seguridad,Tramo 372 Kilometro  12,Vereda Palmas,Rural,
2181596,06/15/2018,8:00 p.m.,Viernes,Automovil,Sin Registro,Conductor,Femenino,No,Sin Registro,Solo Daños,Choque,No mantener distancia de seguridad,Carrera 50 Calle 46 A Sur,Las Vegas,Urbana,"(6.16131219, -75.60319818)"
2181593,06/15/2018,5:00 p.m.,Viernes,Automovil,Sin Registro,Conductor,Masculino,No,Sin Registro,Solo Daños,Choque,No mantener distancia de seguridad,Carrera 48 Calle 50  Sur,Las Vegas,Urbana,
2181593,06/15/2018,5:00 p.m.,Viernes,Camioneta,Sin Registro,Conductor,Masculino,No,Sin Registro,Solo Daños,Choque,No mantener distancia de seguridad,Carrera 48 Calle 50  Sur,Las Vegas,Urbana,
2181594,06/15/2018,5:10 p.m.,Viernes,Automovil,Sin Registro,Conductor,Femenino,No,Sin Registro,Solo Daños,Choque,Impericia en el manejo,Tramo 372 Kilometro  17,Vereda Palmas,Rural,
2181594,06/15/2018,5:10 p.m.,Viernes,Automovil,Sin Registro,Conductor,Femenino,No,Sin Registro,Solo Daños,Choque,Impericia en el manejo,Tramo 372 Kilometro  17,Vereda Palmas,Rural,
2181604,06/15/2018,1:10 p.m.,Viernes,Motocicleta,Sin Registro,Motociclista,Femenino,No,Sin Registro,Herido,Choque,Adelantar invadiendo carril del mismo sentido en zigzag,Carrera 8 Calle 46  Sur,Las Vegas,Urbana,
2181604,06/15/2018,1:10 p.m.,Viernes,Motocicleta,Sin Registro,Motociclista,Masculino,No,Sin Registro,Herido,Choque,Adelantar invadiendo carril del mismo sentido en zigzag,Carrera 8 Calle 46  Sur,Las Vegas,Urbana,
2181595,06/15/2018,2:10 p.m.,Viernes,Automovil,Sin Registro,Conductor,Masculino,No,Sin Registro,Solo Daños,Choque,No mantener distancia de seguridad,Calle 37  Sur Carrera 50,Las Vegas,Urbana,
2181595,06/15/2018,2:10 p.m.,Viernes,Camion,Sin Registro,Conductor,Masculino,No,Sin Registro,Solo Daños,Choque,No mantener distancia de seguridad,Calle 37  Sur Carrera 50,Las Vegas,Urbana,
2181602,06/15/2018,10:15 a.m.,Viernes,Automovil,Sin Registro,Conductor,Masculino,No,Sin Registro,Herido,Choque,Desobedecer senales,Carrera 42 B Calle 46 C Sur,La Paz,Urbana,"(6.161304496, -75.59487412)"
2181602,06/15/2018,10:15 a.m.,Viernes,Motocicleta,Sin Registro,Motociclista,Masculino,No,Sin Registro,Herido,Choque,Desobedecer senales,Carrera 42 B Calle 46 C Sur,La Paz,Urbana,"(6.161304496, -75.59487412)"
2181602,06/15/2018,10:15 a.m.,Viernes,Camioneta,Sin Registro,Conductor,Masculino,No,Sin Registro,Herido,Choque,Desobedecer senales,Carrera 42 B Calle 46 C Sur,La Paz,Urbana,"(6.161304496, -75.59487412)"
2181614,06/15/2018,7:30 p.m.,Viernes,Motocicleta,Sin Registro,Motociclista,Masculino,No,Sin Registro,Herido,Choque,Adelantar por la derecha,Carrera 50 Calle 25  Sur,Las Vegas,Urbana,"(6.186515998, -75.58512541)"
2181614,06/15/2018,7:30 p.m.,Viernes,Motocicleta,Sin Registro,Motociclista,Masculino,No,Sin Registro,Herido,Choque,Adelantar por la derecha,Carrera 50 Calle 25  Sur,Las Vegas,Urbana,"(6.186515998, -75.58512541)"
2181601,06/15/2018,6:45 p.m.,Viernes,Bus,Sin Registro,Conductor,Masculino,No,Sin Registro,Herido,Choque,Adelantar cerrando,Calle 38 A Sur Carrera 43 A,Zona Centro,Urbana,"(6.169807343, -75.58912536)"
2181601,06/15/2018,6:45 p.m.,Viernes,Motocicleta,Sin Registro,Motociclista,Masculino,No,Sin Registro,Herido,Choque,Adelantar cerrando,Calle 38 A Sur Carrera 43 A,Zona Centro,Urbana,"(6.169807343, -75.58912536)"
2181606,06/15/2018,2:50 p.m.,Viernes,Motocicleta,Sin Registro,Motociclista,Masculino,No,Sin Registro,Herido,Choque,No mantener distancia de seguridad,Calle 25 A Sur Carrera 42 B,Zuñiga,Urbana,"(6.181402463, -75.58167941)"
2181610,06/15/2018,7:50 a.m.,Viernes,Automovil,Sin Registro,Conductor,Masculino,No,Sin Registro,Solo Daños,Choque,No mantener distancia de seguridad,Carrera 48 Calle 43  Sur,Las Vegas,Urbana,"(6.168335134, -75.59723358)"
2181610,06/15/2018,7:50 a.m.,Viernes,Automovil,Sin Registro,Conductor,Masculino,No,Sin Registro,Solo Daños,Choque,No mantener distancia de seguridad,Carrera 48 Calle 43  Sur,Las Vegas,Urbana,"(6.168335134, -75.59723358)"
2181610,06/15/2018,7:50 a.m.,Viernes,Campero,Sin Registro,Conductor,Masculino,No,Sin Registro,Solo Daños,Choque,No mantener distancia de seguridad,Carrera 48 Calle 43  Sur,Las Vegas,Urbana,"(6.168335134, -75.59723358)"
2181606,06/15/2018,2:50 p.m.,Viernes,Motocicleta,Sin Registro,Motociclista,Masculino,No,Sin Registro,Herido,Choque,No mantener distancia de seguridad,Calle 25 A Sur Carrera 42 B,Zuñiga,Urbana,"(6.181402463, -75.58167941)"
2181590,06/16/2018,8:05 p.m.,Sábado,Automovil,Sin Registro,Conductor,Femenino,No,Sin Registro,Solo Daños,Choque,Adelantar invadiendo carril de sentido contrario,Calle 30  Sur Carrera 45 B,Jardines,Urbana,"(6.179138184, -75.58745765)"
2181590,06/16/2018,8:05 p.m.,Sábado,Camioneta,Sin Registro,Conductor,Masculino,No,Sin Registro,Solo Daños,Choque,Adelantar invadiendo carril de sentido contrario,Calle 30  Sur Carrera 45 B,Jardines,Urbana,"(6.179138184, -75.58745765)"
2181591,06/16/2018,6:30 p.m.,Sábado,Camioneta,Sin Registro,Conductor,Masculino,No,Sin Registro,Solo Daños,Choque,Reverso imprudente,Calle 36 AA Sur Carrera 26 A,El Chocho,Urbana,"(6.164449671, -75.56797106)"
2181591,06/16/2018,6:30 p.m.,Sábado,Camioneta,Sin Registro,Conductor,Masculino,No,Sin Registro,Solo Daños,Choque,Reverso imprudente,Calle 36 AA Sur Carrera 26 A,El Chocho,Urbana,"(6.164449671, -75.56797106)"
2181613,06/16/2018,10:30 a.m.,Sábado,Automovil,Sin Registro,Conductor,Femenino,No,Sin Registro,Solo Daños,Choque,Desobedecer senales,Transversal 34 C Sur Calle 35  Sur,Zona Centro,Urbana,"(6.172231013, -75.58126809)"
2181613,06/16/2018,10:30 a.m.,Sábado,Automovil,Sin Registro,Conductor,Masculino,No,Sin Registro,Solo Daños,Choque,Desobedecer senales,Transversal 34 C Sur Calle 35  Sur,Zona Centro,Urbana,"(6.172231013, -75.58126809)"
2181612,06/16/2018,10:40 a.m.,Sábado,Automovil,Sin Registro,Conductor,Masculino,No,Sin Registro,Solo Daños,Choque,Impericia en el manejo,Carrera 50 Calle 19  Sur,Las Vegas,Urbana,
2181612,06/16/2018,10:40 a.m.,Sábado,Tractocamion,Sin Registro,Conductor,Sin Registro,No,Sin Registro,Solo Daños,Choque,Impericia en el manejo,Carrera 50 Calle 19  Sur,Las Vegas,Urbana,
2181616,06/16/2018,11:50 a.m.,Sábado,Automovil,Sin Registro,Conductor,Femenino,No,Sin Registro,Herido,Choque,No mantener distancia de seguridad,Calle 36  Sur Carrera 25,El Chocho,Urbana,"(6.167194335, -75.56482628)"
2181616,06/16/2018,11:50 a.m.,Sábado,Camioneta,Sin Registro,Conductor,Masculino,No,Sin Registro,Herido,Choque,No mantener distancia de seguridad,Calle 36  Sur Carrera 25,El Chocho,Urbana,"(6.167194335, -75.56482628)"
2181609,06/17/2018,12:00 a.m.,Domingo,Campero,Sin Registro,Conductor,Femenino,No,Sin Registro,Solo Daños,Choque,No respetar pelacion de interseccion o giros,Calle 38  Sur Carrera 46,Alcala,Urbana,"(6.171966643, -75.59136974)"
2181609,06/17/2018,12:00 a.m.,Domingo,Camioneta,Sin Registro,Conductor,Femenino,No,Sin Registro,Solo Daños,Choque,No respetar pelacion de interseccion o giros,Calle 38  Sur Carrera 46,Alcala,Urbana,"(6.171966643, -75.59136974)"
2181627,06/17/2018,12:00 a.m.,Domingo,Camion,Sin Registro,Conductor,Masculino,No,Sin Registro,Solo Daños,Choque,Reverso imprudente,Calle 39 A Sur Carrera 25,El Chinguí,Urbana,"(6.160591259, -75.58040928)"
2181624,06/17/2018,1:15 p.m.,Domingo,Automovil,Sin Registro,Conductor,Masculino,No,Sin Registro,Solo Daños,Choque,Impericia en el manejo,Calle 25 A Sur Carrera 45,Villa Grande,Urbana,"(6.181898839, -75.58264156)"
2181624,06/17/2018,1:15 p.m.,Domingo,Motocicleta,Sin Registro,Motociclista,Femenino,No,Sin Registro,Solo Daños,Choque,Impericia en el manejo,Calle 25 A Sur Carrera 45,Villa Grande,Urbana,"(6.181898839, -75.58264156)"
2181628,06/17/2018,11:30 a.m.,Domingo,Automovil,Sin Registro,Conductor,Femenino,No,Sin Registro,Solo Daños,Choque,Desobedecer senales,Carrera 33 Calle 38 A Sur,Mesa,Urbana,"(6.165529346, -75.58252676)"
2181628,06/17/2018,11:30 a.m.,Domingo,Automovil,Sin Registro,Conductor,Masculino,No,Sin Registro,Solo Daños,Choque,Desobedecer senales,Carrera 33 Calle 38 A Sur,Mesa,Urbana,"(6.165529346, -75.58252676)"
2181622,06/17/2018,2:40 p.m.,Domingo,Automovil,Sin Registro,Conductor,Masculino,No,Sin Registro,Solo Daños,Choque,No mantener distancia de seguridad,Calle 38 A Sur Carrera 38,Mesa,Urbana,"(6.167339205, -75.58513636)"