RADICADO,FECHA,HORA,DÍA DE LA SEMANA,CLASE DE VEHICULO,TIPO DE SERVICIO,TIPO DE VICTIMA,SEXO,ESTADO DE BEODEZ,RESULTADO DE BEODEZ,GRAVEDAD,CLASE DE ACCIDENTE,CAUSA,DIRECCIÓN,BARRIO,AREA,Coordenadas
2181622,06/17/2018,2:40 p.m.,Domingo,Automovil,Sin Registro,Conductor,Masculino,No,Sin Registro,Solo Daños,Choque,No mantener distancia de seguridad,Calle 38 A Sur Carrera 38,Mesa,Urbana,"(6.167339205, -75.58513636)"
2181617,06/17/2018,1:40 p.m.,Domingo,Motocicleta,Sin Registro,Motociclista,Masculino,No,Sin Registro,Herido,Atropello,Cruzar sin observar,Carrera 42 Calle 40 DD Sur,El Dorado,Urbana,"(6.166161402, -75.58977289)"
2181603,06/17/2018,3:44 p.m.,Domingo,Automovil,Sin Registro,Conductor,Femenino,No,Sin Registro,Herido,Atropello,Desobedecer senales,Calle 40 B Sur Carrera 27,La Mina,Urbana,"(6.157910673, -75.5815536)"
2181592,06/17/2018,3:50 p.m.,Domingo,Automovil,Sin Registro,Conductor,Masculino,No,Sin Registro,Solo Daños,Choque,No mantener distancia de seguridad,Calle 50  Sur Carrera 48,Las Vegas,Urbana,
2181592,06/17/2018,3:50 p.m.,Domingo,Automovil,Sin Registro,Conductor,Masculino,No,Sin Registro,Solo Daños,Choque,No mantener distancia de seguridad,Calle 50  Sur Carrera 48,Las Vegas,Urbana,
2181618,06/17/2018,7:50 p.m.,Domingo,Automovil,Sin Registro,Conductor,Masculino,No,Sin Registro,Herido,Choque,Impericia en el manejo,Carrera 28 Calle 34 AA Sur,Alto De Misael,Urbana,"(6.17088169, -75.57660089)"
2181618,06/17/2018,7:50 p.m.,Domingo,Bicicleta,Sin Registro,Ciclista,Masculino,No,Sin Registro,Herido,Choque,Impericia en el manejo,Carrera 28 Calle 34 AA Sur,Alto De Misael,Urbana,"(6.17088169, -75.57660089)"
2181611,06/18/2018,6:00 p.m.,Lunes,Automovil,Sin Registro,Conductor,Femenino,No,Sin Registro,Solo Daños,Choque,Adelantar cerrando,Carrera 43 Calle 37  Sur,Zona Centro,Urbana,"(6.170611802, -75.58752592)"
2181611,06/18/2018,6:00 p.m.,Lunes,Bus,Sin Registro,Conductor,Femenino,No,Sin Registro,Solo Daños,Choque,Adelantar cerrando,Carrera 43 Calle 37  Sur,Zona Centro,Urbana,"(6.170611802, -75.58752592)"
2181629,06/18/2018,7:10 p.m.,Lunes,Motocicleta,Sin Registro,Motociclista,Masculino,No,Sin Registro,Solo Daños,Choque,Desobedecer senales,Calle 44  Sur Carrera 16 A,Milan Vallejuelos,Urbana,
2181629,06/18/2018,7:10 p.m.,Lunes,Automovil,Sin Registro,Conductor,Masculino,No,Sin Registro,Solo Daños,Choque,Desobedecer senales,Calle 44  Sur Carrera 16 A,Milan Vallejuelos,Urbana,
2181631,06/18/2018,5:00 p.m.,Lunes,Motocicleta,Sin Registro,Motociclista,Masculino,No,Sin Registro,Herido,Choque,Impericia en el manejo,Carrera 50 Calle 44  Sur,Las Vegas,Urbana,
2181631,06/18/2018,5:00 p.m.,Lunes,Automovil,Sin Registro,Conductor,Masculino,No,Sin Registro,Herido,Choque,No mantener distancia de seguridad,Carrera 50 Calle 44  Sur,Las Vegas,Urbana,
2181631,06/18/2018,5:00 p.m.,Lunes,Automovil,Sin Registro,Conductor,Masculino,No,Sin Registro,Herido,Choque,Impericia en el manejo,Carrera 50 Calle 44  Sur,Las Vegas,Urbana,
2181631,06/18/2018,5:00 p.m.,Lunes,Motocicleta,Sin Registro,Motociclista,Masculino,No,Sin Registro,Herido,Choque,No mantener distancia de seguridad,Carrera 50 Calle 44  Sur,Las Vegas,Urbana,
2181619,06/18/2018,7:20 p.m.,Lunes,Motocicleta,Sin Registro,Motociclista,Masculino,No,Sin Registro,Herido,Atropello,Cruzar en estado de embriaguez,Calle 38 A Sur Carrera 42,Zona Centro,Urbana,"(6.169022232, -75.58772239)"
2181630,06/18/2018,6:27 a.m.,Lunes,Automovil,Sin Registro,Conductor,Femenino,No,Sin Registro,Solo Daños,Choque,Adelantar invadiendo carril del mismo sentido en zigzag,Calle 25  Sur Carrera 41,Zuñiga,Urbana,"(6.179145147, -75.5774765)"
2181630,06/18/2018,6:27 a.m.,Lunes,Buseta,Sin Registro,Conductor,Masculino,No,Sin Registro,Solo Daños,Choque,Adelantar invadiendo carril del mismo sentido en zigzag,Calle 25  Sur Carrera 41,Zuñiga,Urbana,"(6.179145147, -75.5774765)"
2181625,06/18/2018,7:15 a.m.,Lunes,Motocicleta,Sin Registro,Motociclista,Masculino,No,Sin Registro,Herido,Choque,Impericia en el manejo,Carrera 48 Calle 39  Sur,Las Vegas,Urbana,"(6.17163722, -75.59364999)"
2181625,06/18/2018,7:15 a.m.,Lunes,Motocicleta,Sin Registro,Motociclista,Masculino,No,Sin Registro,Herido,Choque,No mantener distancia de seguridad,Carrera 48 Calle 39  Sur,Las Vegas,Urbana,"(6.17163722, -75.59364999)"
2181625,06/18/2018,7:15 a.m.,Lunes,Motocicleta,Sin Registro,Motociclista,Masculino,No,Sin Registro,Herido,Choque,Impericia en el manejo,Carrera 48 Calle 39  Sur,Las Vegas,Urbana,"(6.17163722, -75.59364999)"
2181625,06/18/2018,7:15 a.m.,Lunes,Automovil,Sin Registro,Conductor,Masculino,No,Sin Registro,Herido,Choque,No mantener distancia de seguridad,Carrera 48 Calle 39  Sur,Las Vegas,Urbana,"(6.17163722, -75.59364999)"
2181625,06/18/2018,7:15 a.m.,Lunes,Automovil,Sin Registro,Conductor,Masculino,No,Sin Registro,Herido,Choque,Impericia en el manejo,Carrera 48 Calle 39  Sur,Las Vegas,Urbana,"(6.17163722, -75.59364999)"
2181625,06/18/2018,7:15 a.m.,Lunes,Motocicleta,Sin Registro,Motociclista,Masculino,No,Sin Registro,Herido,Choque,No mantener distancia de seguridad,Carrera 48 Calle 39  Sur,Las Vegas,Urbana,"(6.17163722, -75.59364999)"
2181621,06/18/2018,1:20 p.m.,Lunes,Automovil,Sin Registro,Conductor,Femenino,No,Sin Registro,Solo Daños,Choque,Impericia en el manejo,Carrera 39 A Calle 40 F Sur,El Dorado,Urbana,"(6.163806572, -75.58891871)"
2181621,06/18/2018,1:20 p.m.,Lunes,Motocicleta,Sin Registro,Motociclista,Masculino,No,Sin Registro,Solo Daños,Choque,Impericia en el manejo,Carrera 39 A Calle 40 F Sur,El Dorado,Urbana,"(6.163806572, -75.58891871)"
2181620,06/18/2018,2:20 p.m.,Lunes,Motocicleta,Sin Registro,Motociclista,Masculino,No,Sin Registro,Herido,Choque,No mantener distancia de seguridad,Carrera 50 Calle 27 A Sur,Las Vegas,Urbana,
2181620,06/18/2018,2:20 p.m.,Lunes,Motocicleta,Sin Registro,Motociclista,Masculino,No,Sin Registro,Herido,Choque,No mantener distancia de seguridad,Carrera 50 Calle 27 A Sur,Las Vegas,Urbana,
2181634,06/18/2018,5:45 p.m.,Lunes,Campero,Sin Registro,Conductor,Femenino,No,Sin Registro,Solo Daños,Choque,No mantener distancia de seguridad,Carrera 48 Calle 46  Sur,Primavera,Urbana,"(6.166195386, -75.59928549)"
2181634,06/18/2018,5:45 p.m.,Lunes,Automovil,Sin Registro,Conductor,Masculino,No,Sin Registro,Solo Daños,Choque,No mantener distancia de seguridad,Carrera 48 Calle 46  Sur,Primavera,Urbana,"(6.166195386, -75.59928549)"
2181623,06/19/2018,10:00 a.m.,Martes,Motocicleta,Sin Registro,Motociclista,Masculino,No,Sin Registro,Herido,Atropello,Pasar semaforo en rojo,Calle 38  Sur Carrera 43,Zona Centro,Urbana,"(6.170061667, -75.58783913)"
2181632,06/19/2018,6:15 p.m.,Martes,Camion,Sin Registro,Conductor,Masculino,No,Sin Registro,Herido,Choque,Girar bruscamente,Calle 37  Sur Carrera 49,Las Vegas,Urbana,"(6.174789471, -75.59420424)"
2181632,06/19/2018,6:15 p.m.,Martes,Bicicleta,Sin Registro,Ciclista,Masculino,No,Sin Registro,Herido,Choque,Girar bruscamente,Calle 37  Sur Carrera 49,Las Vegas,Urbana,"(6.174789471, -75.59420424)"
2181635,06/19/2018,12:25 a.m.,Martes,Automovil,Sin Registro,Conductor,Masculino,No,Sin Registro,Solo Daños,Choque,Adelantar invadiendo carril del mismo sentido en zigzag,Carrera 48 Calle 48  Sur,Las Vegas,Urbana,"(6.164595282, -75.60138041)"
2181635,06/19/2018,12:25 a.m.,Martes,Motocicleta,Sin Registro,Motociclista,Masculino,No,Sin Registro,Solo Daños,Choque,Adelantar invadiendo carril del mismo sentido en zigzag,Carrera 48 Calle 48  Sur,Las Vegas,Urbana,"(6.164595282, -75.60138041)"
2181633,06/19/2018,12:45 a.m.,Martes,Automovil,Sin Registro,Conductor,Masculino,No,Sin Registro,Solo Daños,Choque,No mantener distancia de seguridad,Calle 40  Sur Carrera 28,La Mina,Urbana,"(6.160296111, -75.5812938)"
2181633,06/19/2018,12:45 a.m.,Martes,Motocicleta,Sin Registro,Motociclista,Masculino,No,Sin Registro,Solo Daños,Choque,No mantener distancia de seguridad,Calle 40  Sur Carrera 28,La Mina,Urbana,"(6.160296111, -75.5812938)"
2181662,06/19/2018,6:50 p.m.,Martes,Campero,Sin Registro,Conductor,Sin Registro,No,Sin Registro,Solo Daños,Choque,Impericia en el manejo,Calle 36 D Sur Carrera 27 A,La Magnolia,Urbana,"(6.164831751, -75.57423497)"
2181662,06/19/2018,6:50 p.m.,Martes,Automovil,Sin Registro,Conductor,Masculino,No,Sin Registro,Solo Daños,Choque,Impericia en el manejo,Calle 36 D Sur Carrera 27 A,La Magnolia,Urbana,"(6.164831751, -75.57423497)"
2181626,06/19/2018,8:55 a.m.,Martes,Automovil,Sin Registro,Conductor,Femenino,No,Sin Registro,Herido,Atropello,Arrancar sin precaucion,Carrera 41 Calle 40 G Sur,El Dorado,Urbana,"(6.164988702, -75.59009566)"
2181642,06/20/2018,12:00 a.m.,Miércoles,Camioneta,Sin Registro,Conductor,Masculino,No,Sin Registro,Solo Daños,Choque,Impericia en el manejo,Tramo 372 Kilometro  12,Vereda Palmas,Rural,
2181644,06/20/2018,6:00 p.m.,Miércoles,Camion,Sin Registro,Conductor,Masculino,No,Sin Registro,Solo Daños,Choque,Adelantar cerrando,Carrera 43 A Calle 38  Sur,Zona Centro,Urbana,"(6.170421178, -75.58859877)"
2181644,06/20/2018,6:00 p.m.,Miércoles,Automovil,Sin Registro,Conductor,Femenino,No,Sin Registro,Solo Daños,Choque,Adelantar cerrando,Carrera 43 A Calle 38  Sur,Zona Centro,Urbana,"(6.170421178, -75.58859877)"
2181675,06/20/2018,4:30 p.m.,Miércoles,Automovil,Sin Registro,Conductor,Masculino,No,Sin Registro,Solo Daños,Choque,No mantener distancia de seguridad,Carrera 50 Calle 27  Sur,Las Vegas,Urbana,
2181675,06/20/2018,4:30 p.m.,Miércoles,Motocicleta,Sin Registro,Motociclista,Masculino,No,Sin Registro,Solo Daños,Choque,No mantener distancia de seguridad,Carrera 50 Calle 27  Sur,Las Vegas,Urbana,
2181646,06/20/2018,5:45 a.m.,Miércoles,Campero,Sin Registro,Conductor,Femenino,No,Sin Registro,Solo Daños,Choque,No mantener distancia de seguridad,Carrera 50 Calle 37  Sur,Las Vegas,Urbana,
2181646,06/20/2018,5:45 a.m.,Miércoles,Camioneta,Sin Registro,Conductor,Masculino,No,Sin Registro,Solo Daños,Choque,No mantener distancia de seguridad,Carrera 50 Calle 37  Sur,Las Vegas,Urbana,
2181637,06/20/2018,4:40 p.m.,Miércoles,Automovil,Sin Registro,Conductor,Masculino,No,Sin Registro,Solo Daños,Choque,No mantener distancia de seguridad,Tramo 372 Kilometro  12,Vereda Palmas,Rural,
2181637,06/20/2018,4:40 p.m.,Miércoles,Camioneta,Sin Registro,Conductor,Masculino,No,Sin Registro,Solo Daños,Choque,No mantener distancia de seguridad,Tramo 372 Kilometro  12,Vereda Palmas,Rural,
2181636,06/20/2018,3:50 p.m.,Miércoles,Automovil,Sin Registro,Conductor,Femenino,No,Sin Registro,Solo Daños,Choque,Impericia en el manejo,Calle 22  Sur Carrera 40,Zuñiga,Urbana,"(6.18123897, -75.57675149)"
2181639,06/21/2018,4:00 p.m.,Jueves,Automovil,Sin Registro,Conductor,Masculino,No,Sin Registro,Solo Daños,Choque,Reverso imprudente,Carrera 48 Calle 30  Sur,Las Vegas,Urbana,"(6.179366643, -75.5880841)"
2181639,06/21/2018,4:00 p.m.,Jueves,Camioneta,Sin Registro,Conductor,Masculino,No,Sin Registro,Solo Daños,Choque,Reverso imprudente,Carrera 48 Calle 30  Sur,Las Vegas,Urbana,"(6.179366643, -75.5880841)"
2181640,06/21/2018,9:12 a.m.,Jueves,Tractocamion,Sin Registro,Conductor,Masculino,No,Sin Registro,Herido,Choque,Impericia en el manejo,Carrera 49 Calle 39  Sur,Las Vegas,Urbana,"(6.173609359, -75.59707057)"
2181660,06/21/2018,4:10 p.m.,Jueves,Camioneta,Sin Registro,Conductor,Masculino,No,Sin Registro,Solo Daños,Choque,No mantener distancia de seguridad,Calle 37  Sur Carrera 49,Las Vegas,Urbana,"(6.174789471, -75.59420424)"
2181660,06/21/2018,4:10 p.m.,Jueves,Camion,Sin Registro,Conductor,Masculino,No,Sin Registro,Solo Daños,Choque,No mantener distancia de seguridad,Calle 37  Sur Carrera 49,Las Vegas,Urbana,"(6.174789471, -75.59420424)"
2181660,06/21/2018,4:10 p.m.,Jueves,Campero,Sin Registro,Conductor,Masculino,No,Sin Registro,Solo Daños,Choque,No mantener distancia de seguridad,Calle 37  Sur Carrera 49,Las Vegas,Urbana,"(6.174789471, -75.59420424)"
2181660,06/21/2018,4:10 p.m.,Jueves,Automovil,Sin Registro,Conductor,Masculino,No,Sin Registro,Solo Daños,Choque,No mantener distancia de seguridad,Calle 37  Sur Carrera 49,Las Vegas,Urbana,"(6.174789471, -75.59420424)"
2181640,06/21/2018,9:12 a.m.,Jueves,Motocicleta,Sin Registro,Motociclista,Masculino,No,Sin Registro,Herido,Choque,Impericia en el manejo,Carrera 49 Calle 39  Sur,Las Vegas,Urbana,"(6.173609359, -75.59707057)"
2181645,06/21/2018,10:10 a.m.,Jueves,Camioneta,Sin Registro,Conductor,Masculino,No,Sin Registro,Solo Daños,Choque,No mantener distancia de seguridad,Carrera 50 Calle 46 A Sur,Las Vegas,Urbana,"(6.16131219, -75.60319818)"
2181645,06/21/2018,10:10 a.m.,Jueves,Buseta,Sin Registro,Conductor,Masculino,No,Sin Registro,Solo Daños,Choque,No mantener distancia de seguridad,Carrera 50 Calle 46 A Sur,Las Vegas,Urbana,"(6.16131219, -75.60319818)"
2181670,06/21/2018,6:20 p.m.,Jueves,Automovil,Sin Registro,Conductor,Masculino,No,Sin Registro,Solo Daños,Choque,Reverso imprudente,Carrera 48 Calle 19  Sur,Las Vegas,Urbana,"(6.187349001, -75.58153568)"
2181670,06/21/2018,6:20 p.m.,Jueves,Campero,Sin Registro,Conductor,Femenino,No,Sin Registro,Solo Daños,Choque,Reverso imprudente,Carrera 48 Calle 19  Sur,Las Vegas,Urbana,"(6.187349001, -75.58153568)"
2181663,06/21/2018,12:20 a.m.,Jueves,Automovil,Sin Registro,Conductor,Masculino,No,Sin Registro,Solo Daños,Choque,Adelantar invadiendo carril del mismo sentido en zigzag,Calle 38  Sur Carrera 29 A,San Jose,Urbana,"(6.165022576, -75.58071311)"
2181663,06/21/2018,12:20 a.m.,Jueves,Automovil,Sin Registro,Conductor,Masculino,No,Sin Registro,Solo Daños,Choque,Adelantar invadiendo carril del mismo sentido en zigzag,Calle 38  Sur Carrera 29 A,San Jose,Urbana,"(6.165022576, -75.58071311)"
2181686,06/21/2018,8:30 a.m.,Jueves,Motocicleta,Sin Registro,Motociclista,Masculino,No,Sin Registro,Solo Daños,Choque,Adelantar cerrando,Tramo 372 Kilometro  14,Vereda Palmas,Rural,
2181686,06/21/2018,8:30 a.m.,Jueves,Campero,Sin Registro,Conductor,Masculino,No,Sin Registro,Solo Daños,Choque,Adelantar cerrando,Tramo 372 Kilometro  14,Vereda Palmas,Rural,
2181643,06/21/2018,8:30 p.m.,Jueves,Automovil,Sin Registro,Conductor,Masculino,No,Sin Registro,Herido,Choque,Adelantar invadiendo carril del mismo sentido en zigzag,Calle 45 B Sur Carrera 43,La Paz,Urbana,"(6.164485785, -75.59467842)"
2181643,06/21/2018,8:30 p.m.,Jueves,Motocicleta,Sin Registro,Motociclista,Masculino,No,Sin Registro,Herido,Choque,Adelantar invadiendo carril del mismo sentido en zigzag,Calle 45 B Sur Carrera 43,La Paz,Urbana,"(6.164485785, -75.59467842)"
2181638,06/21/2018,10:30 p.m.,Jueves,Motocicleta,Sin Registro,Motociclista,Masculino,No,Sin Registro,Herido,Choque,Exceso de velocidad,Carrera 48 Calle 31  Sur,Las Vegas,Urbana,"(6.178537792, -75.58885189)"
2181641,06/21/2018,4:40 p.m.,Jueves,Automovil,Sin Registro,Conductor,Masculino,No,Sin Registro,Solo Daños,Choque,No mantener distancia de seguridad,Carrera 43 A Calle 50  Sur,Avenida El Poblado,Urbana,"(6.160125495, -75.60207899)"
2181641,06/21/2018,4:40 p.m.,Jueves,Camioneta,Sin Registro,Conductor,Femenino,No,Sin Registro,Solo Daños,Choque,No mantener distancia de seguridad,Carrera 43 A Calle 50  Sur,Avenida El Poblado,Urbana,"(6.160125495, -75.60207899)"
2181647,06/21/2018,11:50 a.m.,Jueves,Automovil,Sin Registro,Conductor,Masculino,No,Sin Registro,Solo Daños,Choque,Adelantar en zona prohibida,Carrera 43 Calle 36  Sur,Zona Centro,Urbana,"(6.171314659, -75.58700753)"
2181647,06/21/2018,11:50 a.m.,Jueves,Motocicleta,Sin Registro,Motociclista,Masculino,No,Sin Registro,Solo Daños,Choque,Adelantar en zona prohibida,Carrera 43 Calle 36  Sur,Zona Centro,Urbana,"(6.171314659, -75.58700753)"
2181657,06/22/2018,1:00 p.m.,Viernes,Automovil,Sin Registro,Conductor,Masculino,No,Sin Registro,Solo Daños,Choque,No mantener distancia de seguridad,Calle 36 D Sur Carrera 27,Vereda El Escobero,Urbana,"(6.162479576, -75.57022257)"
2181657,06/22/2018,1:00 p.m.,Viernes,Motocicleta,Sin Registro,Motociclista,Masculino,No,Sin Registro,Solo Daños,Choque,No mantener distancia de seguridad,Calle 36 D Sur Carrera 27,Vereda El Escobero,Urbana,"(6.162479576, -75.57022257)"
2181654,06/22/2018,3:20 p.m.,Viernes,Motocicleta,Sin Registro,Motociclista,Sin Registro,No,Sin Registro,Solo Daños,Choque,Girar bruscamente,Carrera 43 A Calle 46  Sur,Primavera,Urbana,"(6.164030981, -75.59599263)"
2181654,06/22/2018,3:20 p.m.,Viernes,Motocicleta,Sin Registro,Motociclista,Masculino,No,Sin Registro,Solo Daños,Choque,Girar bruscamente,Carrera 43 A Calle 46  Sur,Primavera,Urbana,"(6.164030981, -75.59599263)"
2181665,06/22/2018,6:30 a.m.,Viernes,Automovil,Sin Registro,Conductor,Masculino,No,Sin Registro,Solo Daños,Choque,Adelantar por la derecha,Tramo 372 Kilometro  15,Vereda Palmas,Rural,
2181665,06/22/2018,6:30 a.m.,Viernes,Motocicleta,Sin Registro,Motociclista,Masculino,No,Sin Registro,Solo Daños,Choque,Adelantar por la derecha,Tramo 372 Kilometro  15,Vereda Palmas,Rural,
2181681,06/22/2018,11:50 a.m.,Viernes,Camioneta,Sin Registro,Conductor,Masculino,No,Sin Registro,Solo Daños,Choque,Impericia en el manejo,Carrera 48 Calle 48  Sur,Las Vegas,Urbana,"(6.164595282, -75.60138041)"
2181681,06/22/2018,11:50 a.m.,Viernes,Camioneta,Sin Registro,Conductor,Masculino,No,Sin Registro,Solo Daños,Choque,Impericia en el manejo,Carrera 48 Calle 48  Sur,Las Vegas,Urbana,"(6.164595282, -75.60138041)"
2181649,06/23/2018,10:05 a.m.,Sábado,Camioneta,Sin Registro,Conductor,Masculino,No,Sin Registro,Solo Daños,Choque,Impericia en el manejo,Carrera 39 Calle 34  Sur,Zona Centro,Urbana,"(6.170341462, -75.58402941)"
2181649,06/23/2018,10:05 a.m.,Sábado,Automovil,Sin Registro,Conductor,Masculino,No,Sin Registro,Solo Daños,Choque,Impericia en el manejo,Carrera 39 Calle 34  Sur,Zona Centro,Urbana,"(6.170341462, -75.58402941)"
2181653,06/23/2018,12:15 a.m.,Sábado,Campero,Sin Registro,Conductor,Masculino,No,Sin Registro,Solo Daños,Choque,Desobedecer senales,Calle 40  Sur Carrera 43,El Dorado,Urbana,"(6.167965983, -75.59024215)"
2181653,06/23/2018,12:15 a.m.,Sábado,Motocicleta,Sin Registro,Motociclista,Masculino,No,Sin Registro,Solo Daños,Choque,Desobedecer senales,Calle 40  Sur Carrera 43,El Dorado,Urbana,"(6.167965983, -75.59024215)"
2181656,06/23/2018,11:10 a.m.,Sábado,Automovil,Sin Registro,Conductor,Masculino,No,Sin Registro,Herido,Choque,Adelantar cerrando,Calle 40 B Sur Carrera 40,El Dorado,Urbana,"(6.165949141, -75.5877816)"
2181656,06/23/2018,11:10 a.m.,Sábado,Bicicleta,Sin Registro,Ciclista,Masculino,No,Sin Registro,Herido,Choque,Adelantar cerrando,Calle 40 B Sur Carrera 40,El Dorado,Urbana,"(6.165949141, -75.5877816)"
2181674,06/23/2018,10:20 a.m.,Sábado,Automovil,Sin Registro,Conductor,Femenino,No,Sin Registro,Solo Daños,Choque,No respetar prelacion,Carrera 50 Calle 25 A Sur,Las Vegas,Urbana,"(6.186515998, -75.58512541)"
2181674,06/23/2018,10:20 a.m.,Sábado,Camion,Sin Registro,Conductor,Masculino,No,Sin Registro,Solo Daños,Choque,No respetar prelacion,Carrera 50 Calle 25 A Sur,Las Vegas,Urbana,"(6.186515998, -75.58512541)"
2181650,06/23/2018,7:40 p.m.,Sábado,Automovil,Sin Registro,Conductor,Masculino,No,Sin Registro,Solo Daños,Choque,Impericia en el manejo,Tramo 372 Kilometro  12,Vereda Palmas,Rural,
2181650,06/23/2018,7:40 p.m.,Sábado,Automovil,Sin Registro,Conductor,Masculino,No,Sin Registro,Solo Daños,Choque,Impericia en el manejo,Tramo 372 Kilometro  12,Vereda Palmas,Rural,
2181650,06/23/2018,7:40 p.m.,Sábado,Camioneta,Sin Registro,Conductor,Femenino,No,Sin Registro,Solo Daños,Choque,Impericia en el manejo,Tramo 372 Kilometro  12,Vereda Palmas,Rural,
2181658,06/23/2018,9:40 p.m.,Sábado,Automovil,Sin Registro,Conductor,Femenino,No,Sin Registro,Herido,Choque,Adelantar invadiendo carril del mismo sentido en zigzag,Carrera 40 Calle 47  Sur,El Trianon,Urbana,"(6.159120887, -75.59392794)"
2181658,06/23/2018,9:40 p.m.,Sábado,Motocicleta,Sin Registro,Motociclista,Femenino,No,Sin Registro,Herido,Choque,Adelantar invadiendo carril del mismo sentido en zigzag,Carrera 40 Calle 47  Sur,El Trianon,Urbana,"(6.159120887, -75.59392794)"
2181682,06/23/2018,2:50 p.m.,Sábado,Camioneta,Sin Registro,Conductor,Masculino,No,Sin Registro,Solo Daños,Choque,Reverso imprudente,Tramo 372 Kilometro  16,Vereda Palmas,Rural,
2181682,06/23/2018,2:50 p.m.,Sábado,Automovil,Sin Registro,Conductor,Masculino,No,Sin Registro,Solo Daños,Choque,Reverso imprudente,Tramo 372 Kilometro  16,Vereda Palmas,Rural,
2181667,06/24/2018,10:00 p.m.,Domingo,Automovil,Sin Registro,Conductor,Masculino,No,Sin Registro,Herido,Choque,Desobedecer senales,Transversal 34  Sur Diagonal 39,La Magnolia,Urbana,"(6.172372683, -75.58455474)"
2181667,06/24/2018,10:00 p.m.,Domingo,Motocicleta,Sin Registro,Motociclista,Masculino,No,Sin Registro,Herido,Choque,Desobedecer senales,Transversal 34  Sur Diagonal 39,La Magnolia,Urbana,"(6.172372683, -75.58455474)"
2181651,06/24/2018,12:00 a.m.,Domingo,Automovil,Sin Registro,Conductor,Masculino,No,Sin Registro,Solo Daños,Choque,No mantener distancia de seguridad,Calle 38  Sur Carrera 35,Mesa,Urbana,"(6.167045877, -75.58316842)"
2181655,06/24/2018,7:05 p.m.,Domingo,Automovil,Sin Registro,Conductor,Masculino,No,Sin Registro,Solo Daños,Choque,No mantener distancia de seguridad,Carrera 43 A Calle 26  Sur,Zuñiga,Urbana,"(6.180756284, -75.58295442)"
2181655,06/24/2018,7:05 p.m.,Domingo,Motocicleta,Sin Registro,Motociclista,Sin Registro,No,Sin Registro,Solo Daños,Choque,No mantener distancia de seguridad,Carrera 43 A Calle 26  Sur,Zuñiga,Urbana,"(6.180756284, -75.58295442)"
2181651,06/24/2018,12:00 a.m.,Domingo,Automovil,Sin Registro,Conductor,Masculino,No,Sin Registro,Solo Daños,Choque,No mantener distancia de seguridad,Calle 38  Sur Carrera 35,Mesa,Urbana,"(6.167045877, -75.58316842)"
2181659,06/24/2018,2:00 a.m.,Domingo,Automovil,Sin Registro,Conductor,Masculino,No,Sin Registro,Herido,Atropello,Pasar semaforo en rojo,Carrera 43 A Calle 45 B Sur,Avenida El Poblado,Urbana,"(6.164786739, -75.59493527)"
2181661,06/24/2018,8:05 p.m.,Domingo,Motocicleta,Sin Registro,Motociclista,Masculino,No,Sin Registro,Herido,Caida Ocupante,Impericia en el manejo,Carrera 43 A Calle 27  Sur,Avenida El Poblado,Urbana,"(6.179697995, -75.58317722)"
2181669,06/24/2018,7:10 a.m.,Domingo,Automovil,Sin Registro,Conductor,Sin Registro,No,Sin Registro,Solo Daños,Choque,Impericia en el manejo,Carrera 24 B Calle 40 A Sur,La Paz,Urbana,
2181669,06/24/2018,7:10 a.m.,Domingo,Automovil,Sin Registro,Conductor,Masculino,No,Sin Registro,Solo Daños,Choque,Impericia en el manejo,Carrera 24 B Calle 40 A Sur,La Paz,Urbana,
2181671,06/24/2018,12:30 a.m.,Domingo,Automovil,Sin Registro,Conductor,Masculino,No,Sin Registro,Solo Daños,Choque,No mantener distancia de seguridad,Carrera 48 Calle 32  Sur,Las Vegas,Urbana,"(6.177503621, -75.58948538)"
2181671,06/24/2018,12:30 a.m.,Domingo,Automovil,Sin Registro,Conductor,Masculino,No,Sin Registro,Solo Daños,Choque,No mantener distancia de seguridad,Carrera 48 Calle 32  Sur,Las Vegas,Urbana,"(6.177503621, -75.58948538)"
2181671,06/24/2018,12:30 a.m.,Domingo,Automovil,Sin Registro,Conductor,Masculino,No,Sin Registro,Solo Daños,Choque,No mantener distancia de seguridad,Carrera 48 Calle 32  Sur,Las Vegas,Urbana,"(6.177503621, -75.58948538)"
2181672,06/24/2018,12:30 a.m.,Domingo,Motocicleta,Sin Registro,Motociclista,Masculino,No,Sin Registro,Herido,Choque,Desobedecer senales,Diagonal 33 Transversal 32 C Sur,La Magnolia,Urbana,"(6.174362764, -75.584459)"
2181672,06/24/2018,12:30 a.m.,Domingo,Campero,Sin Registro,Conductor,Masculino,No,Sin Registro,Herido,Choque,Desobedecer senales,Diagonal 33 Transversal 32 C Sur,La Magnolia,Urbana,"(6.174362764, -75.584459)"
2181672,06/24/2018,12:30 a.m.,Domingo,Camioneta,Sin Registro,Conductor,Masculino,No,Sin Registro,Herido,Choque,Desobedecer senales,Diagonal 33 Transversal 32 C Sur,La Magnolia,Urbana,"(6.174362764, -75.584459)"
2181685,06/25/2018,1:00 p.m.,Lunes,Motocicleta,Particular,Motociclista,Masculino,No,Sin Registro,Solo Daños,Choque,Impericia en el manejo,Tramo 372 Kilometro  14,Vereda Palmas,Rural,
2181685,06/25/2018,1:00 p.m.,Lunes,Camioneta,Particular,Conductor,Masculino,No,Sin Registro,Solo Daños,Choque,Impericia en el manejo,Tramo 372 Kilometro  14,Vereda Palmas,Rural,