RADICADO,FECHA,HORA,DÍA DE LA SEMANA,CLASE DE VEHICULO,TIPO DE SERVICIO,TIPO DE VICTIMA,SEXO,ESTADO DE BEODEZ,RESULTADO DE BEODEZ,GRAVEDAD,CLASE DE ACCIDENTE,CAUSA,DIRECCIÓN,BARRIO,AREA,Coordenadas
2181666,06/25/2018,7:00 a.m.,Lunes,Bus,Sin Registro,Conductor,Masculino,No,Sin Registro,Solo Daños,Choque,Exceso de velocidad,Transversal 36  Sur Diagonal 33,Los Naranjos,Urbana,"(6.167981516, -75.58144426)"
2181666,06/25/2018,7:00 a.m.,Lunes,Automovil,Sin Registro,Conductor,Masculino,No,Sin Registro,Solo Daños,Choque,Exceso de velocidad,Transversal 36  Sur Diagonal 33,Los Naranjos,Urbana,"(6.167981516, -75.58144426)"
2181664,06/25/2018,11:00 a.m.,Lunes,Automovil,Sin Registro,Conductor,Masculino,No,Sin Registro,Herido,Choque,Circular por calzadas o carriles destina,Tramo 373 Kilometro  13,Vereda Palmas,Rural,
2181664,06/25/2018,11:00 a.m.,Lunes,Bicicleta,Sin Registro,Ciclista,Masculino,No,Sin Registro,Herido,Choque,Circular por calzadas o carriles destina,Tramo 373 Kilometro  13,Vereda Palmas,Rural,
2181666,06/25/2018,7:00 a.m.,Lunes,Automovil,Sin Registro,Conductor,Femenino,No,Sin Registro,Solo Daños,Choque,Exceso de velocidad,Transversal 36  Sur Diagonal 33,Los Naranjos,Urbana,"(6.167981516, -75.58144426)"
2181673,06/25/2018,5:15 p.m.,Lunes,Automovil,Publico,Conductor,Masculino,No,Sin Registro,Solo Daños,Choque,Reverso imprudente,Carrera 49 Calle 25 AA Sur,Las Vegas,Urbana,"(6.18641241, -75.58506296)"
2181673,06/25/2018,5:15 p.m.,Lunes,Camion,Publico,Conductor,Masculino,No,Sin Registro,Solo Daños,Choque,Poner en marcha un vehiculo sin precauci,Carrera 49 Calle 25 AA Sur,Las Vegas,Urbana,"(6.18641241, -75.58506296)"
2181673,06/25/2018,5:15 p.m.,Lunes,Camion,Publico,Conductor,Masculino,No,Sin Registro,Solo Daños,Choque,Reverso imprudente,Carrera 49 Calle 25 AA Sur,Las Vegas,Urbana,"(6.18641241, -75.58506296)"
2181673,06/25/2018,5:15 p.m.,Lunes,Automovil,Publico,Conductor,Masculino,No,Sin Registro,Solo Daños,Choque,Poner en marcha un vehiculo sin precauci,Carrera 49 Calle 25 AA Sur,Las Vegas,Urbana,"(6.18641241, -75.58506296)"
2181679,06/25/2018,6:30 p.m.,Lunes,Automovil,Particular,Conductor,Masculino,No,Sin Registro,Solo Daños,Choque,Impericia en el manejo,Tramo 373 Kilometro  9,Vereda Palmas,Rural,
2181677,06/25/2018,9:30 p.m.,Lunes,Automovil,Publico,Conductor,Masculino,No,Sin Registro,Solo Daños,Choque,Desobedecer senales,Carrera 48 Calle 30  Sur,Las Vegas,Urbana,"(6.179366643, -75.5880841)"
2181677,06/25/2018,9:30 p.m.,Lunes,Motocicleta,Particular,Motociclista,Femenino,No,Sin Registro,Solo Daños,Choque,Desobedecer senales,Carrera 48 Calle 30  Sur,Las Vegas,Urbana,"(6.179366643, -75.5880841)"
2181652,06/25/2018,1:15 a.m.,Lunes,Automovil,Sin Registro,Conductor,Masculino,No,Sin Registro,Solo Daños,Choque,Impericia en el manejo,Transversal 34 C Sur Diagonal 32 D,Obrero,Urbana,"(6.171646495, -75.58273887)"
2181652,06/25/2018,1:15 a.m.,Lunes,Automovil,Sin Registro,Conductor,Masculino,No,Sin Registro,Solo Daños,Choque,Impericia en el manejo,Transversal 34 C Sur Diagonal 32 D,Obrero,Urbana,"(6.171646495, -75.58273887)"
2181652,06/25/2018,1:15 a.m.,Lunes,Automovil,Sin Registro,Conductor,Masculino,No,Sin Registro,Solo Daños,Choque,Impericia en el manejo,Transversal 34 C Sur Diagonal 32 D,Obrero,Urbana,"(6.171646495, -75.58273887)"
2181668,06/25/2018,6:50 p.m.,Lunes,Automovil,Publico,Conductor,Masculino,No,Sin Registro,Solo Daños,Choque,No mantener distancia de seguridad,Calle 37  Sur Carrera 49,Las Vegas,Urbana,"(6.174789471, -75.59420424)"
2181668,06/25/2018,6:50 p.m.,Lunes,Automovil,Particular,Conductor,Masculino,No,Sin Registro,Solo Daños,Choque,No mantener distancia de seguridad,Calle 37  Sur Carrera 49,Las Vegas,Urbana,"(6.174789471, -75.59420424)"
2181684,06/26/2018,3:15 p.m.,Martes,Camioneta,Particular,Conductor,Masculino,No,Sin Registro,Solo Daños,Choque,Impericia en el manejo,Calle 39 D Sur Carrera 25,El Chinguí,Urbana,"(6.154343948, -75.57802149)"
2181684,06/26/2018,3:15 p.m.,Martes,Motocicleta,Particular,Motociclista,Masculino,No,Sin Registro,Solo Daños,Choque,Impericia en el manejo,Calle 39 D Sur Carrera 25,El Chinguí,Urbana,"(6.154343948, -75.57802149)"
2181684,06/26/2018,3:15 p.m.,Martes,Motocicleta,Particular,Motociclista,Masculino,No,Sin Registro,Solo Daños,Choque,Impericia en el manejo,Calle 39 D Sur Carrera 25,El Chinguí,Urbana,"(6.154343948, -75.57802149)"
2181680,06/26/2018,2:15 p.m.,Martes,Camion,Publico,Conductor,Masculino,No,Sin Registro,Solo Daños,Choque,Transitar con las puertas abiertas,Calle 40 B Sur Carrera 39 A,El Dorado,Urbana,"(6.165386968, -75.58718501)"
2181680,06/26/2018,2:15 p.m.,Martes,Campero,Particular,Conductor,Masculino,No,Sin Registro,Solo Daños,Choque,Transitar con las puertas abiertas,Calle 40 B Sur Carrera 39 A,El Dorado,Urbana,"(6.165386968, -75.58718501)"
2181687,06/26/2018,4:30 p.m.,Martes,Campero,Particular,Conductor,Masculino,No,Sin Registro,Solo Daños,Choque,No mantener distancia de seguridad,Calle 37  Sur Carrera 39,Zona Centro,Urbana,"(6.169035546, -75.58484755)"
2181687,06/26/2018,4:30 p.m.,Martes,Camion,Particular,Conductor,Masculino,No,Sin Registro,Solo Daños,Choque,No mantener distancia de seguridad,Calle 37  Sur Carrera 39,Zona Centro,Urbana,"(6.169035546, -75.58484755)"
2181701,06/26/2018,4:30 p.m.,Martes,Bus,Publico,Conductor,Masculino,No,Sin Registro,Solo Daños,Choque,Impericia en el manejo,Calle 40  Sur Carrera 24 D,El Vallano,Urbana,"(6.147263187, -75.57633575)"
2181701,06/26/2018,4:30 p.m.,Martes,Camioneta,Particular,Conductor,Masculino,No,Sin Registro,Solo Daños,Choque,Impericia en el manejo,Calle 40  Sur Carrera 24 D,El Vallano,Urbana,"(6.147263187, -75.57633575)"
2181689,06/26/2018,6:30 p.m.,Martes,Bus,Publico,Conductor,Masculino,No,Sin Registro,Solo Daños,Choque,No mantener distancia de seguridad,Carrera 48 Calle 30  Sur,Las Vegas,Urbana,"(6.179366643, -75.5880841)"
2181689,06/26/2018,6:30 p.m.,Martes,Automovil,Particular,Conductor,Femenino,No,Sin Registro,Solo Daños,Choque,No mantener distancia de seguridad,Carrera 48 Calle 30  Sur,Las Vegas,Urbana,"(6.179366643, -75.5880841)"
2181688,06/26/2018,1:40 p.m.,Martes,Automovil,Particular,Conductor,Sin Registro,No,Sin Registro,Solo Daños,Choque,Impericia en el manejo,Carrera 43 A Calle 45  Sur,La Paz,Urbana,"(6.165116925, -75.59448316)"
2181688,06/26/2018,1:40 p.m.,Martes,Motocicleta,Particular,Motociclista,Masculino,No,Sin Registro,Solo Daños,Choque,Impericia en el manejo,Carrera 43 A Calle 45  Sur,La Paz,Urbana,"(6.165116925, -75.59448316)"
2181688,06/26/2018,1:40 p.m.,Martes,Automovil,Particular,Conductor,Femenino,No,Sin Registro,Solo Daños,Choque,Impericia en el manejo,Carrera 43 A Calle 45  Sur,La Paz,Urbana,"(6.165116925, -75.59448316)"
2181723,06/26/2018,2:45 p.m.,Martes,Bus,Publico,Conductor,Masculino,No,Sin Registro,Solo Daños,Choque,Impericia en el manejo,Calle 40  Sur Carrera 24,El Salado,Urbana,"(6.147263187, -75.57633575)"
2181723,06/26/2018,2:45 p.m.,Martes,Motocicleta,Particular,Motociclista,Masculino,No,Sin Registro,Solo Daños,Choque,Impericia en el manejo,Calle 40  Sur Carrera 24,El Salado,Urbana,"(6.147263187, -75.57633575)"
2181692,06/26/2018,6:48 a.m.,Martes,Automovil,Publico,Conductor,Masculino,No,Sin Registro,Solo Daños,Choque,No mantener distancia de seguridad,Calle 25  Sur Carrera 41,Zuñiga,Urbana,"(6.179145147, -75.5774765)"
2181692,06/26/2018,6:48 a.m.,Martes,Automovil,Particular,Conductor,Femenino,No,Sin Registro,Solo Daños,Choque,No respetar pelacion de interseccion o giros,Calle 25  Sur Carrera 41,Zuñiga,Urbana,"(6.179145147, -75.5774765)"
2181692,06/26/2018,6:48 a.m.,Martes,Automovil,Particular,Conductor,Femenino,No,Sin Registro,Solo Daños,Choque,No mantener distancia de seguridad,Calle 25  Sur Carrera 41,Zuñiga,Urbana,"(6.179145147, -75.5774765)"
2181692,06/26/2018,6:48 a.m.,Martes,Automovil,Publico,Conductor,Masculino,No,Sin Registro,Solo Daños,Choque,No respetar pelacion de interseccion o giros,Calle 25  Sur Carrera 41,Zuñiga,Urbana,"(6.179145147, -75.5774765)"
2181678,06/26/2018,5:40 p.m.,Martes,Motocicleta,Particular,Motociclista,Femenino,No,Sin Registro,Herido,Choque,No mantener distancia de seguridad,Calle 30  Sur Carrera 45 A,Jardines,Urbana,"(6.178033442, -75.58652397)"
2181678,06/26/2018,5:40 p.m.,Martes,Motocicleta,Particular,Motociclista,Masculino,No,Sin Registro,Herido,Choque,No mantener distancia de seguridad,Calle 30  Sur Carrera 45 A,Jardines,Urbana,"(6.178033442, -75.58652397)"
2181693,06/26/2018,5:45 p.m.,Martes,Camioneta,Particular,Conductor,Masculino,No,Sin Registro,Solo Daños,Choque,Impericia en el manejo,Tramo 373 Kilometro  12,Vereda Palmas,Rural,
2181695,06/26/2018,5:45 p.m.,Martes,Automovil,Particular,Conductor,Femenino,No,Sin Registro,Solo Daños,Choque,No mantener distancia de seguridad,Tramo 372 Kilometro  12,Vereda Palmas,Rural,
2181695,06/26/2018,5:45 p.m.,Martes,Automovil,Particular,Conductor,Masculino,No,Sin Registro,Solo Daños,Choque,No mantener distancia de seguridad,Tramo 372 Kilometro  12,Vereda Palmas,Rural,
2181695,06/26/2018,5:45 p.m.,Martes,Automovil,Particular,Conductor,Femenino,No,Sin Registro,Solo Daños,Choque,No mantener distancia de seguridad,Tramo 372 Kilometro  12,Vereda Palmas,Rural,
2181683,06/26/2018,1:50 p.m.,Martes,Bus,Publico,Conductor,Masculino,No,Sin Registro,Solo Daños,Choque,No respetar prelacion,Carrera 48 Calle 49 B Sur,Las Casitas,Urbana,"(6.162599027, -75.60278747)"
2181683,06/26/2018,1:50 p.m.,Martes,Camioneta,Particular,Conductor,Masculino,No,Sin Registro,Solo Daños,Choque,No respetar prelacion,Carrera 48 Calle 49 B Sur,Las Casitas,Urbana,"(6.162599027, -75.60278747)"
2181704,06/26/2018,7:56 a.m.,Martes,Bus,Publico,Conductor,Masculino,No,Sin Registro,Solo Daños,Choque,Reverso imprudente,Carrera 40 A Calle 38  Sur,El Dorado,Urbana,"(6.169546916, -75.58585723)"
2181718,06/30/2018,2:29 a.m.,Sábado,Motocicleta,Particular,Motociclista,Masculino,No,Sin Registro,Herido,Choque,No mantener distancia de seguridad,Carrera 50 Calle 36  Sur,Las Vegas,Urbana,
2181704,06/26/2018,7:56 a.m.,Martes,Bus,Publico,Conductor,Masculino,No,Sin Registro,Solo Daños,Choque,Reverso imprudente,Carrera 40 A Calle 38  Sur,El Dorado,Urbana,"(6.169546916, -75.58585723)"
2181705,06/27/2018,6:00 p.m.,Miércoles,Camioneta,Particular,Conductor,Femenino,No,Sin Registro,Solo Daños,Choque,No mantener distancia de seguridad,Tramo 373 Kilometro  7,Vereda Palmas,Rural,
2181705,06/27/2018,6:00 p.m.,Miércoles,Motocicleta,Particular,Motociclista,Masculino,No,Sin Registro,Solo Daños,Choque,No mantener distancia de seguridad,Tramo 373 Kilometro  7,Vereda Palmas,Rural,
2181696,06/27/2018,7:00 a.m.,Miércoles,Bus,Publico,Conductor,Masculino,No,Sin Registro,Solo Daños,Choque,Impericia en el manejo,Calle 34 A Sur Carrera 27 D,Alto De Misael,Urbana,"(6.172512502, -75.57704738)"
2181696,06/27/2018,7:00 a.m.,Miércoles,Camioneta,Particular,Conductor,Masculino,No,Sin Registro,Solo Daños,Choque,Impericia en el manejo,Calle 34 A Sur Carrera 27 D,Alto De Misael,Urbana,"(6.172512502, -75.57704738)"
2181690,06/27/2018,8:17 a.m.,Miércoles,Camion,Publico,Conductor,Masculino,No,Sin Registro,Herido,Choque,Vehiculo mal estacionado,Carrera 49 Calle 43  Sur,Las Vegas,Urbana,"(6.160925818, -75.59998009)"
2181690,06/27/2018,8:17 a.m.,Miércoles,Automovil,Particular,Conductor,Femenino,No,Sin Registro,Herido,Choque,Impericia en el manejo,Carrera 49 Calle 43  Sur,Las Vegas,Urbana,"(6.160925818, -75.59998009)"
2181690,06/27/2018,8:17 a.m.,Miércoles,Automovil,Particular,Conductor,Femenino,No,Sin Registro,Herido,Choque,Vehiculo mal estacionado,Carrera 49 Calle 43  Sur,Las Vegas,Urbana,"(6.160925818, -75.59998009)"
2181690,06/27/2018,8:17 a.m.,Miércoles,Camion,Publico,Conductor,Masculino,No,Sin Registro,Herido,Choque,Impericia en el manejo,Carrera 49 Calle 43  Sur,Las Vegas,Urbana,"(6.160925818, -75.59998009)"
2181698,06/27/2018,8:30 a.m.,Miércoles,Camioneta,Publico,Conductor,Masculino,No,Sin Registro,Herido,Atropello,Desobedecer senales,Calle 40  Sur Carrera 42,El Dorado,Urbana,
2181691,06/27/2018,10:30 a.m.,Miércoles,Bus,Publico,Conductor,Masculino,No,Sin Registro,Solo Daños,Choque,Adelantar por la derecha,Carrera 49 Calle 39  Sur,Las Vegas,Urbana,"(6.173609359, -75.59707057)"
2181691,06/27/2018,10:30 a.m.,Miércoles,Tractocamion,Publico,Conductor,Masculino,No,Sin Registro,Solo Daños,Choque,Adelantar por la derecha,Carrera 49 Calle 39  Sur,Las Vegas,Urbana,"(6.173609359, -75.59707057)"
2181724,06/28/2018,2:00 p.m.,Jueves,Automovil,Particular,Conductor,Masculino,No,Sin Registro,Solo Daños,Choque,Impericia en el manejo,Tramo 372 Kilometro  15,Vereda Palmas,Rural,
2181700,06/28/2018,4:00 a.m.,Jueves,Motocicleta,Particular,Motociclista,Masculino,No,Sin Registro,Herido,Caida Ocupante,Impericia en el manejo,Carrera 50 Calle 37  Sur,Las Vegas,Urbana,
2181694,06/28/2018,1:15 p.m.,Jueves,Camioneta,Particular,Conductor,Masculino,No,Sin Registro,Solo Daños,Choque,No mantener distancia de seguridad,Calle 27 D Sur Carrera 27 B,El Chocho,Urbana,"(6.169224506, -75.57173816)"
2181694,06/28/2018,1:15 p.m.,Jueves,Automovil,Particular,Conductor,Masculino,No,Sin Registro,Solo Daños,Choque,No mantener distancia de seguridad,Calle 27 D Sur Carrera 27 B,El Chocho,Urbana,"(6.169224506, -75.57173816)"
2181699,06/28/2018,6:35 a.m.,Jueves,Camioneta,Particular,Conductor,Femenino,No,Sin Registro,Herido,Choque,No mantener distancia de seguridad,Carrera 43 A Calle 25  Sur,Villa Grande,Urbana,"(6.181616833, -75.58185727)"
2181699,06/28/2018,6:35 a.m.,Jueves,Motocicleta,Particular,Motociclista,Femenino,No,Sin Registro,Herido,Choque,No mantener distancia de seguridad,Carrera 43 A Calle 25  Sur,Villa Grande,Urbana,"(6.181616833, -75.58185727)"
2181715,06/28/2018,8:30 p.m.,Jueves,Automovil,Publico,Conductor,Masculino,No,Sin Registro,Solo Daños,Choque,No mantener distancia de seguridad,Carrera 48 Calle 30  Sur,Las Vegas,Urbana,"(6.179366643, -75.5880841)"
2181715,06/28/2018,8:30 p.m.,Jueves,Bus,Publico,Conductor,Masculino,No,Sin Registro,Solo Daños,Choque,No mantener distancia de seguridad,Carrera 48 Calle 30  Sur,Las Vegas,Urbana,"(6.179366643, -75.5880841)"
2181697,06/28/2018,3:30 p.m.,Jueves,Camioneta,Particular,Conductor,Masculino,No,Sin Registro,Solo Daños,Choque,Desobedecer senales,Carrera 43 A Transversal 27 A Sur,Ponte Vedra,Urbana,"(6.178993539, -75.58360591)"
2181697,06/28/2018,3:30 p.m.,Jueves,Automovil,Particular,Conductor,Masculino,No,Sin Registro,Solo Daños,Choque,Desobedecer senales,Carrera 43 A Transversal 27 A Sur,Ponte Vedra,Urbana,"(6.178993539, -75.58360591)"
2181716,06/28/2018,10:40 p.m.,Jueves,Automovil,Publico,Conductor,Masculino,No,Sin Registro,Solo Daños,Choque,Desobedecer senales,Calle 36 A Sur Carrera 26 A,Vereda El Escobero,Urbana,"(6.167621297, -75.5785241)"
2181716,06/28/2018,10:40 p.m.,Jueves,Camioneta,Diplomatico,Conductor,Masculino,No,Sin Registro,Solo Daños,Choque,Desobedecer senales,Calle 36 A Sur Carrera 26 A,Vereda El Escobero,Urbana,"(6.167621297, -75.5785241)"
2181706,06/28/2018,6:50 a.m.,Jueves,Automovil,Particular,Conductor,Femenino,No,Sin Registro,Solo Daños,Choque,Adelantar cerrando,Carrera 50 Calle 38 A Sur,Las Vegas,Urbana,
2181706,06/28/2018,6:50 a.m.,Jueves,Motocicleta,Particular,Motociclista,Masculino,No,Sin Registro,Solo Daños,Choque,Adelantar cerrando,Carrera 50 Calle 38 A Sur,Las Vegas,Urbana,
2181712,06/29/2018,9:00 a.m.,Viernes,Automovil,Particular,Conductor,Masculino,No,Sin Registro,Herido,Choque,No mantener distancia de seguridad,Transversal 36  Sur Diagonal 30,La Sebastiana,Urbana,"(6.168076323, -75.57994415)"
2181712,06/29/2018,9:00 a.m.,Viernes,Automovil,Particular,Conductor,Masculino,No,Sin Registro,Herido,Choque,No mantener distancia de seguridad,Transversal 36  Sur Diagonal 30,La Sebastiana,Urbana,"(6.168076323, -75.57994415)"
2181712,06/29/2018,9:00 a.m.,Viernes,Camioneta,Publico,Conductor,Masculino,No,Sin Registro,Herido,Choque,No mantener distancia de seguridad,Transversal 36  Sur Diagonal 30,La Sebastiana,Urbana,"(6.168076323, -75.57994415)"
2181722,06/29/2018,3:00 p.m.,Viernes,Automovil,Particular,Conductor,Masculino,No,Sin Registro,Solo Daños,Choque,No mantener distancia de seguridad,Tramo 376 Kilometro  8,Vereda Perico,Rural,
2181722,06/29/2018,3:00 p.m.,Viernes,Camioneta,Publico,Conductor,Masculino,No,Sin Registro,Solo Daños,Choque,No mantener distancia de seguridad,Tramo 376 Kilometro  8,Vereda Perico,Rural,
2181709,06/29/2018,4:20 p.m.,Viernes,Camioneta,Particular,Conductor,Masculino,No,Sin Registro,Solo Daños,Choque,No mantener distancia de seguridad,Calle 37  Sur Carrera 48,Las Vegas,Urbana,"(6.17412211, -75.59306111)"
2181709,06/29/2018,4:20 p.m.,Viernes,Automovil,Particular,Conductor,Masculino,No,Sin Registro,Solo Daños,Choque,No mantener distancia de seguridad,Calle 37  Sur Carrera 48,Las Vegas,Urbana,"(6.17412211, -75.59306111)"
2181710,06/29/2018,5:20 p.m.,Viernes,Motocicleta,Particular,Motociclista,Femenino,No,Sin Registro,Herido,Choque,Impericia en el manejo,Carrera 48 Calle 38 A Sur,Las Vegas,Urbana,"(6.172315595, -75.59309025)"
2181710,06/29/2018,5:20 p.m.,Viernes,Motocicleta,Particular,Motociclista,Masculino,No,Sin Registro,Herido,Choque,Impericia en el manejo,Carrera 48 Calle 38 A Sur,Las Vegas,Urbana,"(6.172315595, -75.59309025)"
2181711,06/30/2018,10:00 p.m.,Sábado,Motocicleta,Particular,Motociclista,Masculino,No,Sin Registro,Herido,Caida Ocupante,Impericia en el manejo,Carrera 48 Calle 48  Sur,Las Vegas,Urbana,"(6.164595282, -75.60138041)"
2181702,06/30/2018,11:00 a.m.,Sábado,Automovil,Particular,Conductor,Masculino,No,Sin Registro,Solo Daños,Choque,No mantener distancia de seguridad,Carrera 50 Calle 32 B Sur,Las Vegas,Urbana,"(6.178248378, -75.59168828)"
2181702,06/30/2018,11:00 a.m.,Sábado,Motocicleta,Particular,Motociclista,Masculino,No,Sin Registro,Solo Daños,Choque,No mantener distancia de seguridad,Carrera 50 Calle 32 B Sur,Las Vegas,Urbana,"(6.178248378, -75.59168828)"
2181703,06/30/2018,12:20 a.m.,Sábado,Automovil,Particular,Conductor,Masculino,No,Sin Registro,Solo Daños,Choque,No mantener distancia de seguridad,Carrera 50 Calle 46 A Sur,Las Vegas,Urbana,"(6.16131219, -75.60319818)"
2181703,06/30/2018,12:20 a.m.,Sábado,Motocicleta,Particular,Motociclista,Masculino,No,Sin Registro,Solo Daños,Choque,No mantener distancia de seguridad,Carrera 50 Calle 46 A Sur,Las Vegas,Urbana,"(6.16131219, -75.60319818)"
2181726,06/30/2018,11:30 a.m.,Sábado,Automovil,Particular,Conductor,Masculino,No,Sin Registro,Solo Daños,Choque,Impericia en el manejo,Calle 37  Sur Carrera 42,Zona Centro,Urbana,"(6.17029993, -75.58693548)"
2181726,06/30/2018,11:30 a.m.,Sábado,Camioneta,Particular,Conductor,Femenino,No,Sin Registro,Solo Daños,Choque,Impericia en el manejo,Calle 37  Sur Carrera 42,Zona Centro,Urbana,"(6.17029993, -75.58693548)"
2181718,06/30/2018,2:29 a.m.,Sábado,Automovil,Publico,Conductor,Masculino,No,Sin Registro,Herido,Choque,No mantener distancia de seguridad,Carrera 50 Calle 36  Sur,Las Vegas,Urbana,
2181718,06/30/2018,2:29 a.m.,Sábado,Automovil,Publico,Conductor,Sin Registro,No,Sin Registro,Herido,Choque,No mantener distancia de seguridad,Carrera 50 Calle 36  Sur,Las Vegas,Urbana,
2181713,06/30/2018,1:30 p.m.,Sábado,Motocicleta,Particular,Motociclista,Masculino,No,Sin Registro,Herido,Choque,Transitar entre vehiculos,Carrera 48 Calle 31  Sur,Las Vegas,Urbana,"(6.178537792, -75.58885189)"
2181713,06/30/2018,1:30 p.m.,Sábado,Motocicleta,Particular,Motociclista,Masculino,No,Sin Registro,Herido,Choque,Transitar entre vehiculos,Carrera 48 Calle 31  Sur,Las Vegas,Urbana,"(6.178537792, -75.58885189)"
2181717,06/30/2018,10:45 p.m.,Sábado,Automovil,Particular,Conductor,Masculino,No,Sin Registro,Solo Daños,Choque,Desobedecer senales,Calle 37  Sur Carrera 36,Mesa,Urbana,"(6.168044613, -75.58323697)"
2181717,06/30/2018,10:45 p.m.,Sábado,Motocicleta,Particular,Motociclista,Masculino,No,Sin Registro,Solo Daños,Choque,Desobedecer senales,Calle 37  Sur Carrera 36,Mesa,Urbana,"(6.168044613, -75.58323697)"
2181733,06/30/2018,9:50 a.m.,Sábado,Automovil,Particular,Conductor,Masculino,No,Sin Registro,Solo Daños,Choque,Desobedecer senales,Carrera 50 Calle 46  Sur,Las Vegas,Urbana,"(6.16131219, -75.60319818)"
2181733,06/30/2018,9:50 a.m.,Sábado,Bus,Publico,Conductor,Masculino,No,Sin Registro,Solo Daños,Choque,Desobedecer senales,Carrera 50 Calle 46  Sur,Las Vegas,Urbana,"(6.16131219, -75.60319818)"
2181714,06/30/2018,2:55 p.m.,Sábado,Automovil,Particular,Conductor,Femenino,No,Sin Registro,Solo Daños,Choque,No mantener distancia de seguridad,Carrera 48 Calle 50  Sur,Las Vegas,Urbana,
2181714,06/30/2018,2:55 p.m.,Sábado,Tractocamion,Publico,Conductor,Masculino,No,Sin Registro,Solo Daños,Choque,No mantener distancia de seguridad,Carrera 48 Calle 50  Sur,Las Vegas,Urbana,
2163642,01/01/2017,1:00 p.m.,Domingo,Motocicleta,Particular,Motociclista,Masculino,SI,3,Herido,Choque,Otra,Transversal 33  Sur Diagonal 33,La Magnolia,Urbana,"(6.173879308, -75.58428383)"
2163642,01/01/2017,1:00 p.m.,Domingo,Motocicleta,Particular,Motociclista,Femenino,NO,Sin Registro,Herido,Choque,Otra,Transversal 33  Sur Diagonal 33,La Magnolia,Urbana,"(6.173879308, -75.58428383)"
2163621,01/01/2017,2:00 p.m.,Domingo,Automovil,Publico,Conductor,Masculino,NO,Sin Registro,Herido,Atropello,Otra,Carrera 29 A Calle 40 D Sur,San Jose,Urbana,"(6.160773854, -75.58295435)"
2163628,01/01/2017,3:00 p.m.,Domingo,Automovil,Publico,Conductor,Masculino,NO,Sin Registro,Solo Daños,Choque,Otra,Tramo 371 Kilometro  11,Vereda Palmas,Rural,
2163628,01/01/2017,3:00 p.m.,Domingo,Automovil,Publico,Conductor,Masculino,NO,Sin Registro,Solo Daños,Choque,Otra,Tramo 371 Kilometro  11,Vereda Palmas,Rural,
2163626,01/01/2017,6:00 a.m.,Domingo,Automovil,Particular,Conductor,Masculino,NO,Sin Registro,Solo Daños,Choque,Otra,Calle 38 B Sur Carrera 46 A,Alcala,Urbana,"(6.171402757, -75.59220091)"
2163626,01/01/2017,6:00 a.m.,Domingo,Automovil,Particular,Conductor,Femenino,NO,Sin Registro,Solo Daños,Choque,Otra,Calle 38 B Sur Carrera 46 A,Alcala,Urbana,"(6.171402757, -75.59220091)"
2163649,01/01/2017,3:10 p.m.,Domingo,Camioneta,Particular,Conductor,Masculino,NO,Sin Registro,Solo Daños,Choque,Otra,Tramo 371 Kilometro  12,Vereda Palmas,Rural,
2163649,01/01/2017,3:10 p.m.,Domingo,Automovil,Particular,Conductor,Masculino,NO,Sin Registro,Solo Daños,Choque,Otra,Tramo 371 Kilometro  12,Vereda Palmas,Rural,
2163655,01/01/2017,8:15 p.m.,Domingo,Automovil,Particular,Conductor,Masculino,NO,Sin Registro,Solo Daños,Choque,Otra,Calle 38  Sur Carrera 33,Mesa,Urbana,"(6.166254397, -75.58212883)"
2163655,01/01/2017,8:15 p.m.,Domingo,Motocicleta,Particular,Motociclista,Femenino,NO,Sin Registro,Solo Daños,Choque,Otra,Calle 38  Sur Carrera 33,Mesa,Urbana,"(6.166254397, -75.58212883)"
2163625,01/01/2017,2:20 p.m.,Domingo,Motocicleta,Particular,Motociclista,Masculino,NO,Sin Registro,Muerto,Choque,Otra,Tramo 372 Kilometro  15,Vereda Palmas,Rural,
2163647,01/01/2017,1:50 p.m.,Domingo,Motocicleta,Particular,Motociclista,Masculino,NO,Sin Registro,Solo Daños,Choque,Otra,Tramo 371 Kilometro  6,Vereda Palmas,Rural,
2163647,01/01/2017,1:50 p.m.,Domingo,Camioneta,Particular,Conductor,Masculino,NO,Sin Registro,Solo Daños,Choque,Otra,Tramo 371 Kilometro  6,Vereda Palmas,Rural,
2163619,01/01/2017,1:30 a.m.,Domingo,Motocicleta,Particular,Motociclista,Masculino,NO,Sin Registro,Herido,Caida Ocupante,Otra,Carrera 30 Calle 41  Sur,Sin Registro,Urbana,"(6.160372828, -75.5852574)"
2163653,02/01/2017,10:00 a.m.,Lunes,Clase Accide No Identifi,Sin Registro,Conductor,Masculino,NO,Sin Registro,Solo Daños,Choque,Otra,Diagonal 29 Transversal 34 B,Alto De Misael,Urbana,"(6.171303088, -75.57766495)"
2163653,02/01/2017,10:00 a.m.,Lunes,Camion,Publico,Conductor,Masculino,NO,Sin Registro,Solo Daños,Choque,Otra,Diagonal 29 Transversal 34 B,Alto De Misael,Urbana,"(6.171303088, -75.57766495)"
2163667,02/01/2017,7:10 p.m.,Lunes,Automovil,Particular,Conductor,Masculino,NO,Sin Registro,Herido,Choque,Otra,Carrera 48 Calle 34  Sur,Las Vegas,Urbana,"(6.175414344, -75.59078218)"