RADICADO,FECHA,HORA,DÍA DE LA SEMANA,CLASE DE VEHICULO,TIPO DE SERVICIO,TIPO DE VICTIMA,SEXO,ESTADO DE BEODEZ,RESULTADO DE BEODEZ,GRAVEDAD,CLASE DE ACCIDENTE,CAUSA,DIRECCIÓN,BARRIO,AREA,Coordenadas
2163679,03/01/2017,4:30 p.m.,Martes,Automovil,Particular,Conductor,Masculino,NO,Sin Registro,Solo Daños,Choque,Otra,Tramo 371 Kilometro  8,Vereda Palmas,Rural,
2163667,02/01/2017,7:10 p.m.,Lunes,Automovil,Particular,Conductor,Masculino,NO,Sin Registro,Herido,Choque,Otra,Carrera 48 Calle 34  Sur,Las Vegas,Urbana,"(6.175414344, -75.59078218)"
2163654,02/01/2017,6:15 p.m.,Lunes,Bus,Publico,Conductor,Masculino,NO,Sin Registro,Solo Daños,Choque,Otra,Calle 40 D Sur Carrera 30 A,San Jose,Urbana,"(6.161783451, -75.58379407)"
2163654,02/01/2017,6:15 p.m.,Lunes,Automovil,Particular,Conductor,Femenino,NO,Sin Registro,Solo Daños,Choque,Otra,Calle 40 D Sur Carrera 30 A,San Jose,Urbana,"(6.161783451, -75.58379407)"
2163668,02/01/2017,9:15 p.m.,Lunes,Bicicleta,Sin Registro,Ciclista,Masculino,NO,Sin Registro,Herido,Atropello,Otra,Transversal 34 D Sur Diagonal 31,Las Flores,Urbana,"(6.172106631, -75.57927512)"
2163656,02/01/2017,1:50 p.m.,Lunes,Automovil,Particular,Conductor,Femenino,NO,Sin Registro,Herido,Choque,Otra,Transversal 32 A Sur Diagonal 32 B,La Magnolia,Urbana,"(6.175421467, -75.58335367)"
2163656,02/01/2017,1:50 p.m.,Lunes,Motocicleta,Particular,Motociclista,Masculino,NO,Sin Registro,Herido,Choque,Otra,Transversal 32 A Sur Diagonal 32 B,La Magnolia,Urbana,"(6.175421467, -75.58335367)"
2163662,02/01/2017,10:00 p.m.,Lunes,Motocicleta,Particular,Motociclista,Masculino,NO,Sin Registro,Herido,Caida Ocupante,Otra,Carrera 25 Calle 38 D Sur,El Chinguí,Urbana,
2163678,03/01/2017,1:00 p.m.,Martes,Automovil,Particular,Conductor,Masculino,NO,Sin Registro,Solo Daños,Choque,Otra,Tramo 371 Kilometro  13,Vereda Palmas,Rural,
2163678,03/01/2017,1:00 p.m.,Martes,Camioneta,Publico,Conductor,Masculino,NO,Sin Registro,Solo Daños,Choque,Otra,Tramo 371 Kilometro  13,Vereda Palmas,Rural,
2163678,03/01/2017,1:00 p.m.,Martes,Camioneta,Particular,Conductor,Masculino,NO,Sin Registro,Solo Daños,Choque,Otra,Tramo 371 Kilometro  13,Vereda Palmas,Rural,
2163657,03/01/2017,11:00 a.m.,Martes,Automovil,Publico,Conductor,Masculino,NO,Sin Registro,Solo Daños,Choque,Otra,Calle 40 F Sur Carrera 40,Sin Registro,Urbana,"(6.164356509, -75.58918207)"
2163657,03/01/2017,11:00 a.m.,Martes,Motocicleta,Particular,Motociclista,Masculino,NO,Sin Registro,Solo Daños,Choque,Otra,Calle 40 F Sur Carrera 40,Sin Registro,Urbana,"(6.164356509, -75.58918207)"
2163659,03/01/2017,10:00 a.m.,Martes,Automovil,Diplomatico,Conductor,Masculino,NO,Sin Registro,Solo Daños,Choque,Otra,Carrera 24 E Calle 40  Sur,El Salado,Urbana,
2163659,03/01/2017,10:00 a.m.,Martes,Camion,Publico,Conductor,Masculino,NO,Sin Registro,Solo Daños,Choque,Otra,Carrera 24 E Calle 40  Sur,El Salado,Urbana,
2163664,03/01/2017,7:10 p.m.,Martes,Camioneta,Particular,Conductor,Masculino,NO,Sin Registro,Solo Daños,Choque,Otra,Diagonal 33 Transversal 33,La Magnolia,Urbana,"(6.173879308, -75.58428383)"
2163664,03/01/2017,7:10 p.m.,Martes,Camioneta,Particular,Conductor,Masculino,NO,Sin Registro,Solo Daños,Choque,Otra,Diagonal 33 Transversal 33,La Magnolia,Urbana,"(6.173879308, -75.58428383)"
2163660,03/01/2017,11:20 a.m.,Martes,Camioneta,Particular,Conductor,Masculino,NO,Sin Registro,Solo Daños,Choque,Otra,Carrera 48 Calle 44  Sur,Las Vegas,Urbana,"(6.167284881, -75.59824543)"
2163660,03/01/2017,11:20 a.m.,Martes,Automovil,Particular,Conductor,Masculino,NO,Sin Registro,Solo Daños,Choque,Otra,Carrera 48 Calle 44  Sur,Las Vegas,Urbana,"(6.167284881, -75.59824543)"
2163677,03/01/2017,6:15 p.m.,Martes,Bus,Publico,Conductor,Masculino,NO,Sin Registro,Solo Daños,Choque,Otra,Tramo 372 Kilometro  15,Vereda Palmas,Rural,
2163677,03/01/2017,6:15 p.m.,Martes,Buseta,Publico,Conductor,Masculino,NO,Sin Registro,Solo Daños,Choque,Otra,Tramo 372 Kilometro  15,Vereda Palmas,Rural,
2163663,03/01/2017,3:20 p.m.,Martes,Camioneta,Particular,Conductor,Masculino,NO,Sin Registro,Herido,Choque,Otra,Tramo 371 Kilometro  10,Vereda El Escobero,Rural,
2163663,03/01/2017,3:20 p.m.,Martes,Bicicleta,Sin Registro,Ciclista,Masculino,NO,Sin Registro,Herido,Choque,Otra,Tramo 371 Kilometro  10,Vereda El Escobero,Rural,
2163676,03/01/2017,2:20 p.m.,Martes,Automovil,Particular,Conductor,Masculino,NO,Sin Registro,Solo Daños,Choque,Otra,Carrera 43 A Calle 41 B Sur,Sin Registro,Urbana,"(6.16628795, -75.59295223)"
2163666,03/01/2017,2:30 p.m.,Martes,Campero,Particular,Conductor,Masculino,NO,Sin Registro,Solo Daños,Choque,Otra,Calle 35  Sur Carrera 47,El Portal,Urbana,"(6.174631977, -75.59060398)"
2163679,03/01/2017,4:30 p.m.,Martes,Automovil,Particular,Conductor,Masculino,NO,Sin Registro,Solo Daños,Choque,Otra,Tramo 371 Kilometro  8,Vereda Palmas,Rural,
2163679,03/01/2017,4:30 p.m.,Martes,Campero,Particular,Conductor,Masculino,NO,Sin Registro,Solo Daños,Choque,Otra,Tramo 371 Kilometro  8,Vereda Palmas,Rural,
2163669,03/01/2017,8:50 a.m.,Martes,Automovil,Publico,Conductor,Masculino,NO,Sin Registro,Solo Daños,Choque,Otra,Diagonal 31 F Transversal 34 D Sur,Los Naranjos,Urbana,"(6.171847931, -75.58061921)"
2163669,03/01/2017,8:50 a.m.,Martes,Bus,Publico,Conductor,Masculino,NO,Sin Registro,Solo Daños,Choque,Otra,Diagonal 31 F Transversal 34 D Sur,Los Naranjos,Urbana,"(6.171847931, -75.58061921)"
2163665,03/01/2017,4:50 p.m.,Martes,Automovil,Particular,Conductor,Masculino,NO,Sin Registro,Solo Daños,Choque,Otra,Diagonal 30 Transversal 36,La Sebastiana,Urbana,
2163665,03/01/2017,4:50 p.m.,Martes,Buseta,Publico,Conductor,Masculino,NO,Sin Registro,Solo Daños,Choque,Otra,Diagonal 30 Transversal 36,La Sebastiana,Urbana,
2163658,03/01/2017,8:56 a.m.,Martes,Camioneta,Publico,Conductor,Masculino,NO,Sin Registro,Solo Daños,Choque,Otra,Tramo 371 Kilometro  7,Vereda Palmas,Rural,
2163658,03/01/2017,8:56 a.m.,Martes,Microbus,Publico,Conductor,Masculino,NO,Sin Registro,Solo Daños,Choque,Otra,Tramo 371 Kilometro  7,Vereda Palmas,Rural,
2163658,03/01/2017,8:56 a.m.,Martes,Camion,Publico,Conductor,Masculino,NO,Sin Registro,Solo Daños,Choque,Otra,Tramo 371 Kilometro  7,Vereda Palmas,Rural,
2163672,04/01/2017,2:00 p.m.,Miércoles,Automovil,Particular,Conductor,Masculino,NO,Sin Registro,Solo Daños,Choque,Otra,Carrera 49 Calle 32 B Sur,Sin Registro,Urbana,
2163672,04/01/2017,2:00 p.m.,Miércoles,Automovil,Particular,Conductor,Masculino,NO,Sin Registro,Solo Daños,Choque,Otra,Carrera 49 Calle 32 B Sur,Sin Registro,Urbana,
2163674,04/01/2017,7:00 p.m.,Miércoles,Automovil,Publico,Conductor,Masculino,NO,Sin Registro,Solo Daños,Choque,Otra,Carrera 42 Calle 40 H Sur,El Dorado,Urbana,"(6.165677086, -75.59082804)"
2163674,04/01/2017,7:00 p.m.,Miércoles,Automovil,Particular,Conductor,Femenino,NO,Sin Registro,Solo Daños,Choque,Otra,Carrera 42 Calle 40 H Sur,El Dorado,Urbana,"(6.165677086, -75.59082804)"
2163684,04/01/2017,7:00 p.m.,Miércoles,Automovil,Particular,Conductor,Masculino,NO,Sin Registro,Solo Daños,Choque,Otra,Carrera 41 Calle 39  Sur,Zona Centro,Urbana,"(6.167744498, -75.5874224)"
2163684,04/01/2017,7:00 p.m.,Miércoles,Bus,Publico,Conductor,Masculino,NO,Sin Registro,Solo Daños,Choque,Otra,Carrera 41 Calle 39  Sur,Zona Centro,Urbana,"(6.167744498, -75.5874224)"
2170017,04/01/2017,8:00 a.m.,Miércoles,Automovil,Particular,Conductor,Femenino,NO,Sin Registro,Solo Daños,Choque,No mantener distancia de seguridad,Tramo 372 Kilometro  7,Vereda Palmas,Rural,
2170017,04/01/2017,8:00 a.m.,Miércoles,Campero,Particular,Conductor,Femenino,NO,Sin Registro,Solo Daños,Choque,No mantener distancia de seguridad,Tramo 372 Kilometro  7,Vereda Palmas,Rural,
2163673,04/01/2017,5:00 p.m.,Miércoles,Bus,Publico,Conductor,Masculino,NO,Sin Registro,Solo Daños,Choque,Otra,Diagonal 30 B Transversal 32 D,Las Flores,Urbana,"(6.174345526, -75.57832737)"
2163673,04/01/2017,5:00 p.m.,Miércoles,Automovil,Particular,Conductor,Femenino,NO,Sin Registro,Solo Daños,Choque,Otra,Diagonal 30 B Transversal 32 D,Las Flores,Urbana,"(6.174345526, -75.57832737)"
2163685,04/01/2017,7:15 p.m.,Miércoles,Bus,Publico,Conductor,Masculino,NO,Sin Registro,Solo Daños,Choque,Otra,Tramo 371 Kilometro  8,Vereda Palmas,Rural,
2163685,04/01/2017,7:15 p.m.,Miércoles,Camioneta,Particular,Conductor,Masculino,NO,Sin Registro,Solo Daños,Choque,Otra,Tramo 371 Kilometro  8,Vereda Palmas,Rural,
2170430,04/01/2017,7:10 a.m.,Miércoles,Motocicleta,Diplomatico,Motociclista,Masculino,NO,Sin Registro,Solo Daños,Choque,Otra,Calle 37  Sur Carrera 50,Las Vegas,Urbana,
2170430,04/01/2017,7:10 a.m.,Miércoles,Automovil,Particular,Conductor,Masculino,NO,Sin Registro,Solo Daños,Choque,Otra,Calle 37  Sur Carrera 50,Las Vegas,Urbana,
2163671,04/01/2017,7:30 a.m.,Miércoles,Automovil,Particular,Conductor,Femenino,NO,Sin Registro,Solo Daños,Choque,Otra,Carrera 48 Calle 37  Sur,Las Vegas,Urbana,"(6.172859211, -75.59276992)"
2163671,04/01/2017,7:30 a.m.,Miércoles,Automovil,Particular,Conductor,Masculino,NO,Sin Registro,Solo Daños,Choque,Otra,Carrera 48 Calle 37  Sur,Las Vegas,Urbana,"(6.172859211, -75.59276992)"
2163681,04/01/2017,1:40 p.m.,Miércoles,Automovil,Particular,Conductor,Femenino,NO,Sin Registro,Solo Daños,Choque,Otra,Carrera 28 D Calle 26 A Sur,Alto De Misael,Urbana,"(6.178560395, -75.57841522)"
2163681,04/01/2017,1:40 p.m.,Miércoles,Automovil,Particular,Conductor,Masculino,NO,Sin Registro,Solo Daños,Choque,Otra,Carrera 28 D Calle 26 A Sur,Alto De Misael,Urbana,"(6.178560395, -75.57841522)"
2163680,04/01/2017,6:35 p.m.,Miércoles,Motocicleta,Particular,Motociclista,Masculino,NO,Sin Registro,Herido,Atropello,Otra,Carrera 48 Calle 50  Sur,Las Casitas,Urbana,
2163688,04/01/2017,11:50 a.m.,Miércoles,Automovil,Publico,Conductor,Masculino,NO,Sin Registro,Solo Daños,Choque,Otra,Calle 38  Sur Carrera 40,Zona Centro,Urbana,"(6.16879573, -75.58588978)"
2163688,04/01/2017,11:50 a.m.,Miércoles,Motocicleta,Particular,Motociclista,Masculino,NO,Sin Registro,Solo Daños,Choque,Otra,Calle 38  Sur Carrera 40,Zona Centro,Urbana,"(6.16879573, -75.58588978)"
2163670,04/01/2017,2:50 p.m.,Miércoles,Automovil,Publico,Conductor,Masculino,NO,Sin Registro,Herido,Choque,Otra,Carrera 48 Calle 32 C Sur,Las Vegas,Urbana,"(6.176534585, -75.59017935)"
2163670,04/01/2017,2:50 p.m.,Miércoles,Motocicleta,Particular,Motociclista,Masculino,NO,Sin Registro,Herido,Choque,Otra,Carrera 48 Calle 32 C Sur,Las Vegas,Urbana,"(6.176534585, -75.59017935)"
2163675,04/01/2017,5:50 p.m.,Miércoles,Camioneta,Particular,Conductor,Masculino,NO,Sin Registro,Solo Daños,Choque,Otra,Carrera 46 A Calle 45 BB Sur,Primavera,Urbana,"(6.16550306, -75.59588865)"
2163675,04/01/2017,5:50 p.m.,Miércoles,Automovil,Particular,Conductor,Masculino,NO,Sin Registro,Solo Daños,Choque,Otra,Carrera 46 A Calle 45 BB Sur,Primavera,Urbana,"(6.16550306, -75.59588865)"
2170001,05/01/2017,2:00 p.m.,Jueves,Bus,Publico,Conductor,Masculino,NO,Sin Registro,Solo Daños,Choque,No mantener distancia de seguridad,Calle 45 B Sur Carrera 43,La Paz,Urbana,"(6.164485785, -75.59467842)"
2170001,05/01/2017,2:00 p.m.,Jueves,Campero,Particular,Conductor,Masculino,NO,Sin Registro,Solo Daños,Choque,No mantener distancia de seguridad,Calle 45 B Sur Carrera 43,La Paz,Urbana,"(6.164485785, -75.59467842)"
2170009,05/01/2017,2:00 a.m.,Jueves,Automovil,Particular,Conductor,Masculino,NO,Sin Registro,Solo Daños,Choque,Exceso de velocidad,Calle 50  Sur Carrera 48,Las Vegas,Urbana,
2163682,05/01/2017,11:30 a.m.,Jueves,Motocicleta,Particular,Motociclista,Masculino,NO,Sin Registro,Herido,Choque,Otra,Carrera 50 Calle 26  Sur,Las Vegas,Urbana,"(6.184812544, -75.58691109)"
2163682,05/01/2017,11:30 a.m.,Jueves,Bus,Publico,Conductor,Masculino,NO,Sin Registro,Herido,Choque,Otra,Carrera 50 Calle 26  Sur,Las Vegas,Urbana,"(6.184812544, -75.58691109)"
2163682,05/01/2017,11:30 a.m.,Jueves,Bus,Publico,Conductor,Masculino,NO,Sin Registro,Herido,Choque,Otra,Carrera 50 Calle 26  Sur,Las Vegas,Urbana,"(6.184812544, -75.58691109)"
2163689,05/01/2017,8:45 p.m.,Jueves,Automovil,Particular,Conductor,Masculino,NO,Sin Registro,Solo Daños,Choque,Otra,Carrera 27 Calle 36 B Sur,La Inmaculada,Urbana,"(6.167009975, -75.56927808)"
2163689,05/01/2017,8:45 p.m.,Jueves,Automovil,Particular,Conductor,Masculino,NO,Sin Registro,Solo Daños,Choque,Otra,Carrera 27 Calle 36 B Sur,La Inmaculada,Urbana,"(6.167009975, -75.56927808)"
2163687,05/01/2017,4:30 p.m.,Jueves,Automovil,Particular,Conductor,Masculino,NO,Sin Registro,Solo Daños,Choque,Otra,Carrera 48 Calle 46  Sur,Las Vegas,Urbana,"(6.166195386, -75.59928549)"
2163687,05/01/2017,4:30 p.m.,Jueves,Automovil,Publico,Conductor,Masculino,NO,Sin Registro,Solo Daños,Choque,Otra,Carrera 48 Calle 46  Sur,Las Vegas,Urbana,"(6.166195386, -75.59928549)"
2163686,05/01/2017,8:40 a.m.,Jueves,Automovil,Particular,Conductor,Masculino,NO,Sin Registro,Solo Daños,Choque,Otra,Tramo 372 Kilometro  14,Vereda Palmas,Rural,
2163683,05/01/2017,7:50 a.m.,Jueves,Automovil,Particular,Conductor,Femenino,NO,Sin Registro,Herido,Choque,Otra,Carrera 48 Calle 37  Sur,Las Vegas,Urbana,"(6.172859211, -75.59276992)"
2163683,05/01/2017,7:50 a.m.,Jueves,Motocicleta,Particular,Motociclista,Masculino,NO,Sin Registro,Herido,Choque,Otra,Carrera 48 Calle 37  Sur,Las Vegas,Urbana,"(6.172859211, -75.59276992)"
2170003,05/01/2017,7:50 a.m.,Jueves,Motocicleta,Particular,Motociclista,Masculino,NO,Sin Registro,Herido,Choque,Otra,Calle 20  Sur Carrera 46,Zuñiga,Urbana,"(6.185414554, -75.58118622)"
2170003,05/01/2017,7:50 a.m.,Jueves,Automovil,Particular,Conductor,Masculino,NO,Sin Registro,Herido,Choque,Otra,Calle 20  Sur Carrera 46,Zuñiga,Urbana,"(6.185414554, -75.58118622)"
2170010,05/01/2017,5:50 p.m.,Jueves,Automovil,Particular,Conductor,Masculino,NO,Sin Registro,Solo Daños,Choque,No mantener distancia de seguridad,Tramo 371 Kilometro  10,Vereda El Escobero,Rural,
2170010,05/01/2017,5:50 p.m.,Jueves,Motocicleta,Particular,Motociclista,Masculino,NO,Sin Registro,Solo Daños,Choque,No mantener distancia de seguridad,Tramo 371 Kilometro  10,Vereda El Escobero,Rural,
2170011,06/01/2017,6:00 p.m.,Viernes,Automovil,Particular,Conductor,Masculino,NO,Sin Registro,Solo Daños,Choque,Adelantar invadiendo carril de sentido contrario,Tramo 372 Kilometro  18,Vereda Palmas,Rural,
2170011,06/01/2017,6:00 p.m.,Viernes,Motocicleta,Particular,Motociclista,Masculino,NO,Sin Registro,Solo Daños,Choque,Adelantar invadiendo carril de sentido contrario,Tramo 372 Kilometro  18,Vereda Palmas,Rural,
2170019,06/01/2017,3:10 p.m.,Viernes,Automovil,Publico,Conductor,Masculino,NO,Sin Registro,Solo Daños,Choque,Exceso de velocidad,Calle 37  Sur Carrera 40,Zona Centro,Urbana,"(6.169435767, -75.58550725)"
2170019,06/01/2017,3:10 p.m.,Viernes,Motocicleta,Particular,Motociclista,Masculino,NO,Sin Registro,Solo Daños,Choque,Exceso de velocidad,Calle 37  Sur Carrera 40,Zona Centro,Urbana,"(6.169435767, -75.58550725)"
2170023,06/01/2017,3:10 p.m.,Viernes,Automovil,Particular,Conductor,Masculino,NO,Sin Registro,Solo Daños,Choque,No mantener distancia de seguridad,Calle 38  Sur Carrera 43 A,Zona Centro,Urbana,"(6.170537577, -75.58862514)"
2170023,06/01/2017,3:10 p.m.,Viernes,Camioneta,Publico,Conductor,Masculino,NO,Sin Registro,Solo Daños,Choque,No mantener distancia de seguridad,Calle 38  Sur Carrera 43 A,Zona Centro,Urbana,"(6.170537577, -75.58862514)"
2170005,06/01/2017,12:25 p.m.,Viernes,Bus,Publico,Conductor,Masculino,NO,Sin Registro,Herido,Caida Ocupante,Poner en marcha un vehiculo sin precauci,Calle 48 E Sur Carrera 42 BB,Loma Del Barro,Urbana,"(6.159800047, -75.59509533)"
2170018,06/01/2017,3:40 p.m.,Viernes,Automovil,Publico,Conductor,Masculino,NO,Sin Registro,Solo Daños,Choque,Adelantar cerrando,Calle 36 D Sur Carrera 23,Vereda El Escobero,Urbana,"(6.162479576, -75.57022257)"
2170018,06/01/2017,3:40 p.m.,Viernes,Campero,Particular,Conductor,Masculino,NO,Sin Registro,Solo Daños,Choque,Adelantar cerrando,Calle 36 D Sur Carrera 23,Vereda El Escobero,Urbana,"(6.162479576, -75.57022257)"
2170024,06/01/2017,9:40 a.m.,Viernes,Automovil,Publico,Conductor,Masculino,NO,Sin Registro,Solo Daños,Choque,Exceso de velocidad,Calle 43  Sur Carrera 46 A,Milan Vallejuelos,Urbana,"(6.167283526, -75.59505767)"
2170024,06/01/2017,9:40 a.m.,Viernes,Motocicleta,Particular,Motociclista,Femenino,NO,Sin Registro,Solo Daños,Choque,Exceso de velocidad,Calle 43  Sur Carrera 46 A,Milan Vallejuelos,Urbana,"(6.167283526, -75.59505767)"
2170022,06/01/2017,7:40 a.m.,Viernes,Camion,Publico,Conductor,Masculino,NO,Sin Registro,Solo Daños,Choque,No mantener distancia de seguridad,Calle 26  Sur Carrera 50,Las Vegas,Urbana,
2170022,06/01/2017,7:40 a.m.,Viernes,Automovil,Particular,Conductor,Masculino,NO,Sin Registro,Solo Daños,Choque,No mantener distancia de seguridad,Calle 26  Sur Carrera 50,Las Vegas,Urbana,
2170021,06/01/2017,3:50 p.m.,Viernes,Automovil,Particular,Conductor,Femenino,NO,Sin Registro,Solo Daños,Choque,Otra,Calle 39  Sur Carrera 42,Zona Centro,Urbana,"(6.168300638, -75.58815927)"
2170021,06/01/2017,3:50 p.m.,Viernes,Motocicleta,Particular,Motociclista,Masculino,NO,Sin Registro,Solo Daños,Choque,Otra,Calle 39  Sur Carrera 42,Zona Centro,Urbana,"(6.168300638, -75.58815927)"
2170007,06/01/2017,6:50 p.m.,Viernes,Motocicleta,Particular,Motociclista,Masculino,NO,Sin Registro,Herido,Caida Ocupante,Impericia en el manejo,Tramo 372 Kilometro  14,Vereda Palmas,Rural,
2170014,07/01/2017,1:10 p.m.,Sábado,Camioneta,Publico,Conductor,Masculino,NO,Sin Registro,Herido,Choque,No respetar prelacion,Tramo 372 Kilometro  11,Vereda Palmas,Rural,
2170014,07/01/2017,1:10 p.m.,Sábado,Motocicleta,Particular,Motociclista,Masculino,NO,Sin Registro,Herido,Choque,No respetar prelacion,Tramo 372 Kilometro  11,Vereda Palmas,Rural,
2170026,07/01/2017,8:20 a.m.,Sábado,Camioneta,Particular,Conductor,Masculino,NO,Sin Registro,Solo Daños,Choque,No mantener distancia de seguridad,Tramo 372 Kilometro  13,Vereda Palmas,Rural,
2170026,07/01/2017,8:20 a.m.,Sábado,Automovil,Particular,Conductor,Masculino,NO,Sin Registro,Solo Daños,Choque,No mantener distancia de seguridad,Tramo 372 Kilometro  13,Vereda Palmas,Rural,
2170026,07/01/2017,8:20 a.m.,Sábado,Automovil,Particular,Conductor,Masculino,NO,Sin Registro,Solo Daños,Choque,No mantener distancia de seguridad,Tramo 372 Kilometro  13,Vereda Palmas,Rural,
2170025,07/01/2017,4:20 p.m.,Sábado,Automovil,Particular,Conductor,Masculino,NO,Sin Registro,Solo Daños,Choque,Adelantar por la derecha,Tramo 372 Kilometro  7,Vereda Palmas,Rural,
2170025,07/01/2017,4:20 p.m.,Sábado,Motocicleta,Particular,Motociclista,Masculino,NO,Sin Registro,Solo Daños,Choque,Adelantar por la derecha,Tramo 372 Kilometro  7,Vereda Palmas,Rural,
2170027,07/01/2017,11:30 a.m.,Sábado,Camion,Publico,Conductor,Masculino,NO,Sin Registro,Solo Daños,Choque,Carga sobresaliente sin senales,Calle 39  Sur Carrera 43,Zona Centro,Urbana,"(6.168678771, -75.58876156)"
2170041,10/01/2017,9:50 a.m.,Martes,Automovil,Particular,Conductor,Masculino,NO,Sin Registro,Solo Daños,Choque,No mantener distancia de seguridad,Calle 37  Sur Carrera 50,Las Vegas,Urbana,
2170027,07/01/2017,11:30 a.m.,Sábado,Campero,Particular,Conductor,Masculino,NO,Sin Registro,Solo Daños,Choque,Carga sobresaliente sin senales,Calle 39  Sur Carrera 43,Zona Centro,Urbana,"(6.168678771, -75.58876156)"
2170187,07/01/2017,9:30 a.m.,Sábado,Bicicleta,Sin Registro,Ciclista,Femenino,NO,Sin Registro,Herido,Choque,Otra,Calle 32 B Sur Carrera 50,Las Vegas,Urbana,
2170187,07/01/2017,9:30 a.m.,Sábado,Motocicleta,Particular,Motociclista,Masculino,NO,Sin Registro,Herido,Choque,Otra,Calle 32 B Sur Carrera 50,Las Vegas,Urbana,
2170008,07/01/2017,12:30 p.m.,Sábado,Automovil,Particular,Conductor,Masculino,NO,Sin Registro,Solo Daños,Choque,No mantener distancia de seguridad,Calle 36 D Sur Carrera 27 A,Vereda El Escobero,Urbana,"(6.164831751, -75.57423497)"
2170008,07/01/2017,12:30 p.m.,Sábado,Automovil,Particular,Conductor,Femenino,NO,Sin Registro,Solo Daños,Choque,No mantener distancia de seguridad,Calle 36 D Sur Carrera 27 A,Vereda El Escobero,Urbana,"(6.164831751, -75.57423497)"
2170029,08/01/2017,6:00 a.m.,Domingo,Automovil,Publico,Conductor,Masculino,NO,Sin Registro,Solo Daños,Choque,No respetar prelacion,Calle 40  Sur Carrera 48,Las Vegas,Urbana,"(6.158744179, -75.59459712)"
2170029,08/01/2017,6:00 a.m.,Domingo,Motocicleta,Particular,Motociclista,Masculino,NO,Sin Registro,Solo Daños,Choque,No respetar prelacion,Calle 40  Sur Carrera 48,Las Vegas,Urbana,"(6.158744179, -75.59459712)"
2170006,08/01/2017,5:15 a.m.,Domingo,Motocicleta,Particular,Motociclista,Masculino,NO,Sin Registro,Herido,Choque,Transitar entre vehiculos,Calle 46 A Sur Carrera 48,Las Vegas,Urbana,"(6.166989258, -75.60074312)"
2170006,08/01/2017,5:15 a.m.,Domingo,Automovil,Particular,Conductor,Masculino,NO,Sin Registro,Herido,Choque,Exceso de velocidad,Calle 46 A Sur Carrera 48,Las Vegas,Urbana,"(6.166989258, -75.60074312)"
2170006,08/01/2017,5:15 a.m.,Domingo,Automovil,Particular,Conductor,Masculino,NO,Sin Registro,Herido,Choque,Transitar entre vehiculos,Calle 46 A Sur Carrera 48,Las Vegas,Urbana,"(6.166989258, -75.60074312)"
2170006,08/01/2017,5:15 a.m.,Domingo,Motocicleta,Particular,Motociclista,Masculino,NO,Sin Registro,Herido,Choque,Exceso de velocidad,Calle 46 A Sur Carrera 48,Las Vegas,Urbana,"(6.166989258, -75.60074312)"
2170031,08/01/2017,1:30 p.m.,Domingo,Automovil,Particular,Conductor,Masculino,NO,Sin Registro,Solo Daños,Choque,No mantener distancia de seguridad,Tramo 372 Kilometro  14,Vereda Palmas,Rural,
2170031,08/01/2017,1:30 p.m.,Domingo,Automovil,Particular,Conductor,Masculino,NO,Sin Registro,Solo Daños,Choque,No mantener distancia de seguridad,Tramo 372 Kilometro  14,Vereda Palmas,Rural,
2170000,08/01/2017,5:15 p.m.,Domingo,Automovil,Publico,Conductor,Masculino,NO,Sin Registro,Herido,Choque,Otra,Calle 49  Sur Carrera 48,Las Vegas,Urbana,"(6.163238618, -75.60250718)"
2170000,08/01/2017,5:15 p.m.,Domingo,Automovil,Particular,Conductor,Femenino,NO,Sin Registro,Herido,Choque,Otra,Calle 49  Sur Carrera 48,Las Vegas,Urbana,"(6.163238618, -75.60250718)"
2171050,08/01/2017,8:30 a.m.,Domingo,Camion,Publico,Conductor,Masculino,NO,Sin Registro,Solo Daños,Choque,Otra,Carrera 49 Calle 37  Sur,Las Vegas,Urbana,
2171050,08/01/2017,8:30 a.m.,Domingo,Automovil,Particular,Conductor,Femenino,NO,Sin Registro,Solo Daños,Choque,Otra,Carrera 49 Calle 37  Sur,Las Vegas,Urbana,
2170030,08/01/2017,10:40 a.m.,Domingo,Camioneta,Particular,Conductor,Masculino,NO,Sin Registro,Solo Daños,Choque,Impericia en el manejo,Calle 25  Sur Carrera 48,Las Vegas,Urbana,
2170030,08/01/2017,10:40 a.m.,Domingo,Automovil,Particular,Conductor,Masculino,NO,Sin Registro,Solo Daños,Choque,Impericia en el manejo,Calle 25  Sur Carrera 48,Las Vegas,Urbana,
2170028,08/01/2017,2:45 p.m.,Domingo,Camioneta,Particular,Conductor,Masculino,NO,Sin Registro,Solo Daños,Choque,Desobedecer senales,Calle 36  Sur Carrera 39,Zona Centro,Urbana,"(6.169751787, -75.58435113)"
2170028,08/01/2017,2:45 p.m.,Domingo,Motocicleta,Particular,Motociclista,Masculino,NO,Sin Registro,Solo Daños,Choque,Desobedecer senales,Calle 36  Sur Carrera 39,Zona Centro,Urbana,"(6.169751787, -75.58435113)"
2170002,09/01/2017,2:00 p.m.,Lunes,Automovil,Particular,Conductor,Masculino,NO,Sin Registro,Herido,Atropello,Impericia en el manejo,Calle 41  Sur Carrera 25 A,La Mina,Urbana,"(6.154531978, -75.58434641)"
2170033,09/01/2017,7:50 p.m.,Lunes,Automovil,Particular,Conductor,Masculino,NO,Sin Registro,Solo Daños,Choque,Impericia en el manejo,Diagonal 33 Transversal 34 E,Los Naranjos,Urbana,"(6.172651904, -75.58382242)"
2170065,01/13/2017,4:00 p.m.,Viernes,Motocicleta,Particular,Motociclista,Masculino,NO,Sin Registro,Solo Daños,Choque,Otra,Calle 40 F Sur Carrera 40,El Dorado,Urbana,"(6.164356509, -75.58918207)"
2170033,09/01/2017,7:50 p.m.,Lunes,Camioneta,Particular,Conductor,Masculino,NO,Sin Registro,Solo Daños,Choque,Impericia en el manejo,Diagonal 33 Transversal 34 E,Los Naranjos,Urbana,"(6.172651904, -75.58382242)"
2170020,09/01/2017,5:30 p.m.,Lunes,Motocicleta,Particular,Motociclista,Masculino,NO,Sin Registro,Herido,Caida Ocupante,Impericia en el manejo,Calle 25 A Sur Carrera 46,Sin Registro,Urbana,"(6.182479713, -75.58329599)"