RADICADO,FECHA,HORA,DÍA DE LA SEMANA,CLASE DE VEHICULO,TIPO DE SERVICIO,TIPO DE VICTIMA,SEXO,ESTADO DE BEODEZ,RESULTADO DE BEODEZ,GRAVEDAD,CLASE DE ACCIDENTE,CAUSA,DIRECCIÓN,BARRIO,AREA,Coordenadas
2170034,09/01/2017,4:45 p.m.,Lunes,Camioneta,Particular,Conductor,Masculino,NO,Sin Registro,Solo Daños,Choque,Reverso imprudente,Calle 37  Sur Carrera 49,Las Vegas,Urbana,"(6.174789471, -75.59420424)"
2170034,09/01/2017,4:45 p.m.,Lunes,Automovil,Particular,Conductor,Femenino,NO,Sin Registro,Solo Daños,Choque,Reverso imprudente,Calle 37  Sur Carrera 49,Las Vegas,Urbana,"(6.174789471, -75.59420424)"
2170004,09/01/2017,4:50 p.m.,Lunes,Motocicleta,Particular,Motociclista,Masculino,NO,Sin Registro,Herido,Choque,Transitar entre vehiculos,Calle 36  Sur Carrera 50,Las Vegas,Urbana,
2170004,09/01/2017,4:50 p.m.,Lunes,Automovil,Diplomatico,Conductor,Masculino,NO,Sin Registro,Herido,Choque,Transitar entre vehiculos,Calle 36  Sur Carrera 50,Las Vegas,Urbana,
2170012,09/01/2017,10:30 p.m.,Lunes,Motocicleta,Particular,Motociclista,Femenino,SI,2,Herido,Caida Ocupante,Impericia en el manejo,Calle 39 D Sur Carrera 24 EE,El Chinguí,Urbana,"(6.154343948, -75.57802149)"
2180088,10/01/2017,2:00 p.m.,Martes,Camioneta,Particular,Conductor,Masculino,NO,Sin Registro,Solo Daños,Choque,Transitar entre vehiculos,Carrera 41 Calle 37  Sur,Zona Centro,Urbana,"(6.169735041, -75.58616625)"
2170015,10/01/2017,5:00 p.m.,Martes,Bus,Publico,Conductor,Masculino,NO,Sin Registro,Herido,Choque,Adelantar cerrando,Calle 50  Sur Carrera 48,Las Vegas,Urbana,
2170015,10/01/2017,5:00 p.m.,Martes,Motocicleta,Particular,Motociclista,Masculino,NO,Sin Registro,Herido,Choque,Adelantar cerrando,Calle 50  Sur Carrera 48,Las Vegas,Urbana,
2180088,10/01/2017,2:00 p.m.,Martes,Motocicleta,Particular,Motociclista,Masculino,NO,Sin Registro,Solo Daños,Choque,Transitar entre vehiculos,Carrera 41 Calle 37  Sur,Zona Centro,Urbana,"(6.169735041, -75.58616625)"
2170035,10/01/2017,1:10 p.m.,Martes,Camioneta,Particular,Conductor,Masculino,NO,Sin Registro,Solo Daños,Choque,No mantener distancia de seguridad,Tramo 372 Kilometro  14,Vereda Palmas,Rural,
2170035,10/01/2017,1:10 p.m.,Martes,Motocicleta,Particular,Motociclista,Masculino,NO,Sin Registro,Solo Daños,Choque,No mantener distancia de seguridad,Tramo 372 Kilometro  14,Vereda Palmas,Rural,
2170040,10/01/2017,4:10 p.m.,Martes,Automovil,Particular,Conductor,Femenino,NO,Sin Registro,Solo Daños,Choque,No mantener distancia de seguridad,Tramo 372 Kilometro  12,Vereda Palmas,Rural,
2170040,10/01/2017,4:10 p.m.,Martes,Automovil,Particular,Conductor,Masculino,NO,Sin Registro,Solo Daños,Choque,No mantener distancia de seguridad,Tramo 372 Kilometro  12,Vereda Palmas,Rural,
2170038,10/01/2017,9:15 a.m.,Martes,Automovil,Publico,Conductor,Masculino,NO,Sin Registro,Solo Daños,Choque,No mantener distancia de seguridad,Calle 46  Sur Carrera 48,Las Vegas,Urbana,"(6.162824447, -75.59968661)"
2170038,10/01/2017,9:15 a.m.,Martes,Campero,Particular,Conductor,Femenino,NO,Sin Registro,Solo Daños,Choque,No mantener distancia de seguridad,Calle 46  Sur Carrera 48,Las Vegas,Urbana,"(6.162824447, -75.59968661)"
2170039,10/01/2017,6:40 p.m.,Martes,Automovil,Particular,Conductor,Femenino,NO,Sin Registro,Solo Daños,Choque,No mantener distancia de seguridad,Calle 39  Sur Carrera 29 A,San Jose,Urbana,"(6.164019418, -75.58120807)"
2170039,10/01/2017,6:40 p.m.,Martes,Camioneta,Particular,Conductor,Masculino,NO,Sin Registro,Solo Daños,Choque,No mantener distancia de seguridad,Calle 39  Sur Carrera 29 A,San Jose,Urbana,"(6.164019418, -75.58120807)"
2170016,10/01/2017,8:50 a.m.,Martes,Motocicleta,Particular,Motociclista,Femenino,NO,Sin Registro,Herido,Choque,Desobedecer senales,Diagonal 33 Transversal 35 C Sur,Los Naranjos,Urbana,"(6.168993586, -75.58179563)"
2170016,10/01/2017,8:50 a.m.,Martes,Automovil,Particular,Conductor,Femenino,NO,Sin Registro,Herido,Choque,Desobedecer senales,Diagonal 33 Transversal 35 C Sur,Los Naranjos,Urbana,"(6.168993586, -75.58179563)"
2170041,10/01/2017,9:50 a.m.,Martes,Automovil,Particular,Conductor,Femenino,NO,Sin Registro,Solo Daños,Choque,No mantener distancia de seguridad,Calle 37  Sur Carrera 50,Las Vegas,Urbana,
2170013,10/01/2017,8:55 a.m.,Martes,Automovil,Particular,Conductor,Masculino,NO,Sin Registro,Herido,Choque,Adelantar cerrando,Calle 46 A Sur Carrera 50,Las Vegas,Urbana,
2170013,10/01/2017,8:55 a.m.,Martes,Motocicleta,Particular,Motociclista,Masculino,NO,Sin Registro,Herido,Choque,Adelantar cerrando,Calle 46 A Sur Carrera 50,Las Vegas,Urbana,
2170032,10/01/2017,11:20 p.m.,Martes,Automovil,Particular,Conductor,Masculino,NO,Sin Registro,Solo Daños,Choque,Exceso de velocidad,Calle 43  Sur Carrera 46 B,Primavera,Urbana,"(6.167582766, -75.59605688)"
2170055,11/01/2017,1:00 p.m.,Miércoles,Automovil,Particular,Conductor,Masculino,NO,Sin Registro,Herido,Choque,No mantener distancia de seguridad,Tramo 372 Kilometro  9,Vereda Palmas,Rural,
2170055,11/01/2017,1:00 p.m.,Miércoles,Camioneta,Particular,Conductor,Masculino,NO,Sin Registro,Herido,Choque,No mantener distancia de seguridad,Tramo 372 Kilometro  9,Vereda Palmas,Rural,
2170049,11/01/2017,2:00 p.m.,Miércoles,Tractocamion,Publico,Conductor,Masculino,NO,Sin Registro,Solo Daños,Choque,Desobedecer senales,Calle 37  Sur Carrera 50,Las Vegas,Urbana,
2170049,11/01/2017,2:00 p.m.,Miércoles,Automovil,Particular,Conductor,Masculino,NO,Sin Registro,Solo Daños,Choque,Desobedecer senales,Calle 37  Sur Carrera 50,Las Vegas,Urbana,
2170052,11/01/2017,5:10 p.m.,Miércoles,Automovil,Publico,Conductor,Masculino,NO,Sin Registro,Solo Daños,Choque,No mantener distancia de seguridad,Calle 38  Sur Carrera 48,Las Vegas,Urbana,
2170052,11/01/2017,5:10 p.m.,Miércoles,Camioneta,Particular,Conductor,Masculino,NO,Sin Registro,Solo Daños,Choque,No mantener distancia de seguridad,Calle 38  Sur Carrera 48,Las Vegas,Urbana,
2171138,11/01/2017,8:18 a.m.,Miércoles,Automovil,Particular,Conductor,Masculino,NO,Sin Registro,Solo Daños,Choque,Otra,Tramo 372 Kilometro  16,Vereda Palmas,Rural,
2171138,11/01/2017,8:18 a.m.,Miércoles,Motocicleta,Particular,Motociclista,sin registro,NO,Sin Registro,Solo Daños,Choque,Otra,Tramo 372 Kilometro  16,Vereda Palmas,Rural,
2170037,11/01/2017,3:20 p.m.,Miércoles,Motocicleta,Particular,Motociclista,Masculino,NO,Sin Registro,Herido,Choque,Desobedecer senales,Diagonal 32 D Transversal 33  Sur,La Magnolia,Urbana,"(6.174101275, -75.58360607)"
2170037,11/01/2017,3:20 p.m.,Miércoles,Automovil,Particular,Conductor,Masculino,NO,Sin Registro,Herido,Choque,Desobedecer senales,Diagonal 32 D Transversal 33  Sur,La Magnolia,Urbana,"(6.174101275, -75.58360607)"
2170044,11/01/2017,1:30 p.m.,Miércoles,Camion,Publico,Conductor,Masculino,NO,Sin Registro,Solo Daños,Choque,Impericia en el manejo,Calle 30  Sur Carrera 46 A,Jardines,Urbana,"(6.179166125, -75.58749587)"
2170044,11/01/2017,1:30 p.m.,Miércoles,Camion,Publico,Conductor,Masculino,NO,Sin Registro,Solo Daños,Choque,Exceso de velocidad,Calle 30  Sur Carrera 46 A,Jardines,Urbana,"(6.179166125, -75.58749587)"
2170051,11/01/2017,2:30 p.m.,Miércoles,Camion,Publico,Conductor,Masculino,NO,Sin Registro,Solo Daños,Choque,No mantener distancia de seguridad,Tramo 372 Kilometro  14,Vereda Palmas,Rural,
2170051,11/01/2017,2:30 p.m.,Miércoles,Camioneta,Particular,Conductor,Femenino,NO,Sin Registro,Solo Daños,Choque,No mantener distancia de seguridad,Tramo 372 Kilometro  14,Vereda Palmas,Rural,
2170045,11/01/2017,5:30 p.m.,Miércoles,Automovil,Particular,Conductor,Masculino,NO,Sin Registro,Solo Daños,Choque,No mantener distancia de seguridad,Calle 31  Sur Carrera 43 A,San Marcos,Urbana,"(6.176823564, -75.58539215)"
2170045,11/01/2017,5:30 p.m.,Miércoles,Motocicleta,Particular,Motociclista,Masculino,NO,Sin Registro,Solo Daños,Choque,No mantener distancia de seguridad,Calle 31  Sur Carrera 43 A,San Marcos,Urbana,"(6.176823564, -75.58539215)"
2170046,11/01/2017,9:40 a.m.,Miércoles,Camioneta,Publico,Conductor,Masculino,NO,Sin Registro,Solo Daños,Choque,Impericia en el manejo,Calle 27 A Sur Carrera 47,Jardines,Urbana,"(6.181094826, -75.58650051)"
2170046,11/01/2017,9:40 a.m.,Miércoles,Automovil,Particular,Conductor,Masculino,NO,Sin Registro,Solo Daños,Choque,Impericia en el manejo,Calle 27 A Sur Carrera 47,Jardines,Urbana,"(6.181094826, -75.58650051)"
2170047,11/01/2017,9:40 a.m.,Miércoles,Motocicleta,Particular,Motociclista,Masculino,NO,Sin Registro,Solo Daños,Choque,Girar bruscamente,Calle 31  Sur Carrera 48,Las Vegas,Urbana,
2170047,11/01/2017,9:40 a.m.,Miércoles,Automovil,Publico,Conductor,Masculino,NO,Sin Registro,Solo Daños,Choque,Girar bruscamente,Calle 31  Sur Carrera 48,Las Vegas,Urbana,
2170050,11/01/2017,6:40 p.m.,Miércoles,Camioneta,Particular,Conductor,Masculino,NO,Sin Registro,Solo Daños,Choque,Impericia en el manejo,Calle 27  Sur Carrera 41,Zuñiga,Urbana,
2170050,11/01/2017,6:40 p.m.,Miércoles,Camioneta,Particular,Conductor,Masculino,NO,Sin Registro,Solo Daños,Choque,Exceso de velocidad,Calle 27  Sur Carrera 41,Zuñiga,Urbana,
2170042,11/01/2017,8:50 a.m.,Miércoles,Camion,Publico,Conductor,Masculino,NO,Sin Registro,Solo Daños,Choque,Otra,Tramo 372 Kilometro  8,Vereda Palmas,Rural,
2170066,01/13/2017,6:10 a.m.,Viernes,Camioneta,Particular,Conductor,Masculino,NO,Sin Registro,Solo Daños,Choque,No mantener distancia de seguridad,Calle 25  Sur Carrera 48,Las Vegas,Urbana,
2170077,11/01/2017,9:45 a.m.,Miércoles,Automovil,Particular,Conductor,Masculino,NO,Sin Registro,Solo Daños,Choque,No mantener distancia de seguridad,Diagonal 32 Transversal 36  Sur,Manuel Uribe Angel,Urbana,"(6.168258576, -75.58067017)"
2170077,11/01/2017,9:45 a.m.,Miércoles,Sin Registro,Publico,Conductor,Masculino,NO,Sin Registro,Solo Daños,Choque,No mantener distancia de seguridad,Diagonal 32 Transversal 36  Sur,Manuel Uribe Angel,Urbana,"(6.168258576, -75.58067017)"
2170043,11/01/2017,10:50 a.m.,Miércoles,Automovil,Particular,Conductor,Masculino,NO,Sin Registro,Solo Daños,Choque,Otra,Tramo 372 Kilometro  5,Vereda Palmas,Rural,
2170048,11/01/2017,11:30 p.m.,Miércoles,Automovil,Particular,Conductor,Masculino,NO,Sin Registro,Solo Daños,Choque,No mantener distancia de seguridad,Tramo 372 Kilometro  16,Vereda Palmas,Rural,
2170048,11/01/2017,11:30 p.m.,Miércoles,Automovil,Publico,Conductor,Masculino,NO,Sin Registro,Solo Daños,Choque,No mantener distancia de seguridad,Tramo 372 Kilometro  16,Vereda Palmas,Rural,
2170048,11/01/2017,11:30 p.m.,Miércoles,Camioneta,Particular,Conductor,Femenino,NO,Sin Registro,Solo Daños,Choque,No mantener distancia de seguridad,Tramo 372 Kilometro  16,Vereda Palmas,Rural,
2170058,12/01/2017,2:00 p.m.,Jueves,Automovil,Particular,Conductor,Femenino,NO,Sin Registro,Solo Daños,Choque,No respetar prelacion,Calle 33  Sur Carrera 45,San Marcos,Urbana,"(6.174490456, -75.58754724)"
2170058,12/01/2017,2:00 p.m.,Jueves,Motocicleta,Particular,Motociclista,Masculino,NO,Sin Registro,Solo Daños,Choque,No respetar prelacion,Calle 33  Sur Carrera 45,San Marcos,Urbana,"(6.174490456, -75.58754724)"
2170078,12/01/2017,4:10 p.m.,Jueves,Bus,Publico,Conductor,Masculino,NO,Sin Registro,Solo Daños,Choque,No mantener distancia de seguridad,Calle 29  Sur Carrera 43 A,Las Vegas,Urbana,"(6.178121023, -75.58456122)"
2170078,12/01/2017,4:10 p.m.,Jueves,Automovil,Particular,Conductor,Femenino,NO,Sin Registro,Solo Daños,Choque,No mantener distancia de seguridad,Calle 29  Sur Carrera 43 A,Las Vegas,Urbana,"(6.178121023, -75.58456122)"
2170059,12/01/2017,5:20 p.m.,Jueves,Automovil,Particular,Conductor,Femenino,NO,Sin Registro,Solo Daños,Choque,Otra,Calle 28  Sur Carrera 50,Las Vegas,Urbana,
2170059,12/01/2017,5:20 p.m.,Jueves,Motocicleta,Particular,Motociclista,Masculino,NO,Sin Registro,Solo Daños,Choque,Otra,Calle 28  Sur Carrera 50,Las Vegas,Urbana,
2170036,12/01/2017,6:45 a.m.,Jueves,Microbus,Publico,Conductor,Masculino,NO,Sin Registro,Herido,Caida Ocupante,Otra,Calle 40 AA Sur Carrera 32,Sin Registro,Urbana,"(6.164232301, -75.58527826)"
2170053,12/01/2017,9:40 a.m.,Jueves,Automovil,Particular,Conductor,Masculino,NO,Sin Registro,Solo Daños,Choque,No respetar prelacion,Calle 37  Sur Carrera 43 A,Zona Centro,Urbana,"(6.171151654, -75.58815663)"
2170053,12/01/2017,9:40 a.m.,Jueves,Camioneta,Publico,Conductor,Masculino,NO,Sin Registro,Solo Daños,Choque,No respetar prelacion,Calle 37  Sur Carrera 43 A,Zona Centro,Urbana,"(6.171151654, -75.58815663)"
2170057,12/01/2017,8:50 a.m.,Jueves,Microbus,Publico,Conductor,Masculino,NO,Sin Registro,Solo Daños,Choque,Adelantar cerrando,Calle 39  Sur Carrera 43,Sin Registro,Urbana,"(6.168678771, -75.58876156)"
2170057,12/01/2017,8:50 a.m.,Jueves,Camioneta,Publico,Conductor,Masculino,NO,Sin Registro,Solo Daños,Choque,Adelantar cerrando,Calle 39  Sur Carrera 43,Sin Registro,Urbana,"(6.168678771, -75.58876156)"
2170054,12/01/2017,2:40 a.m.,Jueves,Automovil,Particular,Conductor,Masculino,NO,Sin Registro,Solo Daños,Choque,Girar bruscamente,Calle 19  Sur Carrera 48,Las Vegas,Urbana,
2170056,12/01/2017,10:45 a.m.,Jueves,Automovil,Diplomatico,Conductor,Masculino,NO,Sin Registro,Solo Daños,Choque,Adelantar cerrando,Calle 38  Sur Carrera 40,Zona Centro,Urbana,"(6.16879573, -75.58588978)"
2170056,12/01/2017,10:45 a.m.,Jueves,Automovil,Particular,Conductor,Femenino,NO,Sin Registro,Solo Daños,Choque,Adelantar cerrando,Calle 38  Sur Carrera 40,Zona Centro,Urbana,"(6.16879573, -75.58588978)"
2170073,01/13/2017,9:00 a.m.,Viernes,Automovil,Particular,Conductor,Masculino,NO,Sin Registro,Herido,Choque,Otra,Calle 21  Sur Carrera 43 A,Las Vegas,Urbana,"(6.18399286, -75.57959764)"
2170073,01/13/2017,9:00 a.m.,Viernes,Motocicleta,Particular,Motociclista,Masculino,NO,Sin Registro,Herido,Choque,Otra,Calle 21  Sur Carrera 43 A,Las Vegas,Urbana,"(6.18399286, -75.57959764)"
2170065,01/13/2017,4:00 p.m.,Viernes,Automovil,Particular,Conductor,Masculino,NO,Sin Registro,Solo Daños,Choque,Otra,Calle 40 F Sur Carrera 40,El Dorado,Urbana,"(6.164356509, -75.58918207)"
2170102,01/15/2017,8:35 p.m.,Domingo,Automovil,Particular,Conductor,Masculino,NO,Sin Registro,Solo Daños,Choque,Otra,Calle 40 G Sur Carrera 25 A,La Mina,Urbana,
2170066,01/13/2017,6:10 a.m.,Viernes,Automovil,Particular,Conductor,Masculino,NO,Sin Registro,Solo Daños,Choque,No mantener distancia de seguridad,Calle 25  Sur Carrera 48,Las Vegas,Urbana,
2170069,01/13/2017,7:20 p.m.,Viernes,Automovil,Publico,Conductor,Masculino,NO,Sin Registro,Solo Daños,Choque,No mantener distancia de seguridad,Calle 40 G Sur Carrera 41,El Dorado,Urbana,"(6.16508973, -75.59009433)"
2170069,01/13/2017,7:20 p.m.,Viernes,Automovil,Particular,Conductor,Masculino,NO,Sin Registro,Solo Daños,Choque,No mantener distancia de seguridad,Calle 40 G Sur Carrera 41,El Dorado,Urbana,"(6.16508973, -75.59009433)"
2170071,01/13/2017,6:30 a.m.,Viernes,Automovil,Particular,Conductor,Masculino,NO,Sin Registro,Solo Daños,Choque,Otra,Calle 34 A Sur Carrera 27,Alto De Misael,Urbana,"(6.172512502, -75.57704738)"
2170071,01/13/2017,6:30 a.m.,Viernes,Bus,Publico,Conductor,Masculino,NO,Sin Registro,Solo Daños,Choque,Otra,Calle 34 A Sur Carrera 27,Alto De Misael,Urbana,"(6.172512502, -75.57704738)"
2170070,01/13/2017,7:50 p.m.,Viernes,Automovil,Particular,Conductor,Masculino,NO,Sin Registro,Solo Daños,Choque,Otra,Calle 39  Sur Carrera 48,Las Vegas,Urbana,"(6.17373153, -75.59688397)"
2170070,01/13/2017,7:50 p.m.,Viernes,Automovil,Particular,Conductor,Masculino,NO,Sin Registro,Solo Daños,Choque,Otra,Calle 39  Sur Carrera 48,Las Vegas,Urbana,"(6.17373153, -75.59688397)"
2170421,01/13/2017,5:15 p.m.,Viernes,Camioneta,Publico,Conductor,Masculino,NO,Sin Registro,Herido,Atropello,Otra,Calle 19  Sur Carrera 48,Las Vegas,Urbana,
2170068,01/13/2017,8:30 p.m.,Viernes,Automovil,Publico,Conductor,Masculino,NO,Sin Registro,Solo Daños,Choque,No mantener distancia de seguridad,Tramo 372 Kilometro  11,Vereda Palmas,Rural,
2170068,01/13/2017,8:30 p.m.,Viernes,Automovil,Particular,Conductor,Masculino,NO,Sin Registro,Solo Daños,Choque,No mantener distancia de seguridad,Tramo 372 Kilometro  11,Vereda Palmas,Rural,
2170068,01/13/2017,8:30 p.m.,Viernes,Automovil,Particular,Conductor,Masculino,NO,Sin Registro,Solo Daños,Choque,No mantener distancia de seguridad,Tramo 372 Kilometro  11,Vereda Palmas,Rural,
2170062,01/13/2017,11:30 a.m.,Viernes,Motocicleta,Particular,Motociclista,Masculino,NO,Sin Registro,Herido,Atropello,Otra,Calle 39  Sur Carrera 29 A,Mesa,Urbana,"(6.164019418, -75.58120807)"
2170072,01/13/2017,10:30 a.m.,Viernes,Camioneta,Publico,Conductor,Masculino,NO,Sin Registro,Solo Daños,Choque,Reverso imprudente,Calle 48 C Sur Carrera 45,Las Vegas,Urbana,"(6.159138282, -75.59625971)"
2170072,01/13/2017,10:30 a.m.,Viernes,Camion,Publico,Conductor,Masculino,NO,Sin Registro,Solo Daños,Choque,Reverso imprudente,Calle 48 C Sur Carrera 45,Las Vegas,Urbana,"(6.159138282, -75.59625971)"
2170067,01/13/2017,1:40 p.m.,Viernes,Automovil,Particular,Conductor,Masculino,NO,Sin Registro,Solo Daños,Choque,Otra,Calle 37  Sur Carrera 48,Las Vegas,Urbana,"(6.17412211, -75.59306111)"
2170536,01/13/2017,6:30 p.m.,Viernes,Automovil,Particular,Conductor,Masculino,NO,Sin Registro,Herido,Atropello,Otra,Calle 42  Sur Carrera 30,Las Vegas,Urbana,
2170067,01/13/2017,1:40 p.m.,Viernes,Camioneta,Publico,Conductor,Masculino,NO,Sin Registro,Solo Daños,Choque,Otra,Calle 37  Sur Carrera 48,Las Vegas,Urbana,"(6.17412211, -75.59306111)"
2170080,01/13/2017,9:10 p.m.,Viernes,Camioneta,Particular,Conductor,Masculino,NO,Sin Registro,Herido,Choque,Desobedecer senales,Calle 33 B Sur Carrera 42,Zona Centro,Urbana,"(6.17255447, -75.58554957)"
2170080,01/13/2017,9:10 p.m.,Viernes,Motocicleta,Particular,Motociclista,Masculino,NO,Sin Registro,Herido,Choque,Desobedecer senales,Calle 33 B Sur Carrera 42,Zona Centro,Urbana,"(6.17255447, -75.58554957)"
2170075,01/13/2017,7:50 a.m.,Viernes,Camion,Publico,Conductor,Masculino,NO,Sin Registro,Solo Daños,Choque,Otra,Calle 43  Sur Carrera 48,Las Vegas,Urbana,"(6.168592602, -75.597529)"
2170075,01/13/2017,7:50 a.m.,Viernes,Camion,Publico,Conductor,Masculino,NO,Sin Registro,Solo Daños,Choque,Otra,Calle 43  Sur Carrera 48,Las Vegas,Urbana,"(6.168592602, -75.597529)"
2170076,01/13/2017,2:45 p.m.,Viernes,Automovil,Particular,Conductor,Masculino,NO,Sin Registro,Solo Daños,Choque,Desobedecer senales,Calle 36  Sur Carrera 49,Glorieta De Peldar,Urbana,
2170076,01/13/2017,2:45 p.m.,Viernes,Tractocamion,Publico,Conductor,Masculino,NO,Sin Registro,Solo Daños,Choque,Desobedecer senales,Calle 36  Sur Carrera 49,Glorieta De Peldar,Urbana,
2170084,01/13/2017,2:45 p.m.,Viernes,Automovil,Particular,Conductor,Masculino,NO,Sin Registro,Solo Daños,Choque,Otra,Calle 37  Sur Carrera 48,Las Vegas,Urbana,"(6.17412211, -75.59306111)"
2170084,01/13/2017,2:45 p.m.,Viernes,Camioneta,Particular,Conductor,Femenino,NO,Sin Registro,Solo Daños,Choque,Otra,Calle 37  Sur Carrera 48,Las Vegas,Urbana,"(6.17412211, -75.59306111)"
2170060,01/14/2017,4:00 p.m.,Sábado,Buseta,Publico,Conductor,Masculino,NO,Sin Registro,Herido,Choque,No mantener distancia de seguridad,Calle 40  Sur Carrera 48,Las Vegas,Urbana,"(6.158744179, -75.59459712)"
2170060,01/14/2017,4:00 p.m.,Sábado,Motocicleta,Particular,Motociclista,Masculino,NO,Sin Registro,Herido,Choque,No mantener distancia de seguridad,Calle 40  Sur Carrera 48,Las Vegas,Urbana,"(6.158744179, -75.59459712)"
2170085,01/14/2017,3:15 p.m.,Sábado,Camion,Publico,Conductor,Masculino,NO,Sin Registro,Solo Daños,Choque,Otra,Calle 39  Sur Carrera 47 A,Alcala,Urbana,"(6.171457478, -75.593353)"
2170085,01/14/2017,3:15 p.m.,Sábado,Automovil,Particular,Conductor,Masculino,NO,Sin Registro,Solo Daños,Choque,Otra,Calle 39  Sur Carrera 47 A,Alcala,Urbana,"(6.171457478, -75.593353)"
2170079,01/14/2017,2:30 p.m.,Sábado,Automovil,Publico,Conductor,Femenino,NO,Sin Registro,Herido,Choque,No mantener distancia de seguridad,Calle 30  Sur Carrera 50,Las Vegas,Urbana,
2170079,01/14/2017,2:30 p.m.,Sábado,Motocicleta,Particular,Motociclista,Masculino,NO,Sin Registro,Herido,Choque,No mantener distancia de seguridad,Calle 30  Sur Carrera 50,Las Vegas,Urbana,
2170086,01/14/2017,9:40 a.m.,Sábado,Motocicleta,Particular,Motociclista,Masculino,NO,Sin Registro,Solo Daños,Choque,Adelantar invadiendo carril del mismo sentido en zigzag,Calle 36 D Sur Carrera 27,La Magnolia,Urbana,"(6.162479576, -75.57022257)"
2170086,01/14/2017,9:40 a.m.,Sábado,Automovil,Particular,Conductor,Masculino,NO,Sin Registro,Solo Daños,Choque,Adelantar invadiendo carril del mismo sentido en zigzag,Calle 36 D Sur Carrera 27,La Magnolia,Urbana,"(6.162479576, -75.57022257)"
2170061,01/14/2017,11:40 a.m.,Sábado,Camioneta,Particular,Conductor,Masculino,NO,Sin Registro,Herido,Atropello,Otra,Calle 25  Sur Carrera 40,Zona Centro,Urbana,"(6.153503423, -75.58064182)"
2170087,01/14/2017,6:40 p.m.,Sábado,Microbus,Publico,Conductor,Masculino,NO,Sin Registro,Solo Daños,Choque,Otra,Calle 50  Sur Carrera 48,Las Vegas,Urbana,
2170082,01/14/2017,9:50 a.m.,Sábado,Camioneta,Particular,Conductor,Femenino,NO,Sin Registro,Solo Daños,Choque,No mantener distancia de seguridad,Tramo 372 Kilometro  5,Vereda Palmas,Rural,
2170082,01/14/2017,9:50 a.m.,Sábado,Automovil,Particular,Conductor,Masculino,NO,Sin Registro,Solo Daños,Choque,No mantener distancia de seguridad,Tramo 372 Kilometro  5,Vereda Palmas,Rural,
2170097,01/15/2017,3:10 p.m.,Domingo,Motocicleta,Particular,Motociclista,Masculino,NO,Sin Registro,Solo Daños,Choque,Otra,Calle 32 B Sur Carrera 48,Las Vegas,Urbana,"(6.177255701, -75.59003137)"
2170097,01/15/2017,3:10 p.m.,Domingo,Automovil,Particular,Conductor,Masculino,NO,Sin Registro,Solo Daños,Choque,Otra,Calle 32 B Sur Carrera 48,Las Vegas,Urbana,"(6.177255701, -75.59003137)"
2170063,01/15/2017,4:20 p.m.,Domingo,Automovil,Particular,Conductor,Masculino,NO,Sin Registro,Herido,Choque,Otra,Calle 39  Sur Carrera 48,Las Vegas,Urbana,"(6.17373153, -75.59688397)"
2170063,01/15/2017,4:20 p.m.,Domingo,Motocicleta,Particular,Motociclista,Masculino,NO,Sin Registro,Herido,Choque,Otra,Calle 39  Sur Carrera 48,Las Vegas,Urbana,"(6.17373153, -75.59688397)"
2170102,01/15/2017,8:35 p.m.,Domingo,Motocicleta,Particular,Motociclista,Masculino,NO,Sin Registro,Solo Daños,Choque,Otra,Calle 40 G Sur Carrera 25 A,La Mina,Urbana,
2170102,01/15/2017,8:35 p.m.,Domingo,Motocicleta,Particular,Motociclista,Femenino,NO,Sin Registro,Solo Daños,Choque,Otra,Calle 40 G Sur Carrera 25 A,La Mina,Urbana,
2170102,01/15/2017,8:35 p.m.,Domingo,Motocicleta,Particular,Motociclista,Femenino,NO,Sin Registro,Solo Daños,Choque,Otra,Calle 40 G Sur Carrera 25 A,La Mina,Urbana,
2170089,01/15/2017,1:50 p.m.,Domingo,Camioneta,Particular,Conductor,Masculino,NO,Sin Registro,Solo Daños,Choque,Otra,Tramo 372 Kilometro  7,Vereda Palmas,Rural,
2170088,01/15/2017,2:50 p.m.,Domingo,Automovil,Particular,Conductor,Masculino,NO,Sin Registro,Solo Daños,Choque,No mantener distancia de seguridad,Calle 30  Sur Carrera 50,Las Vegas,Urbana,
2170088,01/15/2017,2:50 p.m.,Domingo,Motocicleta,Particular,Motociclista,Masculino,NO,Sin Registro,Solo Daños,Choque,No mantener distancia de seguridad,Calle 30  Sur Carrera 50,Las Vegas,Urbana,
2170101,01/16/2017,4:00 p.m.,Lunes,Automovil,Particular,Conductor,Masculino,NO,Sin Registro,Solo Daños,Choque,Otra,Calle 39  Sur Carrera 27 B,El Chinguí,Urbana,"(6.159217585, -75.57883462)"
2170099,01/16/2017,1:00 p.m.,Lunes,Camioneta,Publico,Conductor,Masculino,NO,Sin Registro,Solo Daños,Choque,Otra,Calle 38  Sur Carrera 40,Zona Centro,Urbana,"(6.16879573, -75.58588978)"
2170099,01/16/2017,1:00 p.m.,Lunes,Automovil,Particular,Conductor,Masculino,NO,Sin Registro,Solo Daños,Choque,Otra,Calle 38  Sur Carrera 40,Zona Centro,Urbana,"(6.16879573, -75.58588978)"
2170101,01/16/2017,4:00 p.m.,Lunes,Motocicleta,Particular,Motociclista,Masculino,NO,Sin Registro,Solo Daños,Choque,Otra,Calle 39  Sur Carrera 27 B,El Chinguí,Urbana,"(6.159217585, -75.57883462)"
2170109,01/16/2017,2:00 p.m.,Lunes,Motocicleta,Particular,Motociclista,Femenino,NO,Sin Registro,Herido,Otro,Otra,Tramo 372 Kilometro  14,Vereda Palmas,Rural,