RADICADO,FECHA,HORA,DÍA DE LA SEMANA,CLASE DE VEHICULO,TIPO DE SERVICIO,TIPO DE VICTIMA,SEXO,ESTADO DE BEODEZ,RESULTADO DE BEODEZ,GRAVEDAD,CLASE DE ACCIDENTE,CAUSA,DIRECCIÓN,BARRIO,AREA,Coordenadas
2170106,01/16/2017,12:00 p.m.,Lunes,Camioneta,Particular,Conductor,Masculino,NO,Sin Registro,Solo Daños,Choque,Otra,Calle 25  Sur Carrera 48,Las Vegas,Urbana,
2170106,01/16/2017,12:00 p.m.,Lunes,Automovil,Publico,Conductor,Masculino,NO,Sin Registro,Solo Daños,Choque,Otra,Calle 25  Sur Carrera 48,Las Vegas,Urbana,
2170093,01/16/2017,1:15 p.m.,Lunes,Automovil,Particular,Conductor,Masculino,NO,Sin Registro,Solo Daños,Choque,Otra,Calle 41 B Sur Carrera 26,San Rafael,Urbana,"(6.158002923, -75.58440376)"
2170093,01/16/2017,1:15 p.m.,Lunes,Automovil,Particular,Conductor,Masculino,NO,Sin Registro,Solo Daños,Choque,Otra,Calle 41 B Sur Carrera 26,San Rafael,Urbana,"(6.158002923, -75.58440376)"
2170091,01/16/2017,6:25 a.m.,Lunes,Automovil,Publico,Conductor,Masculino,NO,Sin Registro,Solo Daños,Choque,Otra,Tramo 372 Kilometro  13,Vereda Palmas,Rural,
2170091,01/16/2017,6:25 a.m.,Lunes,Motocicleta,Particular,Motociclista,Masculino,NO,Sin Registro,Solo Daños,Choque,Otra,Tramo 372 Kilometro  13,Vereda Palmas,Rural,
2170091,01/16/2017,6:25 a.m.,Lunes,Automovil,Particular,Conductor,Masculino,NO,Sin Registro,Solo Daños,Choque,Otra,Tramo 372 Kilometro  13,Vereda Palmas,Rural,
2170083,01/16/2017,5:30 a.m.,Lunes,Bus,Publico,Conductor,Masculino,NO,Sin Registro,Herido,Choque,Otra,Calle 37  Sur Carrera 48,Las Vegas,Urbana,"(6.17412211, -75.59306111)"
2170083,01/16/2017,5:30 a.m.,Lunes,Motocicleta,Particular,Motociclista,Masculino,NO,Sin Registro,Herido,Choque,Otra,Calle 37  Sur Carrera 48,Las Vegas,Urbana,"(6.17412211, -75.59306111)"
2170096,01/16/2017,6:15 p.m.,Lunes,Motocicleta,Particular,Motociclista,Masculino,NO,Sin Registro,Solo Daños,Choque,No mantener distancia de seguridad,Calle 44 B Sur Carrera 42 B,La Paz,Urbana,"(6.164617098, -75.59342426)"
2170096,01/16/2017,6:15 p.m.,Lunes,Automovil,Publico,Conductor,Masculino,NO,Sin Registro,Solo Daños,Choque,No mantener distancia de seguridad,Calle 44 B Sur Carrera 42 B,La Paz,Urbana,"(6.164617098, -75.59342426)"
2170090,01/16/2017,10:30 a.m.,Lunes,Automovil,Particular,Conductor,Masculino,NO,Sin Registro,Solo Daños,Choque,Otra,Calle 37  Sur Carrera 41,Zona Centro,Urbana,"(6.169855492, -75.58619601)"
2170090,01/16/2017,10:30 a.m.,Lunes,Motocicleta,Particular,Motociclista,Masculino,NO,Sin Registro,Solo Daños,Choque,Otra,Calle 37  Sur Carrera 41,Zona Centro,Urbana,"(6.169855492, -75.58619601)"
2170095,01/16/2017,10:30 a.m.,Lunes,Motocicleta,Particular,Motociclista,Masculino,NO,Sin Registro,Solo Daños,Choque,Impericia en el manejo,Calle 44  Sur Carrera 43 A,Primavera,Urbana,"(6.165598746, -75.59402113)"
2170095,01/16/2017,10:30 a.m.,Lunes,Automovil,Particular,Conductor,Masculino,NO,Sin Registro,Solo Daños,Choque,Impericia en el manejo,Calle 44  Sur Carrera 43 A,Primavera,Urbana,"(6.165598746, -75.59402113)"
2170098,01/16/2017,8:55 p.m.,Lunes,Motocicleta,Particular,Motociclista,Masculino,NO,Sin Registro,Herido,Choque,Otra,Calle 41 B Sur Carrera 24 D,San Rafael,Urbana,"(6.153176934, -75.58760244)"
2170098,01/16/2017,8:55 p.m.,Lunes,Motocicleta,Particular,Motociclista,Masculino,NO,Sin Registro,Herido,Choque,Otra,Calle 41 B Sur Carrera 24 D,San Rafael,Urbana,"(6.153176934, -75.58760244)"
2170092,01/16/2017,8:43 a.m.,Lunes,Automovil,Particular,Conductor,Masculino,NO,Sin Registro,Solo Daños,Choque,No respetar pelacion de interseccion o giros,Calle 33 B Sur Carrera 42,Las Vegas,Urbana,"(6.17255447, -75.58554957)"
2170092,01/16/2017,8:43 a.m.,Lunes,Camioneta,Particular,Conductor,Femenino,NO,Sin Registro,Solo Daños,Choque,No respetar pelacion de interseccion o giros,Calle 33 B Sur Carrera 42,Las Vegas,Urbana,"(6.17255447, -75.58554957)"
2170094,01/16/2017,5:35 p.m.,Lunes,Bus,Publico,Conductor,Masculino,NO,Sin Registro,Solo Daños,Choque,Impericia en el manejo,Calle 39  Sur Carrera 41,Zona Centro,Urbana,"(6.167870042, -75.58744871)"
2170094,01/16/2017,5:35 p.m.,Lunes,Bus,Publico,Conductor,Masculino,NO,Sin Registro,Solo Daños,Choque,Impericia en el manejo,Calle 39  Sur Carrera 41,Zona Centro,Urbana,"(6.167870042, -75.58744871)"
2170081,01/16/2017,9:50 a.m.,Lunes,Automovil,Particular,Conductor,Femenino,NO,Sin Registro,Herido,Atropello,Otra,Diagonal 31 A Transversal 34 DD Sur,La Sebastiana,Urbana,"(6.171643894, -75.57975224)"
2170105,01/17/2017,6:00 p.m.,Martes,Automovil,Particular,Conductor,Femenino,NO,Sin Registro,Solo Daños,Choque,Otra,Calle 36  Sur Carrera 25,El Chocho,Urbana,"(6.167194335, -75.56482628)"
2170105,01/17/2017,6:00 p.m.,Martes,Motocicleta,Particular,Motociclista,Masculino,NO,Sin Registro,Solo Daños,Choque,Otra,Calle 36  Sur Carrera 25,El Chocho,Urbana,"(6.167194335, -75.56482628)"
2170128,01/17/2017,4:00 p.m.,Martes,Automovil,Particular,Conductor,Femenino,NO,Sin Registro,Solo Daños,Choque,Otra,Calle 37  Sur Carrera 37,Mesa,Urbana,"(6.168351775, -75.58376911)"
2170128,01/17/2017,4:00 p.m.,Martes,Motocicleta,Particular,Motociclista,Masculino,NO,Sin Registro,Solo Daños,Choque,Otra,Calle 37  Sur Carrera 37,Mesa,Urbana,"(6.168351775, -75.58376911)"
2170128,01/17/2017,4:00 p.m.,Martes,Motocicleta,Particular,Motociclista,Masculino,NO,Sin Registro,Solo Daños,Choque,Otra,Calle 37  Sur Carrera 37,Mesa,Urbana,"(6.168351775, -75.58376911)"
2170110,01/17/2017,5:00 p.m.,Martes,Automovil,Particular,Conductor,Masculino,NO,Sin Registro,Solo Daños,Choque,No respetar prelacion,Calle 37  Sur Carrera 39,Zona Centro,Urbana,"(6.169035546, -75.58484755)"
2170110,01/17/2017,5:00 p.m.,Martes,Camioneta,Publico,Conductor,Masculino,NO,Sin Registro,Solo Daños,Choque,No respetar prelacion,Calle 37  Sur Carrera 39,Zona Centro,Urbana,"(6.169035546, -75.58484755)"
2170121,01/17/2017,1:05 p.m.,Martes,Microbus,Publico,Conductor,Masculino,NO,Sin Registro,Solo Daños,Choque,No mantener distancia de seguridad,Calle 50  Sur Carrera 48,Las Vegas,Urbana,
2170121,01/17/2017,1:05 p.m.,Martes,Automovil,Particular,Conductor,Masculino,NO,Sin Registro,Solo Daños,Choque,No mantener distancia de seguridad,Calle 50  Sur Carrera 48,Las Vegas,Urbana,
2170120,01/17/2017,7:25 p.m.,Martes,Camioneta,Particular,Conductor,Masculino,NO,Sin Registro,Solo Daños,Choque,Otra,Calle 50  Sur Carrera 48,Las Vegas,Urbana,
2170120,01/17/2017,7:25 p.m.,Martes,Motocicleta,Particular,Motociclista,Masculino,NO,Sin Registro,Solo Daños,Choque,Otra,Calle 50  Sur Carrera 48,Las Vegas,Urbana,
2170100,01/17/2017,7:15 a.m.,Martes,Camioneta,Particular,Conductor,Masculino,NO,Sin Registro,Solo Daños,Choque,Otra,Calle 30  Sur Carrera 43 A,Jardines,Urbana,"(6.177126039, -75.5852509)"
2170100,01/17/2017,7:15 a.m.,Martes,Automovil,Particular,Conductor,Femenino,NO,Sin Registro,Solo Daños,Choque,Otra,Calle 30  Sur Carrera 43 A,Jardines,Urbana,"(6.177126039, -75.5852509)"
2170108,01/17/2017,3:20 p.m.,Martes,Motocicleta,Particular,Motociclista,Masculino,NO,Sin Registro,Herido,Choque,Otra,Tramo 372 Kilometro  11,Vereda Palmas,Rural,
2170108,01/17/2017,3:20 p.m.,Martes,Automovil,Publico,Conductor,Masculino,NO,Sin Registro,Herido,Choque,Otra,Tramo 372 Kilometro  11,Vereda Palmas,Rural,
2170104,01/17/2017,3:30 p.m.,Martes,Camion,Publico,Conductor,Masculino,NO,Sin Registro,Herido,Atropello,Otra,Calle 32 B Sur Carrera 48,Las Vegas,Urbana,"(6.177255701, -75.59003137)"
2170117,01/17/2017,6:19 p.m.,Martes,Automovil,Particular,Conductor,Femenino,NO,Sin Registro,Solo Daños,Choque,Impericia en el manejo,Tramo 371 Kilometro  8,Vereda El Escobero,Rural,
2170117,01/17/2017,6:19 p.m.,Martes,Motocicleta,Particular,Motociclista,Masculino,NO,Sin Registro,Solo Daños,Choque,Impericia en el manejo,Tramo 371 Kilometro  8,Vereda El Escobero,Rural,
2170114,01/17/2017,5:25 p.m.,Martes,Motocicleta,Particular,Motociclista,Masculino,NO,Sin Registro,Herido,Atropello,Otra,Calle 23  Sur Carrera 43 A,Zuñiga,Urbana,"(6.182706228, -75.58032996)"
2170114,01/17/2017,5:25 p.m.,Martes,Automovil,Particular,Conductor,Masculino,NO,Sin Registro,Herido,Atropello,Otra,Calle 23  Sur Carrera 43 A,Zuñiga,Urbana,"(6.182706228, -75.58032996)"
2170103,01/17/2017,11:40 a.m.,Martes,Camioneta,Particular,Conductor,Femenino,NO,Sin Registro,Solo Daños,Choque,No mantener distancia de seguridad,Calle 37  Sur Carrera 50,Las Vegas,Urbana,
2170103,01/17/2017,11:40 a.m.,Martes,Camioneta,Particular,Conductor,Masculino,NO,Sin Registro,Solo Daños,Choque,No mantener distancia de seguridad,Calle 37  Sur Carrera 50,Las Vegas,Urbana,
2170107,01/17/2017,7:40 a.m.,Martes,Campero,Particular,Conductor,Masculino,NO,Sin Registro,Solo Daños,Choque,No mantener distancia de seguridad,Calle 30  Sur Carrera 50,Las Vegas,Urbana,
2170107,01/17/2017,7:40 a.m.,Martes,Camion,Publico,Conductor,Masculino,NO,Sin Registro,Solo Daños,Choque,No mantener distancia de seguridad,Calle 30  Sur Carrera 50,Las Vegas,Urbana,
2170122,01/17/2017,2:45 p.m.,Martes,Automovil,Publico,Conductor,Femenino,NO,Sin Registro,Solo Daños,Choque,No mantener distancia de seguridad,Tramo 372 Kilometro  9,Vereda Palmas,Rural,
2170122,01/17/2017,2:45 p.m.,Martes,Camioneta,Particular,Conductor,Femenino,NO,Sin Registro,Solo Daños,Choque,No mantener distancia de seguridad,Tramo 372 Kilometro  9,Vereda Palmas,Rural,
2170155,01/18/2017,4:00 p.m.,Miércoles,Bus,Publico,Conductor,Masculino,NO,Sin Registro,Solo Daños,Choque,No mantener distancia de seguridad,Carrera 40 Calle 38 A Sur,Zona Centro,Urbana,"(6.167977811, -75.5862794)"
2170155,01/18/2017,4:00 p.m.,Miércoles,Camioneta,Particular,Conductor,Masculino,NO,Sin Registro,Solo Daños,Choque,No mantener distancia de seguridad,Carrera 40 Calle 38 A Sur,Zona Centro,Urbana,"(6.167977811, -75.5862794)"
2170113,01/18/2017,6:10 a.m.,Miércoles,Bus,Publico,Conductor,Masculino,NO,Sin Registro,Herido,Choque,No mantener distancia de seguridad,Calle 25 A Sur Carrera 43 A,Villa Grande,Urbana,"(6.181689385, -75.58241799)"
2170113,01/18/2017,6:10 a.m.,Miércoles,Automovil,Particular,Conductor,Masculino,NO,Sin Registro,Herido,Choque,No mantener distancia de seguridad,Calle 25 A Sur Carrera 43 A,Villa Grande,Urbana,"(6.181689385, -75.58241799)"
2170115,01/18/2017,7:20 p.m.,Miércoles,Automovil,Particular,Conductor,Masculino,NO,Sin Registro,Solo Daños,Choque,Otra,Calle 38  Sur Carrera 48,Las Vegas,Urbana,
2170115,01/18/2017,7:20 p.m.,Miércoles,Automovil,Particular,Conductor,Masculino,NO,Sin Registro,Solo Daños,Choque,Otra,Calle 38  Sur Carrera 48,Las Vegas,Urbana,
2170112,01/18/2017,6:15 a.m.,Miércoles,Automovil,Particular,Conductor,Femenino,NO,Sin Registro,Solo Daños,Choque,Otra,Calle 39  Sur Carrera 49,Las Vegas,Urbana,
2170112,01/18/2017,6:15 a.m.,Miércoles,Bus,Publico,Conductor,Masculino,NO,Sin Registro,Solo Daños,Choque,Otra,Calle 39  Sur Carrera 49,Las Vegas,Urbana,
2170123,01/18/2017,12:15 p.m.,Miércoles,Camioneta,Particular,Conductor,Femenino,NO,Sin Registro,Solo Daños,Choque,Otra,Calle 41 B Sur Carrera 25 A,San Rafael,Urbana,"(6.155059952, -75.58486141)"
2170123,01/18/2017,12:15 p.m.,Miércoles,Camion,Publico,Conductor,Masculino,NO,Sin Registro,Solo Daños,Choque,Otra,Calle 41 B Sur Carrera 25 A,San Rafael,Urbana,"(6.155059952, -75.58486141)"
2170111,01/18/2017,8:20 a.m.,Miércoles,Camioneta,Particular,Conductor,Femenino,NO,Sin Registro,Solo Daños,Choque,Otra,Calle 32 B Sur Carrera 49,Las Vegas,Urbana,"(6.176640341, -75.58918757)"
2170111,01/18/2017,8:20 a.m.,Miércoles,Camion,Publico,Conductor,Masculino,NO,Sin Registro,Solo Daños,Choque,Otra,Calle 32 B Sur Carrera 49,Las Vegas,Urbana,"(6.176640341, -75.58918757)"
2170166,01/18/2017,3:25 p.m.,Miércoles,Microbus,Publico,Conductor,Masculino,NO,Sin Registro,Solo Daños,Choque,Desobedecer senales,Calle 38  Sur Carrera 38,Mesa,Urbana,"(6.16803936, -75.58469435)"
2170166,01/18/2017,3:25 p.m.,Miércoles,Automovil,Publico,Conductor,Masculino,NO,Sin Registro,Solo Daños,Choque,Desobedecer senales,Calle 38  Sur Carrera 38,Mesa,Urbana,"(6.16803936, -75.58469435)"
2170119,01/18/2017,7:40 a.m.,Miércoles,Microbus,Publico,Conductor,Masculino,NO,Sin Registro,Solo Daños,Choque,Otra,Tramo 372 Kilometro  13,Vereda Palmas,Rural,
2170119,01/18/2017,7:40 a.m.,Miércoles,Campero,Particular,Conductor,Masculino,NO,Sin Registro,Solo Daños,Choque,Otra,Tramo 372 Kilometro  13,Vereda Palmas,Rural,
2170135,01/21/2017,8:50 a.m.,Sábado,Automovil,Particular,Conductor,Femenino,NO,Sin Registro,Solo Daños,Choque,Otra,Tramo 372 Kilometro  17,Vereda Palmas,Rural,
2170116,01/18/2017,4:36 p.m.,Miércoles,Automovil,Particular,Conductor,Femenino,NO,Sin Registro,Solo Daños,Choque,Reverso imprudente,Calle 26  Sur Carrera 48,Las Vegas,Urbana,"(6.183423583, -75.58542895)"
2170116,01/18/2017,4:36 p.m.,Miércoles,Automovil,Particular,Conductor,Femenino,NO,Sin Registro,Solo Daños,Choque,Reverso imprudente,Calle 26  Sur Carrera 48,Las Vegas,Urbana,"(6.183423583, -75.58542895)"
2170152,01/18/2017,4:45 p.m.,Miércoles,Camioneta,Particular,Conductor,Masculino,NO,Sin Registro,Solo Daños,Choque,Otra,Tramo 378 Kilometro  17,Vereda Palmas,Rural,
2170152,01/18/2017,4:45 p.m.,Miércoles,Camion,Publico,Conductor,Masculino,NO,Sin Registro,Solo Daños,Choque,Otra,Tramo 378 Kilometro  17,Vereda Palmas,Rural,
2170118,01/18/2017,9:45 a.m.,Miércoles,Motocicleta,Particular,Motociclista,Masculino,NO,Sin Registro,Solo Daños,Choque,Otra,Tramo 372 Kilometro  11,Vereda Palmas,Rural,
2170118,01/18/2017,9:45 a.m.,Miércoles,Automovil,Particular,Conductor,Masculino,NO,Sin Registro,Solo Daños,Choque,Otra,Tramo 372 Kilometro  11,Vereda Palmas,Rural,
2170124,01/19/2017,7:20 a.m.,Jueves,Automovil,Particular,Conductor,Masculino,NO,Sin Registro,Solo Daños,Choque,Otra,Calle 27  Sur Carrera 28,El Esmeraldal,Urbana,"(6.175346318, -75.5745834)"
2170124,01/19/2017,7:20 a.m.,Jueves,Motocicleta,Particular,Motociclista,Masculino,NO,Sin Registro,Solo Daños,Choque,Otra,Calle 27  Sur Carrera 28,El Esmeraldal,Urbana,"(6.175346318, -75.5745834)"
2170167,01/19/2017,1:30 p.m.,Jueves,Microbus,Publico,Conductor,Masculino,NO,Sin Registro,Solo Daños,Choque,Reverso imprudente,Tramo 372 Kilometro  17,Vereda Palmas,Rural,
2170167,01/19/2017,1:30 p.m.,Jueves,Automovil,Particular,Conductor,Masculino,NO,Sin Registro,Solo Daños,Choque,Reverso imprudente,Tramo 372 Kilometro  17,Vereda Palmas,Rural,
2170125,01/19/2017,7:30 a.m.,Jueves,Campero,Particular,Conductor,Femenino,NO,Sin Registro,Solo Daños,Choque,Otra,Tramo 372 Kilometro  9,Vereda Palmas,Rural,
2170125,01/19/2017,7:30 a.m.,Jueves,Motocicleta,Particular,Motociclista,Masculino,NO,Sin Registro,Solo Daños,Choque,Otra,Tramo 372 Kilometro  9,Vereda Palmas,Rural,
2170126,01/19/2017,6:49 a.m.,Jueves,Motocicleta,Particular,Motociclista,Masculino,NO,Sin Registro,Solo Daños,Choque,Otra,Tramo 372 Kilometro  15,Vereda Palmas,Rural,
2170126,01/19/2017,6:49 a.m.,Jueves,Automovil,Particular,Conductor,Masculino,NO,Sin Registro,Solo Daños,Choque,Otra,Tramo 372 Kilometro  15,Vereda Palmas,Rural,
2170143,01/19/2017,5:30 p.m.,Jueves,Camion,Publico,Conductor,Masculino,NO,Sin Registro,Solo Daños,Choque,Otra,Calle 48  Sur Carrera 46,Las Casitas,Urbana,"(6.166195386, -75.59928549)"
2170130,01/19/2017,3:40 p.m.,Jueves,Camioneta,Particular,Conductor,Masculino,NO,Sin Registro,Solo Daños,Choque,No mantener distancia de seguridad,Calle 37  Sur Carrera 50,Las Vegas,Urbana,
2170130,01/19/2017,3:40 p.m.,Jueves,Camioneta,Particular,Conductor,Masculino,NO,Sin Registro,Solo Daños,Choque,No mantener distancia de seguridad,Calle 37  Sur Carrera 50,Las Vegas,Urbana,
2170143,01/19/2017,5:30 p.m.,Jueves,Automovil,Publico,Conductor,Masculino,NO,Sin Registro,Solo Daños,Choque,Otra,Calle 48  Sur Carrera 46,Las Casitas,Urbana,"(6.166195386, -75.59928549)"
2170127,01/19/2017,8:45 a.m.,Jueves,Automovil,Particular,Conductor,Femenino,NO,Sin Registro,Solo Daños,Choque,Reverso imprudente,Tramo 372 Kilometro  15,Vereda Palmas,Rural,
2170127,01/19/2017,8:45 a.m.,Jueves,Camion,Publico,Conductor,Masculino,NO,Sin Registro,Solo Daños,Choque,Reverso imprudente,Tramo 372 Kilometro  15,Vereda Palmas,Rural,
2170133,01/19/2017,12:40 p.m.,Jueves,Camioneta,Publico,Conductor,Masculino,NO,Sin Registro,Solo Daños,Choque,Adelantar cerrando,Calle 46  Sur Carrera 48,Las Vegas,Urbana,"(6.162824447, -75.59968661)"
2170133,01/19/2017,12:40 p.m.,Jueves,Automovil,Particular,Conductor,Masculino,NO,Sin Registro,Solo Daños,Choque,Adelantar cerrando,Calle 46  Sur Carrera 48,Las Vegas,Urbana,"(6.162824447, -75.59968661)"
2170131,01/19/2017,4:50 p.m.,Jueves,Campero,Particular,Conductor,Masculino,NO,Sin Registro,Solo Daños,Choque,Adelantar invadiendo carril de sentido contrario,Calle 27  Sur Carrera 27,La Inmaculada,Urbana,"(6.17243521, -75.56787192)"
2170131,01/19/2017,4:50 p.m.,Jueves,Motocicleta,Particular,Motociclista,Masculino,NO,Sin Registro,Solo Daños,Choque,Adelantar invadiendo carril de sentido contrario,Calle 27  Sur Carrera 27,La Inmaculada,Urbana,"(6.17243521, -75.56787192)"
2170141,01/19/2017,6:50 p.m.,Jueves,Motocicleta,Particular,Motociclista,Masculino,NO,Sin Registro,Solo Daños,Choque,Impericia en el manejo,Calle 45 A Sur Carrera 39 B,El Trianon,Urbana,"(6.160320892, -75.59000566)"
2170141,01/19/2017,6:50 p.m.,Jueves,Bus,Publico,Conductor,Masculino,NO,Sin Registro,Solo Daños,Choque,Impericia en el manejo,Calle 45 A Sur Carrera 39 B,El Trianon,Urbana,"(6.160320892, -75.59000566)"
2170129,01/19/2017,11:26 p.m.,Jueves,Automovil,Particular,Conductor,Masculino,NO,Sin Registro,Solo Daños,Choque,Desobedecer senales,Calle 38  Sur Carrera 29 A,Mesa,Urbana,"(6.165022576, -75.58071311)"
2170129,01/19/2017,11:26 p.m.,Jueves,Campero,Particular,Conductor,Masculino,NO,Sin Registro,Solo Daños,Choque,Desobedecer senales,Calle 38  Sur Carrera 29 A,Mesa,Urbana,"(6.165022576, -75.58071311)"
2170151,01/20/2017,7:00 p.m.,Viernes,Motocicleta,Particular,Motociclista,Femenino,NO,Sin Registro,Herido,Caida Ocupante,Otra,Diagonal 31 E Transversal 34,Los Naranjos,Urbana,"(6.172689669, -75.57882729)"
2170136,01/20/2017,1:00 p.m.,Viernes,Bus,Publico,Conductor,Masculino,NO,Sin Registro,Herido,Choque,No mantener distancia de seguridad,Calle 40  Sur Carrera 48,Las Vegas,Urbana,"(6.158744179, -75.59459712)"
2170136,01/20/2017,1:00 p.m.,Viernes,Motocicleta,Particular,Motociclista,Masculino,NO,Sin Registro,Herido,Choque,No mantener distancia de seguridad,Calle 40  Sur Carrera 48,Las Vegas,Urbana,"(6.158744179, -75.59459712)"
2170144,01/20/2017,10:00 a.m.,Viernes,Motocicleta,Particular,Motociclista,Masculino,NO,Sin Registro,Herido,Atropello,Otra,Calle 32 A Sur Diagonal 29  Sur,Alto De Misael,Urbana,"(6.174110814, -75.57667852)"
2170150,01/20/2017,7:30 p.m.,Viernes,Camioneta,Publico,Conductor,Masculino,NO,Sin Registro,Solo Daños,Choque,No mantener distancia de seguridad,Tramo 371 Kilometro  10,Vereda Palmas,Rural,
2170150,01/20/2017,7:30 p.m.,Viernes,Motocicleta,Particular,Motociclista,Masculino,NO,Sin Registro,Solo Daños,Choque,No mantener distancia de seguridad,Tramo 371 Kilometro  10,Vereda Palmas,Rural,
2170145,01/20/2017,11:10 a.m.,Viernes,Automovil,Particular,Conductor,Masculino,NO,Sin Registro,Solo Daños,Choque,Otra,Calle 37  Sur Carrera 48,Las Vegas,Urbana,"(6.17412211, -75.59306111)"
2170145,01/20/2017,11:10 a.m.,Viernes,Automovil,Particular,Conductor,Femenino,NO,Sin Registro,Solo Daños,Choque,Otra,Calle 37  Sur Carrera 48,Las Vegas,Urbana,"(6.17412211, -75.59306111)"
2170132,01/20/2017,9:20 a.m.,Viernes,Automovil,Publico,Conductor,Masculino,NO,Sin Registro,Herido,Choque,Otra,Diagonal 33 Transversal 32 A Sur,La Magnolia,Urbana,"(6.174904994, -75.58464858)"
2170132,01/20/2017,9:20 a.m.,Viernes,Motocicleta,Particular,Motociclista,Masculino,NO,Sin Registro,Herido,Choque,Otra,Diagonal 33 Transversal 32 A Sur,La Magnolia,Urbana,"(6.174904994, -75.58464858)"
2170154,01/20/2017,8:10 p.m.,Viernes,Automovil,Particular,Conductor,Femenino,NO,Sin Registro,Solo Daños,Choque,No mantener distancia de seguridad,Calle 37  Sur Carrera 50,Las Vegas,Urbana,
2170154,01/20/2017,8:10 p.m.,Viernes,Automovil,Publico,Conductor,Masculino,NO,Sin Registro,Solo Daños,Choque,No mantener distancia de seguridad,Calle 37  Sur Carrera 50,Las Vegas,Urbana,
2170159,01/20/2017,5:40 a.m.,Viernes,Camion,Particular,Conductor,Masculino,NO,Sin Registro,Herido,Choque,Otra,Calle 25 A Sur Carrera 50,Las Vegas,Urbana,
2170159,01/20/2017,5:40 a.m.,Viernes,Motocicleta,Particular,Motociclista,Masculino,NO,Sin Registro,Herido,Choque,Otra,Calle 25 A Sur Carrera 50,Las Vegas,Urbana,
2170165,01/20/2017,8:30 a.m.,Viernes,Automovil,Particular,Conductor,Femenino,NO,Sin Registro,Solo Daños,Choque,No mantener distancia de seguridad,Carrera 43 B Calle 25 A Sur,Las Orquideas,Urbana,
2170165,01/20/2017,8:30 a.m.,Viernes,Motocicleta,Particular,Motociclista,Masculino,NO,Sin Registro,Solo Daños,Choque,No mantener distancia de seguridad,Carrera 43 B Calle 25 A Sur,Las Orquideas,Urbana,
2170156,01/20/2017,3:40 p.m.,Viernes,Camioneta,Publico,Conductor,Masculino,NO,Sin Registro,Solo Daños,Choque,No mantener distancia de seguridad,Carrera 50 Calle 30  Sur,Las Vegas,Urbana,
2170156,01/20/2017,3:40 p.m.,Viernes,Automovil,Publico,Conductor,Masculino,NO,Sin Registro,Solo Daños,Choque,No mantener distancia de seguridad,Carrera 50 Calle 30  Sur,Las Vegas,Urbana,
2170142,01/20/2017,9:20 p.m.,Viernes,Automovil,Publico,Conductor,Masculino,NO,Sin Registro,Solo Daños,Choque,No mantener distancia de seguridad,Carrera 50 Calle 47  Sur,Las Vegas,Urbana,
2170142,01/20/2017,9:20 p.m.,Viernes,Campero,Particular,Conductor,Masculino,NO,Sin Registro,Solo Daños,Choque,No mantener distancia de seguridad,Carrera 50 Calle 47  Sur,Las Vegas,Urbana,
2170142,01/20/2017,9:20 p.m.,Viernes,Automovil,Publico,Conductor,Masculino,NO,Sin Registro,Solo Daños,Choque,No mantener distancia de seguridad,Carrera 50 Calle 47  Sur,Las Vegas,Urbana,
2170157,01/20/2017,3:50 p.m.,Viernes,Automovil,Particular,Conductor,Masculino,NO,Sin Registro,Solo Daños,Choque,Otra,Carrera 50 Calle 26  Sur,Las Vegas,Urbana,"(6.184812544, -75.58691109)"
2170157,01/20/2017,3:50 p.m.,Viernes,Motocicleta,Particular,Motociclista,Masculino,NO,Sin Registro,Solo Daños,Choque,Otra,Carrera 50 Calle 26  Sur,Las Vegas,Urbana,"(6.184812544, -75.58691109)"
2170158,01/20/2017,2:35 a.m.,Viernes,Motocicleta,Particular,Motociclista,Masculino,SI,3,Herido,Caida Ocupante,Embriaguez o droga,Calle 36 A Sur Carrera 50,Las Vegas,Urbana,
2170160,01/20/2017,5:50 p.m.,Viernes,Camioneta,Particular,Conductor,Masculino,NO,Sin Registro,Herido,Choque,Otra,Calle 39  Sur Carrera 43,Las Vegas,Urbana,"(6.168678771, -75.58876156)"
2170160,01/20/2017,5:50 p.m.,Viernes,Automovil,Particular,Conductor,Masculino,NO,Sin Registro,Herido,Choque,Otra,Calle 39  Sur Carrera 43,Las Vegas,Urbana,"(6.168678771, -75.58876156)"
2170160,01/20/2017,5:50 p.m.,Viernes,Motocicleta,Particular,Motociclista,Masculino,NO,Sin Registro,Herido,Choque,Otra,Calle 39  Sur Carrera 43,Las Vegas,Urbana,"(6.168678771, -75.58876156)"
2170147,01/21/2017,2:00 p.m.,Sábado,Campero,Particular,Conductor,Masculino,NO,Sin Registro,Solo Daños,Choque,Otra,Calle 37  Sur Carrera 42,Zona Centro,Urbana,"(6.17029993, -75.58693548)"
2170147,01/21/2017,2:00 p.m.,Sábado,Camioneta,Particular,Conductor,Masculino,NO,Sin Registro,Solo Daños,Choque,Otra,Calle 37  Sur Carrera 42,Zona Centro,Urbana,"(6.17029993, -75.58693548)"
2170146,01/21/2017,1:05 p.m.,Sábado,Automovil,Particular,Conductor,Masculino,NO,Sin Registro,Herido,Atropello,Otra,Calle 25 AA Sur Carrera 48,Las Vegas,Urbana,"(6.18405129, -75.58478383)"
2170161,01/21/2017,12:00 p.m.,Sábado,Automovil,Publico,Conductor,Masculino,NO,Sin Registro,Solo Daños,Choque,No mantener distancia de seguridad,Carrera 43 A Calle 31  Sur,Jardines,Urbana,"(6.176754685, -75.58546897)"
2170161,01/21/2017,12:00 p.m.,Sábado,Camioneta,Particular,Conductor,Masculino,NO,Sin Registro,Solo Daños,Choque,No mantener distancia de seguridad,Carrera 43 A Calle 31  Sur,Jardines,Urbana,"(6.176754685, -75.58546897)"
2170138,01/21/2017,1:30 p.m.,Sábado,Automovil,Particular,Conductor,Femenino,NO,Sin Registro,Herido,Choque,Otra,Tramo 372 Kilometro  13,Vereda Palmas,Rural,
2170138,01/21/2017,1:30 p.m.,Sábado,Automovil,Particular,Conductor,Masculino,NO,Sin Registro,Herido,Choque,Otra,Tramo 372 Kilometro  13,Vereda Palmas,Rural,