RADICADO,FECHA,HORA,DÍA DE LA SEMANA,CLASE DE VEHICULO,TIPO DE SERVICIO,TIPO DE VICTIMA,SEXO,ESTADO DE BEODEZ,RESULTADO DE BEODEZ,GRAVEDAD,CLASE DE ACCIDENTE,CAUSA,DIRECCIÓN,BARRIO,AREA,Coordenadas
2170137,01/21/2017,8:20 p.m.,Sábado,Campero,Particular,Conductor,Femenino,NO,Sin Registro,Solo Daños,Choque,No mantener distancia de seguridad,Carrera 48 Calle 38  Sur,Las Vegas,Urbana,"(6.172747818, -75.59269817)"
2170153,01/21/2017,4:20 p.m.,Sábado,Camion,Publico,Conductor,Masculino,NO,Sin Registro,Solo Daños,Choque,Otra,Carrera 41 Calle 40 H Sur,El Dorado,Urbana,"(6.164528495, -75.59045106)"
2170153,01/21/2017,4:20 p.m.,Sábado,Automovil,Publico,Conductor,Masculino,NO,Sin Registro,Solo Daños,Choque,Otra,Carrera 41 Calle 40 H Sur,El Dorado,Urbana,"(6.164528495, -75.59045106)"
2170137,01/21/2017,8:20 p.m.,Sábado,Camioneta,Particular,Conductor,Masculino,NO,Sin Registro,Solo Daños,Choque,No mantener distancia de seguridad,Carrera 48 Calle 38  Sur,Las Vegas,Urbana,"(6.172747818, -75.59269817)"
2170148,01/21/2017,5:20 p.m.,Sábado,Automovil,Particular,Conductor,Masculino,NO,Sin Registro,Herido,Choque,Otra,Calle 43  Sur Carrera 50,Las Vegas,Urbana,"(6.159203801, -75.60259496)"
2170148,01/21/2017,5:20 p.m.,Sábado,Camioneta,Particular,Conductor,Masculino,NO,Sin Registro,Herido,Choque,Otra,Calle 43  Sur Carrera 50,Las Vegas,Urbana,"(6.159203801, -75.60259496)"
2170140,01/21/2017,9:00 p.m.,Sábado,Automovil,Particular,Conductor,Masculino,NO,Sin Registro,Solo Daños,Choque,Reverso imprudente,Carrera 40 Calle 47  Sur,El Trianon,Urbana,"(6.159120887, -75.59392794)"
2170140,01/21/2017,9:00 p.m.,Sábado,Motocicleta,Particular,Motociclista,Masculino,NO,Sin Registro,Solo Daños,Choque,Reverso imprudente,Carrera 40 Calle 47  Sur,El Trianon,Urbana,"(6.159120887, -75.59392794)"
2170175,01/21/2017,3:40 a.m.,Sábado,Automovil,Particular,Conductor,Masculino,NO,Sin Registro,Solo Daños,Choque,Otra,Calle 27  Sur Carrera 28,El Esmeraldal,Urbana,"(6.175346318, -75.5745834)"
2170175,01/21/2017,3:40 a.m.,Sábado,Camioneta,Particular,Conductor,Femenino,NO,Sin Registro,Solo Daños,Choque,Otra,Calle 27  Sur Carrera 28,El Esmeraldal,Urbana,"(6.175346318, -75.5745834)"
2170162,01/21/2017,10:50 a.m.,Sábado,Automovil,Particular,Conductor,Masculino,NO,Sin Registro,Solo Daños,Choque,No mantener distancia de seguridad,Calle 37  Sur Carrera 48,Glorieta De Peldar,Urbana,"(6.17412211, -75.59306111)"
2170162,01/21/2017,10:50 a.m.,Sábado,Motocicleta,Particular,Motociclista,Masculino,NO,Sin Registro,Solo Daños,Choque,No mantener distancia de seguridad,Calle 37  Sur Carrera 48,Glorieta De Peldar,Urbana,"(6.17412211, -75.59306111)"
2170174,01/22/2017,7:30 p.m.,Domingo,Automovil,Publico,Conductor,Masculino,NO,Sin Registro,Solo Daños,Choque,Otra,Calle 32 B Sur Carrera 49,Las Vegas,Urbana,"(6.176640341, -75.58918757)"
2170174,01/22/2017,7:30 p.m.,Domingo,Automovil,Particular,Conductor,Masculino,NO,Sin Registro,Solo Daños,Choque,Otra,Calle 32 B Sur Carrera 49,Las Vegas,Urbana,"(6.176640341, -75.58918757)"
2170149,01/22/2017,12:10 p.m.,Domingo,Bus,Publico,Conductor,Masculino,NO,Sin Registro,Solo Daños,Choque,Otra,Calle 31 A Sur Carrera 43 A,San Marcos,Urbana,"(6.17641909, -75.58556133)"
2170149,01/22/2017,12:10 p.m.,Domingo,Automovil,Particular,Conductor,Masculino,NO,Sin Registro,Solo Daños,Choque,Otra,Calle 31 A Sur Carrera 43 A,San Marcos,Urbana,"(6.17641909, -75.58556133)"
2170164,01/22/2017,2:30 p.m.,Domingo,Automovil,Particular,Conductor,Masculino,NO,Sin Registro,Herido,Choque,Otra,Calle 40  Sur Carrera 24,El Salado,Urbana,"(6.147263187, -75.57633575)"
2170164,01/22/2017,2:30 p.m.,Domingo,Bicicleta,Sin Registro,Ciclista,Masculino,NO,Sin Registro,Herido,Choque,Otra,Calle 40  Sur Carrera 24,El Salado,Urbana,"(6.147263187, -75.57633575)"
2170134,01/22/2017,8:50 p.m.,Domingo,Motocicleta,Particular,Motociclista,Masculino,SI,2,Herido,Choque,Embriaguez o droga,Calle 40  Sur Carrera 24,El Salado,Urbana,"(6.147263187, -75.57633575)"
2170170,01/22/2017,5:35 p.m.,Domingo,Automovil,Particular,Conductor,Masculino,NO,Sin Registro,Herido,Atropello,Otra,Tramo 372 Kilometro  14,Vereda Palmas,Rural,
2170172,01/22/2017,4:50 p.m.,Domingo,Camioneta,Particular,Conductor,Masculino,NO,Sin Registro,Solo Daños,Choque,Otra,Carrera 48 Calle 26  Sur,Las Vegas,Urbana,"(6.183318111, -75.58553718)"
2170172,01/22/2017,4:50 p.m.,Domingo,Automovil,Particular,Conductor,Masculino,NO,Sin Registro,Solo Daños,Choque,Otra,Carrera 48 Calle 26  Sur,Las Vegas,Urbana,"(6.183318111, -75.58553718)"
2170139,01/22/2017,2:40 a.m.,Domingo,Automovil,Publico,Conductor,Masculino,NO,Sin Registro,Solo Daños,Choque,Otra,Carrera 42 Calle 33 B Sur,Zona Centro,Urbana,"(6.172431982, -75.58552861)"
2170139,01/22/2017,2:40 a.m.,Domingo,Automovil,Particular,Conductor,Masculino,NO,Sin Registro,Solo Daños,Choque,Otra,Carrera 42 Calle 33 B Sur,Zona Centro,Urbana,"(6.172431982, -75.58552861)"
2170168,01/23/2017,7:00 p.m.,Lunes,Bicicleta,Sin Registro,Ciclista,Masculino,NO,Sin Registro,Herido,Atropello,Otra,Calle 37  Sur Carrera 41,Zona Centro,Urbana,"(6.169855492, -75.58619601)"
2170185,01/23/2017,10:00 a.m.,Lunes,Motocicleta,Particular,Motociclista,Masculino,NO,Sin Registro,Solo Daños,Choque,Otra,Calle 34 DD Sur Carrera 27 F,Las Vegas,Urbana,"(6.1706621, -75.57577272)"
2170185,01/23/2017,10:00 a.m.,Lunes,Automovil,Particular,Conductor,Masculino,NO,Sin Registro,Solo Daños,Choque,Otra,Calle 34 DD Sur Carrera 27 F,Las Vegas,Urbana,"(6.1706621, -75.57577272)"
2170171,01/23/2017,5:15 p.m.,Lunes,Automovil,Particular,Conductor,Masculino,NO,Sin Registro,Solo Daños,Choque,Desobedecer senales,Calle 31  Sur Carrera 45 A,Jardines,Urbana,"(6.17732964, -75.58702584)"
2170171,01/23/2017,5:15 p.m.,Lunes,Motocicleta,Particular,Motociclista,Masculino,NO,Sin Registro,Solo Daños,Choque,Desobedecer senales,Calle 31  Sur Carrera 45 A,Jardines,Urbana,"(6.17732964, -75.58702584)"
2170173,01/23/2017,2:30 p.m.,Lunes,Automovil,Publico,Conductor,Masculino,NO,Sin Registro,Herido,Choque,Otra,Calle 40 H Sur Carrera 42,El Dorado,Urbana,"(6.165615633, -75.59077151)"
2170173,01/23/2017,2:30 p.m.,Lunes,Motocicleta,Particular,Motociclista,Masculino,NO,Sin Registro,Herido,Choque,Otra,Calle 40 H Sur Carrera 42,El Dorado,Urbana,"(6.165615633, -75.59077151)"
2170179,01/23/2017,8:55 a.m.,Lunes,Automovil,Particular,Conductor,Femenino,NO,Sin Registro,Solo Daños,Choque,Otra,Calle 46  Sur Carrera 48,Las Vegas,Urbana,"(6.162824447, -75.59968661)"
2170179,01/23/2017,8:55 a.m.,Lunes,Automovil,Particular,Conductor,Masculino,NO,Sin Registro,Solo Daños,Choque,Otra,Calle 46  Sur Carrera 48,Las Vegas,Urbana,"(6.162824447, -75.59968661)"
2170179,01/23/2017,8:55 a.m.,Lunes,Automovil,Particular,Conductor,Femenino,NO,Sin Registro,Solo Daños,Choque,Otra,Calle 46  Sur Carrera 48,Las Vegas,Urbana,"(6.162824447, -75.59968661)"
2170169,01/23/2017,3:55 p.m.,Lunes,Automovil,Particular,Conductor,Masculino,NO,Sin Registro,Herido,Choque,Adelantar por la derecha,Carrera 48 Calle 39  Sur,Alcala,Urbana,"(6.17163722, -75.59364999)"
2170169,01/23/2017,3:55 p.m.,Lunes,Motocicleta,Particular,Motociclista,Femenino,NO,Sin Registro,Herido,Choque,Adelantar por la derecha,Carrera 48 Calle 39  Sur,Alcala,Urbana,"(6.17163722, -75.59364999)"
2170177,01/24/2017,12:10 p.m.,Martes,Buseta,Publico,Conductor,Masculino,NO,Sin Registro,Solo Daños,Choque,Desobedecer senales,Carrera 31 Calle 39  Sur,Mesa,Urbana,"(6.164231044, -75.58192205)"
2170177,01/24/2017,12:10 p.m.,Martes,Automovil,Publico,Conductor,Masculino,NO,Sin Registro,Solo Daños,Choque,Desobedecer senales,Carrera 31 Calle 39  Sur,Mesa,Urbana,"(6.164231044, -75.58192205)"
2170180,01/24/2017,7:35 a.m.,Martes,Motocicleta,Particular,Motociclista,Masculino,NO,Sin Registro,Herido,Choque,Otra,Carrera 50 Calle 30  Sur,Las Vegas,Urbana,
2170180,01/24/2017,7:35 a.m.,Martes,Motocicleta,Particular,Motociclista,Femenino,NO,Sin Registro,Herido,Choque,Otra,Carrera 50 Calle 30  Sur,Las Vegas,Urbana,
2170176,01/24/2017,2:50 p.m.,Martes,Automovil,Publico,Conductor,Masculino,NO,Sin Registro,Herido,Choque,Otra,Carrera 48 Calle 39  Sur,Las Vegas,Urbana,"(6.17163722, -75.59364999)"
2170176,01/24/2017,2:50 p.m.,Martes,Motocicleta,Particular,Motociclista,Masculino,NO,Sin Registro,Herido,Choque,Otra,Carrera 48 Calle 39  Sur,Las Vegas,Urbana,"(6.17163722, -75.59364999)"
2170178,01/24/2017,10:50 p.m.,Martes,Camioneta,Particular,Conductor,Masculino,NO,Sin Registro,Solo Daños,Choque,Otra,Carrera 50 Calle 37  Sur,Las Vegas,Urbana,
2170195,01/25/2017,5:20 p.m.,Miércoles,Motocicleta,Particular,Motociclista,Femenino,NO,Sin Registro,Herido,Atropello,Otra,Carrera 26 Calle 40 D Sur,La Mina,Urbana,"(6.157016525, -75.58180668)"
2170182,01/25/2017,4:30 p.m.,Miércoles,Camioneta,Particular,Conductor,Masculino,NO,Sin Registro,Solo Daños,Choque,No mantener distancia de seguridad,Carrera 48 Calle 43  Sur,Las Vegas,Urbana,"(6.168335134, -75.59723358)"
2170182,01/25/2017,4:30 p.m.,Miércoles,Camion,Particular,Conductor,Masculino,NO,Sin Registro,Solo Daños,Choque,No mantener distancia de seguridad,Carrera 48 Calle 43  Sur,Las Vegas,Urbana,"(6.168335134, -75.59723358)"
2170182,01/25/2017,4:30 p.m.,Miércoles,Automovil,Particular,Conductor,Femenino,NO,Sin Registro,Solo Daños,Choque,No mantener distancia de seguridad,Carrera 48 Calle 43  Sur,Las Vegas,Urbana,"(6.168335134, -75.59723358)"
2170183,01/25/2017,4:30 p.m.,Miércoles,Motocicleta,Particular,Motociclista,Masculino,NO,Sin Registro,Solo Daños,Choque,No mantener distancia de seguridad,Carrera 48 Calle 30  Sur,Las Vegas,Urbana,"(6.179366643, -75.5880841)"
2170183,01/25/2017,4:30 p.m.,Miércoles,Automovil,Particular,Conductor,Femenino,NO,Sin Registro,Solo Daños,Choque,No mantener distancia de seguridad,Carrera 48 Calle 30  Sur,Las Vegas,Urbana,"(6.179366643, -75.5880841)"
2170181,01/25/2017,1:35 p.m.,Miércoles,Camioneta,Particular,Conductor,Masculino,NO,Sin Registro,Solo Daños,Choque,No mantener distancia de seguridad,Carrera 27 Calle 27  Sur,La Inmaculada,Urbana,"(6.172298689, -75.56780953)"
2170181,01/25/2017,1:35 p.m.,Miércoles,Automovil,Particular,Conductor,Femenino,NO,Sin Registro,Solo Daños,Choque,No mantener distancia de seguridad,Carrera 27 Calle 27  Sur,La Inmaculada,Urbana,"(6.172298689, -75.56780953)"
2170184,01/25/2017,5:25 p.m.,Miércoles,Automovil,Publico,Conductor,Masculino,NO,Sin Registro,Solo Daños,Choque,No mantener distancia de seguridad,Carrera 48 Calle 32  Sur,Las Vegas,Urbana,"(6.177503621, -75.58948538)"
2170190,01/25/2017,12:30 p.m.,Miércoles,Automovil,Particular,Conductor,Femenino,NO,Sin Registro,Solo Daños,Choque,Reverso imprudente,Tramo 372 Kilometro  18,Vereda Palmas,Rural,
2170190,01/25/2017,12:30 p.m.,Miércoles,Automovil,Particular,Conductor,Masculino,NO,Sin Registro,Solo Daños,Choque,Reverso imprudente,Tramo 372 Kilometro  18,Vereda Palmas,Rural,
2170184,01/25/2017,5:25 p.m.,Miércoles,Camioneta,Particular,Conductor,Femenino,NO,Sin Registro,Solo Daños,Choque,No mantener distancia de seguridad,Carrera 48 Calle 32  Sur,Las Vegas,Urbana,"(6.177503621, -75.58948538)"
2170188,01/26/2017,9:00 a.m.,Jueves,Automovil,Particular,Conductor,Femenino,NO,Sin Registro,Herido,Choque,Otra,Calle 46  Sur Carrera 50,Las Vegas,Urbana,
2170188,01/26/2017,9:00 a.m.,Jueves,Automovil,Particular,Conductor,Masculino,NO,Sin Registro,Herido,Choque,Otra,Calle 46  Sur Carrera 50,Las Vegas,Urbana,
2170188,01/26/2017,9:00 a.m.,Jueves,Camioneta,Publico,Conductor,Masculino,NO,Sin Registro,Herido,Choque,Otra,Calle 46  Sur Carrera 50,Las Vegas,Urbana,
2170203,01/26/2017,9:00 a.m.,Jueves,Automovil,Particular,Conductor,Masculino,NO,Sin Registro,Solo Daños,Choque,Adelantar invadiendo carril de sentido contrario,Calle 41  Sur Carrera 25,La Mina,Urbana,"(6.153055964, -75.58446808)"
2170203,01/26/2017,9:00 a.m.,Jueves,Bus,Publico,Conductor,Masculino,NO,Sin Registro,Solo Daños,Choque,Adelantar invadiendo carril de sentido contrario,Calle 41  Sur Carrera 25,La Mina,Urbana,"(6.153055964, -75.58446808)"
2170191,01/26/2017,11:30 a.m.,Jueves,Automovil,Publico,Conductor,Masculino,NO,Sin Registro,Solo Daños,Choque,Otra,Calle 38  Sur Carrera 44,Alcala,Urbana,"(6.170783841, -75.58925878)"
2170191,01/26/2017,11:30 a.m.,Jueves,Motocicleta,Particular,Motociclista,Femenino,NO,Sin Registro,Solo Daños,Choque,Otra,Calle 38  Sur Carrera 44,Alcala,Urbana,"(6.170783841, -75.58925878)"
2170191,01/26/2017,11:30 a.m.,Jueves,Motocicleta,Particular,Motociclista,Masculino,NO,Sin Registro,Solo Daños,Choque,Otra,Calle 38  Sur Carrera 44,Alcala,Urbana,"(6.170783841, -75.58925878)"
2170186,01/26/2017,7:30 a.m.,Jueves,Automovil,Particular,Conductor,Masculino,NO,Sin Registro,Herido,Choque,No mantener distancia de seguridad,Calle 43  Sur Carrera 50,Las Vegas,Urbana,"(6.159203801, -75.60259496)"
2170194,01/26/2017,12:30 p.m.,Jueves,Motocicleta,Particular,Motociclista,Femenino,NO,Sin Registro,Solo Daños,Choque,Otra,Calle 49  Sur Carrera 43 A,Las Vegas,Urbana,"(6.160925818, -75.59998009)"
2170186,01/26/2017,7:30 a.m.,Jueves,Motocicleta,Particular,Motociclista,Masculino,NO,Sin Registro,Herido,Choque,No mantener distancia de seguridad,Calle 43  Sur Carrera 50,Las Vegas,Urbana,"(6.159203801, -75.60259496)"
2170186,01/26/2017,7:30 a.m.,Jueves,Motocicleta,Particular,Motociclista,Masculino,NO,Sin Registro,Herido,Choque,No mantener distancia de seguridad,Calle 43  Sur Carrera 50,Las Vegas,Urbana,"(6.159203801, -75.60259496)"
2170194,01/26/2017,12:30 p.m.,Jueves,Automovil,Particular,Conductor,Masculino,NO,Sin Registro,Solo Daños,Choque,Otra,Calle 49  Sur Carrera 43 A,Las Vegas,Urbana,"(6.160925818, -75.59998009)"
2170192,01/26/2017,3:40 p.m.,Jueves,Motocicleta,Particular,Motociclista,Masculino,NO,Sin Registro,Solo Daños,Choque,Otra,Carrera 43 A Calle 46  Sur,Primavera,Urbana,"(6.164030981, -75.59599263)"
2170192,01/26/2017,3:40 p.m.,Jueves,Automovil,Particular,Conductor,Masculino,NO,Sin Registro,Solo Daños,Choque,Otra,Carrera 43 A Calle 46  Sur,Primavera,Urbana,"(6.164030981, -75.59599263)"
2170193,01/26/2017,9:45 a.m.,Jueves,Bus,Publico,Conductor,Masculino,NO,Sin Registro,Solo Daños,Choque,Otra,Transversal 32 A Sur Diagonal 31 D,La Magnolia,Urbana,"(6.176205136, -75.58100596)"
2170193,01/26/2017,9:45 a.m.,Jueves,Automovil,Particular,Conductor,Masculino,NO,Sin Registro,Solo Daños,Choque,Otra,Transversal 32 A Sur Diagonal 31 D,La Magnolia,Urbana,"(6.176205136, -75.58100596)"
2170189,01/26/2017,2:50 p.m.,Jueves,Automovil,Particular,Conductor,Masculino,NO,Sin Registro,Solo Daños,Choque,No mantener distancia de seguridad,Carrera 42 B Transversal 27 A Sur,La Magnolia,Urbana,"(6.177282566, -75.57983816)"
2170189,01/26/2017,2:50 p.m.,Jueves,Motocicleta,Particular,Motociclista,Masculino,NO,Sin Registro,Solo Daños,Choque,No mantener distancia de seguridad,Carrera 42 B Transversal 27 A Sur,La Magnolia,Urbana,"(6.177282566, -75.57983816)"
2170217,01/27/2017,2:10 p.m.,Viernes,Bus,Publico,Conductor,Masculino,NO,Sin Registro,Solo Daños,Choque,No mantener distancia de seguridad,Carrera 29 Calle 39 B Sur,San Jose,Urbana,"(6.161971924, -75.58161785)"
2170217,01/27/2017,2:10 p.m.,Viernes,Automovil,Publico,Conductor,Masculino,NO,Sin Registro,Solo Daños,Choque,No mantener distancia de seguridad,Carrera 29 Calle 39 B Sur,San Jose,Urbana,"(6.161971924, -75.58161785)"
2170198,01/27/2017,11:15 a.m.,Viernes,Automovil,Particular,Conductor,Masculino,NO,Sin Registro,Solo Daños,Choque,Otra,Carrera 48 Calle 48 CC Sur,Loma Del Barro,Urbana,"(6.164595282, -75.60138041)"
2170198,01/27/2017,11:15 a.m.,Viernes,Camion,Publico,Conductor,Masculino,NO,Sin Registro,Solo Daños,Choque,Otra,Carrera 48 Calle 48 CC Sur,Loma Del Barro,Urbana,"(6.164595282, -75.60138041)"
2170201,01/27/2017,3:15 p.m.,Viernes,Bus,Publico,Conductor,Masculino,NO,Sin Registro,Solo Daños,Choque,Otra,Carrera 41 Calle 22  Sur,Sin Registro,Urbana,"(6.181126008, -75.57675166)"
2170201,01/27/2017,3:15 p.m.,Viernes,Automovil,Particular,Conductor,Masculino,NO,Sin Registro,Solo Daños,Choque,Otra,Carrera 41 Calle 22  Sur,Sin Registro,Urbana,"(6.181126008, -75.57675166)"
2170199,01/27/2017,9:30 a.m.,Viernes,Bus,Publico,Conductor,Masculino,NO,Sin Registro,Solo Daños,Choque,Reverso imprudente,Carrera 49 Calle 37  Sur,Sin Registro,Urbana,
2170199,01/27/2017,9:30 a.m.,Viernes,Motocicleta,Particular,Motociclista,Masculino,NO,Sin Registro,Solo Daños,Choque,Reverso imprudente,Carrera 49 Calle 37  Sur,Sin Registro,Urbana,
2170205,01/27/2017,11:50 a.m.,Viernes,Camioneta,Particular,Conductor,Masculino,NO,Sin Registro,Solo Daños,Choque,No mantener distancia de seguridad,Carrera 24 D Calle 40  Sur,Sin Registro,Urbana,
2170205,01/27/2017,11:50 a.m.,Viernes,Camioneta,Publico,Conductor,Masculino,NO,Sin Registro,Solo Daños,Choque,No mantener distancia de seguridad,Carrera 24 D Calle 40  Sur,Sin Registro,Urbana,
2170216,01/27/2017,9:50 a.m.,Viernes,Campero,Particular,Conductor,Femenino,NO,Sin Registro,Herido,Choque,Otra,Calle 37  Sur Carrera 46 A,Las Vegas,Urbana,"(6.173105489, -75.59126093)"
2170216,01/27/2017,9:50 a.m.,Viernes,Motocicleta,Particular,Motociclista,Masculino,NO,Sin Registro,Herido,Choque,Otra,Calle 37  Sur Carrera 46 A,Las Vegas,Urbana,"(6.173105489, -75.59126093)"
2170207,01/28/2017,8:00 a.m.,Sábado,Automovil,Particular,Conductor,Masculino,NO,Sin Registro,Solo Daños,Choque,Otra,Calle 25 A Sur Carrera 43 A,Las Vegas,Urbana,"(6.181689385, -75.58241799)"
2170207,01/28/2017,8:00 a.m.,Sábado,Camioneta,Particular,Conductor,Masculino,NO,Sin Registro,Solo Daños,Choque,Otra,Calle 25 A Sur Carrera 43 A,Las Vegas,Urbana,"(6.181689385, -75.58241799)"
2170197,01/28/2017,3:00 p.m.,Sábado,Automovil,Particular,Conductor,Femenino,NO,Sin Registro,Solo Daños,Choque,No mantener distancia de seguridad,Carrera 50 Calle 37  Sur,Las Vegas,Urbana,
2170197,01/28/2017,3:00 p.m.,Sábado,Microbus,Publico,Conductor,Masculino,NO,Sin Registro,Solo Daños,Choque,No mantener distancia de seguridad,Carrera 50 Calle 37  Sur,Las Vegas,Urbana,
2170202,01/28/2017,5:00 p.m.,Sábado,Motocicleta,Particular,Motociclista,Masculino,NO,Sin Registro,Solo Daños,Choque,Otra,Calle 40  Sur Carrera 28 B,San Jose,Urbana,"(6.160728003, -75.58142402)"
2170202,01/28/2017,5:00 p.m.,Sábado,Automovil,Particular,Conductor,Masculino,NO,Sin Registro,Solo Daños,Choque,Otra,Calle 40  Sur Carrera 28 B,San Jose,Urbana,"(6.160728003, -75.58142402)"
2170212,01/28/2017,7:30 p.m.,Sábado,Automovil,Publico,Conductor,Masculino,NO,Sin Registro,Solo Daños,Choque,No mantener distancia de seguridad,Carrera 48 Calle 32  Sur,Las Vegas,Urbana,"(6.177503621, -75.58948538)"
2170212,01/28/2017,7:30 p.m.,Sábado,Automovil,Particular,Conductor,Masculino,NO,Sin Registro,Solo Daños,Choque,No mantener distancia de seguridad,Carrera 48 Calle 32  Sur,Las Vegas,Urbana,"(6.177503621, -75.58948538)"
2170215,01/28/2017,9:30 a.m.,Sábado,Automovil,Particular,Conductor,Masculino,NO,Sin Registro,Herido,Volcamiento,Otra,Calle 24  Sur Carrera 43 A,Las Orquideas,Urbana,
2170211,01/28/2017,9:10 p.m.,Sábado,Microbus,Publico,Conductor,Masculino,NO,Sin Registro,Solo Daños,Choque,Otra,Carrera 27 G Calle 36 D Sur,La Magnolia,Urbana,"(6.166212839, -75.57691411)"
2170211,01/28/2017,9:10 p.m.,Sábado,Automovil,Particular,Conductor,Masculino,NO,Sin Registro,Solo Daños,Choque,Otra,Carrera 27 G Calle 36 D Sur,La Magnolia,Urbana,"(6.166212839, -75.57691411)"
2170204,01/28/2017,1:50 p.m.,Sábado,Microbus,Publico,Conductor,Masculino,NO,Sin Registro,Solo Daños,Choque,Otra,Transversal 35 D Sur Diagonal 33,Los Naranjos,Urbana,"(6.168481044, -75.58167277)"
2170204,01/28/2017,1:50 p.m.,Sábado,Automovil,Particular,Conductor,Femenino,NO,Sin Registro,Solo Daños,Choque,Otra,Transversal 35 D Sur Diagonal 33,Los Naranjos,Urbana,"(6.168481044, -75.58167277)"
2170206,01/28/2017,2:40 p.m.,Sábado,Automovil,Particular,Conductor,Masculino,NO,Sin Registro,Solo Daños,Choque,Otra,Carrera 27 Calle 36  Sur,Sin Registro,Urbana,"(6.167009975, -75.56927808)"
2170206,01/28/2017,2:40 p.m.,Sábado,Automovil,Particular,Conductor,Masculino,NO,Sin Registro,Solo Daños,Choque,Otra,Carrera 27 Calle 36  Sur,Sin Registro,Urbana,"(6.167009975, -75.56927808)"
2170210,01/29/2017,5:00 p.m.,Domingo,Microbus,Publico,Conductor,Masculino,NO,Sin Registro,Solo Daños,Choque,Otra,Calle 40  Sur Carrera 1,El Salado,Urbana,
2170210,01/29/2017,5:00 p.m.,Domingo,Automovil,Particular,Conductor,Masculino,NO,Sin Registro,Solo Daños,Choque,Otra,Calle 40  Sur Carrera 1,El Salado,Urbana,
2170200,01/29/2017,2:00 p.m.,Domingo,Automovil,Publico,Conductor,Masculino,NO,Sin Registro,Solo Daños,Choque,No mantener distancia de seguridad,Diagonal 31 E Transversal 34,Las Flores,Urbana,"(6.172689669, -75.57882729)"
2170200,01/29/2017,2:00 p.m.,Domingo,Automovil,Particular,Conductor,Femenino,NO,Sin Registro,Solo Daños,Choque,No mantener distancia de seguridad,Diagonal 31 E Transversal 34,Las Flores,Urbana,"(6.172689669, -75.57882729)"
2170196,01/29/2017,2:15 p.m.,Domingo,Automovil,Particular,Conductor,Masculino,NO,Sin Registro,Solo Daños,Choque,No mantener distancia de seguridad,Transversal 32  Sur Diagonal 31 E,La Magnolia,Urbana,"(6.176862887, -75.580801)"
2170196,01/29/2017,2:15 p.m.,Domingo,Camioneta,Particular,Conductor,Masculino,NO,Sin Registro,Solo Daños,Choque,No mantener distancia de seguridad,Transversal 32  Sur Diagonal 31 E,La Magnolia,Urbana,"(6.176862887, -75.580801)"
2170227,01/29/2017,5:15 p.m.,Domingo,Automovil,Particular,Conductor,Masculino,NO,Sin Registro,Solo Daños,Choque,No mantener distancia de seguridad,Calle 37  Sur Carrera 29,La Pradera,Urbana,"(6.165886877, -75.57955099)"
2170227,01/29/2017,5:15 p.m.,Domingo,Motocicleta,Particular,Motociclista,Masculino,NO,Sin Registro,Solo Daños,Choque,No mantener distancia de seguridad,Calle 37  Sur Carrera 29,La Pradera,Urbana,"(6.165886877, -75.57955099)"
2170213,01/29/2017,4:20 p.m.,Domingo,Motocicleta,Particular,Motociclista,Masculino,NO,Sin Registro,Herido,Caida Ocupante,Otra,Calle 39 B Sur Carrera 27 B,Las Vegas,Urbana,"(6.163900348, -75.58127045)"
2170208,01/29/2017,4:30 a.m.,Domingo,Camioneta,Particular,Conductor,Masculino,NO,Sin Registro,Solo Daños,Choque,No mantener distancia de seguridad,Tramo 371 Kilometro  8,Vereda El Escobero,Rural,
2170208,01/29/2017,4:30 a.m.,Domingo,Motocicleta,Particular,Motociclista,Masculino,NO,Sin Registro,Solo Daños,Choque,No mantener distancia de seguridad,Tramo 371 Kilometro  8,Vereda El Escobero,Rural,
2173147,10/24/2017,6:50 a.m.,Martes,Campero,Particular,Conductor,Femenino,NO,Sin Registro,Herido,Choque,Impericia en el manejo,Tramo 373 Kilometro  12,Vereda Palmas,Rural,
2170209,01/29/2017,5:35 p.m.,Domingo,Camioneta,Particular,Conductor,Masculino,NO,Sin Registro,Solo Daños,Choque,No mantener distancia de seguridad,Tramo 372 Kilometro  9,Vereda Palmas,Rural,
2170209,01/29/2017,5:35 p.m.,Domingo,Camioneta,Particular,Conductor,Masculino,NO,Sin Registro,Solo Daños,Choque,No mantener distancia de seguridad,Tramo 372 Kilometro  9,Vereda Palmas,Rural,
2170224,01/30/2017,2:00 p.m.,Lunes,Bus,Publico,Conductor,Masculino,NO,Sin Registro,Solo Daños,Choque,Reverso imprudente,Calle 37  Sur Carrera 49,Las Vegas,Urbana,"(6.174789471, -75.59420424)"
2170224,01/30/2017,2:00 p.m.,Lunes,Automovil,Publico,Conductor,Masculino,NO,Sin Registro,Solo Daños,Choque,Reverso imprudente,Calle 37  Sur Carrera 49,Las Vegas,Urbana,"(6.174789471, -75.59420424)"
2170220,01/30/2017,6:10 p.m.,Lunes,Bus,Publico,Conductor,Masculino,NO,Sin Registro,Solo Daños,Choque,Otra,Calle 41 A Sur Carrera 29 B,San Jose,Urbana,"(6.159008162, -75.58541326)"
2170220,01/30/2017,6:10 p.m.,Lunes,Automovil,Particular,Conductor,Masculino,NO,Sin Registro,Solo Daños,Choque,Otra,Calle 41 A Sur Carrera 29 B,San Jose,Urbana,"(6.159008162, -75.58541326)"
2170219,01/30/2017,3:25 p.m.,Lunes,Automovil,Publico,Conductor,Femenino,NO,Sin Registro,Solo Daños,Choque,No mantener distancia de seguridad,Carrera 48 Calle 23  Sur,Las Vegas,Urbana,
2170219,01/30/2017,3:25 p.m.,Lunes,Automovil,Particular,Conductor,Masculino,NO,Sin Registro,Solo Daños,Choque,No mantener distancia de seguridad,Carrera 48 Calle 23  Sur,Las Vegas,Urbana,
2170230,01/30/2017,5:20 p.m.,Lunes,Automovil,Particular,Conductor,Masculino,NO,Sin Registro,Solo Daños,Choque,Transitar entre vehiculos,Carrera 48 Calle 25  Sur,Las Vegas,Urbana,"(6.185059174, -75.58329333)"