RADICADO,FECHA,HORA,DÍA DE LA SEMANA,CLASE DE VEHICULO,TIPO DE SERVICIO,TIPO DE VICTIMA,SEXO,ESTADO DE BEODEZ,RESULTADO DE BEODEZ,GRAVEDAD,CLASE DE ACCIDENTE,CAUSA,DIRECCIÓN,BARRIO,AREA,Coordenadas
2170230,01/30/2017,5:20 p.m.,Lunes,Motocicleta,Particular,Motociclista,Masculino,NO,Sin Registro,Solo Daños,Choque,Transitar entre vehiculos,Carrera 48 Calle 25  Sur,Las Vegas,Urbana,"(6.185059174, -75.58329333)"
2170231,01/30/2017,10:30 a.m.,Lunes,Automovil,Particular,Conductor,Masculino,NO,Sin Registro,Solo Daños,Choque,Reverso imprudente,Diagonal 32 B Transversal 34,Obrero,Urbana,"(6.172777915, -75.58223786)"
2170231,01/30/2017,10:30 a.m.,Lunes,Automovil,Particular,Conductor,Masculino,NO,Sin Registro,Solo Daños,Choque,Reverso imprudente,Diagonal 32 B Transversal 34,Obrero,Urbana,"(6.172777915, -75.58223786)"
2170231,01/30/2017,10:30 a.m.,Lunes,Motocicleta,Particular,Motociclista,Femenino,NO,Sin Registro,Solo Daños,Choque,Reverso imprudente,Diagonal 32 B Transversal 34,Obrero,Urbana,"(6.172777915, -75.58223786)"
2170214,01/30/2017,8:40 a.m.,Lunes,Motocicleta,Particular,Motociclista,Masculino,NO,Sin Registro,Solo Daños,Choque,Otra,Diagonal 29 Transversal 32 A Sur,Las Vegas,Urbana,"(6.175050214, -75.57789094)"
2170214,01/30/2017,8:40 a.m.,Lunes,Automovil,Particular,Conductor,Masculino,NO,Sin Registro,Solo Daños,Choque,Otra,Diagonal 29 Transversal 32 A Sur,Las Vegas,Urbana,"(6.175050214, -75.57789094)"
2170218,01/30/2017,3:40 p.m.,Lunes,Bus,Publico,Conductor,Masculino,NO,Sin Registro,Herido,Atropello,Otra,Calle 41 B Sur Carrera 34,El Dorado,Urbana,"(6.16121571, -75.58776935)"
2170228,01/30/2017,5:30 p.m.,Lunes,Automovil,Particular,Conductor,Masculino,NO,Sin Registro,Solo Daños,Choque,No mantener distancia de seguridad,Carrera 43 A Calle 43  Sur,Avenida El Poblado,Urbana,"(6.1654766, -75.59401722)"
2170228,01/30/2017,5:30 p.m.,Lunes,Automovil,Particular,Conductor,Femenino,NO,Sin Registro,Solo Daños,Choque,No mantener distancia de seguridad,Carrera 43 A Calle 43  Sur,Avenida El Poblado,Urbana,"(6.1654766, -75.59401722)"
2170222,01/30/2017,1:55 p.m.,Lunes,Microbus,Publico,Conductor,Masculino,NO,Sin Registro,Solo Daños,Choque,Falta de señales en vehiculo varado,Calle 25  Sur Carrera 43 A,Las Vegas,Urbana,"(6.181560189, -75.58201649)"
2170222,01/30/2017,1:55 p.m.,Lunes,Motocicleta,Particular,Motociclista,Femenino,NO,Sin Registro,Solo Daños,Choque,Falta de señales en vehiculo varado,Calle 25  Sur Carrera 43 A,Las Vegas,Urbana,"(6.181560189, -75.58201649)"
2170248,01/31/2017,7:00 p.m.,Martes,Buseta,Publico,Conductor,Masculino,NO,Sin Registro,Solo Daños,Choque,Adelantar cerrando,Calle 40 F Sur Carrera 32 B,Las Vegas,Urbana,"(6.162643008, -75.58590704)"
2170248,01/31/2017,7:00 p.m.,Martes,Automovil,Publico,Conductor,Masculino,NO,Sin Registro,Solo Daños,Choque,Adelantar cerrando,Calle 40 F Sur Carrera 32 B,Las Vegas,Urbana,"(6.162643008, -75.58590704)"
2170232,01/31/2017,12:00 p.m.,Martes,Automovil,Particular,Conductor,Masculino,NO,Sin Registro,Solo Daños,Choque,Adelantar cerrando,Carrera 50 Calle 43  Sur,Las Vegas,Urbana,
2170232,01/31/2017,12:00 p.m.,Martes,Camion,Publico,Conductor,Masculino,NO,Sin Registro,Solo Daños,Choque,Adelantar cerrando,Carrera 50 Calle 43  Sur,Las Vegas,Urbana,
2170236,01/31/2017,9:15 a.m.,Martes,Campero,Particular,Conductor,Masculino,NO,Sin Registro,Solo Daños,Choque,No mantener distancia de seguridad,Carrera 48 Calle 32 B Sur,Las Vegas,Urbana,"(6.176994311, -75.58984119)"
2170236,01/31/2017,9:15 a.m.,Martes,Camioneta,Particular,Conductor,Masculino,NO,Sin Registro,Solo Daños,Choque,No mantener distancia de seguridad,Carrera 48 Calle 32 B Sur,Las Vegas,Urbana,"(6.176994311, -75.58984119)"
2170233,01/31/2017,7:15 a.m.,Martes,Camion,Publico,Conductor,Masculino,NO,Sin Registro,Solo Daños,Choque,No mantener distancia de seguridad,Tramo 372 Kilometro  16,Vereda Palmas,Rural,
2170233,01/31/2017,7:15 a.m.,Martes,Automovil,Particular,Conductor,Masculino,NO,Sin Registro,Solo Daños,Choque,No mantener distancia de seguridad,Tramo 372 Kilometro  16,Vereda Palmas,Rural,
2170266,01/31/2017,3:20 p.m.,Martes,Camioneta,Particular,Conductor,Femenino,NO,Sin Registro,Solo Daños,Choque,No mantener distancia de seguridad,Tramo 372 Kilometro  16,Vereda Palmas,Rural,
2170266,01/31/2017,3:20 p.m.,Martes,Automovil,Particular,Conductor,Masculino,NO,Sin Registro,Solo Daños,Choque,No mantener distancia de seguridad,Tramo 372 Kilometro  16,Vereda Palmas,Rural,
2170225,01/31/2017,3:30 p.m.,Martes,Camioneta,Particular,Conductor,Masculino,NO,Sin Registro,Solo Daños,Choque,No mantener distancia de seguridad,Calle 39  Sur Carrera 39,Zona Centro,Urbana,"(6.166978259, -75.58604492)"
2170225,01/31/2017,3:30 p.m.,Martes,Motocicleta,Diplomatico,Motociclista,Masculino,NO,Sin Registro,Solo Daños,Choque,No mantener distancia de seguridad,Calle 39  Sur Carrera 39,Zona Centro,Urbana,"(6.166978259, -75.58604492)"
2170221,01/31/2017,12:15 a.m.,Martes,Motocicleta,Particular,Motociclista,Masculino,NO,Sin Registro,Solo Daños,Choque,Otra,Calle 36 D Sur Carrera 24,Vereda El Escobero,Urbana,"(6.157425668, -75.56691387)"
2170221,01/31/2017,12:15 a.m.,Martes,Automovil,Particular,Conductor,Masculino,NO,Sin Registro,Solo Daños,Choque,Otra,Calle 36 D Sur Carrera 24,Vereda El Escobero,Urbana,"(6.157425668, -75.56691387)"
2170223,01/31/2017,6:45 a.m.,Martes,Camion,Publico,Conductor,Masculino,NO,Sin Registro,Solo Daños,Choque,Reverso imprudente,Calle 43  Sur Carrera 48,Las Vegas,Urbana,"(6.168592602, -75.597529)"
2170223,01/31/2017,6:45 a.m.,Martes,Camioneta,Publico,Conductor,Masculino,NO,Sin Registro,Solo Daños,Choque,Reverso imprudente,Calle 43  Sur Carrera 48,Las Vegas,Urbana,"(6.168592602, -75.597529)"
2170242,01/31/2017,11:40 a.m.,Martes,Tractocamion,Publico,Conductor,Masculino,NO,Sin Registro,Herido,Choque,Girar bruscamente,Calle 43  Sur Carrera 50,Las Vegas,Urbana,"(6.159203801, -75.60259496)"
2170242,01/31/2017,11:40 a.m.,Martes,Motocicleta,Particular,Motociclista,Masculino,NO,Sin Registro,Herido,Choque,Girar bruscamente,Calle 43  Sur Carrera 50,Las Vegas,Urbana,"(6.159203801, -75.60259496)"
2170234,01/31/2017,8:50 a.m.,Martes,Sin Registro,Publico,Conductor,Masculino,NO,Sin Registro,Solo Daños,Choque,No mantener distancia de seguridad,Carrera 50 Calle 29  Sur,Las Vegas,Urbana,"(6.182760672, -75.58882785)"
2170234,01/31/2017,8:50 a.m.,Martes,Automovil,Particular,Conductor,Masculino,NO,Sin Registro,Solo Daños,Choque,No mantener distancia de seguridad,Carrera 50 Calle 29  Sur,Las Vegas,Urbana,"(6.182760672, -75.58882785)"
2170234,01/31/2017,8:50 a.m.,Martes,Camioneta,Particular,Conductor,Masculino,NO,Sin Registro,Solo Daños,Choque,No mantener distancia de seguridad,Carrera 50 Calle 29  Sur,Las Vegas,Urbana,"(6.182760672, -75.58882785)"
2170229,01/31/2017,12:50 p.m.,Martes,Automovil,Particular,Conductor,Masculino,NO,Sin Registro,Herido,Choque,Transitar entre vehiculos,Calle 26  Sur Carrera 48,Las Vegas,Urbana,"(6.183423583, -75.58542895)"
2170229,01/31/2017,12:50 p.m.,Martes,Motocicleta,Particular,Motociclista,Masculino,NO,Sin Registro,Herido,Choque,Transitar entre vehiculos,Calle 26  Sur Carrera 48,Las Vegas,Urbana,"(6.183423583, -75.58542895)"
2170226,01/31/2017,5:50 p.m.,Martes,Motocicleta,Particular,Motociclista,Masculino,NO,Sin Registro,Herido,Atropello,Exceso de velocidad,Calle 41 A Sur Carrera 29 B,San Rafael,Urbana,"(6.159008162, -75.58541326)"
2170226,01/31/2017,5:50 p.m.,Martes,Motocicleta,Particular,Motociclista,Masculino,NO,Sin Registro,Herido,Atropello,Cruzar sin observar,Calle 41 A Sur Carrera 29 B,San Rafael,Urbana,"(6.159008162, -75.58541326)"
2170235,01/02/2017,7:00 a.m.,Miércoles,Automovil,Publico,Conductor,Masculino,NO,Sin Registro,Solo Daños,Choque,Desobedecer senales,Carrera 42 Calle 33 B Sur,Zona Centro,Urbana,"(6.172431982, -75.58552861)"
2170235,01/02/2017,7:00 a.m.,Miércoles,Campero,Particular,Conductor,Femenino,NO,Sin Registro,Solo Daños,Choque,Desobedecer senales,Carrera 42 Calle 33 B Sur,Zona Centro,Urbana,"(6.172431982, -75.58552861)"
2170237,01/02/2017,11:00 a.m.,Miércoles,Camion,Publico,Conductor,Masculino,NO,Sin Registro,Solo Daños,Choque,No mantener distancia de seguridad,Calle 37  Sur Carrera 50,Las Vegas,Urbana,
2170237,01/02/2017,11:00 a.m.,Miércoles,Camioneta,Publico,Conductor,Masculino,NO,Sin Registro,Solo Daños,Choque,No mantener distancia de seguridad,Calle 37  Sur Carrera 50,Las Vegas,Urbana,
2170243,01/02/2017,4:00 a.m.,Miércoles,Camioneta,Particular,Conductor,Masculino,NO,Sin Registro,Solo Daños,Choque,Exceso de velocidad,Calle 46 E Sur Carrera 42,La Paz,Urbana,"(6.161931332, -75.59358495)"
2170239,01/02/2017,7:05 a.m.,Miércoles,Bus,Publico,Conductor,Masculino,NO,Sin Registro,Solo Daños,Choque,Semaforo en rojo,Carrera 48 Calle 40  Sur,Las Vegas,Urbana,"(6.168855316, -75.59688767)"
2170239,01/02/2017,7:05 a.m.,Miércoles,Camioneta,Particular,Conductor,Masculino,NO,Sin Registro,Solo Daños,Choque,Semaforo en rojo,Carrera 48 Calle 40  Sur,Las Vegas,Urbana,"(6.168855316, -75.59688767)"
2170245,01/02/2017,9:10 a.m.,Miércoles,Automovil,Particular,Conductor,Masculino,NO,Sin Registro,Solo Daños,Choque,No mantener distancia de seguridad,Carrera 48 Calle 30  Sur,Las Vegas,Urbana,"(6.179366643, -75.5880841)"
2170245,01/02/2017,9:10 a.m.,Miércoles,Automovil,Particular,Conductor,Masculino,NO,Sin Registro,Solo Daños,Choque,No mantener distancia de seguridad,Carrera 48 Calle 30  Sur,Las Vegas,Urbana,"(6.179366643, -75.5880841)"
2170262,01/02/2017,1:15 p.m.,Miércoles,Automovil,Particular,Conductor,Masculino,NO,Sin Registro,Solo Daños,Choque,Adelantar cerrando,Carrera 50 Calle 25 A Sur,Las Vegas,Urbana,"(6.186515998, -75.58512541)"
2170262,01/02/2017,1:15 p.m.,Miércoles,Camion,Publico,Conductor,Masculino,NO,Sin Registro,Solo Daños,Choque,Adelantar cerrando,Carrera 50 Calle 25 A Sur,Las Vegas,Urbana,"(6.186515998, -75.58512541)"
2170241,01/02/2017,2:30 p.m.,Miércoles,Motocicleta,Particular,Motociclista,Masculino,NO,Sin Registro,Solo Daños,Choque,Desobedecer senales,Carrera 32 Calle 39 B Sur,San Jose,Urbana,"(6.163798053, -75.58289727)"
2170241,01/02/2017,2:30 p.m.,Miércoles,Camioneta,Particular,Conductor,Masculino,NO,Sin Registro,Solo Daños,Choque,Desobedecer senales,Carrera 32 Calle 39 B Sur,San Jose,Urbana,"(6.163798053, -75.58289727)"
2170253,01/02/2017,9:30 a.m.,Miércoles,Automovil,Particular,Conductor,Masculino,NO,Sin Registro,Solo Daños,Choque,No mantener distancia de seguridad,Calle 39  Sur Carrera 50,Las Vegas,Urbana,
2170253,01/02/2017,9:30 a.m.,Miércoles,Camion,Publico,Conductor,Masculino,NO,Sin Registro,Solo Daños,Choque,No mantener distancia de seguridad,Calle 39  Sur Carrera 50,Las Vegas,Urbana,
2170244,01/02/2017,2:30 p.m.,Miércoles,Automovil,Publico,Conductor,Masculino,NO,Sin Registro,Solo Daños,Choque,Desobedecer senales,Carrera 49 Calle 38  Sur,Sin Registro,Urbana,
2170244,01/02/2017,2:30 p.m.,Miércoles,Motocicleta,Particular,Motociclista,Masculino,NO,Sin Registro,Solo Daños,Choque,Desobedecer senales,Carrera 49 Calle 38  Sur,Sin Registro,Urbana,
2170265,01/02/2017,1:40 p.m.,Miércoles,Motocicleta,Particular,Motociclista,Femenino,NO,Sin Registro,Herido,Choque,Exceso de velocidad,Carrera 48 Calle 30  Sur,Las Vegas,Urbana,"(6.179366643, -75.5880841)"
2170265,01/02/2017,1:40 p.m.,Miércoles,Motocicleta,Particular,Motociclista,Masculino,NO,Sin Registro,Herido,Choque,Exceso de velocidad,Carrera 48 Calle 30  Sur,Las Vegas,Urbana,"(6.179366643, -75.5880841)"
2170238,01/02/2017,6:50 a.m.,Miércoles,Camion,Publico,Conductor,Masculino,NO,Sin Registro,Solo Daños,Choque,No respetar prelacion,Carrera 48 Calle 46  Sur,Las Vegas,Urbana,"(6.166195386, -75.59928549)"
2170238,01/02/2017,6:50 a.m.,Miércoles,Automovil,Particular,Conductor,Masculino,NO,Sin Registro,Solo Daños,Choque,No respetar prelacion,Carrera 48 Calle 46  Sur,Las Vegas,Urbana,"(6.166195386, -75.59928549)"
2170247,01/02/2017,9:07 p.m.,Miércoles,Buseta,Publico,Conductor,Masculino,NO,Sin Registro,Solo Daños,Choque,No respetar prelacion,Carrera 43 A Calle 37  Sur,Avenida El Poblado,Urbana,"(6.171024704, -75.5881647)"
2170247,01/02/2017,9:07 p.m.,Miércoles,Camioneta,Particular,Conductor,Femenino,NO,Sin Registro,Solo Daños,Choque,No respetar prelacion,Carrera 43 A Calle 37  Sur,Avenida El Poblado,Urbana,"(6.171024704, -75.5881647)"
2170249,01/02/2017,1:45 p.m.,Miércoles,Automovil,Particular,Conductor,Masculino,NO,Sin Registro,Solo Daños,Choque,No mantener distancia de seguridad,Calle 31  Sur Carrera 48,Las Vegas,Urbana,
2170249,01/02/2017,1:45 p.m.,Miércoles,Automovil,Particular,Conductor,Masculino,NO,Sin Registro,Solo Daños,Choque,No mantener distancia de seguridad,Calle 31  Sur Carrera 48,Las Vegas,Urbana,
2170254,01/02/2017,6:40 p.m.,Miércoles,Campero,Particular,Conductor,Masculino,NO,Sin Registro,Herido,Atropello,Exceso de velocidad,Tramo 372 Kilometro  12,Vereda Palmas,Rural,
2170254,01/02/2017,6:40 p.m.,Miércoles,Campero,Particular,Conductor,Masculino,NO,Sin Registro,Herido,Atropello,Cruzar sin observar,Tramo 372 Kilometro  12,Vereda Palmas,Rural,
2170246,02/02/2017,1:00 a.m.,Jueves,Camioneta,Particular,Conductor,Masculino,NO,Sin Registro,Solo Daños,Choque,Impericia en el manejo,Calle 39 D Sur Carrera 24 D,El Salado,Urbana,"(6.154343948, -75.57802149)"
2170257,02/02/2017,5:00 p.m.,Jueves,Automovil,Particular,Conductor,Masculino,NO,Sin Registro,Solo Daños,Choque,Adelantar cerrando,Calle 21  Sur Carrera 41,Zuñiga,Urbana,"(6.182165945, -75.57677668)"
2170257,02/02/2017,5:00 p.m.,Jueves,Automovil,Publico,Conductor,Masculino,NO,Sin Registro,Solo Daños,Choque,Adelantar cerrando,Calle 21  Sur Carrera 41,Zuñiga,Urbana,"(6.182165945, -75.57677668)"
2170302,02/02/2017,6:15 a.m.,Jueves,Microbus,Publico,Conductor,Masculino,NO,Sin Registro,Solo Daños,Choque,Adelantar cerrando,Calle 38  Sur Carrera 33,Mesa,Urbana,"(6.166254397, -75.58212883)"
2170302,02/02/2017,6:15 a.m.,Jueves,Microbus,Publico,Conductor,Masculino,NO,Sin Registro,Solo Daños,Choque,Adelantar cerrando,Calle 38  Sur Carrera 33,Mesa,Urbana,"(6.166254397, -75.58212883)"
2170256,02/02/2017,3:10 p.m.,Jueves,Camion,Publico,Conductor,Masculino,NO,Sin Registro,Solo Daños,Choque,Reverso imprudente,Carrera 48 Calle 26  Sur,Las Vegas,Urbana,"(6.183318111, -75.58553718)"
2170256,02/02/2017,3:10 p.m.,Jueves,Camion,Publico,Conductor,Masculino,NO,Sin Registro,Solo Daños,Choque,Reverso imprudente,Carrera 48 Calle 26  Sur,Las Vegas,Urbana,"(6.183318111, -75.58553718)"
2170259,02/02/2017,3:10 p.m.,Jueves,Buldozer Rnma,Especial,Conductor,Masculino,NO,Sin Registro,Solo Daños,Choque,Impericia en el manejo,Calle 26 A Sur Carrera 42 A,Las Orquideas,Urbana,"(6.177324883, -75.57942368)"
2170251,02/02/2017,6:30 a.m.,Jueves,Automovil,Publico,Conductor,Masculino,NO,Sin Registro,Solo Daños,Choque,No respetar prelacion,Calle 37  Sur Carrera 48,Las Vegas,Urbana,"(6.17412211, -75.59306111)"
2170251,02/02/2017,6:30 a.m.,Jueves,Bicicleta,Sin Registro,Ciclista,Masculino,NO,Sin Registro,Solo Daños,Choque,No respetar prelacion,Calle 37  Sur Carrera 48,Las Vegas,Urbana,"(6.17412211, -75.59306111)"
2170278,03/02/2017,2:00 p.m.,Viernes,Motocicleta,Particular,Motociclista,Masculino,NO,Sin Registro,Herido,Choque,Exceso de velocidad,Tramo 372 Kilometro  14,Vereda Palmas,Rural,
2170288,02/02/2017,7:48 p.m.,Jueves,Automovil,Particular,Conductor,Femenino,NO,Sin Registro,Solo Daños,Choque,Adelantar por la derecha,Calle 45 A Sur Carrera 42,La Paz,Urbana,"(6.163477254, -75.59336385)"
2170288,02/02/2017,7:48 p.m.,Jueves,Motocicleta,Particular,Motociclista,Masculino,NO,Sin Registro,Solo Daños,Choque,Adelantar por la derecha,Calle 45 A Sur Carrera 42,La Paz,Urbana,"(6.163477254, -75.59336385)"
2170261,02/02/2017,6:30 a.m.,Jueves,Automovil,Particular,Conductor,Femenino,NO,Sin Registro,Solo Daños,Choque,Otra,Carrera 29 A Calle 39  Sur,San Jose,Urbana,"(6.163897984, -75.58087718)"
2170261,02/02/2017,6:30 a.m.,Jueves,Automovil,Publico,Conductor,Masculino,NO,Sin Registro,Solo Daños,Choque,Otra,Carrera 29 A Calle 39  Sur,San Jose,Urbana,"(6.163897984, -75.58087718)"
2170255,02/02/2017,2:10 p.m.,Jueves,Buseta,Publico,Conductor,Masculino,NO,Sin Registro,Solo Daños,Choque,Impericia en el manejo,Calle 40 B Sur Carrera 39 A,El Dorado,Urbana,"(6.165386968, -75.58718501)"
2170255,02/02/2017,2:10 p.m.,Jueves,Automovil,Publico,Conductor,Masculino,NO,Sin Registro,Solo Daños,Choque,Impericia en el manejo,Calle 40 B Sur Carrera 39 A,El Dorado,Urbana,"(6.165386968, -75.58718501)"
2170250,02/02/2017,11:15 a.m.,Jueves,Automovil,Particular,Conductor,Femenino,NO,Sin Registro,Solo Daños,Choque,No mantener distancia de seguridad,Calle 38  Sur Carrera 41,Zona Centro,Urbana,"(6.169244976, -75.58658807)"
2170269,02/02/2017,5:10 p.m.,Jueves,Camioneta,Particular,Conductor,Masculino,NO,Sin Registro,Solo Daños,Choque,Girar bruscamente,Tramo 372 Kilometro  14,Vereda Palmas,Rural,
2170250,02/02/2017,11:15 a.m.,Jueves,Motocicleta,Particular,Motociclista,Masculino,NO,Sin Registro,Solo Daños,Choque,No mantener distancia de seguridad,Calle 38  Sur Carrera 41,Zona Centro,Urbana,"(6.169244976, -75.58658807)"
2170269,02/02/2017,5:10 p.m.,Jueves,Automovil,Particular,Conductor,Femenino,NO,Sin Registro,Solo Daños,Choque,Girar bruscamente,Tramo 372 Kilometro  14,Vereda Palmas,Rural,
2170252,02/02/2017,9:25 a.m.,Jueves,Campero,Particular,Conductor,Masculino,NO,Sin Registro,Solo Daños,Choque,No mantener distancia de seguridad,Calle 19  Sur Carrera 48,Las Vegas,Urbana,
2170252,02/02/2017,9:25 a.m.,Jueves,Automovil,Particular,Conductor,Masculino,NO,Sin Registro,Solo Daños,Choque,No mantener distancia de seguridad,Calle 19  Sur Carrera 48,Las Vegas,Urbana,
2170283,02/02/2017,5:25 p.m.,Jueves,Automovil,Publico,Conductor,Masculino,NO,Sin Registro,Solo Daños,Choque,No mantener distancia de seguridad,Carrera 48 Calle 35 A Sur,Las Vegas,Urbana,"(6.174372875, -75.59153184)"
2170283,02/02/2017,5:25 p.m.,Jueves,Camioneta,Particular,Conductor,Femenino,NO,Sin Registro,Solo Daños,Choque,No mantener distancia de seguridad,Carrera 48 Calle 35 A Sur,Las Vegas,Urbana,"(6.174372875, -75.59153184)"
2170260,02/02/2017,5:30 p.m.,Jueves,Microbus,Publico,Conductor,Masculino,NO,Sin Registro,Solo Daños,Choque,Adelantar cerrando,Calle 33 B Sur Carrera 43,Zona Centro,Urbana,"(6.172981087, -75.58607623)"
2170260,02/02/2017,5:30 p.m.,Jueves,Buseta,Publico,Conductor,Masculino,NO,Sin Registro,Solo Daños,Choque,Adelantar cerrando,Calle 33 B Sur Carrera 43,Zona Centro,Urbana,"(6.172981087, -75.58607623)"
2170293,02/02/2017,2:35 p.m.,Jueves,Campero,Particular,Conductor,Masculino,NO,Sin Registro,Solo Daños,Choque,No mantener distancia de seguridad,Carrera 48 Calle 30  Sur,Las Vegas,Urbana,"(6.179366643, -75.5880841)"
2170293,02/02/2017,2:35 p.m.,Jueves,Motocicleta,Particular,Motociclista,Masculino,NO,Sin Registro,Solo Daños,Choque,No mantener distancia de seguridad,Carrera 48 Calle 30  Sur,Las Vegas,Urbana,"(6.179366643, -75.5880841)"
2170263,02/02/2017,9:30 p.m.,Jueves,Motocicleta,Particular,Motociclista,Masculino,NO,Sin Registro,Herido,Atropello,Cruzar sin observar,Carrera 43 A Calle 35  Sur,Zona Centro,Urbana,"(6.172381022, -75.58730875)"
2170310,03/02/2017,4:00 p.m.,Viernes,Motocicleta,Particular,Motociclista,Masculino,NO,Sin Registro,Herido,Choque,Transitar entre vehiculos,Calle 48 F Sur Carrera 40,Las Vegas,Urbana,"(6.15689527, -75.59787058)"
2170310,03/02/2017,4:00 p.m.,Viernes,Motocicleta,Particular,Motociclista,Masculino,NO,Sin Registro,Herido,Choque,Transitar entre vehiculos,Calle 48 F Sur Carrera 40,Las Vegas,Urbana,"(6.15689527, -75.59787058)"
2170298,03/02/2017,2:00 a.m.,Viernes,Automovil,Particular,Conductor,Masculino,NO,Sin Registro,Solo Daños,Choque,Exceso de velocidad,Tramo 372 Kilometro  14,Vereda Palmas,Rural,
2170278,03/02/2017,2:00 p.m.,Viernes,Camioneta,Particular,Conductor,Masculino,NO,Sin Registro,Herido,Choque,Exceso de velocidad,Tramo 372 Kilometro  14,Vereda Palmas,Rural,
2170275,03/02/2017,7:20 p.m.,Viernes,Motocicleta,Particular,Motociclista,Masculino,NO,Sin Registro,Herido,Atropello,Cruzar sin observar,Calle 34 DD Sur Carrera 28,Las Vegas,Urbana,"(6.170939487, -75.5766906)"
2170274,03/02/2017,9:10 a.m.,Viernes,Camioneta,Particular,Conductor,Masculino,NO,Sin Registro,Solo Daños,Choque,No mantener distancia de seguridad,Carrera 50 Calle 30  Sur,Las Vegas,Urbana,
2170274,03/02/2017,9:10 a.m.,Viernes,Camioneta,Particular,Conductor,Masculino,NO,Sin Registro,Solo Daños,Choque,No mantener distancia de seguridad,Carrera 50 Calle 30  Sur,Las Vegas,Urbana,
2170274,03/02/2017,9:10 a.m.,Viernes,Automovil,Particular,Conductor,Femenino,NO,Sin Registro,Solo Daños,Choque,No mantener distancia de seguridad,Carrera 50 Calle 30  Sur,Las Vegas,Urbana,
2170274,03/02/2017,9:10 a.m.,Viernes,Automovil,Particular,Conductor,Masculino,NO,Sin Registro,Solo Daños,Choque,No mantener distancia de seguridad,Carrera 50 Calle 30  Sur,Las Vegas,Urbana,
2170274,03/02/2017,9:10 a.m.,Viernes,Camion,Publico,Conductor,Masculino,NO,Sin Registro,Solo Daños,Choque,No mantener distancia de seguridad,Carrera 50 Calle 30  Sur,Las Vegas,Urbana,
2170669,03/02/2017,11:15 a.m.,Viernes,Automovil,Particular,Conductor,Masculino,NO,Sin Registro,Solo Daños,Choque,Otra,Diagonal 39 Transversal 34 A Sur,Las Vegas,Urbana,"(6.171956921, -75.58429679)"
2170669,03/02/2017,11:15 a.m.,Viernes,Automovil,Particular,Conductor,Masculino,NO,Sin Registro,Solo Daños,Choque,Otra,Diagonal 39 Transversal 34 A Sur,Las Vegas,Urbana,"(6.171956921, -75.58429679)"
2170287,03/02/2017,3:20 p.m.,Viernes,Automovil,Particular,Conductor,Masculino,NO,Sin Registro,Solo Daños,Choque,Poner en marcha un vehiculo sin precauci,Carrera 27 Calle 36  Sur,La Inmaculada,Urbana,"(6.167009975, -75.56927808)"
2170287,03/02/2017,3:20 p.m.,Viernes,Camioneta,Particular,Conductor,Masculino,NO,Sin Registro,Solo Daños,Choque,Poner en marcha un vehiculo sin precauci,Carrera 27 Calle 36  Sur,La Inmaculada,Urbana,"(6.167009975, -75.56927808)"
2170294,03/02/2017,5:15 p.m.,Viernes,Automovil,Particular,Conductor,Masculino,NO,Sin Registro,Solo Daños,Choque,Transitar entre vehiculos,Calle 25 A Sur Carrera 48,Las Vegas,Urbana,"(6.185202689, -75.58358718)"
2170294,03/02/2017,5:15 p.m.,Viernes,Motocicleta,Particular,Motociclista,Masculino,NO,Sin Registro,Solo Daños,Choque,Transitar entre vehiculos,Calle 25 A Sur Carrera 48,Las Vegas,Urbana,"(6.185202689, -75.58358718)"
2170286,03/02/2017,5:17 p.m.,Viernes,Automovil,Particular,Conductor,Masculino,NO,Sin Registro,Herido,Choque,Semaforo en rojo,Calle 25 AA Sur Carrera 48,Las Vegas,Urbana,"(6.18405129, -75.58478383)"
2170286,03/02/2017,5:17 p.m.,Viernes,Motocicleta,Particular,Motociclista,Masculino,NO,Sin Registro,Herido,Choque,Semaforo en rojo,Calle 25 AA Sur Carrera 48,Las Vegas,Urbana,"(6.18405129, -75.58478383)"
2170281,03/02/2017,8:40 p.m.,Viernes,Bus,Publico,Conductor,Masculino,NO,Sin Registro,Herido,Choque,No respetar prelacion,Calle 37  Sur Carrera 36,Mesa,Urbana,"(6.168044613, -75.58323697)"
2170281,03/02/2017,8:40 p.m.,Viernes,Motocicleta,Particular,Motociclista,Masculino,NO,Sin Registro,Herido,Choque,No respetar prelacion,Calle 37  Sur Carrera 36,Mesa,Urbana,"(6.168044613, -75.58323697)"
2170305,03/02/2017,9:30 a.m.,Viernes,Automovil,Particular,Conductor,Femenino,NO,Sin Registro,Herido,Volcamiento,Exceso de velocidad,Tramo 371 Kilometro  3,Vereda El Escobero,Rural,
2170276,03/02/2017,9:40 p.m.,Viernes,Automovil,Particular,Conductor,Masculino,NO,Sin Registro,Solo Daños,Choque,No mantener distancia de seguridad,Carrera 29 A Calle 38  Sur,Sin Registro,Urbana,"(6.16496822, -75.58082836)"
2170276,03/02/2017,9:40 p.m.,Viernes,Automovil,Particular,Conductor,Masculino,NO,Sin Registro,Solo Daños,Choque,No mantener distancia de seguridad,Carrera 29 A Calle 38  Sur,Sin Registro,Urbana,"(6.16496822, -75.58082836)"
2170291,03/02/2017,6:45 p.m.,Viernes,Automovil,Particular,Conductor,Masculino,NO,Sin Registro,Solo Daños,Choque,No respetar prelacion,Carrera 48 Calle 38  Sur,Glorieta De Peldar,Urbana,"(6.172747818, -75.59269817)"