RADICADO,FECHA,HORA,DÍA DE LA SEMANA,CLASE DE VEHICULO,TIPO DE SERVICIO,TIPO DE VICTIMA,SEXO,ESTADO DE BEODEZ,RESULTADO DE BEODEZ,GRAVEDAD,CLASE DE ACCIDENTE,CAUSA,DIRECCIÓN,BARRIO,AREA,Coordenadas
2170291,03/02/2017,6:45 p.m.,Viernes,Camion,Publico,Conductor,Masculino,NO,Sin Registro,Solo Daños,Choque,No respetar prelacion,Carrera 48 Calle 38  Sur,Glorieta De Peldar,Urbana,"(6.172747818, -75.59269817)"
2170279,03/02/2017,10:00 p.m.,Viernes,Automovil,Particular,Conductor,Masculino,NO,Sin Registro,Solo Daños,Choque,No mantener distancia de seguridad,Tramo 371 Kilometro  10,Vereda Palmas,Rural,
2170279,03/02/2017,10:00 p.m.,Viernes,Automovil,Particular,Conductor,Masculino,NO,Sin Registro,Solo Daños,Choque,No mantener distancia de seguridad,Tramo 371 Kilometro  10,Vereda Palmas,Rural,
2170279,03/02/2017,10:00 p.m.,Viernes,Automovil,Particular,Conductor,Masculino,NO,Sin Registro,Solo Daños,Choque,No mantener distancia de seguridad,Tramo 371 Kilometro  10,Vereda Palmas,Rural,
2170279,03/02/2017,10:00 p.m.,Viernes,Automovil,Publico,Conductor,Masculino,NO,Sin Registro,Solo Daños,Choque,No mantener distancia de seguridad,Tramo 371 Kilometro  10,Vereda Palmas,Rural,
2170295,03/02/2017,10:00 p.m.,Viernes,Automovil,Particular,Conductor,Masculino,NO,Sin Registro,Solo Daños,Choque,No mantener distancia de seguridad,Calle 46 A Sur Carrera 50,Las Vegas,Urbana,
2170295,03/02/2017,10:00 p.m.,Viernes,Tractocamion,Publico,Conductor,Masculino,NO,Sin Registro,Solo Daños,Choque,No mantener distancia de seguridad,Calle 46 A Sur Carrera 50,Las Vegas,Urbana,
2170297,03/02/2017,10:00 p.m.,Viernes,Motocicleta,Particular,Motociclista,Masculino,NO,Sin Registro,Solo Daños,Choque,No mantener distancia de seguridad,Calle 46 A Sur Carrera 50,Las Vegas,Urbana,
2170297,03/02/2017,10:00 p.m.,Viernes,Automovil,Particular,Conductor,Masculino,NO,Sin Registro,Solo Daños,Choque,No mantener distancia de seguridad,Calle 46 A Sur Carrera 50,Las Vegas,Urbana,
2170285,03/02/2017,10:10 p.m.,Viernes,Automovil,Particular,Conductor,Femenino,NO,Sin Registro,Solo Daños,Choque,Adelantar cerrando,Calle 25  Sur Carrera 43 A,Avenida El Poblado,Urbana,"(6.181560189, -75.58201649)"
2170285,03/02/2017,10:10 p.m.,Viernes,Automovil,Publico,Conductor,Masculino,NO,Sin Registro,Solo Daños,Choque,Adelantar cerrando,Calle 25  Sur Carrera 43 A,Avenida El Poblado,Urbana,"(6.181560189, -75.58201649)"
2170258,03/02/2017,12:45 a.m.,Viernes,Automovil,Particular,Conductor,Masculino,NO,Sin Registro,Solo Daños,Volcamiento,Exceso de velocidad,Carrera 48 Calle 49  Sur,Las Vegas,Urbana,"(6.162978079, -75.60240161)"
2170272,03/02/2017,11:25 p.m.,Viernes,Motocicleta,Particular,Motociclista,Masculino,NO,Sin Registro,Solo Daños,Choque,No mantener distancia de seguridad,Carrera 42 Calle 25  Sur,Zuñiga,Urbana,
2170272,03/02/2017,11:25 p.m.,Viernes,Camioneta,Particular,Conductor,Femenino,NO,Sin Registro,Solo Daños,Choque,No mantener distancia de seguridad,Carrera 42 Calle 25  Sur,Zuñiga,Urbana,
2170280,04/02/2017,5:00 p.m.,Sábado,Camioneta,Particular,Conductor,Masculino,NO,Sin Registro,Solo Daños,Choque,Exceso de velocidad,Tramo 371 Kilometro  0,Vereda El Escobero,Rural,
2170280,04/02/2017,5:00 p.m.,Sábado,Automovil,Particular,Conductor,Masculino,NO,Sin Registro,Solo Daños,Choque,Exceso de velocidad,Tramo 371 Kilometro  0,Vereda El Escobero,Rural,
2170309,04/02/2017,10:00 a.m.,Sábado,Automovil,Publico,Conductor,Masculino,NO,Sin Registro,Solo Daños,Choque,No mantener distancia de seguridad,Calle 37  Sur Carrera 46,Alcala,Urbana,"(6.172613713, -75.59090911)"
2170309,04/02/2017,10:00 a.m.,Sábado,Sin Registro,Publico,Conductor,Masculino,NO,Sin Registro,Solo Daños,Choque,No mantener distancia de seguridad,Calle 37  Sur Carrera 46,Alcala,Urbana,"(6.172613713, -75.59090911)"
2170267,04/02/2017,2:00 p.m.,Sábado,Automovil,Particular,Conductor,Masculino,NO,Sin Registro,Solo Daños,Choque,No mantener distancia de seguridad,Tramo 371 Kilometro  11,Vereda Palmas,Rural,
2170267,04/02/2017,2:00 p.m.,Sábado,Camion,Publico,Conductor,Masculino,NO,Sin Registro,Solo Daños,Choque,No mantener distancia de seguridad,Tramo 371 Kilometro  11,Vereda Palmas,Rural,
2170289,04/02/2017,7:20 p.m.,Sábado,Automovil,Particular,Conductor,Masculino,NO,Sin Registro,Solo Daños,Choque,No respetar prelacion,Carrera 48 Calle 43  Sur,Las Vegas,Urbana,"(6.168335134, -75.59723358)"
2170289,04/02/2017,7:20 p.m.,Sábado,Camion,Publico,Conductor,Masculino,NO,Sin Registro,Solo Daños,Choque,No respetar prelacion,Carrera 48 Calle 43  Sur,Las Vegas,Urbana,"(6.168335134, -75.59723358)"
2170268,04/02/2017,1:15 p.m.,Sábado,Camioneta,Oficial,Conductor,Masculino,NO,Sin Registro,Solo Daños,Choque,Poner en marcha un vehiculo sin precauci,Tramo 372 Kilometro  16,Vereda Palmas,Rural,
2170268,04/02/2017,1:15 p.m.,Sábado,Camioneta,Particular,Conductor,Masculino,NO,Sin Registro,Solo Daños,Choque,Poner en marcha un vehiculo sin precauci,Tramo 372 Kilometro  16,Vereda Palmas,Rural,
2170282,04/02/2017,2:10 p.m.,Sábado,Motocicleta,Particular,Motociclista,Masculino,NO,Sin Registro,Herido,Atropello,Transitar entre vehiculos,Calle 46  Sur Carrera 48,Las Vegas,Urbana,"(6.162824447, -75.59968661)"
2170301,04/02/2017,8:00 p.m.,Sábado,Automovil,Particular,Conductor,Masculino,NO,Sin Registro,Solo Daños,Choque,Adelantar por la derecha,Calle 27 D Sur Carrera 27,El Esmeraldal,Urbana,"(6.169224506, -75.57173816)"
2170301,04/02/2017,8:00 p.m.,Sábado,Motocicleta,Particular,Motociclista,Masculino,NO,Sin Registro,Solo Daños,Choque,Adelantar por la derecha,Calle 27 D Sur Carrera 27,El Esmeraldal,Urbana,"(6.169224506, -75.57173816)"
2170292,04/02/2017,1:30 p.m.,Sábado,Motocicleta,Particular,Motociclista,Masculino,NO,Sin Registro,Solo Daños,Choque,No mantener distancia de seguridad,Calle 29  Sur Carrera 50,Las Vegas,Urbana,
2170292,04/02/2017,1:30 p.m.,Sábado,Automovil,Particular,Conductor,Masculino,NO,Sin Registro,Solo Daños,Choque,No mantener distancia de seguridad,Calle 29  Sur Carrera 50,Las Vegas,Urbana,
2170292,04/02/2017,1:30 p.m.,Sábado,Motocicleta,Particular,Motociclista,Masculino,NO,Sin Registro,Solo Daños,Choque,No mantener distancia de seguridad,Calle 29  Sur Carrera 50,Las Vegas,Urbana,
2170271,04/02/2017,8:20 p.m.,Sábado,Automovil,Particular,Conductor,Masculino,NO,Sin Registro,Solo Daños,Choque,No respetar prelacion,Calle 39  Sur Carrera 35,Mesa,Urbana,"(6.165647651, -75.58402953)"
2170271,04/02/2017,8:20 p.m.,Sábado,Automovil,Particular,Conductor,Femenino,NO,Sin Registro,Solo Daños,Choque,No respetar prelacion,Calle 39  Sur Carrera 35,Mesa,Urbana,"(6.165647651, -75.58402953)"
2170300,04/02/2017,12:25 p.m.,Sábado,Camioneta,Particular,Conductor,Masculino,NO,Sin Registro,Herido,Atropello,Reverso imprudente,Calle 46  Sur Carrera 46,Primavera,Urbana,"(6.164633401, -75.59668961)"
2170273,04/02/2017,11:45 a.m.,Sábado,Automovil,Particular,Conductor,Femenino,NO,Sin Registro,Herido,Choque,No mantener distancia de seguridad,Calle 26  Sur Carrera 50,Las Vegas,Urbana,
2170273,04/02/2017,11:45 a.m.,Sábado,Motocicleta,Particular,Motociclista,Masculino,NO,Sin Registro,Herido,Choque,No mantener distancia de seguridad,Calle 26  Sur Carrera 50,Las Vegas,Urbana,
2170273,04/02/2017,11:45 a.m.,Sábado,Automovil,Particular,Conductor,Masculino,NO,Sin Registro,Herido,Choque,No mantener distancia de seguridad,Calle 26  Sur Carrera 50,Las Vegas,Urbana,
2170273,04/02/2017,11:45 a.m.,Sábado,Automovil,Particular,Conductor,Masculino,NO,Sin Registro,Herido,Choque,No mantener distancia de seguridad,Calle 26  Sur Carrera 50,Las Vegas,Urbana,
2170284,04/02/2017,6:45 p.m.,Sábado,Bus,Publico,Conductor,Masculino,NO,Sin Registro,Herido,Choque,Impericia en el manejo,Carrera 48 Calle 39 B Sur,Las Vegas,Urbana,"(6.170456638, -75.59483004)"
2170284,04/02/2017,6:45 p.m.,Sábado,Automovil,Particular,Conductor,Masculino,NO,Sin Registro,Herido,Choque,Impericia en el manejo,Carrera 48 Calle 39 B Sur,Las Vegas,Urbana,"(6.170456638, -75.59483004)"
2170277,04/02/2017,5:40 p.m.,Sábado,Automovil,Particular,Conductor,Femenino,NO,Sin Registro,Solo Daños,Choque,No mantener distancia de seguridad,Carrera 49 Calle 39  Sur,Mesa,Urbana,"(6.173609359, -75.59707057)"
2170277,04/02/2017,5:40 p.m.,Sábado,Automovil,Publico,Conductor,Masculino,NO,Sin Registro,Solo Daños,Choque,No mantener distancia de seguridad,Carrera 49 Calle 39  Sur,Mesa,Urbana,"(6.173609359, -75.59707057)"
2170270,04/02/2017,4:50 p.m.,Sábado,Campero,Particular,Conductor,Femenino,NO,Sin Registro,Solo Daños,Choque,No mantener distancia de seguridad,Tramo 372 Kilometro  15,Vereda Palmas,Rural,
2170270,04/02/2017,4:50 p.m.,Sábado,Automovil,Publico,Conductor,Masculino,NO,Sin Registro,Solo Daños,Choque,No mantener distancia de seguridad,Tramo 372 Kilometro  15,Vereda Palmas,Rural,
2170311,05/02/2017,5:00 p.m.,Domingo,Automovil,Particular,Conductor,Masculino,NO,Sin Registro,Solo Daños,Choque,Otra,Tramo 375 Kilometro  900,Vereda Pantanillo,Rural,
2170311,05/02/2017,5:00 p.m.,Domingo,Campero,Particular,Conductor,Masculino,NO,Sin Registro,Solo Daños,Choque,Otra,Tramo 375 Kilometro  900,Vereda Pantanillo,Rural,
2170290,05/02/2017,4:05 p.m.,Domingo,Automovil,Particular,Conductor,Masculino,NO,Sin Registro,Solo Daños,Choque,Desobedecer senales,Calle 37  Sur Carrera 35,Mesa,Urbana,"(6.167699744, -75.58270755)"
2170290,05/02/2017,4:05 p.m.,Domingo,Campero,Particular,Conductor,Masculino,NO,Sin Registro,Solo Daños,Choque,Desobedecer senales,Calle 37  Sur Carrera 35,Mesa,Urbana,"(6.167699744, -75.58270755)"
2170304,05/02/2017,2:10 a.m.,Domingo,Campero,Particular,Conductor,Femenino,NO,Sin Registro,Solo Daños,Choque,Desobedecer senales,Calle 36 D Sur Carrera 27 D,Vereda El Escobero,Urbana,"(6.164970853, -75.57463727)"
2170670,05/02/2017,8:15 p.m.,Domingo,Automovil,Publico,Conductor,Sin Registro,NO,Sin Registro,Solo Daños,Choque,Otra,Calle 50  Sur Carrera 48,Las Vegas,Urbana,
2170670,05/02/2017,8:15 p.m.,Domingo,Automovil,Particular,Conductor,Masculino,NO,Sin Registro,Solo Daños,Choque,Otra,Calle 50  Sur Carrera 48,Las Vegas,Urbana,
2170299,05/02/2017,8:45 p.m.,Domingo,Motocicleta,Particular,Motociclista,Femenino,NO,Sin Registro,Herido,Choque,No respetar prelacion,Calle 46 A Sur Carrera 42 B,La Paz,Urbana,"(6.161603623, -75.59385214)"
2170299,05/02/2017,8:45 p.m.,Domingo,Automovil,Publico,Conductor,Masculino,NO,Sin Registro,Herido,Choque,No respetar prelacion,Calle 46 A Sur Carrera 42 B,La Paz,Urbana,"(6.161603623, -75.59385214)"
2170308,05/02/2017,3:40 p.m.,Domingo,Camioneta,Particular,Conductor,Masculino,NO,Sin Registro,Solo Daños,Choque,No mantener distancia de seguridad,Tramo 372 Kilometro  13,Vereda Palmas,Rural,
2170308,05/02/2017,3:40 p.m.,Domingo,Automovil,Publico,Conductor,Masculino,NO,Sin Registro,Solo Daños,Choque,No mantener distancia de seguridad,Tramo 372 Kilometro  13,Vereda Palmas,Rural,
2170296,05/02/2017,2:50 p.m.,Domingo,Automovil,Particular,Conductor,Femenino,NO,Sin Registro,Solo Daños,Choque,No mantener distancia de seguridad,Carrera 48 Calle 46  Sur,Las Vegas,Urbana,"(6.166195386, -75.59928549)"
2170296,05/02/2017,2:50 p.m.,Domingo,Camioneta,Particular,Conductor,Masculino,NO,Sin Registro,Solo Daños,Choque,No mantener distancia de seguridad,Carrera 48 Calle 46  Sur,Las Vegas,Urbana,"(6.166195386, -75.59928549)"
2170306,06/02/2017,5:00 p.m.,Lunes,Automovil,Publico,Conductor,Masculino,NO,Sin Registro,Solo Daños,Choque,Poner en marcha un vehiculo sin precauci,Calle 45 C Sur Carrera 46 A,Primavera,Urbana,"(6.164965043, -75.59640003)"
2170306,06/02/2017,5:00 p.m.,Lunes,Automovil,Particular,Conductor,Masculino,NO,Sin Registro,Solo Daños,Choque,Poner en marcha un vehiculo sin precauci,Calle 45 C Sur Carrera 46 A,Primavera,Urbana,"(6.164965043, -75.59640003)"
2170323,06/02/2017,7:05 a.m.,Lunes,Motocicleta,Particular,Motociclista,Masculino,NO,Sin Registro,Solo Daños,Choque,No mantener distancia de seguridad,Carrera 48 Calle 25  Sur,Las Vegas,Urbana,"(6.185059174, -75.58329333)"
2170323,06/02/2017,7:05 a.m.,Lunes,Camioneta,Particular,Conductor,Masculino,NO,Sin Registro,Solo Daños,Choque,No mantener distancia de seguridad,Carrera 48 Calle 25  Sur,Las Vegas,Urbana,"(6.185059174, -75.58329333)"
2170312,06/02/2017,1:20 p.m.,Lunes,Automovil,Publico,Conductor,Masculino,NO,Sin Registro,Solo Daños,Choque,No mantener distancia de seguridad,Calle 19  Sur Carrera 48,Las Vegas,Urbana,
2170312,06/02/2017,1:20 p.m.,Lunes,Automovil,Particular,Conductor,Femenino,NO,Sin Registro,Solo Daños,Choque,No mantener distancia de seguridad,Calle 19  Sur Carrera 48,Las Vegas,Urbana,
2170312,06/02/2017,1:20 p.m.,Lunes,Automovil,Particular,Conductor,Masculino,NO,Sin Registro,Solo Daños,Choque,No mantener distancia de seguridad,Calle 19  Sur Carrera 48,Las Vegas,Urbana,
2170472,02/18/2017,12:40 a.m.,Sábado,Campero,Particular,Conductor,Masculino,SI,3,Solo Daños,Choque,Embriaguez o droga,Calle 27  Sur Carrera 28,Las Vegas,Urbana,"(6.175346318, -75.5745834)"
2170325,06/02/2017,7:20 a.m.,Lunes,Microbus,Publico,Conductor,Masculino,NO,Sin Registro,Solo Daños,Choque,No mantener distancia de seguridad,Carrera 48 Calle 25 AA Sur,Las Vegas,Urbana,"(6.183765745, -75.58469035)"
2170325,06/02/2017,7:20 a.m.,Lunes,Automovil,Particular,Conductor,Femenino,NO,Sin Registro,Solo Daños,Choque,No mantener distancia de seguridad,Carrera 48 Calle 25 AA Sur,Las Vegas,Urbana,"(6.183765745, -75.58469035)"
2170328,06/02/2017,2:20 p.m.,Lunes,Campero,Particular,Conductor,Femenino,NO,Sin Registro,Solo Daños,Choque,Impericia en el manejo,Diagonal 32 D Transversal 32 A,La Magnolia,Urbana,"(6.175128619, -75.58398566)"
2170328,06/02/2017,2:20 p.m.,Lunes,Camion,Publico,Conductor,Masculino,NO,Sin Registro,Solo Daños,Choque,Impericia en el manejo,Diagonal 32 D Transversal 32 A,La Magnolia,Urbana,"(6.175128619, -75.58398566)"
2170307,06/02/2017,3:30 p.m.,Lunes,Bus,Publico,Conductor,Masculino,NO,Sin Registro,Solo Daños,Choque,Poner en marcha un vehiculo sin precauci,Calle 36 D Sur Carrera 27,Vereda El Escobero,Urbana,"(6.162479576, -75.57022257)"
2170307,06/02/2017,3:30 p.m.,Lunes,Camion,Particular,Conductor,Masculino,NO,Sin Registro,Solo Daños,Choque,Poner en marcha un vehiculo sin precauci,Calle 36 D Sur Carrera 27,Vereda El Escobero,Urbana,"(6.162479576, -75.57022257)"
2170326,06/02/2017,8:30 a.m.,Lunes,Motocicleta,Particular,Motociclista,Masculino,NO,Sin Registro,Solo Daños,Choque,Otra,Calle 36 D Sur Carrera 27,Vereda El Escobero,Urbana,"(6.162479576, -75.57022257)"
2170326,06/02/2017,8:30 a.m.,Lunes,Camioneta,Particular,Conductor,Femenino,NO,Sin Registro,Solo Daños,Choque,Otra,Calle 36 D Sur Carrera 27,Vereda El Escobero,Urbana,"(6.162479576, -75.57022257)"
2170322,06/02/2017,4:30 p.m.,Lunes,Camioneta,Particular,Conductor,Masculino,NO,Sin Registro,Solo Daños,Choque,No respetar prelacion,Carrera 29 Calle 38  Sur,Sin Registro,Urbana,
2170322,06/02/2017,4:30 p.m.,Lunes,Campero,Particular,Conductor,Masculino,NO,Sin Registro,Solo Daños,Choque,No respetar prelacion,Carrera 29 Calle 38  Sur,Sin Registro,Urbana,
2170327,06/02/2017,12:30 p.m.,Lunes,Camion,Particular,Conductor,Masculino,NO,Sin Registro,Solo Daños,Choque,Transitar entre vehiculos,Calle 35  Sur Carrera 39,Obrero,Urbana,"(6.170534598, -75.58418107)"
2170327,06/02/2017,12:30 p.m.,Lunes,Automovil,Particular,Conductor,Femenino,NO,Sin Registro,Solo Daños,Choque,Desobedecer senales,Calle 35  Sur Carrera 39,Obrero,Urbana,"(6.170534598, -75.58418107)"
2170327,06/02/2017,12:30 p.m.,Lunes,Automovil,Particular,Conductor,Femenino,NO,Sin Registro,Solo Daños,Choque,Transitar entre vehiculos,Calle 35  Sur Carrera 39,Obrero,Urbana,"(6.170534598, -75.58418107)"
2170327,06/02/2017,12:30 p.m.,Lunes,Motocicleta,Particular,Motociclista,Masculino,NO,Sin Registro,Solo Daños,Choque,Desobedecer senales,Calle 35  Sur Carrera 39,Obrero,Urbana,"(6.170534598, -75.58418107)"
2170327,06/02/2017,12:30 p.m.,Lunes,Motocicleta,Particular,Motociclista,Masculino,NO,Sin Registro,Solo Daños,Choque,Transitar entre vehiculos,Calle 35  Sur Carrera 39,Obrero,Urbana,"(6.170534598, -75.58418107)"
2170327,06/02/2017,12:30 p.m.,Lunes,Camion,Particular,Conductor,Masculino,NO,Sin Registro,Solo Daños,Choque,Desobedecer senales,Calle 35  Sur Carrera 39,Obrero,Urbana,"(6.170534598, -75.58418107)"
2170331,06/02/2017,3:40 p.m.,Lunes,Campero,Particular,Conductor,Femenino,NO,Sin Registro,Herido,Atropello,Semaforo en rojo,Calle 38 A Sur Carrera 42,Zona Centro,Urbana,"(6.169022232, -75.58772239)"
2170330,06/02/2017,8:50 a.m.,Lunes,Automovil,Particular,Conductor,Masculino,NO,Sin Registro,Herido,Atropello,Desobedecer senales,Calle 39  Sur Carrera 47 A,Alcala,Urbana,"(6.171457478, -75.593353)"
2170330,06/02/2017,8:50 a.m.,Lunes,Motocicleta,Particular,Motociclista,Masculino,NO,Sin Registro,Herido,Atropello,Desobedecer senales,Calle 39  Sur Carrera 47 A,Alcala,Urbana,"(6.171457478, -75.593353)"
2170321,06/02/2017,4:50 p.m.,Lunes,Automovil,Particular,Conductor,Masculino,NO,Sin Registro,Solo Daños,Choque,No mantener distancia de seguridad,Carrera 50 Calle 37  Sur,Las Vegas,Urbana,
2170324,06/02/2017,2:45 p.m.,Lunes,Automovil,Publico,Conductor,Masculino,NO,Sin Registro,Solo Daños,Choque,Transitar entre vehiculos,Carrera 48 Calle 46  Sur,Las Vegas,Urbana,"(6.166195386, -75.59928549)"
2170321,06/02/2017,4:50 p.m.,Lunes,Motocicleta,Particular,Motociclista,Femenino,NO,Sin Registro,Solo Daños,Choque,No mantener distancia de seguridad,Carrera 50 Calle 37  Sur,Las Vegas,Urbana,
2170321,06/02/2017,4:50 p.m.,Lunes,Automovil,Particular,Conductor,Masculino,NO,Sin Registro,Solo Daños,Choque,No mantener distancia de seguridad,Carrera 50 Calle 37  Sur,Las Vegas,Urbana,
2170324,06/02/2017,2:45 p.m.,Lunes,Motocicleta,Particular,Motociclista,Masculino,NO,Sin Registro,Solo Daños,Choque,Transitar entre vehiculos,Carrera 48 Calle 46  Sur,Las Vegas,Urbana,"(6.166195386, -75.59928549)"
2170303,06/02/2017,12:45 a.m.,Lunes,Automovil,Particular,Conductor,Masculino,NO,Sin Registro,Herido,Choque,Impericia en el manejo,Calle 40 B Sur Carrera 42,El Dorado,Urbana,"(6.167192582, -75.58882705)"
2170314,07/02/2017,4:00 p.m.,Martes,Automovil,Publico,Conductor,Masculino,NO,Sin Registro,Solo Daños,Choque,No mantener distancia de seguridad,Calle 46  Sur Carrera 46,Primavera,Urbana,"(6.164633401, -75.59668961)"
2170314,07/02/2017,4:00 p.m.,Martes,Automovil,Particular,Conductor,Masculino,NO,Sin Registro,Solo Daños,Choque,No mantener distancia de seguridad,Calle 46  Sur Carrera 46,Primavera,Urbana,"(6.164633401, -75.59668961)"
2170334,07/02/2017,10:10 a.m.,Martes,Automovil,Particular,Conductor,Masculino,NO,Sin Registro,Solo Daños,Choque,Desobedecer senales,Carrera 43 A Calle 38 A Sur,Zona Centro,Urbana,"(6.169698887, -75.58905877)"
2170334,07/02/2017,10:10 a.m.,Martes,Motocicleta,Particular,Motociclista,Masculino,NO,Sin Registro,Solo Daños,Choque,Desobedecer senales,Carrera 43 A Calle 38 A Sur,Zona Centro,Urbana,"(6.169698887, -75.58905877)"
2170337,07/02/2017,8:00 p.m.,Martes,Camion,Publico,Conductor,Masculino,NO,Sin Registro,Solo Daños,Choque,Fallas en los frenos,Calle 40  Sur Carrera 24 F,La Mina,Urbana,"(6.151179811, -75.57759933)"
2170344,07/02/2017,12:20 p.m.,Martes,Camion,Publico,Conductor,Masculino,NO,Sin Registro,Solo Daños,Choque,Impericia en el manejo,Calle 36 A Sur Carrera 45 B,El Portal,Urbana,"(6.172770925, -75.59006734)"
2170344,07/02/2017,12:20 p.m.,Martes,Automovil,Particular,Conductor,Masculino,NO,Sin Registro,Solo Daños,Choque,Impericia en el manejo,Calle 36 A Sur Carrera 45 B,El Portal,Urbana,"(6.172770925, -75.59006734)"
2170339,07/02/2017,2:20 p.m.,Martes,Camioneta,Particular,Conductor,Femenino,NO,Sin Registro,Solo Daños,Choque,Reverso imprudente,Tramo 371 Kilometro  4,Vereda El Escobero,Rural,
2170339,07/02/2017,2:20 p.m.,Martes,Camioneta,Particular,Conductor,Femenino,NO,Sin Registro,Solo Daños,Choque,Reverso imprudente,Tramo 371 Kilometro  4,Vereda El Escobero,Rural,
2170340,07/02/2017,5:20 p.m.,Martes,Automovil,Particular,Conductor,Femenino,NO,Sin Registro,Solo Daños,Choque,Transitar entre vehiculos,Carrera 48 Calle 39  Sur,Las Vegas,Urbana,"(6.17163722, -75.59364999)"
2170340,07/02/2017,5:20 p.m.,Martes,Motocicleta,Particular,Motociclista,Masculino,NO,Sin Registro,Solo Daños,Choque,Transitar entre vehiculos,Carrera 48 Calle 39  Sur,Las Vegas,Urbana,"(6.17163722, -75.59364999)"
2170332,07/02/2017,7:30 a.m.,Martes,Camioneta,Publico,Conductor,Masculino,NO,Sin Registro,Solo Daños,Choque,No respetar prelacion,Calle 24  Sur Carrera 39,Sin Registro,Urbana,"(6.17880652, -75.57462407)"
2170332,07/02/2017,7:30 a.m.,Martes,Microbus,Publico,Conductor,Masculino,NO,Sin Registro,Solo Daños,Choque,No respetar prelacion,Calle 24  Sur Carrera 39,Sin Registro,Urbana,"(6.17880652, -75.57462407)"
2170333,07/02/2017,10:25 a.m.,Martes,Automovil,Particular,Conductor,Masculino,NO,Sin Registro,Solo Daños,Choque,No mantener distancia de seguridad,Calle 37  Sur Diagonal 31,La Magnolia,Urbana,"(6.166120684, -75.58074061)"
2170333,07/02/2017,10:25 a.m.,Martes,Automovil,Particular,Conductor,Masculino,NO,Sin Registro,Solo Daños,Choque,No mantener distancia de seguridad,Calle 37  Sur Diagonal 31,La Magnolia,Urbana,"(6.166120684, -75.58074061)"
2170313,07/02/2017,4:30 p.m.,Martes,Automovil,Publico,Conductor,Masculino,NO,Sin Registro,Solo Daños,Choque,No mantener distancia de seguridad,Tramo 372 Kilometro  16,Vereda Palmas,Rural,
2170313,07/02/2017,4:30 p.m.,Martes,Camioneta,Particular,Conductor,Masculino,NO,Sin Registro,Solo Daños,Choque,No mantener distancia de seguridad,Tramo 372 Kilometro  16,Vereda Palmas,Rural,
2170313,07/02/2017,4:30 p.m.,Martes,Automovil,Publico,Conductor,Masculino,NO,Sin Registro,Solo Daños,Choque,No mantener distancia de seguridad,Tramo 372 Kilometro  16,Vereda Palmas,Rural,
2170316,07/02/2017,4:30 p.m.,Martes,Camioneta,Publico,Conductor,Femenino,NO,Sin Registro,Solo Daños,Choque,No respetar prelacion,Calle 38  Sur Carrera 31,Mesa,Urbana,"(6.165577674, -75.58112182)"
2170316,07/02/2017,4:30 p.m.,Martes,Automovil,Particular,Conductor,Masculino,NO,Sin Registro,Solo Daños,Choque,No respetar prelacion,Calle 38  Sur Carrera 31,Mesa,Urbana,"(6.165577674, -75.58112182)"
2170317,07/02/2017,4:30 p.m.,Martes,Motocicleta,Particular,Motociclista,Masculino,NO,Sin Registro,Herido,Choque,No mantener distancia de seguridad,Carrera 50 Calle 43  Sur,Las Vegas,Urbana,
2170317,07/02/2017,4:30 p.m.,Martes,Camioneta,Publico,Conductor,Masculino,NO,Sin Registro,Herido,Choque,No mantener distancia de seguridad,Carrera 50 Calle 43  Sur,Las Vegas,Urbana,
2170345,07/02/2017,10:30 a.m.,Martes,Buseta,Publico,Conductor,Masculino,NO,Sin Registro,Solo Daños,Choque,Poner en marcha un vehiculo sin precauci,Carrera 48 Calle 27 A Sur,Las Vegas,Urbana,"(6.181312425, -75.58688511)"
2170345,07/02/2017,10:30 a.m.,Martes,Automovil,Publico,Conductor,Masculino,NO,Sin Registro,Solo Daños,Choque,Poner en marcha un vehiculo sin precauci,Carrera 48 Calle 27 A Sur,Las Vegas,Urbana,"(6.181312425, -75.58688511)"
2170318,07/02/2017,6:48 a.m.,Martes,Campero,Particular,Conductor,Femenino,NO,Sin Registro,Herido,Choque,Adelantar en zona prohibida,Tramo 371 Kilometro  12,Vereda Palmas,Rural,
2170318,07/02/2017,6:48 a.m.,Martes,Motocicleta,Particular,Motociclista,Masculino,NO,Sin Registro,Herido,Choque,Adelantar en zona prohibida,Tramo 371 Kilometro  12,Vereda Palmas,Rural,
2170320,07/02/2017,6:50 a.m.,Martes,Campero,Particular,Conductor,Masculino,NO,Sin Registro,Herido,Choque,Desobedecer senales,Calle 40  Sur Carrera 46 A,Alcala,Urbana,"(6.169204277, -75.59429539)"
2170320,07/02/2017,6:50 a.m.,Martes,Motocicleta,Oficial,Motociclista,Masculino,NO,Sin Registro,Herido,Choque,Desobedecer senales,Calle 40  Sur Carrera 46 A,Alcala,Urbana,"(6.169204277, -75.59429539)"
2170521,02/23/2017,9:30 a.m.,Jueves,Camion,Publico,Conductor,Masculino,NO,Sin Registro,Solo Daños,Choque,Adelantar cerrando,Carrera 50 Calle 27  Sur,Las Vegas,Urbana,
2170329,07/02/2017,6:50 a.m.,Martes,Automovil,Publico,Conductor,Masculino,NO,Sin Registro,Solo Daños,Choque,Transitar entre vehiculos,Carrera 50 Calle 26  Sur,Las Vegas,Urbana,"(6.184812544, -75.58691109)"
2170329,07/02/2017,6:50 a.m.,Martes,Motocicleta,Particular,Motociclista,Masculino,NO,Sin Registro,Solo Daños,Choque,Transitar entre vehiculos,Carrera 50 Calle 26  Sur,Las Vegas,Urbana,"(6.184812544, -75.58691109)"