RADICADO,FECHA,HORA,DÍA DE LA SEMANA,CLASE DE VEHICULO,TIPO DE SERVICIO,TIPO DE VICTIMA,SEXO,ESTADO DE BEODEZ,RESULTADO DE BEODEZ,GRAVEDAD,CLASE DE ACCIDENTE,CAUSA,DIRECCIÓN,BARRIO,AREA,Coordenadas
2170335,07/02/2017,4:40 p.m.,Martes,Bus,Publico,Conductor,Masculino,NO,Sin Registro,Herido,Choque,Adelantar cerrando,Carrera 49 Calle 46 A Sur,Las Vegas,Urbana,"(6.166966077, -75.60088817)"
2170335,07/02/2017,4:40 p.m.,Martes,Motocicleta,Particular,Motociclista,Masculino,NO,Sin Registro,Herido,Choque,Adelantar cerrando,Carrera 49 Calle 46 A Sur,Las Vegas,Urbana,"(6.166966077, -75.60088817)"
2170336,07/02/2017,6:55 a.m.,Martes,Camioneta,Publico,Conductor,Masculino,NO,Sin Registro,Solo Daños,Choque,No mantener distancia de seguridad,Carrera 48 Calle 37  Sur,Las Vegas,Urbana,"(6.172859211, -75.59276992)"
2170336,07/02/2017,6:55 a.m.,Martes,Automovil,Particular,Conductor,Femenino,NO,Sin Registro,Solo Daños,Choque,No mantener distancia de seguridad,Carrera 48 Calle 37  Sur,Las Vegas,Urbana,"(6.172859211, -75.59276992)"
2170319,07/02/2017,10:10 p.m.,Martes,Motocicleta,Particular,Motociclista,Femenino,NO,Sin Registro,Herido,Atropello,Impericia en el manejo,Carrera 24 F Calle 40  Sur,Sin Registro,Urbana,"(6.150574304, -75.57767045)"
2170315,07/02/2017,2:50 p.m.,Martes,Motocicleta,Particular,Motociclista,Masculino,NO,Sin Registro,Solo Daños,Choque,No mantener distancia de seguridad,Carrera 43 Calle 35  Sur,Zona Centro,Urbana,"(6.171975228, -75.58662264)"
2170315,07/02/2017,2:50 p.m.,Martes,Automovil,Particular,Conductor,Masculino,NO,Sin Registro,Solo Daños,Choque,No mantener distancia de seguridad,Carrera 43 Calle 35  Sur,Zona Centro,Urbana,"(6.171975228, -75.58662264)"
2170356,08/02/2017,7:00 p.m.,Miércoles,Camioneta,Particular,Conductor,Masculino,NO,Sin Registro,Solo Daños,Choque,No mantener distancia de seguridad,Tramo 371 Kilometro  11,Vereda Palmas,Rural,
2170356,08/02/2017,7:00 p.m.,Miércoles,Automovil,Particular,Conductor,Masculino,NO,Sin Registro,Solo Daños,Choque,No mantener distancia de seguridad,Tramo 371 Kilometro  11,Vereda Palmas,Rural,
2170351,08/02/2017,10:00 a.m.,Miércoles,Camioneta,Particular,Conductor,Masculino,NO,Sin Registro,Solo Daños,Choque,Otra,Calle 37 B Sur Carrera 27,Sin Registro,Urbana,"(6.159428343, -75.57378869)"
2170338,08/02/2017,5:00 p.m.,Miércoles,Bus,Publico,Conductor,Masculino,NO,Sin Registro,Solo Daños,Choque,Girar bruscamente,Calle 38  Sur Carrera 40,Zona Centro,Urbana,"(6.16879573, -75.58588978)"
2170338,08/02/2017,5:00 p.m.,Miércoles,Automovil,Publico,Conductor,Masculino,NO,Sin Registro,Solo Daños,Choque,Girar bruscamente,Calle 38  Sur Carrera 40,Zona Centro,Urbana,"(6.16879573, -75.58588978)"
2170347,08/02/2017,5:00 p.m.,Miércoles,Automovil,Particular,Conductor,Femenino,NO,Sin Registro,Solo Daños,Choque,Otra,Tramo 372 Kilometro  14,Vereda Palmas,Rural,
2170347,08/02/2017,5:00 p.m.,Miércoles,Motocicleta,Particular,Motociclista,Femenino,NO,Sin Registro,Solo Daños,Choque,Otra,Tramo 372 Kilometro  14,Vereda Palmas,Rural,
2170354,08/02/2017,5:00 p.m.,Miércoles,Motocicleta,Particular,Motociclista,Masculino,NO,Sin Registro,Herido,Choque,Desobedecer senales,Calle 39 B Sur Carrera 24 EE,El Salado,Urbana,"(6.150777241, -75.5751861)"
2170354,08/02/2017,5:00 p.m.,Miércoles,Bicicleta,Sin Registro,Ciclista,Masculino,NO,Sin Registro,Herido,Choque,Desobedecer senales,Calle 39 B Sur Carrera 24 EE,El Salado,Urbana,"(6.150777241, -75.5751861)"
2170346,08/02/2017,2:00 p.m.,Miércoles,Camion,Particular,Conductor,Masculino,NO,Sin Registro,Herido,Choque,Otra,Tramo 372 Kilometro  18,Vereda Palmas,Rural,
2170346,08/02/2017,2:00 p.m.,Miércoles,Motocicleta,Particular,Motociclista,Masculino,NO,Sin Registro,Herido,Choque,Otra,Tramo 372 Kilometro  18,Vereda Palmas,Rural,
2170355,08/02/2017,7:20 p.m.,Miércoles,Automovil,Publico,Conductor,Masculino,NO,Sin Registro,Solo Daños,Choque,No mantener distancia de seguridad,Tramo 371 Kilometro  11,Vereda Palmas,Rural,
2170355,08/02/2017,7:20 p.m.,Miércoles,Motocicleta,Particular,Motociclista,Masculino,NO,Sin Registro,Solo Daños,Choque,No mantener distancia de seguridad,Tramo 371 Kilometro  11,Vereda Palmas,Rural,
2170667,08/02/2017,3:05 p.m.,Miércoles,Bus,Publico,Conductor,Masculino,NO,Sin Registro,Solo Daños,Choque,Otra,Calle 35  Sur Carrera 43 A,Las Vegas,Urbana,"(6.17249645, -75.58732833)"
2170667,08/02/2017,3:05 p.m.,Miércoles,Camioneta,Particular,Conductor,Masculino,NO,Sin Registro,Solo Daños,Choque,Otra,Calle 35  Sur Carrera 43 A,Las Vegas,Urbana,"(6.17249645, -75.58732833)"
2170348,08/02/2017,6:10 p.m.,Miércoles,Automovil,Particular,Conductor,Masculino,NO,Sin Registro,Solo Daños,Choque,Otra,Calle 46 C Sur Carrera 46,Primavera,Urbana,"(6.161231999, -75.59450407)"
2170348,08/02/2017,6:10 p.m.,Miércoles,Motocicleta,Particular,Motociclista,Masculino,NO,Sin Registro,Solo Daños,Choque,Otra,Calle 46 C Sur Carrera 46,Primavera,Urbana,"(6.161231999, -75.59450407)"
2170399,08/02/2017,7:50 p.m.,Miércoles,Automovil,Particular,Conductor,Femenino,NO,Sin Registro,Solo Daños,Choque,Adelantar cerrando,Carrera 50 Calle 27  Sur,Las Vegas,Urbana,
2170399,08/02/2017,7:50 p.m.,Miércoles,Tractocamion,Publico,Conductor,Masculino,NO,Sin Registro,Solo Daños,Choque,Adelantar cerrando,Carrera 50 Calle 27  Sur,Las Vegas,Urbana,
2170342,08/02/2017,10:10 a.m.,Miércoles,Camion,Publico,Conductor,Masculino,NO,Sin Registro,Solo Daños,Choque,Impericia en el manejo,Tramo 371 Kilometro  2,Sin Registro,Rural,
2170350,08/02/2017,4:15 p.m.,Miércoles,Automovil,Particular,Conductor,Femenino,NO,Sin Registro,Solo Daños,Choque,Adelantar invadiendo carril del mismo sentido en zigzag,Calle 36  Sur Carrera 43 A,Zona Centro,Urbana,"(6.171868319, -75.58774823)"
2170350,08/02/2017,4:15 p.m.,Miércoles,Motocicleta,Particular,Motociclista,Masculino,NO,Sin Registro,Solo Daños,Choque,Adelantar invadiendo carril del mismo sentido en zigzag,Calle 36  Sur Carrera 43 A,Zona Centro,Urbana,"(6.171868319, -75.58774823)"
2170364,08/02/2017,3:30 p.m.,Miércoles,Motocicleta,Particular,Motociclista,Masculino,NO,Sin Registro,Herido,Choque,No mantener distancia de seguridad,Calle 26  Sur Carrera 48,Las Vegas,Urbana,"(6.183423583, -75.58542895)"
2170364,08/02/2017,3:30 p.m.,Miércoles,Motocicleta,Particular,Motociclista,Masculino,NO,Sin Registro,Herido,Choque,No mantener distancia de seguridad,Calle 26  Sur Carrera 48,Las Vegas,Urbana,"(6.183423583, -75.58542895)"
2170343,08/02/2017,7:30 a.m.,Miércoles,Automovil,Particular,Conductor,Femenino,NO,Sin Registro,Solo Daños,Choque,No mantener distancia de seguridad,Carrera 50 Calle 37  Sur,Las Vegas,Urbana,
2170343,08/02/2017,7:30 a.m.,Miércoles,Motocicleta,Particular,Motociclista,Femenino,NO,Sin Registro,Solo Daños,Choque,No mantener distancia de seguridad,Carrera 50 Calle 37  Sur,Las Vegas,Urbana,
2170357,08/02/2017,1:33 p.m.,Miércoles,Automovil,Particular,Conductor,Femenino,NO,Sin Registro,Solo Daños,Choque,Impericia en el manejo,Transversal 32  Sur Diagonal 32,La Magnolia,Urbana,"(6.176229196, -75.5827741)"
2170357,08/02/2017,1:33 p.m.,Miércoles,Camion,Publico,Conductor,Masculino,NO,Sin Registro,Solo Daños,Choque,Impericia en el manejo,Transversal 32  Sur Diagonal 32,La Magnolia,Urbana,"(6.176229196, -75.5827741)"
2170353,08/02/2017,9:30 p.m.,Miércoles,Motocicleta,Particular,Motociclista,Masculino,NO,Sin Registro,Herido,Choque,Semaforo en rojo,Diagonal 31 Transversal 36  Sur,La Sebastiana,Urbana,"(6.168204377, -75.58020514)"
2170353,08/02/2017,9:30 p.m.,Miércoles,Motocicleta,Particular,Motociclista,Masculino,NO,Sin Registro,Herido,Choque,Semaforo en rojo,Diagonal 31 Transversal 36  Sur,La Sebastiana,Urbana,"(6.168204377, -75.58020514)"
2170341,08/02/2017,3:45 p.m.,Miércoles,Camioneta,Publico,Conductor,Masculino,NO,Sin Registro,Solo Daños,Choque,Impericia en el manejo,Tramo 372 Kilometro  14,Vereda Palmas,Rural,
2170385,09/02/2017,7:00 a.m.,Jueves,Automovil,Publico,Conductor,Masculino,NO,Sin Registro,Solo Daños,Choque,Girar bruscamente,Diagonal 31 Calle 37  Sur,La Pradera,Urbana,"(6.165165175, -75.58026896)"
2170385,09/02/2017,7:00 a.m.,Jueves,Camion,Publico,Conductor,Masculino,NO,Sin Registro,Solo Daños,Choque,Girar bruscamente,Diagonal 31 Calle 37  Sur,La Pradera,Urbana,"(6.165165175, -75.58026896)"
2170352,09/02/2017,2:00 p.m.,Jueves,Motocicleta,Particular,Motociclista,Masculino,NO,Sin Registro,Herido,Atropello,Otra,Calle 38  Sur Carrera 43,Zona Centro,Urbana,"(6.170061667, -75.58783913)"
2170366,09/02/2017,7:35 p.m.,Jueves,Bus,Publico,Conductor,Masculino,NO,Sin Registro,Solo Daños,Choque,Adelantar en zona prohibida,Calle 40  Sur Carrera 42,El Dorado,Urbana,
2170366,09/02/2017,7:35 p.m.,Jueves,Automovil,Particular,Conductor,Masculino,NO,Sin Registro,Solo Daños,Choque,Adelantar en zona prohibida,Calle 40  Sur Carrera 42,El Dorado,Urbana,
2170367,09/02/2017,10:05 a.m.,Jueves,Camioneta,Publico,Conductor,Masculino,NO,Sin Registro,Solo Daños,Choque,Otra,Carrera 50 Calle 36  Sur,Las Vegas,Urbana,
2170367,09/02/2017,10:05 a.m.,Jueves,Bus,Publico,Conductor,Masculino,NO,Sin Registro,Solo Daños,Choque,Otra,Carrera 50 Calle 36  Sur,Las Vegas,Urbana,
2170360,09/02/2017,8:20 a.m.,Jueves,Buseta,Publico,Conductor,Masculino,NO,Sin Registro,Solo Daños,Choque,Girar bruscamente,Carrera 43 A Calle 38 A Sur,Zona Centro,Urbana,"(6.169698887, -75.58905877)"
2170360,09/02/2017,8:20 a.m.,Jueves,Buseta,Publico,Conductor,Masculino,NO,Sin Registro,Solo Daños,Choque,Girar bruscamente,Carrera 43 A Calle 38 A Sur,Zona Centro,Urbana,"(6.169698887, -75.58905877)"
2170363,09/02/2017,1:30 p.m.,Jueves,Automovil,Publico,Conductor,Masculino,NO,Sin Registro,Herido,Choque,Adelantar cerrando,Calle 38  Sur Carrera 45 A,Zona Centro,Urbana,"(6.17126287, -75.59030689)"
2170363,09/02/2017,1:30 p.m.,Jueves,Motocicleta,Particular,Motociclista,Femenino,NO,Sin Registro,Herido,Choque,Adelantar cerrando,Calle 38  Sur Carrera 45 A,Zona Centro,Urbana,"(6.17126287, -75.59030689)"
2170358,09/02/2017,4:20 p.m.,Jueves,Camion,Publico,Conductor,Masculino,NO,Sin Registro,Solo Daños,Choque,Desobedecer senales,Calle 27  Sur Carrera 27,El Esmeraldal,Urbana,"(6.17243521, -75.56787192)"
2170418,09/02/2017,5:15 p.m.,Jueves,Automovil,Particular,Conductor,Femenino,NO,Sin Registro,Solo Daños,Choque,Semaforo en rojo,Carrera 48 Calle 46  Sur,Las Vegas,Urbana,"(6.166195386, -75.59928549)"
2170418,09/02/2017,5:15 p.m.,Jueves,Automovil,Particular,Conductor,Femenino,NO,Sin Registro,Solo Daños,Choque,Semaforo en rojo,Carrera 48 Calle 46  Sur,Las Vegas,Urbana,"(6.166195386, -75.59928549)"
2170358,09/02/2017,4:20 p.m.,Jueves,Automovil,Particular,Conductor,Femenino,NO,Sin Registro,Solo Daños,Choque,Desobedecer senales,Calle 27  Sur Carrera 27,El Esmeraldal,Urbana,"(6.17243521, -75.56787192)"
2170376,09/02/2017,2:30 p.m.,Jueves,Automovil,Particular,Conductor,Femenino,NO,Sin Registro,Solo Daños,Choque,Desobedecer senales,Carrera 38 Calle 45 A Sur,Las Antillas,Urbana,"(6.159013665, -75.58873014)"
2170376,09/02/2017,2:30 p.m.,Jueves,Automovil,Publico,Conductor,Masculino,NO,Sin Registro,Solo Daños,Choque,Desobedecer senales,Carrera 38 Calle 45 A Sur,Las Antillas,Urbana,"(6.159013665, -75.58873014)"
2170349,09/02/2017,10:25 a.m.,Jueves,Camioneta,Particular,Conductor,Masculino,NO,Sin Registro,Solo Daños,Choque,Otra,Calle 38  Sur Carrera 38,Zona Centro,Urbana,"(6.16803936, -75.58469435)"
2170349,09/02/2017,10:25 a.m.,Jueves,Bus,Publico,Conductor,Masculino,NO,Sin Registro,Solo Daños,Choque,Otra,Calle 38  Sur Carrera 38,Zona Centro,Urbana,"(6.16803936, -75.58469435)"
2170365,09/02/2017,6:45 a.m.,Jueves,Bicicleta,Sin Registro,Ciclista,Masculino,NO,Sin Registro,Herido,Choque,Otra,Calle 40 DD Sur Carrera 42,El Dorado,Urbana,"(6.165700924, -75.58924551)"
2170365,09/02/2017,6:45 a.m.,Jueves,Automovil,Diplomatico,Conductor,Femenino,NO,Sin Registro,Herido,Choque,Otra,Calle 40 DD Sur Carrera 42,El Dorado,Urbana,"(6.165700924, -75.58924551)"
2170379,09/02/2017,6:50 a.m.,Jueves,Motocicleta,Particular,Motociclista,Masculino,NO,Sin Registro,Solo Daños,Choque,Adelantar por la derecha,Carrera 48 Calle 25  Sur,Las Vegas,Urbana,"(6.185059174, -75.58329333)"
2170379,09/02/2017,6:50 a.m.,Jueves,Automovil,Particular,Conductor,Masculino,NO,Sin Registro,Solo Daños,Choque,Adelantar por la derecha,Carrera 48 Calle 25  Sur,Las Vegas,Urbana,"(6.185059174, -75.58329333)"
2170359,09/02/2017,4:40 p.m.,Jueves,Automovil,Diplomatico,Conductor,Masculino,NO,Sin Registro,Solo Daños,Choque,Impericia en el manejo,Carrera 42 Calle 40 DD Sur,El Dorado,Urbana,"(6.166161402, -75.58977289)"
2170359,09/02/2017,4:40 p.m.,Jueves,Camion,Publico,Conductor,Masculino,NO,Sin Registro,Solo Daños,Choque,Impericia en el manejo,Carrera 42 Calle 40 DD Sur,El Dorado,Urbana,"(6.166161402, -75.58977289)"
2170361,09/02/2017,10:40 a.m.,Jueves,Camion,Publico,Conductor,Masculino,NO,Sin Registro,Herido,Choque,Transitar entre vehiculos,Carrera 50 Calle 39 A Sur,Las Vegas,Urbana,
2170361,09/02/2017,10:40 a.m.,Jueves,Motocicleta,Particular,Motociclista,Masculino,NO,Sin Registro,Herido,Choque,Transitar entre vehiculos,Carrera 50 Calle 39 A Sur,Las Vegas,Urbana,
2170395,10/02/2017,1:00 p.m.,Viernes,Motocicleta,Particular,Motociclista,Masculino,NO,Sin Registro,Solo Daños,Choque,No respetar prelacion,Carrera 39 Calle 36  Sur,Zona Centro,Urbana,"(6.169632254, -75.58433773)"
2170395,10/02/2017,1:00 p.m.,Viernes,Automovil,Particular,Conductor,Femenino,NO,Sin Registro,Solo Daños,Choque,No respetar prelacion,Carrera 39 Calle 36  Sur,Zona Centro,Urbana,"(6.169632254, -75.58433773)"
2170393,10/02/2017,4:00 p.m.,Viernes,Automovil,Particular,Conductor,Masculino,NO,Sin Registro,Solo Daños,Choque,Impericia en el manejo,Tramo 372 Kilometro  16,Vereda Palmas,Rural,
2170380,10/02/2017,2:00 p.m.,Viernes,Motocicleta,Particular,Motociclista,Femenino,NO,Sin Registro,Herido,Atropello,Cruzar sin observar,Calle 38  Sur Carrera 41,Zona Centro,Urbana,"(6.169244976, -75.58658807)"
2170391,10/02/2017,2:00 p.m.,Viernes,Camioneta,Particular,Conductor,Femenino,NO,Sin Registro,Solo Daños,Choque,No mantener distancia de seguridad,Carrera 48 Calle 46  Sur,Las Vegas,Urbana,"(6.166195386, -75.59928549)"
2170391,10/02/2017,2:00 p.m.,Viernes,Automovil,Particular,Conductor,Masculino,NO,Sin Registro,Solo Daños,Choque,No mantener distancia de seguridad,Carrera 48 Calle 46  Sur,Las Vegas,Urbana,"(6.166195386, -75.59928549)"
2170405,10/02/2017,6:05 a.m.,Viernes,Automovil,Particular,Conductor,Masculino,NO,Sin Registro,Solo Daños,Choque,Otra,Calle 38  Sur Carrera 43 A,Zona Centro,Urbana,"(6.170537577, -75.58862514)"
2170405,10/02/2017,6:05 a.m.,Viernes,Bus,Publico,Conductor,Masculino,NO,Sin Registro,Solo Daños,Choque,Otra,Calle 38  Sur Carrera 43 A,Zona Centro,Urbana,"(6.170537577, -75.58862514)"
2170375,10/02/2017,5:20 a.m.,Viernes,Motocicleta,Particular,Motociclista,Masculino,NO,Sin Registro,Herido,Caida Ocupante,Impericia en el manejo,Calle 26  Sur Carrera 43 A,Las Vegas,Urbana,"(6.180841534, -75.58293815)"
2170384,10/02/2017,7:45 p.m.,Viernes,Automovil,Publico,Conductor,Masculino,NO,Sin Registro,Solo Daños,Choque,No respetar prelacion,Carrera 28 Calle 37  Sur,La Magnolia,Urbana,"(6.164229297, -75.57882145)"
2170384,10/02/2017,7:45 p.m.,Viernes,Camion,Publico,Conductor,Masculino,NO,Sin Registro,Solo Daños,Choque,No respetar prelacion,Carrera 28 Calle 37  Sur,La Magnolia,Urbana,"(6.164229297, -75.57882145)"
2170388,10/02/2017,6:30 a.m.,Viernes,Camioneta,Particular,Conductor,Masculino,NO,Sin Registro,Solo Daños,Choque,No mantener distancia de seguridad,Diagonal 31 Calle 33 A Sur,Las Flores,Urbana,"(6.173761816, -75.5789197)"
2170388,10/02/2017,6:30 a.m.,Viernes,Automovil,Particular,Conductor,Femenino,NO,Sin Registro,Solo Daños,Choque,No mantener distancia de seguridad,Diagonal 31 Calle 33 A Sur,Las Flores,Urbana,"(6.173761816, -75.5789197)"
2170396,10/02/2017,11:15 a.m.,Viernes,Automovil,Particular,Conductor,Femenino,NO,Sin Registro,Solo Daños,Choque,No mantener distancia de seguridad,Calle 36 D Sur Carrera 25 B,Vereda El Escobero,Urbana,"(6.16129438, -75.5684995)"
2170396,10/02/2017,11:15 a.m.,Viernes,Automovil,Particular,Conductor,Femenino,NO,Sin Registro,Solo Daños,Choque,No mantener distancia de seguridad,Calle 36 D Sur Carrera 25 B,Vereda El Escobero,Urbana,"(6.16129438, -75.5684995)"
2170397,10/02/2017,12:15 p.m.,Viernes,Automovil,Particular,Conductor,Femenino,NO,Sin Registro,Solo Daños,Choque,Adelantar cerrando,Carrera 48 Calle 49 B Sur,Las Vegas,Urbana,"(6.162599027, -75.60278747)"
2170397,10/02/2017,12:15 p.m.,Viernes,Sin Registro,Publico,Conductor,Masculino,NO,Sin Registro,Solo Daños,Choque,Adelantar cerrando,Carrera 48 Calle 49 B Sur,Las Vegas,Urbana,"(6.162599027, -75.60278747)"
2170386,10/02/2017,2:20 p.m.,Viernes,Automovil,Particular,Conductor,Femenino,NO,Sin Registro,Solo Daños,Choque,Otra,Calle 30  Sur Carrera 50,Las Vegas,Urbana,
2170386,10/02/2017,2:20 p.m.,Viernes,Motocicleta,Particular,Motociclista,Masculino,NO,Sin Registro,Solo Daños,Choque,Otra,Calle 30  Sur Carrera 50,Las Vegas,Urbana,
2170386,10/02/2017,2:20 p.m.,Viernes,Automovil,Particular,Conductor,Masculino,NO,Sin Registro,Solo Daños,Choque,Otra,Calle 30  Sur Carrera 50,Las Vegas,Urbana,
2170383,10/02/2017,8:55 p.m.,Viernes,Campero,Particular,Conductor,Masculino,NO,Sin Registro,Herido,Choque,Adelantar en zona prohibida,Calle 48  Sur Carrera 40,El Trianon,Urbana,"(6.158853504, -75.59456088)"
2170383,10/02/2017,8:55 p.m.,Viernes,Motocicleta,Particular,Motociclista,Masculino,NO,Sin Registro,Herido,Choque,Adelantar en zona prohibida,Calle 48  Sur Carrera 40,El Trianon,Urbana,"(6.158853504, -75.59456088)"
2170390,10/02/2017,9:00 p.m.,Viernes,Motocicleta,Particular,Motociclista,Masculino,NO,Sin Registro,Solo Daños,Choque,Impericia en el manejo,Tramo 372 Kilometro  15,Vereda Palmas,Rural,
2170390,10/02/2017,9:00 p.m.,Viernes,Camion,Publico,Conductor,Masculino,NO,Sin Registro,Solo Daños,Choque,Impericia en el manejo,Tramo 372 Kilometro  15,Vereda Palmas,Rural,
2170382,10/02/2017,6:50 a.m.,Viernes,Automovil,Particular,Conductor,Femenino,NO,Sin Registro,Solo Daños,Choque,No mantener distancia de seguridad,Carrera 41 Calle 38  Sur,Zona Centro,Urbana,"(6.169124429, -75.58656013)"
2170382,10/02/2017,6:50 a.m.,Viernes,Automovil,Publico,Conductor,Masculino,NO,Sin Registro,Solo Daños,Choque,No mantener distancia de seguridad,Carrera 41 Calle 38  Sur,Zona Centro,Urbana,"(6.169124429, -75.58656013)"
2170372,10/02/2017,5:30 p.m.,Viernes,Camioneta,Particular,Conductor,Masculino,NO,Sin Registro,Solo Daños,Choque,Adelantar cerrando,Carrera 50 Calle 49  Sur,Las Vegas,Urbana,
2170372,10/02/2017,5:30 p.m.,Viernes,Motocicleta,Particular,Motociclista,Femenino,NO,Sin Registro,Solo Daños,Choque,Adelantar cerrando,Carrera 50 Calle 49  Sur,Las Vegas,Urbana,
2170400,10/02/2017,5:30 p.m.,Viernes,Camioneta,Particular,Conductor,Femenino,NO,Sin Registro,Solo Daños,Choque,No mantener distancia de seguridad,Calle 22  Sur Carrera 40,Sin Registro,Urbana,"(6.18123897, -75.57675149)"
2170400,10/02/2017,5:30 p.m.,Viernes,Camioneta,Particular,Conductor,Masculino,NO,Sin Registro,Solo Daños,Choque,No mantener distancia de seguridad,Calle 22  Sur Carrera 40,Sin Registro,Urbana,"(6.18123897, -75.57675149)"
2170389,10/02/2017,9:30 p.m.,Viernes,Motocicleta,Particular,Motociclista,Masculino,NO,Sin Registro,Solo Daños,Choque,Adelantar por la derecha,Carrera 39 A Calle 40 B Sur,El Dorado,Urbana,"(6.164835121, -75.58774424)"
2170389,10/02/2017,9:30 p.m.,Viernes,Automovil,Particular,Conductor,Femenino,NO,Sin Registro,Solo Daños,Choque,Adelantar por la derecha,Carrera 39 A Calle 40 B Sur,El Dorado,Urbana,"(6.164835121, -75.58774424)"
2170392,10/02/2017,6:40 p.m.,Viernes,Automovil,Particular,Conductor,Femenino,NO,Sin Registro,Herido,Choque,Impericia en el manejo,Calle 28  Sur Carrera 27,La Inmaculada,Urbana,"(6.175270544, -75.57368693)"
2170394,10/02/2017,6:40 p.m.,Viernes,Automovil,Particular,Conductor,Masculino,NO,Sin Registro,Solo Daños,Choque,Impericia en el manejo,Carrera 29 A Calle 39  Sur,San Jose,Urbana,"(6.163897984, -75.58087718)"
2170394,10/02/2017,6:40 p.m.,Viernes,Campero,Publico,Conductor,Masculino,NO,Sin Registro,Solo Daños,Choque,Impericia en el manejo,Carrera 29 A Calle 39  Sur,San Jose,Urbana,"(6.163897984, -75.58087718)"
2170404,10/02/2017,7:55 a.m.,Viernes,Motocicleta,Particular,Motociclista,Femenino,NO,Sin Registro,Herido,Caida Ocupante,Impericia en el manejo,Calle 25 A Sur Carrera 48,Las Vegas,Urbana,"(6.185202689, -75.58358718)"
2170398,11/02/2017,6:00 p.m.,Sábado,Motocicleta,Particular,Motociclista,Masculino,NO,Sin Registro,Solo Daños,Choque,No mantener distancia de seguridad,Carrera 48 Calle 48  Sur,Las Vegas,Urbana,"(6.164595282, -75.60138041)"
2170398,11/02/2017,6:00 p.m.,Sábado,Camioneta,Particular,Conductor,Masculino,NO,Sin Registro,Solo Daños,Choque,No mantener distancia de seguridad,Carrera 48 Calle 48  Sur,Las Vegas,Urbana,"(6.164595282, -75.60138041)"
2170377,11/02/2017,9:00 a.m.,Sábado,Camioneta,Publico,Conductor,Masculino,NO,Sin Registro,Solo Daños,Choque,Impericia en el manejo,Calle 39  Sur Carrera 47 A,Alcala,Urbana,"(6.171457478, -75.593353)"
2170377,11/02/2017,9:00 a.m.,Sábado,Camion,Publico,Conductor,Masculino,NO,Sin Registro,Solo Daños,Choque,Impericia en el manejo,Calle 39  Sur Carrera 47 A,Alcala,Urbana,"(6.171457478, -75.593353)"
2170381,11/02/2017,4:00 p.m.,Sábado,Automovil,Particular,Conductor,Femenino,NO,Sin Registro,Solo Daños,Choque,Reverso imprudente,Calle 40 F Sur Carrera 36 B,El Dorado,Urbana,"(6.162643008, -75.58590704)"
2170381,11/02/2017,4:00 p.m.,Sábado,Automovil,Publico,Conductor,Masculino,NO,Sin Registro,Solo Daños,Choque,Reverso imprudente,Calle 40 F Sur Carrera 36 B,El Dorado,Urbana,"(6.162643008, -75.58590704)"
2170371,11/02/2017,10:00 a.m.,Sábado,Camioneta,Particular,Conductor,Masculino,NO,Sin Registro,Solo Daños,Choque,No mantener distancia de seguridad,Tramo 372 Kilometro  17,Vereda Palmas,Rural,
2170371,11/02/2017,10:00 a.m.,Sábado,Camion,Publico,Conductor,Masculino,NO,Sin Registro,Solo Daños,Choque,No mantener distancia de seguridad,Tramo 372 Kilometro  17,Vereda Palmas,Rural,
2170401,11/02/2017,2:00 p.m.,Sábado,Automovil,Particular,Conductor,Masculino,NO,Sin Registro,Solo Daños,Choque,Adelantar en zona prohibida,Carrera 50 Calle 36  Sur,Las Vegas,Urbana,
2170401,11/02/2017,2:00 p.m.,Sábado,Camion,Publico,Conductor,Masculino,NO,Sin Registro,Solo Daños,Choque,Adelantar en zona prohibida,Carrera 50 Calle 36  Sur,Las Vegas,Urbana,
2170857,11/02/2017,7:30 p.m.,Sábado,Automovil,Particular,Conductor,Masculino,NO,Sin Registro,Solo Daños,Choque,Otra,Calle 38 A Sur Carrera 39,Las Vegas,Urbana,"(6.167679571, -75.58567628)"
2170857,11/02/2017,7:30 p.m.,Sábado,Automovil,Particular,Conductor,Masculino,NO,Sin Registro,Solo Daños,Choque,Otra,Calle 38 A Sur Carrera 39,Las Vegas,Urbana,"(6.167679571, -75.58567628)"
2170411,11/02/2017,3:05 p.m.,Sábado,Camioneta,Particular,Conductor,Masculino,NO,Sin Registro,Solo Daños,Choque,Reverso imprudente,Calle 33  Sur Carrera 43,San Marcos,Urbana,"(6.173912569, -75.58697473)"
2170411,11/02/2017,3:05 p.m.,Sábado,Automovil,Particular,Conductor,Masculino,NO,Sin Registro,Solo Daños,Choque,Reverso imprudente,Calle 33  Sur Carrera 43,San Marcos,Urbana,"(6.173912569, -75.58697473)"
2170374,11/02/2017,8:15 a.m.,Sábado,Camion,Publico,Conductor,Masculino,NO,Sin Registro,Solo Daños,Choque,No mantener distancia de seguridad,Carrera 50 Calle 20  Sur,Las Vegas,Urbana,
2170410,11/02/2017,11:15 a.m.,Sábado,Automovil,Particular,Conductor,Masculino,NO,Sin Registro,Solo Daños,Choque,Transitar entre vehiculos,Carrera 43 A Transversal 27 A,Avenida El Poblado,Urbana,"(6.178993539, -75.58360591)"
2170410,11/02/2017,11:15 a.m.,Sábado,Motocicleta,Particular,Motociclista,Masculino,NO,Sin Registro,Solo Daños,Choque,Transitar entre vehiculos,Carrera 43 A Transversal 27 A,Avenida El Poblado,Urbana,"(6.178993539, -75.58360591)"
2170374,11/02/2017,8:15 a.m.,Sábado,Automovil,Particular,Conductor,Masculino,NO,Sin Registro,Solo Daños,Choque,No mantener distancia de seguridad,Carrera 50 Calle 20  Sur,Las Vegas,Urbana,