RADICADO,FECHA,HORA,DÍA DE LA SEMANA,CLASE DE VEHICULO,TIPO DE SERVICIO,TIPO DE VICTIMA,SEXO,ESTADO DE BEODEZ,RESULTADO DE BEODEZ,GRAVEDAD,CLASE DE ACCIDENTE,CAUSA,DIRECCIÓN,BARRIO,AREA,Coordenadas
2170370,11/02/2017,8:30 p.m.,Sábado,Automovil,Publico,Conductor,Masculino,NO,Sin Registro,Herido,Choque,Transitar entre vehiculos,Calle 30 A Sur Carrera 43 A,San Marcos,Urbana,"(6.177125457, -75.58608593)"
2170370,11/02/2017,8:30 p.m.,Sábado,Automovil,Particular,Conductor,Masculino,NO,Sin Registro,Herido,Choque,Transitar entre vehiculos,Calle 30 A Sur Carrera 43 A,San Marcos,Urbana,"(6.177125457, -75.58608593)"
2170370,11/02/2017,8:30 p.m.,Sábado,Motocicleta,Particular,Motociclista,Masculino,NO,Sin Registro,Herido,Choque,Transitar entre vehiculos,Calle 30 A Sur Carrera 43 A,San Marcos,Urbana,"(6.177125457, -75.58608593)"
2170369,11/02/2017,3:40 p.m.,Sábado,Automovil,Particular,Conductor,Masculino,NO,Sin Registro,Solo Daños,Choque,No mantener distancia de seguridad,Tramo 371 Kilometro  13,Vereda Palmas,Rural,
2170369,11/02/2017,3:40 p.m.,Sábado,Automovil,Particular,Conductor,Masculino,NO,Sin Registro,Solo Daños,Choque,No mantener distancia de seguridad,Tramo 371 Kilometro  13,Vereda Palmas,Rural,
2170369,11/02/2017,3:40 p.m.,Sábado,Automovil,Publico,Conductor,Masculino,NO,Sin Registro,Solo Daños,Choque,No mantener distancia de seguridad,Tramo 371 Kilometro  13,Vereda Palmas,Rural,
2170369,11/02/2017,3:40 p.m.,Sábado,Automovil,Particular,Conductor,Femenino,NO,Sin Registro,Solo Daños,Choque,No mantener distancia de seguridad,Tramo 371 Kilometro  13,Vereda Palmas,Rural,
2170373,11/02/2017,9:50 p.m.,Sábado,Motocicleta,Particular,Motociclista,Femenino,NO,Sin Registro,Solo Daños,Choque,No mantener distancia de seguridad,Calle 46  Sur Carrera 48,Las Vegas,Urbana,"(6.162824447, -75.59968661)"
2170373,11/02/2017,9:50 p.m.,Sábado,Motocicleta,Particular,Motociclista,Masculino,NO,Sin Registro,Solo Daños,Choque,No mantener distancia de seguridad,Calle 46  Sur Carrera 48,Las Vegas,Urbana,"(6.162824447, -75.59968661)"
2170413,11/02/2017,4:50 p.m.,Sábado,Camioneta,Particular,Conductor,Femenino,NO,Sin Registro,Solo Daños,Choque,Girar bruscamente,Carrera 48 Calle 25  Sur,Las Vegas,Urbana,"(6.185059174, -75.58329333)"
2170413,11/02/2017,4:50 p.m.,Sábado,Campero,Particular,Conductor,Masculino,NO,Sin Registro,Solo Daños,Choque,Girar bruscamente,Carrera 48 Calle 25  Sur,Las Vegas,Urbana,"(6.185059174, -75.58329333)"
2170403,11/02/2017,10:06 p.m.,Sábado,Automovil,Particular,Conductor,Masculino,NO,Sin Registro,Solo Daños,Choque,Adelantar en zona prohibida,Tramo 371 Kilometro  9,Vereda Palmas,Rural,
2170403,11/02/2017,10:06 p.m.,Sábado,Camioneta,Particular,Conductor,Masculino,NO,Sin Registro,Solo Daños,Choque,Adelantar en zona prohibida,Tramo 371 Kilometro  9,Vereda Palmas,Rural,
2170378,11/02/2017,12:50 p.m.,Sábado,Automovil,Particular,Conductor,Femenino,NO,Sin Registro,Herido,Atropello,Otra,Diagonal 31 D Transversal 32 A,Las Vegas,Urbana,"(6.176123022, -75.58101992)"
2170387,11/02/2017,11:40 p.m.,Sábado,Automovil,Particular,Conductor,Masculino,NO,Sin Registro,Solo Daños,Choque,No mantener distancia de seguridad,Carrera 48 Calle 37  Sur,Las Vegas,Urbana,"(6.172859211, -75.59276992)"
2170387,11/02/2017,11:40 p.m.,Sábado,Automovil,Particular,Conductor,Masculino,NO,Sin Registro,Solo Daños,Choque,No mantener distancia de seguridad,Carrera 48 Calle 37  Sur,Las Vegas,Urbana,"(6.172859211, -75.59276992)"
2170402,12/02/2017,9:20 a.m.,Domingo,Automovil,Particular,Conductor,Masculino,NO,Sin Registro,Solo Daños,Choque,Adelantar cerrando,Calle 29  Sur Carrera 43 A,Las Vegas,Urbana,"(6.178121023, -75.58456122)"
2170402,12/02/2017,9:20 a.m.,Domingo,Motocicleta,Particular,Motociclista,Masculino,NO,Sin Registro,Solo Daños,Choque,Adelantar cerrando,Calle 29  Sur Carrera 43 A,Las Vegas,Urbana,"(6.178121023, -75.58456122)"
2170368,12/02/2017,6:50 a.m.,Domingo,Automovil,Particular,Conductor,Masculino,SI,2,Solo Daños,Choque,Embriaguez o droga,Tramo 372 Kilometro  14,Vereda Palmas,Rural,
2170408,02/13/2017,3:00 p.m.,Lunes,Bicicleta,Sin Registro,Ciclista,Masculino,NO,Sin Registro,Herido,Atropello,Exceso de velocidad,Calle 41  Sur Carrera 25 AA,La Mina,Urbana,"(6.155105803, -75.58393257)"
2170409,02/13/2017,7:10 a.m.,Lunes,Automovil,Publico,Conductor,Masculino,NO,Sin Registro,Solo Daños,Choque,No mantener distancia de seguridad,Carrera 27 Calle 36  Sur,Vereda El Escobero,Urbana,"(6.167009975, -75.56927808)"
2170409,02/13/2017,7:10 a.m.,Lunes,Camioneta,Particular,Conductor,Femenino,NO,Sin Registro,Solo Daños,Choque,No mantener distancia de seguridad,Carrera 27 Calle 36  Sur,Vereda El Escobero,Urbana,"(6.167009975, -75.56927808)"
2170432,02/13/2017,1:30 p.m.,Lunes,Automovil,Particular,Conductor,Masculino,NO,Sin Registro,Solo Daños,Choque,Impericia en el manejo,Carrera 48 Calle 26  Sur,Las Vegas,Urbana,"(6.183318111, -75.58553718)"
2170432,02/13/2017,1:30 p.m.,Lunes,Campero,Particular,Conductor,Masculino,NO,Sin Registro,Solo Daños,Choque,Impericia en el manejo,Carrera 48 Calle 26  Sur,Las Vegas,Urbana,"(6.183318111, -75.58553718)"
2170412,02/13/2017,7:30 a.m.,Lunes,Camion,Publico,Conductor,Masculino,NO,Sin Registro,Solo Daños,Choque,Girar bruscamente,Carrera 43 A Calle 25 A Sur,Villa Grande,Urbana,"(6.181504184, -75.5817415)"
2170412,02/13/2017,7:30 a.m.,Lunes,Automovil,Particular,Conductor,Masculino,NO,Sin Registro,Solo Daños,Choque,Girar bruscamente,Carrera 43 A Calle 25 A Sur,Villa Grande,Urbana,"(6.181504184, -75.5817415)"
2170407,02/13/2017,1:40 p.m.,Lunes,Motocicleta,Particular,Motociclista,Masculino,NO,Sin Registro,Herido,Atropello,Exceso de velocidad,Carrera 41 Calle 21  Sur,Zuñiga,Urbana,"(6.182090327, -75.57670346)"
2170416,02/13/2017,1:40 p.m.,Lunes,Camioneta,Particular,Conductor,Masculino,NO,Sin Registro,Solo Daños,Choque,No mantener distancia de seguridad,Carrera 48 Calle 31  Sur,Las Vegas,Urbana,"(6.178537792, -75.58885189)"
2170416,02/13/2017,1:40 p.m.,Lunes,Automovil,Particular,Conductor,Masculino,NO,Sin Registro,Solo Daños,Choque,No mantener distancia de seguridad,Carrera 48 Calle 31  Sur,Las Vegas,Urbana,"(6.178537792, -75.58885189)"
2170416,02/13/2017,1:40 p.m.,Lunes,Automovil,Particular,Conductor,Masculino,NO,Sin Registro,Solo Daños,Choque,No mantener distancia de seguridad,Carrera 48 Calle 31  Sur,Las Vegas,Urbana,"(6.178537792, -75.58885189)"
2170417,02/13/2017,7:40 a.m.,Lunes,Campero,Particular,Conductor,Masculino,NO,Sin Registro,Solo Daños,Choque,No mantener distancia de seguridad,Tramo 372 Kilometro  15,Vereda Palmas,Rural,
2170417,02/13/2017,7:40 a.m.,Lunes,Automovil,Publico,Conductor,Masculino,NO,Sin Registro,Solo Daños,Choque,No mantener distancia de seguridad,Tramo 372 Kilometro  15,Vereda Palmas,Rural,
2170436,02/13/2017,10:35 a.m.,Lunes,Motocicleta,Particular,Motociclista,Masculino,NO,Sin Registro,Herido,Atropello,Cruzar sin observar,Calle 50  Sur Carrera 46 A,Las Casitas,Urbana,"(6.16131219, -75.60319818)"
2170414,02/13/2017,2:45 p.m.,Lunes,Automovil,Particular,Conductor,Femenino,NO,Sin Registro,Solo Daños,Choque,Desobedecer senales,Carrera 42 D Calle 46 D Sur,La Paz,Urbana,"(6.161230751, -75.59580607)"
2170414,02/13/2017,2:45 p.m.,Lunes,Automovil,Particular,Conductor,Masculino,NO,Sin Registro,Solo Daños,Choque,Desobedecer senales,Carrera 42 D Calle 46 D Sur,La Paz,Urbana,"(6.161230751, -75.59580607)"
2170406,02/13/2017,10:50 a.m.,Lunes,Camioneta,Particular,Conductor,Masculino,NO,Sin Registro,Solo Daños,Choque,Reverso imprudente,Calle 24  Sur Carrera 38,Sin Registro,Urbana,"(6.177798131, -75.5727217)"
2170406,02/13/2017,10:50 a.m.,Lunes,Camion,Publico,Conductor,Masculino,NO,Sin Registro,Solo Daños,Choque,Reverso imprudente,Calle 24  Sur Carrera 38,Sin Registro,Urbana,"(6.177798131, -75.5727217)"
2170428,02/14/2017,11:00 a.m.,Martes,Motocicleta,Particular,Motociclista,Masculino,NO,Sin Registro,Solo Daños,Choque,Desobedecer senales,Calle 36  Sur Carrera 36,Los Naranjos,Urbana,"(6.16846281, -75.58293939)"
2170428,02/14/2017,11:00 a.m.,Martes,Automovil,Particular,Conductor,Masculino,NO,Sin Registro,Solo Daños,Choque,Desobedecer senales,Calle 36  Sur Carrera 36,Los Naranjos,Urbana,"(6.16846281, -75.58293939)"
2170438,02/14/2017,7:00 p.m.,Martes,Buseta,Publico,Conductor,Masculino,NO,Sin Registro,Herido,Choque,No mantener distancia de seguridad,Carrera 48 Calle 50  Sur,Las Vegas,Urbana,
2170438,02/14/2017,7:00 p.m.,Martes,Automovil,Publico,Conductor,Masculino,NO,Sin Registro,Herido,Choque,No mantener distancia de seguridad,Carrera 48 Calle 50  Sur,Las Vegas,Urbana,
2170435,02/14/2017,10:00 a.m.,Martes,Automovil,Particular,Conductor,Masculino,NO,Sin Registro,Solo Daños,Choque,No respetar prelacion,Calle 38 A Sur Carrera 38,Mesa,Urbana,"(6.167339205, -75.58513636)"
2170435,02/14/2017,10:00 a.m.,Martes,Motocicleta,Particular,Motociclista,Masculino,NO,Sin Registro,Solo Daños,Choque,No respetar prelacion,Calle 38 A Sur Carrera 38,Mesa,Urbana,"(6.167339205, -75.58513636)"
2170423,02/14/2017,12:00 p.m.,Martes,Camioneta,Particular,Conductor,Masculino,NO,Sin Registro,Solo Daños,Choque,Poner en marcha un vehiculo sin precauci,Carrera 43 A Calle 27 A Sur,Sin Registro,Urbana,"(6.178993539, -75.58360591)"
2170423,02/14/2017,12:00 p.m.,Martes,Automovil,Particular,Conductor,Masculino,NO,Sin Registro,Solo Daños,Choque,Poner en marcha un vehiculo sin precauci,Carrera 43 A Calle 27 A Sur,Sin Registro,Urbana,"(6.178993539, -75.58360591)"
2170434,02/14/2017,2:00 p.m.,Martes,Camion,Particular,Conductor,Masculino,NO,Sin Registro,Solo Daños,Choque,Impericia en el manejo,Diagonal 31 Transversal 34 B,Las Flores,Urbana,"(6.172689669, -75.57882729)"
2170434,02/14/2017,2:00 p.m.,Martes,Automovil,Particular,Conductor,Masculino,NO,Sin Registro,Solo Daños,Choque,Impericia en el manejo,Diagonal 31 Transversal 34 B,Las Flores,Urbana,"(6.172689669, -75.57882729)"
2170434,02/14/2017,2:00 p.m.,Martes,Automovil,Publico,Conductor,Masculino,NO,Sin Registro,Solo Daños,Choque,Impericia en el manejo,Diagonal 31 Transversal 34 B,Las Flores,Urbana,"(6.172689669, -75.57882729)"
2170447,02/14/2017,7:30 p.m.,Martes,Camion,Oficial,Conductor,Masculino,NO,Sin Registro,Solo Daños,Choque,Otra,Carrera 42 A Calle 48 C Sur,Loma Del Barro,Urbana,"(6.159133247, -75.59638309)"
2170447,02/14/2017,7:30 p.m.,Martes,Automovil,Particular,Conductor,Masculino,NO,Sin Registro,Solo Daños,Choque,Otra,Carrera 42 A Calle 48 C Sur,Loma Del Barro,Urbana,"(6.159133247, -75.59638309)"
2170424,02/14/2017,8:10 a.m.,Martes,Motocicleta,Particular,Motociclista,Masculino,NO,Sin Registro,Solo Daños,Choque,Exceso de velocidad,Transversal 32 A Sur Diagonal 29,Alto De Misael,Urbana,"(6.175131647, -75.57784847)"
2170424,02/14/2017,8:10 a.m.,Martes,Motocicleta,Particular,Motociclista,Masculino,NO,Sin Registro,Solo Daños,Choque,Exceso de velocidad,Transversal 32 A Sur Diagonal 29,Alto De Misael,Urbana,"(6.175131647, -75.57784847)"
2170437,02/14/2017,9:12 a.m.,Martes,Automovil,Particular,Conductor,Femenino,NO,Sin Registro,Herido,Choque,No mantener distancia de seguridad,Carrera 50 Calle 30  Sur,Las Vegas,Urbana,
2170437,02/14/2017,9:12 a.m.,Martes,Motocicleta,Particular,Motociclista,Masculino,NO,Sin Registro,Herido,Choque,No mantener distancia de seguridad,Carrera 50 Calle 30  Sur,Las Vegas,Urbana,
2170437,02/14/2017,9:12 a.m.,Martes,Motocicleta,Particular,Motociclista,Masculino,NO,Sin Registro,Herido,Choque,No mantener distancia de seguridad,Carrera 50 Calle 30  Sur,Las Vegas,Urbana,
2170427,02/14/2017,10:10 a.m.,Martes,Automovil,Publico,Conductor,Masculino,NO,Sin Registro,Solo Daños,Choque,No mantener distancia de seguridad,Carrera 43 A Calle 21  Sur,Zuñiga,Urbana,"(6.183599544, -75.57940986)"
2170427,02/14/2017,10:10 a.m.,Martes,Motocicleta,Particular,Motociclista,Femenino,NO,Sin Registro,Solo Daños,Choque,No mantener distancia de seguridad,Carrera 43 A Calle 21  Sur,Zuñiga,Urbana,"(6.183599544, -75.57940986)"
2170433,02/14/2017,1:30 p.m.,Martes,Automovil,Particular,Conductor,Femenino,NO,Sin Registro,Solo Daños,Choque,No mantener distancia de seguridad,Carrera 50 Calle 43  Sur,Las Vegas,Urbana,
2170433,02/14/2017,1:30 p.m.,Martes,Motocicleta,Particular,Motociclista,Femenino,NO,Sin Registro,Solo Daños,Choque,No mantener distancia de seguridad,Carrera 50 Calle 43  Sur,Las Vegas,Urbana,
2170446,02/14/2017,1:30 p.m.,Martes,Microbus,Publico,Conductor,Masculino,NO,Sin Registro,Herido,Caida Ocupante,Poner en marcha un vehiculo sin precauci,Tramo 372 Kilometro  8,Vereda El Escobero,Rural,
2170425,02/14/2017,6:40 a.m.,Martes,Automovil,Particular,Conductor,Femenino,NO,Sin Registro,Herido,Choque,Transitar entre vehiculos,Diagonal 31 Transversal 33 A,Las Flores,Urbana,"(6.173761816, -75.5789197)"
2170425,02/14/2017,6:40 a.m.,Martes,Motocicleta,Particular,Motociclista,Masculino,NO,Sin Registro,Herido,Choque,Transitar entre vehiculos,Diagonal 31 Transversal 33 A,Las Flores,Urbana,"(6.173761816, -75.5789197)"
2170422,02/14/2017,6:50 a.m.,Martes,Automovil,Particular,Conductor,Femenino,NO,Sin Registro,Herido,Atropello,Otra,Calle 37 B Sur Carrera 28,Loma De Las Brujas,Urbana,"(6.164360036, -75.57879461)"
2170431,02/14/2017,9:30 p.m.,Martes,Motocicleta,Particular,Motociclista,Masculino,NO,Sin Registro,Solo Daños,Choque,Adelantar en zona prohibida,Calle 36 D Sur Carrera 27 A,Vereda El Escobero,Urbana,"(6.164831751, -75.57423497)"
2170431,02/14/2017,9:30 p.m.,Martes,Automovil,Particular,Conductor,Masculino,NO,Sin Registro,Solo Daños,Choque,Adelantar en zona prohibida,Calle 36 D Sur Carrera 27 A,Vereda El Escobero,Urbana,"(6.164831751, -75.57423497)"
2170426,02/14/2017,11:40 a.m.,Martes,Motocicleta,Diplomatico,Motociclista,Masculino,NO,Sin Registro,Herido,Choque,Transitar entre vehiculos,Calle 34  Sur Carrera 43 A,Zona Centro,Urbana,"(6.173041737, -75.58696982)"
2170426,02/14/2017,11:40 a.m.,Martes,Camioneta,Particular,Conductor,Masculino,NO,Sin Registro,Herido,Choque,Transitar entre vehiculos,Calle 34  Sur Carrera 43 A,Zona Centro,Urbana,"(6.173041737, -75.58696982)"
2170426,02/14/2017,11:40 a.m.,Martes,Automovil,Publico,Conductor,Masculino,NO,Sin Registro,Herido,Choque,Transitar entre vehiculos,Calle 34  Sur Carrera 43 A,Zona Centro,Urbana,"(6.173041737, -75.58696982)"
2170429,02/14/2017,5:50 p.m.,Martes,Buseta,Publico,Conductor,Masculino,NO,Sin Registro,Solo Daños,Choque,Poner en marcha un vehiculo sin precauci,Carrera 48 Calle 25  Sur,Las Vegas,Urbana,"(6.185059174, -75.58329333)"
2170429,02/14/2017,5:50 p.m.,Martes,Camioneta,Publico,Conductor,Masculino,NO,Sin Registro,Solo Daños,Choque,Poner en marcha un vehiculo sin precauci,Carrera 48 Calle 25  Sur,Las Vegas,Urbana,"(6.185059174, -75.58329333)"
2170445,02/15/2017,7:10 p.m.,Miércoles,Volqueta,Publico,Conductor,Masculino,NO,Sin Registro,Solo Daños,Choque,Desobedecer senales,Carrera 50 Calle 37  Sur,Las Vegas,Urbana,
2170445,02/15/2017,7:10 p.m.,Miércoles,Camioneta,Particular,Conductor,Masculino,NO,Sin Registro,Solo Daños,Choque,Desobedecer senales,Carrera 50 Calle 37  Sur,Las Vegas,Urbana,
2170471,02/15/2017,7:30 p.m.,Miércoles,Automovil,Publico,Conductor,Masculino,NO,Sin Registro,Solo Daños,Choque,No mantener distancia de seguridad,Tramo 12 Kilometro  12,Vereda Palmas,Rural,
2170471,02/15/2017,7:30 p.m.,Miércoles,Camioneta,Particular,Conductor,Masculino,NO,Sin Registro,Solo Daños,Choque,No mantener distancia de seguridad,Tramo 12 Kilometro  12,Vereda Palmas,Rural,
2170439,02/15/2017,11:30 a.m.,Miércoles,Camion,Publico,Conductor,Masculino,NO,Sin Registro,Solo Daños,Choque,Exceso de velocidad,Carrera 27 A Calle 36 D Sur,Sin Registro,Urbana,"(6.162396832, -75.57323111)"
2170439,02/15/2017,11:30 a.m.,Miércoles,Automovil,Particular,Conductor,Femenino,NO,Sin Registro,Solo Daños,Choque,Exceso de velocidad,Carrera 27 A Calle 36 D Sur,Sin Registro,Urbana,"(6.162396832, -75.57323111)"
2170568,02/15/2017,1:35 p.m.,Miércoles,Automovil,Particular,Conductor,Femenino,NO,Sin Registro,Solo Daños,Choque,No mantener distancia de seguridad,Calle 46 A Sur Carrera 48,Las Vegas,Urbana,"(6.166989258, -75.60074312)"
2170568,02/15/2017,1:35 p.m.,Miércoles,Automovil,Particular,Conductor,Femenino,NO,Sin Registro,Solo Daños,Choque,No mantener distancia de seguridad,Calle 46 A Sur Carrera 48,Las Vegas,Urbana,"(6.166989258, -75.60074312)"
2170440,02/15/2017,5:50 a.m.,Miércoles,Automovil,Particular,Conductor,Masculino,NO,Sin Registro,Solo Daños,Choque,No mantener distancia de seguridad,Tramo 372 Kilometro  16,Vereda Palmas,Rural,
2170440,02/15/2017,5:50 a.m.,Miércoles,Automovil,Particular,Conductor,Femenino,NO,Sin Registro,Solo Daños,Choque,No mantener distancia de seguridad,Tramo 372 Kilometro  16,Vereda Palmas,Rural,
2170444,02/15/2017,4:40 p.m.,Miércoles,Bus,Publico,Conductor,Masculino,NO,Sin Registro,Solo Daños,Choque,Transitar entre vehiculos,Carrera 48 Calle 25  Sur,Las Vegas,Urbana,"(6.185059174, -75.58329333)"
2170444,02/15/2017,4:40 p.m.,Miércoles,Automovil,Publico,Conductor,Masculino,NO,Sin Registro,Solo Daños,Choque,Transitar entre vehiculos,Carrera 48 Calle 25  Sur,Las Vegas,Urbana,"(6.185059174, -75.58329333)"
2170442,02/15/2017,2:40 p.m.,Miércoles,Motocicleta,Particular,Motociclista,Masculino,NO,Sin Registro,Solo Daños,Choque,Adelantar en zona prohibida,Calle 39  Sur Carrera 29 A,San Jose,Urbana,"(6.164019418, -75.58120807)"
2170442,02/15/2017,2:40 p.m.,Miércoles,Automovil,Particular,Conductor,Masculino,NO,Sin Registro,Solo Daños,Choque,Adelantar en zona prohibida,Calle 39  Sur Carrera 29 A,San Jose,Urbana,"(6.164019418, -75.58120807)"
2170443,02/15/2017,2:40 p.m.,Miércoles,Automovil,Particular,Conductor,Femenino,NO,Sin Registro,Solo Daños,Choque,No respetar prelacion,Carrera 24 Calle 41  Sur,La Mina,Urbana,
2170443,02/15/2017,2:40 p.m.,Miércoles,Motocicleta,Particular,Motociclista,Masculino,NO,Sin Registro,Solo Daños,Choque,No respetar prelacion,Carrera 24 Calle 41  Sur,La Mina,Urbana,
2170457,02/15/2017,6:40 p.m.,Miércoles,Bicicleta,Sin Registro,Ciclista,Masculino,NO,Sin Registro,Solo Daños,Choque,No mantener distancia de seguridad,Tramo 372 Kilometro  12,Vereda Palmas,Rural,
2170457,02/15/2017,6:40 p.m.,Miércoles,Camioneta,Particular,Conductor,Masculino,NO,Sin Registro,Solo Daños,Choque,No mantener distancia de seguridad,Tramo 372 Kilometro  12,Vereda Palmas,Rural,
2170441,02/15/2017,2:50 p.m.,Miércoles,Campero,Particular,Conductor,Masculino,NO,Sin Registro,Solo Daños,Choque,Desobedecer senales,Transversal 32  Sur Diagonal 32 B,La Magnolia,Urbana,"(6.175969516, -75.58353)"
2170441,02/15/2017,2:50 p.m.,Miércoles,Automovil,Particular,Conductor,Masculino,NO,Sin Registro,Solo Daños,Choque,Desobedecer senales,Transversal 32  Sur Diagonal 32 B,La Magnolia,Urbana,"(6.175969516, -75.58353)"
2170842,03/22/2017,9:30 a.m.,Miércoles,Camion,Publico,Conductor,Masculino,NO,Sin Registro,Solo Daños,Choque,Girar bruscamente,Tramo 12 Kilometro  12,Vereda Palmas,Rural,
2170448,02/15/2017,2:50 p.m.,Miércoles,Motocicleta,Particular,Motociclista,Masculino,NO,Sin Registro,Solo Daños,Choque,Adelantar por la derecha,Calle 25  Sur Carrera 45,Zuñiga,Urbana,"(6.182658265, -75.58204251)"
2170448,02/15/2017,2:50 p.m.,Miércoles,Automovil,Particular,Conductor,Masculino,NO,Sin Registro,Solo Daños,Choque,Adelantar por la derecha,Calle 25  Sur Carrera 45,Zuñiga,Urbana,"(6.182658265, -75.58204251)"
2170449,02/16/2017,8:00 a.m.,Jueves,Camioneta,Particular,Conductor,Femenino,NO,Sin Registro,Solo Daños,Choque,No mantener distancia de seguridad,Tramo 372 Kilometro  13,Vereda Palmas,Rural,
2170449,02/16/2017,8:00 a.m.,Jueves,Camioneta,Particular,Conductor,Masculino,NO,Sin Registro,Solo Daños,Choque,No mantener distancia de seguridad,Tramo 372 Kilometro  13,Vereda Palmas,Rural,
2170474,02/16/2017,3:00 p.m.,Jueves,Bus,Publico,Conductor,Masculino,NO,Sin Registro,Solo Daños,Choque,Desobedecer senales,Calle 45 B Sur Carrera 43,La Paz,Urbana,"(6.164485785, -75.59467842)"
2170474,02/16/2017,3:00 p.m.,Jueves,Motocicleta,Particular,Motociclista,Masculino,NO,Sin Registro,Solo Daños,Choque,Desobedecer senales,Calle 45 B Sur Carrera 43,La Paz,Urbana,"(6.164485785, -75.59467842)"
2170449,02/16/2017,8:00 a.m.,Jueves,Campero,Particular,Conductor,Masculino,NO,Sin Registro,Solo Daños,Choque,No mantener distancia de seguridad,Tramo 372 Kilometro  13,Vereda Palmas,Rural,
2170460,02/16/2017,7:00 p.m.,Jueves,Motocicleta,Particular,Motociclista,Masculino,NO,Sin Registro,Herido,Choque,Exceso de velocidad,Tramo 372 Kilometro  15,Vereda Palmas,Rural,
2170460,02/16/2017,7:00 p.m.,Jueves,Camioneta,Publico,Conductor,Masculino,NO,Sin Registro,Herido,Choque,Exceso de velocidad,Tramo 372 Kilometro  15,Vereda Palmas,Rural,
2170479,02/16/2017,7:00 p.m.,Jueves,Bus,Publico,Conductor,Masculino,NO,Sin Registro,Herido,Atropello,Cruzar sin observar,Calle 33  Sur Carrera 43,Zona Centro,Urbana,"(6.173912569, -75.58697473)"
2170459,02/16/2017,7:35 p.m.,Jueves,Motocicleta,Particular,Motociclista,Masculino,NO,Sin Registro,Herido,Caida Ocupante,Impericia en el manejo,Calle 25 A Sur Carrera 43 A,Las Vegas,Urbana,"(6.181689385, -75.58241799)"
2170452,02/16/2017,1:20 p.m.,Jueves,Camioneta,Particular,Conductor,Masculino,NO,Sin Registro,Herido,Choque,Desobedecer senales,Diagonal 32 B Transversal 33 A,Obrero,Urbana,"(6.173859675, -75.58266709)"
2170452,02/16/2017,1:20 p.m.,Jueves,Motocicleta,Particular,Motociclista,Femenino,NO,Sin Registro,Herido,Choque,Desobedecer senales,Diagonal 32 B Transversal 33 A,Obrero,Urbana,"(6.173859675, -75.58266709)"
2170450,02/16/2017,6:15 p.m.,Jueves,Automovil,Particular,Conductor,Masculino,NO,Sin Registro,Solo Daños,Choque,Impericia en el manejo,Carrera 48 Calle 46  Sur,Las Vegas,Urbana,"(6.166195386, -75.59928549)"
2170467,02/16/2017,8:04 p.m.,Jueves,Automovil,Particular,Conductor,Masculino,NO,Sin Registro,Solo Daños,Choque,Impericia en el manejo,Tramo 12 Kilometro  13,Alcala,Rural,
2170467,02/16/2017,8:04 p.m.,Jueves,Camioneta,Particular,Conductor,Masculino,NO,Sin Registro,Solo Daños,Choque,Impericia en el manejo,Tramo 12 Kilometro  13,Alcala,Rural,
2170455,02/16/2017,6:40 a.m.,Jueves,Automovil,Publico,Conductor,Masculino,NO,Sin Registro,Herido,Choque,No mantener distancia de seguridad,Diagonal 31 Transversal 32,La Magnolia,Urbana,"(6.174681134, -75.57847104)"
2170455,02/16/2017,6:40 a.m.,Jueves,Automovil,Particular,Conductor,Masculino,NO,Sin Registro,Herido,Choque,No mantener distancia de seguridad,Diagonal 31 Transversal 32,La Magnolia,Urbana,"(6.174681134, -75.57847104)"
2170455,02/16/2017,6:40 a.m.,Jueves,Automovil,Particular,Conductor,Femenino,NO,Sin Registro,Herido,Choque,No mantener distancia de seguridad,Diagonal 31 Transversal 32,La Magnolia,Urbana,"(6.174681134, -75.57847104)"
2170461,02/16/2017,8:30 p.m.,Jueves,Campero,Particular,Conductor,Masculino,NO,Sin Registro,Herido,Choque,Adelantar por la derecha,Calle 37  Sur Carrera 41,Zona Centro,Urbana,"(6.169855492, -75.58619601)"
2170461,02/16/2017,8:30 p.m.,Jueves,Motocicleta,Particular,Motociclista,Femenino,NO,Sin Registro,Herido,Choque,Adelantar por la derecha,Calle 37  Sur Carrera 41,Zona Centro,Urbana,"(6.169855492, -75.58619601)"
2170476,02/16/2017,8:30 p.m.,Jueves,Campero,Publico,Conductor,Masculino,NO,Sin Registro,Solo Daños,Choque,No mantener distancia de seguridad,Tramo 12 Kilometro  12,Vereda Palmas,Rural,
2170476,02/16/2017,8:30 p.m.,Jueves,Automovil,Particular,Conductor,Femenino,NO,Sin Registro,Solo Daños,Choque,Impericia en el manejo,Tramo 12 Kilometro  12,Vereda Palmas,Rural,
2170476,02/16/2017,8:30 p.m.,Jueves,Automovil,Particular,Conductor,Femenino,NO,Sin Registro,Solo Daños,Choque,No mantener distancia de seguridad,Tramo 12 Kilometro  12,Vereda Palmas,Rural,
2170476,02/16/2017,8:30 p.m.,Jueves,Campero,Publico,Conductor,Masculino,NO,Sin Registro,Solo Daños,Choque,Impericia en el manejo,Tramo 12 Kilometro  12,Vereda Palmas,Rural,
2170453,02/16/2017,5:50 a.m.,Jueves,Motocicleta,Particular,Motociclista,Masculino,NO,Sin Registro,Herido,Choque,Desobedecer senales,Transversal 34 C Sur Diagonal 39,Obrero,Urbana,"(6.171097602, -75.58405138)"
2170453,02/16/2017,5:50 a.m.,Jueves,Bicicleta,Sin Registro,Ciclista,Masculino,NO,Sin Registro,Herido,Choque,Desobedecer senales,Transversal 34 C Sur Diagonal 39,Obrero,Urbana,"(6.171097602, -75.58405138)"