RADICADO,FECHA,HORA,DÍA DE LA SEMANA,CLASE DE VEHICULO,TIPO DE SERVICIO,TIPO DE VICTIMA,SEXO,ESTADO DE BEODEZ,RESULTADO DE BEODEZ,GRAVEDAD,CLASE DE ACCIDENTE,CAUSA,DIRECCIÓN,BARRIO,AREA,Coordenadas
2170454,02/16/2017,6:50 a.m.,Jueves,Automovil,Particular,Conductor,Femenino,NO,Sin Registro,Herido,Choque,No mantener distancia de seguridad,Carrera 43 A Calle 21  Sur,Zuñiga,Urbana,"(6.183599544, -75.57940986)"
2170454,02/16/2017,6:50 a.m.,Jueves,Motocicleta,Particular,Motociclista,Masculino,NO,Sin Registro,Herido,Choque,No mantener distancia de seguridad,Carrera 43 A Calle 21  Sur,Zuñiga,Urbana,"(6.183599544, -75.57940986)"
2170454,02/16/2017,6:50 a.m.,Jueves,Motocicleta,Particular,Motociclista,Femenino,NO,Sin Registro,Herido,Choque,No mantener distancia de seguridad,Carrera 43 A Calle 21  Sur,Zuñiga,Urbana,"(6.183599544, -75.57940986)"
2170456,02/16/2017,10:30 p.m.,Jueves,Motocicleta,Particular,Motociclista,Masculino,NO,Sin Registro,Herido,Choque,No mantener distancia de seguridad,Calle 39 B Sur Carrera 39,Mesa,Urbana,"(6.166296351, -75.58649896)"
2170456,02/16/2017,10:30 p.m.,Jueves,Motocicleta,Particular,Motociclista,Femenino,NO,Sin Registro,Herido,Choque,No mantener distancia de seguridad,Calle 39 B Sur Carrera 39,Mesa,Urbana,"(6.166296351, -75.58649896)"
2170490,02/17/2017,4:10 a.m.,Viernes,Automovil,Publico,Conductor,Masculino,NO,Sin Registro,Solo Daños,Choque,No mantener distancia de seguridad,Diagonal 31 Transversal 35  Sur,La Sebastiana,Urbana,"(6.170095297, -75.57961208)"
2170490,02/17/2017,4:10 a.m.,Viernes,Camion,Publico,Conductor,Masculino,NO,Sin Registro,Solo Daños,Choque,No mantener distancia de seguridad,Diagonal 31 Transversal 35  Sur,La Sebastiana,Urbana,"(6.170095297, -75.57961208)"
2170464,02/17/2017,6:15 a.m.,Viernes,Automovil,Particular,Conductor,Femenino,NO,Sin Registro,Solo Daños,Choque,Impericia en el manejo,Calle 37  Sur Carrera 31,Mesa,Urbana,"(6.166120684, -75.58074061)"
2170464,02/17/2017,6:15 a.m.,Viernes,Automovil,Particular,Conductor,Masculino,NO,Sin Registro,Solo Daños,Choque,Poner en marcha un vehiculo sin precauci,Calle 37  Sur Carrera 31,Mesa,Urbana,"(6.166120684, -75.58074061)"
2170464,02/17/2017,6:15 a.m.,Viernes,Automovil,Particular,Conductor,Masculino,NO,Sin Registro,Solo Daños,Choque,Impericia en el manejo,Calle 37  Sur Carrera 31,Mesa,Urbana,"(6.166120684, -75.58074061)"
2170464,02/17/2017,6:15 a.m.,Viernes,Automovil,Particular,Conductor,Femenino,NO,Sin Registro,Solo Daños,Choque,Poner en marcha un vehiculo sin precauci,Calle 37  Sur Carrera 31,Mesa,Urbana,"(6.166120684, -75.58074061)"
2170470,02/17/2017,12:10 p.m.,Viernes,Automovil,Particular,Conductor,Femenino,NO,Sin Registro,Solo Daños,Choque,Impericia en el manejo,Tramo 12 Kilometro  15,Vereda Palmas,Rural,
2170462,02/17/2017,5:10 p.m.,Viernes,Camioneta,Publico,Conductor,Masculino,NO,Sin Registro,Herido,Choque,Semaforo en rojo,Calle 40  Sur Carrera 48,Las Vegas,Urbana,"(6.158744179, -75.59459712)"
2170462,02/17/2017,5:10 p.m.,Viernes,Automovil,Particular,Conductor,Masculino,NO,Sin Registro,Herido,Choque,Semaforo en rojo,Calle 40  Sur Carrera 48,Las Vegas,Urbana,"(6.158744179, -75.59459712)"
2170477,02/17/2017,12:10 p.m.,Viernes,Campero,Particular,Conductor,Masculino,NO,Sin Registro,Herido,Choque,Desobedecer senales,Calle 22  Sur Carrera 27,Las Vegas,Urbana,
2170477,02/17/2017,12:10 p.m.,Viernes,Automovil,Particular,Conductor,Masculino,NO,Sin Registro,Herido,Choque,Desobedecer senales,Calle 22  Sur Carrera 27,Las Vegas,Urbana,
2170477,02/17/2017,12:10 p.m.,Viernes,Motocicleta,Particular,Motociclista,Masculino,NO,Sin Registro,Herido,Choque,Desobedecer senales,Calle 22  Sur Carrera 27,Las Vegas,Urbana,
2170463,02/17/2017,8:00 p.m.,Viernes,Automovil,Particular,Conductor,Masculino,NO,Sin Registro,Herido,Choque,Poner en marcha un vehiculo sin precauci,Calle 39 A Sur Carrera 28,Las Vegas,Urbana,"(6.160591259, -75.58040928)"
2170463,02/17/2017,8:00 p.m.,Viernes,Motocicleta,Particular,Motociclista,Masculino,NO,Sin Registro,Herido,Choque,Poner en marcha un vehiculo sin precauci,Calle 39 A Sur Carrera 28,Las Vegas,Urbana,"(6.160591259, -75.58040928)"
2170466,02/17/2017,8:30 p.m.,Viernes,Tractocamion,Publico,Conductor,Masculino,NO,Sin Registro,Solo Daños,Choque,Otra,Calle 38 A Sur Carrera 43 A,Zona Centro,Urbana,"(6.169807343, -75.58912536)"
2170469,02/17/2017,8:45 a.m.,Viernes,Automovil,Particular,Conductor,Masculino,NO,Sin Registro,Solo Daños,Choque,No mantener distancia de seguridad,Calle 36 D Sur Carrera 27,Vereda El Escobero,Urbana,"(6.162479576, -75.57022257)"
2170480,02/17/2017,7:40 a.m.,Viernes,Motocicleta,Particular,Motociclista,Masculino,NO,Sin Registro,Solo Daños,Choque,No mantener distancia de seguridad,Tramo 372 Kilometro  11,Vereda Palmas,Rural,
2170480,02/17/2017,7:40 a.m.,Viernes,Camioneta,Particular,Conductor,Masculino,NO,Sin Registro,Solo Daños,Choque,No mantener distancia de seguridad,Tramo 372 Kilometro  11,Vereda Palmas,Rural,
2170480,02/17/2017,7:40 a.m.,Viernes,Automovil,Particular,Conductor,Masculino,NO,Sin Registro,Solo Daños,Choque,No mantener distancia de seguridad,Tramo 372 Kilometro  11,Vereda Palmas,Rural,
2170480,02/17/2017,7:40 a.m.,Viernes,Camioneta,Particular,Conductor,Masculino,NO,Sin Registro,Solo Daños,Choque,No mantener distancia de seguridad,Tramo 372 Kilometro  11,Vereda Palmas,Rural,
2170469,02/17/2017,8:45 a.m.,Viernes,Camioneta,Particular,Conductor,Femenino,NO,Sin Registro,Solo Daños,Choque,No mantener distancia de seguridad,Calle 36 D Sur Carrera 27,Vereda El Escobero,Urbana,"(6.162479576, -75.57022257)"
2170480,02/17/2017,7:40 a.m.,Viernes,Camioneta,Particular,Conductor,Masculino,NO,Sin Registro,Solo Daños,Choque,No mantener distancia de seguridad,Tramo 372 Kilometro  11,Vereda Palmas,Rural,
2170488,02/17/2017,7:50 a.m.,Viernes,Motocicleta,Particular,Motociclista,Masculino,NO,Sin Registro,Solo Daños,Choque,Desobedecer senales,Calle 45 B Sur Carrera 43 A,La Paz,Urbana,"(6.164485785, -75.59467842)"
2170488,02/17/2017,7:50 a.m.,Viernes,Motocicleta,Particular,Motociclista,Masculino,NO,Sin Registro,Solo Daños,Choque,Desobedecer senales,Calle 45 B Sur Carrera 43 A,La Paz,Urbana,"(6.164485785, -75.59467842)"
2170482,02/17/2017,5:50 p.m.,Viernes,Campero,Particular,Conductor,Masculino,NO,Sin Registro,Herido,Choque,Impericia en el manejo,Tramo 371 Kilometro  0,Vereda El Escobero,Rural,
2170482,02/17/2017,5:50 p.m.,Viernes,Motocicleta,Particular,Motociclista,Masculino,NO,Sin Registro,Herido,Choque,Impericia en el manejo,Tramo 371 Kilometro  0,Vereda El Escobero,Rural,
2170489,02/18/2017,11:00 a.m.,Sábado,Automovil,Particular,Conductor,Masculino,NO,Sin Registro,Solo Daños,Choque,Adelantar por la derecha,Calle 31  Sur Carrera 43 A,San Marcos,Urbana,"(6.176823564, -75.58539215)"
2170489,02/18/2017,11:00 a.m.,Sábado,Motocicleta,Particular,Motociclista,Masculino,NO,Sin Registro,Solo Daños,Choque,Adelantar por la derecha,Calle 31  Sur Carrera 43 A,San Marcos,Urbana,"(6.176823564, -75.58539215)"
2170498,02/18/2017,1:00 p.m.,Sábado,Buseta,Publico,Conductor,Masculino,NO,Sin Registro,Solo Daños,Choque,No mantener distancia de seguridad,Carrera 43 A Calle 38  Sur,Zona Centro,Urbana,"(6.170421178, -75.58859877)"
2170498,02/18/2017,1:00 p.m.,Sábado,Camioneta,Particular,Conductor,Masculino,NO,Sin Registro,Solo Daños,Choque,No mantener distancia de seguridad,Carrera 43 A Calle 38  Sur,Zona Centro,Urbana,"(6.170421178, -75.58859877)"
2170501,02/18/2017,1:00 p.m.,Sábado,Automovil,Particular,Conductor,Masculino,NO,Sin Registro,Solo Daños,Choque,No mantener distancia de seguridad,Calle 37  Sur Carrera 48,Glorieta De Peldar,Urbana,"(6.17412211, -75.59306111)"
2170501,02/18/2017,1:00 p.m.,Sábado,Camion,Publico,Conductor,Masculino,NO,Sin Registro,Solo Daños,Choque,No mantener distancia de seguridad,Calle 37  Sur Carrera 48,Glorieta De Peldar,Urbana,"(6.17412211, -75.59306111)"
2170468,02/18/2017,7:10 p.m.,Sábado,Automovil,Particular,Conductor,Masculino,NO,Sin Registro,Herido,Choque,Semaforo en rojo,Calle 25  Sur Carrera 43 A,Zuñiga,Urbana,"(6.181560189, -75.58201649)"
2170468,02/18/2017,7:10 p.m.,Sábado,Motocicleta,Particular,Motociclista,Masculino,NO,Sin Registro,Herido,Choque,Semaforo en rojo,Calle 25  Sur Carrera 43 A,Zuñiga,Urbana,"(6.181560189, -75.58201649)"
2170468,02/18/2017,7:10 p.m.,Sábado,Motocicleta,Particular,Motociclista,Masculino,NO,Sin Registro,Herido,Choque,Semaforo en rojo,Calle 25  Sur Carrera 43 A,Zuñiga,Urbana,"(6.181560189, -75.58201649)"
2170789,02/18/2017,12:00 p.m.,Sábado,Automovil,Particular,Conductor,Femenino,NO,Sin Registro,Solo Daños,Choque,Otra,Calle 27  Sur Carrera 28,Las Vegas,Urbana,"(6.175346318, -75.5745834)"
2170789,02/18/2017,12:00 p.m.,Sábado,Motocicleta,Particular,Motociclista,Sin Registro,NO,Sin Registro,Solo Daños,Choque,Otra,Calle 27  Sur Carrera 28,Las Vegas,Urbana,"(6.175346318, -75.5745834)"
2170500,02/18/2017,12:20 p.m.,Sábado,Bus,Publico,Conductor,Masculino,NO,Sin Registro,Solo Daños,Choque,No mantener distancia de seguridad,Carrera 43 A Calle 36  Sur,El Portal,Urbana,"(6.171753325, -75.58772767)"
2170500,02/18/2017,12:20 p.m.,Sábado,Automovil,Publico,Conductor,Masculino,NO,Sin Registro,Solo Daños,Choque,No mantener distancia de seguridad,Carrera 43 A Calle 36  Sur,El Portal,Urbana,"(6.171753325, -75.58772767)"
2170465,02/18/2017,11:30 a.m.,Sábado,Camioneta,Particular,Conductor,Femenino,NO,Sin Registro,Herido,Choque,No mantener distancia de seguridad,Calle 37  Sur Carrera 50,Las Vegas,Urbana,
2170465,02/18/2017,11:30 a.m.,Sábado,Camioneta,Particular,Conductor,Masculino,NO,Sin Registro,Herido,Choque,No mantener distancia de seguridad,Calle 37  Sur Carrera 50,Las Vegas,Urbana,
2170491,02/18/2017,9:30 a.m.,Sábado,Motocicleta,Particular,Motociclista,Masculino,NO,Sin Registro,Solo Daños,Choque,No mantener distancia de seguridad,Calle 46  Sur Carrera 48,Las Vegas,Urbana,"(6.162824447, -75.59968661)"
2170491,02/18/2017,9:30 a.m.,Sábado,Automovil,Publico,Conductor,Masculino,NO,Sin Registro,Solo Daños,Choque,No mantener distancia de seguridad,Calle 46  Sur Carrera 48,Las Vegas,Urbana,"(6.162824447, -75.59968661)"
2170481,02/18/2017,1:50 p.m.,Sábado,Automovil,Particular,Conductor,Femenino,NO,Sin Registro,Solo Daños,Choque,Desobedecer senales,Carrera 42 Calle 36  Sur,Zona Centro,Urbana,"(6.170966181, -75.5864635)"
2170481,02/18/2017,1:50 p.m.,Sábado,Automovil,Particular,Conductor,Femenino,NO,Sin Registro,Solo Daños,Choque,Desobedecer senales,Carrera 42 Calle 36  Sur,Zona Centro,Urbana,"(6.170966181, -75.5864635)"
2170502,02/18/2017,9:30 p.m.,Sábado,Camioneta,Particular,Conductor,Masculino,NO,Sin Registro,Solo Daños,Choque,Reverso imprudente,Calle 39  Sur Carrera 25,El Chinguí,Urbana,"(6.157563812, -75.57922413)"
2170502,02/18/2017,9:30 p.m.,Sábado,Campero,Particular,Conductor,Masculino,NO,Sin Registro,Solo Daños,Choque,Reverso imprudente,Calle 39  Sur Carrera 25,El Chinguí,Urbana,"(6.157563812, -75.57922413)"
2170485,02/19/2017,7:00 p.m.,Domingo,Bus,Publico,Conductor,Masculino,NO,Sin Registro,Herido,Choque,No mantener distancia de seguridad,Calle 37  Sur Diagonal 31,Manuel Uribe Angel,Urbana,"(6.166120684, -75.58074061)"
2170485,02/19/2017,7:00 p.m.,Domingo,Automovil,Particular,Conductor,Masculino,NO,Sin Registro,Herido,Choque,No mantener distancia de seguridad,Calle 37  Sur Diagonal 31,Manuel Uribe Angel,Urbana,"(6.166120684, -75.58074061)"
2170484,02/19/2017,5:00 p.m.,Domingo,Motocicleta,Particular,Motociclista,Masculino,NO,Sin Registro,Herido,Choque,Girar bruscamente,Calle 38  Sur Carrera 38,Mesa,Urbana,"(6.16803936, -75.58469435)"
2170484,02/19/2017,5:00 p.m.,Domingo,Motocicleta,Particular,Motociclista,Femenino,NO,Sin Registro,Herido,Choque,No mantener distancia de seguridad,Calle 38  Sur Carrera 38,Mesa,Urbana,"(6.16803936, -75.58469435)"
2170484,02/19/2017,5:00 p.m.,Domingo,Motocicleta,Particular,Motociclista,Femenino,NO,Sin Registro,Herido,Choque,Girar bruscamente,Calle 38  Sur Carrera 38,Mesa,Urbana,"(6.16803936, -75.58469435)"
2170484,02/19/2017,5:00 p.m.,Domingo,Motocicleta,Particular,Motociclista,Masculino,NO,Sin Registro,Herido,Choque,No mantener distancia de seguridad,Calle 38  Sur Carrera 38,Mesa,Urbana,"(6.16803936, -75.58469435)"
2170484,02/19/2017,5:00 p.m.,Domingo,Motocicleta,Particular,Motociclista,Masculino,NO,Sin Registro,Herido,Choque,Girar bruscamente,Calle 38  Sur Carrera 38,Mesa,Urbana,"(6.16803936, -75.58469435)"
2170484,02/19/2017,5:00 p.m.,Domingo,Motocicleta,Particular,Motociclista,Masculino,NO,Sin Registro,Herido,Choque,No mantener distancia de seguridad,Calle 38  Sur Carrera 38,Mesa,Urbana,"(6.16803936, -75.58469435)"
2170492,02/19/2017,2:00 p.m.,Domingo,Motocicleta,Particular,Motociclista,Masculino,NO,Sin Registro,Solo Daños,Choque,No mantener distancia de seguridad,Calle 48 C Sur Carrera 42 D,Loma Del Barro,Urbana,"(6.161910694, -75.59685426)"
2170492,02/19/2017,2:00 p.m.,Domingo,Motocicleta,Particular,Motociclista,Masculino,NO,Sin Registro,Solo Daños,Choque,No mantener distancia de seguridad,Calle 48 C Sur Carrera 42 D,Loma Del Barro,Urbana,"(6.161910694, -75.59685426)"
2170478,02/19/2017,7:05 p.m.,Domingo,Motocicleta,Particular,Motociclista,Masculino,NO,Sin Registro,Herido,Caida Ocupante,Impericia en el manejo,Calle 36 D Sur Carrera 27,Vereda El Escobero,Urbana,"(6.162479576, -75.57022257)"
2170483,02/19/2017,3:30 p.m.,Domingo,Automovil,Particular,Conductor,Masculino,NO,Sin Registro,Herido,Choque,Semaforo en rojo,Calle 45  Sur Carrera 43,Primavera,Urbana,"(6.164788767, -75.59421113)"
2170483,02/19/2017,3:30 p.m.,Domingo,Automovil,Publico,Conductor,Masculino,NO,Sin Registro,Herido,Choque,Semaforo en rojo,Calle 45  Sur Carrera 43,Primavera,Urbana,"(6.164788767, -75.59421113)"
2170473,02/19/2017,9:10 p.m.,Domingo,Automovil,Particular,Conductor,Masculino,NO,Sin Registro,Solo Daños,Choque,No mantener distancia de seguridad,Diagonal 31 C Sur Transversal 32 A,La Magnolia,Urbana,"(6.176220433, -75.58061865)"
2170473,02/19/2017,9:10 p.m.,Domingo,Automovil,Particular,Conductor,Masculino,NO,Sin Registro,Solo Daños,Choque,No mantener distancia de seguridad,Diagonal 31 C Sur Transversal 32 A,La Magnolia,Urbana,"(6.176220433, -75.58061865)"
2170495,02/19/2017,3:40 p.m.,Domingo,Automovil,Particular,Conductor,Masculino,NO,Sin Registro,Solo Daños,Choque,No mantener distancia de seguridad,Tramo 372 Kilometro  14,Vereda Palmas,Rural,
2170495,02/19/2017,3:40 p.m.,Domingo,Automovil,Particular,Conductor,Masculino,NO,Sin Registro,Solo Daños,Choque,No mantener distancia de seguridad,Tramo 372 Kilometro  14,Vereda Palmas,Rural,
2170458,02/19/2017,9:45 p.m.,Domingo,Automovil,Particular,Conductor,Masculino,NO,Sin Registro,Muerto,Atropello,Cruzar sin observar,Calle 25  Sur Carrera 50,Las Vegas,Urbana,
2170487,02/19/2017,9:50 p.m.,Domingo,Automovil,Particular,Conductor,Masculino,NO,Sin Registro,Herido,Choque,No mantener distancia de seguridad,Calle 30  Sur Carrera 50,Las Vegas,Urbana,
2170487,02/19/2017,9:50 p.m.,Domingo,Automovil,Particular,Conductor,Masculino,NO,Sin Registro,Herido,Choque,Impericia en el manejo,Calle 30  Sur Carrera 50,Las Vegas,Urbana,
2170487,02/19/2017,9:50 p.m.,Domingo,Automovil,Particular,Conductor,Masculino,NO,Sin Registro,Herido,Choque,No mantener distancia de seguridad,Calle 30  Sur Carrera 50,Las Vegas,Urbana,
2170487,02/19/2017,9:50 p.m.,Domingo,Automovil,Particular,Conductor,Femenino,NO,Sin Registro,Herido,Choque,Impericia en el manejo,Calle 30  Sur Carrera 50,Las Vegas,Urbana,
2173859,12/25/2017,1:00 p.m.,Lunes,Bus,Publico,Conductor,Masculino,NO,Sin Registro,Herido,Choque,Salirse de la calzada,Tramo 12 Kilometro  17,Vereda Palmas,Rural,
2170487,02/19/2017,9:50 p.m.,Domingo,Automovil,Particular,Conductor,Femenino,NO,Sin Registro,Herido,Choque,No mantener distancia de seguridad,Calle 30  Sur Carrera 50,Las Vegas,Urbana,
2170487,02/19/2017,9:50 p.m.,Domingo,Automovil,Particular,Conductor,Masculino,NO,Sin Registro,Herido,Choque,Impericia en el manejo,Calle 30  Sur Carrera 50,Las Vegas,Urbana,
2170504,02/19/2017,2:50 p.m.,Domingo,Camioneta,Particular,Conductor,Masculino,NO,Sin Registro,Solo Daños,Choque,No mantener distancia de seguridad,Calle 37  Sur Carrera 43,Zona Centro,Urbana,"(6.170662973, -75.58744852)"
2170504,02/19/2017,2:50 p.m.,Domingo,Automovil,Particular,Conductor,Masculino,NO,Sin Registro,Solo Daños,Choque,No mantener distancia de seguridad,Calle 37  Sur Carrera 43,Zona Centro,Urbana,"(6.170662973, -75.58744852)"
2170475,02/19/2017,10:30 p.m.,Domingo,Camioneta,Particular,Conductor,Femenino,NO,Sin Registro,Herido,Choque,No mantener distancia de seguridad,Calle 26  Sur Carrera 50,Las Vegas,Urbana,
2170475,02/19/2017,10:30 p.m.,Domingo,Motocicleta,Particular,Motociclista,Masculino,SI,1,Herido,Choque,No mantener distancia de seguridad,Calle 26  Sur Carrera 50,Las Vegas,Urbana,
2170496,02/20/2017,9:00 a.m.,Lunes,Automovil,Particular,Conductor,Femenino,NO,Sin Registro,Solo Daños,Choque,No mantener distancia de seguridad,Tramo 372 Kilometro  1,Vereda Palmas,Rural,
2170496,02/20/2017,9:00 a.m.,Lunes,Motocicleta,Particular,Motociclista,Masculino,NO,Sin Registro,Solo Daños,Choque,No mantener distancia de seguridad,Tramo 372 Kilometro  1,Vereda Palmas,Rural,
2170494,02/20/2017,9:20 a.m.,Lunes,Bus,Publico,Conductor,Masculino,NO,Sin Registro,Solo Daños,Choque,Impericia en el manejo,Calle 40 H Sur Carrera 41,El Dorado,Urbana,"(6.164634475, -75.59046213)"
2170494,02/20/2017,9:20 a.m.,Lunes,Automovil,Particular,Conductor,Masculino,NO,Sin Registro,Solo Daños,Choque,Impericia en el manejo,Calle 40 H Sur Carrera 41,El Dorado,Urbana,"(6.164634475, -75.59046213)"
2170486,02/20/2017,1:20 a.m.,Lunes,Automovil,Publico,Conductor,Masculino,NO,Sin Registro,Herido,Choque,Semaforo en rojo,Calle 21  Sur Carrera 43 A,Las Vegas,Urbana,"(6.18399286, -75.57959764)"
2170486,02/20/2017,1:20 a.m.,Lunes,Motocicleta,Particular,Motociclista,Masculino,NO,Sin Registro,Herido,Choque,Semaforo en rojo,Calle 21  Sur Carrera 43 A,Las Vegas,Urbana,"(6.18399286, -75.57959764)"
2170499,02/20/2017,6:30 p.m.,Lunes,Automovil,Particular,Conductor,Femenino,NO,Sin Registro,Solo Daños,Choque,No mantener distancia de seguridad,Calle 30  Sur Carrera 43 A,San Marcos,Urbana,"(6.177126039, -75.5852509)"
2170499,02/20/2017,6:30 p.m.,Lunes,Automovil,Particular,Conductor,Masculino,NO,Sin Registro,Solo Daños,Choque,No mantener distancia de seguridad,Calle 30  Sur Carrera 43 A,San Marcos,Urbana,"(6.177126039, -75.5852509)"
2170497,02/20/2017,3:45 p.m.,Lunes,Camioneta,Particular,Conductor,Masculino,NO,Sin Registro,Solo Daños,Choque,Exceso de velocidad,Tramo 371 Kilometro  7,Vereda El Escobero,Rural,
2170497,02/20/2017,3:45 p.m.,Lunes,Camioneta,Particular,Conductor,Masculino,NO,Sin Registro,Solo Daños,Choque,Exceso de velocidad,Tramo 371 Kilometro  7,Vereda El Escobero,Rural,
2170493,02/20/2017,2:50 p.m.,Lunes,Automovil,Publico,Conductor,Masculino,NO,Sin Registro,Solo Daños,Choque,No mantener distancia de seguridad,Calle 37  Sur Carrera 45 A,El Portal,Urbana,"(6.172226705, -75.5897566)"
2170493,02/20/2017,2:50 p.m.,Lunes,Bus,Publico,Conductor,Masculino,NO,Sin Registro,Solo Daños,Choque,No mantener distancia de seguridad,Calle 37  Sur Carrera 45 A,El Portal,Urbana,"(6.172226705, -75.5897566)"
2170507,02/21/2017,7:10 a.m.,Martes,Bus,Publico,Conductor,Masculino,NO,Sin Registro,Solo Daños,Choque,Impericia en el manejo,Calle 50  Sur Carrera 48,Las Casitas,Urbana,
2170507,02/21/2017,7:10 a.m.,Martes,Camioneta,Particular,Conductor,Masculino,NO,Sin Registro,Solo Daños,Choque,Impericia en el manejo,Calle 50  Sur Carrera 48,Las Casitas,Urbana,
2170528,02/21/2017,6:10 p.m.,Martes,Automovil,Particular,Conductor,Masculino,NO,Sin Registro,Solo Daños,Choque,No mantener distancia de seguridad,Carrera 50 Calle 44  Sur,Las Vegas,Urbana,
2170528,02/21/2017,6:10 p.m.,Martes,Sin Registro,Publico,Conductor,Masculino,NO,Sin Registro,Solo Daños,Choque,No mantener distancia de seguridad,Carrera 50 Calle 44  Sur,Las Vegas,Urbana,
2170527,02/21/2017,5:10 p.m.,Martes,Bus,Publico,Conductor,Masculino,NO,Sin Registro,Solo Daños,Choque,No mantener distancia de seguridad,Calle 38 B Sur Carrera 43 A,Las Vegas,Urbana,"(6.169421121, -75.5893289)"
2170527,02/21/2017,5:10 p.m.,Martes,Automovil,Particular,Conductor,Femenino,NO,Sin Registro,Solo Daños,Choque,No mantener distancia de seguridad,Calle 38 B Sur Carrera 43 A,Las Vegas,Urbana,"(6.169421121, -75.5893289)"
2170505,02/21/2017,7:20 a.m.,Martes,Motocicleta,Particular,Motociclista,Masculino,NO,Sin Registro,Solo Daños,Choque,Transitar entre vehiculos,Calle 39 B Sur Carrera 50,Las Vegas,Urbana,
2170505,02/21/2017,7:20 a.m.,Martes,Automovil,Publico,Conductor,Masculino,NO,Sin Registro,Solo Daños,Choque,Transitar entre vehiculos,Calle 39 B Sur Carrera 50,Las Vegas,Urbana,
2170505,02/21/2017,7:20 a.m.,Martes,Motocicleta,Particular,Motociclista,Masculino,NO,Sin Registro,Solo Daños,Choque,Transitar entre vehiculos,Calle 39 B Sur Carrera 50,Las Vegas,Urbana,
2170525,02/21/2017,8:20 p.m.,Martes,Automovil,Particular,Conductor,Masculino,NO,Sin Registro,Solo Daños,Choque,Exceso de velocidad,Calle 40  Sur Carrera 28 B,El Salado,Urbana,"(6.160728003, -75.58142402)"
2170525,02/21/2017,8:20 p.m.,Martes,Motocicleta,Particular,Motociclista,Masculino,NO,Sin Registro,Solo Daños,Choque,Exceso de velocidad,Calle 40  Sur Carrera 28 B,El Salado,Urbana,"(6.160728003, -75.58142402)"
2170506,02/21/2017,10:20 a.m.,Martes,Camioneta,Particular,Conductor,Masculino,NO,Sin Registro,Solo Daños,Choque,Reverso imprudente,Calle 38 A Sur Carrera 38,Mesa,Urbana,"(6.167339205, -75.58513636)"
2170506,02/21/2017,10:20 a.m.,Martes,Motocicleta,Particular,Motociclista,Masculino,NO,Sin Registro,Solo Daños,Choque,Reverso imprudente,Calle 38 A Sur Carrera 38,Mesa,Urbana,"(6.167339205, -75.58513636)"
2170512,02/21/2017,9:30 a.m.,Martes,Campero,Particular,Conductor,Masculino,NO,Sin Registro,Herido,Choque,Adelantar cerrando,Tramo 372 Kilometro  14,Vereda Palmas,Rural,
2170512,02/21/2017,9:30 a.m.,Martes,Motocicleta,Particular,Motociclista,Masculino,NO,Sin Registro,Herido,Choque,Exceso de velocidad,Tramo 372 Kilometro  14,Vereda Palmas,Rural,
2170512,02/21/2017,9:30 a.m.,Martes,Motocicleta,Particular,Motociclista,Masculino,NO,Sin Registro,Herido,Choque,Adelantar cerrando,Tramo 372 Kilometro  14,Vereda Palmas,Rural,
2170512,02/21/2017,9:30 a.m.,Martes,Campero,Particular,Conductor,Masculino,NO,Sin Registro,Herido,Choque,Exceso de velocidad,Tramo 372 Kilometro  14,Vereda Palmas,Rural,
2173106,02/21/2017,7:30 a.m.,Martes,Motocicleta,Particular,Motociclista,Masculino,NO,Sin Registro,Herido,Choque,No mantener distancia de seguridad,Tramo 372 Kilometro  13,Vereda Palmas,Rural,
2173106,02/21/2017,7:30 a.m.,Martes,Campero,Particular,Conductor,Masculino,NO,Sin Registro,Herido,Choque,No mantener distancia de seguridad,Tramo 372 Kilometro  13,Vereda Palmas,Rural,
2170503,02/21/2017,1:50 p.m.,Martes,Microbus,Publico,Conductor,Masculino,NO,Sin Registro,Solo Daños,Choque,Desobedecer senales,Calle 38 A Sur Carrera 33,Mesa,Urbana,"(6.165645413, -75.58254878)"
2170503,02/21/2017,1:50 p.m.,Martes,Camioneta,Particular,Conductor,Femenino,NO,Sin Registro,Solo Daños,Choque,Desobedecer senales,Calle 38 A Sur Carrera 33,Mesa,Urbana,"(6.165645413, -75.58254878)"
2170526,02/21/2017,3:50 p.m.,Martes,Campero,Particular,Conductor,Femenino,NO,Sin Registro,Solo Daños,Choque,Adelantar invadiendo carril del mismo sentido en zigzag,Calle 49  Sur Carrera 48,Las Vegas,Urbana,"(6.163238618, -75.60250718)"
2170526,02/21/2017,3:50 p.m.,Martes,Campero,Particular,Conductor,Masculino,NO,Sin Registro,Solo Daños,Choque,Adelantar invadiendo carril del mismo sentido en zigzag,Calle 49  Sur Carrera 48,Las Vegas,Urbana,"(6.163238618, -75.60250718)"
2170533,02/21/2017,3:50 p.m.,Martes,Motocicleta,Particular,Motociclista,Masculino,NO,Sin Registro,Solo Daños,Choque,Desobedecer senales,Calle 37  Sur Carrera 46 B,Alcala,Urbana,"(6.172613713, -75.59090911)"
2170533,02/21/2017,3:50 p.m.,Martes,Automovil,Particular,Conductor,Masculino,NO,Sin Registro,Solo Daños,Choque,Desobedecer senales,Calle 37  Sur Carrera 46 B,Alcala,Urbana,"(6.172613713, -75.59090911)"