RADICADO,FECHA,HORA,DÍA DE LA SEMANA,CLASE DE VEHICULO,TIPO DE SERVICIO,TIPO DE VICTIMA,SEXO,ESTADO DE BEODEZ,RESULTADO DE BEODEZ,GRAVEDAD,CLASE DE ACCIDENTE,CAUSA,DIRECCIÓN,BARRIO,AREA,Coordenadas
2170513,02/22/2017,3:00 p.m.,Miércoles,Motocicleta,Particular,Motociclista,Masculino,NO,Sin Registro,Herido,Choque,No respetar prelacion,Calle 41 A Sur Carrera 26,San Rafael,Urbana,"(6.157546483, -75.58338635)"
2170513,02/22/2017,3:00 p.m.,Miércoles,Bicicleta,Sin Registro,Ciclista,Masculino,NO,Sin Registro,Herido,Choque,No respetar prelacion,Calle 41 A Sur Carrera 26,San Rafael,Urbana,"(6.157546483, -75.58338635)"
2170517,02/22/2017,6:10 a.m.,Miércoles,Microbus,Publico,Conductor,Masculino,NO,Sin Registro,Solo Daños,Choque,Impericia en el manejo,Calle 40 B Sur Carrera 37,El Dorado,Urbana,"(6.164256506, -75.58642)"
2170517,02/22/2017,6:10 a.m.,Miércoles,Automovil,Particular,Conductor,Masculino,NO,Sin Registro,Solo Daños,Choque,Impericia en el manejo,Calle 40 B Sur Carrera 37,El Dorado,Urbana,"(6.164256506, -75.58642)"
2170531,02/22/2017,7:50 p.m.,Miércoles,Automovil,Particular,Conductor,Femenino,NO,Sin Registro,Solo Daños,Choque,Reverso imprudente,Carrera 46 Calle 48 C Sur,Las Casitas,Urbana,"(6.162824447, -75.59968661)"
2170531,02/22/2017,7:50 p.m.,Miércoles,Automovil,Particular,Conductor,Masculino,NO,Sin Registro,Solo Daños,Choque,Reverso imprudente,Carrera 46 Calle 48 C Sur,Las Casitas,Urbana,"(6.162824447, -75.59968661)"
2170529,02/22/2017,11:30 a.m.,Miércoles,Automovil,Particular,Conductor,Masculino,NO,Sin Registro,Solo Daños,Choque,Reverso imprudente,Calle 50 A Sur Carrera 42 D,Las Vegas,Urbana,"(6.159058572, -75.60210262)"
2170529,02/22/2017,11:30 a.m.,Miércoles,Automovil,Particular,Conductor,Masculino,NO,Sin Registro,Solo Daños,Choque,Reverso imprudente,Calle 50 A Sur Carrera 42 D,Las Vegas,Urbana,"(6.159058572, -75.60210262)"
2170509,02/22/2017,8:30 a.m.,Miércoles,Automovil,Particular,Conductor,Masculino,NO,Sin Registro,Solo Daños,Choque,No respetar prelacion,Calle 38 A Sur Carrera 43 A,Zona Centro,Urbana,"(6.169807343, -75.58912536)"
2170509,02/22/2017,8:30 a.m.,Miércoles,Automovil,Particular,Conductor,Masculino,NO,Sin Registro,Solo Daños,Choque,No respetar prelacion,Calle 38 A Sur Carrera 43 A,Zona Centro,Urbana,"(6.169807343, -75.58912536)"
2170508,02/22/2017,8:42 a.m.,Miércoles,Motocicleta,Particular,Motociclista,Masculino,NO,Sin Registro,Muerto,Choque,Semaforo en rojo,Calle 30  Sur Carrera 48,Las Vegas,Urbana,"(6.180376127, -75.59028805)"
2170508,02/22/2017,8:42 a.m.,Miércoles,Bus,Publico,Conductor,Masculino,NO,Sin Registro,Muerto,Choque,Semaforo en rojo,Calle 30  Sur Carrera 48,Las Vegas,Urbana,"(6.180376127, -75.59028805)"
2170519,02/22/2017,1:50 p.m.,Miércoles,Camioneta,Particular,Conductor,Femenino,NO,Sin Registro,Solo Daños,Choque,Frenar bruscamente,Calle 35  Sur Carrera 41,Zona Centro,Urbana,"(6.171300757, -75.58534224)"
2170519,02/22/2017,1:50 p.m.,Miércoles,Automovil,Diplomatico,Conductor,Masculino,NO,Sin Registro,Solo Daños,Choque,Frenar bruscamente,Calle 35  Sur Carrera 41,Zona Centro,Urbana,"(6.171300757, -75.58534224)"
2170510,02/22/2017,12:40 p.m.,Miércoles,Campero,Particular,Conductor,Femenino,NO,Sin Registro,Herido,Choque,Desobedecer senales,Diagonal 33 Transversal 34 A Sur,Obrero,Urbana,"(6.172216386, -75.58364915)"
2170510,02/22/2017,12:40 p.m.,Miércoles,Motocicleta,Particular,Motociclista,Masculino,NO,Sin Registro,Herido,Choque,Desobedecer senales,Diagonal 33 Transversal 34 A Sur,Obrero,Urbana,"(6.172216386, -75.58364915)"
2170621,02/22/2017,8:50 a.m.,Miércoles,Automovil,Diplomatico,Conductor,Femenino,NO,Sin Registro,Solo Daños,Choque,No mantener distancia de seguridad,Calle 37  Sur Carrera 28,Vereda El Escobero,Urbana,"(6.165679454, -75.57834042)"
2170621,02/22/2017,8:50 a.m.,Miércoles,Automovil,Particular,Conductor,Masculino,NO,Sin Registro,Solo Daños,Choque,No mantener distancia de seguridad,Calle 37  Sur Carrera 28,Vereda El Escobero,Urbana,"(6.165679454, -75.57834042)"
2170621,02/22/2017,8:50 a.m.,Miércoles,Automovil,Particular,Conductor,Masculino,NO,Sin Registro,Solo Daños,Choque,No mantener distancia de seguridad,Calle 37  Sur Carrera 28,Vereda El Escobero,Urbana,"(6.165679454, -75.57834042)"
2170518,02/22/2017,9:45 a.m.,Miércoles,Camion,Publico,Conductor,Masculino,NO,Sin Registro,Solo Daños,Choque,Impericia en el manejo,Calle 27 B Sur Carrera 27 B,Las Vegas,Urbana,"(6.169317472, -75.57221226)"
2170511,02/22/2017,10:20 p.m.,Miércoles,Motocicleta,Particular,Motociclista,Masculino,NO,Sin Registro,Herido,Choque,Otra,Calle 45 B Sur Carrera 43 A,La Paz,Urbana,"(6.164485785, -75.59467842)"
2170511,02/22/2017,10:20 p.m.,Miércoles,Automovil,Particular,Conductor,Masculino,NO,Sin Registro,Herido,Choque,Otra,Calle 45 B Sur Carrera 43 A,La Paz,Urbana,"(6.164485785, -75.59467842)"
2170532,02/23/2017,8:00 a.m.,Jueves,Automovil,Particular,Conductor,Masculino,NO,Sin Registro,Solo Daños,Choque,No mantener distancia de seguridad,Calle 43  Sur Carrera 50,Las Vegas,Urbana,"(6.159203801, -75.60259496)"
2170532,02/23/2017,8:00 a.m.,Jueves,Camion,Publico,Conductor,Masculino,NO,Sin Registro,Solo Daños,Choque,No mantener distancia de seguridad,Calle 43  Sur Carrera 50,Las Vegas,Urbana,"(6.159203801, -75.60259496)"
2170542,02/23/2017,10:00 a.m.,Jueves,Campero,Particular,Conductor,Femenino,NO,Sin Registro,Herido,Choque,Adelantar por la derecha,Calle 36 D Sur Carrera 27,Las Vegas,Urbana,"(6.162479576, -75.57022257)"
2170542,02/23/2017,10:00 a.m.,Jueves,Motocicleta,Diplomatico,Motociclista,Masculino,NO,Sin Registro,Herido,Choque,Adelantar por la derecha,Calle 36 D Sur Carrera 27,Las Vegas,Urbana,"(6.162479576, -75.57022257)"
2170524,02/23/2017,9:10 a.m.,Jueves,Buseta,Publico,Conductor,Masculino,NO,Sin Registro,Solo Daños,Choque,Otra,Calle 39  Sur Carrera 34,Mesa,Urbana,"(6.16529284, -75.58347796)"
2170524,02/23/2017,9:10 a.m.,Jueves,Automovil,Particular,Conductor,Femenino,NO,Sin Registro,Solo Daños,Choque,Otra,Calle 39  Sur Carrera 34,Mesa,Urbana,"(6.16529284, -75.58347796)"
2170546,02/23/2017,2:10 p.m.,Jueves,Motocicleta,Particular,Motociclista,Masculino,NO,Sin Registro,Solo Daños,Choque,No mantener distancia de seguridad,Calle 49  Sur Carrera 48,Las Vegas,Urbana,"(6.163238618, -75.60250718)"
2170546,02/23/2017,2:10 p.m.,Jueves,Camioneta,Particular,Conductor,Masculino,NO,Sin Registro,Solo Daños,Choque,No mantener distancia de seguridad,Calle 49  Sur Carrera 48,Las Vegas,Urbana,"(6.163238618, -75.60250718)"
2170565,02/23/2017,8:00 p.m.,Jueves,Automovil,Particular,Conductor,Masculino,NO,Sin Registro,Solo Daños,Choque,Desobedecer senales,Calle 39  Sur Carrera 31,Mesa,Urbana,"(6.164350999, -75.58194251)"
2170565,02/23/2017,8:00 p.m.,Jueves,Automovil,Particular,Conductor,Masculino,NO,Sin Registro,Solo Daños,Choque,Desobedecer senales,Calle 39  Sur Carrera 31,Mesa,Urbana,"(6.164350999, -75.58194251)"
2171612,02/23/2017,8:00 p.m.,Jueves,Automovil,Particular,Conductor,Masculino,NO,Sin Registro,Solo Daños,Choque,Otra,Calle 27 A Sur Carrera 48,Las Vegas,Urbana,"(6.179449536, -75.5850415)"
2171612,02/23/2017,8:00 p.m.,Jueves,Automovil,Particular,Conductor,Sin Registro,NO,Sin Registro,Solo Daños,Choque,Otra,Calle 27 A Sur Carrera 48,Las Vegas,Urbana,"(6.179449536, -75.5850415)"
2170548,02/23/2017,6:40 a.m.,Jueves,Automovil,Particular,Conductor,Masculino,NO,Sin Registro,Solo Daños,Choque,No mantener distancia de seguridad,Calle 49 A Sur Carrera 48,Las Casitas,Urbana,"(6.166214846, -75.60240654)"
2170548,02/23/2017,6:40 a.m.,Jueves,Automovil,Particular,Conductor,Masculino,NO,Sin Registro,Solo Daños,Choque,No mantener distancia de seguridad,Calle 49 A Sur Carrera 48,Las Casitas,Urbana,"(6.166214846, -75.60240654)"
2170530,02/23/2017,10:20 a.m.,Jueves,Automovil,Particular,Conductor,Femenino,NO,Sin Registro,Solo Daños,Choque,No mantener distancia de seguridad,Calle 19  Sur Carrera 48,Las Vegas,Urbana,
2170530,02/23/2017,10:20 a.m.,Jueves,Motocicleta,Particular,Motociclista,Masculino,NO,Sin Registro,Solo Daños,Choque,No mantener distancia de seguridad,Calle 19  Sur Carrera 48,Las Vegas,Urbana,
2170547,02/23/2017,2:30 p.m.,Jueves,Automovil,Publico,Conductor,Masculino,NO,Sin Registro,Solo Daños,Choque,Otra,Calle 39  Sur Carrera 39  Sur,Mesa,Urbana,"(6.166978259, -75.58604492)"
2170547,02/23/2017,2:30 p.m.,Jueves,Microbus,Publico,Conductor,Masculino,NO,Sin Registro,Solo Daños,Choque,Otra,Calle 39  Sur Carrera 39  Sur,Mesa,Urbana,"(6.166978259, -75.58604492)"
2170521,02/23/2017,9:30 a.m.,Jueves,Microbus,Oficial,Conductor,Masculino,NO,Sin Registro,Solo Daños,Choque,Adelantar cerrando,Carrera 50 Calle 27  Sur,Las Vegas,Urbana,
2170515,02/23/2017,7:30 a.m.,Jueves,Buseta,Publico,Conductor,Masculino,NO,Sin Registro,Herido,Otro,Frenar bruscamente,Calle 40  Sur Carrera 44,Alcala,Urbana,"(6.168120304, -75.59095621)"
2170540,02/23/2017,8:50 p.m.,Jueves,Motocicleta,Particular,Motociclista,Femenino,NO,Sin Registro,Herido,Choque,Desobedecer senales,Calle 39  Sur Carrera 32,Mesa,Urbana,"(6.164669196, -75.58245865)"
2170540,02/23/2017,8:50 p.m.,Jueves,Automovil,Particular,Conductor,Masculino,NO,Sin Registro,Herido,Choque,Desobedecer senales,Calle 39  Sur Carrera 32,Mesa,Urbana,"(6.164669196, -75.58245865)"
2170566,02/23/2017,10:00 p.m.,Jueves,Automovil,Particular,Conductor,Masculino,NO,Sin Registro,Solo Daños,Choque,No respetar prelacion,Calle 37  Sur Carrera 48,Las Vegas,Urbana,"(6.17412211, -75.59306111)"
2170566,02/23/2017,10:00 p.m.,Jueves,Automovil,Publico,Conductor,Masculino,NO,Sin Registro,Solo Daños,Choque,No respetar prelacion,Calle 37  Sur Carrera 48,Las Vegas,Urbana,"(6.17412211, -75.59306111)"
2170566,02/23/2017,10:00 p.m.,Jueves,Campero,Particular,Conductor,Femenino,NO,Sin Registro,Solo Daños,Choque,No respetar prelacion,Calle 37  Sur Carrera 48,Las Vegas,Urbana,"(6.17412211, -75.59306111)"
2170538,02/23/2017,3:50 p.m.,Jueves,Automovil,Particular,Conductor,Masculino,NO,Sin Registro,Solo Daños,Choque,Transitar en contravia,Calle 36 D Sur Carrera 27 G,Vereda El Escobero,Urbana,"(6.162479576, -75.57022257)"
2170538,02/23/2017,3:50 p.m.,Jueves,Bicicleta,Sin Registro,Ciclista,Masculino,NO,Sin Registro,Solo Daños,Choque,Transitar en contravia,Calle 36 D Sur Carrera 27 G,Vereda El Escobero,Urbana,"(6.162479576, -75.57022257)"
2170523,02/23/2017,8:55 a.m.,Jueves,Automovil,Publico,Conductor,Masculino,NO,Sin Registro,Herido,Choque,No respetar prelacion,Calle 36 D Sur Carrera 27,Vereda El Escobero,Urbana,"(6.162479576, -75.57022257)"
2170523,02/23/2017,8:55 a.m.,Jueves,Motocicleta,Particular,Motociclista,Masculino,NO,Sin Registro,Herido,Choque,No respetar prelacion,Calle 36 D Sur Carrera 27,Vereda El Escobero,Urbana,"(6.162479576, -75.57022257)"
2170520,02/23/2017,10:50 p.m.,Jueves,Automovil,Publico,Conductor,Masculino,NO,Sin Registro,Solo Daños,Choque,Desobedecer senales,Transversal 33  Sur Diagonal 32 A,La Magnolia,Urbana,"(6.174666095, -75.58222807)"
2170520,02/23/2017,10:50 p.m.,Jueves,Motocicleta,Particular,Motociclista,Masculino,NO,Sin Registro,Solo Daños,Choque,Desobedecer senales,Transversal 33  Sur Diagonal 32 A,La Magnolia,Urbana,"(6.174666095, -75.58222807)"
2170588,02/24/2017,4:00 p.m.,Viernes,Automovil,Particular,Conductor,Masculino,NO,Sin Registro,Solo Daños,Choque,No mantener distancia de seguridad,Calle 36 A Sur Carrera 27,El Chinguí,Urbana,"(6.167621297, -75.5785241)"
2170588,02/24/2017,4:00 p.m.,Viernes,Camioneta,Particular,Conductor,Masculino,NO,Sin Registro,Solo Daños,Choque,No mantener distancia de seguridad,Calle 36 A Sur Carrera 27,El Chinguí,Urbana,"(6.167621297, -75.5785241)"
2170580,02/24/2017,1:10 p.m.,Viernes,Automovil,Particular,Conductor,Femenino,NO,Sin Registro,Solo Daños,Choque,No mantener distancia de seguridad,Tramo 372 Kilometro  11,Vereda Palmas,Rural,
2170580,02/24/2017,1:10 p.m.,Viernes,Sin Registro,Publico,Conductor,Masculino,NO,Sin Registro,Solo Daños,Choque,No mantener distancia de seguridad,Tramo 372 Kilometro  11,Vereda Palmas,Rural,
2170562,02/24/2017,6:15 a.m.,Viernes,Automovil,Particular,Conductor,Masculino,NO,Sin Registro,Solo Daños,Choque,Otra,Tramo 372 Kilometro  13,Vereda Palmas,Rural,
2170556,02/24/2017,6:20 a.m.,Viernes,Automovil,Particular,Conductor,Femenino,NO,Sin Registro,Solo Daños,Choque,Impericia en el manejo,Calle 32  Sur Carrera 47,El Portal,Urbana,"(6.17760103, -75.58948258)"
2170543,02/24/2017,8:00 p.m.,Viernes,Automovil,Diplomatico,Conductor,Masculino,NO,Sin Registro,Herido,Choque,Desobedecer senales,Calle 35  Sur Carrera 41,Zona Centro,Urbana,"(6.171300757, -75.58534224)"
2170543,02/24/2017,8:00 p.m.,Viernes,Motocicleta,Particular,Motociclista,Femenino,NO,Sin Registro,Herido,Choque,Desobedecer senales,Calle 35  Sur Carrera 41,Zona Centro,Urbana,"(6.171300757, -75.58534224)"
2170561,02/24/2017,8:00 p.m.,Viernes,Microbus,Publico,Conductor,Masculino,NO,Sin Registro,Solo Daños,Choque,Adelantar cerrando,Calle 37  Sur Carrera 37  Sur,Alcala,Urbana,"(6.168351775, -75.58376911)"
2170561,02/24/2017,8:00 p.m.,Viernes,Automovil,Particular,Conductor,Femenino,NO,Sin Registro,Solo Daños,Choque,Adelantar cerrando,Calle 37  Sur Carrera 37  Sur,Alcala,Urbana,"(6.168351775, -75.58376911)"
2170550,02/24/2017,11:25 a.m.,Viernes,Automovil,Publico,Conductor,Masculino,NO,Sin Registro,Solo Daños,Choque,Girar bruscamente,Calle 37  Sur Carrera 48,Las Vegas,Urbana,"(6.17412211, -75.59306111)"
2170550,02/24/2017,11:25 a.m.,Viernes,Camioneta,Particular,Conductor,Femenino,NO,Sin Registro,Solo Daños,Choque,Girar bruscamente,Calle 37  Sur Carrera 48,Las Vegas,Urbana,"(6.17412211, -75.59306111)"
2170541,02/24/2017,10:20 a.m.,Viernes,Camioneta,Particular,Conductor,Masculino,NO,Sin Registro,Herido,Atropello,Reverso imprudente,Calle 24  Sur Carrera 43 A,Zuñiga,Urbana,
2170573,02/24/2017,6:45 a.m.,Viernes,Buseta,Publico,Conductor,Masculino,NO,Sin Registro,Solo Daños,Choque,Desobedecer senales,Carrera 29 A Calle 39 A Sur,San Jose,Urbana,"(6.163025796, -75.58159586)"
2170573,02/24/2017,6:45 a.m.,Viernes,Automovil,Particular,Conductor,Masculino,NO,Sin Registro,Solo Daños,Choque,Desobedecer senales,Carrera 29 A Calle 39 A Sur,San Jose,Urbana,"(6.163025796, -75.58159586)"
2170553,02/24/2017,9:35 a.m.,Viernes,Automovil,Particular,Conductor,Femenino,NO,Sin Registro,Solo Daños,Choque,Reverso imprudente,Diagonal 31 Transversal 33 A Sur,La Sebastiana,Urbana,"(6.173761816, -75.5789197)"
2170553,02/24/2017,9:35 a.m.,Viernes,Automovil,Particular,Conductor,Femenino,NO,Sin Registro,Solo Daños,Choque,Reverso imprudente,Diagonal 31 Transversal 33 A Sur,La Sebastiana,Urbana,"(6.173761816, -75.5789197)"
2170551,02/24/2017,12:30 p.m.,Viernes,Automovil,Publico,Conductor,Masculino,NO,Sin Registro,Solo Daños,Choque,Desobedecer senales,Calle 33  Sur Carrera 43 A,San Marcos,Urbana,"(6.173912569, -75.58697473)"
2170551,02/24/2017,12:30 p.m.,Viernes,Camioneta,Particular,Conductor,Masculino,NO,Sin Registro,Solo Daños,Choque,Desobedecer senales,Calle 33  Sur Carrera 43 A,San Marcos,Urbana,"(6.173912569, -75.58697473)"
2170584,02/24/2017,12:30 p.m.,Viernes,Camion,Publico,Conductor,Masculino,NO,Sin Registro,Solo Daños,Choque,No mantener distancia de seguridad,Carrera 50 Calle 42  Sur,Las Vegas,Urbana,
2170584,02/24/2017,12:30 p.m.,Viernes,Camioneta,Particular,Conductor,Masculino,NO,Sin Registro,Solo Daños,Choque,No mantener distancia de seguridad,Carrera 50 Calle 42  Sur,Las Vegas,Urbana,
2170557,02/24/2017,9:40 p.m.,Viernes,Camioneta,Particular,Conductor,Masculino,NO,Sin Registro,Herido,Choque,Otra,Calle 21  Sur Carrera 41 A,El Esmeraldal,Urbana,"(6.182549881, -75.57750033)"
2170557,02/24/2017,9:40 p.m.,Viernes,Automovil,Particular,Conductor,Masculino,NO,Sin Registro,Herido,Choque,Otra,Calle 21  Sur Carrera 41 A,El Esmeraldal,Urbana,"(6.182549881, -75.57750033)"
2170575,02/24/2017,11:50 a.m.,Viernes,Automovil,Particular,Conductor,Masculino,NO,Sin Registro,Solo Daños,Choque,Otra,Calle 30  Sur Carrera 50,Las Vegas,Urbana,
2170575,02/24/2017,11:50 a.m.,Viernes,Automovil,Particular,Conductor,Masculino,NO,Sin Registro,Solo Daños,Choque,Otra,Calle 30  Sur Carrera 50,Las Vegas,Urbana,
2170575,02/24/2017,11:50 a.m.,Viernes,Camioneta,Particular,Conductor,Masculino,NO,Sin Registro,Solo Daños,Choque,Otra,Calle 30  Sur Carrera 50,Las Vegas,Urbana,
2170575,02/24/2017,11:50 a.m.,Viernes,Motocicleta,Particular,Motociclista,Masculino,NO,Sin Registro,Solo Daños,Choque,Otra,Calle 30  Sur Carrera 50,Las Vegas,Urbana,
2170555,02/25/2017,6:00 p.m.,Sábado,Automovil,Particular,Conductor,Masculino,NO,Sin Registro,Solo Daños,Choque,Desobedecer senales,Calle 39 B Sur Carrera 32,Mesa,Urbana,"(6.163909636, -75.5829262)"
2170555,02/25/2017,6:00 p.m.,Sábado,Camioneta,Publico,Conductor,Masculino,NO,Sin Registro,Solo Daños,Choque,Desobedecer senales,Calle 39 B Sur Carrera 32,Mesa,Urbana,"(6.163909636, -75.5829262)"
2170576,02/25/2017,3:00 p.m.,Sábado,Motocicleta,Particular,Motociclista,Masculino,NO,Sin Registro,Solo Daños,Choque,No mantener distancia de seguridad,Carrera 50 Calle 30  Sur,Las Vegas,Urbana,
2170576,02/25/2017,3:00 p.m.,Sábado,Automovil,Particular,Conductor,Femenino,NO,Sin Registro,Solo Daños,Choque,No mantener distancia de seguridad,Carrera 50 Calle 30  Sur,Las Vegas,Urbana,
2170559,02/25/2017,5:00 p.m.,Sábado,Automovil,Particular,Conductor,Masculino,NO,Sin Registro,Solo Daños,Choque,Desobedecer senales,Calle 37  Sur Carrera 41,Zona Centro,Urbana,"(6.169855492, -75.58619601)"
2170559,02/25/2017,5:00 p.m.,Sábado,Automovil,Particular,Conductor,Femenino,NO,Sin Registro,Solo Daños,Choque,Desobedecer senales,Calle 37  Sur Carrera 41,Zona Centro,Urbana,"(6.169855492, -75.58619601)"
2170577,02/25/2017,8:10 a.m.,Sábado,Camioneta,Particular,Conductor,Masculino,NO,Sin Registro,Solo Daños,Choque,No mantener distancia de seguridad,Calle 25 AA Sur Carrera 48,Las Vegas,Urbana,"(6.18405129, -75.58478383)"
2170577,02/25/2017,8:10 a.m.,Sábado,Camioneta,Particular,Conductor,Masculino,NO,Sin Registro,Solo Daños,Choque,No mantener distancia de seguridad,Calle 25 AA Sur Carrera 48,Las Vegas,Urbana,"(6.18405129, -75.58478383)"
2170571,02/25/2017,11:20 a.m.,Sábado,Automovil,Particular,Conductor,Masculino,NO,Sin Registro,Solo Daños,Choque,No mantener distancia de seguridad,Calle 23  Sur Carrera 27,La Inmaculada,Urbana,"(6.176668041, -75.56752563)"
2170571,02/25/2017,11:20 a.m.,Sábado,Automovil,Particular,Conductor,Masculino,NO,Sin Registro,Solo Daños,Choque,No mantener distancia de seguridad,Calle 23  Sur Carrera 27,La Inmaculada,Urbana,"(6.176668041, -75.56752563)"
2170581,02/25/2017,11:20 a.m.,Sábado,Camioneta,Particular,Conductor,Masculino,NO,Sin Registro,Solo Daños,Choque,Impericia en el manejo,Calle 40  Sur Carrera 46 A,Alcala,Urbana,"(6.169204277, -75.59429539)"
2170581,02/25/2017,11:20 a.m.,Sábado,Buseta,Publico,Conductor,Masculino,NO,Sin Registro,Solo Daños,Choque,Impericia en el manejo,Calle 40  Sur Carrera 46 A,Alcala,Urbana,"(6.169204277, -75.59429539)"
2170560,02/25/2017,3:30 p.m.,Sábado,Motocicleta,Particular,Motociclista,Masculino,NO,Sin Registro,Solo Daños,Choque,No mantener distancia de seguridad,Carrera 50 Calle 30  Sur,Las Vegas,Urbana,
2170560,02/25/2017,3:30 p.m.,Sábado,Automovil,Particular,Conductor,Masculino,NO,Sin Registro,Solo Daños,Choque,No mantener distancia de seguridad,Carrera 50 Calle 30  Sur,Las Vegas,Urbana,
2170585,02/25/2017,4:30 a.m.,Sábado,Campero,Particular,Conductor,Masculino,NO,Sin Registro,Solo Daños,Choque,Impericia en el manejo,Calle 36 D Sur Carrera 27 A,Vereda El Escobero,Urbana,"(6.164831751, -75.57423497)"
2170563,02/25/2017,2:30 p.m.,Sábado,Automovil,Publico,Conductor,Masculino,NO,Sin Registro,Herido,Choque,Adelantar cerrando,Calle 26  Sur Carrera 50,Las Vegas,Urbana,
2170563,02/25/2017,2:30 p.m.,Sábado,Motocicleta,Particular,Motociclista,Masculino,NO,Sin Registro,Herido,Choque,Adelantar cerrando,Calle 26  Sur Carrera 50,Las Vegas,Urbana,
2170544,02/25/2017,12:30 p.m.,Sábado,Camioneta,Particular,Conductor,Masculino,NO,Sin Registro,Herido,Choque,Transitar entre vehiculos,Tramo 372 Kilometro  5,Vereda Palmas,Rural,
2170544,02/25/2017,12:30 p.m.,Sábado,Motocicleta,Particular,Motociclista,Masculino,NO,Sin Registro,Herido,Choque,Transitar entre vehiculos,Tramo 372 Kilometro  5,Vereda Palmas,Rural,
2170558,02/25/2017,7:40 a.m.,Sábado,Motocicleta,Particular,Motociclista,Masculino,NO,Sin Registro,Solo Daños,Choque,Desobedecer senales,Transversal 33 A Sur Diagonal 31,Las Flores,Urbana,"(6.173844844, -75.57902317)"
2170558,02/25/2017,7:40 a.m.,Sábado,Automovil,Particular,Conductor,Masculino,NO,Sin Registro,Solo Daños,Choque,Desobedecer senales,Transversal 33 A Sur Diagonal 31,Las Flores,Urbana,"(6.173844844, -75.57902317)"
2170558,02/25/2017,7:40 a.m.,Sábado,Motocicleta,Particular,Motociclista,Masculino,NO,Sin Registro,Solo Daños,Choque,Desobedecer senales,Transversal 33 A Sur Diagonal 31,Las Flores,Urbana,"(6.173844844, -75.57902317)"
2170574,02/25/2017,4:40 p.m.,Sábado,Automovil,Publico,Conductor,Masculino,NO,Sin Registro,Solo Daños,Choque,No mantener distancia de seguridad,Transversal 35  Sur Diagonal 30,La Sebastiana,Urbana,"(6.170161165, -75.57837052)"
2170574,02/25/2017,4:40 p.m.,Sábado,Automovil,Particular,Conductor,Masculino,NO,Sin Registro,Solo Daños,Choque,No mantener distancia de seguridad,Transversal 35  Sur Diagonal 30,La Sebastiana,Urbana,"(6.170161165, -75.57837052)"
2170552,02/25/2017,10:40 a.m.,Sábado,Camioneta,Particular,Conductor,Masculino,NO,Sin Registro,Solo Daños,Choque,No mantener distancia de seguridad,Calle 19  Sur Carrera 48,Las Vegas,Urbana,
2170552,02/25/2017,10:40 a.m.,Sábado,Camion,Publico,Conductor,Masculino,NO,Sin Registro,Solo Daños,Choque,No mantener distancia de seguridad,Calle 19  Sur Carrera 48,Las Vegas,Urbana,
2170549,02/25/2017,11:45 a.m.,Sábado,Automovil,Particular,Conductor,Masculino,NO,Sin Registro,Solo Daños,Choque,Transitar entre vehiculos,Calle 26  Sur Carrera 50,Las Vegas,Urbana,
2170549,02/25/2017,11:45 a.m.,Sábado,Motocicleta,Particular,Motociclista,Masculino,NO,Sin Registro,Solo Daños,Choque,Transitar entre vehiculos,Calle 26  Sur Carrera 50,Las Vegas,Urbana,
2170582,02/25/2017,11:45 a.m.,Sábado,Automovil,Particular,Conductor,Femenino,NO,Sin Registro,Solo Daños,Choque,Girar bruscamente,Calle 39  Sur Carrera 42,Zona Centro,Urbana,"(6.168300638, -75.58815927)"
2170582,02/25/2017,11:45 a.m.,Sábado,Motocicleta,Particular,Motociclista,Femenino,NO,Sin Registro,Solo Daños,Choque,Girar bruscamente,Calle 39  Sur Carrera 42,Zona Centro,Urbana,"(6.168300638, -75.58815927)"
2170539,02/25/2017,7:53 a.m.,Sábado,Bus,Publico,Conductor,Masculino,NO,Sin Registro,Herido,Choque,Embriaguez o droga,Calle 43  Sur Carrera 48,Las Vegas,Urbana,"(6.168592602, -75.597529)"
2170598,02/28/2017,7:45 p.m.,Martes,Motocicleta,Particular,Motociclista,Masculino,NO,Sin Registro,Herido,Choque,Transitar entre vehiculos,Calle 26  Sur Carrera 50,Las Vegas,Urbana,
2170539,02/25/2017,7:53 a.m.,Sábado,Motocicleta,Particular,Motociclista,Masculino,SI,1,Herido,Choque,Embriaguez o droga,Calle 43  Sur Carrera 48,Las Vegas,Urbana,"(6.168592602, -75.597529)"
2170578,02/25/2017,4:55 p.m.,Sábado,Automovil,Publico,Conductor,Masculino,NO,Sin Registro,Solo Daños,Choque,No respetar prelacion,Diagonal 40 Transversal 34  Sur,Obrero,Urbana,"(6.172071276, -75.58511796)"
2170578,02/25/2017,4:55 p.m.,Sábado,Automovil,Particular,Conductor,Masculino,NO,Sin Registro,Solo Daños,Choque,No respetar prelacion,Diagonal 40 Transversal 34  Sur,Obrero,Urbana,"(6.172071276, -75.58511796)"
2170586,02/25/2017,5:50 p.m.,Sábado,Automovil,Particular,Conductor,Masculino,NO,Sin Registro,Solo Daños,Choque,Impericia en el manejo,Calle 38  Sur Carrera 41,Zona Centro,Urbana,"(6.169244976, -75.58658807)"
2170586,02/25/2017,5:50 p.m.,Sábado,Motocicleta,Particular,Motociclista,Masculino,NO,Sin Registro,Solo Daños,Choque,Impericia en el manejo,Calle 38  Sur Carrera 41,Zona Centro,Urbana,"(6.169244976, -75.58658807)"
2170587,02/26/2017,9:00 a.m.,Domingo,Campero,Particular,Conductor,Masculino,NO,Sin Registro,Solo Daños,Choque,Desobedecer senales,Carrera 27 Calle 36  Sur,La Inmaculada,Urbana,"(6.167009975, -75.56927808)"