RADICADO,FECHA,HORA,DÍA DE LA SEMANA,CLASE DE VEHICULO,TIPO DE SERVICIO,TIPO DE VICTIMA,SEXO,ESTADO DE BEODEZ,RESULTADO DE BEODEZ,GRAVEDAD,CLASE DE ACCIDENTE,CAUSA,DIRECCIÓN,BARRIO,AREA,Coordenadas
2170587,02/26/2017,9:00 a.m.,Domingo,Automovil,Particular,Conductor,Masculino,NO,Sin Registro,Solo Daños,Choque,Desobedecer senales,Carrera 27 Calle 36  Sur,La Inmaculada,Urbana,"(6.167009975, -75.56927808)"
2170554,02/26/2017,4:10 p.m.,Domingo,Campero,Particular,Conductor,Masculino,NO,Sin Registro,Solo Daños,Choque,Exceso de velocidad,Tramo 192 Kilometro  2,Vereda El Escobero,Rural,
2170554,02/26/2017,4:10 p.m.,Domingo,Motocicleta,Particular,Motociclista,Masculino,NO,Sin Registro,Solo Daños,Choque,Exceso de velocidad,Tramo 192 Kilometro  2,Vereda El Escobero,Rural,
2170579,02/26/2017,8:30 p.m.,Domingo,Camioneta,Particular,Conductor,Femenino,NO,Sin Registro,Solo Daños,Choque,Poner en marcha un vehiculo sin precauci,Calle 38  Sur Carrera 41,Zona Centro,Urbana,"(6.169244976, -75.58658807)"
2170579,02/26/2017,8:30 p.m.,Domingo,Automovil,Particular,Conductor,Masculino,NO,Sin Registro,Solo Daños,Choque,Adelantar cerrando,Calle 38  Sur Carrera 41,Zona Centro,Urbana,"(6.169244976, -75.58658807)"
2170579,02/26/2017,8:30 p.m.,Domingo,Automovil,Particular,Conductor,Masculino,NO,Sin Registro,Solo Daños,Choque,Poner en marcha un vehiculo sin precauci,Calle 38  Sur Carrera 41,Zona Centro,Urbana,"(6.169244976, -75.58658807)"
2170579,02/26/2017,8:30 p.m.,Domingo,Camioneta,Particular,Conductor,Femenino,NO,Sin Registro,Solo Daños,Choque,Adelantar cerrando,Calle 38  Sur Carrera 41,Zona Centro,Urbana,"(6.169244976, -75.58658807)"
2170570,02/27/2017,1:00 p.m.,Lunes,Camioneta,Particular,Conductor,Masculino,NO,Sin Registro,Herido,Atropello,Otra,Tramo 372 Kilometro  2,Vereda Palmas,Rural,
2170564,02/27/2017,6:10 a.m.,Lunes,Bus,Publico,Conductor,Masculino,NO,Sin Registro,Herido,Choque,Adelantar por la derecha,Calle 38  Sur Carrera 47 A,Alcala,Urbana,"(6.172609491, -75.59229961)"
2170564,02/27/2017,6:10 a.m.,Lunes,Motocicleta,Particular,Motociclista,Masculino,NO,Sin Registro,Herido,Choque,Adelantar por la derecha,Calle 38  Sur Carrera 47 A,Alcala,Urbana,"(6.172609491, -75.59229961)"
2170583,02/27/2017,6:10 a.m.,Lunes,Automovil,Particular,Conductor,Masculino,NO,Sin Registro,Solo Daños,Choque,No respetar prelacion,Carrera 50 Calle 46 A Sur,Las Vegas,Urbana,"(6.16131219, -75.60319818)"
2170583,02/27/2017,6:10 a.m.,Lunes,Motocicleta,Particular,Motociclista,Masculino,NO,Sin Registro,Solo Daños,Choque,No respetar prelacion,Carrera 50 Calle 46 A Sur,Las Vegas,Urbana,"(6.16131219, -75.60319818)"
2170599,02/27/2017,7:20 p.m.,Lunes,Microbus,Publico,Conductor,Masculino,NO,Sin Registro,Solo Daños,Choque,Desobedecer senales,Calle 37  Sur Carrera 32,Mesa,Urbana,"(6.166691719, -75.58118599)"
2170599,02/27/2017,7:20 p.m.,Lunes,Camioneta,Particular,Conductor,Masculino,NO,Sin Registro,Solo Daños,Choque,Desobedecer senales,Calle 37  Sur Carrera 32,Mesa,Urbana,"(6.166691719, -75.58118599)"
2170600,02/27/2017,7:20 p.m.,Lunes,Automovil,Particular,Conductor,Masculino,NO,Sin Registro,Solo Daños,Choque,No mantener distancia de seguridad,Calle 23  Sur Carrera 27,La Inmaculada,Urbana,"(6.176668041, -75.56752563)"
2170600,02/27/2017,7:20 p.m.,Lunes,Motocicleta,Particular,Motociclista,Masculino,NO,Sin Registro,Solo Daños,Choque,No mantener distancia de seguridad,Calle 23  Sur Carrera 27,La Inmaculada,Urbana,"(6.176668041, -75.56752563)"
2170639,02/03/2017,3:40 p.m.,Jueves,Camioneta,Particular,Conductor,Masculino,NO,Sin Registro,Solo Daños,Choque,Exceso de velocidad,Tramo 379 Kilometro  4,El Salado,Rural,
2170569,02/27/2017,7:50 p.m.,Lunes,Motocicleta,Particular,Motociclista,Masculino,NO,Sin Registro,Herido,Atropello,Exceso de velocidad,Diagonal 31 F Transversal 34  Sur,Los Naranjos,Urbana,"(6.171847931, -75.58061921)"
2170569,02/27/2017,7:50 p.m.,Lunes,Motocicleta,Particular,Motociclista,Masculino,NO,Sin Registro,Herido,Atropello,Cruzar sin observar,Diagonal 31 F Transversal 34  Sur,Los Naranjos,Urbana,"(6.171847931, -75.58061921)"
2170590,02/27/2017,8:20 a.m.,Lunes,Automovil,Particular,Conductor,Masculino,NO,Sin Registro,Solo Daños,Choque,Poner en marcha un vehiculo sin precauci,Calle 44  Sur Carrera 43 A,Alcala,Urbana,"(6.165598746, -75.59402113)"
2170590,02/27/2017,8:20 a.m.,Lunes,Camion,Publico,Conductor,Masculino,NO,Sin Registro,Solo Daños,Choque,Poner en marcha un vehiculo sin precauci,Calle 44  Sur Carrera 43 A,Alcala,Urbana,"(6.165598746, -75.59402113)"
2170603,02/27/2017,5:15 p.m.,Lunes,Automovil,Particular,Conductor,Masculino,NO,Sin Registro,Solo Daños,Choque,Transitar entre vehiculos,Calle 25 AA Sur Carrera 50,Las Vegas,Urbana,"(6.182478523, -75.58331336)"
2170603,02/27/2017,5:15 p.m.,Lunes,Camion,Publico,Conductor,Masculino,NO,Sin Registro,Solo Daños,Choque,Transitar entre vehiculos,Calle 25 AA Sur Carrera 50,Las Vegas,Urbana,"(6.182478523, -75.58331336)"
2170603,02/27/2017,5:15 p.m.,Lunes,Motocicleta,Particular,Motociclista,Masculino,NO,Sin Registro,Solo Daños,Choque,Transitar entre vehiculos,Calle 25 AA Sur Carrera 50,Las Vegas,Urbana,"(6.182478523, -75.58331336)"
2170567,02/27/2017,3:40 p.m.,Lunes,Motocicleta,Particular,Motociclista,Masculino,NO,Sin Registro,Herido,Choque,No mantener distancia de seguridad,Calle 40  Sur Carrera 27,San Jose,Urbana,"(6.158366235, -75.58080793)"
2170567,02/27/2017,3:40 p.m.,Lunes,Bicicleta,Sin Registro,Ciclista,Masculino,NO,Sin Registro,Herido,Choque,No mantener distancia de seguridad,Calle 40  Sur Carrera 27,San Jose,Urbana,"(6.158366235, -75.58080793)"
2170601,02/27/2017,5:40 p.m.,Lunes,Automovil,Particular,Conductor,Femenino,NO,Sin Registro,Solo Daños,Choque,Reverso imprudente,Calle 30  Sur Carrera 43 A,Jardines,Urbana,"(6.177126039, -75.5852509)"
2170601,02/27/2017,5:40 p.m.,Lunes,Automovil,Particular,Conductor,Femenino,NO,Sin Registro,Solo Daños,Choque,Reverso imprudente,Calle 30  Sur Carrera 43 A,Jardines,Urbana,"(6.177126039, -75.5852509)"
2170592,02/27/2017,2:45 p.m.,Lunes,Automovil,Particular,Conductor,Femenino,NO,Sin Registro,Solo Daños,Choque,Transitar entre vehiculos,Calle 29  Sur Carrera 43 A,Las Vegas,Urbana,"(6.178121023, -75.58456122)"
2170592,02/27/2017,2:45 p.m.,Lunes,Motocicleta,Particular,Motociclista,Femenino,NO,Sin Registro,Solo Daños,Choque,Transitar entre vehiculos,Calle 29  Sur Carrera 43 A,Las Vegas,Urbana,"(6.178121023, -75.58456122)"
2170595,02/28/2017,3:00 p.m.,Martes,Automovil,Particular,Conductor,Masculino,NO,Sin Registro,Herido,Choque,Impericia en el manejo,Calle 27  Sur Carrera 50,Las Vegas,Urbana,
2170595,02/28/2017,3:00 p.m.,Martes,Motocicleta,Particular,Motociclista,Masculino,NO,Sin Registro,Herido,Choque,Impericia en el manejo,Calle 27  Sur Carrera 50,Las Vegas,Urbana,
2170604,02/28/2017,5:00 p.m.,Martes,Camioneta,Particular,Conductor,Masculino,NO,Sin Registro,Solo Daños,Choque,Exceso de velocidad,Calle 23  Sur Carrera 43 A,Las Vegas,Urbana,"(6.182706228, -75.58032996)"
2170604,02/28/2017,5:00 p.m.,Martes,Motocicleta,Particular,Motociclista,Masculino,NO,Sin Registro,Solo Daños,Choque,Exceso de velocidad,Calle 23  Sur Carrera 43 A,Las Vegas,Urbana,"(6.182706228, -75.58032996)"
2170572,02/28/2017,12:00 p.m.,Martes,Automovil,Particular,Conductor,Femenino,NO,Sin Registro,Herido,Choque,No mantener distancia de seguridad,Calle 37  Sur Carrera 50,Las Vegas,Urbana,
2170572,02/28/2017,12:00 p.m.,Martes,Motocicleta,Particular,Motociclista,Masculino,NO,Sin Registro,Herido,Choque,No mantener distancia de seguridad,Calle 37  Sur Carrera 50,Las Vegas,Urbana,
2170606,02/28/2017,7:05 a.m.,Martes,Microbus,Publico,Conductor,Masculino,NO,Sin Registro,Solo Daños,Choque,No mantener distancia de seguridad,Calle 50  Sur Carrera 48,Las Vegas,Urbana,
2170606,02/28/2017,7:05 a.m.,Martes,Automovil,Particular,Conductor,Femenino,NO,Sin Registro,Solo Daños,Choque,No mantener distancia de seguridad,Calle 50  Sur Carrera 48,Las Vegas,Urbana,
2170598,02/28/2017,7:45 p.m.,Martes,Automovil,Particular,Conductor,Masculino,NO,Sin Registro,Herido,Choque,Transitar entre vehiculos,Calle 26  Sur Carrera 50,Las Vegas,Urbana,
2170594,02/28/2017,7:50 p.m.,Martes,Motocicleta,Particular,Motociclista,Masculino,NO,Sin Registro,Herido,Atropello,Cruzar sin observar,Calle 27 D Sur Carrera 27,Las Vegas,Urbana,"(6.169224506, -75.57173816)"
2170597,02/28/2017,12:25 p.m.,Martes,Camioneta,Particular,Conductor,Femenino,NO,Sin Registro,Herido,Choque,Desobedecer senales,Calle 37  Sur Carrera 36,Mesa,Urbana,"(6.168044613, -75.58323697)"
2170597,02/28/2017,12:25 p.m.,Martes,Bicicleta,Sin Registro,Ciclista,Femenino,NO,Sin Registro,Herido,Choque,Desobedecer senales,Calle 37  Sur Carrera 36,Mesa,Urbana,"(6.168044613, -75.58323697)"
2170589,02/28/2017,8:30 a.m.,Martes,Automovil,Particular,Conductor,Masculino,NO,Sin Registro,Solo Daños,Choque,Desobedecer senales,Calle 38  Sur Carrera 29 A,San Jose,Urbana,"(6.165022576, -75.58071311)"
2170591,02/28/2017,4:30 p.m.,Martes,Bus,Publico,Conductor,Masculino,NO,Sin Registro,Solo Daños,Choque,Adelantar cerrando,Calle 31  Sur Carrera 43 A,San Marcos,Urbana,"(6.176823564, -75.58539215)"
2170591,02/28/2017,4:30 p.m.,Martes,Automovil,Particular,Conductor,Femenino,NO,Sin Registro,Solo Daños,Choque,Adelantar cerrando,Calle 31  Sur Carrera 43 A,San Marcos,Urbana,"(6.176823564, -75.58539215)"
2171139,02/28/2017,4:30 p.m.,Martes,Automovil,Particular,Conductor,Femenino,NO,Sin Registro,Solo Daños,Choque,Otra,Diagonal 30 B Transversal 33  Sur,Las Flores,Urbana,"(6.174651656, -75.57835117)"
2171139,02/28/2017,4:30 p.m.,Martes,Bicicleta,Sin Registro,Ciclista,Masculino,NO,Sin Registro,Solo Daños,Choque,Otra,Diagonal 30 B Transversal 33  Sur,Las Flores,Urbana,"(6.174651656, -75.57835117)"
2170605,02/28/2017,7:30 a.m.,Martes,Camioneta,Particular,Conductor,Femenino,NO,Sin Registro,Solo Daños,Choque,Poner en marcha un vehiculo sin precauci,Calle 39 A Sur Carrera 27 B,El Chinguí,Urbana,"(6.159066, -75.57988094)"
2170605,02/28/2017,7:30 a.m.,Martes,Automovil,Particular,Conductor,Femenino,NO,Sin Registro,Solo Daños,Choque,Poner en marcha un vehiculo sin precauci,Calle 39 A Sur Carrera 27 B,El Chinguí,Urbana,"(6.159066, -75.57988094)"
2170608,02/28/2017,10:40 a.m.,Martes,Buseta,Publico,Conductor,Masculino,NO,Sin Registro,Solo Daños,Choque,Desobedecer senales,Calle 40 DD Sur Carrera 30 A,San Jose,Urbana,"(6.16527158, -75.58887857)"
2170608,02/28/2017,10:40 a.m.,Martes,Automovil,Particular,Conductor,Masculino,NO,Sin Registro,Solo Daños,Choque,Desobedecer senales,Calle 40 DD Sur Carrera 30 A,San Jose,Urbana,"(6.16527158, -75.58887857)"
2170607,02/28/2017,5:40 p.m.,Martes,Camioneta,Publico,Conductor,Masculino,NO,Sin Registro,Solo Daños,Choque,Girar bruscamente,Calle 39  Sur Carrera 41,Zona Centro,Urbana,"(6.167870042, -75.58744871)"
2170607,02/28/2017,5:40 p.m.,Martes,Automovil,Particular,Conductor,Masculino,NO,Sin Registro,Solo Daños,Choque,Girar bruscamente,Calle 39  Sur Carrera 41,Zona Centro,Urbana,"(6.167870042, -75.58744871)"
2170593,02/28/2017,3:50 p.m.,Martes,Camioneta,Particular,Conductor,Femenino,NO,Sin Registro,Herido,Choque,No mantener distancia de seguridad,Calle 37  Sur Carrera 48,Las Vegas,Urbana,"(6.17412211, -75.59306111)"
2170593,02/28/2017,3:50 p.m.,Martes,Motocicleta,Particular,Motociclista,Femenino,NO,Sin Registro,Herido,Choque,No mantener distancia de seguridad,Calle 37  Sur Carrera 48,Las Vegas,Urbana,"(6.17412211, -75.59306111)"
2170654,01/03/2017,4:00 p.m.,Miércoles,Microbus,Publico,Conductor,Masculino,NO,Sin Registro,Solo Daños,Choque,Otra,Calle 41 B Sur Carrera 43 A,Primavera,Urbana,"(6.166600677, -75.59325766)"
2170654,01/03/2017,4:00 p.m.,Miércoles,Automovil,Publico,Conductor,Masculino,NO,Sin Registro,Solo Daños,Choque,Otra,Calle 41 B Sur Carrera 43 A,Primavera,Urbana,"(6.166600677, -75.59325766)"
2170654,01/03/2017,4:00 p.m.,Miércoles,Automovil,Publico,Conductor,Masculino,NO,Sin Registro,Solo Daños,Choque,Otra,Calle 41 B Sur Carrera 43 A,Primavera,Urbana,"(6.166600677, -75.59325766)"
2170617,01/03/2017,1:20 p.m.,Miércoles,Automovil,Particular,Conductor,Masculino,NO,Sin Registro,Solo Daños,Choque,Transitar entre vehiculos,Calle 26  Sur Carrera 42 B,La Magnolia,Urbana,"(6.178213645, -75.57937395)"
2170617,01/03/2017,1:20 p.m.,Miércoles,Motocicleta,Particular,Motociclista,Masculino,NO,Sin Registro,Solo Daños,Choque,Transitar entre vehiculos,Calle 26  Sur Carrera 42 B,La Magnolia,Urbana,"(6.178213645, -75.57937395)"
2170616,01/03/2017,4:20 p.m.,Miércoles,Automovil,Particular,Conductor,Femenino,NO,Sin Registro,Solo Daños,Choque,No mantener distancia de seguridad,Calle 31  Sur Carrera 44 A,Jardines,Urbana,"(6.176897223, -75.58628103)"
2170616,01/03/2017,4:20 p.m.,Miércoles,Automovil,Particular,Conductor,Masculino,NO,Sin Registro,Solo Daños,Choque,No mantener distancia de seguridad,Calle 31  Sur Carrera 44 A,Jardines,Urbana,"(6.176897223, -75.58628103)"
2170609,01/03/2017,9:30 a.m.,Miércoles,Automovil,Publico,Conductor,Masculino,NO,Sin Registro,Herido,Choque,No mantener distancia de seguridad,Calle 46  Sur Carrera 48,Las Vegas,Urbana,"(6.162824447, -75.59968661)"
2170609,01/03/2017,9:30 a.m.,Miércoles,Automovil,Particular,Conductor,Masculino,NO,Sin Registro,Herido,Choque,No mantener distancia de seguridad,Calle 46  Sur Carrera 48,Las Vegas,Urbana,"(6.162824447, -75.59968661)"
2170609,01/03/2017,9:30 a.m.,Miércoles,Automovil,Particular,Conductor,Masculino,NO,Sin Registro,Herido,Choque,No mantener distancia de seguridad,Calle 46  Sur Carrera 48,Las Vegas,Urbana,"(6.162824447, -75.59968661)"
2170609,01/03/2017,9:30 a.m.,Miércoles,Motocicleta,Particular,Motociclista,Femenino,NO,Sin Registro,Herido,Choque,No mantener distancia de seguridad,Calle 46  Sur Carrera 48,Las Vegas,Urbana,"(6.162824447, -75.59968661)"
2170609,01/03/2017,9:30 a.m.,Miércoles,Camioneta,Particular,Conductor,Masculino,NO,Sin Registro,Herido,Choque,No mantener distancia de seguridad,Calle 46  Sur Carrera 48,Las Vegas,Urbana,"(6.162824447, -75.59968661)"
2170615,01/03/2017,4:30 p.m.,Miércoles,Camioneta,Particular,Conductor,Masculino,NO,Sin Registro,Solo Daños,Choque,Otra,Calle 31  Sur Carrera 48,Las Vegas,Urbana,
2170626,01/03/2017,5:30 p.m.,Miércoles,Automovil,Diplomatico,Conductor,Femenino,NO,Sin Registro,Solo Daños,Choque,Girar bruscamente,Calle 36 D Sur Carrera 27 A,Vereda El Escobero,Urbana,"(6.164831751, -75.57423497)"
2170624,01/03/2017,2:31 p.m.,Miércoles,Automovil,Publico,Conductor,Masculino,NO,Sin Registro,Solo Daños,Choque,No mantener distancia de seguridad,Diagonal 31 Transversal 32 A Sur,Las Vegas,Urbana,"(6.174681134, -75.57847104)"
2170624,01/03/2017,2:31 p.m.,Miércoles,Automovil,Particular,Conductor,Femenino,NO,Sin Registro,Solo Daños,Choque,No mantener distancia de seguridad,Diagonal 31 Transversal 32 A Sur,Las Vegas,Urbana,"(6.174681134, -75.57847104)"
2170626,01/03/2017,5:30 p.m.,Miércoles,Motocicleta,Particular,Motociclista,Masculino,NO,Sin Registro,Solo Daños,Choque,Girar bruscamente,Calle 36 D Sur Carrera 27 A,Vereda El Escobero,Urbana,"(6.164831751, -75.57423497)"
2170610,01/03/2017,8:45 a.m.,Miércoles,Motocicleta,Particular,Motociclista,Masculino,NO,Sin Registro,Herido,Choque,No respetar prelacion,Tramo 371 Kilometro  10,Vereda El Escobero,Rural,
2170623,01/03/2017,4:37 p.m.,Miércoles,Camioneta,Particular,Conductor,Masculino,NO,Sin Registro,Solo Daños,Choque,Adelantar cerrando,Calle 27 A Sur Carrera 48,Las Vegas,Urbana,"(6.179449536, -75.5850415)"
2170623,01/03/2017,4:37 p.m.,Miércoles,Automovil,Publico,Conductor,Masculino,NO,Sin Registro,Solo Daños,Choque,Adelantar cerrando,Calle 27 A Sur Carrera 48,Las Vegas,Urbana,"(6.179449536, -75.5850415)"
2170610,01/03/2017,8:45 a.m.,Miércoles,Microbus,Publico,Conductor,Masculino,NO,Sin Registro,Herido,Choque,No respetar prelacion,Tramo 371 Kilometro  10,Vereda El Escobero,Rural,
2170636,01/03/2017,6:40 p.m.,Miércoles,Motocicleta,Particular,Motociclista,Masculino,NO,Sin Registro,Solo Daños,Choque,Otra,Calle 41 C Sur Carrera 42,El Dorado,Urbana,"(6.16639828, -75.59428311)"
2170636,01/03/2017,6:40 p.m.,Miércoles,Motocicleta,Particular,Motociclista,Masculino,NO,Sin Registro,Solo Daños,Choque,Otra,Calle 41 C Sur Carrera 42,El Dorado,Urbana,"(6.16639828, -75.59428311)"
2170612,01/03/2017,6:45 p.m.,Miércoles,Camioneta,Particular,Conductor,Masculino,NO,Sin Registro,Solo Daños,Choque,Impericia en el manejo,Calle 21  Sur Carrera 41,Zuñiga,Urbana,"(6.182165945, -75.57677668)"
2170612,01/03/2017,6:45 p.m.,Miércoles,Motocicleta,Particular,Motociclista,Masculino,NO,Sin Registro,Solo Daños,Choque,Impericia en el manejo,Calle 21  Sur Carrera 41,Zuñiga,Urbana,"(6.182165945, -75.57677668)"
2170625,01/03/2017,5:40 p.m.,Miércoles,Automovil,Publico,Conductor,Masculino,NO,Sin Registro,Solo Daños,Choque,Adelantar cerrando,Calle 48 C Sur Carrera 43 A,Las Vegas,Urbana,"(6.162378903, -75.59763059)"
2170625,01/03/2017,5:40 p.m.,Miércoles,Buseta,Publico,Conductor,Masculino,NO,Sin Registro,Solo Daños,Choque,Adelantar cerrando,Calle 48 C Sur Carrera 43 A,Las Vegas,Urbana,"(6.162378903, -75.59763059)"
2170613,01/03/2017,10:00 p.m.,Miércoles,Automovil,Particular,Conductor,Femenino,NO,Sin Registro,Solo Daños,Choque,Impericia en el manejo,Calle 43  Sur Carrera 36 D,Las Antillas,Urbana,"(6.171314659, -75.58700753)"
2170614,01/03/2017,10:30 p.m.,Miércoles,Automovil,Publico,Conductor,Masculino,NO,Sin Registro,Solo Daños,Choque,Girar bruscamente,Calle 37  Sur Carrera 50,Las Vegas,Urbana,
2170614,01/03/2017,10:30 p.m.,Miércoles,Motocicleta,Particular,Motociclista,Masculino,NO,Sin Registro,Solo Daños,Choque,Girar bruscamente,Calle 37  Sur Carrera 50,Las Vegas,Urbana,
2170596,01/03/2017,11:25 p.m.,Miércoles,Automovil,Particular,Conductor,Masculino,NO,Sin Registro,Herido,Choque,Desobedecer senales,Diagonal 32 Transversal 34 B Sur,Obrero,Urbana,"(6.172622284, -75.58133817)"
2170596,01/03/2017,11:25 p.m.,Miércoles,Motocicleta,Particular,Motociclista,Masculino,NO,Sin Registro,Herido,Choque,Desobedecer senales,Diagonal 32 Transversal 34 B Sur,Obrero,Urbana,"(6.172622284, -75.58133817)"
2170637,02/03/2017,11:00 a.m.,Jueves,Bus,Publico,Conductor,Masculino,NO,Sin Registro,Solo Daños,Choque,No mantener distancia de seguridad,Calle 38  Sur Carrera 45 A,Zona Centro,Urbana,"(6.17126287, -75.59030689)"
2170637,02/03/2017,11:00 a.m.,Jueves,Bus,Publico,Conductor,Masculino,NO,Sin Registro,Solo Daños,Choque,No mantener distancia de seguridad,Calle 38  Sur Carrera 45 A,Zona Centro,Urbana,"(6.17126287, -75.59030689)"
2170618,02/03/2017,4:00 p.m.,Jueves,Tractocamion,Publico,Conductor,Masculino,NO,Sin Registro,Solo Daños,Choque,Desobedecer senales,Calle 37  Sur Carrera 50,Las Vegas,Urbana,
2170618,02/03/2017,4:00 p.m.,Jueves,Camioneta,Particular,Conductor,Masculino,NO,Sin Registro,Solo Daños,Choque,Impericia en el manejo,Calle 37  Sur Carrera 50,Las Vegas,Urbana,
2170618,02/03/2017,4:00 p.m.,Jueves,Camioneta,Particular,Conductor,Masculino,NO,Sin Registro,Solo Daños,Choque,Desobedecer senales,Calle 37  Sur Carrera 50,Las Vegas,Urbana,
2170618,02/03/2017,4:00 p.m.,Jueves,Tractocamion,Publico,Conductor,Masculino,NO,Sin Registro,Solo Daños,Choque,Impericia en el manejo,Calle 37  Sur Carrera 50,Las Vegas,Urbana,
2170638,02/03/2017,2:00 p.m.,Jueves,Buseta,Publico,Conductor,Masculino,NO,Sin Registro,Solo Daños,Choque,Desobedecer senales,Calle 38  Sur Carrera 43 A,Zona Centro,Urbana,"(6.170537577, -75.58862514)"
2170638,02/03/2017,2:00 p.m.,Jueves,Automovil,Particular,Conductor,Masculino,NO,Sin Registro,Solo Daños,Choque,Desobedecer senales,Calle 38  Sur Carrera 43 A,Zona Centro,Urbana,"(6.170537577, -75.58862514)"
2170643,02/03/2017,5:05 p.m.,Jueves,Automovil,Publico,Conductor,Masculino,NO,Sin Registro,Solo Daños,Choque,No mantener distancia de seguridad,Tramo 372 Kilometro  13,Vereda Palmas,Rural,
2170643,02/03/2017,5:05 p.m.,Jueves,Camioneta,Particular,Conductor,Femenino,NO,Sin Registro,Solo Daños,Choque,No mantener distancia de seguridad,Tramo 372 Kilometro  13,Vereda Palmas,Rural,
2170666,02/03/2017,7:15 a.m.,Jueves,Motocicleta,Particular,Motociclista,Masculino,NO,Sin Registro,Herido,Choque,Otra,Calle 39  Sur Carrera 25,El Chinguí,Urbana,"(6.157563812, -75.57922413)"
2170666,02/03/2017,7:15 a.m.,Jueves,Motocicleta,Particular,Motociclista,Masculino,NO,Sin Registro,Herido,Choque,Otra,Calle 39  Sur Carrera 25,El Chinguí,Urbana,"(6.157563812, -75.57922413)"
2170619,02/03/2017,6:40 a.m.,Jueves,Automovil,Particular,Conductor,Masculino,NO,Sin Registro,Solo Daños,Choque,No mantener distancia de seguridad,Calle 37  Sur Carrera 48,Las Vegas,Urbana,"(6.17412211, -75.59306111)"
2170619,02/03/2017,6:40 a.m.,Jueves,Camioneta,Particular,Conductor,Masculino,NO,Sin Registro,Solo Daños,Choque,No mantener distancia de seguridad,Calle 37  Sur Carrera 48,Las Vegas,Urbana,"(6.17412211, -75.59306111)"
2170611,02/03/2017,9:30 a.m.,Jueves,Automovil,Publico,Conductor,Masculino,NO,Sin Registro,Herido,Choque,Impericia en el manejo,Calle 23  Sur Carrera 27,La Inmaculada,Urbana,"(6.176668041, -75.56752563)"
2170611,02/03/2017,9:30 a.m.,Jueves,Motocicleta,Diplomatico,Motociclista,Masculino,NO,Sin Registro,Herido,Choque,Impericia en el manejo,Calle 23  Sur Carrera 27,La Inmaculada,Urbana,"(6.176668041, -75.56752563)"
2170642,02/03/2017,10:30 a.m.,Jueves,Sin Registro,Publico,Conductor,Masculino,NO,Sin Registro,Solo Daños,Choque,No mantener distancia de seguridad,Tramo 12 Kilometro  0,Vereda Palmas,Rural,
2170642,02/03/2017,10:30 a.m.,Jueves,Camion,Publico,Conductor,Masculino,NO,Sin Registro,Solo Daños,Choque,No mantener distancia de seguridad,Tramo 12 Kilometro  0,Vereda Palmas,Rural,
2170639,02/03/2017,3:40 p.m.,Jueves,Automovil,Particular,Conductor,Masculino,NO,Sin Registro,Solo Daños,Choque,Exceso de velocidad,Tramo 379 Kilometro  4,El Salado,Rural,
2170640,02/03/2017,3:50 p.m.,Jueves,Automovil,Particular,Conductor,Masculino,NO,Sin Registro,Solo Daños,Choque,Impericia en el manejo,Calle 36  Sur Carrera 42,Zona Centro,Urbana,"(6.17108429, -75.58648741)"
2170640,02/03/2017,3:50 p.m.,Jueves,Automovil,Particular,Conductor,Femenino,NO,Sin Registro,Solo Daños,Choque,Impericia en el manejo,Calle 36  Sur Carrera 42,Zona Centro,Urbana,"(6.17108429, -75.58648741)"
2170640,02/03/2017,3:50 p.m.,Jueves,Motocicleta,Particular,Motociclista,Masculino,NO,Sin Registro,Solo Daños,Choque,Impericia en el manejo,Calle 36  Sur Carrera 42,Zona Centro,Urbana,"(6.17108429, -75.58648741)"
2170657,03/03/2017,7:00 a.m.,Viernes,Tractocamion,Publico,Conductor,Masculino,NO,Sin Registro,Solo Daños,Choque,Impericia en el manejo,Carrera 48 Calle 50  Sur,Las Vegas,Urbana,
2170657,03/03/2017,7:00 a.m.,Viernes,Automovil,Particular,Conductor,Masculino,NO,Sin Registro,Solo Daños,Choque,Impericia en el manejo,Carrera 48 Calle 50  Sur,Las Vegas,Urbana,
2170665,03/03/2017,11:00 a.m.,Viernes,Camion,Publico,Conductor,Masculino,NO,Sin Registro,Solo Daños,Choque,Impericia en el manejo,Calle 40  Sur Carrera 45 F,Alcala,Urbana,"(6.16859384, -75.59304743)"
2170665,03/03/2017,11:00 a.m.,Viernes,Camioneta,Particular,Conductor,Masculino,NO,Sin Registro,Solo Daños,Choque,Impericia en el manejo,Calle 40  Sur Carrera 45 F,Alcala,Urbana,"(6.16859384, -75.59304743)"
2170635,03/03/2017,4:00 p.m.,Viernes,Automovil,Particular,Conductor,Femenino,NO,Sin Registro,Solo Daños,Choque,No mantener distancia de seguridad,Calle 37  Sur Carrera 50,Las Vegas,Urbana,
2170635,03/03/2017,4:00 p.m.,Viernes,Camioneta,Particular,Conductor,Masculino,NO,Sin Registro,Solo Daños,Choque,No mantener distancia de seguridad,Calle 37  Sur Carrera 50,Las Vegas,Urbana,
2170664,03/03/2017,10:00 a.m.,Viernes,Automovil,Particular,Conductor,Femenino,NO,Sin Registro,Solo Daños,Choque,No mantener distancia de seguridad,Carrera 48 Calle 25  Sur,Las Vegas,Urbana,"(6.185059174, -75.58329333)"
2170664,03/03/2017,10:00 a.m.,Viernes,Automovil,Publico,Conductor,Masculino,NO,Sin Registro,Solo Daños,Choque,No mantener distancia de seguridad,Carrera 48 Calle 25  Sur,Las Vegas,Urbana,"(6.185059174, -75.58329333)"
2170649,03/03/2017,6:20 a.m.,Viernes,Camioneta,Particular,Conductor,Masculino,NO,Sin Registro,Solo Daños,Choque,Impericia en el manejo,Calle 2 B Sur Carrera 49,Las Vegas,Urbana,