RADICADO,FECHA,HORA,DÍA DE LA SEMANA,CLASE DE VEHICULO,TIPO DE SERVICIO,TIPO DE VICTIMA,SEXO,ESTADO DE BEODEZ,RESULTADO DE BEODEZ,GRAVEDAD,CLASE DE ACCIDENTE,CAUSA,DIRECCIÓN,BARRIO,AREA,Coordenadas
2170720,08/03/2017,5:10 p.m.,Miércoles,Automovil,Publico,Conductor,Masculino,NO,Sin Registro,Solo Daños,Choque,No mantener distancia de seguridad,Carrera 42 Calle 41 A Sur,El Dorado,Urbana,"(6.16564857, -75.59125001)"
2170708,08/03/2017,10:10 a.m.,Miércoles,Motocicleta,Particular,Motociclista,Femenino,NO,Sin Registro,Herido,Choque,No respetar prelacion,Carrera 43 A Calle 32 A Sur,Avenida El Poblado,Urbana,"(6.175019606, -75.58592917)"
2170708,08/03/2017,10:10 a.m.,Miércoles,Motocicleta,Particular,Motociclista,Masculino,NO,Sin Registro,Herido,Choque,No respetar prelacion,Carrera 43 A Calle 32 A Sur,Avenida El Poblado,Urbana,"(6.175019606, -75.58592917)"
2170753,08/03/2017,8:20 p.m.,Miércoles,Camioneta,Particular,Conductor,Masculino,NO,Sin Registro,Solo Daños,Choque,Reverso imprudente,Calle 23  Sur Carrera 27,La Inmaculada,Urbana,"(6.176668041, -75.56752563)"
2170753,08/03/2017,8:20 p.m.,Miércoles,Automovil,Particular,Conductor,Masculino,NO,Sin Registro,Solo Daños,Choque,Reverso imprudente,Calle 23  Sur Carrera 27,La Inmaculada,Urbana,"(6.176668041, -75.56752563)"
2170692,08/03/2017,10:20 a.m.,Miércoles,Automovil,Particular,Conductor,Femenino,NO,Sin Registro,Herido,Choque,No respetar prelacion,Calle 38 A Sur Carrera 33,Mesa,Urbana,"(6.165645413, -75.58254878)"
2170692,08/03/2017,10:20 a.m.,Miércoles,Motocicleta,Particular,Motociclista,Masculino,NO,Sin Registro,Herido,Choque,No respetar prelacion,Calle 38 A Sur Carrera 33,Mesa,Urbana,"(6.165645413, -75.58254878)"
2170700,08/03/2017,12:25 p.m.,Miércoles,Camion,Publico,Conductor,Masculino,NO,Sin Registro,Solo Daños,Choque,Adelantar cerrando,Calle 45  Sur Carrera 25 A Sur,La Mina,Urbana,"(6.181791822, -75.58262763)"
2170700,08/03/2017,12:25 p.m.,Miércoles,Automovil,Particular,Conductor,Masculino,NO,Sin Registro,Solo Daños,Choque,Adelantar cerrando,Calle 45  Sur Carrera 25 A Sur,La Mina,Urbana,"(6.181791822, -75.58262763)"
2170698,08/03/2017,9:40 a.m.,Miércoles,Automovil,Particular,Conductor,Masculino,NO,Sin Registro,Solo Daños,Choque,Impericia en el manejo,Carrera 48 Calle 38  Sur,Las Vegas,Urbana,"(6.172747818, -75.59269817)"
2170698,08/03/2017,9:40 a.m.,Miércoles,Automovil,Particular,Conductor,Femenino,NO,Sin Registro,Solo Daños,Choque,Impericia en el manejo,Carrera 48 Calle 38  Sur,Las Vegas,Urbana,"(6.172747818, -75.59269817)"
2170698,08/03/2017,9:40 a.m.,Miércoles,Automovil,Particular,Conductor,Masculino,NO,Sin Registro,Solo Daños,Choque,Impericia en el manejo,Carrera 48 Calle 38  Sur,Las Vegas,Urbana,"(6.172747818, -75.59269817)"
2170690,08/03/2017,9:40 p.m.,Miércoles,Motocicleta,Particular,Motociclista,Femenino,NO,Sin Registro,Herido,Caida Ocupante,Impericia en el manejo,Diagonal 32 B Transversal 34  Sur,Obrero,Urbana,"(6.172777915, -75.58223786)"
2170697,08/03/2017,10:40 a.m.,Miércoles,Automovil,Particular,Conductor,Masculino,NO,Sin Registro,Solo Daños,Choque,Superficie lisa,Carrera 42 Calle 41  Sur,El Dorado,Urbana,"(6.16564857, -75.59125001)"
2170697,08/03/2017,10:40 a.m.,Miércoles,Camioneta,Particular,Conductor,Masculino,NO,Sin Registro,Solo Daños,Choque,Superficie lisa,Carrera 42 Calle 41  Sur,El Dorado,Urbana,"(6.16564857, -75.59125001)"
2170701,08/03/2017,5:40 p.m.,Miércoles,Campero,Particular,Conductor,Femenino,NO,Sin Registro,Solo Daños,Choque,No respetar prelacion,Carrera 48 Calle 27  Sur,Las Vegas,Urbana,"(6.181312425, -75.58688511)"
2170701,08/03/2017,5:40 p.m.,Miércoles,Automovil,Particular,Conductor,Femenino,NO,Sin Registro,Solo Daños,Choque,No respetar prelacion,Carrera 48 Calle 27  Sur,Las Vegas,Urbana,"(6.181312425, -75.58688511)"
2170696,08/03/2017,2:45 p.m.,Miércoles,Motocicleta,Particular,Motociclista,Masculino,NO,Sin Registro,Solo Daños,Choque,Transitar entre vehiculos,Carrera 48 Calle 26  Sur,Las Vegas,Urbana,"(6.183318111, -75.58553718)"
2170696,08/03/2017,2:45 p.m.,Miércoles,Microbus,Publico,Conductor,Femenino,NO,Sin Registro,Solo Daños,Choque,Transitar entre vehiculos,Carrera 48 Calle 26  Sur,Las Vegas,Urbana,"(6.183318111, -75.58553718)"
2170702,08/03/2017,9:50 a.m.,Miércoles,Automovil,Publico,Conductor,Masculino,NO,Sin Registro,Solo Daños,Choque,Reverso imprudente,Carrera 48 Calle 34  Sur,Glorieta De Peldar,Urbana,"(6.175414344, -75.59078218)"
2170702,08/03/2017,9:50 a.m.,Miércoles,Automovil,Particular,Conductor,Masculino,NO,Sin Registro,Solo Daños,Choque,Reverso imprudente,Carrera 48 Calle 34  Sur,Glorieta De Peldar,Urbana,"(6.175414344, -75.59078218)"
2170746,09/03/2017,8:00 a.m.,Jueves,Camioneta,Particular,Conductor,Masculino,NO,Sin Registro,Solo Daños,Choque,No respetar prelacion,Tramo 12 Kilometro  17,Vereda Palmas,Rural,
2170746,09/03/2017,8:00 a.m.,Jueves,Campero,Particular,Conductor,Masculino,NO,Sin Registro,Solo Daños,Choque,No respetar prelacion,Tramo 12 Kilometro  17,Vereda Palmas,Rural,
2170725,09/03/2017,4:00 p.m.,Jueves,Automovil,Particular,Conductor,Masculino,NO,Sin Registro,Solo Daños,Choque,Desobedecer senales,Carrera 41 Calle 44  Sur,El Dorado,Urbana,"(6.163946425, -75.59090434)"
2170725,09/03/2017,4:00 p.m.,Jueves,Motocicleta,Particular,Motociclista,Masculino,NO,Sin Registro,Solo Daños,Choque,Desobedecer senales,Carrera 41 Calle 44  Sur,El Dorado,Urbana,"(6.163946425, -75.59090434)"
2170707,09/03/2017,10:00 a.m.,Jueves,Camioneta,Particular,Conductor,Masculino,NO,Sin Registro,Herido,Choque,No mantener distancia de seguridad,Carrera 50 Calle 43  Sur,Las Vegas,Urbana,
2170707,09/03/2017,10:00 a.m.,Jueves,Camioneta,Publico,Conductor,Masculino,NO,Sin Registro,Herido,Choque,No mantener distancia de seguridad,Carrera 50 Calle 43  Sur,Las Vegas,Urbana,
2170707,09/03/2017,10:00 a.m.,Jueves,Motocicleta,Particular,Motociclista,Femenino,NO,Sin Registro,Herido,Choque,No mantener distancia de seguridad,Carrera 50 Calle 43  Sur,Las Vegas,Urbana,
2170707,09/03/2017,10:00 a.m.,Jueves,Automovil,Particular,Conductor,Masculino,NO,Sin Registro,Herido,Choque,No mantener distancia de seguridad,Carrera 50 Calle 43  Sur,Las Vegas,Urbana,
2170704,09/03/2017,9:05 a.m.,Jueves,Automovil,Particular,Conductor,Masculino,NO,Sin Registro,Herido,Choque,Semaforo en rojo,Calle 45  Sur Carrera 42 B,La Paz,Urbana,"(6.163744297, -75.59313788)"
2170730,09/03/2017,7:30 p.m.,Jueves,Automovil,Particular,Conductor,Masculino,NO,Sin Registro,Herido,Choque,No mantener distancia de seguridad,Calle 23  Sur Carrera 27,Las Vegas,Urbana,"(6.176668041, -75.56752563)"
2170716,11/03/2017,3:00 p.m.,Sábado,Automovil,Particular,Conductor,Femenino,NO,Sin Registro,Herido,Choque,Desobedecer senales,Calle 35  Sur Carrera 42,Zona Centro,Urbana,"(6.17174158, -75.58606857)"
2170730,09/03/2017,7:30 p.m.,Jueves,Motocicleta,Particular,Motociclista,Masculino,NO,Sin Registro,Herido,Choque,No mantener distancia de seguridad,Calle 23  Sur Carrera 27,Las Vegas,Urbana,"(6.176668041, -75.56752563)"
2170704,09/03/2017,9:05 a.m.,Jueves,Bicicleta,Sin Registro,Ciclista,Masculino,NO,Sin Registro,Herido,Choque,Semaforo en rojo,Calle 45  Sur Carrera 42 B,La Paz,Urbana,"(6.163744297, -75.59313788)"
2170709,09/03/2017,1:17 a.m.,Jueves,Camioneta,Particular,Conductor,Masculino,NO,Sin Registro,Herido,Choque,Embriaguez aparente,Calle 38  Sur Carrera 29 A,Mesa,Urbana,"(6.165022576, -75.58071311)"
2170709,09/03/2017,1:17 a.m.,Jueves,Automovil,Particular,Conductor,Masculino,SI,1,Herido,Choque,Semaforo en rojo,Calle 38  Sur Carrera 29 A,Mesa,Urbana,"(6.165022576, -75.58071311)"
2170709,09/03/2017,1:17 a.m.,Jueves,Automovil,Particular,Conductor,Masculino,SI,1,Herido,Choque,Embriaguez aparente,Calle 38  Sur Carrera 29 A,Mesa,Urbana,"(6.165022576, -75.58071311)"
2170706,09/03/2017,5:35 a.m.,Jueves,Motocicleta,Particular,Motociclista,Masculino,NO,Sin Registro,Herido,Caida Ocupante,Adelantar cerrando,Carrera 50 Calle 43  Sur,Las Vegas,Urbana,
2170729,09/03/2017,1:30 p.m.,Jueves,Bus,Publico,Conductor,Masculino,NO,Sin Registro,Solo Daños,Choque,Adelantar por la derecha,Transversal 32 CC Sur Diagonal 31 BB,La Sebastiana,Urbana,"(6.176862887, -75.580801)"
2170729,09/03/2017,1:30 p.m.,Jueves,Automovil,Particular,Conductor,Masculino,NO,Sin Registro,Solo Daños,Choque,Adelantar por la derecha,Transversal 32 CC Sur Diagonal 31 BB,La Sebastiana,Urbana,"(6.176862887, -75.580801)"
2170709,09/03/2017,1:17 a.m.,Jueves,Camioneta,Particular,Conductor,Masculino,NO,Sin Registro,Herido,Choque,Semaforo en rojo,Calle 38  Sur Carrera 29 A,Mesa,Urbana,"(6.165022576, -75.58071311)"
2170710,09/03/2017,12:30 p.m.,Jueves,Motocicleta,Particular,Motociclista,Masculino,NO,Sin Registro,Herido,Choque,Desobedecer senales,Calle 26 B Sur Carrera 42,Zuñiga,Urbana,"(6.176911315, -75.58005899)"
2170710,09/03/2017,12:30 p.m.,Jueves,Motocicleta,Particular,Motociclista,Femenino,NO,Sin Registro,Herido,Choque,Desobedecer senales,Calle 26 B Sur Carrera 42,Zuñiga,Urbana,"(6.176911315, -75.58005899)"
2170703,09/03/2017,4:30 p.m.,Jueves,Campero,Particular,Conductor,Masculino,NO,Sin Registro,Solo Daños,Choque,Desobedecer senales,Calle 39 A Sur Carrera 32,Mesa,Urbana,
2170703,09/03/2017,4:30 p.m.,Jueves,Motocarro,Particular,Motociclista,Masculino,NO,Sin Registro,Solo Daños,Choque,Desobedecer senales,Calle 39 A Sur Carrera 32,Mesa,Urbana,
2170745,09/03/2017,4:30 p.m.,Jueves,Buseta,Publico,Conductor,Masculino,NO,Sin Registro,Solo Daños,Choque,Poner en marcha un vehiculo sin precauci,Calle 38 A Sur Carrera 42,Zona Centro,Urbana,"(6.169022232, -75.58772239)"
2170745,09/03/2017,4:30 p.m.,Jueves,Camion,Oficial,Conductor,Masculino,NO,Sin Registro,Solo Daños,Choque,Poner en marcha un vehiculo sin precauci,Calle 38 A Sur Carrera 42,Zona Centro,Urbana,"(6.169022232, -75.58772239)"
2170726,09/03/2017,9:00 p.m.,Jueves,Motocicleta,Particular,Motociclista,Masculino,NO,Sin Registro,Solo Daños,Choque,Semaforo en rojo,Calle 25  Sur Carrera 48,Las Vegas,Urbana,
2170726,09/03/2017,9:00 p.m.,Jueves,Automovil,Particular,Conductor,Masculino,NO,Sin Registro,Solo Daños,Choque,Semaforo en rojo,Calle 25  Sur Carrera 48,Las Vegas,Urbana,
2170699,09/03/2017,8:40 a.m.,Jueves,Sin Registro,Publico,Conductor,Masculino,NO,Sin Registro,Solo Daños,Choque,No respetar prelacion,Calle 37  Sur Carrera 48,Glorieta De Peldar,Urbana,"(6.17412211, -75.59306111)"
2170699,09/03/2017,8:40 a.m.,Jueves,Automovil,Particular,Conductor,Masculino,NO,Sin Registro,Solo Daños,Choque,No respetar prelacion,Calle 37  Sur Carrera 48,Glorieta De Peldar,Urbana,"(6.17412211, -75.59306111)"
2170705,09/03/2017,9:30 p.m.,Jueves,Microbus,Publico,Conductor,Masculino,NO,Sin Registro,Herido,Choque,No mantener distancia de seguridad,Carrera 48 Calle 31  Sur,Las Vegas,Urbana,"(6.178537792, -75.58885189)"
2170705,09/03/2017,9:30 p.m.,Jueves,Automovil,Particular,Conductor,Masculino,NO,Sin Registro,Herido,Choque,No mantener distancia de seguridad,Carrera 48 Calle 31  Sur,Las Vegas,Urbana,"(6.178537792, -75.58885189)"
2170705,09/03/2017,9:30 p.m.,Jueves,Automovil,Particular,Conductor,Masculino,NO,Sin Registro,Herido,Choque,No mantener distancia de seguridad,Carrera 48 Calle 31  Sur,Las Vegas,Urbana,"(6.178537792, -75.58885189)"
2170733,10/03/2017,6:00 p.m.,Viernes,Motocicleta,Particular,Motociclista,Masculino,NO,Sin Registro,Herido,Choque,Transitar entre vehiculos,Tramo 372 Kilometro  12,Vereda Palmas,Rural,
2170733,10/03/2017,6:00 p.m.,Viernes,Bicicleta,Sin Registro,Ciclista,Masculino,NO,Sin Registro,Herido,Choque,Transitar entre vehiculos,Tramo 372 Kilometro  12,Vereda Palmas,Rural,
2170734,10/03/2017,9:20 a.m.,Viernes,Automovil,Publico,Conductor,Masculino,NO,Sin Registro,Solo Daños,Choque,No mantener distancia de seguridad,Calle 37  Sur Carrera 50,Las Vegas,Urbana,
2170734,10/03/2017,9:20 a.m.,Viernes,Camion,Publico,Conductor,Masculino,NO,Sin Registro,Solo Daños,Choque,No mantener distancia de seguridad,Calle 37  Sur Carrera 50,Las Vegas,Urbana,
2170731,10/03/2017,4:20 p.m.,Viernes,Automovil,Particular,Conductor,Masculino,NO,Sin Registro,Solo Daños,Choque,Adelantar en zona prohibida,Calle 43  Sur Carrera 46 A,Milan Vallejuelos,Urbana,"(6.167283526, -75.59505767)"
2170731,10/03/2017,4:20 p.m.,Viernes,Motocicleta,Particular,Motociclista,Masculino,NO,Sin Registro,Solo Daños,Choque,Girar bruscamente,Calle 43  Sur Carrera 46 A,Milan Vallejuelos,Urbana,"(6.167283526, -75.59505767)"
2170731,10/03/2017,4:20 p.m.,Viernes,Motocicleta,Particular,Motociclista,Masculino,NO,Sin Registro,Solo Daños,Choque,Adelantar en zona prohibida,Calle 43  Sur Carrera 46 A,Milan Vallejuelos,Urbana,"(6.167283526, -75.59505767)"
2170731,10/03/2017,4:20 p.m.,Viernes,Automovil,Particular,Conductor,Masculino,NO,Sin Registro,Solo Daños,Choque,Girar bruscamente,Calle 43  Sur Carrera 46 A,Milan Vallejuelos,Urbana,"(6.167283526, -75.59505767)"
2170722,10/03/2017,8:30 p.m.,Viernes,Automovil,Particular,Conductor,Masculino,NO,Sin Registro,Solo Daños,Choque,Adelantar por la derecha,Tramo 12 Kilometro  15,Vereda Palmas,Rural,
2170722,10/03/2017,8:30 p.m.,Viernes,Motocicleta,Particular,Motociclista,Masculino,NO,Sin Registro,Solo Daños,Choque,Adelantar por la derecha,Tramo 12 Kilometro  15,Vereda Palmas,Rural,
2170724,10/03/2017,3:30 p.m.,Viernes,Automovil,Particular,Conductor,Masculino,NO,Sin Registro,Solo Daños,Choque,Adelantar por la derecha,Carrera 42 B Calle 44 B Sur,La Paz,Urbana,"(6.164043359, -75.59290357)"
2170724,10/03/2017,3:30 p.m.,Viernes,Motocicleta,Particular,Motociclista,Masculino,NO,Sin Registro,Solo Daños,Choque,Adelantar por la derecha,Carrera 42 B Calle 44 B Sur,La Paz,Urbana,"(6.164043359, -75.59290357)"
2170747,10/03/2017,8:30 a.m.,Viernes,Automovil,Particular,Conductor,Masculino,NO,Sin Registro,Solo Daños,Choque,Impericia en el manejo,Tramo 372 Kilometro  17,Vereda Palmas,Rural,
2170747,10/03/2017,8:30 a.m.,Viernes,Motocicleta,Particular,Motociclista,Masculino,NO,Sin Registro,Solo Daños,Choque,Impericia en el manejo,Tramo 372 Kilometro  17,Vereda Palmas,Rural,
2170739,10/03/2017,2:30 p.m.,Viernes,Motocicleta,Particular,Motociclista,Masculino,NO,Sin Registro,Solo Daños,Choque,Desobedecer senales,Calle 35  Sur Transversal 34 C Sur,Obrero,Urbana,
2170739,10/03/2017,2:30 p.m.,Viernes,Motocarro,Particular,Motociclista,Masculino,NO,Sin Registro,Solo Daños,Choque,Desobedecer senales,Calle 35  Sur Transversal 34 C Sur,Obrero,Urbana,
2170737,10/03/2017,4:30 p.m.,Viernes,Motocicleta,Particular,Motociclista,Masculino,NO,Sin Registro,Solo Daños,Choque,No mantener distancia de seguridad,Calle 37  Sur Carrera 29 A,Vereda El Escobero,Urbana,"(6.166159821, -75.58061864)"
2170737,10/03/2017,4:30 p.m.,Viernes,Automovil,Publico,Conductor,Femenino,NO,Sin Registro,Solo Daños,Choque,No mantener distancia de seguridad,Calle 37  Sur Carrera 29 A,Vereda El Escobero,Urbana,"(6.166159821, -75.58061864)"
2170749,10/03/2017,6:50 a.m.,Viernes,Automovil,Particular,Conductor,Masculino,NO,Sin Registro,Solo Daños,Choque,No respetar prelacion,Carrera 43 A Calle 49  Sur,Loma Del Barro,Urbana,"(6.160914202, -75.60002299)"
2170749,10/03/2017,6:50 a.m.,Viernes,Motocicleta,Particular,Motociclista,Masculino,NO,Sin Registro,Solo Daños,Choque,No respetar prelacion,Carrera 43 A Calle 49  Sur,Loma Del Barro,Urbana,"(6.160914202, -75.60002299)"
2170732,10/03/2017,9:30 p.m.,Viernes,Automovil,Particular,Conductor,Masculino,NO,Sin Registro,Herido,Choque,Adelantar cerrando,Calle 38  Sur Carrera 41,Zona Centro,Urbana,"(6.169244976, -75.58658807)"
2170732,10/03/2017,9:30 p.m.,Viernes,Motocicleta,Particular,Motociclista,Femenino,NO,Sin Registro,Herido,Choque,Adelantar cerrando,Calle 38  Sur Carrera 41,Zona Centro,Urbana,"(6.169244976, -75.58658807)"
2170738,10/03/2017,2:40 p.m.,Viernes,Microbus,Publico,Conductor,Masculino,NO,Sin Registro,Solo Daños,Choque,Impericia en el manejo,Carrera 29 B Calle 41 B Sur,San Rafael,Urbana,"(6.159002612, -75.58541285)"
2170738,10/03/2017,2:40 p.m.,Viernes,Motocicleta,Particular,Motociclista,Masculino,NO,Sin Registro,Solo Daños,Choque,Impericia en el manejo,Carrera 29 B Calle 41 B Sur,San Rafael,Urbana,"(6.159002612, -75.58541285)"
2170713,10/03/2017,7:45 a.m.,Viernes,Camioneta,Particular,Conductor,Femenino,NO,Sin Registro,Herido,Atropello,Cruzar sin observar,Calle 30  Sur Carrera 48,Las Vegas,Urbana,"(6.180376127, -75.59028805)"
2170736,10/03/2017,5:40 p.m.,Viernes,Motocicleta,Particular,Motociclista,Masculino,NO,Sin Registro,Herido,Otro,Impericia en el manejo,Calle 25 A Sur Carrera 42,Las Vegas,Urbana,"(6.181402463, -75.58167941)"
2170718,10/03/2017,10:00 p.m.,Viernes,Camioneta,Particular,Conductor,Femenino,NO,Sin Registro,Solo Daños,Choque,No mantener distancia de seguridad,Carrera 48 Calle 50  Sur,Las Vegas,Urbana,
2170718,10/03/2017,10:00 p.m.,Viernes,Automovil,Particular,Conductor,Masculino,NO,Sin Registro,Solo Daños,Choque,No mantener distancia de seguridad,Carrera 48 Calle 50  Sur,Las Vegas,Urbana,
2170735,10/03/2017,12:55 p.m.,Viernes,Campero,Particular,Conductor,Masculino,NO,Sin Registro,Solo Daños,Choque,No mantener distancia de seguridad,Tramo 372 Kilometro  13,Vereda Palmas,Rural,
2170735,10/03/2017,12:55 p.m.,Viernes,Camion,Publico,Conductor,Masculino,NO,Sin Registro,Solo Daños,Choque,No mantener distancia de seguridad,Tramo 372 Kilometro  13,Vereda Palmas,Rural,
2170714,11/03/2017,5:00 a.m.,Sábado,Motocicleta,Particular,Motociclista,Masculino,SI,3,Herido,Otro,Embriaguez o droga,Calle 21  Sur Carrera 43 A,Las Vegas,Urbana,"(6.18399286, -75.57959764)"
2170716,11/03/2017,3:00 p.m.,Sábado,Motocicleta,Particular,Motociclista,Femenino,NO,Sin Registro,Herido,Choque,Desobedecer senales,Calle 35  Sur Carrera 42,Zona Centro,Urbana,"(6.17174158, -75.58606857)"
2170719,11/03/2017,3:10 a.m.,Sábado,Campero,Particular,Conductor,Masculino,NO,Sin Registro,Herido,Choque,Semaforo en rojo,Calle 25  Sur Carrera 43 A,Las Vegas,Urbana,"(6.181560189, -75.58201649)"
2170719,11/03/2017,3:10 a.m.,Sábado,Campero,Particular,Conductor,Masculino,NO,Sin Registro,Herido,Choque,Semaforo en rojo,Calle 25  Sur Carrera 43 A,Las Vegas,Urbana,"(6.181560189, -75.58201649)"
2170754,11/03/2017,10:10 a.m.,Sábado,Camioneta,Particular,Conductor,Masculino,NO,Sin Registro,Solo Daños,Choque,Impericia en el manejo,Calle 40 AA Sur Carrera 36,Zona Centro,Urbana,"(6.164225597, -75.58532014)"
2170754,11/03/2017,10:10 a.m.,Sábado,Automovil,Particular,Conductor,Femenino,NO,Sin Registro,Solo Daños,Choque,Impericia en el manejo,Calle 40 AA Sur Carrera 36,Zona Centro,Urbana,"(6.164225597, -75.58532014)"
2170755,11/03/2017,8:40 a.m.,Sábado,Bus,Publico,Conductor,Masculino,NO,Sin Registro,Solo Daños,Choque,No mantener distancia de seguridad,Carrera 48 Calle 25 A Sur,Las Vegas,Urbana,"(6.184740152, -75.58365742)"
2170755,11/03/2017,8:40 a.m.,Sábado,Automovil,Publico,Conductor,Masculino,NO,Sin Registro,Solo Daños,Choque,No mantener distancia de seguridad,Carrera 48 Calle 25 A Sur,Las Vegas,Urbana,"(6.184740152, -75.58365742)"
2170712,11/03/2017,6:50 a.m.,Sábado,Camioneta,Particular,Conductor,Masculino,NO,Sin Registro,Herido,Choque,Adelantar por la derecha,Calle 38  Sur Carrera 47 A,Alcala,Urbana,"(6.172609491, -75.59229961)"
2170712,11/03/2017,6:50 a.m.,Sábado,Motocicleta,Particular,Motociclista,Masculino,NO,Sin Registro,Herido,Choque,Adelantar por la derecha,Calle 38  Sur Carrera 47 A,Alcala,Urbana,"(6.172609491, -75.59229961)"
2170752,11/03/2017,9:40 a.m.,Sábado,Camion,Particular,Conductor,Masculino,NO,Sin Registro,Solo Daños,Choque,No mantener distancia de seguridad,Carrera 50 Calle 22  Sur,Las Vegas,Urbana,
2170752,11/03/2017,9:40 a.m.,Sábado,Tractocamion,Particular,Conductor,Masculino,NO,Sin Registro,Solo Daños,Choque,No mantener distancia de seguridad,Carrera 50 Calle 22  Sur,Las Vegas,Urbana,
2170717,11/03/2017,1:50 p.m.,Sábado,Automovil,Particular,Conductor,Masculino,NO,Sin Registro,Solo Daños,Choque,Adelantar por la derecha,Tramo 372 Kilometro  14,Vereda Palmas,Rural,
2170717,11/03/2017,1:50 p.m.,Sábado,Motocicleta,Particular,Motociclista,Masculino,NO,Sin Registro,Solo Daños,Choque,Adelantar por la derecha,Tramo 372 Kilometro  14,Vereda Palmas,Rural,
2170741,11/03/2017,7:40 a.m.,Sábado,Automovil,Particular,Conductor,Masculino,NO,Sin Registro,Solo Daños,Choque,Reverso imprudente,Tramo 12 Kilometro  21,Vereda Palmas,Rural,
2170741,11/03/2017,7:40 a.m.,Sábado,Buseta,Publico,Conductor,Masculino,NO,Sin Registro,Solo Daños,Choque,Reverso imprudente,Tramo 12 Kilometro  21,Vereda Palmas,Rural,
2170750,11/03/2017,10:50 a.m.,Sábado,Bus,Publico,Conductor,Masculino,NO,Sin Registro,Solo Daños,Choque,Reverso imprudente,Carrera 39 E Calle 48 F Sur,Loma Del Barro,Urbana,
2170750,11/03/2017,10:50 a.m.,Sábado,Camioneta,Particular,Conductor,Masculino,NO,Sin Registro,Solo Daños,Choque,Reverso imprudente,Carrera 39 E Calle 48 F Sur,Loma Del Barro,Urbana,
2170757,12/03/2017,7:00 a.m.,Domingo,Motocicleta,Particular,Motociclista,Masculino,NO,Sin Registro,Solo Daños,Choque,No mantener distancia de seguridad,Carrera 50 Calle 43  Sur,Las Vegas,Urbana,
2170757,12/03/2017,7:00 a.m.,Domingo,Campero,Particular,Conductor,Masculino,NO,Sin Registro,Solo Daños,Choque,No mantener distancia de seguridad,Carrera 50 Calle 43  Sur,Las Vegas,Urbana,
2170715,12/03/2017,10:00 a.m.,Domingo,Automovil,Publico,Conductor,Masculino,NO,Sin Registro,Solo Daños,Choque,Desobedecer senales,Transversal 33 A Sur Diagonal 32,La Magnolia,Urbana,"(6.174161377, -75.58203799)"
2170715,12/03/2017,10:00 a.m.,Domingo,Automovil,Particular,Conductor,Masculino,NO,Sin Registro,Solo Daños,Choque,Desobedecer senales,Transversal 33 A Sur Diagonal 32,La Magnolia,Urbana,"(6.174161377, -75.58203799)"
2170765,12/03/2017,9:20 a.m.,Domingo,Motocicleta,Particular,Motociclista,Masculino,NO,Sin Registro,Solo Daños,Choque,No respetar prelacion,Calle 39  Sur Carrera 28,Mesa,Urbana,"(6.160790572, -75.57942846)"
2170765,12/03/2017,9:20 a.m.,Domingo,Automovil,Publico,Conductor,Masculino,NO,Sin Registro,Solo Daños,Choque,No respetar prelacion,Calle 39  Sur Carrera 28,Mesa,Urbana,"(6.160790572, -75.57942846)"
2170758,12/03/2017,11:20 a.m.,Domingo,Campero,Particular,Conductor,Masculino,NO,Sin Registro,Solo Daños,Choque,Semaforo en rojo,Carrera 48 Calle 25 A Sur,Las Vegas,Urbana,"(6.184740152, -75.58365742)"
2170758,12/03/2017,11:20 a.m.,Domingo,Motocicleta,Particular,Motociclista,Masculino,NO,Sin Registro,Solo Daños,Choque,Semaforo en rojo,Carrera 48 Calle 25 A Sur,Las Vegas,Urbana,"(6.184740152, -75.58365742)"
2170748,12/03/2017,12:30 p.m.,Domingo,Automovil,Publico,Conductor,Masculino,NO,Sin Registro,Herido,Choque,No mantener distancia de seguridad,Calle 25  Sur Carrera 50,Las Vegas,Urbana,
2170740,12/03/2017,4:25 p.m.,Domingo,Campero,Particular,Conductor,Masculino,NO,Sin Registro,Solo Daños,Choque,No mantener distancia de seguridad,Carrera 50 Calle 37  Sur,Las Vegas,Urbana,
2170740,12/03/2017,4:25 p.m.,Domingo,Camioneta,Particular,Conductor,Masculino,NO,Sin Registro,Solo Daños,Choque,No mantener distancia de seguridad,Carrera 50 Calle 37  Sur,Las Vegas,Urbana,
2170748,12/03/2017,12:30 p.m.,Domingo,Motocicleta,Particular,Motociclista,Masculino,NO,Sin Registro,Herido,Choque,No mantener distancia de seguridad,Calle 25  Sur Carrera 50,Las Vegas,Urbana,
2170728,12/03/2017,3:20 a.m.,Domingo,Motocicleta,Particular,Motociclista,Masculino,SI,2,Herido,Caida Ocupante,Impericia en el manejo,Calle 38  Sur Carrera 43 A,Zona Centro,Urbana,"(6.170537577, -75.58862514)"
2170721,12/03/2017,12:20 a.m.,Domingo,Automovil,Particular,Conductor,Femenino,NO,Sin Registro,Solo Daños,Choque,No respetar prelacion,Calle 25  Sur Carrera 48,Las Vegas,Urbana,
2170742,12/03/2017,9:40 a.m.,Domingo,Automovil,Publico,Conductor,Masculino,NO,Sin Registro,Solo Daños,Choque,Adelantar cerrando,Calle 38  Sur Carrera 31,Mesa,Urbana,"(6.165577674, -75.58112182)"
2170742,12/03/2017,9:40 a.m.,Domingo,Automovil,Particular,Conductor,Masculino,NO,Sin Registro,Solo Daños,Choque,Adelantar cerrando,Calle 38  Sur Carrera 31,Mesa,Urbana,"(6.165577674, -75.58112182)"
2170721,12/03/2017,12:20 a.m.,Domingo,Automovil,Particular,Conductor,Masculino,NO,Sin Registro,Solo Daños,Choque,No respetar prelacion,Calle 25  Sur Carrera 48,Las Vegas,Urbana,