RADICADO,FECHA,HORA,DÍA DE LA SEMANA,CLASE DE VEHICULO,TIPO DE SERVICIO,TIPO DE VICTIMA,SEXO,ESTADO DE BEODEZ,RESULTADO DE BEODEZ,GRAVEDAD,CLASE DE ACCIDENTE,CAUSA,DIRECCIÓN,BARRIO,AREA,Coordenadas
2170759,12/03/2017,4:40 p.m.,Domingo,Microbus,Publico,Conductor,Masculino,NO,Sin Registro,Solo Daños,Choque,Otra,Calle 38  Sur Carrera 44,Zona Centro,Urbana,"(6.170783841, -75.58925878)"
2170759,12/03/2017,4:40 p.m.,Domingo,Motocicleta,Particular,Motociclista,Masculino,NO,Sin Registro,Solo Daños,Choque,Otra,Calle 38  Sur Carrera 44,Zona Centro,Urbana,"(6.170783841, -75.58925878)"
2170759,12/03/2017,4:40 p.m.,Domingo,Automovil,Particular,Conductor,Femenino,NO,Sin Registro,Solo Daños,Choque,Otra,Calle 38  Sur Carrera 44,Zona Centro,Urbana,"(6.170783841, -75.58925878)"
2170764,03/13/2017,8:00 a.m.,Lunes,Bus,Publico,Conductor,Masculino,NO,Sin Registro,Solo Daños,Choque,Desobedecer senales,Diagonal 29 Carrera 42,Alto De Misael,Urbana,
2170764,03/13/2017,8:00 a.m.,Lunes,Automovil,Particular,Conductor,Femenino,NO,Sin Registro,Solo Daños,Choque,Desobedecer senales,Diagonal 29 Carrera 42,Alto De Misael,Urbana,
2170723,03/13/2017,2:00 a.m.,Lunes,Motocicleta,Particular,Motociclista,Masculino,NO,Sin Registro,Muerto,Caida Ocupante,Exceso de velocidad,Calle 46 A Sur Carrera 50,Las Vegas,Urbana,
2170756,03/13/2017,10:00 a.m.,Lunes,Automovil,Particular,Conductor,Femenino,NO,Sin Registro,Solo Daños,Choque,Reverso imprudente,Diagonal 32 Transversal 35 D Sur,Los Naranjos,Urbana,"(6.168815732, -75.58069242)"
2170756,03/13/2017,10:00 a.m.,Lunes,Automovil,Particular,Conductor,Femenino,NO,Sin Registro,Solo Daños,Choque,Reverso imprudente,Diagonal 32 Transversal 35 D Sur,Los Naranjos,Urbana,"(6.168815732, -75.58069242)"
2170769,03/13/2017,5:10 p.m.,Lunes,Automovil,Particular,Conductor,Masculino,NO,Sin Registro,Solo Daños,Choque,Adelantar por la derecha,Calle 46  Sur Carrera 46,Primavera,Urbana,"(6.164633401, -75.59668961)"
2170769,03/13/2017,5:10 p.m.,Lunes,Sin Registro,Publico,Conductor,Masculino,NO,Sin Registro,Solo Daños,Choque,Adelantar por la derecha,Calle 46  Sur Carrera 46,Primavera,Urbana,"(6.164633401, -75.59668961)"
2170763,03/13/2017,6:40 a.m.,Lunes,Bus,Publico,Conductor,Masculino,NO,Sin Registro,Solo Daños,Choque,Reverso imprudente,Calle 38  Sur Carrera 46,Alcala,Urbana,"(6.171966643, -75.59136974)"
2170763,03/13/2017,6:40 a.m.,Lunes,Camion,Publico,Conductor,Masculino,NO,Sin Registro,Solo Daños,Choque,Reverso imprudente,Calle 38  Sur Carrera 46,Alcala,Urbana,"(6.171966643, -75.59136974)"
2170743,03/13/2017,8:25 a.m.,Lunes,Buseta,Publico,Conductor,Masculino,NO,Sin Registro,Solo Daños,Choque,Falta de mantenimiento mecanico,Diagonal 31 BB Transversal 32 CC Sur,Las Flores,Urbana,"(6.176224449, -75.57960235)"
2170762,03/13/2017,8:40 p.m.,Lunes,Automovil,Particular,Conductor,Masculino,NO,Sin Registro,Solo Daños,Choque,Poner en marcha un vehiculo sin precauci,Calle 37  Sur Carrera 43,Zona Centro,Urbana,"(6.170662973, -75.58744852)"
2170762,03/13/2017,8:40 p.m.,Lunes,Automovil,Particular,Conductor,Masculino,NO,Sin Registro,Solo Daños,Choque,Poner en marcha un vehiculo sin precauci,Calle 37  Sur Carrera 43,Zona Centro,Urbana,"(6.170662973, -75.58744852)"
2170785,03/13/2017,5:20 p.m.,Lunes,Motocicleta,Particular,Motociclista,Femenino,NO,Sin Registro,Solo Daños,Choque,No mantener distancia de seguridad,Carrera 48 Calle 19  Sur,Las Vegas,Urbana,"(6.187349001, -75.58153568)"
2170785,03/13/2017,5:20 p.m.,Lunes,Automovil,Particular,Conductor,Femenino,NO,Sin Registro,Solo Daños,Choque,No mantener distancia de seguridad,Carrera 48 Calle 19  Sur,Las Vegas,Urbana,"(6.187349001, -75.58153568)"
2170760,03/13/2017,5:30 p.m.,Lunes,Automovil,Particular,Conductor,Femenino,NO,Sin Registro,Solo Daños,Choque,Reverso imprudente,Carrera 46 A Calle 32  Sur,El Portal,Urbana,"(6.176807945, -75.58852559)"
2170760,03/13/2017,5:30 p.m.,Lunes,Camioneta,Publico,Conductor,Masculino,NO,Sin Registro,Solo Daños,Choque,Reverso imprudente,Carrera 46 A Calle 32  Sur,El Portal,Urbana,"(6.176807945, -75.58852559)"
2170766,03/13/2017,7:40 a.m.,Lunes,Camioneta,Particular,Conductor,Femenino,NO,Sin Registro,Solo Daños,Choque,No mantener distancia de seguridad,Tramo 12 Kilometro  16,Vereda Palmas,Rural,
2170766,03/13/2017,7:40 a.m.,Lunes,Motocicleta,Particular,Motociclista,Masculino,NO,Sin Registro,Solo Daños,Choque,No mantener distancia de seguridad,Tramo 12 Kilometro  16,Vereda Palmas,Rural,
2170776,03/13/2017,11:45 a.m.,Lunes,Motocicleta,Particular,Motociclista,Masculino,NO,Sin Registro,Herido,Choque,Desobedecer senales,Calle 33 B Sur Carrera 42,Zona Centro,Urbana,"(6.17255447, -75.58554957)"
2170776,03/13/2017,11:45 a.m.,Lunes,Bicicleta,Sin Registro,Ciclista,Femenino,NO,Sin Registro,Herido,Choque,Desobedecer senales,Calle 33 B Sur Carrera 42,Zona Centro,Urbana,"(6.17255447, -75.58554957)"
2170744,03/13/2017,8:50 a.m.,Lunes,Buseta,Publico,Conductor,Masculino,NO,Sin Registro,Solo Daños,Choque,Desobedecer senales,Calle 38  Sur Carrera 43 A,Zona Centro,Urbana,"(6.170537577, -75.58862514)"
2170744,03/13/2017,8:50 a.m.,Lunes,Automovil,Publico,Conductor,Masculino,NO,Sin Registro,Solo Daños,Choque,Desobedecer senales,Calle 38  Sur Carrera 43 A,Zona Centro,Urbana,"(6.170537577, -75.58862514)"
2170761,03/13/2017,10:20 p.m.,Lunes,Motocicleta,Particular,Motociclista,Masculino,NO,Sin Registro,Solo Daños,Choque,Adelantar en zona prohibida,Carrera 40 Calle 37  Sur,Zona Centro,Urbana,"(6.169323846, -75.58548622)"
2170761,03/13/2017,10:20 p.m.,Lunes,Automovil,Particular,Conductor,Femenino,NO,Sin Registro,Solo Daños,Choque,Adelantar en zona prohibida,Carrera 40 Calle 37  Sur,Zona Centro,Urbana,"(6.169323846, -75.58548622)"
2170768,03/14/2017,7:00 a.m.,Martes,Bus,Publico,Conductor,Masculino,NO,Sin Registro,Solo Daños,Choque,No mantener distancia de seguridad,Calle 38 A Sur Carrera 43,Zona Centro,Urbana,"(6.169370628, -75.5883151)"
2170768,03/14/2017,7:00 a.m.,Martes,Automovil,Particular,Conductor,Masculino,NO,Sin Registro,Solo Daños,Choque,No mantener distancia de seguridad,Calle 38 A Sur Carrera 43,Zona Centro,Urbana,"(6.169370628, -75.5883151)"
2170773,03/14/2017,2:00 p.m.,Martes,Automovil,Particular,Conductor,Masculino,NO,Sin Registro,Solo Daños,Choque,No mantener distancia de seguridad,Calle 37  Sur Carrera 48,Las Vegas,Urbana,"(6.17412211, -75.59306111)"
2170773,03/14/2017,2:00 p.m.,Martes,Camioneta,Particular,Conductor,Masculino,NO,Sin Registro,Solo Daños,Choque,No mantener distancia de seguridad,Calle 37  Sur Carrera 48,Las Vegas,Urbana,"(6.17412211, -75.59306111)"
2170774,03/14/2017,2:00 p.m.,Martes,Automovil,Particular,Conductor,Masculino,NO,Sin Registro,Solo Daños,Choque,No mantener distancia de seguridad,Calle 50  Sur Carrera 48,Las Vegas,Urbana,
2170774,03/14/2017,2:00 p.m.,Martes,Automovil,Particular,Conductor,Femenino,NO,Sin Registro,Solo Daños,Choque,No mantener distancia de seguridad,Calle 50  Sur Carrera 48,Las Vegas,Urbana,
2170777,03/14/2017,7:40 p.m.,Martes,Automovil,Particular,Conductor,Masculino,NO,Sin Registro,Solo Daños,Choque,Desobedecer senales,Calle 48 CC Sur Carrera 42,Loma Del Barro,Urbana,"(6.159800047, -75.59509533)"
2170777,03/14/2017,7:40 p.m.,Martes,Buseta,Publico,Conductor,Masculino,NO,Sin Registro,Solo Daños,Choque,Desobedecer senales,Calle 48 CC Sur Carrera 42,Loma Del Barro,Urbana,"(6.159800047, -75.59509533)"
2170751,03/14/2017,12:10 a.m.,Martes,Campero,Particular,Conductor,Masculino,NO,Sin Registro,Solo Daños,Choque,Impericia en el manejo,Calle 38  Sur Carrera 45 A,Alcala,Urbana,"(6.17126287, -75.59030689)"
2170772,03/14/2017,10:20 a.m.,Martes,Motocicleta,Particular,Motociclista,Masculino,NO,Sin Registro,Solo Daños,Choque,Desobedecer senales,Calle 25  Sur Carrera 27,La Inmaculada,Urbana,
2170772,03/14/2017,10:20 a.m.,Martes,Automovil,Publico,Conductor,Masculino,NO,Sin Registro,Solo Daños,Choque,Desobedecer senales,Calle 25  Sur Carrera 27,La Inmaculada,Urbana,
2170771,03/14/2017,10:30 a.m.,Martes,Automovil,Particular,Conductor,Femenino,NO,Sin Registro,Solo Daños,Choque,Adelantar por la derecha,Calle 36 D Sur Carrera 27 A,Vereda El Escobero,Urbana,"(6.164831751, -75.57423497)"
2170771,03/14/2017,10:30 a.m.,Martes,Motocicleta,Particular,Motociclista,Masculino,NO,Sin Registro,Solo Daños,Choque,Adelantar por la derecha,Calle 36 D Sur Carrera 27 A,Vereda El Escobero,Urbana,"(6.164831751, -75.57423497)"
2170790,03/14/2017,9:00 p.m.,Martes,Automovil,Particular,Conductor,Femenino,NO,Sin Registro,Herido,Choque,Desobedecer senales,Diagonal 31 A Transversal 34 E,La Sebastiana,Urbana,"(6.171171404, -75.57984945)"
2170790,03/14/2017,9:00 p.m.,Martes,Bicicleta,Sin Registro,Ciclista,Masculino,NO,Sin Registro,Herido,Choque,Desobedecer senales,Diagonal 31 A Transversal 34 E,La Sebastiana,Urbana,"(6.171171404, -75.57984945)"
2170770,03/14/2017,6:50 a.m.,Martes,Motocicleta,Particular,Motociclista,Masculino,NO,Sin Registro,Solo Daños,Choque,No respetar prelacion,Calle 25 AA Sur Carrera 48,Las Vegas,Urbana,"(6.18405129, -75.58478383)"
2170770,03/14/2017,6:50 a.m.,Martes,Motocicleta,Particular,Motociclista,Masculino,NO,Sin Registro,Solo Daños,Choque,No respetar prelacion,Calle 25 AA Sur Carrera 48,Las Vegas,Urbana,"(6.18405129, -75.58478383)"
2170788,03/14/2017,9:30 p.m.,Martes,Motocicleta,Particular,Motociclista,Masculino,NO,Sin Registro,Herido,Choque,No respetar pelacion de interseccion o giros,Calle 33 B Sur Carrera 43 A,Zona Centro,Urbana,"(6.173429457, -75.58671662)"
2170788,03/14/2017,9:30 p.m.,Martes,Motocicleta,Particular,Motociclista,Masculino,NO,Sin Registro,Herido,Choque,No respetar pelacion de interseccion o giros,Calle 33 B Sur Carrera 43 A,Zona Centro,Urbana,"(6.173429457, -75.58671662)"
2170767,03/14/2017,4:40 p.m.,Martes,Motocicleta,Particular,Motociclista,Masculino,NO,Sin Registro,Herido,Otro,Huecos,Calle 23  Sur Carrera 43 A,Las Vegas,Urbana,"(6.182706228, -75.58032996)"
2170787,03/14/2017,6:40 p.m.,Martes,Automovil,Particular,Conductor,Femenino,NO,Sin Registro,Herido,Choque,Desobedecer senales,Calle 33  Sur Carrera 44,San Marcos,Urbana,"(6.174156211, -75.58709249)"
2170787,03/14/2017,6:40 p.m.,Martes,Motocicleta,Particular,Motociclista,Masculino,NO,Sin Registro,Herido,Choque,Desobedecer senales,Calle 33  Sur Carrera 44,San Marcos,Urbana,"(6.174156211, -75.58709249)"
2170783,03/14/2017,12:50 p.m.,Martes,Automovil,Particular,Conductor,Masculino,NO,Sin Registro,Solo Daños,Choque,No mantener distancia de seguridad,Carrera 48 Calle 38  Sur,Las Vegas,Urbana,"(6.172747818, -75.59269817)"
2170783,03/14/2017,12:50 p.m.,Martes,Camioneta,Particular,Conductor,Masculino,NO,Sin Registro,Solo Daños,Choque,No mantener distancia de seguridad,Carrera 48 Calle 38  Sur,Las Vegas,Urbana,"(6.172747818, -75.59269817)"
2170778,03/14/2017,10:50 p.m.,Martes,Automovil,Particular,Conductor,Masculino,NO,Sin Registro,Solo Daños,Choque,Impericia en el manejo,Tramo 12 Kilometro  13,Vereda Palmas,Rural,
2170797,03/15/2017,2:00 p.m.,Miércoles,Bus,Publico,Conductor,Masculino,NO,Sin Registro,Solo Daños,Choque,Desobedecer senales,Diagonal 33 Transversal 34 B Sur,Obrero,Urbana,"(6.171786342, -75.58348295)"
2170797,03/15/2017,2:00 p.m.,Miércoles,Automovil,Particular,Conductor,Femenino,NO,Sin Registro,Solo Daños,Choque,Desobedecer senales,Diagonal 33 Transversal 34 B Sur,Obrero,Urbana,"(6.171786342, -75.58348295)"
2170793,03/15/2017,12:15 p.m.,Miércoles,Camioneta,Particular,Conductor,Femenino,NO,Sin Registro,Solo Daños,Choque,Transitar entre vehiculos,Calle 48 C Sur Carrera 43 A,Las Casitas,Urbana,"(6.162378903, -75.59763059)"
2170793,03/15/2017,12:15 p.m.,Miércoles,Motocicleta,Particular,Motociclista,Femenino,NO,Sin Registro,Solo Daños,Choque,Transitar entre vehiculos,Calle 48 C Sur Carrera 43 A,Las Casitas,Urbana,"(6.162378903, -75.59763059)"
2170780,03/15/2017,2:15 p.m.,Miércoles,Campero,Particular,Conductor,Masculino,NO,Sin Registro,Solo Daños,Choque,No mantener distancia de seguridad,Carrera 43 A Calle 38  Sur,Zona Centro,Urbana,"(6.170421178, -75.58859877)"
2170780,03/15/2017,2:15 p.m.,Miércoles,Automovil,Particular,Conductor,Masculino,NO,Sin Registro,Solo Daños,Choque,No mantener distancia de seguridad,Carrera 43 A Calle 38  Sur,Zona Centro,Urbana,"(6.170421178, -75.58859877)"
2170784,03/15/2017,6:30 p.m.,Miércoles,Automovil,Particular,Conductor,Masculino,NO,Sin Registro,Solo Daños,Choque,No mantener distancia de seguridad,Carrera 43 A Calle 25  Sur,Las Orquideas,Urbana,"(6.181616833, -75.58185727)"
2170784,03/15/2017,6:30 p.m.,Miércoles,Automovil,Publico,Conductor,Masculino,NO,Sin Registro,Solo Daños,Choque,No mantener distancia de seguridad,Carrera 43 A Calle 25  Sur,Las Orquideas,Urbana,"(6.181616833, -75.58185727)"
2170792,03/15/2017,12:30 p.m.,Miércoles,Automovil,Particular,Conductor,Masculino,NO,Sin Registro,Solo Daños,Choque,No mantener distancia de seguridad,Calle 38  Sur Carrera 29 A,Mesa,Urbana,"(6.165022576, -75.58071311)"
2170792,03/15/2017,12:30 p.m.,Miércoles,Motocicleta,Particular,Motociclista,Masculino,NO,Sin Registro,Solo Daños,Choque,No mantener distancia de seguridad,Calle 38  Sur Carrera 29 A,Mesa,Urbana,"(6.165022576, -75.58071311)"
2170819,03/15/2017,12:30 p.m.,Miércoles,Automovil,Particular,Conductor,Femenino,NO,Sin Registro,Herido,Choque,Impericia en el manejo,Calle 36 D Sur Carrera 25 A,Vereda El Escobero,Urbana,"(6.158809572, -75.56663754)"
2170819,03/15/2017,12:30 p.m.,Miércoles,Motocicleta,Particular,Motociclista,Masculino,NO,Sin Registro,Herido,Choque,Impericia en el manejo,Calle 36 D Sur Carrera 25 A,Vereda El Escobero,Urbana,"(6.158809572, -75.56663754)"
2170794,03/15/2017,6:50 a.m.,Miércoles,Automovil,Particular,Conductor,Masculino,NO,Sin Registro,Solo Daños,Choque,Transitar entre vehiculos,Calle 39  Sur Carrera 27 B,El Chinguí,Urbana,"(6.159217585, -75.57883462)"
2170794,03/15/2017,6:50 a.m.,Miércoles,Motocicleta,Particular,Motociclista,Masculino,NO,Sin Registro,Solo Daños,Choque,Transitar entre vehiculos,Calle 39  Sur Carrera 27 B,El Chinguí,Urbana,"(6.159217585, -75.57883462)"
2170781,03/15/2017,9:30 p.m.,Miércoles,Automovil,Particular,Conductor,Masculino,NO,Sin Registro,Solo Daños,Choque,No mantener distancia de seguridad,Calle 46  Sur Carrera 44,Primavera,Urbana,"(6.164371719, -75.59631716)"
2170781,03/15/2017,9:30 p.m.,Miércoles,Automovil,Particular,Conductor,Masculino,NO,Sin Registro,Solo Daños,Choque,No mantener distancia de seguridad,Calle 46  Sur Carrera 44,Primavera,Urbana,"(6.164371719, -75.59631716)"
2170782,03/15/2017,8:45 a.m.,Miércoles,Camioneta,Particular,Conductor,Femenino,NO,Sin Registro,Solo Daños,Choque,No mantener distancia de seguridad,Calle 37  Sur Carrera 38,Zona Centro,Urbana,"(6.168685416, -75.58429124)"
2170782,03/15/2017,8:45 a.m.,Miércoles,Automovil,Particular,Conductor,Masculino,NO,Sin Registro,Solo Daños,Choque,No mantener distancia de seguridad,Calle 37  Sur Carrera 38,Zona Centro,Urbana,"(6.168685416, -75.58429124)"
2170779,03/15/2017,2:40 p.m.,Miércoles,Automovil,Particular,Conductor,Masculino,NO,Sin Registro,Solo Daños,Choque,No mantener distancia de seguridad,Calle 21  Sur Carrera 41,Zuñiga,Urbana,"(6.182165945, -75.57677668)"
2170779,03/15/2017,2:40 p.m.,Miércoles,Microbus,Publico,Conductor,Masculino,NO,Sin Registro,Solo Daños,Choque,No mantener distancia de seguridad,Calle 21  Sur Carrera 41,Zuñiga,Urbana,"(6.182165945, -75.57677668)"
2170786,03/15/2017,3:50 p.m.,Miércoles,Automovil,Publico,Conductor,Masculino,NO,Sin Registro,Herido,Choque,Transitar entre vehiculos,Calle 46 A Sur Carrera 50,Las Vegas,Urbana,
2170786,03/15/2017,3:50 p.m.,Miércoles,Motocicleta,Particular,Motociclista,Masculino,NO,Sin Registro,Herido,Choque,Transitar entre vehiculos,Calle 46 A Sur Carrera 50,Las Vegas,Urbana,
2170821,03/16/2017,7:05 p.m.,Jueves,Buseta,Publico,Conductor,Masculino,NO,Sin Registro,Solo Daños,Choque,Impericia en el manejo,Calle 43  Sur Carrera 36 D,Las Antillas,Urbana,"(6.171314659, -75.58700753)"
2170821,03/16/2017,7:05 p.m.,Jueves,Automovil,Particular,Conductor,Femenino,NO,Sin Registro,Solo Daños,Choque,Impericia en el manejo,Calle 43  Sur Carrera 36 D,Las Antillas,Urbana,"(6.171314659, -75.58700753)"
2170799,03/16/2017,7:30 p.m.,Jueves,Campero,Particular,Conductor,Masculino,NO,Sin Registro,Solo Daños,Choque,Adelantar cerrando,Calle 43  Sur Carrera 50,Las Vegas,Urbana,"(6.159203801, -75.60259496)"
2170799,03/16/2017,7:30 p.m.,Jueves,Automovil,Particular,Conductor,Masculino,NO,Sin Registro,Solo Daños,Choque,Adelantar cerrando,Calle 43  Sur Carrera 50,Las Vegas,Urbana,"(6.159203801, -75.60259496)"
2170804,03/16/2017,7:40 p.m.,Jueves,Automovil,Particular,Conductor,Femenino,NO,Sin Registro,Solo Daños,Choque,Impericia en el manejo,Tramo 12 Kilometro  16,Vereda Palmas,Rural,
2170804,03/16/2017,7:40 p.m.,Jueves,Campero,Particular,Conductor,Masculino,NO,Sin Registro,Solo Daños,Choque,Impericia en el manejo,Tramo 12 Kilometro  16,Vereda Palmas,Rural,
2170801,03/16/2017,3:10 p.m.,Jueves,Automovil,Particular,Conductor,Femenino,NO,Sin Registro,Solo Daños,Choque,Adelantar por la derecha,Calle 36 D Sur Carrera 27 A,Vereda El Escobero,Urbana,"(6.164831751, -75.57423497)"
2170807,03/16/2017,4:10 p.m.,Jueves,Automovil,Publico,Conductor,Masculino,NO,Sin Registro,Solo Daños,Choque,No mantener distancia de seguridad,Calle 37  Sur Carrera 45 A,El Portal,Urbana,"(6.172226705, -75.5897566)"
2170807,03/16/2017,4:10 p.m.,Jueves,Automovil,Diplomatico,Conductor,Masculino,NO,Sin Registro,Solo Daños,Choque,No mantener distancia de seguridad,Calle 37  Sur Carrera 45 A,El Portal,Urbana,"(6.172226705, -75.5897566)"
2170801,03/16/2017,3:10 p.m.,Jueves,Motocicleta,Particular,Motociclista,Masculino,NO,Sin Registro,Solo Daños,Choque,Adelantar por la derecha,Calle 36 D Sur Carrera 27 A,Vereda El Escobero,Urbana,"(6.164831751, -75.57423497)"
2170798,03/16/2017,6:30 a.m.,Jueves,Automovil,Particular,Conductor,Masculino,NO,Sin Registro,Solo Daños,Choque,No mantener distancia de seguridad,Carrera 50 Calle 27  Sur,Las Vegas,Urbana,
2170798,03/16/2017,6:30 a.m.,Jueves,Camion,Publico,Conductor,Masculino,NO,Sin Registro,Solo Daños,Choque,No mantener distancia de seguridad,Carrera 50 Calle 27  Sur,Las Vegas,Urbana,
2170795,03/16/2017,2:10 p.m.,Jueves,Automovil,Diplomatico,Conductor,Femenino,NO,Sin Registro,Solo Daños,Choque,Impericia en el manejo,Carrera 48 Calle 40  Sur,El Dorado,Urbana,"(6.168855316, -75.59688767)"
2170795,03/16/2017,2:10 p.m.,Jueves,Motocicleta,Particular,Motociclista,Masculino,NO,Sin Registro,Solo Daños,Choque,Adelantar por la derecha,Carrera 48 Calle 40  Sur,El Dorado,Urbana,"(6.168855316, -75.59688767)"
2170795,03/16/2017,2:10 p.m.,Jueves,Motocicleta,Particular,Motociclista,Masculino,NO,Sin Registro,Solo Daños,Choque,Impericia en el manejo,Carrera 48 Calle 40  Sur,El Dorado,Urbana,"(6.168855316, -75.59688767)"
2170795,03/16/2017,2:10 p.m.,Jueves,Automovil,Diplomatico,Conductor,Femenino,NO,Sin Registro,Solo Daños,Choque,Adelantar por la derecha,Carrera 48 Calle 40  Sur,El Dorado,Urbana,"(6.168855316, -75.59688767)"
2170823,03/16/2017,4:15 p.m.,Jueves,Campero,Particular,Conductor,Femenino,NO,Sin Registro,Solo Daños,Choque,No mantener distancia de seguridad,Calle 25  Sur Carrera 48,Las Vegas,Urbana,
2170823,03/16/2017,4:15 p.m.,Jueves,Motocicleta,Particular,Motociclista,Masculino,NO,Sin Registro,Solo Daños,Choque,No mantener distancia de seguridad,Calle 25  Sur Carrera 48,Las Vegas,Urbana,
2170800,03/16/2017,6:35 a.m.,Jueves,Buseta,Publico,Conductor,Masculino,NO,Sin Registro,Solo Daños,Choque,Girar bruscamente,Carrera 48 Calle 50  Sur,Las Vegas,Urbana,
2170800,03/16/2017,6:35 a.m.,Jueves,Camioneta,Particular,Conductor,Masculino,NO,Sin Registro,Solo Daños,Choque,Girar bruscamente,Carrera 48 Calle 50  Sur,Las Vegas,Urbana,
2170825,03/16/2017,3:30 p.m.,Jueves,Bus,Publico,Conductor,Masculino,NO,Sin Registro,Solo Daños,Choque,No mantener distancia de seguridad,Calle 22  Sur Carrera 20,El Esmeraldal,Urbana,
2170825,03/16/2017,3:30 p.m.,Jueves,Automovil,Particular,Conductor,Femenino,NO,Sin Registro,Solo Daños,Choque,No mantener distancia de seguridad,Calle 22  Sur Carrera 20,El Esmeraldal,Urbana,
2170791,03/16/2017,12:30 p.m.,Jueves,Automovil,Particular,Conductor,Masculino,NO,Sin Registro,Solo Daños,Choque,No mantener distancia de seguridad,Calle 37  Sur Carrera 31,Mesa,Urbana,"(6.166120684, -75.58074061)"
2170791,03/16/2017,12:30 p.m.,Jueves,Automovil,Publico,Conductor,Masculino,NO,Sin Registro,Solo Daños,Choque,No mantener distancia de seguridad,Calle 37  Sur Carrera 31,Mesa,Urbana,"(6.166120684, -75.58074061)"
2170802,03/16/2017,6:45 a.m.,Jueves,Bus,Publico,Conductor,Masculino,NO,Sin Registro,Solo Daños,Choque,Adelantar cerrando,Calle 38  Sur Carrera 31,Mesa,Urbana,"(6.165577674, -75.58112182)"
2170802,03/16/2017,6:45 a.m.,Jueves,Automovil,Particular,Conductor,Femenino,NO,Sin Registro,Solo Daños,Choque,Adelantar cerrando,Calle 38  Sur Carrera 31,Mesa,Urbana,"(6.165577674, -75.58112182)"
2170826,03/16/2017,7:30 a.m.,Jueves,Campero,Diplomatico,Conductor,Masculino,NO,Sin Registro,Solo Daños,Choque,No respetar prelacion,Calle 37  Sur Carrera 48,Alcala,Urbana,"(6.17412211, -75.59306111)"
2170826,03/16/2017,7:30 a.m.,Jueves,Automovil,Particular,Conductor,Masculino,NO,Sin Registro,Solo Daños,Choque,No respetar prelacion,Calle 37  Sur Carrera 48,Alcala,Urbana,"(6.17412211, -75.59306111)"
2170840,03/16/2017,8:50 a.m.,Jueves,Automovil,Particular,Conductor,Masculino,NO,Sin Registro,Solo Daños,Choque,No mantener distancia de seguridad,Calle 36 D Sur Diagonal 31,Manuel Uribe Angel,Urbana,
2170840,03/16/2017,8:50 a.m.,Jueves,Motocicleta,Particular,Motociclista,Masculino,NO,Sin Registro,Solo Daños,Choque,No mantener distancia de seguridad,Calle 36 D Sur Diagonal 31,Manuel Uribe Angel,Urbana,
2170796,03/16/2017,11:50 a.m.,Jueves,Camion,Publico,Conductor,Masculino,NO,Sin Registro,Solo Daños,Choque,Impericia en el manejo,Calle 21  Sur Carrera 43 A,Zuñiga,Urbana,"(6.18399286, -75.57959764)"
2170796,03/16/2017,11:50 a.m.,Jueves,Camioneta,Publico,Conductor,Masculino,NO,Sin Registro,Solo Daños,Choque,Impericia en el manejo,Calle 21  Sur Carrera 43 A,Zuñiga,Urbana,"(6.18399286, -75.57959764)"
2170811,03/16/2017,10:45 a.m.,Jueves,Camion,Publico,Conductor,Masculino,NO,Sin Registro,Solo Daños,Choque,Impericia en el manejo,Carrera 30 Calle 40  Sur,San Jose,Urbana,"(6.162460007, -75.58236019)"
2170811,03/16/2017,10:45 a.m.,Jueves,Automovil,Particular,Conductor,Masculino,NO,Sin Registro,Solo Daños,Choque,Impericia en el manejo,Carrera 30 Calle 40  Sur,San Jose,Urbana,"(6.162460007, -75.58236019)"
2170813,03/17/2017,3:10 p.m.,Viernes,Camioneta,Particular,Conductor,Femenino,NO,Sin Registro,Solo Daños,Choque,No mantener distancia de seguridad,Carrera 50 Calle 48 C Sur,Las Vegas,Urbana,
2170813,03/17/2017,3:10 p.m.,Viernes,Automovil,Particular,Conductor,Masculino,NO,Sin Registro,Solo Daños,Choque,No mantener distancia de seguridad,Carrera 50 Calle 48 C Sur,Las Vegas,Urbana,
2170829,03/17/2017,5:30 a.m.,Viernes,Automovil,Particular,Conductor,Masculino,NO,Sin Registro,Solo Daños,Choque,Adelantar cerrando,Carrera 50 Calle 39  Sur,Las Vegas,Urbana,
2170829,03/17/2017,5:30 a.m.,Viernes,Automovil,Particular,Conductor,Femenino,NO,Sin Registro,Solo Daños,Choque,Adelantar cerrando,Carrera 50 Calle 39  Sur,Las Vegas,Urbana,
2170808,03/17/2017,4:20 p.m.,Viernes,Bicicleta,Sin Registro,Ciclista,Masculino,NO,Sin Registro,Herido,Choque,Exceso de velocidad,Calle 44  Sur Carrera 42,El Dorado,Urbana,
2170808,03/17/2017,4:20 p.m.,Viernes,Automovil,Sin Registro,Conductor,Masculino,NO,Sin Registro,Herido,Choque,Exceso de velocidad,Calle 44  Sur Carrera 42,El Dorado,Urbana,
2170822,03/17/2017,10:30 a.m.,Viernes,Campero,Particular,Conductor,Femenino,NO,Sin Registro,Solo Daños,Choque,Exceso de velocidad,Tramo 372 Kilometro  11,Vereda Palmas,Rural,
2170820,03/17/2017,6:30 p.m.,Viernes,Motocicleta,Diplomatico,Motociclista,Masculino,NO,Sin Registro,Herido,Atropello,Otra,Calle 37  Sur Carrera 41,Zona Centro,Urbana,"(6.169855492, -75.58619601)"
2170822,03/17/2017,10:30 a.m.,Viernes,Campero,Particular,Conductor,Femenino,NO,Sin Registro,Solo Daños,Choque,Impericia en el manejo,Tramo 372 Kilometro  11,Vereda Palmas,Rural,