RADICADO,FECHA,HORA,DÍA DE LA SEMANA,CLASE DE VEHICULO,TIPO DE SERVICIO,TIPO DE VICTIMA,SEXO,ESTADO DE BEODEZ,RESULTADO DE BEODEZ,GRAVEDAD,CLASE DE ACCIDENTE,CAUSA,DIRECCIÓN,BARRIO,AREA,Coordenadas
2170828,03/17/2017,5:25 p.m.,Viernes,Buseta,Publico,Conductor,Masculino,NO,Sin Registro,Solo Daños,Choque,Impericia en el manejo,Carrera 43 A Calle 38  Sur,Alcala,Urbana,"(6.170421178, -75.58859877)"
2170828,03/17/2017,5:25 p.m.,Viernes,Camioneta,Particular,Conductor,Masculino,NO,Sin Registro,Solo Daños,Choque,Impericia en el manejo,Carrera 43 A Calle 38  Sur,Alcala,Urbana,"(6.170421178, -75.58859877)"
2170810,03/17/2017,4:40 p.m.,Viernes,Motocicleta,Particular,Motociclista,Femenino,NO,Sin Registro,Solo Daños,Choque,No mantener distancia de seguridad,Carrera 42 Calle 44  Sur,El Dorado,Urbana,
2170810,03/17/2017,4:40 p.m.,Viernes,Automovil,Particular,Conductor,Masculino,NO,Sin Registro,Solo Daños,Choque,No mantener distancia de seguridad,Carrera 42 Calle 44  Sur,El Dorado,Urbana,
2170824,03/18/2017,1:00 p.m.,Sábado,Automovil,Particular,Conductor,Masculino,NO,Sin Registro,Solo Daños,Choque,No mantener distancia de seguridad,Diagonal 31 Transversal 31,Las Vegas,Urbana,
2170824,03/18/2017,1:00 p.m.,Sábado,Automovil,Particular,Conductor,Masculino,NO,Sin Registro,Solo Daños,Choque,No mantener distancia de seguridad,Diagonal 31 Transversal 31,Las Vegas,Urbana,
2170854,03/22/2017,11:25 a.m.,Miércoles,Tractocamion,Publico,Conductor,Masculino,NO,Sin Registro,Solo Daños,Choque,Impericia en el manejo,Calle 50  Sur Carrera 48,Las Vegas,Urbana,
2170818,03/18/2017,1:15 p.m.,Sábado,Camioneta,Particular,Conductor,Masculino,NO,Sin Registro,Herido,Atropello,Cruzar sin observar,Diagonal 31 Transversal 32 C Sur,Las Flores,Urbana,"(6.174681134, -75.57847104)"
2170841,03/18/2017,8:25 a.m.,Sábado,Campero,Particular,Conductor,Masculino,NO,Sin Registro,Herido,Choque,No respetar prelacion,Calle 37  Sur Carrera 48,Las Vegas,Urbana,"(6.17412211, -75.59306111)"
2170841,03/18/2017,8:25 a.m.,Sábado,Motocicleta,Particular,Motociclista,Masculino,NO,Sin Registro,Herido,Choque,No respetar prelacion,Calle 37  Sur Carrera 48,Las Vegas,Urbana,"(6.17412211, -75.59306111)"
2170809,03/18/2017,9:30 a.m.,Sábado,Automovil,Particular,Conductor,Masculino,NO,Sin Registro,Solo Daños,Choque,Exceso de velocidad,Tramo 12 Kilometro  6,Vereda Palmas,Rural,
2170809,03/18/2017,9:30 a.m.,Sábado,Motocicleta,Particular,Motociclista,Masculino,NO,Sin Registro,Solo Daños,Choque,Exceso de velocidad,Tramo 12 Kilometro  6,Vereda Palmas,Rural,
2170855,03/18/2017,9:50 p.m.,Sábado,Motocicleta,Particular,Motociclista,Masculino,NO,Sin Registro,Solo Daños,Choque,Semaforo en rojo,Calle 30  Sur Carrera 48,Las Vegas,Urbana,"(6.180376127, -75.59028805)"
2170855,03/18/2017,9:50 p.m.,Sábado,Automovil,Particular,Conductor,Masculino,NO,Sin Registro,Solo Daños,Choque,Semaforo en rojo,Calle 30  Sur Carrera 48,Las Vegas,Urbana,"(6.180376127, -75.59028805)"
2170803,03/18/2017,10:45 a.m.,Sábado,Automovil,Publico,Conductor,Masculino,NO,Sin Registro,Solo Daños,Choque,No respetar prelacion,Carrera 48 Calle 19  Sur,Las Vegas,Urbana,"(6.187349001, -75.58153568)"
2170803,03/18/2017,10:45 a.m.,Sábado,Automovil,Particular,Conductor,Masculino,NO,Sin Registro,Solo Daños,Choque,No respetar prelacion,Carrera 48 Calle 19  Sur,Las Vegas,Urbana,"(6.187349001, -75.58153568)"
2170806,03/18/2017,9:50 a.m.,Sábado,Automovil,Particular,Conductor,Masculino,NO,Sin Registro,Solo Daños,Choque,No respetar prelacion,Carrera 48 Calle 30  Sur,Las Vegas,Urbana,"(6.179366643, -75.5880841)"
2170806,03/18/2017,9:50 a.m.,Sábado,Automovil,Particular,Conductor,Masculino,NO,Sin Registro,Solo Daños,Choque,No respetar prelacion,Carrera 48 Calle 30  Sur,Las Vegas,Urbana,"(6.179366643, -75.5880841)"
2170814,03/18/2017,10:10 p.m.,Sábado,Automovil,Publico,Conductor,Masculino,NO,Sin Registro,Solo Daños,Choque,Exceso de velocidad,Calle 48 B Sur Carrera 40,El Trianon,Urbana,"(6.158356647, -75.59545072)"
2170805,03/18/2017,11:15 p.m.,Sábado,Bus,Publico,Conductor,Masculino,NO,Sin Registro,Solo Daños,Choque,Semaforo en rojo,Calle 38 A Sur Carrera 41,Zona Centro,Urbana,"(6.168560755, -75.58701537)"
2170805,03/18/2017,11:15 p.m.,Sábado,Automovil,Publico,Conductor,Masculino,NO,Sin Registro,Solo Daños,Choque,Exceso de velocidad,Calle 38 A Sur Carrera 41,Zona Centro,Urbana,"(6.168560755, -75.58701537)"
2170805,03/18/2017,11:15 p.m.,Sábado,Automovil,Publico,Conductor,Masculino,NO,Sin Registro,Solo Daños,Choque,Semaforo en rojo,Calle 38 A Sur Carrera 41,Zona Centro,Urbana,"(6.168560755, -75.58701537)"
2170805,03/18/2017,11:15 p.m.,Sábado,Bus,Publico,Conductor,Masculino,NO,Sin Registro,Solo Daños,Choque,Exceso de velocidad,Calle 38 A Sur Carrera 41,Zona Centro,Urbana,"(6.168560755, -75.58701537)"
2170833,03/19/2017,12:00 p.m.,Domingo,Motocicleta,Particular,Motociclista,Masculino,NO,Sin Registro,Herido,Choque,Desobedecer senales,Calle 39 B Sur Carrera 29 A,San Jose,Urbana,"(6.163042511, -75.58152744)"
2170833,03/19/2017,12:00 p.m.,Domingo,Bicicleta,Sin Registro,Ciclista,Masculino,NO,Sin Registro,Herido,Choque,Desobedecer senales,Calle 39 B Sur Carrera 29 A,San Jose,Urbana,"(6.163042511, -75.58152744)"
2170812,03/19/2017,1:10 p.m.,Domingo,Motocicleta,Particular,Motociclista,Masculino,NO,Sin Registro,Solo Daños,Choque,No mantener distancia de seguridad,Tramo 12 Kilometro  14,Vereda Palmas,Rural,
2170812,03/19/2017,1:10 p.m.,Domingo,Automovil,Particular,Conductor,Femenino,NO,Sin Registro,Solo Daños,Choque,No mantener distancia de seguridad,Tramo 12 Kilometro  14,Vereda Palmas,Rural,
2170839,03/19/2017,3:55 p.m.,Domingo,Bus,Publico,Conductor,Masculino,NO,Sin Registro,Solo Daños,Choque,Poner en marcha un vehiculo sin precauci,Calle 40  Sur Carrera 24,El Salado,Urbana,"(6.147263187, -75.57633575)"
2170839,03/19/2017,3:55 p.m.,Domingo,Automovil,Particular,Conductor,Masculino,NO,Sin Registro,Solo Daños,Choque,Poner en marcha un vehiculo sin precauci,Calle 40  Sur Carrera 24,El Salado,Urbana,"(6.147263187, -75.57633575)"
2170816,03/20/2017,3:00 a.m.,Lunes,Motocicleta,Particular,Motociclista,Masculino,SI,1,Herido,Choque,Exceso de velocidad,Calle 50  Sur Carrera 43 A,Las Casitas,Urbana,
2170817,03/20/2017,12:30 a.m.,Lunes,Automovil,Particular,Conductor,Masculino,NO,Sin Registro,Herido,Choque,Exceso de velocidad,Calle 25 AA Sur Carrera 50,Las Vegas,Urbana,"(6.182478523, -75.58331336)"
2170853,03/21/2017,8:00 a.m.,Martes,Automovil,Particular,Conductor,Masculino,NO,Sin Registro,Solo Daños,Choque,No mantener distancia de seguridad,Tramo 372 Kilometro  12,Vereda Palmas,Rural,
2170853,03/21/2017,8:00 a.m.,Martes,Automovil,Publico,Conductor,Masculino,NO,Sin Registro,Solo Daños,Choque,No mantener distancia de seguridad,Tramo 372 Kilometro  12,Vereda Palmas,Rural,
2170859,03/21/2017,7:00 p.m.,Martes,Automovil,Particular,Conductor,Femenino,NO,Sin Registro,Solo Daños,Choque,Semaforo en rojo,Calle 38  Sur Carrera 46,Alcala,Urbana,"(6.171966643, -75.59136974)"
2170859,03/21/2017,7:00 p.m.,Martes,Motocicleta,Particular,Motociclista,Masculino,NO,Sin Registro,Solo Daños,Choque,Semaforo en rojo,Calle 38  Sur Carrera 46,Alcala,Urbana,"(6.171966643, -75.59136974)"
2170836,03/21/2017,12:05 p.m.,Martes,Automovil,Particular,Conductor,Masculino,NO,Sin Registro,Solo Daños,Choque,Desobedecer senales,Calle 38  Sur Carrera 47,Alcala,Urbana,"(6.172469073, -75.59209252)"
2170836,03/21/2017,12:05 p.m.,Martes,Automovil,Particular,Conductor,Femenino,NO,Sin Registro,Solo Daños,Choque,Desobedecer senales,Calle 38  Sur Carrera 47,Alcala,Urbana,"(6.172469073, -75.59209252)"
2170837,03/21/2017,7:15 a.m.,Martes,Automovil,Publico,Conductor,Masculino,NO,Sin Registro,Solo Daños,Choque,Impericia en el manejo,Calle 43  Sur Carrera 50,Las Vegas,Urbana,"(6.159203801, -75.60259496)"
2170837,03/21/2017,7:15 a.m.,Martes,Camioneta,Particular,Conductor,Masculino,NO,Sin Registro,Solo Daños,Choque,Impericia en el manejo,Calle 43  Sur Carrera 50,Las Vegas,Urbana,"(6.159203801, -75.60259496)"
2170850,03/21/2017,5:30 a.m.,Martes,Campero,Particular,Conductor,Femenino,NO,Sin Registro,Solo Daños,Choque,Impericia en el manejo,Calle 36 D Sur Carrera 27 A,Vereda El Escobero,Urbana,"(6.164831751, -75.57423497)"
2170838,03/21/2017,3:20 p.m.,Martes,Campero,Particular,Conductor,Masculino,NO,Sin Registro,Solo Daños,Choque,No mantener distancia de seguridad,Calle 30  Sur Carrera 48,Las Vegas,Urbana,"(6.180376127, -75.59028805)"
2170838,03/21/2017,3:20 p.m.,Martes,Motocicleta,Particular,Motociclista,Femenino,NO,Sin Registro,Solo Daños,Choque,No mantener distancia de seguridad,Calle 30  Sur Carrera 48,Las Vegas,Urbana,"(6.180376127, -75.59028805)"
2170832,03/21/2017,1:30 p.m.,Martes,Automovil,Particular,Conductor,Femenino,NO,Sin Registro,Herido,Choque,Adelantar en zona prohibida,Calle 40 F Sur Carrera 34,San Jose,Urbana,"(6.162749546, -75.58582407)"
2170832,03/21/2017,1:30 p.m.,Martes,Motocicleta,Particular,Motociclista,Femenino,NO,Sin Registro,Herido,Choque,Adelantar en zona prohibida,Calle 40 F Sur Carrera 34,San Jose,Urbana,"(6.162749546, -75.58582407)"
2170848,03/21/2017,8:30 p.m.,Martes,Automovil,Particular,Conductor,Masculino,NO,Sin Registro,Solo Daños,Choque,Impericia en el manejo,Carrera 42 Calle 40 B Sur,El Dorado,Urbana,"(6.167092824, -75.58881112)"
2170848,03/21/2017,8:30 p.m.,Martes,Automovil,Particular,Conductor,Masculino,NO,Sin Registro,Solo Daños,Choque,Impericia en el manejo,Carrera 42 Calle 40 B Sur,El Dorado,Urbana,"(6.167092824, -75.58881112)"
2170830,03/21/2017,5:40 a.m.,Martes,Automovil,Particular,Conductor,Masculino,NO,Sin Registro,Solo Daños,Choque,Reverso imprudente,Tramo 12 Kilometro  14,Vereda Palmas,Rural,
2170830,03/21/2017,5:40 a.m.,Martes,Automovil,Particular,Conductor,Femenino,NO,Sin Registro,Solo Daños,Choque,Reverso imprudente,Tramo 12 Kilometro  14,Vereda Palmas,Rural,
2170831,03/21/2017,9:30 a.m.,Martes,Camioneta,Particular,Conductor,Femenino,NO,Sin Registro,Herido,Choque,No mantener distancia de seguridad,Calle 37  Sur Carrera 48,Las Vegas,Urbana,"(6.17412211, -75.59306111)"
2170831,03/21/2017,9:30 a.m.,Martes,Camioneta,Publico,Conductor,Femenino,NO,Sin Registro,Herido,Choque,No mantener distancia de seguridad,Calle 37  Sur Carrera 48,Las Vegas,Urbana,"(6.17412211, -75.59306111)"
2170835,03/21/2017,5:50 a.m.,Martes,Automovil,Particular,Conductor,Masculino,NO,Sin Registro,Solo Daños,Choque,Impericia en el manejo,Tramo 372 Kilometro  14,Vereda Palmas,Rural,
2170835,03/21/2017,5:50 a.m.,Martes,Automovil,Publico,Conductor,Masculino,NO,Sin Registro,Solo Daños,Choque,Impericia en el manejo,Tramo 372 Kilometro  14,Vereda Palmas,Rural,
2170834,03/21/2017,4:40 p.m.,Martes,Motocicleta,Particular,Motociclista,Masculino,NO,Sin Registro,Herido,Choque,Exceso de velocidad,Calle 36  Sur Carrera 41,Zona Centro,Urbana,"(6.170639628, -75.58578509)"
2170834,03/21/2017,4:40 p.m.,Martes,Camioneta,Diplomatico,Conductor,Masculino,NO,Sin Registro,Herido,Choque,Exceso de velocidad,Calle 36  Sur Carrera 41,Zona Centro,Urbana,"(6.170639628, -75.58578509)"
2170827,03/21/2017,1:30 a.m.,Martes,Automovil,Particular,Conductor,Masculino,SI,2,Herido,Volcamiento,Exceso de velocidad,Tramo 372 Kilometro  14,Vereda Palmas,Rural,
2170865,03/22/2017,7:00 a.m.,Miércoles,Camioneta,Particular,Conductor,Masculino,NO,Sin Registro,Herido,Choque,No respetar prelacion,Tramo 372 Kilometro  8,Vereda Palmas,Rural,
2170851,03/22/2017,1:00 p.m.,Miércoles,Automovil,Publico,Conductor,Masculino,NO,Sin Registro,Solo Daños,Choque,No mantener distancia de seguridad,Calle 41 B Sur Carrera 32 B,San Rafael,Urbana,"(6.160267107, -75.58687919)"
2170851,03/22/2017,1:00 p.m.,Miércoles,Automovil,Publico,Conductor,Masculino,NO,Sin Registro,Solo Daños,Choque,No mantener distancia de seguridad,Calle 41 B Sur Carrera 32 B,San Rafael,Urbana,"(6.160267107, -75.58687919)"
2170865,03/22/2017,7:00 a.m.,Miércoles,Motocicleta,Particular,Motociclista,Masculino,NO,Sin Registro,Herido,Choque,No respetar prelacion,Tramo 372 Kilometro  8,Vereda Palmas,Rural,
2170844,03/22/2017,1:15 p.m.,Miércoles,Automovil,Particular,Conductor,Masculino,NO,Sin Registro,Herido,Choque,Desobedecer senales,Calle 48  Sur Carrera 40,El Trianon,Urbana,"(6.158853504, -75.59456088)"
2170844,03/22/2017,1:15 p.m.,Miércoles,Motocicleta,Particular,Motociclista,Masculino,SI,2,Herido,Choque,Desobedecer senales,Calle 48  Sur Carrera 40,El Trianon,Urbana,"(6.158853504, -75.59456088)"
2170849,03/22/2017,4:10 p.m.,Miércoles,Automovil,Particular,Conductor,Femenino,NO,Sin Registro,Solo Daños,Choque,No mantener distancia de seguridad,Calle 39  Sur Carrera 41,Zona Centro,Urbana,"(6.167870042, -75.58744871)"
2170849,03/22/2017,4:10 p.m.,Miércoles,Camioneta,Particular,Conductor,Femenino,NO,Sin Registro,Solo Daños,Choque,No mantener distancia de seguridad,Calle 39  Sur Carrera 41,Zona Centro,Urbana,"(6.167870042, -75.58744871)"
2170863,03/22/2017,6:30 a.m.,Miércoles,Campero,Particular,Conductor,Masculino,NO,Sin Registro,Herido,Choque,No mantener distancia de seguridad,Calle 34  Sur Carrera 50,Las Vegas,Urbana,
2170863,03/22/2017,6:30 a.m.,Miércoles,Motocicleta,Particular,Motociclista,Masculino,NO,Sin Registro,Herido,Choque,No mantener distancia de seguridad,Calle 34  Sur Carrera 50,Las Vegas,Urbana,
2170864,03/22/2017,7:15 a.m.,Miércoles,Microbus,Publico,Conductor,Masculino,NO,Sin Registro,Herido,Choque,Desobedecer senales,Calle 40 F Sur Carrera 32 B,El Dorado,Urbana,"(6.162643008, -75.58590704)"
2170864,03/22/2017,7:15 a.m.,Miércoles,Automovil,Particular,Conductor,Femenino,NO,Sin Registro,Herido,Choque,Desobedecer senales,Calle 40 F Sur Carrera 32 B,El Dorado,Urbana,"(6.162643008, -75.58590704)"
2170856,03/22/2017,3:20 p.m.,Miércoles,Motocicleta,Particular,Motociclista,Masculino,NO,Sin Registro,Solo Daños,Choque,Adelantar cerrando,Calle 26 B Sur Carrera 42 B,Las Orquideas,Urbana,"(6.176911315, -75.58005899)"
2170856,03/22/2017,3:20 p.m.,Miércoles,Camioneta,Particular,Conductor,Masculino,NO,Sin Registro,Solo Daños,Choque,Adelantar cerrando,Calle 26 B Sur Carrera 42 B,Las Orquideas,Urbana,"(6.176911315, -75.58005899)"
2170843,03/22/2017,11:20 a.m.,Miércoles,Automovil,Particular,Conductor,Masculino,NO,Sin Registro,Solo Daños,Choque,Desobedecer senales,Transversal 34 A Sur Diagonal 33,Obrero,Urbana,"(6.172257269, -75.58375627)"
2170843,03/22/2017,11:20 a.m.,Miércoles,Automovil,Particular,Conductor,Femenino,NO,Sin Registro,Solo Daños,Choque,Desobedecer senales,Transversal 34 A Sur Diagonal 33,Obrero,Urbana,"(6.172257269, -75.58375627)"
2170866,03/22/2017,11:20 a.m.,Miércoles,Automovil,Particular,Conductor,Masculino,NO,Sin Registro,Herido,Choque,Adelantar por la derecha,Calle 25  Sur Carrera 50,Las Vegas,Urbana,
2170866,03/22/2017,11:20 a.m.,Miércoles,Motocicleta,Particular,Motociclista,Masculino,NO,Sin Registro,Herido,Choque,Adelantar por la derecha,Calle 25  Sur Carrera 50,Las Vegas,Urbana,
2170852,03/22/2017,7:20 a.m.,Miércoles,Automovil,Publico,Conductor,Masculino,NO,Sin Registro,Solo Daños,Choque,No respetar prelacion,Calle 37  Sur Carrera 46,El Portal,Urbana,"(6.172613713, -75.59090911)"
2170852,03/22/2017,7:20 a.m.,Miércoles,Automovil,Particular,Conductor,Femenino,NO,Sin Registro,Solo Daños,Choque,No respetar prelacion,Calle 37  Sur Carrera 46,El Portal,Urbana,"(6.172613713, -75.59090911)"
2170854,03/22/2017,11:25 a.m.,Miércoles,Camioneta,Particular,Conductor,Masculino,NO,Sin Registro,Solo Daños,Choque,Impericia en el manejo,Calle 50  Sur Carrera 48,Las Vegas,Urbana,
2170842,03/22/2017,9:30 a.m.,Miércoles,Camioneta,Particular,Conductor,Femenino,NO,Sin Registro,Solo Daños,Choque,Adelantar por la derecha,Tramo 12 Kilometro  12,Vereda Palmas,Rural,
2170842,03/22/2017,9:30 a.m.,Miércoles,Camioneta,Particular,Conductor,Femenino,NO,Sin Registro,Solo Daños,Choque,Girar bruscamente,Tramo 12 Kilometro  12,Vereda Palmas,Rural,
2170842,03/22/2017,9:30 a.m.,Miércoles,Camion,Publico,Conductor,Masculino,NO,Sin Registro,Solo Daños,Choque,Adelantar por la derecha,Tramo 12 Kilometro  12,Vereda Palmas,Rural,
2170858,03/22/2017,6:45 a.m.,Miércoles,Automovil,Particular,Conductor,Masculino,NO,Sin Registro,Solo Daños,Choque,No mantener distancia de seguridad,Carrera 43 A Calle 45 B Sur,Avenida El Poblado,Urbana,"(6.164786739, -75.59493527)"
2170858,03/22/2017,6:45 a.m.,Miércoles,Automovil,Particular,Conductor,Masculino,NO,Sin Registro,Solo Daños,Choque,No mantener distancia de seguridad,Carrera 43 A Calle 45 B Sur,Avenida El Poblado,Urbana,"(6.164786739, -75.59493527)"
2170879,03/22/2017,12:30 p.m.,Miércoles,Bus,Publico,Conductor,Masculino,NO,Sin Registro,Herido,Otro,Impericia en el manejo,Calle 40  Sur Carrera 45 B Sur,El Trianon,Urbana,"(6.168479942, -75.59256639)"
2170847,03/22/2017,2:35 p.m.,Miércoles,Motocicleta,Particular,Motociclista,Masculino,NO,Sin Registro,Herido,Choque,Desobedecer senales,Diagonal 32 D Transversal 34 A Sur,Obrero,Urbana,"(6.172486186, -75.58297782)"
2170847,03/22/2017,2:35 p.m.,Miércoles,Motocicleta,Particular,Motociclista,Femenino,NO,Sin Registro,Herido,Choque,Desobedecer senales,Diagonal 32 D Transversal 34 A Sur,Obrero,Urbana,"(6.172486186, -75.58297782)"
2170860,03/22/2017,4:35 p.m.,Miércoles,Bus,Publico,Conductor,Masculino,NO,Sin Registro,Solo Daños,Choque,Adelantar cerrando,Calle 38  Sur Carrera 39,Zona Centro,Urbana,"(6.16839174, -75.5852478)"
2170860,03/22/2017,4:35 p.m.,Miércoles,Automovil,Particular,Conductor,Masculino,NO,Sin Registro,Solo Daños,Choque,Adelantar cerrando,Calle 38  Sur Carrera 39,Zona Centro,Urbana,"(6.16839174, -75.5852478)"
2170846,03/22/2017,9:50 p.m.,Miércoles,Automovil,Particular,Conductor,Masculino,NO,Sin Registro,Solo Daños,Choque,Reverso imprudente,Carrera 43 Calle 50 B Sur,Zona Centro,Urbana,"(6.159203801, -75.60259496)"
2170846,03/22/2017,9:50 p.m.,Miércoles,Automovil,Particular,Conductor,Masculino,NO,Sin Registro,Solo Daños,Choque,Reverso imprudente,Carrera 43 Calle 50 B Sur,Zona Centro,Urbana,"(6.159203801, -75.60259496)"
2170876,03/23/2017,12:00 p.m.,Jueves,Automovil,Particular,Conductor,Femenino,NO,Sin Registro,Solo Daños,Choque,Otra,Carrera 48 Calle 50  Sur,Las Vegas,Urbana,
2170876,03/23/2017,12:00 p.m.,Jueves,Automovil,Particular,Conductor,Masculino,NO,Sin Registro,Solo Daños,Choque,Otra,Carrera 48 Calle 50  Sur,Las Vegas,Urbana,
2170845,03/23/2017,1:20 a.m.,Jueves,Automovil,Publico,Conductor,Masculino,NO,Sin Registro,Herido,Choque,Reverso imprudente,Calle 30  Sur Carrera 50,Las Vegas,Urbana,
2170845,03/23/2017,1:20 a.m.,Jueves,Camion,Publico,Conductor,Masculino,NO,Sin Registro,Herido,Choque,Reverso imprudente,Calle 30  Sur Carrera 50,Las Vegas,Urbana,
2170862,03/23/2017,12:30 p.m.,Jueves,Camion,Particular,Conductor,Masculino,NO,Sin Registro,Herido,Choque,No respetar prelacion,Carrera 43 A Calle 44  Sur,Primavera,Urbana,"(6.1654766, -75.59401722)"
2170862,03/23/2017,12:30 p.m.,Jueves,Motocicleta,Particular,Motociclista,Masculino,NO,Sin Registro,Herido,Choque,No respetar prelacion,Carrera 43 A Calle 44  Sur,Primavera,Urbana,"(6.1654766, -75.59401722)"
2170861,03/23/2017,4:30 p.m.,Jueves,Automovil,Particular,Conductor,Femenino,NO,Sin Registro,Solo Daños,Choque,No respetar prelacion,Calle 49 D Sur Carrera 40 A,La Inmaculada,Urbana,"(6.155814881, -75.60075467)"
2170861,03/23/2017,4:30 p.m.,Jueves,Motocicleta,Particular,Motociclista,Masculino,NO,Sin Registro,Solo Daños,Choque,No respetar prelacion,Calle 49 D Sur Carrera 40 A,La Inmaculada,Urbana,"(6.155814881, -75.60075467)"
2170874,03/23/2017,6:30 p.m.,Jueves,Bus,Publico,Conductor,Masculino,NO,Sin Registro,Herido,Choque,No respetar prelacion,Calle 50  Sur Carrera 48,Las Vegas,Urbana,
2170874,03/23/2017,6:30 p.m.,Jueves,Motocicleta,Particular,Motociclista,Masculino,NO,Sin Registro,Herido,Choque,No respetar prelacion,Calle 50  Sur Carrera 48,Las Vegas,Urbana,
2170869,03/23/2017,5:30 p.m.,Jueves,Automovil,Particular,Conductor,Femenino,NO,Sin Registro,Solo Daños,Choque,Adelantar por la derecha,Carrera 27 Calle 36  Sur,Loma Del Atravezado,Urbana,"(6.167009975, -75.56927808)"
2170869,03/23/2017,5:30 p.m.,Jueves,Motocicleta,Particular,Motociclista,Masculino,NO,Sin Registro,Solo Daños,Choque,Adelantar por la derecha,Carrera 27 Calle 36  Sur,Loma Del Atravezado,Urbana,"(6.167009975, -75.56927808)"
2170867,03/23/2017,5:40 p.m.,Jueves,Automovil,Publico,Conductor,Masculino,NO,Sin Registro,Solo Daños,Choque,Desobedecer senales,Diagonal 33 Transversal 35 C Sur,Los Naranjos,Urbana,"(6.168993586, -75.58179563)"
2170867,03/23/2017,5:40 p.m.,Jueves,Automovil,Publico,Conductor,Masculino,NO,Sin Registro,Solo Daños,Choque,Desobedecer senales,Diagonal 33 Transversal 35 C Sur,Los Naranjos,Urbana,"(6.168993586, -75.58179563)"
2170877,03/24/2017,8:00 a.m.,Viernes,Motocicleta,Particular,Motociclista,Masculino,NO,Sin Registro,Herido,Atropello,Cruzar sin observar,Calle 36  Sur Carrera 40,Zona Centro,Urbana,"(6.170187625, -75.58505766)"
2170882,03/24/2017,4:00 a.m.,Viernes,Motocicleta,Particular,Motociclista,Masculino,NO,Sin Registro,Herido,Choque,Impericia en el manejo,Calle 23  Sur Carrera 43 A,Las Orquideas,Urbana,"(6.182706228, -75.58032996)"
2170902,03/24/2017,7:15 p.m.,Viernes,Automovil,Particular,Conductor,Femenino,NO,Sin Registro,Solo Daños,Choque,Impericia en el manejo,Carrera 40 Calle 40 B Sur,El Dorado,Urbana,"(6.165282127, -75.58811276)"
2170902,03/24/2017,7:15 p.m.,Viernes,Automovil,Particular,Conductor,Masculino,NO,Sin Registro,Solo Daños,Choque,Impericia en el manejo,Carrera 40 Calle 40 B Sur,El Dorado,Urbana,"(6.165282127, -75.58811276)"
2170871,03/24/2017,7:30 p.m.,Viernes,Bus,Publico,Conductor,Masculino,NO,Sin Registro,Solo Daños,Choque,Impericia en el manejo,Carrera 27 D Calle 36  Sur,El Chocho,Urbana,"(6.167418485, -75.57375488)"
2170871,03/24/2017,7:30 p.m.,Viernes,Camioneta,Particular,Conductor,Masculino,NO,Sin Registro,Solo Daños,Choque,Impericia en el manejo,Carrera 27 D Calle 36  Sur,El Chocho,Urbana,"(6.167418485, -75.57375488)"
2170900,03/24/2017,6:05 p.m.,Viernes,Automovil,Publico,Conductor,Masculino,NO,Sin Registro,Herido,Choque,Desobedecer senales,Calle 37  Sur Carrera 37,Zona Centro,Urbana,"(6.168351775, -75.58376911)"
2170900,03/24/2017,6:05 p.m.,Viernes,Motocicleta,Particular,Motociclista,Masculino,NO,Sin Registro,Herido,Choque,Desobedecer senales,Calle 37  Sur Carrera 37,Zona Centro,Urbana,"(6.168351775, -75.58376911)"
2170886,03/24/2017,7:20 a.m.,Viernes,Camioneta,Particular,Conductor,Masculino,NO,Sin Registro,Solo Daños,Choque,Exceso de velocidad,Tramo 372 Kilometro  16,Vereda Palmas,Rural,
2170886,03/24/2017,7:20 a.m.,Viernes,Camioneta,Particular,Conductor,Masculino,NO,Sin Registro,Solo Daños,Choque,Exceso de velocidad,Tramo 372 Kilometro  16,Vereda Palmas,Rural,
2170903,03/24/2017,8:20 p.m.,Viernes,Automovil,Particular,Conductor,Femenino,NO,Sin Registro,Herido,Atropello,Reverso imprudente,Calle 36  Sur Carrera 43,Zona Centro,Urbana,"(6.171434076, -75.58704007)"
2170881,03/24/2017,1:30 p.m.,Viernes,Automovil,Particular,Conductor,Masculino,NO,Sin Registro,Solo Daños,Choque,No mantener distancia de seguridad,Carrera 48 Calle 30  Sur,Las Vegas,Urbana,"(6.179366643, -75.5880841)"
2170881,03/24/2017,1:30 p.m.,Viernes,Automovil,Publico,Conductor,Masculino,NO,Sin Registro,Solo Daños,Choque,No mantener distancia de seguridad,Carrera 48 Calle 30  Sur,Las Vegas,Urbana,"(6.179366643, -75.5880841)"
2170868,03/24/2017,12:20 p.m.,Viernes,Motocicleta,Particular,Motociclista,Masculino,NO,Sin Registro,Herido,Choque,Otra,Calle 30  Sur Carrera 50,Las Vegas,Urbana,
2170868,03/24/2017,12:20 p.m.,Viernes,Motocicleta,Particular,Motociclista,Masculino,NO,Sin Registro,Herido,Choque,Otra,Calle 30  Sur Carrera 50,Las Vegas,Urbana,
2170875,03/24/2017,6:40 a.m.,Viernes,Automovil,Particular,Conductor,Femenino,NO,Sin Registro,Solo Daños,Choque,No mantener distancia de seguridad,Diagonal 31 Transversal 32 A Sur,La Magnolia,Urbana,"(6.174681134, -75.57847104)"
2170875,03/24/2017,6:40 a.m.,Viernes,Automovil,Particular,Conductor,Masculino,NO,Sin Registro,Solo Daños,Choque,No mantener distancia de seguridad,Diagonal 31 Transversal 32 A Sur,La Magnolia,Urbana,"(6.174681134, -75.57847104)"