RADICADO,FECHA,HORA,DÍA DE LA SEMANA,CLASE DE VEHICULO,TIPO DE SERVICIO,TIPO DE VICTIMA,SEXO,ESTADO DE BEODEZ,RESULTADO DE BEODEZ,GRAVEDAD,CLASE DE ACCIDENTE,CAUSA,DIRECCIÓN,BARRIO,AREA,Coordenadas
2170872,03/24/2017,5:45 a.m.,Viernes,Camioneta,Particular,Conductor,Masculino,NO,Sin Registro,Solo Daños,Choque,No mantener distancia de seguridad,Carrera 48 Calle 44  Sur,Las Vegas,Urbana,"(6.167284881, -75.59824543)"
2170872,03/24/2017,5:45 a.m.,Viernes,Motocicleta,Particular,Motociclista,Masculino,NO,Sin Registro,Solo Daños,Choque,No mantener distancia de seguridad,Carrera 48 Calle 44  Sur,Las Vegas,Urbana,"(6.167284881, -75.59824543)"
2170892,03/24/2017,6:40 p.m.,Viernes,Microbus,Publico,Conductor,Masculino,NO,Sin Registro,Solo Daños,Choque,No respetar prelacion,Calle 50  Sur Carrera 48,Las Vegas,Urbana,
2170892,03/24/2017,6:40 p.m.,Viernes,Camioneta,Publico,Conductor,Masculino,NO,Sin Registro,Solo Daños,Choque,No respetar prelacion,Calle 50  Sur Carrera 48,Las Vegas,Urbana,
2170897,03/25/2017,1:10 p.m.,Sábado,Camioneta,Particular,Conductor,Masculino,NO,Sin Registro,Muerto,Choque,Embriaguez o droga,Calle 24  Sur Carrera 41,Zuñiga,Urbana,
2170897,03/25/2017,1:10 p.m.,Sábado,Camioneta,Particular,Conductor,Femenino,SI,1,Muerto,Choque,Embriaguez o droga,Calle 24  Sur Carrera 41,Zuñiga,Urbana,
2170897,03/25/2017,1:10 p.m.,Sábado,Motocicleta,Particular,Conductor,Masculino,NO,Sin Registro,Muerto,Choque,Embriaguez o droga,Calle 24  Sur Carrera 41,Zuñiga,Urbana,
2170897,03/25/2017,1:10 p.m.,Sábado,Automovil,Particular,Conductor,Femenino,NO,Sin Registro,Muerto,Choque,Embriaguez o droga,Calle 24  Sur Carrera 41,Zuñiga,Urbana,
2170899,03/25/2017,1:15 p.m.,Sábado,Motocicleta,Particular,Motociclista,Masculino,NO,Sin Registro,Herido,Atropello,Pasar semaforo en rojo,Carrera 48 Calle 30 B Sur,Las Vegas,Urbana,"(6.179366643, -75.5880841)"
2170901,03/25/2017,1:45 p.m.,Sábado,Automovil,Publico,Conductor,Masculino,NO,Sin Registro,Solo Daños,Choque,No mantener distancia de seguridad,Carrera 48 Calle 39  Sur,Las Vegas,Urbana,"(6.17163722, -75.59364999)"
2170901,03/25/2017,1:45 p.m.,Sábado,Motocicleta,Particular,Motociclista,Masculino,NO,Sin Registro,Solo Daños,Choque,No mantener distancia de seguridad,Carrera 48 Calle 39  Sur,Las Vegas,Urbana,"(6.17163722, -75.59364999)"
2170887,03/25/2017,12:35 p.m.,Sábado,Camioneta,Particular,Conductor,Femenino,NO,Sin Registro,Solo Daños,Choque,Otra,Calle 22  Sur Carrera 41,Zuñiga,Urbana,
2170887,03/25/2017,12:35 p.m.,Sábado,Automovil,Publico,Conductor,Masculino,NO,Sin Registro,Solo Daños,Choque,Otra,Calle 22  Sur Carrera 41,Zuñiga,Urbana,
2170887,03/25/2017,12:35 p.m.,Sábado,Automovil,Particular,Conductor,Masculino,NO,Sin Registro,Solo Daños,Choque,Otra,Calle 22  Sur Carrera 41,Zuñiga,Urbana,
2170888,03/25/2017,12:40 p.m.,Sábado,Camioneta,Particular,Conductor,Femenino,NO,Sin Registro,Solo Daños,Choque,Otra,Calle 22  Sur Carrera 41,Zuñiga,Urbana,
2170888,03/25/2017,12:40 p.m.,Sábado,Automovil,Particular,Conductor,Femenino,NO,Sin Registro,Solo Daños,Choque,Otra,Calle 22  Sur Carrera 41,Zuñiga,Urbana,
2170889,03/25/2017,12:40 p.m.,Sábado,Camioneta,Particular,Conductor,Femenino,NO,Sin Registro,Solo Daños,Choque,Otra,Calle 21  Sur Carrera 41,Zuñiga,Urbana,"(6.182165945, -75.57677668)"
2170889,03/25/2017,12:40 p.m.,Sábado,Automovil,Particular,Conductor,Masculino,NO,Sin Registro,Solo Daños,Choque,Otra,Calle 21  Sur Carrera 41,Zuñiga,Urbana,"(6.182165945, -75.57677668)"
2170894,03/25/2017,6:40 p.m.,Sábado,Bus,Publico,Conductor,Masculino,NO,Sin Registro,Solo Daños,Choque,Reverso imprudente,Calle 37  Sur Carrera 46,Zona Centro,Urbana,"(6.172613713, -75.59090911)"
2170894,03/25/2017,6:40 p.m.,Sábado,Camion,Publico,Conductor,Masculino,NO,Sin Registro,Solo Daños,Choque,Reverso imprudente,Calle 37  Sur Carrera 46,Zona Centro,Urbana,"(6.172613713, -75.59090911)"
2170895,03/25/2017,6:45 p.m.,Sábado,Bus,Publico,Conductor,Masculino,NO,Sin Registro,Solo Daños,Choque,Adelantar cerrando,Calle 37  Sur Carrera 46,Zona Centro,Urbana,"(6.172613713, -75.59090911)"
2170895,03/25/2017,6:45 p.m.,Sábado,Automovil,Particular,Conductor,Masculino,NO,Sin Registro,Solo Daños,Choque,Adelantar cerrando,Calle 37  Sur Carrera 46,Zona Centro,Urbana,"(6.172613713, -75.59090911)"
2170884,03/25/2017,2:50 p.m.,Sábado,Motocicleta,Particular,Motociclista,Masculino,NO,Sin Registro,Herido,Choque,Otra,Calle 40  Sur Carrera 48,Las Vegas,Urbana,"(6.158744179, -75.59459712)"
2170884,03/25/2017,2:50 p.m.,Sábado,Camion,Publico,Conductor,Masculino,NO,Sin Registro,Herido,Choque,Otra,Calle 40  Sur Carrera 48,Las Vegas,Urbana,"(6.158744179, -75.59459712)"
2170913,03/26/2017,1:00 p.m.,Domingo,Automovil,Diplomatico,Conductor,Masculino,NO,Sin Registro,Solo Daños,Choque,Transitar entre vehiculos,Calle 46  Sur Carrera 44,Primavera,Urbana,"(6.164371719, -75.59631716)"
2170913,03/26/2017,1:00 p.m.,Domingo,Motocicleta,Particular,Motociclista,Masculino,NO,Sin Registro,Solo Daños,Choque,Transitar entre vehiculos,Calle 46  Sur Carrera 44,Primavera,Urbana,"(6.164371719, -75.59631716)"
2170878,03/26/2017,3:00 p.m.,Domingo,Automovil,Particular,Conductor,Masculino,NO,Sin Registro,Solo Daños,Choque,Otra,Calle 48 F Sur Carrera 39 B,Loma Del Barro,Urbana,"(6.156024221, -75.59807255)"
2170873,03/26/2017,7:00 p.m.,Domingo,Automovil,Particular,Conductor,Masculino,NO,Sin Registro,Solo Daños,Choque,Desobedecer senales,Carrera 42 D Calle 46 D Sur,La Paz,Urbana,"(6.161230751, -75.59580607)"
2170873,03/26/2017,7:00 p.m.,Domingo,Bicicleta,Sin Registro,Ciclista,Masculino,NO,Sin Registro,Solo Daños,Choque,Desobedecer senales,Carrera 42 D Calle 46 D Sur,La Paz,Urbana,"(6.161230751, -75.59580607)"
2170896,03/26/2017,7:00 p.m.,Domingo,Automovil,Publico,Conductor,Masculino,NO,Sin Registro,Herido,Choque,Desobedecer senales,Calle 47  Sur Carrera 40 A,La Paz,Urbana,"(6.159620236, -75.59405789)"
2170896,03/26/2017,7:00 p.m.,Domingo,Automovil,Publico,Conductor,Masculino,NO,Sin Registro,Herido,Choque,Desobedecer senales,Calle 47  Sur Carrera 40 A,La Paz,Urbana,"(6.159620236, -75.59405789)"
2170870,03/26/2017,11:00 a.m.,Domingo,Motocicleta,Particular,Motociclista,Masculino,SI,2,Herido,Choque,No respetar prelacion,Calle 45 B Sur Carrera 43 A,La Paz,Urbana,"(6.164485785, -75.59467842)"
2170870,03/26/2017,11:00 a.m.,Domingo,Motocicleta,Particular,Motociclista,Masculino,NO,Sin Registro,Herido,Choque,No respetar prelacion,Calle 45 B Sur Carrera 43 A,La Paz,Urbana,"(6.164485785, -75.59467842)"
2170925,03/26/2017,2:15 p.m.,Domingo,Motocicleta,Particular,Motociclista,Femenino,NO,Sin Registro,Herido,Caida Ocupante,Impericia en el manejo,Calle 36  Sur Carrera 25,El Chocho,Urbana,"(6.167194335, -75.56482628)"
2170911,03/26/2017,5:11 p.m.,Domingo,Motocicleta,Particular,Motociclista,Masculino,NO,Sin Registro,Herido,Caida Ocupante,Impericia en el manejo,Calle 26  Sur Carrera 48,Las Vegas,Urbana,"(6.183423583, -75.58542895)"
2170904,03/26/2017,3:30 p.m.,Domingo,Motocicleta,Particular,Motociclista,Masculino,NO,Sin Registro,Solo Daños,Choque,Desobedecer senales,Calle 40  Sur Carrera 29,San Jose,Urbana,"(6.159832302, -75.5825953)"
2170904,03/26/2017,3:30 p.m.,Domingo,Motocicleta,Particular,Motociclista,Femenino,NO,Sin Registro,Solo Daños,Choque,Desobedecer senales,Calle 40  Sur Carrera 29,San Jose,Urbana,"(6.159832302, -75.5825953)"
2170880,03/26/2017,12:20 a.m.,Domingo,Motocicleta,Particular,Motociclista,Masculino,NO,Sin Registro,Solo Daños,Choque,No respetar prelacion,Calle 36  Sur Carrera 24,El Chocho,Urbana,"(6.167448218, -75.56378508)"
2170880,03/26/2017,12:20 a.m.,Domingo,Motocicleta,Particular,Motociclista,Masculino,NO,Sin Registro,Solo Daños,Choque,No respetar prelacion,Calle 36  Sur Carrera 24,El Chocho,Urbana,"(6.167448218, -75.56378508)"
2170898,03/26/2017,4:40 p.m.,Domingo,Automovil,Publico,Conductor,Masculino,NO,Sin Registro,Herido,Choque,Embriaguez o droga,Tramo 372 Kilometro  16,Vereda Palmas,Rural,
2170898,03/26/2017,4:40 p.m.,Domingo,Motocicleta,Particular,Motociclista,Masculino,SI,2,Herido,Choque,Embriaguez o droga,Tramo 372 Kilometro  16,Vereda Palmas,Rural,
2170890,03/26/2017,12:45 p.m.,Domingo,Automovil,Particular,Conductor,Masculino,NO,Sin Registro,Solo Daños,Choque,No mantener distancia de seguridad,Carrera 42 B Calle 44 B Sur,El Dorado,Urbana,"(6.164043359, -75.59290357)"
2170890,03/26/2017,12:45 p.m.,Domingo,Automovil,Particular,Conductor,Masculino,NO,Sin Registro,Solo Daños,Choque,No mantener distancia de seguridad,Carrera 42 B Calle 44 B Sur,El Dorado,Urbana,"(6.164043359, -75.59290357)"
2170883,03/26/2017,5:34 p.m.,Domingo,Motocicleta,Particular,Motociclista,Femenino,NO,Sin Registro,Herido,Caida Ocupante,Impericia en el manejo,Calle 23  Sur Carrera 43 A,Zuñiga,Urbana,"(6.182706228, -75.58032996)"
2170885,03/26/2017,2:45 p.m.,Domingo,Camioneta,Particular,Conductor,Masculino,NO,Sin Registro,Herido,Choque,Transitar entre vehiculos,Calle 19  Sur Carrera 50,Las Vegas,Urbana,
2170885,03/26/2017,2:45 p.m.,Domingo,Motocicleta,Particular,Motociclista,Masculino,NO,Sin Registro,Herido,Choque,Transitar entre vehiculos,Calle 19  Sur Carrera 50,Las Vegas,Urbana,
2170905,03/27/2017,5:05 a.m.,Lunes,Bus,Publico,Conductor,Masculino,NO,Sin Registro,Solo Daños,Choque,Reverso imprudente,Carrera 49 Calle 25 A Sur,Las Vegas,Urbana,"(6.18641241, -75.58506296)"
2170905,03/27/2017,5:05 a.m.,Lunes,Microbus,Publico,Conductor,Masculino,NO,Sin Registro,Solo Daños,Choque,Reverso imprudente,Carrera 49 Calle 25 A Sur,Las Vegas,Urbana,"(6.18641241, -75.58506296)"
2170891,03/27/2017,11:00 a.m.,Lunes,Tractocamion,Publico,Conductor,Masculino,NO,Sin Registro,Solo Daños,Choque,Superficie humeda,Calle 49  Sur Carrera 43 A,Las Casitas,Urbana,"(6.160925818, -75.59998009)"
2170914,03/27/2017,4:10 p.m.,Lunes,Automovil,Publico,Conductor,Masculino,NO,Sin Registro,Herido,Choque,Transitar entre vehiculos,Calle 38 A Sur Carrera 42,Zona Centro,Urbana,"(6.169022232, -75.58772239)"
2170914,03/27/2017,4:10 p.m.,Lunes,Bicicleta,Sin Registro,Ciclista,Masculino,NO,Sin Registro,Herido,Choque,Girar bruscamente,Calle 38 A Sur Carrera 42,Zona Centro,Urbana,"(6.169022232, -75.58772239)"
2170914,03/27/2017,4:10 p.m.,Lunes,Bicicleta,Sin Registro,Ciclista,Masculino,NO,Sin Registro,Herido,Choque,Transitar entre vehiculos,Calle 38 A Sur Carrera 42,Zona Centro,Urbana,"(6.169022232, -75.58772239)"
2170914,03/27/2017,4:10 p.m.,Lunes,Automovil,Publico,Conductor,Masculino,NO,Sin Registro,Herido,Choque,Girar bruscamente,Calle 38 A Sur Carrera 42,Zona Centro,Urbana,"(6.169022232, -75.58772239)"
2170924,03/27/2017,5:35 a.m.,Lunes,Motocicleta,Particular,Motociclista,Masculino,NO,Sin Registro,Herido,Choque,Desobedecer senales,Calle 25  Sur Carrera 50,Las Vegas,Urbana,
2170924,03/27/2017,5:35 a.m.,Lunes,Automovil,Particular,Conductor,Masculino,NO,Sin Registro,Herido,Choque,Desobedecer senales,Calle 25  Sur Carrera 50,Las Vegas,Urbana,
2170908,03/27/2017,4:30 p.m.,Lunes,Automovil,Particular,Conductor,Masculino,NO,Sin Registro,Solo Daños,Choque,Adelantar cerrando,Carrera 50 Calle 46 A Sur,Las Vegas,Urbana,"(6.16131219, -75.60319818)"
2170908,03/27/2017,4:30 p.m.,Lunes,Camioneta,Publico,Conductor,Masculino,NO,Sin Registro,Solo Daños,Choque,Adelantar cerrando,Carrera 50 Calle 46 A Sur,Las Vegas,Urbana,"(6.16131219, -75.60319818)"
2170906,03/27/2017,10:30 a.m.,Lunes,Automovil,Particular,Conductor,Masculino,NO,Sin Registro,Solo Daños,Choque,Impericia en el manejo,Calle 38 A Sur Carrera 44,Alcala,Urbana,"(6.170343187, -75.58995471)"
2170906,03/27/2017,10:30 a.m.,Lunes,Automovil,Particular,Conductor,Masculino,NO,Sin Registro,Solo Daños,Choque,Impericia en el manejo,Calle 38 A Sur Carrera 44,Alcala,Urbana,"(6.170343187, -75.58995471)"
2170909,03/27/2017,6:50 a.m.,Lunes,Bus,Publico,Conductor,Masculino,NO,Sin Registro,Solo Daños,Choque,No mantener distancia de seguridad,Carrera 43 A Calle 34  Sur,Zona Centro,Urbana,"(6.172927746, -75.586944)"
2170909,03/27/2017,6:50 a.m.,Lunes,Automovil,Publico,Conductor,Masculino,NO,Sin Registro,Solo Daños,Choque,No mantener distancia de seguridad,Carrera 43 A Calle 34  Sur,Zona Centro,Urbana,"(6.172927746, -75.586944)"
2172046,03/27/2017,11:45 a.m.,Lunes,Automovil,Particular,Conductor,Femenino,NO,Sin Registro,Solo Daños,Choque,Otra,Diagonal 42 B Transversal 27 A Sur,Las Vegas,Urbana,"(6.177282566, -75.57983816)"
2172046,03/27/2017,11:45 a.m.,Lunes,Motocicleta,Particular,Motociclista,Sin Registro,NO,Sin Registro,Solo Daños,Choque,Otra,Diagonal 42 B Transversal 27 A Sur,Las Vegas,Urbana,"(6.177282566, -75.57983816)"
2170915,03/27/2017,10:40 p.m.,Lunes,Automovil,Particular,Conductor,Masculino,NO,Sin Registro,Herido,Choque,Reverso imprudente,Calle 40  Sur Carrera 45 AA,Alcala,Urbana,"(6.168477449, -75.59196735)"
2170915,03/27/2017,10:40 p.m.,Lunes,Bicicleta,Sin Registro,Ciclista,Masculino,NO,Sin Registro,Herido,Choque,Reverso imprudente,Calle 40  Sur Carrera 45 AA,Alcala,Urbana,"(6.168477449, -75.59196735)"
2170907,03/27/2017,11:30 p.m.,Lunes,Automovil,Particular,Conductor,Masculino,NO,Sin Registro,Solo Daños,Choque,Semaforo en rojo,Carrera 43 A Calle 38  Sur,Zona Centro,Urbana,"(6.170421178, -75.58859877)"
2170907,03/27/2017,11:30 p.m.,Lunes,Motocicleta,Particular,Motociclista,Masculino,NO,Sin Registro,Solo Daños,Choque,Semaforo en rojo,Carrera 43 A Calle 38  Sur,Zona Centro,Urbana,"(6.170421178, -75.58859877)"
2170910,03/28/2017,5:20 a.m.,Martes,Automovil,Particular,Conductor,Masculino,NO,Sin Registro,Herido,Atropello,Otra,Calle 38  Sur Carrera 40,Zona Centro,Urbana,"(6.16879573, -75.58588978)"
2171409,03/28/2017,9:15 a.m.,Martes,Automovil,Publico,Conductor,Masculino,NO,Sin Registro,Herido,Atropello,Otra,Diagonal 31 F Sur Transversal 34 D Sur,Sin Registro,Urbana,"(6.171847931, -75.58061921)"
2170912,03/28/2017,8:20 a.m.,Martes,Automovil,Particular,Conductor,Masculino,NO,Sin Registro,Solo Daños,Choque,Adelantar cerrando,Calle 36 D Sur Carrera 25,Vereda El Escobero,Urbana,"(6.157838588, -75.56652157)"
2170912,03/28/2017,8:20 a.m.,Martes,Microbus,Publico,Conductor,Masculino,NO,Sin Registro,Solo Daños,Choque,Adelantar cerrando,Calle 36 D Sur Carrera 25,Vereda El Escobero,Urbana,"(6.157838588, -75.56652157)"
2170938,03/28/2017,2:27 p.m.,Martes,Automovil,Particular,Conductor,Femenino,NO,Sin Registro,Solo Daños,Choque,Otra,Calle 25 A Sur Carrera 43 A,Villa Grande,Urbana,"(6.181689385, -75.58241799)"
2170938,03/28/2017,2:27 p.m.,Martes,Buseta,Publico,Conductor,Femenino,NO,Sin Registro,Solo Daños,Choque,Otra,Calle 25 A Sur Carrera 43 A,Villa Grande,Urbana,"(6.181689385, -75.58241799)"
2170921,03/28/2017,4:40 p.m.,Martes,Motocicleta,Particular,Motociclista,Masculino,NO,Sin Registro,Herido,Choque,Transitar entre vehiculos,Calle 19  Sur Carrera 50,Las Vegas,Urbana,
2170921,03/28/2017,4:40 p.m.,Martes,Motocicleta,Particular,Motociclista,Masculino,NO,Sin Registro,Herido,Choque,Transitar entre vehiculos,Calle 19  Sur Carrera 50,Las Vegas,Urbana,
2170916,03/29/2017,8:00 a.m.,Miércoles,Camioneta,Diplomatico,Conductor,Masculino,NO,Sin Registro,Herido,Choque,Transitar entre vehiculos,Calle 36  Sur Carrera 50,Las Vegas,Urbana,
2170916,03/29/2017,8:00 a.m.,Miércoles,Motocicleta,Particular,Motociclista,Masculino,NO,Sin Registro,Herido,Choque,No mantener distancia de seguridad,Calle 36  Sur Carrera 50,Las Vegas,Urbana,
2170916,03/29/2017,8:00 a.m.,Miércoles,Motocicleta,Particular,Motociclista,Masculino,NO,Sin Registro,Herido,Choque,Transitar entre vehiculos,Calle 36  Sur Carrera 50,Las Vegas,Urbana,
2170916,03/29/2017,8:00 a.m.,Miércoles,Motocicleta,Particular,Motociclista,Femenino,NO,Sin Registro,Herido,Choque,No mantener distancia de seguridad,Calle 36  Sur Carrera 50,Las Vegas,Urbana,
2170916,03/29/2017,8:00 a.m.,Miércoles,Motocicleta,Particular,Motociclista,Femenino,NO,Sin Registro,Herido,Choque,Transitar entre vehiculos,Calle 36  Sur Carrera 50,Las Vegas,Urbana,
2170916,03/29/2017,8:00 a.m.,Miércoles,Camioneta,Diplomatico,Conductor,Masculino,NO,Sin Registro,Herido,Choque,No mantener distancia de seguridad,Calle 36  Sur Carrera 50,Las Vegas,Urbana,
2170926,03/29/2017,7:30 p.m.,Miércoles,Automovil,Particular,Conductor,Masculino,NO,Sin Registro,Solo Daños,Choque,Otra,Calle 25  Sur Carrera 48,Las Vegas,Urbana,
2170926,03/29/2017,7:30 p.m.,Miércoles,Automovil,Particular,Conductor,Femenino,NO,Sin Registro,Solo Daños,Choque,Otra,Calle 25  Sur Carrera 48,Las Vegas,Urbana,
2170920,03/29/2017,3:10 p.m.,Miércoles,Automovil,Particular,Conductor,Masculino,NO,Sin Registro,Solo Daños,Choque,Semaforo en rojo,Diagonal 31 E Transversal 34  Sur,Obrero,Urbana,"(6.172689669, -75.57882729)"
2170920,03/29/2017,3:10 p.m.,Miércoles,Automovil,Particular,Conductor,Masculino,NO,Sin Registro,Solo Daños,Choque,Semaforo en rojo,Diagonal 31 E Transversal 34  Sur,Obrero,Urbana,"(6.172689669, -75.57882729)"
2170928,03/29/2017,5:15 p.m.,Miércoles,Automovil,Particular,Conductor,Femenino,NO,Sin Registro,Solo Daños,Choque,Reverso imprudente,Calle 29  Sur Carrera 46 A,Villa Grande,Urbana,"(6.180673523, -75.58690575)"
2170928,03/29/2017,5:15 p.m.,Miércoles,Automovil,Particular,Conductor,Femenino,NO,Sin Registro,Solo Daños,Choque,Reverso imprudente,Calle 29  Sur Carrera 46 A,Villa Grande,Urbana,"(6.180673523, -75.58690575)"
2170919,03/29/2017,4:20 p.m.,Miércoles,Bus,Publico,Conductor,Masculino,NO,Sin Registro,Solo Daños,Choque,Reverso imprudente,Carrera 27 B Calle 27  Sur,El Chocho,Urbana,"(6.169317472, -75.57221226)"
2170919,03/29/2017,4:20 p.m.,Miércoles,Bus,Publico,Conductor,Masculino,NO,Sin Registro,Solo Daños,Choque,Reverso imprudente,Carrera 27 B Calle 27  Sur,El Chocho,Urbana,"(6.169317472, -75.57221226)"
2170923,03/29/2017,9:30 a.m.,Miércoles,Bus,Publico,Conductor,Masculino,NO,Sin Registro,Solo Daños,Choque,Adelantar cerrando,Carrera 40 Calle 36  Sur,Zona Centro,Urbana,"(6.17006539, -75.58502916)"
2170923,03/29/2017,9:30 a.m.,Miércoles,Automovil,Publico,Conductor,Masculino,NO,Sin Registro,Solo Daños,Choque,Adelantar cerrando,Carrera 40 Calle 36  Sur,Zona Centro,Urbana,"(6.17006539, -75.58502916)"
2170927,03/29/2017,7:30 a.m.,Miércoles,Automovil,Particular,Conductor,Masculino,NO,Sin Registro,Solo Daños,Choque,No mantener distancia de seguridad,Tramo 12 Kilometro  13,Vereda Palmas,Rural,
2170927,03/29/2017,7:30 a.m.,Miércoles,Camioneta,Particular,Conductor,Femenino,NO,Sin Registro,Solo Daños,Choque,No mantener distancia de seguridad,Tramo 12 Kilometro  13,Vereda Palmas,Rural,
2170929,03/29/2017,1:40 p.m.,Miércoles,Bus,Publico,Conductor,Masculino,NO,Sin Registro,Solo Daños,Choque,Otra,Carrera 50 Calle 25 AA Sur,Las Vegas,Urbana,"(6.18564452, -75.58633891)"
2170929,03/29/2017,1:40 p.m.,Miércoles,Automovil,Particular,Conductor,Masculino,NO,Sin Registro,Solo Daños,Choque,Otra,Carrera 50 Calle 25 AA Sur,Las Vegas,Urbana,"(6.18564452, -75.58633891)"
2170922,03/29/2017,7:35 a.m.,Miércoles,Camion,Publico,Conductor,Masculino,NO,Sin Registro,Solo Daños,Choque,Estacionar sin seguridad,Calle 37  Sur Carrera 41,Zona Centro,Urbana,"(6.169855492, -75.58619601)"
2170922,03/29/2017,7:35 a.m.,Miércoles,Camion,Oficial,Conductor,Masculino,NO,Sin Registro,Solo Daños,Choque,Estacionar sin seguridad,Calle 37  Sur Carrera 41,Zona Centro,Urbana,"(6.169855492, -75.58619601)"
2170937,03/29/2017,12:35 p.m.,Miércoles,Bus,Publico,Conductor,Masculino,NO,Sin Registro,Herido,Caida Ocupante,Otra,Diagonal 33 Transversal 34  Sur,La Magnolia,Urbana,"(6.172651904, -75.58382242)"
2170917,03/29/2017,10:40 a.m.,Miércoles,Motocicleta,Particular,Motociclista,Masculino,NO,Sin Registro,Solo Daños,Choque,No mantener distancia de seguridad,Carrera 48 Calle 25  Sur,Las Vegas,Urbana,"(6.185059174, -75.58329333)"
2170917,03/29/2017,10:40 a.m.,Miércoles,Automovil,Particular,Conductor,Masculino,NO,Sin Registro,Solo Daños,Choque,No mantener distancia de seguridad,Carrera 48 Calle 25  Sur,Las Vegas,Urbana,"(6.185059174, -75.58329333)"
2171425,03/29/2017,3:55 p.m.,Miércoles,Motocicleta,Particular,Motociclista,Sin Registro,NO,Sin Registro,Solo Daños,Choque,Otra,Calle 45  Sur Carrera 43,La Paz,Urbana,"(6.164788767, -75.59421113)"
2171425,03/29/2017,3:55 p.m.,Miércoles,Automovil,Particular,Conductor,Femenino,NO,Sin Registro,Solo Daños,Choque,Otra,Calle 45  Sur Carrera 43,La Paz,Urbana,"(6.164788767, -75.59421113)"
2170934,03/30/2017,7:00 a.m.,Jueves,Motocicleta,Particular,Motociclista,Masculino,NO,Sin Registro,Solo Daños,Choque,Adelantar por la derecha,Carrera 40 Calle 27  Sur,Zona Centro,Urbana,"(6.158366235, -75.58080793)"
2170934,03/30/2017,7:00 a.m.,Jueves,Automovil,Particular,Conductor,Femenino,NO,Sin Registro,Solo Daños,Choque,Adelantar por la derecha,Carrera 40 Calle 27  Sur,Zona Centro,Urbana,"(6.158366235, -75.58080793)"
2170933,03/30/2017,4:00 p.m.,Jueves,Automovil,Particular,Conductor,Masculino,NO,Sin Registro,Solo Daños,Choque,Falta de precaucion niebla,Sin Registro,Sin Registro,Sin Registro,
2170933,03/30/2017,4:00 p.m.,Jueves,Automovil,Publico,Conductor,Masculino,NO,Sin Registro,Solo Daños,Choque,Falta de precaucion niebla,Sin Registro,Sin Registro,Sin Registro,
2170933,03/30/2017,4:00 p.m.,Jueves,Automovil,Particular,Conductor,Masculino,NO,Sin Registro,Solo Daños,Choque,Falta de precaucion niebla,Sin Registro,Sin Registro,Sin Registro,
2170931,03/30/2017,12:00 a.m.,Jueves,Automovil,Particular,Conductor,Masculino,NO,Sin Registro,Solo Daños,Choque,Impericia en el manejo,Calle 39  Sur Carrera 43 A,Alcala,Urbana,"(6.169120914, -75.58953036)"
2170940,03/30/2017,7:20 p.m.,Jueves,Motocicleta,Particular,Motociclista,Masculino,NO,Sin Registro,Herido,Atropello,Poner en marcha un vehiculo sin precauci,Calle 40 B Sur Carrera 27 A,La Mina,Urbana,"(6.158297101, -75.58166565)"
2170918,03/30/2017,12:05 a.m.,Jueves,Motocicleta,Particular,Motociclista,Masculino,NO,Sin Registro,Muerto,Choque,Exceso de velocidad,Calle 43  Sur Carrera 50,Las Vegas,Urbana,"(6.159203801, -75.60259496)"
2170930,03/30/2017,7:10 a.m.,Jueves,Automovil,Particular,Conductor,Masculino,NO,Sin Registro,Solo Daños,Choque,Girar bruscamente,Tramo 12 Kilometro  14,Vereda Palmas,Rural,
2170930,03/30/2017,7:10 a.m.,Jueves,Motocicleta,Particular,Motociclista,Masculino,NO,Sin Registro,Solo Daños,Choque,Adelantar por la derecha,Tramo 12 Kilometro  14,Vereda Palmas,Rural,
2170930,03/30/2017,7:10 a.m.,Jueves,Motocicleta,Particular,Motociclista,Masculino,NO,Sin Registro,Solo Daños,Choque,Girar bruscamente,Tramo 12 Kilometro  14,Vereda Palmas,Rural,
2170930,03/30/2017,7:10 a.m.,Jueves,Automovil,Particular,Conductor,Masculino,NO,Sin Registro,Solo Daños,Choque,Adelantar por la derecha,Tramo 12 Kilometro  14,Vereda Palmas,Rural,
2170950,03/30/2017,1:25 p.m.,Jueves,Automovil,Particular,Conductor,Masculino,NO,Sin Registro,Solo Daños,Choque,No mantener distancia de seguridad,Calle 36 D Sur Carrera 27 D,Vereda El Escobero,Urbana,"(6.164970853, -75.57463727)"
2170950,03/30/2017,1:25 p.m.,Jueves,Automovil,Particular,Conductor,Masculino,NO,Sin Registro,Solo Daños,Choque,No mantener distancia de seguridad,Calle 36 D Sur Carrera 27 D,Vereda El Escobero,Urbana,"(6.164970853, -75.57463727)"
2160387,09/03/2016,10:20 p.m.,Miércoles,Automovil,Particular,Conductor,Masculino,No,Sin Registro,Solo Daños,Choque,Otra,Calle 25  Sur Carrera 49,Sin Registro,Urbana,
2170936,03/30/2017,6:40 a.m.,Jueves,Automovil,Particular,Conductor,Masculino,NO,Sin Registro,Solo Daños,Choque,No respetar prelacion,Carrera 49 Calle 39 A Sur,Las Vegas,Urbana,"(6.173609359, -75.59707057)"
2170936,03/30/2017,6:40 a.m.,Jueves,Automovil,Diplomatico,Conductor,Masculino,NO,Sin Registro,Solo Daños,Choque,No respetar prelacion,Carrera 49 Calle 39 A Sur,Las Vegas,Urbana,"(6.173609359, -75.59707057)"
2170945,03/30/2017,6:40 a.m.,Jueves,Campero,Particular,Conductor,Masculino,NO,Sin Registro,Solo Daños,Choque,No mantener distancia de seguridad,Calle 29  Sur Carrera 43 A,Las Vegas,Urbana,"(6.178121023, -75.58456122)"
2170939,03/30/2017,3:30 p.m.,Jueves,Automovil,Particular,Conductor,Femenino,NO,Sin Registro,Herido,Atropello,Otra,Calle 27 D Sur Carrera 27,El Esmeraldal,Urbana,"(6.169224506, -75.57173816)"
2170945,03/30/2017,6:40 a.m.,Jueves,Campero,Particular,Conductor,Masculino,NO,Sin Registro,Solo Daños,Choque,No mantener distancia de seguridad,Calle 29  Sur Carrera 43 A,Las Vegas,Urbana,"(6.178121023, -75.58456122)"