RADICADO,FECHA,HORA,DÍA DE LA SEMANA,CLASE DE VEHICULO,TIPO DE SERVICIO,TIPO DE VICTIMA,SEXO,ESTADO DE BEODEZ,RESULTADO DE BEODEZ,GRAVEDAD,CLASE DE ACCIDENTE,CAUSA,DIRECCIÓN,BARRIO,AREA,Coordenadas
2171099,07/04/2017,5:00 p.m.,Viernes,Camion,Publico,Conductor,Masculino,NO,Sin Registro,Solo Daños,Choque,No mantener distancia de seguridad,Calle 50  Sur Carrera 48,Las Vegas,Urbana,
2171021,06/04/2017,7:45 a.m.,Jueves,Camioneta,Publico,Conductor,Masculino,NO,Sin Registro,Solo Daños,Choque,No mantener distancia de seguridad,Carrera 48 A Calle 48 C Sur,Las Vegas,Urbana,
2170970,03/04/2017,12:40 p.m.,Lunes,Camioneta,Publico,Conductor,Masculino,NO,Sin Registro,Herido,Atropello,No respetar pelacion de interseccion o giros,Calle 46 A Sur Carrera 49,Las Vegas,Urbana,"(6.167038176, -75.60081726)"
2170981,03/04/2017,5:50 p.m.,Lunes,Automovil,Publico,Conductor,Masculino,NO,Sin Registro,Solo Daños,Choque,No mantener distancia de seguridad,Carrera 48 Calle 26  Sur,Las Vegas,Urbana,"(6.183318111, -75.58553718)"
2170981,03/04/2017,5:50 p.m.,Lunes,Motocicleta,Particular,Motociclista,Masculino,NO,Sin Registro,Solo Daños,Choque,No mantener distancia de seguridad,Carrera 48 Calle 26  Sur,Las Vegas,Urbana,"(6.183318111, -75.58553718)"
2170995,04/04/2017,9:00 a.m.,Martes,Motocicleta,Particular,Motociclista,Masculino,NO,Sin Registro,Herido,Choque,Otra,Diagonal 31 E Transversal 34  Sur,Las Flores,Urbana,"(6.172689669, -75.57882729)"
2170995,04/04/2017,9:00 a.m.,Martes,Camion,Publico,Conductor,Masculino,NO,Sin Registro,Herido,Choque,Otra,Diagonal 31 E Transversal 34  Sur,Las Flores,Urbana,"(6.172689669, -75.57882729)"
2171011,04/04/2017,5:00 p.m.,Martes,Tractocamion,Publico,Conductor,Masculino,NO,Sin Registro,Solo Daños,Choque,Impericia en el manejo,Carrera 50 Calle 38  Sur,Las Vegas,Urbana,
2171011,04/04/2017,5:00 p.m.,Martes,Automovil,Particular,Conductor,Masculino,NO,Sin Registro,Solo Daños,Choque,Impericia en el manejo,Carrera 50 Calle 38  Sur,Las Vegas,Urbana,
2171027,04/04/2017,1:05 p.m.,Martes,Automovil,Diplomatico,Conductor,Masculino,NO,Sin Registro,Solo Daños,Choque,Otra,Calle 39  Sur Carrera 38,Mesa,Urbana,"(6.166656476, -75.58555336)"
2171027,04/04/2017,1:05 p.m.,Martes,Campero,Particular,Conductor,Masculino,NO,Sin Registro,Solo Daños,Choque,Otra,Calle 39  Sur Carrera 38,Mesa,Urbana,"(6.166656476, -75.58555336)"
2171002,04/04/2017,3:29 p.m.,Martes,Bus,Publico,Conductor,Masculino,NO,Sin Registro,Solo Daños,Choque,Impericia en el manejo,Calle 37 A Sur Carrera 37 E,La Magnolia,Urbana,"(6.166332677, -75.58203718)"
2170996,04/04/2017,5:20 p.m.,Martes,Automovil,Particular,Conductor,Femenino,NO,Sin Registro,Solo Daños,Choque,Transitar entre vehiculos,Calle 46 A Sur Carrera 43 A,Las Vegas,Urbana,"(6.163929718, -75.59816745)"
2170996,04/04/2017,5:20 p.m.,Martes,Motocicleta,Particular,Motociclista,Masculino,NO,Sin Registro,Solo Daños,Choque,Transitar entre vehiculos,Calle 46 A Sur Carrera 43 A,Las Vegas,Urbana,"(6.163929718, -75.59816745)"
2170996,04/04/2017,5:20 p.m.,Martes,Automovil,Particular,Conductor,Masculino,NO,Sin Registro,Solo Daños,Choque,Transitar entre vehiculos,Calle 46 A Sur Carrera 43 A,Las Vegas,Urbana,"(6.163929718, -75.59816745)"
2171009,04/04/2017,3:45 p.m.,Martes,Camioneta,Particular,Conductor,Masculino,NO,Sin Registro,Solo Daños,Choque,Reverso imprudente,Calle 36  Sur Carrera 41,Zona Centro,Urbana,"(6.170639628, -75.58578509)"
2171009,04/04/2017,3:45 p.m.,Martes,Automovil,Particular,Conductor,Masculino,NO,Sin Registro,Solo Daños,Choque,Reverso imprudente,Calle 36  Sur Carrera 41,Zona Centro,Urbana,"(6.170639628, -75.58578509)"
2171026,04/04/2017,8:50 a.m.,Martes,Automovil,Particular,Conductor,Masculino,NO,Sin Registro,Solo Daños,Choque,Desobedecer senales,Calle 38 A Sur Carrera 43 A Sur,Zona Centro,Urbana,"(6.169807343, -75.58912536)"
2171026,04/04/2017,8:50 a.m.,Martes,Camioneta,Particular,Conductor,Femenino,NO,Sin Registro,Solo Daños,Choque,Desobedecer senales,Calle 38 A Sur Carrera 43 A Sur,Zona Centro,Urbana,"(6.169807343, -75.58912536)"
2171000,04/04/2017,5:40 p.m.,Martes,Motocicleta,Particular,Motociclista,Masculino,NO,Sin Registro,Herido,Atropello,Impericia en el manejo,Calle 41  Sur Carrera 26,La Mina,Urbana,
2171006,05/04/2017,4:00 p.m.,Miércoles,Automovil,Particular,Conductor,Femenino,NO,Sin Registro,Solo Daños,Choque,No mantener distancia de seguridad,Calle 21  Sur Carrera 43 A,Avenida El Poblado,Urbana,"(6.18399286, -75.57959764)"
2171006,05/04/2017,4:00 p.m.,Miércoles,Automovil,Particular,Conductor,Masculino,NO,Sin Registro,Solo Daños,Choque,No mantener distancia de seguridad,Calle 21  Sur Carrera 43 A,Avenida El Poblado,Urbana,"(6.18399286, -75.57959764)"
2171016,05/04/2017,5:00 p.m.,Miércoles,Tractocamion,Publico,Conductor,Masculino,NO,Sin Registro,Solo Daños,Choque,Otra,Carrera 50 Calle 39  Sur,Las Vegas,Urbana,
2171016,05/04/2017,5:00 p.m.,Miércoles,Automovil,Particular,Conductor,Femenino,NO,Sin Registro,Solo Daños,Choque,Otra,Carrera 50 Calle 39  Sur,Las Vegas,Urbana,
2171045,05/04/2017,2:00 p.m.,Miércoles,Automovil,Particular,Conductor,Masculino,NO,Sin Registro,Herido,Choque,Impericia en el manejo,Calle 40 AA Sur Carrera 37,El Dorado,Urbana,"(6.164225597, -75.58532014)"
2171045,05/04/2017,2:00 p.m.,Miércoles,Automovil,Particular,Conductor,Masculino,NO,Sin Registro,Herido,Choque,Impericia en el manejo,Calle 40 AA Sur Carrera 37,El Dorado,Urbana,"(6.164225597, -75.58532014)"
2171045,05/04/2017,2:00 p.m.,Miércoles,Automovil,Particular,Conductor,Femenino,NO,Sin Registro,Herido,Choque,Impericia en el manejo,Calle 40 AA Sur Carrera 37,El Dorado,Urbana,"(6.164225597, -75.58532014)"
2171017,05/04/2017,12:00 p.m.,Miércoles,Camion,Publico,Conductor,Masculino,NO,Sin Registro,Solo Daños,Choque,Otra,Carrera 43 A Calle 39  Sur,Zona Centro,Urbana,"(6.169011071, -75.5894849)"
2171017,05/04/2017,12:00 p.m.,Miércoles,Automovil,Particular,Conductor,Femenino,NO,Sin Registro,Solo Daños,Choque,Otra,Carrera 43 A Calle 39  Sur,Zona Centro,Urbana,"(6.169011071, -75.5894849)"
2171003,05/04/2017,7:40 p.m.,Miércoles,Automovil,Particular,Conductor,Femenino,NO,Sin Registro,Herido,Choque,No mantener distancia de seguridad,Calle 50  Sur Carrera 48,Las Vegas,Urbana,
2171003,05/04/2017,7:40 p.m.,Miércoles,Automovil,Particular,Conductor,Femenino,NO,Sin Registro,Herido,Choque,No mantener distancia de seguridad,Calle 50  Sur Carrera 48,Las Vegas,Urbana,
2171015,05/04/2017,8:00 p.m.,Miércoles,Bicicleta,Sin Registro,Ciclista,Masculino,NO,Sin Registro,Herido,Atropello,Otra,Calle 39 D Sur Carrera 24 EE,El Chinguí,Urbana,"(6.154343948, -75.57802149)"
2171004,05/04/2017,6:15 p.m.,Miércoles,Motocicleta,Particular,Motociclista,Masculino,NO,Sin Registro,Solo Daños,Choque,Adelantar por la derecha,Carrera 48 Calle 46  Sur,Las Vegas,Urbana,"(6.166195386, -75.59928549)"
2171004,05/04/2017,6:15 p.m.,Miércoles,Motocicleta,Particular,Motociclista,Masculino,NO,Sin Registro,Solo Daños,Choque,Adelantar por la derecha,Carrera 48 Calle 46  Sur,Las Vegas,Urbana,"(6.166195386, -75.59928549)"
2170999,05/04/2017,8:28 a.m.,Miércoles,Automovil,Particular,Conductor,Masculino,NO,Sin Registro,Herido,Choque,Girar bruscamente,Calle 34  Sur Carrera 48,Las Vegas,Urbana,
2170999,05/04/2017,8:28 a.m.,Miércoles,Motocicleta,Particular,Motociclista,Masculino,NO,Sin Registro,Herido,Choque,Girar bruscamente,Calle 34  Sur Carrera 48,Las Vegas,Urbana,
2171005,05/04/2017,7:25 a.m.,Miércoles,Automovil,Particular,Conductor,Femenino,NO,Sin Registro,Solo Daños,Choque,Adelantar invadiendo carril de sentido contrario,Carrera 27 Calle 28  Sur,La Inmaculada,Urbana,"(6.171086787, -75.569081)"
2171005,05/04/2017,7:25 a.m.,Miércoles,Motocicleta,Particular,Motociclista,Masculino,NO,Sin Registro,Solo Daños,Choque,Adelantar invadiendo carril de sentido contrario,Carrera 27 Calle 28  Sur,La Inmaculada,Urbana,"(6.171086787, -75.569081)"
2171013,05/04/2017,5:20 p.m.,Miércoles,Automovil,Particular,Conductor,Femenino,NO,Sin Registro,Solo Daños,Choque,No mantener distancia de seguridad,Calle 48 C Sur Carrera 50,Las Vegas,Urbana,
2171013,05/04/2017,5:20 p.m.,Miércoles,Camioneta,Oficial,Conductor,Masculino,NO,Sin Registro,Solo Daños,Choque,No mantener distancia de seguridad,Calle 48 C Sur Carrera 50,Las Vegas,Urbana,
2171020,05/04/2017,7:30 a.m.,Miércoles,Automovil,Particular,Conductor,Masculino,NO,Sin Registro,Herido,Choque,No respetar pelacion de interseccion o giros,Calle 37  Sur Carrera 50,Las Vegas,Urbana,
2171020,05/04/2017,7:30 a.m.,Miércoles,Bus,Publico,Conductor,Masculino,NO,Sin Registro,Herido,Choque,No respetar pelacion de interseccion o giros,Calle 37  Sur Carrera 50,Las Vegas,Urbana,
2171020,05/04/2017,7:30 a.m.,Miércoles,Motocicleta,Particular,Motociclista,Masculino,NO,Sin Registro,Herido,Choque,No respetar pelacion de interseccion o giros,Calle 37  Sur Carrera 50,Las Vegas,Urbana,
2171010,05/04/2017,12:30 p.m.,Miércoles,Camioneta,Particular,Conductor,Masculino,NO,Sin Registro,Solo Daños,Choque,No mantener distancia de seguridad,Carrera 43 A Calle 39  Sur,Zona Centro,Urbana,"(6.169011071, -75.5894849)"
2171010,05/04/2017,12:30 p.m.,Miércoles,Automovil,Particular,Conductor,Femenino,NO,Sin Registro,Solo Daños,Choque,No mantener distancia de seguridad,Carrera 43 A Calle 39  Sur,Zona Centro,Urbana,"(6.169011071, -75.5894849)"
2171023,05/04/2017,7:40 a.m.,Miércoles,Camioneta,Particular,Conductor,Masculino,NO,Sin Registro,Herido,Choque,Otra,Calle 26  Sur Carrera 50,Las Vegas,Urbana,
2171023,05/04/2017,7:40 a.m.,Miércoles,Motocicleta,Particular,Motociclista,Masculino,NO,Sin Registro,Herido,Choque,Otra,Calle 26  Sur Carrera 50,Las Vegas,Urbana,
2171023,05/04/2017,7:40 a.m.,Miércoles,Motocicleta,Particular,Motociclista,Masculino,NO,Sin Registro,Herido,Choque,Otra,Calle 26  Sur Carrera 50,Las Vegas,Urbana,
2171012,05/04/2017,4:40 p.m.,Miércoles,Motocicleta,Particular,Motociclista,Masculino,NO,Sin Registro,Herido,Choque,Otra,Calle 46 A Sur Carrera 43 A,Las Vegas,Urbana,"(6.163929718, -75.59816745)"
2171012,05/04/2017,4:40 p.m.,Miércoles,Camion,Publico,Conductor,Masculino,NO,Sin Registro,Herido,Choque,Otra,Calle 46 A Sur Carrera 43 A,Las Vegas,Urbana,"(6.163929718, -75.59816745)"
2171012,05/04/2017,4:40 p.m.,Miércoles,Bus,Publico,Conductor,Masculino,NO,Sin Registro,Herido,Choque,Otra,Calle 46 A Sur Carrera 43 A,Las Vegas,Urbana,"(6.163929718, -75.59816745)"
2171007,05/04/2017,4:50 p.m.,Miércoles,Camioneta,Publico,Conductor,Masculino,NO,Sin Registro,Herido,Choque,Otra,Tramo 372 Kilometro  12,Vereda Palmas,Rural,
2171007,05/04/2017,4:50 p.m.,Miércoles,Bicicleta,Sin Registro,Ciclista,Masculino,NO,Sin Registro,Herido,Choque,Otra,Tramo 372 Kilometro  12,Vereda Palmas,Rural,
2171001,05/04/2017,7:55 a.m.,Miércoles,Automovil,Particular,Conductor,Femenino,NO,Sin Registro,Solo Daños,Choque,No mantener distancia de seguridad,Tramo 12 Kilometro  16,Vereda Palmas,Rural,
2171001,05/04/2017,7:55 a.m.,Miércoles,Automovil,Particular,Conductor,Masculino,NO,Sin Registro,Solo Daños,Choque,No mantener distancia de seguridad,Tramo 12 Kilometro  16,Vereda Palmas,Rural,
2171008,05/04/2017,12:55 p.m.,Miércoles,Automovil,Particular,Conductor,Masculino,NO,Sin Registro,Solo Daños,Choque,Reverso imprudente,Carrera 40 Calle 39  Sur,Mesa,Urbana,"(6.16729029, -75.58669133)"
2171008,05/04/2017,12:55 p.m.,Miércoles,Camioneta,Particular,Conductor,Femenino,NO,Sin Registro,Solo Daños,Choque,Reverso imprudente,Carrera 40 Calle 39  Sur,Mesa,Urbana,"(6.16729029, -75.58669133)"
2171019,06/04/2017,10:00 a.m.,Jueves,Camioneta,Particular,Conductor,Masculino,NO,Sin Registro,Solo Daños,Choque,Impericia en el manejo,Calle 27  Sur Carrera 27,El Esmeraldal,Urbana,"(6.17243521, -75.56787192)"
2171019,06/04/2017,10:00 a.m.,Jueves,Camion,Publico,Conductor,Masculino,NO,Sin Registro,Solo Daños,Choque,Impericia en el manejo,Calle 27  Sur Carrera 27,El Esmeraldal,Urbana,"(6.17243521, -75.56787192)"
2171025,06/04/2017,6:20 a.m.,Jueves,Bus,Publico,Conductor,Masculino,NO,Sin Registro,Solo Daños,Choque,No mantener distancia de seguridad,Calle 37  Sur Carrera 50,Las Vegas,Urbana,
2171025,06/04/2017,6:20 a.m.,Jueves,Automovil,Particular,Conductor,Masculino,NO,Sin Registro,Solo Daños,Choque,No mantener distancia de seguridad,Calle 37  Sur Carrera 50,Las Vegas,Urbana,
2171028,06/04/2017,6:45 a.m.,Jueves,Automovil,Particular,Conductor,Masculino,NO,Sin Registro,Herido,Choque,No mantener distancia de seguridad,Calle 37  Sur Carrera 48,Las Vegas,Urbana,"(6.17412211, -75.59306111)"
2171028,06/04/2017,6:45 a.m.,Jueves,Motocicleta,Particular,Motociclista,Masculino,NO,Sin Registro,Herido,Choque,No mantener distancia de seguridad,Calle 37  Sur Carrera 48,Las Vegas,Urbana,"(6.17412211, -75.59306111)"
2171014,06/04/2017,3:40 p.m.,Jueves,Automovil,Publico,Conductor,Masculino,NO,Sin Registro,Solo Daños,Choque,Desobedecer senales,Calle 38 A Sur Carrera 38,Mesa,Urbana,"(6.167339205, -75.58513636)"
2171014,06/04/2017,3:40 p.m.,Jueves,Automovil,Particular,Conductor,Masculino,NO,Sin Registro,Solo Daños,Choque,Desobedecer senales,Calle 38 A Sur Carrera 38,Mesa,Urbana,"(6.167339205, -75.58513636)"
2171021,06/04/2017,7:45 a.m.,Jueves,Motocicleta,Particular,Motociclista,Femenino,NO,Sin Registro,Solo Daños,Choque,No mantener distancia de seguridad,Carrera 48 A Calle 48 C Sur,Las Vegas,Urbana,
2171022,06/04/2017,9:50 a.m.,Jueves,Bus,Publico,Conductor,Masculino,NO,Sin Registro,Solo Daños,Choque,No mantener distancia de seguridad,Calle 38  Sur Carrera 33,Mesa,Urbana,"(6.166254397, -75.58212883)"
2171022,06/04/2017,9:50 a.m.,Jueves,Automovil,Publico,Conductor,Masculino,NO,Sin Registro,Solo Daños,Choque,No mantener distancia de seguridad,Calle 38  Sur Carrera 33,Mesa,Urbana,"(6.166254397, -75.58212883)"
2171049,06/04/2017,5:50 p.m.,Jueves,Automovil,Publico,Conductor,Masculino,NO,Sin Registro,Herido,Choque,Otra,Diagonal 33 Transversal 34 D Sur,Los Naranjos,Urbana,"(6.170891508, -75.58314017)"
2171049,06/04/2017,5:50 p.m.,Jueves,Bicicleta,Sin Registro,Ciclista,Masculino,NO,Sin Registro,Herido,Choque,Otra,Diagonal 33 Transversal 34 D Sur,Los Naranjos,Urbana,"(6.170891508, -75.58314017)"
2171018,06/04/2017,11:40 p.m.,Jueves,Motocicleta,Particular,Motociclista,Masculino,NO,Sin Registro,Solo Daños,Choque,Desobedecer senales,Calle 25  Sur Carrera 43 A,Las Orquideas,Urbana,"(6.181560189, -75.58201649)"
2171018,06/04/2017,11:40 p.m.,Jueves,Motocicleta,Particular,Motociclista,Masculino,NO,Sin Registro,Solo Daños,Choque,Desobedecer senales,Calle 25  Sur Carrera 43 A,Las Orquideas,Urbana,"(6.181560189, -75.58201649)"
2171069,07/04/2017,6:10 a.m.,Viernes,Automovil,Particular,Conductor,Femenino,NO,Sin Registro,Solo Daños,Choque,No mantener distancia de seguridad,Calle 43  Sur Carrera 50,Las Vegas,Urbana,"(6.159203801, -75.60259496)"
2171069,07/04/2017,6:10 a.m.,Viernes,Camion,Publico,Conductor,Masculino,NO,Sin Registro,Solo Daños,Choque,No mantener distancia de seguridad,Calle 43  Sur Carrera 50,Las Vegas,Urbana,"(6.159203801, -75.60259496)"
2171042,07/04/2017,7:50 p.m.,Viernes,Camioneta,Particular,Conductor,Masculino,NO,Sin Registro,Solo Daños,Choque,Reverso imprudente,Carrera 46 Calle 38  Sur,Alcala,Urbana,"(6.171865925, -75.59132915)"
2171042,07/04/2017,7:50 p.m.,Viernes,Camioneta,Particular,Conductor,Masculino,NO,Sin Registro,Solo Daños,Choque,Reverso imprudente,Carrera 46 Calle 38  Sur,Alcala,Urbana,"(6.171865925, -75.59132915)"
2171036,07/04/2017,3:15 p.m.,Viernes,Automovil,Particular,Conductor,Masculino,NO,Sin Registro,Solo Daños,Choque,Otra,Tramo 12 Kilometro  2,Vereda Palmas,Rural,
2171036,07/04/2017,3:15 p.m.,Viernes,Bus,Publico,Conductor,Masculino,NO,Sin Registro,Solo Daños,Choque,Otra,Tramo 12 Kilometro  2,Vereda Palmas,Rural,
2171047,07/04/2017,8:00 p.m.,Viernes,Campero,Diplomatico,Conductor,Masculino,NO,Sin Registro,Solo Daños,Choque,Otra,Calle 37  Sur Carrera 37,Mesa,Urbana,"(6.168351775, -75.58376911)"
2171047,07/04/2017,8:00 p.m.,Viernes,Motocicleta,Particular,Motociclista,Masculino,NO,Sin Registro,Solo Daños,Choque,Otra,Calle 37  Sur Carrera 37,Mesa,Urbana,"(6.168351775, -75.58376911)"
2171029,07/04/2017,1:23 p.m.,Viernes,Camioneta,Publico,Conductor,Femenino,NO,Sin Registro,Solo Daños,Choque,Impericia en el manejo,Calle 45 A Sur Carrera 39 D Sur,El Trianon,Urbana,"(6.161471458, -75.59098184)"
2171043,07/04/2017,6:15 p.m.,Viernes,Motocicleta,Particular,Motociclista,Masculino,NO,Sin Registro,Solo Daños,Choque,Otra,Calle 21  Sur Carrera 44,Zuñiga,Urbana,
2171043,07/04/2017,6:15 p.m.,Viernes,Automovil,Particular,Conductor,Femenino,NO,Sin Registro,Solo Daños,Choque,Otra,Calle 21  Sur Carrera 44,Zuñiga,Urbana,
2171840,07/04/2017,4:20 p.m.,Viernes,Automovil,Particular,Conductor,Masculino,NO,Sin Registro,Solo Daños,Choque,Otra,Calle 36  Sur Carrera 27,La Inmaculada,Urbana,"(6.167154903, -75.56933697)"
2171032,07/04/2017,1:30 p.m.,Viernes,Automovil,Particular,Conductor,Masculino,NO,Sin Registro,Herido,Choque,Otra,Calle 49 D Sur Carrera 40 A,La Inmaculada,Urbana,"(6.155814881, -75.60075467)"
2171032,07/04/2017,1:30 p.m.,Viernes,Bicicleta,Sin Registro,Ciclista,Masculino,NO,Sin Registro,Herido,Choque,Otra,Calle 49 D Sur Carrera 40 A,La Inmaculada,Urbana,"(6.155814881, -75.60075467)"
2171840,07/04/2017,4:20 p.m.,Viernes,Camioneta,Particular,Conductor,Masculino,NO,Sin Registro,Solo Daños,Choque,Otra,Calle 36  Sur Carrera 27,La Inmaculada,Urbana,"(6.167154903, -75.56933697)"
2171041,07/04/2017,1:30 p.m.,Viernes,Camion,Publico,Conductor,Masculino,NO,Sin Registro,Solo Daños,Choque,Impericia en el manejo,Carrera 49 Calle 25 AA Sur,Las Vegas,Urbana,"(6.18641241, -75.58506296)"
2171041,07/04/2017,1:30 p.m.,Viernes,Automovil,Particular,Conductor,Femenino,NO,Sin Registro,Solo Daños,Choque,Impericia en el manejo,Carrera 49 Calle 25 AA Sur,Las Vegas,Urbana,"(6.18641241, -75.58506296)"
2171040,07/04/2017,8:50 p.m.,Viernes,Automovil,Publico,Conductor,Masculino,NO,Sin Registro,Solo Daños,Choque,Otra,Carrera 42 Calle 38 A Sur,Zona Centro,Urbana,"(6.168903475, -75.58769578)"
2171040,07/04/2017,8:50 p.m.,Viernes,Automovil,Particular,Conductor,Masculino,NO,Sin Registro,Solo Daños,Choque,Otra,Carrera 42 Calle 38 A Sur,Zona Centro,Urbana,"(6.168903475, -75.58769578)"
2171039,07/04/2017,6:45 a.m.,Viernes,Motocicleta,Particular,Motociclista,Masculino,NO,Sin Registro,Solo Daños,Choque,Girar bruscamente,Carrera 50 Calle 32  Sur,Las Vegas,Urbana,"(6.178248378, -75.59168828)"
2171039,07/04/2017,6:45 a.m.,Viernes,Motocicleta,Particular,Motociclista,Masculino,NO,Sin Registro,Solo Daños,Choque,Girar bruscamente,Carrera 50 Calle 32  Sur,Las Vegas,Urbana,"(6.178248378, -75.59168828)"
2171033,07/04/2017,9:35 a.m.,Viernes,Motocicleta,Particular,Motociclista,Masculino,NO,Sin Registro,Solo Daños,Choque,Desobedecer senales,Carrera 43 A Calle 33 B Sur,Zona Centro,Urbana,"(6.173325428, -75.5866772)"
2171033,07/04/2017,9:35 a.m.,Viernes,Automovil,Particular,Conductor,Masculino,NO,Sin Registro,Solo Daños,Choque,Desobedecer senales,Carrera 43 A Calle 33 B Sur,Zona Centro,Urbana,"(6.173325428, -75.5866772)"
2171051,07/04/2017,6:50 a.m.,Viernes,Automovil,Particular,Conductor,Femenino,NO,Sin Registro,Solo Daños,Choque,Adelantar invadiendo carril del mismo sentido en zigzag,Calle 39 B Sur Carrera 48,Las Vegas,Urbana,"(6.170162601, -75.59457554)"
2171051,07/04/2017,6:50 a.m.,Viernes,Camioneta,Particular,Conductor,Femenino,NO,Sin Registro,Solo Daños,Choque,Adelantar invadiendo carril del mismo sentido en zigzag,Calle 39 B Sur Carrera 48,Las Vegas,Urbana,"(6.170162601, -75.59457554)"
2171053,07/04/2017,3:50 a.m.,Viernes,Camioneta,Publico,Conductor,Masculino,NO,Sin Registro,Solo Daños,Volcamiento,Otra,Carrera 50 Calle 25  Sur,Las Vegas,Urbana,"(6.186515998, -75.58512541)"
2171054,07/04/2017,12:40 p.m.,Viernes,Bus,Publico,Conductor,Masculino,NO,Sin Registro,Solo Daños,Choque,Otra,Carrera 43 A Calle 48 C Sur,Avenida El Poblado,Urbana,"(6.162218777, -75.59764446)"
2171054,07/04/2017,12:40 p.m.,Viernes,Camioneta,Particular,Conductor,Masculino,NO,Sin Registro,Solo Daños,Choque,Otra,Carrera 43 A Calle 48 C Sur,Avenida El Poblado,Urbana,"(6.162218777, -75.59764446)"
2171055,08/04/2017,3:00 p.m.,Sábado,Camioneta,Publico,Conductor,Masculino,NO,Sin Registro,Solo Daños,Choque,No mantener distancia de seguridad,Calle 37  Sur Carrera 50,Las Vegas,Urbana,
2171055,08/04/2017,3:00 p.m.,Sábado,Automovil,Particular,Conductor,Masculino,NO,Sin Registro,Solo Daños,Choque,No mantener distancia de seguridad,Calle 37  Sur Carrera 50,Las Vegas,Urbana,
2172523,08/04/2017,11:00 a.m.,Sábado,Automovil,Particular,Conductor,Masculino,NO,Sin Registro,Solo Daños,Choque,Otra,Calle 27 D Sur Carrera 28,Sin Registro,Urbana,"(6.169224506, -75.57173816)"
2172523,08/04/2017,11:00 a.m.,Sábado,Camioneta,Particular,Conductor,Sin Registro,NO,Sin Registro,Solo Daños,Choque,Otra,Calle 27 D Sur Carrera 28,Sin Registro,Urbana,"(6.169224506, -75.57173816)"
2171035,08/04/2017,2:00 p.m.,Sábado,Automovil,Publico,Conductor,Masculino,NO,Sin Registro,Solo Daños,Choque,Otra,Carrera 48 Calle 50  Sur,Las Casitas,Urbana,
2171035,08/04/2017,2:00 p.m.,Sábado,Camion,Publico,Conductor,Masculino,NO,Sin Registro,Solo Daños,Choque,Otra,Carrera 48 Calle 50  Sur,Las Casitas,Urbana,
2171038,08/04/2017,2:00 p.m.,Sábado,Buseta,Publico,Conductor,Masculino,NO,Sin Registro,Solo Daños,Choque,No mantener distancia de seguridad,Carrera 43 Transversal 32  Sur,La Magnolia,Urbana,"(6.175345679, -75.58512506)"
2171038,08/04/2017,2:00 p.m.,Sábado,Automovil,Particular,Conductor,Masculino,NO,Sin Registro,Solo Daños,Choque,No mantener distancia de seguridad,Carrera 43 Transversal 32  Sur,La Magnolia,Urbana,"(6.175345679, -75.58512506)"
2171070,08/04/2017,10:00 a.m.,Sábado,Campero,Particular,Conductor,Femenino,NO,Sin Registro,Solo Daños,Choque,No mantener distancia de seguridad,Tramo 372 Kilometro  9,Vereda Palmas,Rural,
2171070,08/04/2017,10:00 a.m.,Sábado,Automovil,Publico,Conductor,Masculino,NO,Sin Registro,Solo Daños,Choque,No mantener distancia de seguridad,Tramo 372 Kilometro  9,Vereda Palmas,Rural,
2171030,08/04/2017,12:00 p.m.,Sábado,Camioneta,Publico,Conductor,Masculino,NO,Sin Registro,Herido,Choque,No mantener distancia de seguridad,Calle 40  Sur Carrera 48,Las Vegas,Urbana,"(6.158744179, -75.59459712)"
2171030,08/04/2017,12:00 p.m.,Sábado,Motocicleta,Particular,Motociclista,Masculino,NO,Sin Registro,Herido,Choque,No mantener distancia de seguridad,Calle 40  Sur Carrera 48,Las Vegas,Urbana,"(6.158744179, -75.59459712)"
2171059,08/04/2017,1:10 p.m.,Sábado,Campero,Particular,Conductor,Femenino,NO,Sin Registro,Solo Daños,Choque,Desobedecer senales,Carrera 43 A Calle 28  Sur,Villa Grande,Urbana,"(6.178334276, -75.58444919)"
2171059,08/04/2017,1:10 p.m.,Sábado,Automovil,Particular,Conductor,Masculino,NO,Sin Registro,Solo Daños,Choque,Desobedecer senales,Carrera 43 A Calle 28  Sur,Villa Grande,Urbana,"(6.178334276, -75.58444919)"
2171175,08/04/2017,7:41 p.m.,Sábado,Automovil,Particular,Conductor,Femenino,NO,Sin Registro,Solo Daños,Choque,Impericia en el manejo,Calle 38  Sur Carrera 48,Las Vegas,Urbana,
2171175,08/04/2017,7:41 p.m.,Sábado,Automovil,Particular,Conductor,Masculino,NO,Sin Registro,Solo Daños,Choque,Impericia en el manejo,Calle 38  Sur Carrera 48,Las Vegas,Urbana,
2171037,08/04/2017,8:50 p.m.,Sábado,Automovil,Publico,Conductor,Masculino,NO,Sin Registro,Herido,Choque,Desobedecer senales,Calle 39 B Sur Carrera 32,Mesa,Urbana,"(6.163909636, -75.5829262)"
2171037,08/04/2017,8:50 p.m.,Sábado,Motocicleta,Particular,Motociclista,Masculino,NO,Sin Registro,Herido,Choque,Desobedecer senales,Calle 39 B Sur Carrera 32,Mesa,Urbana,"(6.163909636, -75.5829262)"
2171283,02/05/2017,4:00 p.m.,Martes,Camion,Publico,Conductor,Masculino,NO,Sin Registro,Solo Daños,Choque,Impericia en el manejo,Calle 39  Sur Carrera 49,Las Vegas,Urbana,
2171034,08/04/2017,9:15 p.m.,Sábado,Campero,Particular,Conductor,Femenino,NO,Sin Registro,Herido,Choque,Otra,Calle 27 A Sur Carrera 43 A,Las Vegas,Urbana,"(6.180069628, -75.585608)"
2171034,08/04/2017,9:15 p.m.,Sábado,Motocicleta,Particular,Motociclista,Masculino,NO,Sin Registro,Herido,Choque,Otra,Calle 27 A Sur Carrera 43 A,Las Vegas,Urbana,"(6.180069628, -75.585608)"