RADICADO,FECHA,HORA,DÍA DE LA SEMANA,CLASE DE VEHICULO,TIPO DE SERVICIO,TIPO DE VICTIMA,SEXO,ESTADO DE BEODEZ,RESULTADO DE BEODEZ,GRAVEDAD,CLASE DE ACCIDENTE,CAUSA,DIRECCIÓN,BARRIO,AREA,Coordenadas
2171064,08/04/2017,12:45 p.m.,Sábado,Camioneta,Particular,Conductor,Masculino,NO,Sin Registro,Solo Daños,Choque,No mantener distancia de seguridad,Carrera 45 B Calle 32  Sur,El Portal,Urbana,"(6.175932338, -75.58813484)"
2171064,08/04/2017,12:45 p.m.,Sábado,Motocicleta,Particular,Motociclista,Masculino,NO,Sin Registro,Solo Daños,Choque,No mantener distancia de seguridad,Carrera 45 B Calle 32  Sur,El Portal,Urbana,"(6.175932338, -75.58813484)"
2171057,08/04/2017,7:50 a.m.,Sábado,Automovil,Particular,Conductor,Femenino,NO,Sin Registro,Herido,Choque,No mantener distancia de seguridad,Calle 30  Sur Carrera 50,Las Vegas,Urbana,
2171057,08/04/2017,7:50 a.m.,Sábado,Motocicleta,Particular,Motociclista,Masculino,NO,Sin Registro,Herido,Choque,No mantener distancia de seguridad,Calle 30  Sur Carrera 50,Las Vegas,Urbana,
2171110,08/04/2017,10:55 a.m.,Sábado,Automovil,Publico,Conductor,Masculino,NO,Sin Registro,Herido,Atropello,Impericia en el manejo,Diagonal 39 Transversal 34  Sur,Obrero,Urbana,"(6.172334278, -75.58444785)"
2171031,08/04/2017,12:55 p.m.,Sábado,Motocicleta,Particular,Motociclista,Masculino,NO,Sin Registro,Solo Daños,Choque,Otra,Calle 27 B Sur Carrera 27 B,Loma De Las Brujas,Urbana,"(6.169317472, -75.57221226)"
2171603,05/26/2017,2:30 p.m.,Viernes,Camioneta,Particular,Conductor,Femenino,NO,Sin Registro,Herido,Atropello,Otra,Calle 23  Sur Carrera 38,Zuñiga,Urbana,
2171031,08/04/2017,12:55 p.m.,Sábado,Automovil,Particular,Conductor,Masculino,NO,Sin Registro,Solo Daños,Choque,Otra,Calle 27 B Sur Carrera 27 B,Loma De Las Brujas,Urbana,"(6.169317472, -75.57221226)"
2171048,09/04/2017,3:00 p.m.,Domingo,Automovil,Publico,Conductor,Masculino,NO,Sin Registro,Solo Daños,Choque,Otra,Carrera 49 Calle 39  Sur,Las Vegas,Urbana,"(6.173609359, -75.59707057)"
2171048,09/04/2017,3:00 p.m.,Domingo,Buseta,Publico,Conductor,Masculino,NO,Sin Registro,Solo Daños,Choque,Otra,Carrera 49 Calle 39  Sur,Las Vegas,Urbana,"(6.173609359, -75.59707057)"
2171071,09/04/2017,3:00 p.m.,Domingo,Motocicleta,Particular,Motociclista,Masculino,NO,Sin Registro,Herido,Choque,Transitar entre vehiculos,Diagonal 39 Transversal 34  Sur,La Magnolia,Urbana,"(6.172334278, -75.58444785)"
2171063,09/04/2017,8:10 a.m.,Domingo,Automovil,Particular,Conductor,Masculino,NO,Sin Registro,Solo Daños,Choque,No mantener distancia de seguridad,Calle 37  Sur Carrera 50,Las Vegas,Urbana,
2171063,09/04/2017,8:10 a.m.,Domingo,Automovil,Particular,Conductor,Masculino,NO,Sin Registro,Solo Daños,Choque,No mantener distancia de seguridad,Calle 37  Sur Carrera 50,Las Vegas,Urbana,
2171044,09/04/2017,1:14 p.m.,Domingo,Automovil,Particular,Conductor,Masculino,NO,Sin Registro,Solo Daños,Choque,Falta de precaucion niebla,Sin Registro,Sin Registro,Sin Registro,
2171044,09/04/2017,1:14 p.m.,Domingo,Camioneta,Publico,Conductor,Masculino,NO,Sin Registro,Solo Daños,Choque,Falta de precaucion niebla,Sin Registro,Sin Registro,Sin Registro,
2171058,09/04/2017,7:45 p.m.,Domingo,Automovil,Particular,Conductor,Masculino,NO,Sin Registro,Solo Daños,Choque,No mantener distancia de seguridad,Calle 39 A Sur Carrera 50,Las Vegas,Urbana,
2171058,09/04/2017,7:45 p.m.,Domingo,Automovil,Particular,Conductor,Femenino,NO,Sin Registro,Solo Daños,Choque,No mantener distancia de seguridad,Calle 39 A Sur Carrera 50,Las Vegas,Urbana,
2171569,09/04/2017,6:10 p.m.,Domingo,Microbus,Publico,Conductor,Masculino,NO,Sin Registro,Solo Daños,Choque,Otra,Calle 40  Sur Carrera 29,San Jose,Urbana,"(6.159832302, -75.5825953)"
2171569,09/04/2017,6:10 p.m.,Domingo,Motocicleta,Particular,Motociclista,Femenino,NO,Sin Registro,Solo Daños,Choque,Otra,Calle 40  Sur Carrera 29,San Jose,Urbana,"(6.159832302, -75.5825953)"
2171068,09/04/2017,7:50 p.m.,Domingo,Motocicleta,Particular,Motociclista,Masculino,NO,Sin Registro,Herido,Choque,Otra,Calle 46  Sur Carrera 43,Primavera,Urbana,"(6.164149951, -75.5959975)"
2171068,09/04/2017,7:50 p.m.,Domingo,Automovil,Particular,Conductor,Masculino,NO,Sin Registro,Herido,Choque,Otra,Calle 46  Sur Carrera 43,Primavera,Urbana,"(6.164149951, -75.5959975)"
2171056,09/04/2017,5:30 p.m.,Domingo,Camioneta,Particular,Conductor,Masculino,NO,Sin Registro,Solo Daños,Choque,No mantener distancia de seguridad,Calle 50  Sur Carrera 43 A,Las Vegas,Urbana,
2171056,09/04/2017,5:30 p.m.,Domingo,Automovil,Particular,Conductor,Femenino,NO,Sin Registro,Solo Daños,Choque,No mantener distancia de seguridad,Calle 50  Sur Carrera 43 A,Las Vegas,Urbana,
2171052,09/04/2017,1:45 a.m.,Domingo,Automovil,Particular,Conductor,Masculino,NO,Sin Registro,Solo Daños,Choque,Otra,Calle 37  Sur Carrera 48,El Portal,Urbana,"(6.17412211, -75.59306111)"
2171052,09/04/2017,1:45 a.m.,Domingo,Automovil,Particular,Conductor,Masculino,NO,Sin Registro,Solo Daños,Choque,Otra,Calle 37  Sur Carrera 48,El Portal,Urbana,"(6.17412211, -75.59306111)"
2171065,09/04/2017,5:45 p.m.,Domingo,Automovil,Particular,Conductor,Masculino,NO,Sin Registro,Solo Daños,Choque,No mantener distancia de seguridad,Calle 37  Sur Carrera 29 A,La Pradera,Urbana,"(6.166159821, -75.58061864)"
2171065,09/04/2017,5:45 p.m.,Domingo,Automovil,Particular,Conductor,Masculino,NO,Sin Registro,Solo Daños,Choque,No mantener distancia de seguridad,Calle 37  Sur Carrera 29 A,La Pradera,Urbana,"(6.166159821, -75.58061864)"
2171078,10/04/2017,2:00 p.m.,Lunes,Automovil,Particular,Conductor,Femenino,NO,Sin Registro,Solo Daños,Choque,No mantener distancia de seguridad,Calle 37  Sur Carrera 28,Vereda El Escobero,Urbana,"(6.165679454, -75.57834042)"
2171078,10/04/2017,2:00 p.m.,Lunes,Motocicleta,Particular,Motociclista,Masculino,NO,Sin Registro,Solo Daños,Choque,No mantener distancia de seguridad,Calle 37  Sur Carrera 28,Vereda El Escobero,Urbana,"(6.165679454, -75.57834042)"
2171136,10/04/2017,10:00 a.m.,Lunes,Motocicleta,Particular,Motociclista,Masculino,NO,Sin Registro,Herido,Choque,Impericia en el manejo,Tramo 372 Kilometro  12,Vereda Palmas,Rural,
2171136,10/04/2017,10:00 a.m.,Lunes,Automovil,Sin Registro,Conductor,Femenino,NO,Sin Registro,Herido,Choque,Impericia en el manejo,Tramo 372 Kilometro  12,Vereda Palmas,Rural,
2171067,10/04/2017,8:10 a.m.,Lunes,Camioneta,Particular,Conductor,Masculino,NO,Sin Registro,Solo Daños,Choque,Reverso imprudente,Calle 27 D Sur Carrera 28,Zuñiga,Urbana,"(6.169224506, -75.57173816)"
2171067,10/04/2017,8:10 a.m.,Lunes,Camioneta,Particular,Conductor,Masculino,NO,Sin Registro,Solo Daños,Choque,Reverso imprudente,Calle 27 D Sur Carrera 28,Zuñiga,Urbana,"(6.169224506, -75.57173816)"
2171117,10/04/2017,1:20 p.m.,Lunes,Automovil,Particular,Conductor,Masculino,NO,Sin Registro,Solo Daños,Choque,No mantener distancia de seguridad,Carrera 32 Calle 38  Sur,Mesa,Urbana,"(6.165895782, -75.58156385)"
2171117,10/04/2017,1:20 p.m.,Lunes,Camioneta,Particular,Conductor,Femenino,NO,Sin Registro,Solo Daños,Choque,No mantener distancia de seguridad,Carrera 32 Calle 38  Sur,Mesa,Urbana,"(6.165895782, -75.58156385)"
2171245,10/04/2017,5:10 p.m.,Lunes,Automovil,Particular,Conductor,Femenino,NO,Sin Registro,Solo Daños,Choque,Impericia en el manejo,Carrera 43 Calle 41  Sur,El Dorado,Urbana,"(6.166463977, -75.5918241)"
2171079,10/04/2017,3:20 p.m.,Lunes,Camioneta,Particular,Conductor,Masculino,NO,Sin Registro,Solo Daños,Choque,No respetar pelacion de interseccion o giros,Carrera 48 Calle 38  Sur,Las Vegas,Urbana,"(6.172747818, -75.59269817)"
2171061,10/04/2017,6:15 p.m.,Lunes,Camioneta,Particular,Conductor,Masculino,NO,Sin Registro,Solo Daños,Choque,Reverso imprudente,Calle 36 D Sur Carrera 25 A,Vereda El Escobero,Urbana,"(6.158809572, -75.56663754)"
2162864,10/24/2016,10:50 a.m.,Lunes,Automovil,Particular,Conductor,Masculino,No,Sin Registro,Solo Daños,Choque,Otra,Calle 26  Sur Carrera 50,Las Vegas,Urbana,
2171079,10/04/2017,3:20 p.m.,Lunes,Automovil,Publico,Conductor,Masculino,NO,Sin Registro,Solo Daños,Choque,No respetar pelacion de interseccion o giros,Carrera 48 Calle 38  Sur,Las Vegas,Urbana,"(6.172747818, -75.59269817)"
2171061,10/04/2017,6:15 p.m.,Lunes,Camioneta,Publico,Conductor,Masculino,NO,Sin Registro,Solo Daños,Choque,Reverso imprudente,Calle 36 D Sur Carrera 25 A,Vereda El Escobero,Urbana,"(6.158809572, -75.56663754)"
2171087,10/04/2017,6:40 a.m.,Lunes,Motocicleta,Particular,Motociclista,Masculino,NO,Sin Registro,Herido,Choque,Transitar entre vehiculos,Tramo 372 Kilometro  12,Vereda Palmas,Rural,
2171075,10/04/2017,11:30 a.m.,Lunes,Automovil,Publico,Conductor,Masculino,NO,Sin Registro,Solo Daños,Choque,No mantener distancia de seguridad,Carrera 41 Calle 39  Sur,Zona Centro,Urbana,"(6.167744498, -75.5874224)"
2171087,10/04/2017,6:40 a.m.,Lunes,Motocicleta,Particular,Motociclista,Masculino,NO,Sin Registro,Herido,Choque,Transitar entre vehiculos,Tramo 372 Kilometro  12,Vereda Palmas,Rural,
2171075,10/04/2017,11:30 a.m.,Lunes,Motocicleta,Particular,Motociclista,Masculino,NO,Sin Registro,Solo Daños,Choque,No mantener distancia de seguridad,Carrera 41 Calle 39  Sur,Zona Centro,Urbana,"(6.167744498, -75.5874224)"
2171075,10/04/2017,11:30 a.m.,Lunes,Camioneta,Particular,Conductor,Masculino,NO,Sin Registro,Solo Daños,Choque,No mantener distancia de seguridad,Carrera 41 Calle 39  Sur,Zona Centro,Urbana,"(6.167744498, -75.5874224)"
2171103,10/04/2017,8:40 p.m.,Lunes,Motocicleta,Particular,Motociclista,Masculino,NO,Sin Registro,Solo Daños,Choque,Desobedecer senales,Calle 38 A Sur Carrera 39,Zona Centro,Urbana,"(6.167679571, -75.58567628)"
2171103,10/04/2017,8:40 p.m.,Lunes,Automovil,Publico,Conductor,Masculino,NO,Sin Registro,Solo Daños,Choque,Desobedecer senales,Calle 38 A Sur Carrera 39,Zona Centro,Urbana,"(6.167679571, -75.58567628)"
2171075,10/04/2017,11:30 a.m.,Lunes,Automovil,Publico,Conductor,Masculino,NO,Sin Registro,Solo Daños,Choque,No mantener distancia de seguridad,Carrera 41 Calle 39  Sur,Zona Centro,Urbana,"(6.167744498, -75.5874224)"
2171066,10/04/2017,7:30 a.m.,Lunes,Motocicleta,Particular,Motociclista,Femenino,NO,Sin Registro,Solo Daños,Choque,Aprovisionamiento indebido,Calle 40 B Sur Carrera 26,La Mina,Urbana,"(6.157341539, -75.58151709)"
2171066,10/04/2017,7:30 a.m.,Lunes,Motocicleta,Particular,Motociclista,Masculino,NO,Sin Registro,Solo Daños,Choque,Aprovisionamiento indebido,Calle 40 B Sur Carrera 26,La Mina,Urbana,"(6.157341539, -75.58151709)"
2171072,10/04/2017,11:40 a.m.,Lunes,Automovil,Particular,Conductor,Masculino,NO,Sin Registro,Solo Daños,Choque,Adelantar cerrando,Carrera 29 A Calle 37  Sur,Mesa,Urbana,"(6.165896279, -75.58063202)"
2171072,10/04/2017,11:40 a.m.,Lunes,Sin Registro,Publico,Conductor,Masculino,NO,Sin Registro,Solo Daños,Choque,Adelantar cerrando,Carrera 29 A Calle 37  Sur,Mesa,Urbana,"(6.165896279, -75.58063202)"
2171074,10/04/2017,12:40 p.m.,Lunes,Automovil,Particular,Conductor,Masculino,NO,Sin Registro,Solo Daños,Choque,No mantener distancia de seguridad,Calle 38 A Sur Carrera 48,Las Vegas,Urbana,"(6.168560755, -75.58701537)"
2171074,10/04/2017,12:40 p.m.,Lunes,Camioneta,Particular,Conductor,Masculino,NO,Sin Registro,Solo Daños,Choque,No mantener distancia de seguridad,Calle 38 A Sur Carrera 48,Las Vegas,Urbana,"(6.168560755, -75.58701537)"
2171060,10/04/2017,5:35 p.m.,Lunes,Automovil,Particular,Conductor,Femenino,NO,Sin Registro,Solo Daños,Choque,Otra,Carrera 48 Calle 40  Sur,Las Vegas,Urbana,"(6.168855316, -75.59688767)"
2171060,10/04/2017,5:35 p.m.,Lunes,Motocicleta,Particular,Motociclista,Masculino,NO,Sin Registro,Solo Daños,Choque,Otra,Carrera 48 Calle 40  Sur,Las Vegas,Urbana,"(6.168855316, -75.59688767)"
2171062,10/04/2017,7:50 a.m.,Lunes,Automovil,Particular,Conductor,Femenino,NO,Sin Registro,Solo Daños,Choque,No mantener distancia de seguridad,Calle 27  Sur Diagonal 31,La Magnolia,Urbana,
2171062,10/04/2017,7:50 a.m.,Lunes,Camioneta,Particular,Conductor,Masculino,NO,Sin Registro,Solo Daños,Choque,No mantener distancia de seguridad,Calle 27  Sur Diagonal 31,La Magnolia,Urbana,
2171081,11/04/2017,3:00 p.m.,Martes,Automovil,Particular,Conductor,Masculino,NO,Sin Registro,Solo Daños,Choque,No mantener distancia de seguridad,Tramo 12 Kilometro  10,Vereda Palmas,Rural,
2171088,11/04/2017,7:00 a.m.,Martes,Bus,Publico,Conductor,Masculino,NO,Sin Registro,Solo Daños,Choque,No respetar prelacion,Calle 46  Sur Carrera 44,Primavera,Urbana,"(6.164371719, -75.59631716)"
2171088,11/04/2017,7:00 a.m.,Martes,Bus,Publico,Conductor,Masculino,NO,Sin Registro,Solo Daños,Choque,No respetar prelacion,Calle 46  Sur Carrera 44,Primavera,Urbana,"(6.164371719, -75.59631716)"
2171081,11/04/2017,3:00 p.m.,Martes,Automovil,Particular,Conductor,Femenino,NO,Sin Registro,Solo Daños,Choque,No mantener distancia de seguridad,Tramo 12 Kilometro  10,Vereda Palmas,Rural,
2171081,11/04/2017,3:00 p.m.,Martes,Automovil,Particular,Conductor,Masculino,NO,Sin Registro,Solo Daños,Choque,No mantener distancia de seguridad,Tramo 12 Kilometro  10,Vereda Palmas,Rural,
2171081,11/04/2017,3:00 p.m.,Martes,Automovil,Particular,Conductor,Masculino,NO,Sin Registro,Solo Daños,Choque,No mantener distancia de seguridad,Tramo 12 Kilometro  10,Vereda Palmas,Rural,
2171083,11/04/2017,12:00 p.m.,Martes,Automovil,Particular,Conductor,Masculino,NO,Sin Registro,Solo Daños,Choque,No mantener distancia de seguridad,Calle 37  Sur Carrera 29 A,Vereda El Escobero,Urbana,"(6.166159821, -75.58061864)"
2171083,11/04/2017,12:00 p.m.,Martes,Automovil,Particular,Conductor,Masculino,NO,Sin Registro,Solo Daños,Choque,No mantener distancia de seguridad,Calle 37  Sur Carrera 29 A,Vereda El Escobero,Urbana,"(6.166159821, -75.58061864)"
2171085,11/04/2017,2:15 p.m.,Martes,Motocicleta,Particular,Motociclista,Masculino,NO,Sin Registro,Solo Daños,Choque,Transitar entre vehiculos,Carrera 48 Calle 25  Sur,Las Vegas,Urbana,"(6.185059174, -75.58329333)"
2171085,11/04/2017,2:15 p.m.,Martes,Automovil,Diplomatico,Conductor,Masculino,NO,Sin Registro,Solo Daños,Choque,Transitar entre vehiculos,Carrera 48 Calle 25  Sur,Las Vegas,Urbana,"(6.185059174, -75.58329333)"
2163083,08/11/2016,5:30 a.m.,Martes,Automovil,Particular,Conductor,Masculino,No,Sin Registro,Solo Daños,Choque,Otra,Tramo 372 Kilometro  8,Vereda Palmas,Rural,
2171089,11/04/2017,6:20 p.m.,Martes,Bus,Publico,Conductor,Masculino,NO,Sin Registro,Solo Daños,Choque,No respetar prelacion,Calle 25  Sur Carrera 46,Zuñiga,Urbana,"(6.183044029, -75.5826185)"
2171089,11/04/2017,6:20 p.m.,Martes,Camioneta,Particular,Conductor,Femenino,NO,Sin Registro,Solo Daños,Choque,No respetar prelacion,Calle 25  Sur Carrera 46,Zuñiga,Urbana,"(6.183044029, -75.5826185)"
2171086,11/04/2017,1:40 p.m.,Martes,Automovil,Particular,Conductor,Masculino,NO,Sin Registro,Solo Daños,Choque,No mantener distancia de seguridad,Tramo 12 Kilometro  10,Vereda Palmas,Rural,
2171086,11/04/2017,1:40 p.m.,Martes,Automovil,Particular,Conductor,Femenino,NO,Sin Registro,Solo Daños,Choque,No mantener distancia de seguridad,Tramo 12 Kilometro  10,Vereda Palmas,Rural,
2171118,11/04/2017,9:15 p.m.,Martes,Camioneta,Publico,Conductor,Masculino,NO,Sin Registro,Solo Daños,Choque,Reverso imprudente,Diagonal 31 Transversal 36 A Sur,Manuel Uribe Angel,Urbana,"(6.167967817, -75.58028177)"
2171118,11/04/2017,9:15 p.m.,Martes,Campero,Particular,Conductor,Masculino,NO,Sin Registro,Solo Daños,Choque,Reverso imprudente,Diagonal 31 Transversal 36 A Sur,Manuel Uribe Angel,Urbana,"(6.167967817, -75.58028177)"
2171095,11/04/2017,4:35 p.m.,Martes,Bus,Publico,Conductor,Masculino,NO,Sin Registro,Solo Daños,Choque,Reverso imprudente,Calle 39 B Sur Carrera 49,Las Vegas,Urbana,"(6.170162601, -75.59457554)"
2171095,11/04/2017,4:35 p.m.,Martes,Automovil,Particular,Conductor,Masculino,NO,Sin Registro,Solo Daños,Choque,Reverso imprudente,Calle 39 B Sur Carrera 49,Las Vegas,Urbana,"(6.170162601, -75.59457554)"
2171076,11/04/2017,3:50 p.m.,Martes,Automovil,Particular,Conductor,Masculino,NO,Sin Registro,Herido,Choque,No mantener distancia de seguridad,Tramo 373 Kilometro  11,Vereda Palmas,Rural,
2171076,11/04/2017,3:50 p.m.,Martes,Automovil,Particular,Conductor,Femenino,NO,Sin Registro,Herido,Choque,No mantener distancia de seguridad,Tramo 373 Kilometro  11,Vereda Palmas,Rural,
2171076,11/04/2017,3:50 p.m.,Martes,Camioneta,Particular,Conductor,Masculino,NO,Sin Registro,Herido,Choque,No mantener distancia de seguridad,Tramo 373 Kilometro  11,Vereda Palmas,Rural,
2171098,12/04/2017,7:00 a.m.,Miércoles,Automovil,Particular,Conductor,Femenino,NO,Sin Registro,Solo Daños,Choque,Transitar entre vehiculos,Calle 37  Sur Carrera 49,Las Vegas,Urbana,"(6.174789471, -75.59420424)"
2171098,12/04/2017,7:00 a.m.,Miércoles,Motocicleta,Particular,Motociclista,Masculino,NO,Sin Registro,Solo Daños,Choque,Transitar entre vehiculos,Calle 37  Sur Carrera 49,Las Vegas,Urbana,"(6.174789471, -75.59420424)"
2171097,12/04/2017,6:30 a.m.,Miércoles,Automovil,Particular,Conductor,Masculino,NO,Sin Registro,Solo Daños,Choque,Transitar entre vehiculos,Calle 30  Sur Carrera 48,Las Vegas,Urbana,"(6.180376127, -75.59028805)"
2171097,12/04/2017,6:30 a.m.,Miércoles,Motocicleta,Particular,Motociclista,Masculino,NO,Sin Registro,Solo Daños,Choque,Transitar entre vehiculos,Calle 30  Sur Carrera 48,Las Vegas,Urbana,"(6.180376127, -75.59028805)"
2171096,12/04/2017,5:15 p.m.,Miércoles,Automovil,Particular,Conductor,Femenino,NO,Sin Registro,Solo Daños,Choque,Transitar entre vehiculos,Calle 50  Sur Carrera 48,Las Vegas,Urbana,
2171096,12/04/2017,5:15 p.m.,Miércoles,Motocicleta,Particular,Motociclista,Masculino,NO,Sin Registro,Solo Daños,Choque,Transitar entre vehiculos,Calle 50  Sur Carrera 48,Las Vegas,Urbana,
2171115,12/04/2017,6:20 p.m.,Miércoles,Bus,Publico,Conductor,Masculino,NO,Sin Registro,Solo Daños,Choque,Impericia en el manejo,Calle 39 B Sur Carrera 29 A,San Jose,Urbana,"(6.163042511, -75.58152744)"
2171115,12/04/2017,6:20 p.m.,Miércoles,Automovil,Diplomatico,Conductor,Masculino,NO,Sin Registro,Solo Daños,Choque,Impericia en el manejo,Calle 39 B Sur Carrera 29 A,San Jose,Urbana,"(6.163042511, -75.58152744)"
2171090,12/04/2017,11:35 a.m.,Miércoles,Automovil,Particular,Conductor,Masculino,NO,Sin Registro,Solo Daños,Choque,Arrancar sin precaucion,Calle 33  Sur Carrera 43,Avenida El Poblado,Urbana,"(6.173912569, -75.58697473)"
2171090,12/04/2017,11:35 a.m.,Miércoles,Campero,Particular,Conductor,Masculino,NO,Sin Registro,Solo Daños,Choque,Arrancar sin precaucion,Calle 33  Sur Carrera 43,Avenida El Poblado,Urbana,"(6.173912569, -75.58697473)"
2171114,12/04/2017,9:20 p.m.,Miércoles,Automovil,Particular,Conductor,Masculino,NO,Sin Registro,Herido,Choque,Transitar por vias prohibidas,Calle 19  Sur Carrera 50,Las Vegas,Urbana,
2171114,12/04/2017,9:20 p.m.,Miércoles,Bicicleta,Sin Registro,Ciclista,Masculino,NO,Sin Registro,Herido,Choque,Transitar por vias prohibidas,Calle 19  Sur Carrera 50,Las Vegas,Urbana,
2171283,02/05/2017,4:00 p.m.,Martes,Automovil,Particular,Conductor,Masculino,NO,Sin Registro,Solo Daños,Choque,Impericia en el manejo,Calle 39  Sur Carrera 49,Las Vegas,Urbana,
2171091,12/04/2017,10:35 a.m.,Miércoles,Camioneta,Particular,Conductor,Masculino,NO,Sin Registro,Solo Daños,Choque,No mantener distancia de seguridad,Tramo 12 Kilometro  7,Vereda Palmas,Rural,
2171091,12/04/2017,10:35 a.m.,Miércoles,Camioneta,Particular,Conductor,Masculino,NO,Sin Registro,Solo Daños,Choque,No mantener distancia de seguridad,Tramo 12 Kilometro  7,Vereda Palmas,Rural,
2171091,12/04/2017,10:35 a.m.,Miércoles,Camioneta,Particular,Conductor,Masculino,NO,Sin Registro,Solo Daños,Choque,No mantener distancia de seguridad,Tramo 12 Kilometro  7,Vereda Palmas,Rural,
2171084,12/04/2017,2:45 p.m.,Miércoles,Motocicleta,Particular,Motociclista,Masculino,NO,Sin Registro,Herido,Choque,Desobedecer senales,Calle 37  Sur Carrera 29,Mesa,Urbana,"(6.165886877, -75.57955099)"
2171084,12/04/2017,2:45 p.m.,Miércoles,Motocicleta,Particular,Motociclista,Masculino,NO,Sin Registro,Herido,Choque,Desobedecer senales,Calle 37  Sur Carrera 29,Mesa,Urbana,"(6.165886877, -75.57955099)"
2171092,04/13/2017,7:40 p.m.,Jueves,Camioneta,Particular,Conductor,Femenino,NO,Sin Registro,Solo Daños,Choque,No mantener distancia de seguridad,Tramo 372 Kilometro  12,Vereda El Escobero,Rural,
2171092,04/13/2017,7:40 p.m.,Jueves,Camioneta,Particular,Conductor,Femenino,NO,Sin Registro,Solo Daños,Choque,No mantener distancia de seguridad,Tramo 372 Kilometro  12,Vereda El Escobero,Rural,
2171101,04/13/2017,8:00 p.m.,Jueves,Automovil,Particular,Conductor,Masculino,NO,Sin Registro,Solo Daños,Choque,No mantener distancia de seguridad,Calle 40  Sur Carrera 41,El Dorado,Urbana,"(6.167156789, -75.58804688)"
2171101,04/13/2017,8:00 p.m.,Jueves,Automovil,Particular,Conductor,Femenino,NO,Sin Registro,Solo Daños,Choque,No mantener distancia de seguridad,Calle 40  Sur Carrera 41,El Dorado,Urbana,"(6.167156789, -75.58804688)"
2171131,04/13/2017,4:20 p.m.,Jueves,Automovil,Particular,Conductor,Masculino,NO,Sin Registro,Solo Daños,Choque,Desobedecer senales,Calle 38  Sur Carrera 32,Mesa,Urbana,"(6.166011939, -75.58158121)"
2171131,04/13/2017,4:20 p.m.,Jueves,Camion,Publico,Conductor,Masculino,NO,Sin Registro,Solo Daños,Choque,Desobedecer senales,Calle 38  Sur Carrera 32,Mesa,Urbana,"(6.166011939, -75.58158121)"
2171082,04/13/2017,6:27 p.m.,Jueves,Automovil,Particular,Conductor,Femenino,NO,Sin Registro,Herido,Choque,Desobedecer senales,Calle 33 B Sur Carrera 42,Zona Centro,Urbana,"(6.17255447, -75.58554957)"
2171082,04/13/2017,6:27 p.m.,Jueves,Motocicleta,Particular,Motociclista,Femenino,NO,Sin Registro,Herido,Choque,Desobedecer senales,Calle 33 B Sur Carrera 42,Zona Centro,Urbana,"(6.17255447, -75.58554957)"
2171073,04/13/2017,9:50 a.m.,Jueves,Motocicleta,Particular,Motociclista,Masculino,NO,Sin Registro,Herido,Choque,No respetar pelacion de interseccion o giros,Calle 25 A Sur Carrera 48,Las Vegas,Urbana,"(6.185202689, -75.58358718)"
2171073,04/13/2017,9:50 a.m.,Jueves,Automovil,Particular,Conductor,Masculino,NO,Sin Registro,Herido,Choque,No respetar pelacion de interseccion o giros,Calle 25 A Sur Carrera 48,Las Vegas,Urbana,"(6.185202689, -75.58358718)"
2171105,04/14/2017,1:00 p.m.,Viernes,Motocicleta,Particular,Motociclista,Masculino,NO,Sin Registro,Solo Daños,Choque,No mantener distancia de seguridad,Carrera 43 A Calle 30  Sur,San Marcos,Urbana,"(6.177072638, -75.58533615)"
2171105,04/14/2017,1:00 p.m.,Viernes,Automovil,Publico,Conductor,Masculino,NO,Sin Registro,Solo Daños,Choque,No mantener distancia de seguridad,Carrera 43 A Calle 30  Sur,San Marcos,Urbana,"(6.177072638, -75.58533615)"
2171107,04/14/2017,2:30 a.m.,Viernes,Campero,Particular,Conductor,Masculino,SI,1,Solo Daños,Choque,Embriaguez aparente,Tramo 12 Kilometro  9,Vereda Palmas,Rural,
2171102,04/14/2017,9:00 p.m.,Viernes,Camioneta,Particular,Conductor,Masculino,NO,Sin Registro,Solo Daños,Choque,No mantener distancia de seguridad,Carrera 27 Calle 22  Sur,La Inmaculada,Urbana,
2171102,04/14/2017,9:00 p.m.,Viernes,Automovil,Particular,Conductor,Masculino,NO,Sin Registro,Solo Daños,Choque,No mantener distancia de seguridad,Carrera 27 Calle 22  Sur,La Inmaculada,Urbana,
2171108,04/15/2017,9:00 a.m.,Sábado,Automovil,Particular,Conductor,Femenino,NO,Sin Registro,Solo Daños,Choque,No respetar prelacion,Tramo 12 Kilometro  14,Vereda Palmas,Rural,
2171108,04/15/2017,9:00 a.m.,Sábado,Automovil,Publico,Conductor,Masculino,NO,Sin Registro,Solo Daños,Choque,No respetar prelacion,Tramo 12 Kilometro  14,Vereda Palmas,Rural,
2171104,04/15/2017,7:30 p.m.,Sábado,Camioneta,Particular,Conductor,Masculino,NO,Sin Registro,Herido,Otro,Impericia en el manejo,Calle 41  Sur Carrera 30,El Dorado,Urbana,
2171109,04/15/2017,6:10 p.m.,Sábado,Automovil,Particular,Conductor,Femenino,NO,Sin Registro,Solo Daños,Choque,Impericia en el manejo,Tramo 376 Kilometro  9,Vereda Palmas,Rural,
2171109,04/15/2017,6:10 p.m.,Sábado,Camioneta,Particular,Conductor,Masculino,NO,Sin Registro,Solo Daños,Choque,Impericia en el manejo,Tramo 376 Kilometro  9,Vereda Palmas,Rural,
2171106,04/15/2017,3:25 p.m.,Sábado,Automovil,Particular,Conductor,Masculino,NO,Sin Registro,Solo Daños,Choque,No mantener distancia de seguridad,Calle 37  Sur Carrera 50,Las Vegas,Urbana,