RADICADO,FECHA,HORA,DÍA DE LA SEMANA,CLASE DE VEHICULO,TIPO DE SERVICIO,TIPO DE VICTIMA,SEXO,ESTADO DE BEODEZ,RESULTADO DE BEODEZ,GRAVEDAD,CLASE DE ACCIDENTE,CAUSA,DIRECCIÓN,BARRIO,AREA,Coordenadas
2171106,04/15/2017,3:25 p.m.,Sábado,Camioneta,Publico,Conductor,Masculino,NO,Sin Registro,Solo Daños,Choque,No mantener distancia de seguridad,Calle 37  Sur Carrera 50,Las Vegas,Urbana,
2171094,04/15/2017,5:20 p.m.,Sábado,Automovil,Particular,Conductor,Masculino,NO,Sin Registro,Herido,Choque,Girar bruscamente,Calle 40  Sur Carrera 27 B,San Jose,Urbana,"(6.158824342, -75.58090012)"
2171094,04/15/2017,5:20 p.m.,Sábado,Bicicleta,Sin Registro,Ciclista,Masculino,NO,Sin Registro,Herido,Choque,Girar bruscamente,Calle 40  Sur Carrera 27 B,San Jose,Urbana,"(6.158824342, -75.58090012)"
2171123,04/15/2017,9:30 a.m.,Sábado,Automovil,Publico,Conductor,Masculino,NO,Sin Registro,Herido,Choque,Transitar entre vehiculos,Calle 39 B Sur Carrera 40,El Dorado,Urbana,"(6.170162601, -75.59457554)"
2171123,04/15/2017,9:30 a.m.,Sábado,Motocicleta,Particular,Motociclista,Masculino,NO,Sin Registro,Herido,Choque,Transitar entre vehiculos,Calle 39 B Sur Carrera 40,El Dorado,Urbana,"(6.170162601, -75.59457554)"
2171077,04/15/2017,11:40 a.m.,Sábado,Motocicleta,Particular,Motociclista,Masculino,NO,Sin Registro,Herido,Atropello,Desobedecer senales,Calle 40  Sur Carrera 32,San Jose,Urbana,"(6.163629256, -75.58307688)"
2171080,04/15/2017,11:40 a.m.,Sábado,Bus,Publico,Conductor,Masculino,NO,Sin Registro,Herido,Choque,No mantener distancia de seguridad,Calle 40 F Sur Carrera 41,El Dorado,Urbana,"(6.164356509, -75.58918207)"
2171080,04/15/2017,11:40 a.m.,Sábado,Automovil,Particular,Conductor,Femenino,NO,Sin Registro,Herido,Choque,No mantener distancia de seguridad,Calle 40 F Sur Carrera 41,El Dorado,Urbana,"(6.164356509, -75.58918207)"
2171111,04/16/2017,3:00 p.m.,Domingo,Camioneta,Particular,Conductor,Femenino,NO,Sin Registro,Solo Daños,Choque,No mantener distancia de seguridad,Tramo 12 Kilometro  14,Vereda Palmas,Rural,
2171111,04/16/2017,3:00 p.m.,Domingo,Motocicleta,Particular,Motociclista,Masculino,NO,Sin Registro,Solo Daños,Choque,No mantener distancia de seguridad,Tramo 12 Kilometro  14,Vereda Palmas,Rural,
2171100,04/16/2017,2:25 p.m.,Domingo,Automovil,Publico,Conductor,Masculino,NO,Sin Registro,Solo Daños,Choque,Reverso imprudente,Carrera 48 Calle 32 B Sur,Glorieta De Peldar,Urbana,"(6.176994311, -75.58984119)"
2171100,04/16/2017,2:25 p.m.,Domingo,Automovil,Particular,Conductor,Masculino,NO,Sin Registro,Solo Daños,Choque,Reverso imprudente,Carrera 48 Calle 32 B Sur,Glorieta De Peldar,Urbana,"(6.176994311, -75.58984119)"
2171093,04/16/2017,10:30 p.m.,Domingo,Automovil,Publico,Conductor,Masculino,NO,Sin Registro,Solo Daños,Choque,Semaforo en rojo,Diagonal 32 Transversal 36  Sur,Los Naranjos,Urbana,"(6.168258576, -75.58067017)"
2171093,04/16/2017,10:30 p.m.,Domingo,Automovil,Particular,Conductor,Femenino,NO,Sin Registro,Solo Daños,Choque,Semaforo en rojo,Diagonal 32 Transversal 36  Sur,Los Naranjos,Urbana,"(6.168258576, -75.58067017)"
2171112,04/17/2017,2:00 p.m.,Lunes,Motocicleta,Particular,Motociclista,Femenino,NO,Sin Registro,Herido,Caida Ocupante,Transitar entre vehiculos,Diagonal 29 Transversal 34 F Sur,Alto De Misael,Urbana,"(6.169949011, -75.57757889)"
2171124,04/17/2017,6:30 a.m.,Lunes,Motocicleta,Particular,Motociclista,Masculino,NO,Sin Registro,Herido,Caida Ocupante,Transitar entre vehiculos,Calle 45 A Sur Carrera 39 D,El Trianon,Urbana,"(6.161471458, -75.59098184)"
2171113,04/17/2017,5:20 p.m.,Lunes,Automovil,Particular,Conductor,Masculino,NO,Sin Registro,Solo Daños,Choque,No mantener distancia de seguridad,Carrera 39 A Calle 37  Sur,Manuel Uribe Angel,Urbana,
2171113,04/17/2017,5:20 p.m.,Lunes,Automovil,Particular,Conductor,Femenino,NO,Sin Registro,Solo Daños,Choque,No mantener distancia de seguridad,Carrera 39 A Calle 37  Sur,Manuel Uribe Angel,Urbana,
2171141,04/17/2017,4:30 p.m.,Lunes,Campero,Particular,Conductor,Masculino,NO,Sin Registro,Solo Daños,Choque,Reverso imprudente,Calle 32 B Sur Carrera 48,Las Vegas,Urbana,"(6.177255701, -75.59003137)"
2171141,04/17/2017,4:30 p.m.,Lunes,Campero,Particular,Conductor,Masculino,NO,Sin Registro,Solo Daños,Choque,Reverso imprudente,Calle 32 B Sur Carrera 48,Las Vegas,Urbana,"(6.177255701, -75.59003137)"
2171133,04/17/2017,6:30 p.m.,Lunes,Bus,Publico,Conductor,Masculino,NO,Sin Registro,Solo Daños,Choque,Impericia en el manejo,Calle 34  Sur Carrera 44,El Portal,Urbana,"(6.173381936, -75.58755438)"
2171133,04/17/2017,6:30 p.m.,Lunes,Automovil,Particular,Conductor,Masculino,NO,Sin Registro,Solo Daños,Choque,Impericia en el manejo,Calle 34  Sur Carrera 44,El Portal,Urbana,"(6.173381936, -75.58755438)"
2171122,04/17/2017,11:40 a.m.,Lunes,Automovil,Particular,Conductor,Femenino,NO,Sin Registro,Solo Daños,Choque,No mantener distancia de seguridad,Calle 39 B Sur Carrera 34 A,Mesa,Urbana,"(6.164803144, -75.58429544)"
2171122,04/17/2017,11:40 a.m.,Lunes,Motocicleta,Particular,Motociclista,Masculino,NO,Sin Registro,Solo Daños,Choque,No mantener distancia de seguridad,Calle 39 B Sur Carrera 34 A,Mesa,Urbana,"(6.164803144, -75.58429544)"
2171116,04/17/2017,7:40 a.m.,Lunes,Automovil,Publico,Conductor,Masculino,NO,Sin Registro,Solo Daños,Choque,No mantener distancia de seguridad,Calle 37  Sur Carrera 50,Las Vegas,Urbana,
2171116,04/17/2017,7:40 a.m.,Lunes,Automovil,Particular,Conductor,Masculino,NO,Sin Registro,Solo Daños,Choque,No mantener distancia de seguridad,Calle 37  Sur Carrera 50,Las Vegas,Urbana,
2171145,04/17/2017,11:45 a.m.,Lunes,Automovil,Diplomatico,Conductor,Femenino,NO,Sin Registro,Solo Daños,Choque,No mantener distancia de seguridad,Diagonal 32 D Transversal 34 D Sur,Los Naranjos,Urbana,"(6.172908151, -75.58314442)"
2171145,04/17/2017,11:45 a.m.,Lunes,Automovil,Particular,Conductor,Masculino,NO,Sin Registro,Solo Daños,Choque,No mantener distancia de seguridad,Diagonal 32 D Transversal 34 D Sur,Los Naranjos,Urbana,"(6.172908151, -75.58314442)"
2171120,04/17/2017,6:55 a.m.,Lunes,Camioneta,Particular,Conductor,Masculino,NO,Sin Registro,Solo Daños,Choque,Reverso imprudente,Carrera 39 Calle 38  Sur,Zona Centro,Urbana,"(6.168272399, -75.58522092)"
2171120,04/17/2017,6:55 a.m.,Lunes,Automovil,Particular,Conductor,Femenino,NO,Sin Registro,Solo Daños,Choque,Reverso imprudente,Carrera 39 Calle 38  Sur,Zona Centro,Urbana,"(6.168272399, -75.58522092)"
2171119,04/17/2017,7:50 a.m.,Lunes,Automovil,Particular,Conductor,Femenino,NO,Sin Registro,Solo Daños,Choque,No mantener distancia de seguridad,Calle 36 D Sur Carrera 27,Vereda El Escobero,Urbana,"(6.162479576, -75.57022257)"
2171119,04/17/2017,7:50 a.m.,Lunes,Motocicleta,Particular,Motociclista,Masculino,NO,Sin Registro,Solo Daños,Choque,No mantener distancia de seguridad,Calle 36 D Sur Carrera 27,Vereda El Escobero,Urbana,"(6.162479576, -75.57022257)"
2171128,04/18/2017,4:00 p.m.,Martes,Bus,Publico,Conductor,Masculino,NO,Sin Registro,Solo Daños,Choque,Reverso imprudente,Calle 40 A Sur Carrera 27 B,La Mina,Urbana,"(6.151984005, -75.58064483)"
2171130,04/18/2017,6:15 a.m.,Martes,Automovil,Particular,Conductor,Masculino,NO,Sin Registro,Solo Daños,Choque,No mantener distancia de seguridad,Tramo 12 Kilometro  5,Vereda Palmas,Rural,
2171130,04/18/2017,6:15 a.m.,Martes,Automovil,Particular,Conductor,Masculino,NO,Sin Registro,Solo Daños,Choque,No mantener distancia de seguridad,Tramo 12 Kilometro  5,Vereda Palmas,Rural,
2171121,04/18/2017,5:20 a.m.,Martes,Motocicleta,Particular,Motociclista,Masculino,NO,Sin Registro,Herido,Choque,Desobedecer senales,Calle 37  Sur Carrera 36,Mesa,Urbana,"(6.168044613, -75.58323697)"
2171121,04/18/2017,5:20 a.m.,Martes,Bus,Publico,Conductor,Masculino,NO,Sin Registro,Herido,Choque,Desobedecer senales,Calle 37  Sur Carrera 36,Mesa,Urbana,"(6.168044613, -75.58323697)"
2171132,04/18/2017,9:15 a.m.,Martes,Motocicleta,Particular,Motociclista,Masculino,NO,Sin Registro,Solo Daños,Choque,Transitar entre vehiculos,Carrera 48 Calle 49  Sur,Las Vegas,Urbana,"(6.162978079, -75.60240161)"
2171132,04/18/2017,9:15 a.m.,Martes,Motocicleta,Particular,Motociclista,Masculino,NO,Sin Registro,Solo Daños,Choque,Transitar entre vehiculos,Carrera 48 Calle 49  Sur,Las Vegas,Urbana,"(6.162978079, -75.60240161)"
2171135,04/18/2017,2:10 p.m.,Martes,Campero,Particular,Conductor,Femenino,NO,Sin Registro,Solo Daños,Choque,Impericia en el manejo,Calle 37  Sur Carrera 29 A,Manuel Uribe Angel,Urbana,"(6.166159821, -75.58061864)"
2171135,04/18/2017,2:10 p.m.,Martes,Bicicleta,Sin Registro,Ciclista,Masculino,NO,Sin Registro,Solo Daños,Choque,Impericia en el manejo,Calle 37  Sur Carrera 29 A,Manuel Uribe Angel,Urbana,"(6.166159821, -75.58061864)"
2171134,04/18/2017,3:15 p.m.,Martes,Motocicleta,Particular,Motociclista,Masculino,NO,Sin Registro,Solo Daños,Choque,No respetar prelacion,Carrera 29 A Calle 38  Sur,El Chinguí,Urbana,"(6.16496822, -75.58082836)"
2171134,04/18/2017,3:15 p.m.,Martes,Camioneta,Particular,Conductor,Masculino,NO,Sin Registro,Solo Daños,Choque,No respetar prelacion,Carrera 29 A Calle 38  Sur,El Chinguí,Urbana,"(6.16496822, -75.58082836)"
2171418,05/14/2017,4:45 p.m.,Domingo,Automovil,Particular,Conductor,Femenino,NO,Sin Registro,Solo Daños,Choque,Reverso imprudente,Calle 35  Sur Carrera 50,Las Vegas,Urbana,
2171129,04/18/2017,7:20 a.m.,Martes,Automovil,Publico,Conductor,Masculino,NO,Sin Registro,Solo Daños,Choque,Impericia en el manejo,Carrera 48 Calle 37  Sur,Glorieta Peldar,Urbana,"(6.172859211, -75.59276992)"
2171129,04/18/2017,7:20 a.m.,Martes,Motocicleta,Particular,Motociclista,Femenino,NO,Sin Registro,Solo Daños,Choque,Impericia en el manejo,Carrera 48 Calle 37  Sur,Glorieta Peldar,Urbana,"(6.172859211, -75.59276992)"
2171137,04/18/2017,6:20 p.m.,Martes,Automovil,Diplomatico,Conductor,Masculino,NO,Sin Registro,Solo Daños,Choque,Otra,Calle 42  Sur Carrera 50,Las Vegas,Urbana,
2171126,04/18/2017,8:25 a.m.,Martes,Automovil,Particular,Conductor,Masculino,NO,Sin Registro,Herido,Atropello,Impericia en el manejo,Calle 40  Sur Carrera 40,El Dorado,Urbana,"(6.166958927, -75.58785403)"
2171137,04/18/2017,6:20 p.m.,Martes,Camion,Publico,Conductor,Masculino,NO,Sin Registro,Solo Daños,Choque,Otra,Calle 42  Sur Carrera 50,Las Vegas,Urbana,
2171127,04/18/2017,8:50 a.m.,Martes,Camioneta,Particular,Conductor,Masculino,NO,Sin Registro,Solo Daños,Choque,Desobedecer senales,Carrera 42 B Transversal 27 A Sur,La Magnolia,Urbana,"(6.177282566, -75.57983816)"
2171127,04/18/2017,8:50 a.m.,Martes,Motocicleta,Diplomatico,Motociclista,Masculino,NO,Sin Registro,Solo Daños,Choque,No mantener distancia de seguridad,Carrera 42 B Transversal 27 A Sur,La Magnolia,Urbana,"(6.177282566, -75.57983816)"
2171127,04/18/2017,8:50 a.m.,Martes,Motocicleta,Diplomatico,Motociclista,Masculino,NO,Sin Registro,Solo Daños,Choque,Desobedecer senales,Carrera 42 B Transversal 27 A Sur,La Magnolia,Urbana,"(6.177282566, -75.57983816)"
2171127,04/18/2017,8:50 a.m.,Martes,Camioneta,Particular,Conductor,Masculino,NO,Sin Registro,Solo Daños,Choque,No mantener distancia de seguridad,Carrera 42 B Transversal 27 A Sur,La Magnolia,Urbana,"(6.177282566, -75.57983816)"
2171140,04/18/2017,7:52 a.m.,Martes,Camioneta,Publico,Conductor,Masculino,NO,Sin Registro,Herido,Choque,Transitar entre vehiculos,Diagonal 31 C Sur Transversal 34 E Sur,La Sebastiana,Urbana,"(6.172072691, -75.57995837)"
2171140,04/18/2017,7:52 a.m.,Martes,Automovil,Particular,Conductor,Masculino,NO,Sin Registro,Herido,Choque,Transitar entre vehiculos,Diagonal 31 C Sur Transversal 34 E Sur,La Sebastiana,Urbana,"(6.172072691, -75.57995837)"
2171140,04/18/2017,7:52 a.m.,Martes,Motocicleta,Particular,Motociclista,Masculino,NO,Sin Registro,Herido,Choque,Transitar entre vehiculos,Diagonal 31 C Sur Transversal 34 E Sur,La Sebastiana,Urbana,"(6.172072691, -75.57995837)"
2171125,04/18/2017,10:40 p.m.,Martes,Automovil,Particular,Conductor,Masculino,NO,Sin Registro,Solo Daños,Choque,Impericia en el manejo,Carrera 30 Calle 39 B Sur,San Jose,Urbana,"(6.163159855, -75.58189547)"
2171125,04/18/2017,10:40 p.m.,Martes,Motocicleta,Particular,Motociclista,Masculino,NO,Sin Registro,Solo Daños,Choque,Impericia en el manejo,Carrera 30 Calle 39 B Sur,San Jose,Urbana,"(6.163159855, -75.58189547)"
2171146,04/19/2017,7:10 p.m.,Miércoles,Microbus,Publico,Conductor,Masculino,NO,Sin Registro,Solo Daños,Choque,No respetar prelacion,Calle 39  Sur Carrera 43 A,Alcala,Urbana,"(6.169120914, -75.58953036)"
2171146,04/19/2017,7:10 p.m.,Miércoles,Camioneta,Particular,Conductor,Masculino,NO,Sin Registro,Solo Daños,Choque,No respetar prelacion,Calle 39  Sur Carrera 43 A,Alcala,Urbana,"(6.169120914, -75.58953036)"
2171151,04/19/2017,7:15 a.m.,Miércoles,Automovil,Particular,Conductor,Femenino,NO,Sin Registro,Solo Daños,Choque,No mantener distancia de seguridad,Calle 50  Sur Carrera 48,Las Vegas,Urbana,
2171151,04/19/2017,7:15 a.m.,Miércoles,Camioneta,Particular,Conductor,Femenino,NO,Sin Registro,Solo Daños,Choque,No mantener distancia de seguridad,Calle 50  Sur Carrera 48,Las Vegas,Urbana,
2171149,04/19/2017,9:20 a.m.,Miércoles,Bus,Publico,Conductor,Masculino,NO,Sin Registro,Solo Daños,Choque,Transitar entre vehiculos,Calle 41 B Sur Carrera 24 DD,San Rafael,Urbana,"(6.153176934, -75.58760244)"
2171149,04/19/2017,9:20 a.m.,Miércoles,Motocicleta,Particular,Motociclista,Masculino,NO,Sin Registro,Solo Daños,Choque,Transitar entre vehiculos,Calle 41 B Sur Carrera 24 DD,San Rafael,Urbana,"(6.153176934, -75.58760244)"
2171142,04/19/2017,5:15 p.m.,Miércoles,Microbus,Publico,Conductor,Masculino,NO,Sin Registro,Solo Daños,Choque,Adelantar invadiendo carril del mismo sentido en zigzag,Calle 25  Sur Carrera 46,Villa Grande,Urbana,"(6.183044029, -75.5826185)"
2171142,04/19/2017,5:15 p.m.,Miércoles,Campero,Particular,Conductor,Masculino,NO,Sin Registro,Solo Daños,Choque,Adelantar invadiendo carril del mismo sentido en zigzag,Calle 25  Sur Carrera 46,Villa Grande,Urbana,"(6.183044029, -75.5826185)"
2171150,04/19/2017,12:25 p.m.,Miércoles,Microbus,Publico,Conductor,Masculino,NO,Sin Registro,Solo Daños,Choque,Impericia en el manejo,Transversal 31  Sur Diagonal 32 D,La Magnolia,Urbana,"(6.176477274, -75.5843757)"
2171150,04/19/2017,12:25 p.m.,Miércoles,Automovil,Particular,Conductor,Masculino,NO,Sin Registro,Solo Daños,Choque,Impericia en el manejo,Transversal 31  Sur Diagonal 32 D,La Magnolia,Urbana,"(6.176477274, -75.5843757)"
2171143,04/19/2017,6:30 p.m.,Miércoles,Automovil,Particular,Conductor,Femenino,NO,Sin Registro,Solo Daños,Choque,No mantener distancia de seguridad,Calle 21  Sur Carrera 44,Zuñiga,Urbana,
2171143,04/19/2017,6:30 p.m.,Miércoles,Automovil,Particular,Conductor,Masculino,NO,Sin Registro,Solo Daños,Choque,No mantener distancia de seguridad,Calle 21  Sur Carrera 44,Zuñiga,Urbana,
2171165,04/19/2017,1:40 p.m.,Miércoles,Automovil,Particular,Conductor,Masculino,NO,Sin Registro,Herido,Choque,Desobedecer senales,Calle 50  Sur Carrera 48,Las Casitas,Urbana,
2171165,04/19/2017,1:40 p.m.,Miércoles,Motocicleta,Particular,Motociclista,Masculino,NO,Sin Registro,Herido,Choque,Desobedecer senales,Calle 50  Sur Carrera 48,Las Casitas,Urbana,
2171144,04/19/2017,6:50 a.m.,Miércoles,Automovil,Particular,Conductor,Masculino,NO,Sin Registro,Solo Daños,Choque,Impericia en el manejo,Calle 33 B Sur Carrera 48,Las Vegas,Urbana,"(6.172981087, -75.58607623)"
2171144,04/19/2017,6:50 a.m.,Miércoles,Automovil,Publico,Conductor,Masculino,NO,Sin Registro,Solo Daños,Choque,Impericia en el manejo,Calle 33 B Sur Carrera 48,Las Vegas,Urbana,"(6.172981087, -75.58607623)"
2171147,04/19/2017,3:45 p.m.,Miércoles,Automovil,Particular,Conductor,Masculino,NO,Sin Registro,Solo Daños,Choque,No mantener distancia de seguridad,Tramo 372 Kilometro  9,Vereda Palmas,Rural,
2171147,04/19/2017,3:45 p.m.,Miércoles,Camion,Particular,Conductor,Masculino,NO,Sin Registro,Solo Daños,Choque,No mantener distancia de seguridad,Tramo 372 Kilometro  9,Vereda Palmas,Rural,
2171163,04/19/2017,4:45 p.m.,Miércoles,Camioneta,Particular,Conductor,Masculino,NO,Sin Registro,Herido,Atropello,Reverso imprudente,Calle 36 D Sur Carrera 27,Vereda El Escobero,Urbana,"(6.162479576, -75.57022257)"
2171156,04/20/2017,9:00 a.m.,Jueves,Automovil,Particular,Conductor,Femenino,NO,Sin Registro,Solo Daños,Choque,Otra,Calle 37 D Sur Carrera 27 D,El Chocho,Urbana,
2171156,04/20/2017,9:00 a.m.,Jueves,Automovil,Particular,Conductor,Femenino,NO,Sin Registro,Solo Daños,Choque,Otra,Calle 37 D Sur Carrera 27 D,El Chocho,Urbana,
2171160,04/20/2017,5:00 p.m.,Jueves,Automovil,Particular,Conductor,Masculino,NO,Sin Registro,Solo Daños,Choque,No mantener distancia de seguridad,Tramo 12 Kilometro  6,Vereda Palmas,Rural,
2171160,04/20/2017,5:00 p.m.,Jueves,Buseta,Publico,Conductor,Masculino,NO,Sin Registro,Solo Daños,Choque,No mantener distancia de seguridad,Tramo 12 Kilometro  6,Vereda Palmas,Rural,
2171160,04/20/2017,5:00 p.m.,Jueves,Automovil,Particular,Conductor,Femenino,NO,Sin Registro,Solo Daños,Choque,No mantener distancia de seguridad,Tramo 12 Kilometro  6,Vereda Palmas,Rural,
2171153,04/20/2017,10:00 a.m.,Jueves,Bus,Publico,Conductor,Masculino,NO,Sin Registro,Herido,Caida Ocupante,Impericia en el manejo,Calle 38 A Sur Carrera 41,Zona Centro,Urbana,"(6.168560755, -75.58701537)"
2171157,04/20/2017,7:30 p.m.,Jueves,Automovil,Particular,Conductor,Femenino,NO,Sin Registro,Solo Daños,Choque,Impericia en el manejo,Carrera 27 Calle 37  Sur,El Chocho,Urbana,"(6.159249048, -75.57378931)"
2171157,04/20/2017,7:30 p.m.,Jueves,Campero,Particular,Conductor,Masculino,NO,Sin Registro,Solo Daños,Choque,Impericia en el manejo,Carrera 27 Calle 37  Sur,El Chocho,Urbana,"(6.159249048, -75.57378931)"
2171192,04/20/2017,7:10 a.m.,Jueves,Automovil,Particular,Conductor,Masculino,NO,Sin Registro,Solo Daños,Choque,Impericia en el manejo,Tramo 372 Kilometro  17,Vereda Palmas,Rural,
2171192,04/20/2017,7:10 a.m.,Jueves,Camioneta,Particular,Conductor,Masculino,NO,Sin Registro,Solo Daños,Choque,Impericia en el manejo,Tramo 372 Kilometro  17,Vereda Palmas,Rural,
2171159,04/20/2017,11:10 a.m.,Jueves,Automovil,Publico,Conductor,Masculino,NO,Sin Registro,Solo Daños,Choque,No mantener distancia de seguridad,Tramo 12 Kilometro  7,Vereda Palmas,Rural,
2171159,04/20/2017,11:10 a.m.,Jueves,Automovil,Particular,Conductor,Femenino,NO,Sin Registro,Solo Daños,Choque,No mantener distancia de seguridad,Tramo 12 Kilometro  7,Vereda Palmas,Rural,
2171190,04/20/2017,7:50 p.m.,Jueves,Motocicleta,Diplomatico,Motociclista,Masculino,NO,Sin Registro,Solo Daños,Choque,No mantener distancia de seguridad,Calle 37  Sur Carrera 43,Zona Centro,Urbana,"(6.170662973, -75.58744852)"
2171419,05/14/2017,1:55 p.m.,Domingo,Campero,Particular,Conductor,Femenino,NO,Sin Registro,Solo Daños,Choque,Reverso imprudente,Tramo 12 Kilometro  12,Vereda Palmas,Rural,
2171190,04/20/2017,7:50 p.m.,Jueves,Automovil,Publico,Conductor,Masculino,NO,Sin Registro,Solo Daños,Choque,No mantener distancia de seguridad,Calle 37  Sur Carrera 43,Zona Centro,Urbana,"(6.170662973, -75.58744852)"
2171154,04/20/2017,10:10 a.m.,Jueves,Automovil,Particular,Conductor,Masculino,NO,Sin Registro,Solo Daños,Choque,No mantener distancia de seguridad,Carrera 43 A Calle 31  Sur,Avenida El Poblado,Urbana,"(6.176754685, -75.58546897)"
2171193,04/20/2017,8:00 p.m.,Jueves,Automovil,Publico,Conductor,Masculino,NO,Sin Registro,Solo Daños,Choque,No mantener distancia de seguridad,Calle 39 B Sur Carrera 29 A,San Jose,Urbana,"(6.163042511, -75.58152744)"
2171193,04/20/2017,8:00 p.m.,Jueves,Camioneta,Particular,Conductor,Masculino,NO,Sin Registro,Solo Daños,Choque,No mantener distancia de seguridad,Calle 39 B Sur Carrera 29 A,San Jose,Urbana,"(6.163042511, -75.58152744)"
2171154,04/20/2017,10:10 a.m.,Jueves,Bus,Publico,Conductor,Masculino,NO,Sin Registro,Solo Daños,Choque,No mantener distancia de seguridad,Carrera 43 A Calle 31  Sur,Avenida El Poblado,Urbana,"(6.176754685, -75.58546897)"
2171155,04/20/2017,12:20 p.m.,Jueves,Camioneta,Particular,Conductor,Masculino,NO,Sin Registro,Solo Daños,Choque,Reverso imprudente,Carrera 39 Calle 35  Sur,Zona Centro,Urbana,"(6.170244983, -75.5839415)"
2171155,04/20/2017,12:20 p.m.,Jueves,Volqueta,Publico,Conductor,Masculino,NO,Sin Registro,Solo Daños,Choque,Reverso imprudente,Carrera 39 Calle 35  Sur,Zona Centro,Urbana,"(6.170244983, -75.5839415)"
2171148,04/20/2017,4:20 p.m.,Jueves,Motocicleta,Particular,Motociclista,Masculino,NO,Sin Registro,Solo Daños,Choque,Transitar entre vehiculos,Diagonal 31 Transversal 34 D Sur,Manuel Uribe Angel,Urbana,"(6.17201459, -75.57921611)"
2171148,04/20/2017,4:20 p.m.,Jueves,Automovil,Particular,Conductor,Masculino,NO,Sin Registro,Solo Daños,Choque,Transitar entre vehiculos,Diagonal 31 Transversal 34 D Sur,Manuel Uribe Angel,Urbana,"(6.17201459, -75.57921611)"
2171959,04/20/2017,3:30 p.m.,Jueves,Automovil,Publico,Conductor,Masculino,NO,Sin Registro,Solo Daños,Choque,Otra,Calle 45 C Sur Carrera 39 DD,Sin Registro,Urbana,"(6.16131154, -75.59174177)"
2171959,04/20/2017,3:30 p.m.,Jueves,Automovil,Particular,Conductor,Masculino,NO,Sin Registro,Solo Daños,Choque,Otra,Calle 45 C Sur Carrera 39 DD,Sin Registro,Urbana,"(6.16131154, -75.59174177)"
2171179,04/20/2017,7:40 a.m.,Jueves,Microbus,Publico,Conductor,Femenino,NO,Sin Registro,Solo Daños,Choque,No mantener distancia de seguridad,Carrera 50 Calle 32 B Sur,Las Vegas,Urbana,"(6.178248378, -75.59168828)"
2171179,04/20/2017,7:40 a.m.,Jueves,Automovil,Particular,Conductor,Femenino,NO,Sin Registro,Solo Daños,Choque,No mantener distancia de seguridad,Carrera 50 Calle 32 B Sur,Las Vegas,Urbana,"(6.178248378, -75.59168828)"
2171191,04/20/2017,2:40 p.m.,Jueves,Automovil,Particular,Conductor,Masculino,NO,Sin Registro,Solo Daños,Choque,No mantener distancia de seguridad,Calle 50  Sur Carrera 48,Las Vegas,Urbana,
2171191,04/20/2017,2:40 p.m.,Jueves,Automovil,Particular,Conductor,Masculino,NO,Sin Registro,Solo Daños,Choque,No mantener distancia de seguridad,Calle 50  Sur Carrera 48,Las Vegas,Urbana,
2171158,04/20/2017,6:53 a.m.,Jueves,Automovil,Particular,Conductor,Femenino,NO,Sin Registro,Solo Daños,Choque,Impericia en el manejo,Carrera 43 A Calle 48 C Sur,Loma Del Barro,Urbana,"(6.162218777, -75.59764446)"
2171158,04/20/2017,6:53 a.m.,Jueves,Automovil,Particular,Conductor,Femenino,NO,Sin Registro,Solo Daños,Choque,Impericia en el manejo,Carrera 43 A Calle 48 C Sur,Loma Del Barro,Urbana,"(6.162218777, -75.59764446)"
2171152,04/20/2017,5:45 p.m.,Jueves,Motocicleta,Particular,Motociclista,Masculino,NO,Sin Registro,Muerto,Atropello,Transitar entre vehiculos,Calle 37  Sur Carrera 43,Zona Centro,Urbana,"(6.170662973, -75.58744852)"
2171164,04/21/2017,3:00 p.m.,Viernes,Camion,Publico,Conductor,Masculino,NO,Sin Registro,Solo Daños,Choque,Reverso imprudente,Calle 43  Sur Carrera 48,Glorieta De Peldar,Urbana,"(6.168592602, -75.597529)"
2171164,04/21/2017,3:00 p.m.,Viernes,Camion,Publico,Conductor,Masculino,NO,Sin Registro,Solo Daños,Choque,Reverso imprudente,Calle 43  Sur Carrera 48,Glorieta De Peldar,Urbana,"(6.168592602, -75.597529)"
2171161,04/21/2017,7:30 p.m.,Viernes,Automovil,Particular,Conductor,Masculino,NO,Sin Registro,Solo Daños,Choque,Desobedecer senales,Calle 38 B Sur Carrera 47,Alcala,Urbana,"(6.171647318, -75.59259728)"
2171161,04/21/2017,7:30 p.m.,Viernes,Camion,Publico,Conductor,Masculino,NO,Sin Registro,Solo Daños,Choque,Desobedecer senales,Calle 38 B Sur Carrera 47,Alcala,Urbana,"(6.171647318, -75.59259728)"
2171162,04/21/2017,8:00 p.m.,Viernes,Automovil,Particular,Conductor,Masculino,NO,Sin Registro,Solo Daños,Choque,Reverso imprudente,Carrera 49 Calle 46  Sur,Las Vegas,Urbana,"(6.166966077, -75.60088817)"
2171162,04/21/2017,8:00 p.m.,Viernes,Automovil,Particular,Conductor,Masculino,NO,Sin Registro,Solo Daños,Choque,Reverso imprudente,Carrera 49 Calle 46  Sur,Las Vegas,Urbana,"(6.166966077, -75.60088817)"
2171178,04/21/2017,12:15 p.m.,Viernes,Automovil,Particular,Conductor,Masculino,NO,Sin Registro,Solo Daños,Choque,Desobedecer senales,Calle 40  Sur Carrera 27,San Jose,Urbana,"(6.158366235, -75.58080793)"