RADICADO,FECHA,HORA,DÍA DE LA SEMANA,CLASE DE VEHICULO,TIPO DE SERVICIO,TIPO DE VICTIMA,SEXO,ESTADO DE BEODEZ,RESULTADO DE BEODEZ,GRAVEDAD,CLASE DE ACCIDENTE,CAUSA,DIRECCIÓN,BARRIO,AREA,Coordenadas
2171229,04/26/2017,6:40 a.m.,Miércoles,Automovil,Particular,Conductor,Masculino,NO,Sin Registro,Herido,Choque,Desobedecer senales,Calle 39 B Sur Carrera 36,Mesa,Urbana,"(6.165295179, -75.5850387)"
2171229,04/26/2017,6:40 a.m.,Miércoles,Bicicleta,Sin Registro,Ciclista,Masculino,NO,Sin Registro,Herido,Choque,Desobedecer senales,Calle 39 B Sur Carrera 36,Mesa,Urbana,"(6.165295179, -75.5850387)"
2171234,04/26/2017,3:30 p.m.,Miércoles,Automovil,Publico,Conductor,Masculino,NO,Sin Registro,Solo Daños,Choque,No mantener distancia de seguridad,Tramo 372 Kilometro  11,Vereda Palmas,Rural,
2171224,04/26/2017,9:25 a.m.,Miércoles,Camioneta,Publico,Conductor,Masculino,NO,Sin Registro,Solo Daños,Choque,Adelantar cerrando,Carrera 43 Calle 36  Sur,Zona Centro,Urbana,"(6.171314659, -75.58700753)"
2171224,04/26/2017,9:25 a.m.,Miércoles,Automovil,Particular,Conductor,Masculino,NO,Sin Registro,Solo Daños,Choque,Adelantar cerrando,Carrera 43 Calle 36  Sur,Zona Centro,Urbana,"(6.171314659, -75.58700753)"
2171234,04/26/2017,3:30 p.m.,Miércoles,Automovil,Particular,Conductor,Femenino,NO,Sin Registro,Solo Daños,Choque,No mantener distancia de seguridad,Tramo 372 Kilometro  11,Vereda Palmas,Rural,
2171240,04/26/2017,6:42 a.m.,Miércoles,Automovil,Particular,Conductor,Femenino,NO,Sin Registro,Solo Daños,Choque,No mantener distancia de seguridad,Calle 46  Sur Carrera 46 B,Primavera,Urbana,"(6.165325085, -75.59741757)"
2171240,04/26/2017,6:42 a.m.,Miércoles,Automovil,Particular,Conductor,Femenino,NO,Sin Registro,Solo Daños,Choque,No mantener distancia de seguridad,Calle 46  Sur Carrera 46 B,Primavera,Urbana,"(6.165325085, -75.59741757)"
2171223,04/26/2017,7:30 a.m.,Miércoles,Microbus,Publico,Conductor,Masculino,NO,Sin Registro,Solo Daños,Choque,Desobedecer senales,Carrera 39 Calle 36  Sur,Zona Centro,Urbana,"(6.169632254, -75.58433773)"
2171223,04/26/2017,7:30 a.m.,Miércoles,Motocicleta,Particular,Motociclista,Masculino,NO,Sin Registro,Solo Daños,Choque,Desobedecer senales,Carrera 39 Calle 36  Sur,Zona Centro,Urbana,"(6.169632254, -75.58433773)"
2171266,04/26/2017,6:35 p.m.,Miércoles,Camioneta,Particular,Conductor,Masculino,NO,Sin Registro,Herido,Choque,Exceso de velocidad,Calle 48 F Sur Carrera 42 BB,Loma Del Barro,Urbana,"(6.157476884, -75.59803224)"
2171266,04/26/2017,6:35 p.m.,Miércoles,Automovil,Particular,Conductor,Femenino,NO,Sin Registro,Herido,Choque,Impericia en el manejo,Calle 48 F Sur Carrera 42 BB,Loma Del Barro,Urbana,"(6.157476884, -75.59803224)"
2171266,04/26/2017,6:35 p.m.,Miércoles,Automovil,Particular,Conductor,Femenino,NO,Sin Registro,Herido,Choque,Exceso de velocidad,Calle 48 F Sur Carrera 42 BB,Loma Del Barro,Urbana,"(6.157476884, -75.59803224)"
2171266,04/26/2017,6:35 p.m.,Miércoles,Camioneta,Particular,Conductor,Masculino,NO,Sin Registro,Herido,Choque,Impericia en el manejo,Calle 48 F Sur Carrera 42 BB,Loma Del Barro,Urbana,"(6.157476884, -75.59803224)"
2171214,04/26/2017,10:00 p.m.,Miércoles,Motocicleta,Particular,Motociclista,Masculino,NO,Sin Registro,Herido,Choque,No respetar prelacion,Calle 40  Sur Carrera 24 F,El Salado,Urbana,"(6.151179811, -75.57759933)"
2171214,04/26/2017,10:00 p.m.,Miércoles,Motocicleta,Particular,Motociclista,Masculino,SI,0,Herido,Choque,No respetar prelacion,Calle 40  Sur Carrera 24 F,El Salado,Urbana,"(6.151179811, -75.57759933)"
2171235,04/26/2017,3:50 p.m.,Miércoles,Automovil,Particular,Conductor,Masculino,NO,Sin Registro,Solo Daños,Choque,Desobedecer senales,Calle 37  Sur Carrera 32,Mesa,Urbana,"(6.166691719, -75.58118599)"
2171235,04/26/2017,3:50 p.m.,Miércoles,Motocicleta,Particular,Motociclista,Masculino,NO,Sin Registro,Solo Daños,Choque,Desobedecer senales,Calle 37  Sur Carrera 32,Mesa,Urbana,"(6.166691719, -75.58118599)"
2171243,04/26/2017,5:45 p.m.,Miércoles,Automovil,Publico,Conductor,Masculino,NO,Sin Registro,Solo Daños,Choque,No mantener distancia de seguridad,Calle 38  Sur Carrera 31,Mesa,Urbana,"(6.165577674, -75.58112182)"
2171243,04/26/2017,5:45 p.m.,Miércoles,Camioneta,Particular,Conductor,Masculino,NO,Sin Registro,Solo Daños,Choque,No mantener distancia de seguridad,Calle 38  Sur Carrera 31,Mesa,Urbana,"(6.165577674, -75.58112182)"
2171238,04/27/2017,5:00 p.m.,Jueves,Automovil,Particular,Conductor,Femenino,NO,Sin Registro,Solo Daños,Choque,No mantener distancia de seguridad,Calle 36 D Sur Carrera 27,Vereda El Escobero,Urbana,"(6.162479576, -75.57022257)"
2171238,04/27/2017,5:00 p.m.,Jueves,Buseta,Publico,Conductor,Masculino,NO,Sin Registro,Solo Daños,Choque,No mantener distancia de seguridad,Calle 36 D Sur Carrera 27,Vereda El Escobero,Urbana,"(6.162479576, -75.57022257)"
2171236,04/27/2017,2:00 p.m.,Jueves,Camioneta,Particular,Conductor,Masculino,NO,Sin Registro,Solo Daños,Choque,Reverso imprudente,Carrera 50 Calle 36  Sur,Las Vegas,Urbana,
2171236,04/27/2017,2:00 p.m.,Jueves,Tractocamion,Publico,Conductor,Masculino,NO,Sin Registro,Solo Daños,Choque,Reverso imprudente,Carrera 50 Calle 36  Sur,Las Vegas,Urbana,
2171237,04/27/2017,7:20 p.m.,Jueves,Automovil,Particular,Conductor,Masculino,NO,Sin Registro,Solo Daños,Choque,No mantener distancia de seguridad,Calle 37  Sur Carrera 50,Las Vegas,Urbana,
2171237,04/27/2017,7:20 p.m.,Jueves,Automovil,Particular,Conductor,Femenino,NO,Sin Registro,Solo Daños,Choque,No mantener distancia de seguridad,Calle 37  Sur Carrera 50,Las Vegas,Urbana,
2171239,04/27/2017,1:20 p.m.,Jueves,Automovil,Particular,Conductor,Femenino,NO,Sin Registro,Solo Daños,Choque,Impericia en el manejo,Carrera 50 Calle 39 A Sur,Las Vegas,Urbana,
2171239,04/27/2017,1:20 p.m.,Jueves,Camion,Publico,Conductor,Masculino,NO,Sin Registro,Solo Daños,Choque,Impericia en el manejo,Carrera 50 Calle 39 A Sur,Las Vegas,Urbana,
2171276,04/27/2017,12:30 p.m.,Jueves,Campero,Particular,Conductor,Masculino,NO,Sin Registro,Herido,Choque,Exceso de velocidad,Tramo 371 Kilometro  0,Vereda El Escobero,Rural,
2171250,04/27/2017,9:00 p.m.,Jueves,Bicicleta,Sin Registro,Ciclista,Masculino,NO,Sin Registro,Herido,Choque,Otra,Calle 37  Sur Carrera 48,Las Vegas,Urbana,"(6.17412211, -75.59306111)"
2171250,04/27/2017,9:00 p.m.,Jueves,Motocicleta,Particular,Motociclista,Masculino,NO,Sin Registro,Herido,Choque,Otra,Calle 37  Sur Carrera 48,Las Vegas,Urbana,"(6.17412211, -75.59306111)"
2171233,04/27/2017,5:30 p.m.,Jueves,Campero,Particular,Conductor,Masculino,NO,Sin Registro,Solo Daños,Choque,Semaforo en rojo,Diagonal 31 Transversal 34 D Sur,Las Flores,Urbana,"(6.17201459, -75.57921611)"
2171233,04/27/2017,5:30 p.m.,Jueves,Automovil,Particular,Conductor,Femenino,NO,Sin Registro,Solo Daños,Choque,Semaforo en rojo,Diagonal 31 Transversal 34 D Sur,Las Flores,Urbana,"(6.17201459, -75.57921611)"
2171269,04/27/2017,5:30 p.m.,Jueves,Campero,Particular,Conductor,Masculino,NO,Sin Registro,Solo Daños,Choque,Reverso imprudente,Diagonal 40 Transversal 33  Sur,La Magnolia,Urbana,"(6.173507784, -75.58545751)"
2171269,04/27/2017,5:30 p.m.,Jueves,Motocicleta,Particular,Motociclista,Femenino,NO,Sin Registro,Solo Daños,Choque,Reverso imprudente,Diagonal 40 Transversal 33  Sur,La Magnolia,Urbana,"(6.173507784, -75.58545751)"
2171241,04/27/2017,9:30 p.m.,Jueves,Automovil,Particular,Conductor,Masculino,NO,Sin Registro,Solo Daños,Choque,Impericia en el manejo,Calle 36 A Sur Carrera 26 D,La Inmaculada,Urbana,"(6.167621297, -75.5785241)"
2171241,04/27/2017,9:30 p.m.,Jueves,Motocicleta,Particular,Motociclista,Masculino,NO,Sin Registro,Solo Daños,Choque,Impericia en el manejo,Calle 36 A Sur Carrera 26 D,La Inmaculada,Urbana,"(6.167621297, -75.5785241)"
2171226,04/27/2017,10:35 a.m.,Jueves,Motocicleta,Particular,Motociclista,Femenino,NO,Sin Registro,Muerto,Choque,Exceso de velocidad,Calle 27  Sur Carrera 50,Las Vegas,Urbana,
2171226,04/27/2017,10:35 a.m.,Jueves,Tractocamion,Publico,Conductor,Masculino,NO,Sin Registro,Muerto,Choque,Exceso de velocidad,Calle 27  Sur Carrera 50,Las Vegas,Urbana,
2171263,04/27/2017,12:45 p.m.,Jueves,Camioneta,Publico,Conductor,Masculino,NO,Sin Registro,Solo Daños,Choque,Reverso imprudente,Calle 36 D Sur Carrera 25,Vereda El Escobero,Urbana,"(6.157838588, -75.56652157)"
2171263,04/27/2017,12:45 p.m.,Jueves,Automovil,Particular,Conductor,Masculino,NO,Sin Registro,Solo Daños,Choque,Reverso imprudente,Calle 36 D Sur Carrera 25,Vereda El Escobero,Urbana,"(6.157838588, -75.56652157)"
2171256,04/27/2017,11:45 a.m.,Jueves,Motocicleta,Particular,Motociclista,Masculino,NO,Sin Registro,Solo Daños,Choque,Desobedecer senales,Carrera 43 Calle 40 H Sur,El Dorado,Urbana,"(6.166951299, -75.59088678)"
2171256,04/27/2017,11:45 a.m.,Jueves,Campero,Particular,Conductor,Masculino,NO,Sin Registro,Solo Daños,Choque,Desobedecer senales,Carrera 43 Calle 40 H Sur,El Dorado,Urbana,"(6.166951299, -75.59088678)"
2171267,04/27/2017,10:30 p.m.,Jueves,Motocicleta,Particular,Conductor,Masculino,NO,Sin Registro,Solo Daños,Choque,Impericia en el manejo,Calle 26 A Sur Carrera 42 A,Las Orquideas,Urbana,"(6.177324883, -75.57942368)"
2171267,04/27/2017,10:30 p.m.,Jueves,Camion,Publico,Conductor,Masculino,NO,Sin Registro,Solo Daños,Choque,Impericia en el manejo,Calle 26 A Sur Carrera 42 A,Las Orquideas,Urbana,"(6.177324883, -75.57942368)"
2171267,04/27/2017,10:30 p.m.,Jueves,Automovil,Particular,Conductor,Masculino,NO,Sin Registro,Solo Daños,Choque,Impericia en el manejo,Calle 26 A Sur Carrera 42 A,Las Orquideas,Urbana,"(6.177324883, -75.57942368)"
2171247,04/28/2017,11:00 a.m.,Viernes,Motocicleta,Particular,Motociclista,Masculino,NO,Sin Registro,Solo Daños,Choque,No mantener distancia de seguridad,Carrera 50 Calle 37  Sur,Las Vegas,Urbana,
2171247,04/28/2017,11:00 a.m.,Viernes,Automovil,Publico,Conductor,Masculino,NO,Sin Registro,Solo Daños,Choque,No mantener distancia de seguridad,Carrera 50 Calle 37  Sur,Las Vegas,Urbana,
2171251,04/28/2017,4:00 p.m.,Viernes,Automovil,Publico,Conductor,Masculino,NO,Sin Registro,Solo Daños,Choque,Reverso imprudente,Calle 25  Sur Carrera 43 B,Ponte Vedra,Urbana,"(6.181560189, -75.58201649)"
2171251,04/28/2017,4:00 p.m.,Viernes,Buseta,Publico,Conductor,Masculino,NO,Sin Registro,Solo Daños,Choque,Reverso imprudente,Calle 25  Sur Carrera 43 B,Ponte Vedra,Urbana,"(6.181560189, -75.58201649)"
2171277,04/28/2017,12:00 p.m.,Viernes,Camion,Publico,Conductor,Masculino,NO,Sin Registro,Herido,Atropello,Impericia en el manejo,Calle 38  Sur Carrera 40 A,Zona Centro,Urbana,"(6.169040015, -75.58626825)"
2171254,04/28/2017,4:05 p.m.,Viernes,Campero,Particular,Conductor,Masculino,NO,Sin Registro,Solo Daños,Choque,Impericia en el manejo,Tramo 12 Kilometro  12,Vereda Palmas,Rural,
2171254,04/28/2017,4:05 p.m.,Viernes,Motocicleta,Particular,Motociclista,Masculino,NO,Sin Registro,Solo Daños,Choque,Impericia en el manejo,Tramo 12 Kilometro  12,Vereda Palmas,Rural,
2171286,04/28/2017,6:30 a.m.,Viernes,Microbus,Publico,Conductor,Masculino,NO,Sin Registro,Herido,Choque,No mantener distancia de seguridad,Tramo 372 Kilometro  11,Vereda Palmas,Rural,
2171286,04/28/2017,6:30 a.m.,Viernes,Campero,Particular,Conductor,Masculino,NO,Sin Registro,Herido,Choque,No mantener distancia de seguridad,Tramo 372 Kilometro  11,Vereda Palmas,Rural,
2171296,04/28/2017,12:15 p.m.,Viernes,Sin Registro,Publico,Conductor,Masculino,NO,Sin Registro,Solo Daños,Choque,Impericia en el manejo,Calle 39 B Sur Carrera 25,El Chinguí,Urbana,"(6.154772856, -75.57488615)"
2171296,04/28/2017,12:15 p.m.,Viernes,Microbus,Publico,Conductor,Masculino,NO,Sin Registro,Solo Daños,Choque,Impericia en el manejo,Calle 39 B Sur Carrera 25,El Chinguí,Urbana,"(6.154772856, -75.57488615)"
2171272,04/28/2017,5:45 a.m.,Viernes,Automovil,Publico,Conductor,Masculino,NO,Sin Registro,Solo Daños,Choque,No mantener distancia de seguridad,Calle 40  Sur Carrera 47 A,Alcala,Urbana,"(6.169781261, -75.59498602)"
2171272,04/28/2017,5:45 a.m.,Viernes,Automovil,Particular,Conductor,Masculino,NO,Sin Registro,Solo Daños,Choque,No mantener distancia de seguridad,Calle 40  Sur Carrera 47 A,Alcala,Urbana,"(6.169781261, -75.59498602)"
2171257,04/28/2017,4:30 p.m.,Viernes,Tractocamion,Publico,Conductor,Masculino,NO,Sin Registro,Herido,Choque,Transitar entre vehiculos,Calle 31  Sur Carrera 50,Las Vegas,Urbana,
2171257,04/28/2017,4:30 p.m.,Viernes,Motocicleta,Particular,Motociclista,Masculino,NO,Sin Registro,Herido,Choque,Transitar entre vehiculos,Calle 31  Sur Carrera 50,Las Vegas,Urbana,
2171260,04/28/2017,9:00 p.m.,Viernes,Campero,Particular,Conductor,Femenino,NO,Sin Registro,Solo Daños,Choque,Desobedecer senales,Diagonal 33 Transversal 33  Sur,La Magnolia,Urbana,"(6.173879308, -75.58428383)"
2171260,04/28/2017,9:00 p.m.,Viernes,Automovil,Particular,Conductor,Masculino,NO,Sin Registro,Solo Daños,Choque,Desobedecer senales,Diagonal 33 Transversal 33  Sur,La Magnolia,Urbana,"(6.173879308, -75.58428383)"
2171273,04/28/2017,1:40 p.m.,Viernes,Microbus,Publico,Conductor,Masculino,NO,Sin Registro,Solo Daños,Choque,Adelantar cerrando,Carrera 43 A Calle 38  Sur,Zona Centro,Urbana,"(6.170421178, -75.58859877)"
2171273,04/28/2017,1:40 p.m.,Viernes,Automovil,Publico,Conductor,Masculino,NO,Sin Registro,Solo Daños,Choque,Adelantar cerrando,Carrera 43 A Calle 38  Sur,Zona Centro,Urbana,"(6.170421178, -75.58859877)"
2171253,04/28/2017,5:30 p.m.,Viernes,Automovil,Particular,Conductor,Masculino,NO,Sin Registro,Solo Daños,Choque,No mantener distancia de seguridad,Carrera 50 Calle 36  Sur,Las Vegas,Urbana,
2171253,04/28/2017,5:30 p.m.,Viernes,Motocicleta,Particular,Motociclista,Masculino,NO,Sin Registro,Solo Daños,Choque,No mantener distancia de seguridad,Carrera 50 Calle 36  Sur,Las Vegas,Urbana,
2171246,04/28/2017,6:40 p.m.,Viernes,Motocicleta,Particular,Motociclista,Masculino,NO,Sin Registro,Muerto,Caida Ocupante,Otra,Calle 39  Sur Carrera 50,Las Vegas,Urbana,
2171262,04/28/2017,4:45 p.m.,Viernes,Motocicleta,Particular,Motociclista,Masculino,NO,Sin Registro,Herido,Choque,No respetar prelacion,Calle 38  Sur Carrera 38,Mesa,Urbana,"(6.16803936, -75.58469435)"
2171262,04/28/2017,4:45 p.m.,Viernes,Automovil,Particular,Conductor,Masculino,NO,Sin Registro,Herido,Choque,No respetar prelacion,Calle 38  Sur Carrera 38,Mesa,Urbana,"(6.16803936, -75.58469435)"
2171259,04/28/2017,12:50 p.m.,Viernes,Camion,Publico,Conductor,Masculino,NO,Sin Registro,Solo Daños,Choque,No mantener distancia de seguridad,Calle 37  Sur Carrera 50,Las Vegas,Urbana,
2171259,04/28/2017,12:50 p.m.,Viernes,Automovil,Particular,Conductor,Masculino,NO,Sin Registro,Solo Daños,Choque,No mantener distancia de seguridad,Calle 37  Sur Carrera 50,Las Vegas,Urbana,
2171278,04/29/2017,8:00 a.m.,Sábado,Camioneta,Publico,Conductor,Masculino,NO,Sin Registro,Herido,Choque,Girar bruscamente,Calle 32 B Sur Carrera 48,Las Vegas,Urbana,"(6.177255701, -75.59003137)"
2171278,04/29/2017,8:00 a.m.,Sábado,Camioneta,Particular,Conductor,Masculino,NO,Sin Registro,Herido,Choque,Girar bruscamente,Calle 32 B Sur Carrera 48,Las Vegas,Urbana,"(6.177255701, -75.59003137)"
2171278,04/29/2017,8:00 a.m.,Sábado,Motocicleta,Diplomatico,Motociclista,Masculino,NO,Sin Registro,Herido,Choque,Girar bruscamente,Calle 32 B Sur Carrera 48,Las Vegas,Urbana,"(6.177255701, -75.59003137)"
2171280,04/29/2017,10:00 a.m.,Sábado,Motocicleta,Particular,Motociclista,Femenino,NO,Sin Registro,Herido,Caida Ocupante,No respetar prelacion,Calle 46  Sur Carrera 46 B,Primavera,Urbana,"(6.165325085, -75.59741757)"
2171293,04/29/2017,10:00 a.m.,Sábado,Automovil,Particular,Conductor,Femenino,NO,Sin Registro,Solo Daños,Choque,No mantener distancia de seguridad,Calle 38  Sur Carrera 43 A,Zona Centro,Urbana,"(6.170537577, -75.58862514)"
2171293,04/29/2017,10:00 a.m.,Sábado,Automovil,Publico,Conductor,Masculino,NO,Sin Registro,Solo Daños,Choque,No mantener distancia de seguridad,Calle 38  Sur Carrera 43 A,Zona Centro,Urbana,"(6.170537577, -75.58862514)"
2171271,04/29/2017,12:00 p.m.,Sábado,Camioneta,Particular,Conductor,Femenino,NO,Sin Registro,Solo Daños,Choque,No mantener distancia de seguridad,Tramo 12 Kilometro  13,Vereda Palmas,Rural,
2171271,04/29/2017,12:00 p.m.,Sábado,Automovil,Particular,Conductor,Masculino,NO,Sin Registro,Solo Daños,Choque,No mantener distancia de seguridad,Tramo 12 Kilometro  13,Vereda Palmas,Rural,
2171275,04/29/2017,12:00 p.m.,Sábado,Motocicleta,Particular,Motociclista,Masculino,NO,Sin Registro,Herido,Choque,Impericia en el manejo,Calle 43  Sur Carrera 50,Las Vegas,Urbana,"(6.159203801, -75.60259496)"
2171275,04/29/2017,12:00 p.m.,Sábado,Camioneta,Particular,Conductor,Masculino,NO,Sin Registro,Herido,Choque,Impericia en el manejo,Calle 43  Sur Carrera 50,Las Vegas,Urbana,"(6.159203801, -75.60259496)"
2171255,04/29/2017,11:30 a.m.,Sábado,Automovil,Particular,Conductor,Masculino,NO,Sin Registro,Solo Daños,Choque,No mantener distancia de seguridad,Carrera 41 Calle 35  Sur,Zona Centro,Urbana,"(6.171178893, -75.58531402)"
2171255,04/29/2017,11:30 a.m.,Sábado,Automovil,Particular,Conductor,Femenino,NO,Sin Registro,Solo Daños,Choque,No mantener distancia de seguridad,Carrera 41 Calle 35  Sur,Zona Centro,Urbana,"(6.171178893, -75.58531402)"
2171721,04/29/2017,3:30 p.m.,Sábado,Campero,Particular,Conductor,Femenino,NO,Sin Registro,Solo Daños,Choque,Otra,Calle 37  Sur Carrera 39,Zona Centro,Urbana,"(6.169035546, -75.58484755)"
2171721,04/29/2017,3:30 p.m.,Sábado,Camioneta,Particular,Conductor,Masculino,NO,Sin Registro,Solo Daños,Choque,Otra,Calle 37  Sur Carrera 39,Zona Centro,Urbana,"(6.169035546, -75.58484755)"
2171270,04/29/2017,3:40 p.m.,Sábado,Camion,Publico,Conductor,Masculino,NO,Sin Registro,Solo Daños,Choque,No mantener distancia de seguridad,Calle 37  Sur Carrera 50,Las Vegas,Urbana,
2171270,04/29/2017,3:40 p.m.,Sábado,Automovil,Particular,Conductor,Masculino,NO,Sin Registro,Solo Daños,Choque,No mantener distancia de seguridad,Calle 37  Sur Carrera 50,Las Vegas,Urbana,
2171258,04/29/2017,1:50 p.m.,Sábado,Automovil,Particular,Conductor,Masculino,NO,Sin Registro,Herido,Atropello,Exceso de velocidad,Tramo 372 Kilometro  7,Vereda Palmas,Rural,
2171258,04/29/2017,1:50 p.m.,Sábado,Motocicleta,Particular,Motociclista,Masculino,NO,Sin Registro,Herido,Atropello,Exceso de velocidad,Tramo 372 Kilometro  7,Vereda Palmas,Rural,
2171258,04/29/2017,1:50 p.m.,Sábado,Automovil,Diplomatico,Conductor,Masculino,NO,Sin Registro,Herido,Atropello,Exceso de velocidad,Tramo 372 Kilometro  7,Vereda Palmas,Rural,
2171248,04/29/2017,3:45 p.m.,Sábado,Automovil,Particular,Conductor,Masculino,NO,Sin Registro,Solo Daños,Choque,No mantener distancia de seguridad,Tramo 12 Kilometro  13,Vereda Palmas,Rural,
2171248,04/29/2017,3:45 p.m.,Sábado,Automovil,Particular,Conductor,Femenino,NO,Sin Registro,Solo Daños,Choque,No mantener distancia de seguridad,Tramo 12 Kilometro  13,Vereda Palmas,Rural,
2171279,04/30/2017,3:00 p.m.,Domingo,Motocicleta,Oficial,Motociclista,Masculino,NO,Sin Registro,Herido,Choque,Impericia en el manejo,Calle 39 D Sur Carrera 24 EE,El Salado,Urbana,"(6.154343948, -75.57802149)"
2171279,04/30/2017,3:00 p.m.,Domingo,Bicicleta,Sin Registro,Ciclista,Masculino,NO,Sin Registro,Herido,Choque,Impericia en el manejo,Calle 39 D Sur Carrera 24 EE,El Salado,Urbana,"(6.154343948, -75.57802149)"
2171252,04/30/2017,7:25 p.m.,Domingo,Motocicleta,Particular,Motociclista,Masculino,NO,Sin Registro,Herido,Atropello,Exceso de velocidad,Calle 37  Sur Carrera 35,Mesa,Urbana,"(6.167699744, -75.58270755)"
2171274,04/30/2017,6:10 p.m.,Domingo,Automovil,Particular,Conductor,Masculino,NO,Sin Registro,Solo Daños,Choque,No mantener distancia de seguridad,Tramo 12 Kilometro  7,Vereda Palmas,Rural,
2171274,04/30/2017,6:10 p.m.,Domingo,Automovil,Particular,Conductor,Femenino,NO,Sin Registro,Solo Daños,Choque,No mantener distancia de seguridad,Tramo 12 Kilometro  7,Vereda Palmas,Rural,
2171249,04/30/2017,4:40 a.m.,Domingo,Bus,Publico,Conductor,Masculino,NO,Sin Registro,Herido,Choque,Exceso de velocidad,Calle 25  Sur Carrera 50,Las Vegas,Urbana,
2171249,04/30/2017,4:40 a.m.,Domingo,Automovil,Particular,Conductor,Masculino,NO,Sin Registro,Herido,Choque,Exceso de velocidad,Calle 25  Sur Carrera 50,Las Vegas,Urbana,
2171261,04/30/2017,9:20 p.m.,Domingo,Automovil,Particular,Conductor,Masculino,NO,Sin Registro,Solo Daños,Choque,Exceso de velocidad,Carrera 43 A Calle 50  Sur,Las Casitas,Urbana,"(6.160125495, -75.60207899)"
2171291,01/05/2017,7:45 p.m.,Lunes,Camioneta,Particular,Conductor,Masculino,NO,Sin Registro,Solo Daños,Choque,Otra,Calle 21  Sur Carrera 43 A,Zuñiga,Urbana,"(6.18399286, -75.57959764)"
2171291,01/05/2017,7:45 p.m.,Lunes,Automovil,Particular,Conductor,Masculino,NO,Sin Registro,Solo Daños,Choque,Otra,Calle 21  Sur Carrera 43 A,Zuñiga,Urbana,"(6.18399286, -75.57959764)"
2171291,01/05/2017,7:45 p.m.,Lunes,Motocicleta,Particular,Motociclista,Masculino,NO,Sin Registro,Solo Daños,Choque,Otra,Calle 21  Sur Carrera 43 A,Zuñiga,Urbana,"(6.18399286, -75.57959764)"
2171265,01/05/2017,8:00 p.m.,Lunes,Automovil,Particular,Conductor,Femenino,NO,Sin Registro,Solo Daños,Choque,No mantener distancia de seguridad,Calle 48 C Sur Carrera 42 D,Loma Del Barro,Urbana,"(6.161910694, -75.59685426)"
2171265,01/05/2017,8:00 p.m.,Lunes,Automovil,Particular,Conductor,Masculino,NO,Sin Registro,Solo Daños,Choque,No mantener distancia de seguridad,Calle 48 C Sur Carrera 42 D,Loma Del Barro,Urbana,"(6.161910694, -75.59685426)"
2171264,01/05/2017,4:20 p.m.,Lunes,Automovil,Publico,Conductor,Masculino,NO,Sin Registro,Herido,Atropello,Cruzar sin observar,Calle 46  Sur Carrera 43 A,Primavera,Urbana,"(6.164149951, -75.5959975)"
2171290,01/05/2017,9:15 p.m.,Lunes,Bus,Publico,Conductor,Masculino,NO,Sin Registro,Solo Daños,Choque,No mantener distancia de seguridad,Carrera 39 Calle 38  Sur,Zona Centro,Urbana,"(6.168272399, -75.58522092)"
2171290,01/05/2017,9:15 p.m.,Lunes,Campero,Particular,Conductor,Masculino,NO,Sin Registro,Solo Daños,Choque,No mantener distancia de seguridad,Carrera 39 Calle 38  Sur,Zona Centro,Urbana,"(6.168272399, -75.58522092)"
2171268,01/05/2017,2:40 p.m.,Lunes,Automovil,Publico,Conductor,Masculino,NO,Sin Registro,Solo Daños,Choque,Desobedecer senales,Calle 39  Sur Carrera 47 A,Alcala,Urbana,"(6.171457478, -75.593353)"
2171268,01/05/2017,2:40 p.m.,Lunes,Automovil,Particular,Conductor,Masculino,NO,Sin Registro,Solo Daños,Choque,Desobedecer senales,Calle 39  Sur Carrera 47 A,Alcala,Urbana,"(6.171457478, -75.593353)"
2171297,02/05/2017,7:00 p.m.,Martes,Bicicleta,Sin Registro,Ciclista,Femenino,NO,Sin Registro,Herido,Choque,Otra,Calle 36  Sur Carrera 39,Zona Centro,Urbana,"(6.169751787, -75.58435113)"
2171297,02/05/2017,7:00 p.m.,Martes,Automovil,Particular,Conductor,Masculino,NO,Sin Registro,Herido,Choque,Otra,Calle 36  Sur Carrera 39,Zona Centro,Urbana,"(6.169751787, -75.58435113)"
2171315,02/05/2017,6:10 a.m.,Martes,Bus,Publico,Conductor,Femenino,NO,Sin Registro,Solo Daños,Choque,Desobedecer senales,Calle 36  Sur Transversal 34 DD Sur,Los Naranjos,Urbana,
2171315,02/05/2017,6:10 a.m.,Martes,Automovil,Particular,Conductor,Masculino,NO,Sin Registro,Solo Daños,Choque,Desobedecer senales,Calle 36  Sur Transversal 34 DD Sur,Los Naranjos,Urbana,
2171285,02/05/2017,9:05 a.m.,Martes,Automovil,Publico,Conductor,Masculino,NO,Sin Registro,Solo Daños,Choque,Desobedecer senales,Carrera 42 Calle 35  Sur,Zona Centro,Urbana,"(6.171623749, -75.58604338)"
2171285,02/05/2017,9:05 a.m.,Martes,Camion,Publico,Conductor,Masculino,NO,Sin Registro,Solo Daños,Choque,Desobedecer senales,Carrera 42 Calle 35  Sur,Zona Centro,Urbana,"(6.171623749, -75.58604338)"
2171306,02/05/2017,3:05 p.m.,Martes,Buseta,Publico,Conductor,Masculino,NO,Sin Registro,Solo Daños,Choque,No mantener distancia de seguridad,Calle 38 A Sur Carrera 42,Zona Centro,Urbana,"(6.169022232, -75.58772239)"
2171306,02/05/2017,3:05 p.m.,Martes,Automovil,Particular,Conductor,Masculino,NO,Sin Registro,Solo Daños,Choque,No mantener distancia de seguridad,Calle 38 A Sur Carrera 42,Zona Centro,Urbana,"(6.169022232, -75.58772239)"