RADICADO,FECHA,HORA,DÍA DE LA SEMANA,CLASE DE VEHICULO,TIPO DE SERVICIO,TIPO DE VICTIMA,SEXO,ESTADO DE BEODEZ,RESULTADO DE BEODEZ,GRAVEDAD,CLASE DE ACCIDENTE,CAUSA,DIRECCIÓN,BARRIO,AREA,Coordenadas
2171282,02/05/2017,9:15 a.m.,Martes,Camioneta,Particular,Conductor,Masculino,NO,Sin Registro,Solo Daños,Choque,No mantener distancia de seguridad,Carrera 50 Calle 29  Sur,Las Vegas,Urbana,"(6.182760672, -75.58882785)"
2171282,02/05/2017,9:15 a.m.,Martes,Camioneta,Publico,Conductor,Masculino,NO,Sin Registro,Solo Daños,Choque,No mantener distancia de seguridad,Carrera 50 Calle 29  Sur,Las Vegas,Urbana,"(6.182760672, -75.58882785)"
2171304,02/05/2017,10:15 a.m.,Martes,Automovil,Publico,Conductor,Masculino,NO,Sin Registro,Solo Daños,Choque,Otra,Tramo 372 Kilometro  13,Vereda Palmas,Rural,
2171304,02/05/2017,10:15 a.m.,Martes,Automovil,Particular,Conductor,Masculino,NO,Sin Registro,Solo Daños,Choque,Otra,Tramo 372 Kilometro  13,Vereda Palmas,Rural,
2171304,02/05/2017,10:15 a.m.,Martes,Automovil,Publico,Conductor,Masculino,NO,Sin Registro,Solo Daños,Choque,Otra,Tramo 372 Kilometro  13,Vereda Palmas,Rural,
2171281,02/05/2017,6:40 a.m.,Martes,Camioneta,Particular,Conductor,Femenino,NO,Sin Registro,Solo Daños,Choque,Exceso de velocidad,Tramo 12 Kilometro  12,Vereda Palmas,Rural,
2171314,02/05/2017,8:40 p.m.,Martes,Motocicleta,Particular,Motociclista,Masculino,NO,Sin Registro,Solo Daños,Choque,Adelantar por la derecha,Calle 33 B Sur Carrera 43 A,San Marcos,Urbana,"(6.173429457, -75.58671662)"
2171314,02/05/2017,8:40 p.m.,Martes,Automovil,Particular,Conductor,Masculino,NO,Sin Registro,Solo Daños,Choque,Adelantar por la derecha,Calle 33 B Sur Carrera 43 A,San Marcos,Urbana,"(6.173429457, -75.58671662)"
2171284,02/05/2017,5:20 p.m.,Martes,Automovil,Particular,Conductor,Masculino,NO,Sin Registro,Solo Daños,Choque,No mantener distancia de seguridad,Carrera 48 Calle 50  Sur,Las Vegas,Urbana,
2171284,02/05/2017,5:20 p.m.,Martes,Camioneta,Particular,Conductor,Masculino,NO,Sin Registro,Solo Daños,Choque,No mantener distancia de seguridad,Carrera 48 Calle 50  Sur,Las Vegas,Urbana,
2171292,02/05/2017,5:30 p.m.,Martes,Bus,Publico,Conductor,Masculino,NO,Sin Registro,Solo Daños,Choque,Otra,Diagonal 31 Transversal 36 A Sur,La Magnolia,Urbana,"(6.167967817, -75.58028177)"
2171292,02/05/2017,5:30 p.m.,Martes,Camioneta,Particular,Conductor,Masculino,NO,Sin Registro,Solo Daños,Choque,Otra,Diagonal 31 Transversal 36 A Sur,La Magnolia,Urbana,"(6.167967817, -75.58028177)"
2171295,02/05/2017,11:50 a.m.,Martes,Motocicleta,Diplomatico,Motociclista,Masculino,NO,Sin Registro,Solo Daños,Choque,No mantener distancia de seguridad,Calle 19  Sur Carrera 48,Las Vegas,Urbana,
2171295,02/05/2017,11:50 a.m.,Martes,Camioneta,Particular,Conductor,Femenino,NO,Sin Registro,Solo Daños,Choque,No mantener distancia de seguridad,Calle 19  Sur Carrera 48,Las Vegas,Urbana,
2171288,02/05/2017,3:50 p.m.,Martes,Camion,Publico,Conductor,Masculino,NO,Sin Registro,Solo Daños,Choque,Otra,Carrera 50 Calle 19  Sur,Las Vegas,Urbana,
2171288,02/05/2017,3:50 p.m.,Martes,Camioneta,Publico,Conductor,Masculino,NO,Sin Registro,Solo Daños,Choque,Otra,Carrera 50 Calle 19  Sur,Las Vegas,Urbana,
2171287,02/05/2017,9:50 a.m.,Martes,Automovil,Particular,Conductor,Femenino,NO,Sin Registro,Solo Daños,Choque,No mantener distancia de seguridad,Carrera 48 Calle 45  Sur,El Portal,Urbana,
2171287,02/05/2017,9:50 a.m.,Martes,Motocicleta,Particular,Motociclista,Masculino,NO,Sin Registro,Solo Daños,Choque,No mantener distancia de seguridad,Carrera 48 Calle 45  Sur,El Portal,Urbana,
2171301,03/05/2017,3:30 p.m.,Miércoles,Camioneta,Particular,Conductor,Masculino,NO,Sin Registro,Solo Daños,Choque,No mantener distancia de seguridad,Tramo 12 Kilometro  12,Vereda Palmas,Rural,
2171289,03/05/2017,9:00 a.m.,Miércoles,Automovil,Particular,Conductor,Masculino,NO,Sin Registro,Solo Daños,Choque,No mantener distancia de seguridad,Diagonal 31 Transversal 32 A Sur,Las Flores,Urbana,"(6.174681134, -75.57847104)"
2171289,03/05/2017,9:00 a.m.,Miércoles,Automovil,Particular,Conductor,Masculino,NO,Sin Registro,Solo Daños,Choque,Exceso de velocidad,Diagonal 31 Transversal 32 A Sur,Las Flores,Urbana,"(6.174681134, -75.57847104)"
2171289,03/05/2017,9:00 a.m.,Miércoles,Automovil,Particular,Conductor,Masculino,NO,Sin Registro,Solo Daños,Choque,No mantener distancia de seguridad,Diagonal 31 Transversal 32 A Sur,Las Flores,Urbana,"(6.174681134, -75.57847104)"
2171289,03/05/2017,9:00 a.m.,Miércoles,Automovil,Publico,Conductor,Masculino,NO,Sin Registro,Solo Daños,Choque,Exceso de velocidad,Diagonal 31 Transversal 32 A Sur,Las Flores,Urbana,"(6.174681134, -75.57847104)"
2171289,03/05/2017,9:00 a.m.,Miércoles,Automovil,Publico,Conductor,Masculino,NO,Sin Registro,Solo Daños,Choque,No mantener distancia de seguridad,Diagonal 31 Transversal 32 A Sur,Las Flores,Urbana,"(6.174681134, -75.57847104)"
2171289,03/05/2017,9:00 a.m.,Miércoles,Microbus,Publico,Conductor,Masculino,NO,Sin Registro,Solo Daños,Choque,Exceso de velocidad,Diagonal 31 Transversal 32 A Sur,Las Flores,Urbana,"(6.174681134, -75.57847104)"
2171308,03/05/2017,3:00 p.m.,Miércoles,Automovil,Publico,Conductor,Masculino,NO,Sin Registro,Solo Daños,Choque,Desobedecer senales,Transversal 34 B Sur Diagonal 39,Obrero,Urbana,"(6.17156559, -75.58423932)"
2171289,03/05/2017,9:00 a.m.,Miércoles,Microbus,Publico,Conductor,Masculino,NO,Sin Registro,Solo Daños,Choque,No mantener distancia de seguridad,Diagonal 31 Transversal 32 A Sur,Las Flores,Urbana,"(6.174681134, -75.57847104)"
2171289,03/05/2017,9:00 a.m.,Miércoles,Automovil,Particular,Conductor,Masculino,NO,Sin Registro,Solo Daños,Choque,Exceso de velocidad,Diagonal 31 Transversal 32 A Sur,Las Flores,Urbana,"(6.174681134, -75.57847104)"
2171308,03/05/2017,3:00 p.m.,Miércoles,Automovil,Particular,Conductor,Masculino,NO,Sin Registro,Solo Daños,Choque,Desobedecer senales,Transversal 34 B Sur Diagonal 39,Obrero,Urbana,"(6.17156559, -75.58423932)"
2171305,03/05/2017,7:05 p.m.,Miércoles,Camioneta,Particular,Conductor,Masculino,NO,Sin Registro,Solo Daños,Choque,No respetar prelacion,Calle 37 B Sur Carrera 27 D,Loma De Las Brujas,Urbana,"(6.159428343, -75.57378869)"
2171305,03/05/2017,7:05 p.m.,Miércoles,Automovil,Particular,Conductor,Masculino,NO,Sin Registro,Solo Daños,Choque,No respetar prelacion,Calle 37 B Sur Carrera 27 D,Loma De Las Brujas,Urbana,"(6.159428343, -75.57378869)"
2171307,03/05/2017,12:05 p.m.,Miércoles,Bus,Publico,Conductor,Masculino,NO,Sin Registro,Solo Daños,Choque,Poner en marcha un vehiculo sin precauci,Carrera 49 Calle 37  Sur,Las Vegas,Urbana,
2171307,03/05/2017,12:05 p.m.,Miércoles,Automovil,Particular,Conductor,Masculino,NO,Sin Registro,Solo Daños,Choque,Reverso imprudente,Carrera 49 Calle 37  Sur,Las Vegas,Urbana,
2171307,03/05/2017,12:05 p.m.,Miércoles,Automovil,Particular,Conductor,Masculino,NO,Sin Registro,Solo Daños,Choque,Poner en marcha un vehiculo sin precauci,Carrera 49 Calle 37  Sur,Las Vegas,Urbana,
2171307,03/05/2017,12:05 p.m.,Miércoles,Bus,Publico,Conductor,Masculino,NO,Sin Registro,Solo Daños,Choque,Reverso imprudente,Carrera 49 Calle 37  Sur,Las Vegas,Urbana,
2171302,03/05/2017,5:30 a.m.,Miércoles,Motocicleta,Particular,Motociclista,Masculino,NO,Sin Registro,Solo Daños,Choque,No mantener distancia de seguridad,Carrera 50 Calle 39  Sur,Las Vegas,Urbana,
2171309,03/05/2017,4:15 p.m.,Miércoles,Camioneta,Particular,Conductor,Masculino,NO,Sin Registro,Solo Daños,Choque,No respetar prelacion,Carrera 43 Calle 36  Sur,Zona Centro,Urbana,"(6.171314659, -75.58700753)"
2171309,03/05/2017,4:15 p.m.,Miércoles,Camioneta,Particular,Conductor,Femenino,NO,Sin Registro,Solo Daños,Choque,No respetar prelacion,Carrera 43 Calle 36  Sur,Zona Centro,Urbana,"(6.171314659, -75.58700753)"
2171303,03/05/2017,2:15 p.m.,Miércoles,Motocicleta,Particular,Motociclista,Masculino,NO,Sin Registro,Solo Daños,Choque,No mantener distancia de seguridad,Carrera 43 A Calle 45 A Sur,Avenida El Poblado,Urbana,"(6.165116925, -75.59448316)"
2171303,03/05/2017,2:15 p.m.,Miércoles,Camioneta,Publico,Conductor,Femenino,NO,Sin Registro,Solo Daños,Choque,No mantener distancia de seguridad,Carrera 43 A Calle 45 A Sur,Avenida El Poblado,Urbana,"(6.165116925, -75.59448316)"
2171302,03/05/2017,5:30 a.m.,Miércoles,Automovil,Particular,Conductor,Femenino,NO,Sin Registro,Solo Daños,Choque,No mantener distancia de seguridad,Carrera 50 Calle 39  Sur,Las Vegas,Urbana,
2171301,03/05/2017,3:30 p.m.,Miércoles,Automovil,Particular,Conductor,Femenino,NO,Sin Registro,Solo Daños,Choque,No mantener distancia de seguridad,Tramo 12 Kilometro  12,Vereda Palmas,Rural,
2171300,03/05/2017,10:00 p.m.,Miércoles,Automovil,Particular,Conductor,Femenino,NO,Sin Registro,Solo Daños,Choque,Otra,Carrera 39 A Calle 40 B Sur,El Dorado,Urbana,"(6.164835121, -75.58774424)"
2171300,03/05/2017,10:00 p.m.,Miércoles,Motocicleta,Particular,Motociclista,Masculino,NO,Sin Registro,Solo Daños,Choque,Otra,Carrera 39 A Calle 40 B Sur,El Dorado,Urbana,"(6.164835121, -75.58774424)"
2171294,03/05/2017,10:20 p.m.,Miércoles,Motocicleta,Particular,Motociclista,Masculino,NO,Sin Registro,Herido,Choque,No mantener distancia de seguridad,Diagonal 32 Transversal 35 D Sur,Los Naranjos,Urbana,"(6.168815732, -75.58069242)"
2171294,03/05/2017,10:20 p.m.,Miércoles,Motocicleta,Particular,Motociclista,Masculino,SI,1,Herido,Choque,No mantener distancia de seguridad,Diagonal 32 Transversal 35 D Sur,Los Naranjos,Urbana,"(6.168815732, -75.58069242)"
2171294,03/05/2017,10:20 p.m.,Miércoles,Automovil,Publico,Conductor,Masculino,NO,Sin Registro,Herido,Choque,No mantener distancia de seguridad,Diagonal 32 Transversal 35 D Sur,Los Naranjos,Urbana,"(6.168815732, -75.58069242)"
2171294,03/05/2017,10:20 p.m.,Miércoles,Automovil,Particular,Conductor,Masculino,NO,Sin Registro,Herido,Choque,No mantener distancia de seguridad,Diagonal 32 Transversal 35 D Sur,Los Naranjos,Urbana,"(6.168815732, -75.58069242)"
2171333,03/05/2017,12:50 p.m.,Miércoles,Campero,Diplomatico,Conductor,Masculino,NO,Sin Registro,Solo Daños,Choque,Transitar entre vehiculos,Calle 23  Sur Carrera 43 A,Zuñiga,Urbana,"(6.182706228, -75.58032996)"
2171333,03/05/2017,12:50 p.m.,Miércoles,Motocicleta,Diplomatico,Motociclista,Masculino,NO,Sin Registro,Solo Daños,Choque,Transitar entre vehiculos,Calle 23  Sur Carrera 43 A,Zuñiga,Urbana,"(6.182706228, -75.58032996)"
2171310,04/05/2017,7:00 a.m.,Jueves,Automovil,Particular,Conductor,Femenino,NO,Sin Registro,Herido,Choque,Otra,Calle 39  Sur Carrera 48,Las Vegas,Urbana,"(6.17373153, -75.59688397)"
2171310,04/05/2017,7:00 a.m.,Jueves,Bicicleta,Sin Registro,Ciclista,Masculino,NO,Sin Registro,Herido,Choque,Otra,Calle 39  Sur Carrera 48,Las Vegas,Urbana,"(6.17373153, -75.59688397)"
2171313,04/05/2017,7:05 a.m.,Jueves,Motocicleta,Particular,Motociclista,Masculino,NO,Sin Registro,Solo Daños,Choque,No mantener distancia de seguridad,Tramo 371 Kilometro  1,Vereda El Escobero,Rural,
2171313,04/05/2017,7:05 a.m.,Jueves,Automovil,Particular,Conductor,Masculino,NO,Sin Registro,Solo Daños,Choque,No mantener distancia de seguridad,Tramo 371 Kilometro  1,Vereda El Escobero,Rural,
2171324,04/05/2017,3:10 p.m.,Jueves,Motocicleta,Particular,Motociclista,Masculino,NO,Sin Registro,Solo Daños,Choque,Transitar entre vehiculos,Carrera 43 A Calle 45  Sur,La Paz,Urbana,"(6.165116925, -75.59448316)"
2171324,04/05/2017,3:10 p.m.,Jueves,Automovil,Particular,Conductor,Femenino,NO,Sin Registro,Solo Daños,Choque,Transitar entre vehiculos,Carrera 43 A Calle 45  Sur,La Paz,Urbana,"(6.165116925, -75.59448316)"
2171323,04/05/2017,12:15 p.m.,Jueves,Automovil,Particular,Conductor,Femenino,NO,Sin Registro,Solo Daños,Choque,No respetar prelacion,Carrera 24 Calle 36 D Sur,Vereda El Escobero,Urbana,"(6.168197806, -75.56327057)"
2171323,04/05/2017,12:15 p.m.,Jueves,Camioneta,Particular,Conductor,Masculino,NO,Sin Registro,Solo Daños,Choque,No respetar prelacion,Carrera 24 Calle 36 D Sur,Vereda El Escobero,Urbana,"(6.168197806, -75.56327057)"
2171299,04/05/2017,5:15 p.m.,Jueves,Automovil,Particular,Conductor,Masculino,NO,Sin Registro,Solo Daños,Choque,Adelantar invadiendo carril del mismo sentido en zigzag,Calle 38  Sur Carrera 43 A,Zona Centro,Urbana,"(6.170537577, -75.58862514)"
2171299,04/05/2017,5:15 p.m.,Jueves,Motocicleta,Particular,Motociclista,Masculino,NO,Sin Registro,Solo Daños,Choque,Adelantar invadiendo carril del mismo sentido en zigzag,Calle 38  Sur Carrera 43 A,Zona Centro,Urbana,"(6.170537577, -75.58862514)"
2171298,04/05/2017,3:30 p.m.,Jueves,Automovil,Particular,Conductor,Masculino,NO,Sin Registro,Herido,Atropello,Otra,Calle 40  Sur Carrera 26 A,San Jose,Urbana,"(6.157906817, -75.58071457)"
2171318,04/05/2017,3:30 p.m.,Jueves,Bus,Publico,Conductor,Masculino,NO,Sin Registro,Herido,Choque,No respetar prelacion,Calle 39  Sur Carrera 27 B,El Chinguí,Urbana,"(6.159217585, -75.57883462)"
2171318,04/05/2017,3:30 p.m.,Jueves,Bicicleta,Sin Registro,Ciclista,Masculino,NO,Sin Registro,Herido,Choque,No respetar prelacion,Calle 39  Sur Carrera 27 B,El Chinguí,Urbana,"(6.159217585, -75.57883462)"
2171312,04/05/2017,1:50 p.m.,Jueves,Motocicleta,Particular,Motociclista,Masculino,NO,Sin Registro,Solo Daños,Choque,Desobedecer senales,Calle 38  Sur Carrera 38,Mesa,Urbana,"(6.16803936, -75.58469435)"
2171312,04/05/2017,1:50 p.m.,Jueves,Camioneta,Particular,Conductor,Masculino,NO,Sin Registro,Solo Daños,Choque,Desobedecer senales,Calle 38  Sur Carrera 38,Mesa,Urbana,"(6.16803936, -75.58469435)"
2171322,04/05/2017,2:50 p.m.,Jueves,Motocicleta,Particular,Motociclista,Femenino,NO,Sin Registro,Solo Daños,Choque,Desobedecer senales,Carrera 39 Calle 47 A Sur,Alcala,Urbana,"(6.157045388, -75.59319313)"
2171322,04/05/2017,2:50 p.m.,Jueves,Automovil,Publico,Conductor,Masculino,NO,Sin Registro,Solo Daños,Choque,Desobedecer senales,Carrera 39 Calle 47 A Sur,Alcala,Urbana,"(6.157045388, -75.59319313)"
2171311,04/05/2017,5:44 p.m.,Jueves,Automovil,Particular,Conductor,Masculino,NO,Sin Registro,Herido,Choque,No mantener distancia de seguridad,Tramo 372 Kilometro  12,Vereda Palmas,Rural,
2171311,04/05/2017,5:44 p.m.,Jueves,Motocicleta,Particular,Motociclista,Masculino,NO,Sin Registro,Herido,Choque,No mantener distancia de seguridad,Tramo 372 Kilometro  12,Vereda Palmas,Rural,
2171321,04/05/2017,6:55 p.m.,Jueves,Automovil,Particular,Conductor,Masculino,NO,Sin Registro,Herido,Choque,Otra,Calle 46  Sur Carrera 46,Primavera,Urbana,"(6.164633401, -75.59668961)"
2171321,04/05/2017,6:55 p.m.,Jueves,Automovil,Particular,Conductor,Femenino,NO,Sin Registro,Herido,Choque,Otra,Calle 46  Sur Carrera 46,Primavera,Urbana,"(6.164633401, -75.59668961)"
2171321,04/05/2017,6:55 p.m.,Jueves,Microbus,Publico,Conductor,Femenino,NO,Sin Registro,Herido,Choque,Otra,Calle 46  Sur Carrera 46,Primavera,Urbana,"(6.164633401, -75.59668961)"
2171326,05/05/2017,2:00 p.m.,Viernes,Campero,Particular,Conductor,Masculino,NO,Sin Registro,Solo Daños,Choque,Reverso imprudente,Carrera 48 Calle 2 B Sur,Glorieta De Peldar,Urbana,
2171326,05/05/2017,2:00 p.m.,Viernes,Campero,Particular,Conductor,Femenino,NO,Sin Registro,Solo Daños,Choque,Reverso imprudente,Carrera 48 Calle 2 B Sur,Glorieta De Peldar,Urbana,
2171351,05/05/2017,7:45 p.m.,Viernes,Bus,Publico,Conductor,Masculino,NO,Sin Registro,Solo Daños,Choque,Adelantar cerrando,Transversal 32 A Sur Diagonal 32 B,La Magnolia,Urbana,"(6.175421467, -75.58335367)"
2171351,05/05/2017,7:45 p.m.,Viernes,Automovil,Publico,Conductor,Masculino,NO,Sin Registro,Solo Daños,Choque,Adelantar cerrando,Transversal 32 A Sur Diagonal 32 B,La Magnolia,Urbana,"(6.175421467, -75.58335367)"
2171316,05/05/2017,11:10 a.m.,Viernes,Bus,Publico,Conductor,Masculino,NO,Sin Registro,Solo Daños,Choque,Impericia en el manejo,Calle 34  Sur Carrera 43 A,Las Vegas,Urbana,"(6.173041737, -75.58696982)"
2171316,05/05/2017,11:10 a.m.,Viernes,Camion,Publico,Conductor,Masculino,NO,Sin Registro,Solo Daños,Choque,Impericia en el manejo,Calle 34  Sur Carrera 43 A,Las Vegas,Urbana,"(6.173041737, -75.58696982)"
2171332,05/05/2017,2:10 p.m.,Viernes,Automovil,Diplomatico,Conductor,Femenino,NO,Sin Registro,Solo Daños,Choque,No mantener distancia de seguridad,Calle 37  Sur Carrera 29 A,La Magnolia,Urbana,"(6.166159821, -75.58061864)"
2171332,05/05/2017,2:10 p.m.,Viernes,Camioneta,Publico,Conductor,Masculino,NO,Sin Registro,Solo Daños,Choque,No mantener distancia de seguridad,Calle 37  Sur Carrera 29 A,La Magnolia,Urbana,"(6.166159821, -75.58061864)"
2171327,05/05/2017,5:10 p.m.,Viernes,Camioneta,Particular,Conductor,Masculino,NO,Sin Registro,Solo Daños,Choque,Transitar entre vehiculos,Calle 37  Sur Carrera 43,Zona Centro,Urbana,"(6.170662973, -75.58744852)"
2171327,05/05/2017,5:10 p.m.,Viernes,Motocicleta,Particular,Motociclista,Femenino,NO,Sin Registro,Solo Daños,Choque,Transitar entre vehiculos,Calle 37  Sur Carrera 43,Zona Centro,Urbana,"(6.170662973, -75.58744852)"
2171334,05/05/2017,11:30 a.m.,Viernes,Camion,Publico,Conductor,Masculino,NO,Sin Registro,Solo Daños,Choque,Adelantar cerrando,Carrera 43 A Calle 34  Sur,Zona Centro,Urbana,"(6.172927746, -75.586944)"
2171334,05/05/2017,11:30 a.m.,Viernes,Automovil,Particular,Conductor,Femenino,NO,Sin Registro,Solo Daños,Choque,Adelantar cerrando,Carrera 43 A Calle 34  Sur,Zona Centro,Urbana,"(6.172927746, -75.586944)"
2171331,05/05/2017,5:20 p.m.,Viernes,Camioneta,Publico,Conductor,Masculino,NO,Sin Registro,Solo Daños,Choque,No mantener distancia de seguridad,Calle 43  Sur Carrera 50,Las Vegas,Urbana,"(6.159203801, -75.60259496)"
2171331,05/05/2017,5:20 p.m.,Viernes,Automovil,Particular,Conductor,Masculino,NO,Sin Registro,Solo Daños,Choque,No mantener distancia de seguridad,Calle 43  Sur Carrera 50,Las Vegas,Urbana,"(6.159203801, -75.60259496)"
2171325,05/05/2017,2:30 p.m.,Viernes,Automovil,Particular,Conductor,Femenino,NO,Sin Registro,Solo Daños,Choque,No mantener distancia de seguridad,Calle 36  Sur Carrera 27 A,La Inmaculada,Urbana,"(6.167592229, -75.57065459)"
2171325,05/05/2017,2:30 p.m.,Viernes,Automovil,Particular,Conductor,Masculino,NO,Sin Registro,Solo Daños,Choque,No mantener distancia de seguridad,Calle 36  Sur Carrera 27 A,La Inmaculada,Urbana,"(6.167592229, -75.57065459)"
2171336,05/05/2017,9:00 p.m.,Viernes,Automovil,Publico,Conductor,Masculino,NO,Sin Registro,Solo Daños,Choque,Desobedecer senales,Carrera 48 Calle 27 A Sur,Las Vegas,Urbana,"(6.181312425, -75.58688511)"
2171336,05/05/2017,9:00 p.m.,Viernes,Automovil,Publico,Conductor,Masculino,NO,Sin Registro,Solo Daños,Choque,Desobedecer senales,Carrera 48 Calle 27 A Sur,Las Vegas,Urbana,"(6.181312425, -75.58688511)"
2171328,05/05/2017,3:40 p.m.,Viernes,Automovil,Diplomatico,Conductor,Masculino,NO,Sin Registro,Solo Daños,Choque,Transitar entre vehiculos,Carrera 42 Calle 40 DD Sur,El Dorado,Urbana,"(6.166161402, -75.58977289)"
2171328,05/05/2017,3:40 p.m.,Viernes,Campero,Particular,Conductor,Masculino,NO,Sin Registro,Solo Daños,Choque,Transitar entre vehiculos,Carrera 42 Calle 40 DD Sur,El Dorado,Urbana,"(6.166161402, -75.58977289)"
2171328,05/05/2017,3:40 p.m.,Viernes,Motocicleta,Diplomatico,Motociclista,Masculino,NO,Sin Registro,Solo Daños,Choque,Transitar entre vehiculos,Carrera 42 Calle 40 DD Sur,El Dorado,Urbana,"(6.166161402, -75.58977289)"
2171330,05/05/2017,9:30 p.m.,Viernes,Automovil,Publico,Conductor,Masculino,NO,Sin Registro,Solo Daños,Choque,Girar bruscamente,Carrera 27 Calle 36  Sur,La Inmaculada,Urbana,"(6.167009975, -75.56927808)"
2171330,05/05/2017,9:30 p.m.,Viernes,Automovil,Particular,Conductor,Masculino,NO,Sin Registro,Solo Daños,Choque,Adelantar en zona prohibida,Carrera 27 Calle 36  Sur,La Inmaculada,Urbana,"(6.167009975, -75.56927808)"
2171330,05/05/2017,9:30 p.m.,Viernes,Automovil,Particular,Conductor,Masculino,NO,Sin Registro,Solo Daños,Choque,Girar bruscamente,Carrera 27 Calle 36  Sur,La Inmaculada,Urbana,"(6.167009975, -75.56927808)"
2171330,05/05/2017,9:30 p.m.,Viernes,Automovil,Publico,Conductor,Masculino,NO,Sin Registro,Solo Daños,Choque,Adelantar en zona prohibida,Carrera 27 Calle 36  Sur,La Inmaculada,Urbana,"(6.167009975, -75.56927808)"
2171317,05/05/2017,2:40 p.m.,Viernes,Automovil,Particular,Conductor,Masculino,NO,Sin Registro,Herido,Atropello,Reverso imprudente,Calle 39  Sur Carrera 25 B,El Chinguí,Urbana,"(6.157563812, -75.57922413)"
2171337,05/05/2017,6:55 a.m.,Viernes,Automovil,Particular,Conductor,Masculino,NO,Sin Registro,Solo Daños,Choque,No mantener distancia de seguridad,Carrera 43 A Calle 45  Sur,Avenida El Poblado,Urbana,"(6.165116925, -75.59448316)"
2171337,05/05/2017,6:55 a.m.,Viernes,Automovil,Publico,Conductor,Masculino,NO,Sin Registro,Solo Daños,Choque,No mantener distancia de seguridad,Carrera 43 A Calle 45  Sur,Avenida El Poblado,Urbana,"(6.165116925, -75.59448316)"
2171329,05/05/2017,11:20 p.m.,Viernes,Automovil,Publico,Conductor,Masculino,NO,Sin Registro,Solo Daños,Choque,No respetar pelacion de interseccion o giros,Calle 40  Sur Carrera 43 A,Alcala,Urbana,"(6.167965983, -75.59024215)"
2171329,05/05/2017,11:20 p.m.,Viernes,Automovil,Particular,Conductor,Masculino,NO,Sin Registro,Solo Daños,Choque,No respetar pelacion de interseccion o giros,Calle 40  Sur Carrera 43 A,Alcala,Urbana,"(6.167965983, -75.59024215)"
2171347,06/05/2017,12:04 p.m.,Sábado,Automovil,Publico,Conductor,Masculino,NO,Sin Registro,Solo Daños,Choque,Adelantar cerrando,Calle 36  Sur Carrera 27,El Chocho,Urbana,"(6.167154903, -75.56933697)"
2171347,06/05/2017,12:04 p.m.,Sábado,Campero,Particular,Conductor,Masculino,NO,Sin Registro,Solo Daños,Choque,Adelantar cerrando,Calle 36  Sur Carrera 27,El Chocho,Urbana,"(6.167154903, -75.56933697)"
2171338,06/05/2017,3:10 p.m.,Sábado,Camioneta,Particular,Conductor,Masculino,NO,Sin Registro,Solo Daños,Choque,No mantener distancia de seguridad,Carrera 41 Calle 21  Sur,El Esmeraldal,Urbana,"(6.182090327, -75.57670346)"
2171338,06/05/2017,3:10 p.m.,Sábado,Automovil,Particular,Conductor,Masculino,NO,Sin Registro,Solo Daños,Choque,No mantener distancia de seguridad,Carrera 41 Calle 21  Sur,El Esmeraldal,Urbana,"(6.182090327, -75.57670346)"
2171338,06/05/2017,3:10 p.m.,Sábado,Automovil,Particular,Conductor,Masculino,NO,Sin Registro,Solo Daños,Choque,No mantener distancia de seguridad,Carrera 41 Calle 21  Sur,El Esmeraldal,Urbana,"(6.182090327, -75.57670346)"
2171350,07/05/2017,12:30 p.m.,Domingo,Automovil,Particular,Conductor,Masculino,SI,3,Solo Daños,Choque,Embriaguez o droga,Carrera 47 Calle 38 A Sur,Alcala,Urbana,"(6.1715299, -75.59258954)"
2171355,06/05/2017,11:15 a.m.,Sábado,Automovil,Particular,Conductor,Masculino,NO,Sin Registro,Solo Daños,Choque,No mantener distancia de seguridad,Carrera 48 Calle 32  Sur,Las Vegas,Urbana,"(6.177503621, -75.58948538)"
2171355,06/05/2017,11:15 a.m.,Sábado,Campero,Particular,Conductor,Masculino,NO,Sin Registro,Solo Daños,Choque,No mantener distancia de seguridad,Carrera 48 Calle 32  Sur,Las Vegas,Urbana,"(6.177503621, -75.58948538)"
2171362,06/05/2017,11:15 a.m.,Sábado,Automovil,Particular,Conductor,Femenino,NO,Sin Registro,Solo Daños,Choque,No mantener distancia de seguridad,Carrera 48 Calle 27 A Sur,Las Vegas,Urbana,"(6.181312425, -75.58688511)"
2171362,06/05/2017,11:15 a.m.,Sábado,Campero,Particular,Conductor,Masculino,NO,Sin Registro,Solo Daños,Choque,No mantener distancia de seguridad,Carrera 48 Calle 27 A Sur,Las Vegas,Urbana,"(6.181312425, -75.58688511)"
2171363,06/05/2017,10:10 a.m.,Sábado,Automovil,Publico,Conductor,Masculino,NO,Sin Registro,Herido,Choque,Exceso de velocidad,Tramo 372 Kilometro  12,Vereda Palmas,Rural,
2171363,06/05/2017,10:10 a.m.,Sábado,Camioneta,Particular,Conductor,Femenino,NO,Sin Registro,Herido,Choque,No mantener distancia de seguridad,Tramo 372 Kilometro  12,Vereda Palmas,Rural,
2171363,06/05/2017,10:10 a.m.,Sábado,Camioneta,Particular,Conductor,Femenino,NO,Sin Registro,Herido,Choque,Exceso de velocidad,Tramo 372 Kilometro  12,Vereda Palmas,Rural,
2171363,06/05/2017,10:10 a.m.,Sábado,Automovil,Publico,Conductor,Masculino,NO,Sin Registro,Herido,Choque,No mantener distancia de seguridad,Tramo 372 Kilometro  12,Vereda Palmas,Rural,
2171341,06/05/2017,2:25 p.m.,Sábado,Automovil,Particular,Conductor,Masculino,NO,Sin Registro,Solo Daños,Choque,Transitar entre vehiculos,Carrera 48 Calle 46  Sur,Las Vegas,Urbana,"(6.166195386, -75.59928549)"