RADICADO,FECHA,HORA,DÍA DE LA SEMANA,CLASE DE VEHICULO,TIPO DE SERVICIO,TIPO DE VICTIMA,SEXO,ESTADO DE BEODEZ,RESULTADO DE BEODEZ,GRAVEDAD,CLASE DE ACCIDENTE,CAUSA,DIRECCIÓN,BARRIO,AREA,Coordenadas
2171341,06/05/2017,2:25 p.m.,Sábado,Motocicleta,Particular,Motociclista,Masculino,NO,Sin Registro,Solo Daños,Choque,Transitar entre vehiculos,Carrera 48 Calle 46  Sur,Las Vegas,Urbana,"(6.166195386, -75.59928549)"
2171341,06/05/2017,2:25 p.m.,Sábado,Camioneta,Particular,Conductor,Femenino,NO,Sin Registro,Solo Daños,Choque,Transitar entre vehiculos,Carrera 48 Calle 46  Sur,Las Vegas,Urbana,"(6.166195386, -75.59928549)"
2171342,06/05/2017,12:30 p.m.,Sábado,Automovil,Particular,Conductor,Femenino,NO,Sin Registro,Solo Daños,Choque,Reverso imprudente,Calle 27  Sur Carrera 28,El Esmeraldal,Urbana,"(6.175346318, -75.5745834)"
2171342,06/05/2017,12:30 p.m.,Sábado,Automovil,Particular,Conductor,Femenino,NO,Sin Registro,Solo Daños,Choque,Reverso imprudente,Calle 27  Sur Carrera 28,El Esmeraldal,Urbana,"(6.175346318, -75.5745834)"
2171340,06/05/2017,11:50 a.m.,Sábado,Campero,Particular,Conductor,Femenino,NO,Sin Registro,Solo Daños,Choque,Reverso imprudente,Calle 36  Sur Carrera 37,Manuel Uribe Angel,Urbana,"(6.169187276, -75.58349763)"
2171340,06/05/2017,11:50 a.m.,Sábado,Camioneta,Particular,Conductor,Masculino,NO,Sin Registro,Solo Daños,Choque,Reverso imprudente,Calle 36  Sur Carrera 37,Manuel Uribe Angel,Urbana,"(6.169187276, -75.58349763)"
2171319,07/05/2017,2:00 a.m.,Domingo,Automovil,Particular,Conductor,Masculino,NO,Sin Registro,Herido,Volcamiento,Exceso de velocidad,Tramo 372 Kilometro  13,Vereda Palmas,Rural,
2171348,07/05/2017,4:00 p.m.,Domingo,Automovil,Particular,Conductor,Femenino,NO,Sin Registro,Solo Daños,Choque,No mantener distancia de seguridad,Calle 37  Sur Carrera 50,Las Vegas,Urbana,
2171348,07/05/2017,4:00 p.m.,Domingo,Campero,Particular,Conductor,Masculino,NO,Sin Registro,Solo Daños,Choque,No mantener distancia de seguridad,Calle 37  Sur Carrera 50,Las Vegas,Urbana,
2171346,07/05/2017,6:10 a.m.,Domingo,Automovil,Particular,Conductor,Masculino,NO,Sin Registro,Solo Daños,Choque,Impericia en el manejo,Tramo 12 Kilometro  14,Vereda Palmas,Rural,
2171360,07/05/2017,1:20 p.m.,Domingo,Camioneta,Particular,Conductor,Femenino,NO,Sin Registro,Solo Daños,Choque,No respetar prelacion,Carrera 48 Calle 40  Sur,Las Vegas,Urbana,"(6.168855316, -75.59688767)"
2171360,07/05/2017,1:20 p.m.,Domingo,Automovil,Publico,Conductor,Masculino,NO,Sin Registro,Solo Daños,Choque,No respetar prelacion,Carrera 48 Calle 40  Sur,Las Vegas,Urbana,"(6.168855316, -75.59688767)"
2171364,07/05/2017,8:30 p.m.,Domingo,Automovil,Particular,Conductor,Masculino,NO,Sin Registro,Herido,Choque,Otra,Calle 39  Sur Carrera 35,Mesa,Urbana,"(6.165647651, -75.58402953)"
2171364,07/05/2017,8:30 p.m.,Domingo,Motocicleta,Particular,Motociclista,Masculino,NO,Sin Registro,Herido,Choque,Otra,Calle 39  Sur Carrera 35,Mesa,Urbana,"(6.165647651, -75.58402953)"
2171335,07/05/2017,8:30 a.m.,Domingo,Camioneta,Particular,Conductor,Masculino,NO,Sin Registro,Herido,Volcamiento,Exceso de velocidad,Tramo 192 Kilometro  8,Vereda El Escobero,Rural,
2171344,07/05/2017,6:30 p.m.,Domingo,Automovil,Diplomatico,Conductor,Masculino,NO,Sin Registro,Solo Daños,Choque,No mantener distancia de seguridad,Diagonal 31 E Transversal 34 D Sur,Los Naranjos,Urbana,"(6.17201459, -75.57921611)"
2171344,07/05/2017,6:30 p.m.,Domingo,Camioneta,Particular,Conductor,Masculino,NO,Sin Registro,Solo Daños,Choque,No mantener distancia de seguridad,Diagonal 31 E Transversal 34 D Sur,Los Naranjos,Urbana,"(6.17201459, -75.57921611)"
2171345,07/05/2017,8:45 a.m.,Domingo,Camion,Publico,Conductor,Masculino,NO,Sin Registro,Solo Daños,Choque,Adelantar cerrando,Calle 38  Sur Carrera 32,Mesa,Urbana,"(6.166011939, -75.58158121)"
2171345,07/05/2017,8:45 a.m.,Domingo,Automovil,Publico,Conductor,Masculino,NO,Sin Registro,Solo Daños,Choque,Adelantar cerrando,Calle 38  Sur Carrera 32,Mesa,Urbana,"(6.166011939, -75.58158121)"
2171320,07/05/2017,12:27 a.m.,Domingo,Automovil,Particular,Conductor,Masculino,NO,Sin Registro,Herido,Atropello,Impericia en el manejo,Calle 47  Sur Carrera 39,El Trianon,Urbana,"(6.157444431, -75.59264064)"
2171320,07/05/2017,12:27 a.m.,Domingo,Automovil,Particular,Conductor,Masculino,NO,Sin Registro,Herido,Atropello,Exceso de velocidad,Calle 47  Sur Carrera 39,El Trianon,Urbana,"(6.157444431, -75.59264064)"
2173158,07/05/2017,4:50 p.m.,Domingo,Automovil,Publico,Conductor,Masculino,NO,Sin Registro,Solo Daños,Choque,Transitar entre vehiculos,Carrera 46 Calle 38  Sur,Zona Centro,Urbana,"(6.171865925, -75.59132915)"
2173158,07/05/2017,4:50 p.m.,Domingo,Motocicleta,Particular,Motociclista,Masculino,NO,Sin Registro,Solo Daños,Choque,Transitar entre vehiculos,Carrera 46 Calle 38  Sur,Zona Centro,Urbana,"(6.171865925, -75.59132915)"
2171349,07/05/2017,3:50 p.m.,Domingo,Microbus,Publico,Conductor,Masculino,NO,Sin Registro,Solo Daños,Choque,No respetar pelacion de interseccion o giros,Transversal 34 C Sur Diagonal 39,Obrero,Urbana,"(6.171097602, -75.58405138)"
2171349,07/05/2017,3:50 p.m.,Domingo,Automovil,Publico,Conductor,Masculino,NO,Sin Registro,Solo Daños,Choque,No respetar pelacion de interseccion o giros,Transversal 34 C Sur Diagonal 39,Obrero,Urbana,"(6.171097602, -75.58405138)"
2171356,08/05/2017,9:00 a.m.,Lunes,Automovil,Particular,Conductor,Masculino,NO,Sin Registro,Solo Daños,Choque,Poner en marcha un vehiculo sin precauci,Calle 38  Sur Carrera 40  Sur,Zona Centro,Urbana,"(6.16879573, -75.58588978)"
2171356,08/05/2017,9:00 a.m.,Lunes,Automovil,Particular,Conductor,Masculino,NO,Sin Registro,Solo Daños,Choque,Poner en marcha un vehiculo sin precauci,Calle 38  Sur Carrera 40  Sur,Zona Centro,Urbana,"(6.16879573, -75.58588978)"
2171359,08/05/2017,6:04 a.m.,Lunes,Bus,Publico,Conductor,Masculino,NO,Sin Registro,Solo Daños,Choque,Poner en marcha un vehiculo sin precauci,Calle 40  Sur Carrera 25 B,El Salado,Urbana,"(6.155114269, -75.57896894)"
2171359,08/05/2017,6:04 a.m.,Lunes,Automovil,Diplomatico,Conductor,Femenino,NO,Sin Registro,Solo Daños,Choque,Poner en marcha un vehiculo sin precauci,Calle 40  Sur Carrera 25 B,El Salado,Urbana,"(6.155114269, -75.57896894)"
2171352,08/05/2017,9:05 a.m.,Lunes,Camioneta,Oficial,Conductor,Masculino,NO,Sin Registro,Solo Daños,Choque,No respetar pelacion de interseccion o giros,Carrera 40 Calle 36  Sur,Zona Centro,Urbana,"(6.17006539, -75.58502916)"
2171352,08/05/2017,9:05 a.m.,Lunes,Automovil,Publico,Conductor,Masculino,NO,Sin Registro,Solo Daños,Choque,No respetar pelacion de interseccion o giros,Carrera 40 Calle 36  Sur,Zona Centro,Urbana,"(6.17006539, -75.58502916)"
2171358,08/05/2017,7:10 a.m.,Lunes,Automovil,Publico,Conductor,Masculino,NO,Sin Registro,Solo Daños,Choque,No mantener distancia de seguridad,Calle 36  Sur Carrera 27,La Inmaculada,Urbana,"(6.167154903, -75.56933697)"
2171358,08/05/2017,7:10 a.m.,Lunes,Automovil,Particular,Conductor,Femenino,NO,Sin Registro,Solo Daños,Choque,No mantener distancia de seguridad,Calle 36  Sur Carrera 27,La Inmaculada,Urbana,"(6.167154903, -75.56933697)"
2171367,08/05/2017,7:45 p.m.,Lunes,Automovil,Particular,Conductor,Masculino,NO,Sin Registro,Solo Daños,Choque,No mantener distancia de seguridad,Calle 50  Sur Carrera 48,Las Vegas,Urbana,
2171367,08/05/2017,7:45 p.m.,Lunes,Camioneta,Particular,Conductor,Masculino,NO,Sin Registro,Solo Daños,Choque,No mantener distancia de seguridad,Calle 50  Sur Carrera 48,Las Vegas,Urbana,
2171365,08/05/2017,3:15 p.m.,Lunes,Campero,Particular,Conductor,Masculino,NO,Sin Registro,Solo Daños,Choque,No mantener distancia de seguridad,Calle 37  Sur Carrera 50,Las Vegas,Urbana,
2171393,08/05/2017,5:10 p.m.,Lunes,Bus,Publico,Conductor,Masculino,NO,Sin Registro,Solo Daños,Choque,Desobedecer senales,Carrera 42 Calle 35  Sur,Zona Centro,Urbana,"(6.171623749, -75.58604338)"
2171393,08/05/2017,5:10 p.m.,Lunes,Camioneta,Particular,Conductor,Femenino,NO,Sin Registro,Solo Daños,Choque,Desobedecer senales,Carrera 42 Calle 35  Sur,Zona Centro,Urbana,"(6.171623749, -75.58604338)"
2171365,08/05/2017,3:15 p.m.,Lunes,Camioneta,Particular,Conductor,Masculino,NO,Sin Registro,Solo Daños,Choque,No mantener distancia de seguridad,Calle 37  Sur Carrera 50,Las Vegas,Urbana,
2171343,08/05/2017,9:20 a.m.,Lunes,Bus,Publico,Conductor,Masculino,NO,Sin Registro,Herido,Choque,Vehiculo mal estacionado,Calle 37  Sur Carrera 50,Las Vegas,Urbana,
2171380,08/05/2017,3:20 p.m.,Lunes,Camioneta,Oficial,Conductor,Masculino,NO,Sin Registro,Solo Daños,Choque,No mantener distancia de seguridad,Carrera 50 Calle 37  Sur,Las Vegas,Urbana,
2171380,08/05/2017,3:20 p.m.,Lunes,Camioneta,Publico,Conductor,Masculino,NO,Sin Registro,Solo Daños,Choque,No mantener distancia de seguridad,Carrera 50 Calle 37  Sur,Las Vegas,Urbana,
2171380,08/05/2017,3:20 p.m.,Lunes,Camioneta,Particular,Conductor,Masculino,NO,Sin Registro,Solo Daños,Choque,No mantener distancia de seguridad,Carrera 50 Calle 37  Sur,Las Vegas,Urbana,
2171343,08/05/2017,9:20 a.m.,Lunes,Motocicleta,Particular,Motociclista,Masculino,NO,Sin Registro,Herido,Choque,No mantener distancia de seguridad,Calle 37  Sur Carrera 50,Las Vegas,Urbana,
2171343,08/05/2017,9:20 a.m.,Lunes,Motocicleta,Particular,Motociclista,Masculino,NO,Sin Registro,Herido,Choque,Vehiculo mal estacionado,Calle 37  Sur Carrera 50,Las Vegas,Urbana,
2171343,08/05/2017,9:20 a.m.,Lunes,Bus,Publico,Conductor,Masculino,NO,Sin Registro,Herido,Choque,No mantener distancia de seguridad,Calle 37  Sur Carrera 50,Las Vegas,Urbana,
2171353,08/05/2017,8:15 p.m.,Lunes,Motocicleta,Particular,Motociclista,Masculino,NO,Sin Registro,Muerto,Choque,Semaforo en rojo,Calle 25  Sur Carrera 48,Las Vegas,Urbana,
2171353,08/05/2017,8:15 p.m.,Lunes,Motocicleta,Particular,Motociclista,Masculino,NO,Sin Registro,Muerto,Choque,Semaforo en rojo,Calle 25  Sur Carrera 48,Las Vegas,Urbana,
2171357,08/05/2017,3:30 p.m.,Lunes,Motocicleta,Particular,Motociclista,Femenino,NO,Sin Registro,Herido,Choque,Desobedecer senales,Calle 30  Sur Carrera 48,Las Vegas,Urbana,"(6.180376127, -75.59028805)"
2171357,08/05/2017,3:30 p.m.,Lunes,Motocicleta,Particular,Motociclista,Masculino,NO,Sin Registro,Herido,Choque,Desobedecer senales,Calle 30  Sur Carrera 48,Las Vegas,Urbana,"(6.180376127, -75.59028805)"
2171368,08/05/2017,3:30 p.m.,Lunes,Automovil,Publico,Conductor,Masculino,NO,Sin Registro,Solo Daños,Choque,No respetar pelacion de interseccion o giros,Calle 37  Sur Carrera 49,Las Vegas,Urbana,"(6.174789471, -75.59420424)"
2171368,08/05/2017,3:30 p.m.,Lunes,Camioneta,Particular,Conductor,Masculino,NO,Sin Registro,Solo Daños,Choque,No respetar pelacion de interseccion o giros,Calle 37  Sur Carrera 49,Las Vegas,Urbana,"(6.174789471, -75.59420424)"
2171369,08/05/2017,5:30 p.m.,Lunes,Motocicleta,Particular,Motociclista,Masculino,NO,Sin Registro,Solo Daños,Choque,Transitar entre vehiculos,Carrera 48 Calle 37  Sur,Las Vegas,Urbana,"(6.172859211, -75.59276992)"
2171369,08/05/2017,5:30 p.m.,Lunes,Automovil,Particular,Conductor,Masculino,NO,Sin Registro,Solo Daños,Choque,Transitar entre vehiculos,Carrera 48 Calle 37  Sur,Las Vegas,Urbana,"(6.172859211, -75.59276992)"
2171369,08/05/2017,5:30 p.m.,Lunes,Automovil,Particular,Conductor,Masculino,NO,Sin Registro,Solo Daños,Choque,Transitar entre vehiculos,Carrera 48 Calle 37  Sur,Las Vegas,Urbana,"(6.172859211, -75.59276992)"
2171375,08/05/2017,5:30 p.m.,Lunes,Bus,Publico,Conductor,Masculino,NO,Sin Registro,Solo Daños,Choque,Adelantar cerrando,Carrera 43 A Calle 48  Sur,Loma Del Barro,Urbana,"(6.162218777, -75.59764446)"
2171375,08/05/2017,5:30 p.m.,Lunes,Camioneta,Particular,Conductor,Masculino,NO,Sin Registro,Solo Daños,Choque,Poner en marcha un vehiculo sin precauci,Carrera 43 A Calle 48  Sur,Loma Del Barro,Urbana,"(6.162218777, -75.59764446)"
2171375,08/05/2017,5:30 p.m.,Lunes,Camioneta,Particular,Conductor,Masculino,NO,Sin Registro,Solo Daños,Choque,Adelantar cerrando,Carrera 43 A Calle 48  Sur,Loma Del Barro,Urbana,"(6.162218777, -75.59764446)"
2171375,08/05/2017,5:30 p.m.,Lunes,Bus,Publico,Conductor,Masculino,NO,Sin Registro,Solo Daños,Choque,Poner en marcha un vehiculo sin precauci,Carrera 43 A Calle 48  Sur,Loma Del Barro,Urbana,"(6.162218777, -75.59764446)"
2171372,08/05/2017,7:40 a.m.,Lunes,Camioneta,Particular,Conductor,Femenino,NO,Sin Registro,Solo Daños,Choque,Desobedecer senales,Calle 36 A Sur Carrera 27,La Sebastiana,Urbana,"(6.167621297, -75.5785241)"
2171372,08/05/2017,7:40 a.m.,Lunes,Automovil,Particular,Conductor,Masculino,NO,Sin Registro,Solo Daños,Choque,Desobedecer senales,Calle 36 A Sur Carrera 27,La Sebastiana,Urbana,"(6.167621297, -75.5785241)"
2171354,08/05/2017,3:45 p.m.,Lunes,Camioneta,Particular,Conductor,Masculino,NO,Sin Registro,Solo Daños,Choque,No mantener distancia de seguridad,Calle 49  Sur Carrera 50,Las Vegas,Urbana,
2171354,08/05/2017,3:45 p.m.,Lunes,Campero,Particular,Conductor,Femenino,NO,Sin Registro,Solo Daños,Choque,No mantener distancia de seguridad,Calle 49  Sur Carrera 50,Las Vegas,Urbana,
2171339,08/05/2017,10:10 p.m.,Lunes,Camion,Publico,Conductor,Masculino,NO,Sin Registro,Herido,Choque,Exceso de velocidad,Calle 29  Sur Carrera 50,Las Vegas,Urbana,
2171339,08/05/2017,10:10 p.m.,Lunes,Motocicleta,Particular,Motociclista,Masculino,NO,Sin Registro,Herido,Choque,No mantener distancia de seguridad,Calle 29  Sur Carrera 50,Las Vegas,Urbana,
2171339,08/05/2017,10:10 p.m.,Lunes,Motocicleta,Particular,Motociclista,Masculino,NO,Sin Registro,Herido,Choque,Exceso de velocidad,Calle 29  Sur Carrera 50,Las Vegas,Urbana,
2171339,08/05/2017,10:10 p.m.,Lunes,Automovil,Particular,Conductor,Masculino,NO,Sin Registro,Herido,Choque,No mantener distancia de seguridad,Calle 29  Sur Carrera 50,Las Vegas,Urbana,
2171339,08/05/2017,10:10 p.m.,Lunes,Automovil,Particular,Conductor,Masculino,NO,Sin Registro,Herido,Choque,Exceso de velocidad,Calle 29  Sur Carrera 50,Las Vegas,Urbana,
2171339,08/05/2017,10:10 p.m.,Lunes,Camion,Publico,Conductor,Masculino,NO,Sin Registro,Herido,Choque,No mantener distancia de seguridad,Calle 29  Sur Carrera 50,Las Vegas,Urbana,
2171366,08/05/2017,3:50 p.m.,Lunes,Automovil,Particular,Conductor,Femenino,NO,Sin Registro,Solo Daños,Choque,No respetar prelacion,Carrera 49 A Calle 46 A Sur,Las Vegas,Urbana,"(6.167871749, -75.60213877)"
2171366,08/05/2017,3:50 p.m.,Lunes,Motocicleta,Particular,Motociclista,Masculino,NO,Sin Registro,Solo Daños,Choque,No respetar prelacion,Carrera 49 A Calle 46 A Sur,Las Vegas,Urbana,"(6.167871749, -75.60213877)"
2171395,09/05/2017,5:00 p.m.,Martes,Automovil,Publico,Conductor,Masculino,NO,Sin Registro,Solo Daños,Choque,Otra,Calle 50  Sur Carrera 46 A,Las Casitas,Urbana,"(6.16131219, -75.60319818)"
2171395,09/05/2017,5:00 p.m.,Martes,Automovil,Particular,Conductor,Masculino,NO,Sin Registro,Solo Daños,Choque,Otra,Calle 50  Sur Carrera 46 A,Las Casitas,Urbana,"(6.16131219, -75.60319818)"
2171387,09/05/2017,7:01 a.m.,Martes,Motocicleta,Particular,Motociclista,Masculino,NO,Sin Registro,Solo Daños,Choque,Adelantar por la derecha,Calle 21  Sur Carrera 43 A,Zuñiga,Urbana,"(6.18399286, -75.57959764)"
2171387,09/05/2017,7:01 a.m.,Martes,Automovil,Particular,Conductor,Masculino,NO,Sin Registro,Solo Daños,Choque,Recoger o dejar pasajeros en calzada,Calle 21  Sur Carrera 43 A,Zuñiga,Urbana,"(6.18399286, -75.57959764)"
2171387,09/05/2017,7:01 a.m.,Martes,Automovil,Particular,Conductor,Masculino,NO,Sin Registro,Solo Daños,Choque,Adelantar por la derecha,Calle 21  Sur Carrera 43 A,Zuñiga,Urbana,"(6.18399286, -75.57959764)"
2171387,09/05/2017,7:01 a.m.,Martes,Motocicleta,Particular,Motociclista,Masculino,NO,Sin Registro,Solo Daños,Choque,Recoger o dejar pasajeros en calzada,Calle 21  Sur Carrera 43 A,Zuñiga,Urbana,"(6.18399286, -75.57959764)"
2171361,09/05/2017,8:05 a.m.,Martes,Camion,Publico,Conductor,Masculino,NO,Sin Registro,Solo Daños,Choque,Transitar entre vehiculos,Calle 21  Sur Carrera 43 A,Zuñiga,Urbana,"(6.18399286, -75.57959764)"
2171361,09/05/2017,8:05 a.m.,Martes,Motocicleta,Particular,Motociclista,Masculino,NO,Sin Registro,Solo Daños,Choque,Transitar entre vehiculos,Calle 21  Sur Carrera 43 A,Zuñiga,Urbana,"(6.18399286, -75.57959764)"
2171388,09/05/2017,4:10 p.m.,Martes,Automovil,Publico,Conductor,Masculino,NO,Sin Registro,Solo Daños,Choque,No mantener distancia de seguridad,Calle 38  Sur Carrera 29 A,San Jose,Urbana,"(6.165022576, -75.58071311)"
2171388,09/05/2017,4:10 p.m.,Martes,Automovil,Publico,Conductor,Masculino,NO,Sin Registro,Solo Daños,Choque,No mantener distancia de seguridad,Calle 38  Sur Carrera 29 A,San Jose,Urbana,"(6.165022576, -75.58071311)"
2171388,09/05/2017,4:10 p.m.,Martes,Campero,Particular,Conductor,Masculino,NO,Sin Registro,Solo Daños,Choque,No mantener distancia de seguridad,Calle 38  Sur Carrera 29 A,San Jose,Urbana,"(6.165022576, -75.58071311)"
2171377,09/05/2017,6:30 a.m.,Martes,Automovil,Particular,Conductor,Masculino,NO,Sin Registro,Solo Daños,Choque,No mantener distancia de seguridad,Carrera 50 Calle 30  Sur,Las Vegas,Urbana,
2171377,09/05/2017,6:30 a.m.,Martes,Motocicleta,Particular,Motociclista,Masculino,NO,Sin Registro,Solo Daños,Choque,No mantener distancia de seguridad,Carrera 50 Calle 30  Sur,Las Vegas,Urbana,
2171373,09/05/2017,9:20 a.m.,Martes,Camioneta,Particular,Conductor,Masculino,NO,Sin Registro,Solo Daños,Choque,No mantener distancia de seguridad,Carrera 50 Calle 39 A Sur,Las Vegas,Urbana,
2171373,09/05/2017,9:20 a.m.,Martes,Automovil,Particular,Conductor,Masculino,NO,Sin Registro,Solo Daños,Choque,No mantener distancia de seguridad,Carrera 50 Calle 39 A Sur,Las Vegas,Urbana,
2171379,09/05/2017,10:20 a.m.,Martes,Motocicleta,Particular,Motociclista,Masculino,NO,Sin Registro,Solo Daños,Choque,Desobedecer senales,Calle 40 F Sur Carrera 36,El Dorado,Urbana,"(6.16111564, -75.58477008)"
2171379,09/05/2017,10:20 a.m.,Martes,Motocicleta,Particular,Motociclista,Masculino,NO,Sin Registro,Solo Daños,Choque,Desobedecer senales,Calle 40 F Sur Carrera 36,El Dorado,Urbana,"(6.16111564, -75.58477008)"
2171378,09/05/2017,11:30 a.m.,Martes,Automovil,Particular,Conductor,Femenino,NO,Sin Registro,Solo Daños,Choque,No mantener distancia de seguridad,Calle 21  Sur Carrera 41,Zuñiga,Urbana,"(6.182165945, -75.57677668)"
2171378,09/05/2017,11:30 a.m.,Martes,Camioneta,Publico,Conductor,Masculino,NO,Sin Registro,Solo Daños,Choque,No mantener distancia de seguridad,Calle 21  Sur Carrera 41,Zuñiga,Urbana,"(6.182165945, -75.57677668)"
2171382,09/05/2017,11:30 a.m.,Martes,Automovil,Publico,Conductor,Masculino,NO,Sin Registro,Solo Daños,Choque,No respetar pelacion de interseccion o giros,Calle 3  Sur Carrera 48,Alcala,Urbana,
2171382,09/05/2017,11:30 a.m.,Martes,Automovil,Publico,Conductor,Masculino,NO,Sin Registro,Solo Daños,Choque,No respetar pelacion de interseccion o giros,Calle 3  Sur Carrera 48,Alcala,Urbana,
2171374,09/05/2017,2:30 p.m.,Martes,Automovil,Particular,Conductor,Masculino,NO,Sin Registro,Solo Daños,Choque,Desobedecer senales,Transversal 34 A Sur Diagonal 3 D,Obrero,Urbana,"(6.172526619, -75.58308584)"
2171374,09/05/2017,2:30 p.m.,Martes,Automovil,Particular,Conductor,Femenino,NO,Sin Registro,Solo Daños,Choque,Desobedecer senales,Transversal 34 A Sur Diagonal 3 D,Obrero,Urbana,"(6.172526619, -75.58308584)"
2171383,09/05/2017,10:30 a.m.,Martes,Automovil,Particular,Conductor,Masculino,NO,Sin Registro,Solo Daños,Choque,No mantener distancia de seguridad,Carrera 43 A Calle 50  Sur,Las Casitas,Urbana,"(6.160125495, -75.60207899)"
2171383,09/05/2017,10:30 a.m.,Martes,Automovil,Particular,Conductor,Masculino,NO,Sin Registro,Solo Daños,Choque,No mantener distancia de seguridad,Carrera 43 A Calle 50  Sur,Las Casitas,Urbana,"(6.160125495, -75.60207899)"
2163083,08/11/2016,5:30 a.m.,Martes,Automovil,Particular,Conductor,Femenino,No,Sin Registro,Solo Daños,Choque,Otra,Tramo 372 Kilometro  8,Vereda Palmas,Rural,
2171385,09/05/2017,7:35 a.m.,Martes,Camioneta,Particular,Conductor,Masculino,NO,Sin Registro,Solo Daños,Choque,No mantener distancia de seguridad,Tramo 192 Kilometro  11,Vereda El Escobero,Rural,
2171385,09/05/2017,7:35 a.m.,Martes,Camioneta,Particular,Conductor,Masculino,NO,Sin Registro,Solo Daños,Choque,No mantener distancia de seguridad,Tramo 192 Kilometro  11,Vereda El Escobero,Rural,
2171384,09/05/2017,7:40 a.m.,Martes,Automovil,Particular,Conductor,Masculino,NO,Sin Registro,Solo Daños,Choque,No respetar prelacion,Tramo 376 Kilometro  8,Vereda Perico,Rural,
2171384,09/05/2017,7:40 a.m.,Martes,Motocicleta,Particular,Motociclista,Masculino,NO,Sin Registro,Solo Daños,Choque,No respetar prelacion,Tramo 376 Kilometro  8,Vereda Perico,Rural,
2171399,09/05/2017,6:50 p.m.,Martes,Sin Registro,Publico,Conductor,Masculino,NO,Sin Registro,Solo Daños,Choque,No respetar prelacion,Carrera 50 Calle 39 A Sur,Las Vegas,Urbana,
2171399,09/05/2017,6:50 p.m.,Martes,Camion,Publico,Conductor,Masculino,NO,Sin Registro,Solo Daños,Choque,No respetar prelacion,Carrera 50 Calle 39 A Sur,Las Vegas,Urbana,
2171376,09/05/2017,11:10 p.m.,Martes,Automovil,Publico,Conductor,Masculino,NO,Sin Registro,Solo Daños,Choque,Semaforo en rojo,Carrera 43 A Calle 37  Sur,Zona Centro,Urbana,"(6.171024704, -75.5881647)"
2171376,09/05/2017,11:10 p.m.,Martes,Camioneta,Particular,Conductor,Masculino,NO,Sin Registro,Solo Daños,Choque,Semaforo en rojo,Carrera 43 A Calle 37  Sur,Zona Centro,Urbana,"(6.171024704, -75.5881647)"
2171398,10/05/2017,2:00 p.m.,Miércoles,Campero,Particular,Conductor,Masculino,NO,Sin Registro,Solo Daños,Choque,Subirse al anden o vias peatonales,Carrera 42 B Calle 23 A Sur,Zuñiga,Urbana,"(6.181739433, -75.57948906)"
2171398,10/05/2017,2:00 p.m.,Miércoles,Automovil,Particular,Conductor,Masculino,NO,Sin Registro,Solo Daños,Choque,Subirse al anden o vias peatonales,Carrera 42 B Calle 23 A Sur,Zuñiga,Urbana,"(6.181739433, -75.57948906)"
2171386,10/05/2017,10:00 a.m.,Miércoles,Automovil,Publico,Conductor,Masculino,NO,Sin Registro,Herido,Choque,Adelantar por la derecha,Calle 38  Sur Carrera 40,Zona Centro,Urbana,"(6.16879573, -75.58588978)"
2171386,10/05/2017,10:00 a.m.,Miércoles,Motocicleta,Particular,Motociclista,Femenino,NO,Sin Registro,Herido,Choque,Adelantar por la derecha,Calle 38  Sur Carrera 40,Zona Centro,Urbana,"(6.16879573, -75.58588978)"
2171391,10/05/2017,11:20 a.m.,Miércoles,Camioneta,Particular,Conductor,Masculino,NO,Sin Registro,Solo Daños,Choque,Reverso imprudente,Calle 40 AA Sur Carrera 30,San Jose,Urbana,"(6.164225597, -75.58532014)"
2171391,10/05/2017,11:20 a.m.,Miércoles,Camioneta,Particular,Conductor,Femenino,NO,Sin Registro,Solo Daños,Choque,Reverso imprudente,Calle 40 AA Sur Carrera 30,San Jose,Urbana,"(6.164225597, -75.58532014)"
2171389,10/05/2017,11:30 a.m.,Miércoles,Bus,Publico,Conductor,Masculino,NO,Sin Registro,Solo Daños,Choque,Transitar en contravia,Calle 40 AA Sur Carrera 30,San Jose,Urbana,"(6.164225597, -75.58532014)"
2171389,10/05/2017,11:30 a.m.,Miércoles,Camioneta,Particular,Conductor,Femenino,NO,Sin Registro,Solo Daños,Choque,Transitar en contravia,Calle 40 AA Sur Carrera 30,San Jose,Urbana,"(6.164225597, -75.58532014)"
2171394,10/05/2017,6:30 p.m.,Miércoles,Automovil,Particular,Conductor,Masculino,NO,Sin Registro,Solo Daños,Choque,Otra,Carrera 27 Calle 36  Sur,La Inmaculada,Urbana,"(6.167009975, -75.56927808)"
2171394,10/05/2017,6:30 p.m.,Miércoles,Motocicleta,Particular,Motociclista,Masculino,NO,Sin Registro,Solo Daños,Choque,Otra,Carrera 27 Calle 36  Sur,La Inmaculada,Urbana,"(6.167009975, -75.56927808)"
2171370,10/05/2017,6:50 a.m.,Miércoles,Automovil,Particular,Conductor,Femenino,NO,Sin Registro,Herido,Choque,No mantener distancia de seguridad,Calle 39  Sur Carrera 48,Alcala,Urbana,"(6.17373153, -75.59688397)"
2171370,10/05/2017,6:50 a.m.,Miércoles,Motocicleta,Particular,Motociclista,Masculino,NO,Sin Registro,Herido,Choque,No mantener distancia de seguridad,Calle 39  Sur Carrera 48,Alcala,Urbana,"(6.17373153, -75.59688397)"
2171371,10/05/2017,7:40 a.m.,Miércoles,Automovil,Particular,Conductor,Femenino,NO,Sin Registro,Herido,Choque,No respetar prelacion,Calle 39  Sur Carrera 50,Las Vegas,Urbana,