RADICADO,FECHA,HORA,DÍA DE LA SEMANA,CLASE DE VEHICULO,TIPO DE SERVICIO,TIPO DE VICTIMA,SEXO,ESTADO DE BEODEZ,RESULTADO DE BEODEZ,GRAVEDAD,CLASE DE ACCIDENTE,CAUSA,DIRECCIÓN,BARRIO,AREA,Coordenadas
2171371,10/05/2017,7:40 a.m.,Miércoles,Motocicleta,Particular,Motociclista,Femenino,NO,Sin Registro,Herido,Choque,No respetar prelacion,Calle 39  Sur Carrera 50,Las Vegas,Urbana,
2171390,10/05/2017,3:50 p.m.,Miércoles,Automovil,Publico,Conductor,Masculino,NO,Sin Registro,Herido,Choque,Otra,Calle 39  Sur Carrera 27 B,El Chinguí,Urbana,"(6.159217585, -75.57883462)"
2171390,10/05/2017,3:50 p.m.,Miércoles,Motocicleta,Particular,Motociclista,Masculino,NO,Sin Registro,Herido,Choque,Otra,Calle 39  Sur Carrera 27 B,El Chinguí,Urbana,"(6.159217585, -75.57883462)"
2171392,10/05/2017,10:50 a.m.,Miércoles,Automovil,Particular,Conductor,Masculino,NO,Sin Registro,Solo Daños,Choque,Otra,Calle 32  Sur Carrera 45 B,El Portal,Urbana,"(6.17690285, -75.588462)"
2171392,10/05/2017,10:50 a.m.,Miércoles,Automovil,Particular,Conductor,Masculino,NO,Sin Registro,Solo Daños,Choque,Otra,Calle 32  Sur Carrera 45 B,El Portal,Urbana,"(6.17690285, -75.588462)"
2171396,10/05/2017,4:55 p.m.,Miércoles,Buseta,Publico,Conductor,Masculino,NO,Sin Registro,Solo Daños,Choque,Otra,Carrera 48 Calle 50  Sur,Las Vegas,Urbana,
2171396,10/05/2017,4:55 p.m.,Miércoles,Automovil,Particular,Conductor,Masculino,NO,Sin Registro,Solo Daños,Choque,Otra,Carrera 48 Calle 50  Sur,Las Vegas,Urbana,
2171403,11/05/2017,6:00 a.m.,Jueves,Camioneta,Particular,Conductor,Femenino,NO,Sin Registro,Solo Daños,Choque,Desobedecer senales,Calle 39  Sur Carrera 39,Zona Centro,Urbana,"(6.166978259, -75.58604492)"
2171403,11/05/2017,6:00 a.m.,Jueves,Motocicleta,Particular,Motociclista,Masculino,NO,Sin Registro,Solo Daños,Choque,Desobedecer senales,Calle 39  Sur Carrera 39,Zona Centro,Urbana,"(6.166978259, -75.58604492)"
2171415,11/05/2017,3:00 p.m.,Jueves,Automovil,Particular,Conductor,Masculino,NO,Sin Registro,Solo Daños,Choque,No mantener distancia de seguridad,Carrera 43 A Calle 50  Sur,Las Casitas,Urbana,"(6.160125495, -75.60207899)"
2171415,11/05/2017,3:00 p.m.,Jueves,Automovil,Particular,Conductor,Masculino,NO,Sin Registro,Solo Daños,Choque,No mantener distancia de seguridad,Carrera 43 A Calle 50  Sur,Las Casitas,Urbana,"(6.160125495, -75.60207899)"
2171406,11/05/2017,5:10 a.m.,Jueves,Bus,Publico,Conductor,Masculino,NO,Sin Registro,Solo Daños,Choque,No mantener distancia de seguridad,Carrera 49 Calle 37  Sur,Las Vegas,Urbana,
2171406,11/05/2017,5:10 a.m.,Jueves,Microbus,Publico,Conductor,Masculino,NO,Sin Registro,Solo Daños,Choque,No mantener distancia de seguridad,Carrera 49 Calle 37  Sur,Las Vegas,Urbana,
2171400,11/05/2017,7:15 p.m.,Jueves,Automovil,Particular,Conductor,Masculino,NO,Sin Registro,Solo Daños,Choque,No mantener distancia de seguridad,Carrera 40 Calle 37  Sur,Zona Centro,Urbana,"(6.169323846, -75.58548622)"
2171400,11/05/2017,7:15 p.m.,Jueves,Motocicleta,Particular,Motociclista,Masculino,NO,Sin Registro,Solo Daños,Choque,No mantener distancia de seguridad,Carrera 40 Calle 37  Sur,Zona Centro,Urbana,"(6.169323846, -75.58548622)"
2171442,11/05/2017,11:05 a.m.,Jueves,Automovil,Particular,Conductor,Femenino,NO,Sin Registro,Solo Daños,Choque,Transitar entre vehiculos,Calle 50  Sur Carrera 48,Las Vegas,Urbana,
2171442,11/05/2017,11:05 a.m.,Jueves,Motocicleta,Particular,Motociclista,Masculino,NO,Sin Registro,Solo Daños,Choque,Transitar entre vehiculos,Calle 50  Sur Carrera 48,Las Vegas,Urbana,
2171412,11/05/2017,6:30 a.m.,Jueves,Camion,Publico,Conductor,Masculino,NO,Sin Registro,Solo Daños,Choque,Adelantar cerrando,Carrera 50 Calle 37  Sur,Las Vegas,Urbana,
2171412,11/05/2017,6:30 a.m.,Jueves,Camion,Publico,Conductor,Masculino,NO,Sin Registro,Solo Daños,Choque,Adelantar cerrando,Carrera 50 Calle 37  Sur,Las Vegas,Urbana,
2171420,11/05/2017,6:20 p.m.,Jueves,Automovil,Particular,Conductor,Masculino,NO,Sin Registro,Solo Daños,Choque,Adelantar cerrando,Carrera 48 Calle 40  Sur,Las Vegas,Urbana,"(6.168855316, -75.59688767)"
2171420,11/05/2017,6:20 p.m.,Jueves,Automovil,Particular,Conductor,Masculino,NO,Sin Registro,Solo Daños,Choque,Adelantar cerrando,Carrera 48 Calle 40  Sur,Las Vegas,Urbana,"(6.168855316, -75.59688767)"
2171404,11/05/2017,9:25 a.m.,Jueves,Camioneta,Particular,Conductor,Masculino,NO,Sin Registro,Solo Daños,Choque,No mantener distancia de seguridad,Carrera 50 Calle 25  Sur,Las Vegas,Urbana,"(6.186515998, -75.58512541)"
2171404,11/05/2017,9:25 a.m.,Jueves,Camioneta,Particular,Conductor,Femenino,NO,Sin Registro,Solo Daños,Choque,No mantener distancia de seguridad,Carrera 50 Calle 25  Sur,Las Vegas,Urbana,"(6.186515998, -75.58512541)"
2171404,11/05/2017,9:25 a.m.,Jueves,Camion,Publico,Conductor,Masculino,NO,Sin Registro,Solo Daños,Choque,No mantener distancia de seguridad,Carrera 50 Calle 25  Sur,Las Vegas,Urbana,"(6.186515998, -75.58512541)"
2171407,11/05/2017,3:30 p.m.,Jueves,Automovil,Particular,Conductor,Masculino,NO,Sin Registro,Solo Daños,Choque,Adelantar por la derecha,Carrera 41 Calle 24  Sur,Zuñiga,Urbana,"(6.179819678, -75.57714123)"
2171407,11/05/2017,3:30 p.m.,Jueves,Camioneta,Particular,Conductor,Femenino,NO,Sin Registro,Solo Daños,Choque,Adelantar por la derecha,Carrera 41 Calle 24  Sur,Zuñiga,Urbana,"(6.179819678, -75.57714123)"
2171423,11/05/2017,10:30 a.m.,Jueves,Automovil,Publico,Conductor,Masculino,NO,Sin Registro,Solo Daños,Choque,Poner en marcha un vehiculo sin precauci,Carrera 46 A Calle 39  Sur,Alcala,Urbana,"(6.170724351, -75.59273721)"
2171423,11/05/2017,10:30 a.m.,Jueves,Automovil,Particular,Conductor,Masculino,NO,Sin Registro,Solo Daños,Choque,Poner en marcha un vehiculo sin precauci,Carrera 46 A Calle 39  Sur,Alcala,Urbana,"(6.170724351, -75.59273721)"
2171405,11/05/2017,11:40 a.m.,Jueves,Campero,Particular,Conductor,Masculino,NO,Sin Registro,Solo Daños,Choque,No mantener distancia de seguridad,Calle 37  Sur Carrera 49,Las Vegas,Urbana,"(6.174789471, -75.59420424)"
2171405,11/05/2017,11:40 a.m.,Jueves,Motocicleta,Particular,Motociclista,Masculino,NO,Sin Registro,Solo Daños,Choque,No mantener distancia de seguridad,Calle 37  Sur Carrera 49,Las Vegas,Urbana,"(6.174789471, -75.59420424)"
2171402,11/05/2017,1:50 p.m.,Jueves,Automovil,Particular,Conductor,Femenino,NO,Sin Registro,Solo Daños,Choque,No respetar prelacion,Calle 32  Sur Carrera 45 B,El Portal,Urbana,"(6.17690285, -75.588462)"
2171402,11/05/2017,1:50 p.m.,Jueves,Camioneta,Particular,Conductor,Masculino,NO,Sin Registro,Solo Daños,Choque,No respetar prelacion,Calle 32  Sur Carrera 45 B,El Portal,Urbana,"(6.17690285, -75.588462)"
2171397,11/05/2017,7:40 a.m.,Jueves,Motocicleta,Particular,Motociclista,Masculino,NO,Sin Registro,Herido,Choque,Otra,Calle 25 AA Sur Carrera 48,Las Vegas,Urbana,"(6.18405129, -75.58478383)"
2171397,11/05/2017,7:40 a.m.,Jueves,Motocicleta,Particular,Motociclista,Masculino,NO,Sin Registro,Herido,Choque,Otra,Calle 25 AA Sur Carrera 48,Las Vegas,Urbana,"(6.18405129, -75.58478383)"
2171408,11/05/2017,6:40 p.m.,Jueves,Bus,Publico,Conductor,Masculino,NO,Sin Registro,Solo Daños,Choque,No respetar prelacion,Calle 40  Sur Carrera 29,San Jose,Urbana,"(6.159832302, -75.5825953)"
2171408,11/05/2017,6:40 p.m.,Jueves,Automovil,Particular,Conductor,Masculino,NO,Sin Registro,Solo Daños,Choque,No respetar prelacion,Calle 40  Sur Carrera 29,San Jose,Urbana,"(6.159832302, -75.5825953)"
2171401,11/05/2017,5:40 p.m.,Jueves,Camion,Publico,Conductor,Masculino,NO,Sin Registro,Solo Daños,Choque,Otra,Calle 37 B Sur Carrera 27 B,San Jose,Urbana,"(6.161472845, -75.57610787)"
2171401,11/05/2017,5:40 p.m.,Jueves,Motocicleta,Particular,Motociclista,Masculino,NO,Sin Registro,Solo Daños,Choque,Girar bruscamente,Calle 37 B Sur Carrera 27 B,San Jose,Urbana,"(6.161472845, -75.57610787)"
2171401,11/05/2017,5:40 p.m.,Jueves,Motocicleta,Particular,Motociclista,Masculino,NO,Sin Registro,Solo Daños,Choque,Otra,Calle 37 B Sur Carrera 27 B,San Jose,Urbana,"(6.161472845, -75.57610787)"
2171401,11/05/2017,5:40 p.m.,Jueves,Camion,Publico,Conductor,Masculino,NO,Sin Registro,Solo Daños,Choque,Girar bruscamente,Calle 37 B Sur Carrera 27 B,San Jose,Urbana,"(6.161472845, -75.57610787)"
2171431,12/05/2017,6:10 a.m.,Viernes,Bus,Publico,Conductor,Masculino,NO,Sin Registro,Herido,Atropello,Exceso de velocidad,Calle 25 A Sur Carrera 43 A,Las Vegas,Urbana,"(6.181689385, -75.58241799)"
2171413,12/05/2017,7:20 p.m.,Viernes,Motocicleta,Particular,Motociclista,Femenino,NO,Sin Registro,Solo Daños,Choque,No respetar prelacion,Calle 37  Sur Carrera 48,Las Vegas,Urbana,"(6.17412211, -75.59306111)"
2171413,12/05/2017,7:20 p.m.,Viernes,Automovil,Particular,Conductor,Femenino,NO,Sin Registro,Solo Daños,Choque,No respetar prelacion,Calle 37  Sur Carrera 48,Las Vegas,Urbana,"(6.17412211, -75.59306111)"
2171410,12/05/2017,8:00 p.m.,Viernes,Automovil,Particular,Conductor,Masculino,NO,Sin Registro,Herido,Atropello,Poner en marcha un vehiculo sin precauci,Diagonal 29 Transversal 34 F Sur,Alto De Misael,Urbana,"(6.169949011, -75.57757889)"
2171436,12/05/2017,6:40 a.m.,Viernes,Automovil,Particular,Conductor,Femenino,NO,Sin Registro,Solo Daños,Choque,Adelantar cerrando,Calle 49  Sur Carrera 50,Las Vegas,Urbana,
2171436,12/05/2017,6:40 a.m.,Viernes,Tractocamion,Publico,Conductor,Masculino,NO,Sin Registro,Solo Daños,Choque,Adelantar cerrando,Calle 49  Sur Carrera 50,Las Vegas,Urbana,
2171424,12/05/2017,9:30 p.m.,Viernes,Camioneta,Particular,Conductor,Masculino,NO,Sin Registro,Solo Daños,Choque,No mantener distancia de seguridad,Calle 30  Sur Carrera 45 A,Las Vegas,Urbana,"(6.178033442, -75.58652397)"
2171424,12/05/2017,9:30 p.m.,Viernes,Automovil,Particular,Conductor,Masculino,NO,Sin Registro,Solo Daños,Choque,No mantener distancia de seguridad,Calle 30  Sur Carrera 45 A,Las Vegas,Urbana,"(6.178033442, -75.58652397)"
2171421,12/05/2017,11:00 p.m.,Viernes,Automovil,Publico,Conductor,Masculino,NO,Sin Registro,Solo Daños,Choque,Adelantar cerrando,Calle 40  Sur Carrera 43 A,Alcala,Urbana,"(6.167965983, -75.59024215)"
2171421,12/05/2017,11:00 p.m.,Viernes,Automovil,Particular,Conductor,Femenino,NO,Sin Registro,Solo Daños,Choque,Adelantar cerrando,Calle 40  Sur Carrera 43 A,Alcala,Urbana,"(6.167965983, -75.59024215)"
2171450,05/13/2017,8:10 a.m.,Sábado,Sin Registro,Publico,Conductor,Masculino,NO,Sin Registro,Solo Daños,Choque,Desobedecer senales,Carrera 48 Calle 38 A Sur,Alcala,Urbana,"(6.172315595, -75.59309025)"
2171450,05/13/2017,8:10 a.m.,Sábado,Campero,Particular,Conductor,Masculino,NO,Sin Registro,Solo Daños,Choque,Desobedecer senales,Carrera 48 Calle 38 A Sur,Alcala,Urbana,"(6.172315595, -75.59309025)"
2171429,05/13/2017,3:15 p.m.,Sábado,Bus,Publico,Conductor,Masculino,NO,Sin Registro,Solo Daños,Choque,Poner en marcha un vehiculo sin precauci,Carrera 48 Calle 32 B Sur,Las Vegas,Urbana,"(6.176994311, -75.58984119)"
2171429,05/13/2017,3:15 p.m.,Sábado,Automovil,Particular,Conductor,Femenino,NO,Sin Registro,Solo Daños,Choque,Poner en marcha un vehiculo sin precauci,Carrera 48 Calle 32 B Sur,Las Vegas,Urbana,"(6.176994311, -75.58984119)"
2171427,05/13/2017,8:00 p.m.,Sábado,Motocicleta,Particular,Motociclista,Masculino,SI,2,Herido,Choque,Embriaguez o droga,Calle 25  Sur Carrera 42 B,Las Orquideas,Urbana,"(6.179561127, -75.57986633)"
2171427,05/13/2017,8:00 p.m.,Sábado,Automovil,Particular,Conductor,Masculino,NO,Sin Registro,Herido,Choque,Transitar entre vehiculos,Calle 25  Sur Carrera 42 B,Las Orquideas,Urbana,"(6.179561127, -75.57986633)"
2171427,05/13/2017,8:00 p.m.,Sábado,Automovil,Particular,Conductor,Masculino,NO,Sin Registro,Herido,Choque,Embriaguez o droga,Calle 25  Sur Carrera 42 B,Las Orquideas,Urbana,"(6.179561127, -75.57986633)"
2171427,05/13/2017,8:00 p.m.,Sábado,Motocicleta,Particular,Motociclista,Masculino,SI,2,Herido,Choque,Transitar entre vehiculos,Calle 25  Sur Carrera 42 B,Las Orquideas,Urbana,"(6.179561127, -75.57986633)"
2171414,05/13/2017,2:15 a.m.,Sábado,Automovil,Particular,Conductor,Masculino,NO,Sin Registro,Solo Daños,Choque,No mantener distancia de seguridad,Carrera 43 A Calle 30  Sur,Avenida El Poblado,Urbana,"(6.177072638, -75.58533615)"
2171414,05/13/2017,2:15 a.m.,Sábado,Automovil,Publico,Conductor,Masculino,NO,Sin Registro,Solo Daños,Choque,Desobedecer senales,Carrera 43 A Calle 30  Sur,Avenida El Poblado,Urbana,"(6.177072638, -75.58533615)"
2171414,05/13/2017,2:15 a.m.,Sábado,Automovil,Publico,Conductor,Masculino,NO,Sin Registro,Solo Daños,Choque,No mantener distancia de seguridad,Carrera 43 A Calle 30  Sur,Avenida El Poblado,Urbana,"(6.177072638, -75.58533615)"
2171414,05/13/2017,2:15 a.m.,Sábado,Automovil,Particular,Conductor,Masculino,NO,Sin Registro,Solo Daños,Choque,Desobedecer senales,Carrera 43 A Calle 30  Sur,Avenida El Poblado,Urbana,"(6.177072638, -75.58533615)"
2171443,05/13/2017,8:50 p.m.,Sábado,Motocicleta,Particular,Motociclista,Masculino,NO,Sin Registro,Herido,Atropello,Exceso de velocidad,Calle 40 C Sur Carrera 29,La Mina,Urbana,"(6.160404351, -75.58251503)"
2171443,05/13/2017,8:50 p.m.,Sábado,Motocicleta,Particular,Motociclista,Masculino,NO,Sin Registro,Herido,Atropello,Impericia en el manejo,Calle 40 C Sur Carrera 29,La Mina,Urbana,"(6.160404351, -75.58251503)"
2171441,05/13/2017,10:30 a.m.,Sábado,Motocicleta,Particular,Motociclista,Masculino,NO,Sin Registro,Solo Daños,Choque,Adelantar por la derecha,Calle 39  Sur Carrera 40,Zona Centro,Urbana,"(6.167409609, -75.58672098)"
2171441,05/13/2017,10:30 a.m.,Sábado,Camioneta,Particular,Conductor,Femenino,NO,Sin Registro,Solo Daños,Choque,Adelantar por la derecha,Calle 39  Sur Carrera 40,Zona Centro,Urbana,"(6.167409609, -75.58672098)"
2171417,05/13/2017,3:40 p.m.,Sábado,Microbus,Publico,Conductor,Masculino,NO,Sin Registro,Solo Daños,Choque,Adelantar cerrando,Carrera 48 Calle 33 B Sur,Las Vegas,Urbana,"(6.175955833, -75.59046195)"
2171417,05/13/2017,3:40 p.m.,Sábado,Automovil,Particular,Conductor,Masculino,NO,Sin Registro,Solo Daños,Choque,Adelantar cerrando,Carrera 48 Calle 33 B Sur,Las Vegas,Urbana,"(6.175955833, -75.59046195)"
2171439,05/13/2017,9:40 a.m.,Sábado,Motocicleta,Particular,Motociclista,Masculino,NO,Sin Registro,Solo Daños,Choque,Adelantar en zona prohibida,Calle 37  Sur Carrera 50,Las Vegas,Urbana,
2171439,05/13/2017,9:40 a.m.,Sábado,Campero,Particular,Conductor,Masculino,NO,Sin Registro,Solo Daños,Choque,Adelantar en zona prohibida,Calle 37  Sur Carrera 50,Las Vegas,Urbana,
2171433,05/13/2017,7:40 a.m.,Sábado,Motocicleta,Particular,Motociclista,Masculino,NO,Sin Registro,Herido,Choque,Desobedecer senales,Calle 38  Sur Carrera 36,Mesa,Urbana,"(6.167371692, -75.58367367)"
2171433,05/13/2017,7:40 a.m.,Sábado,Automovil,Publico,Conductor,Femenino,NO,Sin Registro,Herido,Choque,Desobedecer senales,Calle 38  Sur Carrera 36,Mesa,Urbana,"(6.167371692, -75.58367367)"
2171411,05/13/2017,4:55 p.m.,Sábado,Automovil,Publico,Conductor,Masculino,NO,Sin Registro,Solo Daños,Choque,Exceso de velocidad,Carrera 48 Calle 50  Sur,Las Vegas,Urbana,
2171411,05/13/2017,4:55 p.m.,Sábado,Motocicleta,Particular,Motociclista,Masculino,NO,Sin Registro,Solo Daños,Choque,Exceso de velocidad,Carrera 48 Calle 50  Sur,Las Vegas,Urbana,
2171438,05/14/2017,8:15 a.m.,Domingo,Bus,Publico,Conductor,Masculino,NO,Sin Registro,Solo Daños,Choque,Desobedecer senales,Calle 38  Sur Carrera 37,Mesa,Urbana,"(6.167718264, -75.5841855)"
2171438,05/14/2017,8:15 a.m.,Domingo,Automovil,Particular,Conductor,Femenino,NO,Sin Registro,Solo Daños,Choque,Desobedecer senales,Calle 38  Sur Carrera 37,Mesa,Urbana,"(6.167718264, -75.5841855)"
2171428,05/14/2017,10:20 a.m.,Domingo,Automovil,Particular,Conductor,Masculino,NO,Sin Registro,Herido,Choque,Desobedecer senales,Calle 25 A Sur Carrera 43 A,Zona Centro,Urbana,"(6.181689385, -75.58241799)"
2171428,05/14/2017,10:20 a.m.,Domingo,Motocicleta,Particular,Motociclista,Masculino,NO,Sin Registro,Herido,Choque,Desobedecer senales,Calle 25 A Sur Carrera 43 A,Zona Centro,Urbana,"(6.181689385, -75.58241799)"
2171440,05/14/2017,4:30 p.m.,Domingo,Automovil,Particular,Conductor,Masculino,NO,Sin Registro,Solo Daños,Choque,No mantener distancia de seguridad,Tramo 372 Kilometro  4,Vereda Palmas,Rural,
2171440,05/14/2017,4:30 p.m.,Domingo,Automovil,Publico,Conductor,Masculino,NO,Sin Registro,Solo Daños,Choque,No mantener distancia de seguridad,Tramo 372 Kilometro  4,Vereda Palmas,Rural,
2171422,05/14/2017,9:15 p.m.,Domingo,Automovil,Particular,Conductor,Masculino,NO,Sin Registro,Solo Daños,Choque,Adelantar cerrando,Calle 39 B Sur Carrera 34 A,Mesa,Urbana,"(6.164803144, -75.58429544)"
2171422,05/14/2017,9:15 p.m.,Domingo,Automovil,Publico,Conductor,Masculino,NO,Sin Registro,Solo Daños,Choque,Adelantar cerrando,Calle 39 B Sur Carrera 34 A,Mesa,Urbana,"(6.164803144, -75.58429544)"
2171419,05/14/2017,1:55 p.m.,Domingo,Automovil,Particular,Conductor,Masculino,NO,Sin Registro,Solo Daños,Choque,Reverso imprudente,Tramo 12 Kilometro  12,Vereda Palmas,Rural,
2171416,05/14/2017,10:20 p.m.,Domingo,Automovil,Publico,Conductor,Masculino,NO,Sin Registro,Herido,Choque,Semaforo en rojo,Calle 45 B Sur Carrera 43 A,Primavera,Urbana,"(6.164485785, -75.59467842)"
2171416,05/14/2017,10:20 p.m.,Domingo,Motocicleta,Particular,Motociclista,Masculino,NO,Sin Registro,Herido,Choque,Semaforo en rojo,Calle 45 B Sur Carrera 43 A,Primavera,Urbana,"(6.164485785, -75.59467842)"
2171448,05/15/2017,5:00 p.m.,Lunes,Automovil,Particular,Conductor,Masculino,NO,Sin Registro,Solo Daños,Choque,No mantener distancia de seguridad,Carrera 43 A Calle 46  Sur,Primavera,Urbana,"(6.164030981, -75.59599263)"
2171448,05/15/2017,5:00 p.m.,Lunes,Microbus,Publico,Conductor,Masculino,NO,Sin Registro,Solo Daños,Choque,No mantener distancia de seguridad,Carrera 43 A Calle 46  Sur,Primavera,Urbana,"(6.164030981, -75.59599263)"
2171430,05/15/2017,8:05 a.m.,Lunes,Automovil,Publico,Conductor,Masculino,NO,Sin Registro,Solo Daños,Choque,No mantener distancia de seguridad,Calle 46  Sur Carrera 46,Primavera,Urbana,"(6.164633401, -75.59668961)"
2171430,05/15/2017,8:05 a.m.,Lunes,Camioneta,Publico,Conductor,Masculino,NO,Sin Registro,Solo Daños,Choque,No mantener distancia de seguridad,Calle 46  Sur Carrera 46,Primavera,Urbana,"(6.164633401, -75.59668961)"
2171435,05/15/2017,7:40 p.m.,Lunes,Automovil,Particular,Conductor,Masculino,NO,Sin Registro,Solo Daños,Choque,Reverso imprudente,Carrera 43 A Calle 37  Sur,San Marcos,Urbana,"(6.171024704, -75.5881647)"
2171435,05/15/2017,7:40 p.m.,Lunes,Automovil,Particular,Conductor,Masculino,NO,Sin Registro,Solo Daños,Choque,Reverso imprudente,Carrera 43 A Calle 37  Sur,San Marcos,Urbana,"(6.171024704, -75.5881647)"
2171487,05/15/2017,7:45 p.m.,Lunes,Automovil,Particular,Conductor,Femenino,NO,Sin Registro,Herido,Choque,Desobedecer senales,Calle 38 A Sur Carrera 33,Mesa,Urbana,"(6.165645413, -75.58254878)"
2171487,05/15/2017,7:45 p.m.,Lunes,Motocicleta,Particular,Motociclista,Masculino,NO,Sin Registro,Herido,Choque,Desobedecer senales,Calle 38 A Sur Carrera 33,Mesa,Urbana,"(6.165645413, -75.58254878)"
2171483,05/15/2017,1:20 p.m.,Lunes,Automovil,Particular,Conductor,Masculino,NO,Sin Registro,Solo Daños,Choque,Adelantar por la derecha,Calle 31  Sur Carrera 43 A,San Marcos,Urbana,"(6.176823564, -75.58539215)"
2171483,05/15/2017,1:20 p.m.,Lunes,Motocicleta,Particular,Motociclista,Masculino,NO,Sin Registro,Solo Daños,Choque,Adelantar por la derecha,Calle 31  Sur Carrera 43 A,San Marcos,Urbana,"(6.176823564, -75.58539215)"
2171454,05/15/2017,8:10 p.m.,Lunes,Automovil,Diplomatico,Conductor,Masculino,NO,Sin Registro,Herido,Choque,Adelantar en zona prohibida,Calle 39 B Sur Carrera 27 D,El Chinguí,Urbana,"(6.160875824, -75.58101028)"
2171454,05/15/2017,8:10 p.m.,Lunes,Motocicleta,Particular,Motociclista,Masculino,NO,Sin Registro,Herido,Choque,Adelantar en zona prohibida,Calle 39 B Sur Carrera 27 D,El Chinguí,Urbana,"(6.160875824, -75.58101028)"
2171444,05/15/2017,12:20 p.m.,Lunes,Camioneta,Particular,Conductor,Masculino,NO,Sin Registro,Solo Daños,Choque,No mantener distancia de seguridad,Calle 38  Sur Autopista 46,Alcala,Urbana,"(6.171966643, -75.59136974)"
2171444,05/15/2017,12:20 p.m.,Lunes,Motocicleta,Particular,Motociclista,Masculino,NO,Sin Registro,Solo Daños,Choque,No mantener distancia de seguridad,Calle 38  Sur Autopista 46,Alcala,Urbana,"(6.171966643, -75.59136974)"
2171447,05/15/2017,2:20 p.m.,Lunes,Bus,Publico,Conductor,Masculino,NO,Sin Registro,Solo Daños,Choque,Adelantar cerrando,Carrera 43 A Calle 33 B Sur,Zona Centro,Urbana,"(6.173325428, -75.5866772)"
2171447,05/15/2017,2:20 p.m.,Lunes,Bus,Publico,Conductor,Masculino,NO,Sin Registro,Solo Daños,Choque,Adelantar cerrando,Carrera 43 A Calle 33 B Sur,Zona Centro,Urbana,"(6.173325428, -75.5866772)"
2171458,05/15/2017,6:40 a.m.,Lunes,Automovil,Particular,Conductor,Masculino,NO,Sin Registro,Herido,Choque,No mantener distancia de seguridad,Tramo 372 Kilometro  11,Vereda Palmas,Rural,
2171458,05/15/2017,6:40 a.m.,Lunes,Automovil,Particular,Conductor,Masculino,NO,Sin Registro,Herido,Choque,No mantener distancia de seguridad,Tramo 372 Kilometro  11,Vereda Palmas,Rural,
2171432,05/15/2017,2:30 p.m.,Lunes,Automovil,Particular,Conductor,Masculino,NO,Sin Registro,Solo Daños,Choque,No mantener distancia de seguridad,Carrera 43 A Calle 27  Sur,Villa Grande,Urbana,"(6.179697995, -75.58317722)"
2171461,05/16/2017,12:32 p.m.,Martes,Campero,Particular,Conductor,Masculino,NO,Sin Registro,Herido,Choque,Adelantar cerrando,Tramo 372 Kilometro  14,Vereda Palmas,Rural,
2171432,05/15/2017,2:30 p.m.,Lunes,Campero,Particular,Conductor,Femenino,NO,Sin Registro,Solo Daños,Choque,No mantener distancia de seguridad,Carrera 43 A Calle 27  Sur,Villa Grande,Urbana,"(6.179697995, -75.58317722)"
2171434,05/15/2017,5:30 p.m.,Lunes,Automovil,Particular,Conductor,Masculino,NO,Sin Registro,Solo Daños,Choque,Adelantar por la derecha,Carrera 47 Calle 38 A Sur,Alcala,Urbana,"(6.1715299, -75.59258954)"
2171434,05/15/2017,5:30 p.m.,Lunes,Motocicleta,Particular,Motociclista,Masculino,NO,Sin Registro,Solo Daños,Choque,Adelantar por la derecha,Carrera 47 Calle 38 A Sur,Alcala,Urbana,"(6.1715299, -75.59258954)"
2171455,05/15/2017,7:45 a.m.,Lunes,Automovil,Publico,Conductor,Masculino,NO,Sin Registro,Solo Daños,Choque,No mantener distancia de seguridad,Calle 38  Sur Carrera 46,Zona Centro,Urbana,"(6.171966643, -75.59136974)"
2171455,05/15/2017,7:45 a.m.,Lunes,Motocicleta,Particular,Motociclista,Masculino,NO,Sin Registro,Solo Daños,Choque,No mantener distancia de seguridad,Calle 38  Sur Carrera 46,Zona Centro,Urbana,"(6.171966643, -75.59136974)"
2171437,05/15/2017,5:35 p.m.,Lunes,Bus,Publico,Conductor,Masculino,NO,Sin Registro,Solo Daños,Choque,Adelantar cerrando,Calle 39  Sur Carrera 43 A,Zona Centro,Urbana,"(6.169120914, -75.58953036)"
2171437,05/15/2017,5:35 p.m.,Lunes,Camioneta,Particular,Conductor,Femenino,NO,Sin Registro,Solo Daños,Choque,Adelantar cerrando,Calle 39  Sur Carrera 43 A,Zona Centro,Urbana,"(6.169120914, -75.58953036)"
2171449,05/15/2017,10:00 p.m.,Lunes,Automovil,Particular,Conductor,Femenino,NO,Sin Registro,Solo Daños,Choque,Semaforo en rojo,Diagonal 31 E Transversal 34 D Sur,Los Naranjos,Urbana,"(6.17201459, -75.57921611)"
2171449,05/15/2017,10:00 p.m.,Lunes,Motocicleta,Particular,Motociclista,Masculino,NO,Sin Registro,Solo Daños,Choque,Semaforo en rojo,Diagonal 31 E Transversal 34 D Sur,Los Naranjos,Urbana,"(6.17201459, -75.57921611)"
2171456,05/15/2017,8:55 a.m.,Lunes,Camioneta,Particular,Conductor,Masculino,NO,Sin Registro,Solo Daños,Choque,No mantener distancia de seguridad,Calle 35  Sur Carrera 42,Zona Centro,Urbana,"(6.17174158, -75.58606857)"
2171456,05/15/2017,8:55 a.m.,Lunes,Motocicleta,Particular,Motociclista,Femenino,NO,Sin Registro,Solo Daños,Choque,No mantener distancia de seguridad,Calle 35  Sur Carrera 42,Zona Centro,Urbana,"(6.17174158, -75.58606857)"
2171473,05/16/2017,5:00 p.m.,Martes,Automovil,Particular,Conductor,Masculino,NO,Sin Registro,Solo Daños,Choque,Poner en marcha un vehiculo sin precauci,Carrera 43 Calle 45  Sur,La Paz,Urbana,"(6.164788627, -75.59430679)"