RADICADO,FECHA,HORA,DÍA DE LA SEMANA,CLASE DE VEHICULO,TIPO DE SERVICIO,TIPO DE VICTIMA,SEXO,ESTADO DE BEODEZ,RESULTADO DE BEODEZ,GRAVEDAD,CLASE DE ACCIDENTE,CAUSA,DIRECCIÓN,BARRIO,AREA,Coordenadas
2171473,05/16/2017,5:00 p.m.,Martes,Automovil,Particular,Conductor,Femenino,NO,Sin Registro,Solo Daños,Choque,Poner en marcha un vehiculo sin precauci,Carrera 43 Calle 45  Sur,La Paz,Urbana,"(6.164788627, -75.59430679)"
2171453,05/16/2017,2:25 p.m.,Martes,Bus,Publico,Conductor,Masculino,NO,Sin Registro,Solo Daños,Choque,No respetar pelacion de interseccion o giros,Calle 39  Sur Carrera 43,Zona Centro,Urbana,"(6.168678771, -75.58876156)"
2171453,05/16/2017,2:25 p.m.,Martes,Automovil,Particular,Conductor,Masculino,NO,Sin Registro,Solo Daños,Choque,No respetar pelacion de interseccion o giros,Calle 39  Sur Carrera 43,Zona Centro,Urbana,"(6.168678771, -75.58876156)"
2171459,05/16/2017,12:30 p.m.,Martes,Sin Registro,Particular,Conductor,Masculino,NO,Sin Registro,Solo Daños,Choque,No mantener distancia de seguridad,Calle 49 D Sur Carrera 40 A,Las Flores,Urbana,"(6.155814881, -75.60075467)"
2171457,05/16/2017,6:45 a.m.,Martes,Camioneta,Particular,Conductor,Masculino,NO,Sin Registro,Solo Daños,Choque,No mantener distancia de seguridad,Calle 26  Sur Carrera 50,Las Vegas,Urbana,
2171457,05/16/2017,6:45 a.m.,Martes,Motocicleta,Particular,Motociclista,Masculino,NO,Sin Registro,Solo Daños,Choque,No mantener distancia de seguridad,Calle 26  Sur Carrera 50,Las Vegas,Urbana,
2171445,05/16/2017,5:25 p.m.,Martes,Automovil,Particular,Conductor,Femenino,NO,Sin Registro,Solo Daños,Choque,No mantener distancia de seguridad,Carrera 27 Calle 35  Sur,La Inmaculada,Urbana,
2171445,05/16/2017,5:25 p.m.,Martes,Automovil,Particular,Conductor,Masculino,NO,Sin Registro,Solo Daños,Choque,No mantener distancia de seguridad,Carrera 27 Calle 35  Sur,La Inmaculada,Urbana,
2171451,05/16/2017,9:15 p.m.,Martes,Bicicleta,Sin Registro,Ciclista,Masculino,NO,Sin Registro,Herido,Choque,Poner en marcha un vehiculo sin precauci,Calle 41 AA Sur Carrera 29 B,San Rafael,Urbana,"(6.158759794, -75.58563335)"
2171451,05/16/2017,9:15 p.m.,Martes,Automovil,Diplomatico,Conductor,Masculino,NO,Sin Registro,Herido,Choque,Poner en marcha un vehiculo sin precauci,Calle 41 AA Sur Carrera 29 B,San Rafael,Urbana,"(6.158759794, -75.58563335)"
2171461,05/16/2017,12:32 p.m.,Martes,Motocicleta,Particular,Motociclista,Masculino,NO,Sin Registro,Herido,Choque,Adelantar cerrando,Tramo 372 Kilometro  14,Vereda Palmas,Rural,
2171446,05/16/2017,9:30 p.m.,Martes,Camioneta,Particular,Conductor,Masculino,NO,Sin Registro,Solo Daños,Choque,Impericia en el manejo,Calle 29  Sur Carrera 46 A,El Portal,Urbana,"(6.180673523, -75.58690575)"
2171475,05/16/2017,2:40 p.m.,Martes,Automovil,Particular,Conductor,Femenino,NO,Sin Registro,Solo Daños,Choque,Adelantar cerrando,Calle 36  Sur Carrera 45 A,San Marcos,Urbana,"(6.172557903, -75.58890252)"
2171475,05/16/2017,2:40 p.m.,Martes,Camioneta,Publico,Conductor,Masculino,NO,Sin Registro,Solo Daños,Choque,Adelantar cerrando,Calle 36  Sur Carrera 45 A,San Marcos,Urbana,"(6.172557903, -75.58890252)"
2171452,05/16/2017,12:50 p.m.,Martes,Automovil,Publico,Conductor,Masculino,NO,Sin Registro,Solo Daños,Choque,No respetar prelacion,Calle 27  Sur Carrera 28,El Esmeraldal,Urbana,"(6.175346318, -75.5745834)"
2171452,05/16/2017,12:50 p.m.,Martes,Automovil,Particular,Conductor,Masculino,NO,Sin Registro,Solo Daños,Choque,No respetar prelacion,Calle 27  Sur Carrera 28,El Esmeraldal,Urbana,"(6.175346318, -75.5745834)"
2171477,05/17/2017,1:00 p.m.,Miércoles,Motocicleta,Particular,Motociclista,Femenino,NO,Sin Registro,Herido,Choque,No respetar prelacion,Calle 27  Sur Carrera 27 B,El Esmeraldal,Urbana,"(6.173240655, -75.56909801)"
2171477,05/17/2017,1:00 p.m.,Miércoles,Motocicleta,Particular,Motociclista,Masculino,NO,Sin Registro,Herido,Choque,No respetar prelacion,Calle 27  Sur Carrera 27 B,El Esmeraldal,Urbana,"(6.173240655, -75.56909801)"
2171462,05/17/2017,6:05 a.m.,Miércoles,Camioneta,Particular,Conductor,Femenino,NO,Sin Registro,Solo Daños,Choque,Desobedecer senales,Calle 39 B Sur Carrera 32,Mesa,Urbana,"(6.163909636, -75.5829262)"
2171462,05/17/2017,6:05 a.m.,Miércoles,Camioneta,Particular,Conductor,Femenino,NO,Sin Registro,Solo Daños,Choque,Desobedecer senales,Calle 39 B Sur Carrera 32,Mesa,Urbana,"(6.163909636, -75.5829262)"
2171482,05/17/2017,8:00 p.m.,Miércoles,Automovil,Particular,Conductor,Masculino,NO,Sin Registro,Solo Daños,Choque,No mantener distancia de seguridad,Calle 36  Sur Carrera 27 B,El Chocho,Urbana,"(6.167598765, -75.57261582)"
2171482,05/17/2017,8:00 p.m.,Miércoles,Automovil,Particular,Conductor,Femenino,NO,Sin Registro,Solo Daños,Choque,No mantener distancia de seguridad,Calle 36  Sur Carrera 27 B,El Chocho,Urbana,"(6.167598765, -75.57261582)"
2171476,05/17/2017,12:20 p.m.,Miércoles,Automovil,Particular,Conductor,Femenino,NO,Sin Registro,Herido,Choque,Transitar entre vehiculos,Tramo 372 Kilometro  8,Vereda Palmas,Rural,
2171476,05/17/2017,12:20 p.m.,Miércoles,Motocicleta,Particular,Motociclista,Masculino,NO,Sin Registro,Herido,Choque,Transitar entre vehiculos,Tramo 372 Kilometro  8,Vereda Palmas,Rural,
2171476,05/17/2017,12:20 p.m.,Miércoles,Camioneta,Oficial,Conductor,Masculino,NO,Sin Registro,Herido,Choque,Transitar entre vehiculos,Tramo 372 Kilometro  8,Vereda Palmas,Rural,
2171486,05/17/2017,1:30 p.m.,Miércoles,Camioneta,Particular,Conductor,Femenino,NO,Sin Registro,Solo Daños,Choque,Reverso imprudente,Calle 35  Sur Carrera 45 B,El Portal,Urbana,"(6.173962614, -75.58962161)"
2171486,05/17/2017,1:30 p.m.,Miércoles,Campero,Particular,Conductor,Masculino,NO,Sin Registro,Solo Daños,Choque,Reverso imprudente,Calle 35  Sur Carrera 45 B,El Portal,Urbana,"(6.173962614, -75.58962161)"
2171481,05/17/2017,8:25 a.m.,Miércoles,Bicicleta,Sin Registro,Ciclista,Masculino,NO,Sin Registro,Herido,Choque,Transitar entre vehiculos,Calle 43  Sur Carrera 50,Las Vegas,Urbana,"(6.159203801, -75.60259496)"
2171481,05/17/2017,8:25 a.m.,Miércoles,Camion,Publico,Conductor,Masculino,NO,Sin Registro,Herido,Choque,Transitar entre vehiculos,Calle 43  Sur Carrera 50,Las Vegas,Urbana,"(6.159203801, -75.60259496)"
2171466,05/17/2017,6:40 a.m.,Miércoles,Campero,Particular,Conductor,Masculino,NO,Sin Registro,Solo Daños,Choque,No respetar prelacion,Calle 25  Sur Carrera 47,Zuñiga,Urbana,
2171466,05/17/2017,6:40 a.m.,Miércoles,Automovil,Particular,Conductor,Masculino,NO,Sin Registro,Solo Daños,Choque,No respetar prelacion,Calle 25  Sur Carrera 47,Zuñiga,Urbana,
2171467,05/17/2017,4:25 p.m.,Miércoles,Automovil,Particular,Conductor,Masculino,NO,Sin Registro,Herido,Choque,Adelantar en zona prohibida,Calle 40 F Sur Carrera 32 B,San Jose,Urbana,"(6.162643008, -75.58590704)"
2171467,05/17/2017,4:25 p.m.,Miércoles,Motocicleta,Particular,Motociclista,Masculino,NO,Sin Registro,Herido,Choque,Adelantar en zona prohibida,Calle 40 F Sur Carrera 32 B,San Jose,Urbana,"(6.162643008, -75.58590704)"
2171469,05/17/2017,7:30 a.m.,Miércoles,Automovil,Particular,Conductor,Masculino,NO,Sin Registro,Solo Daños,Choque,Adelantar en zona prohibida,Calle 36 D Sur Carrera 25,Vereda El Escobero,Urbana,"(6.157838588, -75.56652157)"
2171469,05/17/2017,7:30 a.m.,Miércoles,Motocicleta,Particular,Motociclista,Masculino,NO,Sin Registro,Solo Daños,Choque,Adelantar en zona prohibida,Calle 36 D Sur Carrera 25,Vereda El Escobero,Urbana,"(6.157838588, -75.56652157)"
2171460,05/17/2017,10:30 a.m.,Miércoles,Automovil,Particular,Conductor,Femenino,NO,Sin Registro,Solo Daños,Choque,Poner en marcha un vehiculo sin precauci,Calle 39  Sur Carrera 42,Zona Centro,Urbana,"(6.168300638, -75.58815927)"
2171460,05/17/2017,10:30 a.m.,Miércoles,Campero,Particular,Conductor,Masculino,NO,Sin Registro,Solo Daños,Choque,Poner en marcha un vehiculo sin precauci,Calle 39  Sur Carrera 42,Zona Centro,Urbana,"(6.168300638, -75.58815927)"
2171472,05/17/2017,3:35 p.m.,Miércoles,Camioneta,Publico,Conductor,Masculino,NO,Sin Registro,Solo Daños,Choque,No mantener distancia de seguridad,Calle 38  Sur Carrera 47 A,Alcala,Urbana,"(6.172609491, -75.59229961)"
2171472,05/17/2017,3:35 p.m.,Miércoles,Automovil,Particular,Conductor,Femenino,NO,Sin Registro,Solo Daños,Choque,No mantener distancia de seguridad,Calle 38  Sur Carrera 47 A,Alcala,Urbana,"(6.172609491, -75.59229961)"
2171464,05/17/2017,9:40 a.m.,Miércoles,Automovil,Particular,Conductor,Femenino,NO,Sin Registro,Solo Daños,Choque,Adelantar por la derecha,Calle 40  Sur Carrera 46 A,Alcala,Urbana,"(6.169204277, -75.59429539)"
2171464,05/17/2017,9:40 a.m.,Miércoles,Motocicleta,Particular,Motociclista,Masculino,NO,Sin Registro,Solo Daños,Choque,Adelantar por la derecha,Calle 40  Sur Carrera 46 A,Alcala,Urbana,"(6.169204277, -75.59429539)"
2171471,05/17/2017,3:45 p.m.,Miércoles,Automovil,Particular,Conductor,Femenino,NO,Sin Registro,Solo Daños,Choque,No mantener distancia de seguridad,Carrera 50 Calle 43  Sur,Las Vegas,Urbana,
2171471,05/17/2017,3:45 p.m.,Miércoles,Automovil,Particular,Conductor,Masculino,NO,Sin Registro,Solo Daños,Choque,No mantener distancia de seguridad,Carrera 50 Calle 43  Sur,Las Vegas,Urbana,
2171463,05/17/2017,9:50 p.m.,Miércoles,Motocicleta,Particular,Motociclista,Masculino,NO,Sin Registro,Herido,Atropello,Cruzar sin observar,Calle 19  Sur Carrera 50,Las Vegas,Urbana,
2171470,05/17/2017,8:50 a.m.,Miércoles,Automovil,Particular,Conductor,Masculino,NO,Sin Registro,Solo Daños,Choque,Adelantar en zona prohibida,Diagonal 33 Transversal 34 E,Las Vegas,Urbana,"(6.172651904, -75.58382242)"
2171470,05/17/2017,8:50 a.m.,Miércoles,Motocicleta,Particular,Motociclista,Masculino,NO,Sin Registro,Solo Daños,Choque,Adelantar en zona prohibida,Diagonal 33 Transversal 34 E,Las Vegas,Urbana,"(6.172651904, -75.58382242)"
2171468,05/17/2017,7:50 a.m.,Miércoles,Camioneta,Particular,Conductor,Femenino,NO,Sin Registro,Solo Daños,Choque,Adelantar cerrando,Carrera 50 Calle 19  Sur,Las Vegas,Urbana,
2171468,05/17/2017,7:50 a.m.,Miércoles,Motocicleta,Particular,Motociclista,Masculino,NO,Sin Registro,Solo Daños,Choque,Adelantar cerrando,Carrera 50 Calle 19  Sur,Las Vegas,Urbana,
2171474,05/17/2017,5:40 p.m.,Miércoles,Automovil,Particular,Conductor,Masculino,NO,Sin Registro,Solo Daños,Choque,No mantener distancia de seguridad,Calle 30  Sur Carrera 48,Las Vegas,Urbana,"(6.180376127, -75.59028805)"
2171474,05/17/2017,5:40 p.m.,Miércoles,Automovil,Publico,Conductor,Masculino,NO,Sin Registro,Solo Daños,Choque,No mantener distancia de seguridad,Calle 30  Sur Carrera 48,Las Vegas,Urbana,"(6.180376127, -75.59028805)"
2171479,05/18/2017,9:10 a.m.,Jueves,Automovil,Particular,Conductor,Masculino,NO,Sin Registro,Solo Daños,Choque,No respetar prelacion,Carrera 48 Calle 32 B Sur,Las Vegas,Urbana,"(6.176994311, -75.58984119)"
2171479,05/18/2017,9:10 a.m.,Jueves,Automovil,Particular,Conductor,Femenino,NO,Sin Registro,Solo Daños,Choque,No respetar prelacion,Carrera 48 Calle 32 B Sur,Las Vegas,Urbana,"(6.176994311, -75.58984119)"
2171480,05/18/2017,8:10 a.m.,Jueves,Camion,Publico,Conductor,Masculino,NO,Sin Registro,Solo Daños,Choque,Otra,Calle 38  Sur Carrera 43 A,Zona Centro,Urbana,"(6.170537577, -75.58862514)"
2171512,05/18/2017,2:15 p.m.,Jueves,Campero,Particular,Conductor,Masculino,NO,Sin Registro,Solo Daños,Choque,No mantener distancia de seguridad,Tramo 12 Kilometro  12,Vereda Palmas,Rural,
2171512,05/18/2017,2:15 p.m.,Jueves,Automovil,Particular,Conductor,Femenino,NO,Sin Registro,Solo Daños,Choque,No mantener distancia de seguridad,Tramo 12 Kilometro  12,Vereda Palmas,Rural,
2171512,05/18/2017,2:15 p.m.,Jueves,Automovil,Particular,Conductor,Masculino,NO,Sin Registro,Solo Daños,Choque,No mantener distancia de seguridad,Tramo 12 Kilometro  12,Vereda Palmas,Rural,
2171512,05/18/2017,2:15 p.m.,Jueves,Automovil,Particular,Conductor,Femenino,NO,Sin Registro,Solo Daños,Choque,No mantener distancia de seguridad,Tramo 12 Kilometro  12,Vereda Palmas,Rural,
2171485,05/18/2017,4:30 p.m.,Jueves,Motocicleta,Particular,Motociclista,Masculino,NO,Sin Registro,Solo Daños,Choque,Transitar entre vehiculos,Carrera 50 Calle 32  Sur,Las Vegas,Urbana,"(6.178248378, -75.59168828)"
2171485,05/18/2017,4:30 p.m.,Jueves,Automovil,Particular,Conductor,Femenino,NO,Sin Registro,Solo Daños,Choque,Transitar entre vehiculos,Carrera 50 Calle 32  Sur,Las Vegas,Urbana,"(6.178248378, -75.59168828)"
2171478,05/18/2017,9:40 a.m.,Jueves,Bus,Publico,Conductor,Masculino,NO,Sin Registro,Solo Daños,Choque,No mantener distancia de seguridad,Carrera 43 A Calle 23  Sur,Zuñiga,Urbana,"(6.182555831, -75.58017793)"
2171478,05/18/2017,9:40 a.m.,Jueves,Camioneta,Diplomatico,Conductor,Femenino,NO,Sin Registro,Solo Daños,Choque,No mantener distancia de seguridad,Carrera 43 A Calle 23  Sur,Zuñiga,Urbana,"(6.182555831, -75.58017793)"
2171478,05/18/2017,9:40 a.m.,Jueves,Bus,Publico,Conductor,Masculino,NO,Sin Registro,Solo Daños,Choque,No mantener distancia de seguridad,Carrera 43 A Calle 23  Sur,Zuñiga,Urbana,"(6.182555831, -75.58017793)"
2171465,05/18/2017,12:20 a.m.,Jueves,Motocicleta,Particular,Motociclista,Masculino,NO,Sin Registro,Herido,Atropello,No respetar prelacion,Calle 39  Sur Carrera 43 A,Zona Centro,Urbana,"(6.169120914, -75.58953036)"
2171465,05/18/2017,12:20 a.m.,Jueves,Automovil,Particular,Conductor,Masculino,NO,Sin Registro,Herido,Atropello,No respetar prelacion,Calle 39  Sur Carrera 43 A,Zona Centro,Urbana,"(6.169120914, -75.58953036)"
2171492,05/18/2017,6:35 p.m.,Jueves,Automovil,Particular,Conductor,Femenino,NO,Sin Registro,Solo Daños,Choque,Impericia en el manejo,Calle 46  Sur Carrera 44,Primavera,Urbana,"(6.164371719, -75.59631716)"
2171492,05/18/2017,6:35 p.m.,Jueves,Automovil,Particular,Conductor,Masculino,NO,Sin Registro,Solo Daños,Choque,Impericia en el manejo,Calle 46  Sur Carrera 44,Primavera,Urbana,"(6.164371719, -75.59631716)"
2171491,05/18/2017,12:50 p.m.,Jueves,Buseta,Publico,Conductor,Masculino,NO,Sin Registro,Solo Daños,Choque,No mantener distancia de seguridad,Calle 25  Sur Carrera 48,Las Vegas,Urbana,
2171491,05/18/2017,12:50 p.m.,Jueves,Automovil,Particular,Conductor,Masculino,NO,Sin Registro,Solo Daños,Choque,No mantener distancia de seguridad,Calle 25  Sur Carrera 48,Las Vegas,Urbana,
2171484,05/18/2017,3:50 p.m.,Jueves,Motocicleta,Particular,Motociclista,Masculino,NO,Sin Registro,Solo Daños,Choque,Adelantar cerrando,Calle 40 D Sur Carrera 39 A,El Dorado,Urbana,"(6.164920887, -75.58776066)"
2171484,05/18/2017,3:50 p.m.,Jueves,Automovil,Particular,Conductor,Masculino,NO,Sin Registro,Solo Daños,Choque,Adelantar cerrando,Calle 40 D Sur Carrera 39 A,El Dorado,Urbana,"(6.164920887, -75.58776066)"
2171497,05/19/2017,6:00 p.m.,Viernes,Motocicleta,Particular,Motociclista,Masculino,NO,Sin Registro,Solo Daños,Choque,No respetar prelacion,Tramo 12 Kilometro  14,Vereda Palmas,Rural,
2171497,05/19/2017,6:00 p.m.,Viernes,Automovil,Particular,Conductor,Femenino,NO,Sin Registro,Solo Daños,Choque,No respetar prelacion,Tramo 12 Kilometro  14,Vereda Palmas,Rural,
2171497,05/19/2017,6:00 p.m.,Viernes,Motocicleta,Particular,Motociclista,Masculino,NO,Sin Registro,Solo Daños,Choque,No respetar prelacion,Tramo 12 Kilometro  14,Vereda Palmas,Rural,
2171504,05/19/2017,5:00 p.m.,Viernes,Automovil,Diplomatico,Conductor,Femenino,NO,Sin Registro,Solo Daños,Choque,No mantener distancia de seguridad,Carrera 48 Calle 50  Sur,Las Vegas,Urbana,
2171504,05/19/2017,5:00 p.m.,Viernes,Automovil,Particular,Conductor,Femenino,NO,Sin Registro,Solo Daños,Choque,No mantener distancia de seguridad,Carrera 48 Calle 50  Sur,Las Vegas,Urbana,
2171507,05/19/2017,1:10 p.m.,Viernes,Buseta,Publico,Conductor,Masculino,NO,Sin Registro,Solo Daños,Choque,No mantener distancia de seguridad,Carrera 48 Calle 26  Sur,Las Vegas,Urbana,"(6.183318111, -75.58553718)"
2171507,05/19/2017,1:10 p.m.,Viernes,Buseta,Publico,Conductor,Masculino,NO,Sin Registro,Solo Daños,Choque,No mantener distancia de seguridad,Carrera 48 Calle 26  Sur,Las Vegas,Urbana,"(6.183318111, -75.58553718)"
2171513,05/19/2017,12:05 p.m.,Viernes,Automovil,Particular,Conductor,Femenino,NO,Sin Registro,Solo Daños,Choque,No mantener distancia de seguridad,Carrera 48 Calle 48  Sur,Las Vegas,Urbana,"(6.164595282, -75.60138041)"
2171513,05/19/2017,12:05 p.m.,Viernes,Automovil,Particular,Conductor,Masculino,NO,Sin Registro,Solo Daños,Choque,No mantener distancia de seguridad,Carrera 48 Calle 48  Sur,Las Vegas,Urbana,"(6.164595282, -75.60138041)"
2171510,05/19/2017,11:10 a.m.,Viernes,Automovil,Publico,Conductor,Masculino,NO,Sin Registro,Solo Daños,Choque,Adelantar cerrando,Calle 40 C Sur Carrera 30,San Jose,Urbana,"(6.161689933, -75.58340472)"
2171510,05/19/2017,11:10 a.m.,Viernes,Camion,Publico,Conductor,Masculino,NO,Sin Registro,Solo Daños,Choque,Adelantar cerrando,Calle 40 C Sur Carrera 30,San Jose,Urbana,"(6.161689933, -75.58340472)"
2171508,05/19/2017,7:45 p.m.,Viernes,Automovil,Particular,Conductor,Femenino,NO,Sin Registro,Solo Daños,Choque,No mantener distancia de seguridad,Calle 25  Sur Carrera 42 B,Las Orquideas,Urbana,"(6.179561127, -75.57986633)"
2171508,05/19/2017,7:45 p.m.,Viernes,Motocicleta,Particular,Motociclista,Masculino,NO,Sin Registro,Solo Daños,Choque,No mantener distancia de seguridad,Calle 25  Sur Carrera 42 B,Las Orquideas,Urbana,"(6.179561127, -75.57986633)"
2171535,05/19/2017,12:10 p.m.,Viernes,Automovil,Publico,Conductor,Masculino,NO,Sin Registro,Solo Daños,Choque,No respetar prelacion,Calle 26 B Sur Carrera 42,Las Orquideas,Urbana,"(6.176911315, -75.58005899)"
2171535,05/19/2017,12:10 p.m.,Viernes,Automovil,Particular,Conductor,Masculino,NO,Sin Registro,Solo Daños,Choque,No respetar prelacion,Calle 26 B Sur Carrera 42,Las Orquideas,Urbana,"(6.176911315, -75.58005899)"
2171521,05/19/2017,11:15 a.m.,Viernes,Camion,Publico,Conductor,Masculino,NO,Sin Registro,Solo Daños,Choque,Impericia en el manejo,Carrera 48 Calle 48  Sur,Las Vegas,Urbana,"(6.164595282, -75.60138041)"
2171511,05/19/2017,7:15 a.m.,Viernes,Automovil,Publico,Conductor,Masculino,NO,Sin Registro,Herido,Choque,Semaforo en rojo,Calle 21  Sur Carrera 43 A,Zuñiga,Urbana,"(6.18399286, -75.57959764)"
2171511,05/19/2017,7:15 a.m.,Viernes,Motocicleta,Particular,Motociclista,Masculino,NO,Sin Registro,Herido,Choque,Semaforo en rojo,Calle 21  Sur Carrera 43 A,Zuñiga,Urbana,"(6.18399286, -75.57959764)"
2171533,05/19/2017,10:15 a.m.,Viernes,Camioneta,Particular,Conductor,Masculino,NO,Sin Registro,Solo Daños,Choque,Reverso imprudente,Calle 36  Sur Carrera 38,Los Naranjos,Urbana,"(6.169465734, -75.58385868)"
2171533,05/19/2017,10:15 a.m.,Viernes,Campero,Particular,Conductor,Masculino,NO,Sin Registro,Solo Daños,Choque,Reverso imprudente,Calle 36  Sur Carrera 38,Los Naranjos,Urbana,"(6.169465734, -75.58385868)"
2171518,05/19/2017,5:20 p.m.,Viernes,Camioneta,Particular,Conductor,Masculino,NO,Sin Registro,Solo Daños,Choque,No respetar pelacion de interseccion o giros,Calle 38  Sur Carrera 39,Zona Centro,Urbana,"(6.16839174, -75.5852478)"
2171518,05/19/2017,5:20 p.m.,Viernes,Automovil,Publico,Conductor,Masculino,NO,Sin Registro,Solo Daños,Choque,No respetar pelacion de interseccion o giros,Calle 38  Sur Carrera 39,Zona Centro,Urbana,"(6.16839174, -75.5852478)"
2171502,05/19/2017,2:30 p.m.,Viernes,Automovil,Particular,Conductor,Masculino,NO,Sin Registro,Solo Daños,Choque,No mantener distancia de seguridad,Calle 37  Sur Carrera 49,El Portal,Urbana,"(6.174789471, -75.59420424)"
2171502,05/19/2017,2:30 p.m.,Viernes,Automovil,Publico,Conductor,Masculino,NO,Sin Registro,Solo Daños,Choque,No mantener distancia de seguridad,Calle 37  Sur Carrera 49,El Portal,Urbana,"(6.174789471, -75.59420424)"
2171522,05/19/2017,1:40 p.m.,Viernes,Automovil,Particular,Conductor,Masculino,NO,Sin Registro,Solo Daños,Choque,Impericia en el manejo,Calle 33 B Sur Carrera 43 A,El Portal,Urbana,"(6.173429457, -75.58671662)"
2171522,05/19/2017,1:40 p.m.,Viernes,Microbus,Publico,Conductor,Masculino,NO,Sin Registro,Solo Daños,Choque,Impericia en el manejo,Calle 33 B Sur Carrera 43 A,El Portal,Urbana,"(6.173429457, -75.58671662)"
2171515,05/19/2017,9:35 a.m.,Viernes,Campero,Particular,Conductor,Femenino,NO,Sin Registro,Solo Daños,Choque,Girar bruscamente,Calle 38 A Sur Carrera 40,Zona Centro,Urbana,"(6.168097144, -75.58630781)"
2171515,05/19/2017,9:35 a.m.,Viernes,Buseta,Publico,Conductor,Masculino,NO,Sin Registro,Solo Daños,Choque,Girar bruscamente,Calle 38 A Sur Carrera 40,Zona Centro,Urbana,"(6.168097144, -75.58630781)"
2171501,05/19/2017,3:45 p.m.,Viernes,Automovil,Particular,Conductor,Masculino,NO,Sin Registro,Solo Daños,Choque,Adelantar cerrando,Calle 21  Sur Carrera 44,Zuñiga,Urbana,
2171501,05/19/2017,3:45 p.m.,Viernes,Automovil,Particular,Conductor,Masculino,NO,Sin Registro,Solo Daños,Choque,Adelantar cerrando,Calle 21  Sur Carrera 44,Zuñiga,Urbana,
2171505,05/19/2017,7:50 a.m.,Viernes,Automovil,Particular,Conductor,Masculino,NO,Sin Registro,Solo Daños,Choque,No respetar pelacion de interseccion o giros,Calle 49  Sur Carrera 48,Las Vegas,Urbana,"(6.163238618, -75.60250718)"
2171505,05/19/2017,7:50 a.m.,Viernes,Microbus,Publico,Conductor,Masculino,NO,Sin Registro,Solo Daños,Choque,No respetar pelacion de interseccion o giros,Calle 49  Sur Carrera 48,Las Vegas,Urbana,"(6.163238618, -75.60250718)"
2171494,05/19/2017,10:00 p.m.,Viernes,Automovil,Particular,Conductor,Masculino,NO,Sin Registro,Solo Daños,Choque,Impericia en el manejo,Tramo 372 Kilometro  14,Vereda Palmas,Rural,
2171526,05/19/2017,2:45 p.m.,Viernes,Motocicleta,Particular,Motociclista,Masculino,NO,Sin Registro,Solo Daños,Choque,Adelantar en zona prohibida,Calle 40 B Sur Carrera 39 A,El Dorado,Urbana,"(6.165386968, -75.58718501)"
2171526,05/19/2017,2:45 p.m.,Viernes,Automovil,Particular,Conductor,Masculino,NO,Sin Registro,Solo Daños,Choque,Adelantar en zona prohibida,Calle 40 B Sur Carrera 39 A,El Dorado,Urbana,"(6.165386968, -75.58718501)"
2171526,05/19/2017,2:45 p.m.,Viernes,Automovil,Particular,Conductor,Femenino,NO,Sin Registro,Solo Daños,Choque,Adelantar en zona prohibida,Calle 40 B Sur Carrera 39 A,El Dorado,Urbana,"(6.165386968, -75.58718501)"
2171493,05/19/2017,3:50 p.m.,Viernes,Camioneta,Oficial,Conductor,Masculino,NO,Sin Registro,Solo Daños,Choque,Exceso de velocidad,Calle 36 D Sur Carrera 24,Vereda El Escobero,Urbana,"(6.157425668, -75.56691387)"
2171493,05/19/2017,3:50 p.m.,Viernes,Bicicleta,Sin Registro,Ciclista,Masculino,NO,Sin Registro,Solo Daños,Choque,Exceso de velocidad,Calle 36 D Sur Carrera 24,Vereda El Escobero,Urbana,"(6.157425668, -75.56691387)"
2171499,05/19/2017,3:50 p.m.,Viernes,Automovil,Particular,Conductor,Femenino,NO,Sin Registro,Solo Daños,Choque,No mantener distancia de seguridad,Tramo 372 Kilometro  9,Vereda Palmas,Rural,
2171499,05/19/2017,3:50 p.m.,Viernes,Automovil,Publico,Conductor,Masculino,NO,Sin Registro,Solo Daños,Choque,No mantener distancia de seguridad,Tramo 372 Kilometro  9,Vereda Palmas,Rural,
2171519,05/20/2017,1:30 p.m.,Sábado,Camioneta,Publico,Conductor,Masculino,NO,Sin Registro,Solo Daños,Choque,No mantener distancia de seguridad,Carrera 50 Calle 43  Sur,Las Vegas,Urbana,
2171519,05/20/2017,1:30 p.m.,Sábado,Automovil,Particular,Conductor,Femenino,NO,Sin Registro,Solo Daños,Choque,No mantener distancia de seguridad,Carrera 50 Calle 43  Sur,Las Vegas,Urbana,
2171498,05/20/2017,12:25 p.m.,Sábado,Motocicleta,Particular,Motociclista,Masculino,SI,3,Solo Daños,Choque,Adelantar por la derecha,Carrera 42 Calle 40 C Sur,El Dorado,Urbana,"(6.16670504, -75.58914119)"
2171498,05/20/2017,12:25 p.m.,Sábado,Automovil,Diplomatico,Conductor,Masculino,NO,Sin Registro,Solo Daños,Choque,Embriaguez o droga,Carrera 42 Calle 40 C Sur,El Dorado,Urbana,"(6.16670504, -75.58914119)"
2171498,05/20/2017,12:25 p.m.,Sábado,Automovil,Diplomatico,Conductor,Masculino,NO,Sin Registro,Solo Daños,Choque,Adelantar por la derecha,Carrera 42 Calle 40 C Sur,El Dorado,Urbana,"(6.16670504, -75.58914119)"
2171498,05/20/2017,12:25 p.m.,Sábado,Motocicleta,Particular,Motociclista,Masculino,SI,3,Solo Daños,Choque,Embriaguez o droga,Carrera 42 Calle 40 C Sur,El Dorado,Urbana,"(6.16670504, -75.58914119)"