RADICADO,FECHA,HORA,DÍA DE LA SEMANA,CLASE DE VEHICULO,TIPO DE SERVICIO,TIPO DE VICTIMA,SEXO,ESTADO DE BEODEZ,RESULTADO DE BEODEZ,GRAVEDAD,CLASE DE ACCIDENTE,CAUSA,DIRECCIÓN,BARRIO,AREA,Coordenadas
2171558,05/25/2017,2:35 p.m.,Jueves,Motocicleta,Particular,Motociclista,Masculino,NO,Sin Registro,Herido,Atropello,Recoger o dejar pasajeros en calzada,Calle 38 A Sur Carrera 36,Mesa,Urbana,"(6.166666222, -75.58411827)"
2171563,05/25/2017,1:50 p.m.,Jueves,Microbus,Particular,Conductor,Masculino,NO,Sin Registro,Solo Daños,Choque,No respetar prelacion,Carrera 48 Calle 25 A Sur,Las Vegas,Urbana,"(6.184740152, -75.58365742)"
2171563,05/25/2017,1:50 p.m.,Jueves,Automovil,Particular,Conductor,Femenino,NO,Sin Registro,Solo Daños,Choque,No respetar prelacion,Carrera 48 Calle 25 A Sur,Las Vegas,Urbana,"(6.184740152, -75.58365742)"
2171556,05/25/2017,11:00 p.m.,Jueves,Camioneta,Particular,Conductor,Masculino,NO,Sin Registro,Herido,Volcamiento,Exceso de velocidad,Tramo 371 Kilometro  2,Vereda El Escobero,Rural,
2171599,05/26/2017,3:00 p.m.,Viernes,Automovil,Particular,Conductor,Femenino,NO,Sin Registro,Solo Daños,Choque,Poner en marcha un vehiculo sin precauci,Calle 34  Sur Carrera 45 A,San Marcos,Urbana,"(6.173780549, -75.58820422)"
2171599,05/26/2017,3:00 p.m.,Viernes,Motocicleta,Particular,Motociclista,Masculino,NO,Sin Registro,Solo Daños,Choque,Poner en marcha un vehiculo sin precauci,Calle 34  Sur Carrera 45 A,San Marcos,Urbana,"(6.173780549, -75.58820422)"
2171599,05/26/2017,3:00 p.m.,Viernes,Camioneta,Particular,Conductor,Masculino,NO,Sin Registro,Solo Daños,Choque,Poner en marcha un vehiculo sin precauci,Calle 34  Sur Carrera 45 A,San Marcos,Urbana,"(6.173780549, -75.58820422)"
2171562,05/26/2017,1:00 a.m.,Viernes,Automovil,Publico,Conductor,Masculino,NO,Sin Registro,Solo Daños,Choque,No mantener distancia de seguridad,Calle 37  Sur Carrera 28,Alto De Misael,Urbana,"(6.165679454, -75.57834042)"
2171562,05/26/2017,1:00 a.m.,Viernes,Automovil,Particular,Conductor,Masculino,NO,Sin Registro,Solo Daños,Choque,No mantener distancia de seguridad,Calle 37  Sur Carrera 28,Alto De Misael,Urbana,"(6.165679454, -75.57834042)"
2171582,05/26/2017,7:45 p.m.,Viernes,Automovil,Publico,Conductor,Masculino,NO,Sin Registro,Solo Daños,Choque,Poner en marcha un vehiculo sin precauci,Carrera 49 Calle 39  Sur,Las Vegas,Urbana,"(6.173609359, -75.59707057)"
2171582,05/26/2017,7:45 p.m.,Viernes,Buseta,Publico,Conductor,Masculino,NO,Sin Registro,Solo Daños,Choque,Poner en marcha un vehiculo sin precauci,Carrera 49 Calle 39  Sur,Las Vegas,Urbana,"(6.173609359, -75.59707057)"
2171590,05/26/2017,7:50 p.m.,Viernes,Automovil,Particular,Conductor,Masculino,NO,Sin Registro,Solo Daños,Choque,Otra,Calle 34 DD Sur Carrera 27 D,Alto De Misael,Urbana,"(6.1706621, -75.57577272)"
2171577,05/26/2017,12:15 p.m.,Viernes,Automovil,Particular,Conductor,Femenino,NO,Sin Registro,Solo Daños,Choque,Otra,Tramo 372 Kilometro  17,Vereda Palmas,Rural,
2171577,05/26/2017,12:15 p.m.,Viernes,Camioneta,Particular,Conductor,Masculino,NO,Sin Registro,Solo Daños,Choque,Otra,Tramo 372 Kilometro  17,Vereda Palmas,Rural,
2171591,05/26/2017,2:15 p.m.,Viernes,Automovil,Publico,Conductor,Masculino,NO,Sin Registro,Solo Daños,Choque,Poner en marcha un vehiculo sin precauci,Calle 35  Sur Carrera 41,Zona Centro,Urbana,"(6.171300757, -75.58534224)"
2171591,05/26/2017,2:15 p.m.,Viernes,Motocicleta,Particular,Motociclista,Masculino,NO,Sin Registro,Solo Daños,Choque,Adelantar por la derecha,Calle 35  Sur Carrera 41,Zona Centro,Urbana,"(6.171300757, -75.58534224)"
2171591,05/26/2017,2:15 p.m.,Viernes,Motocicleta,Particular,Motociclista,Masculino,NO,Sin Registro,Solo Daños,Choque,Poner en marcha un vehiculo sin precauci,Calle 35  Sur Carrera 41,Zona Centro,Urbana,"(6.171300757, -75.58534224)"
2171591,05/26/2017,2:15 p.m.,Viernes,Automovil,Publico,Conductor,Masculino,NO,Sin Registro,Solo Daños,Choque,Adelantar por la derecha,Calle 35  Sur Carrera 41,Zona Centro,Urbana,"(6.171300757, -75.58534224)"
2171592,05/26/2017,6:40 a.m.,Viernes,Camioneta,Publico,Conductor,Masculino,NO,Sin Registro,Solo Daños,Choque,No mantener distancia de seguridad,Carrera 50 Calle 39 B Sur,Las Vegas,Urbana,
2171592,05/26/2017,6:40 a.m.,Viernes,Automovil,Particular,Conductor,Masculino,NO,Sin Registro,Solo Daños,Choque,No mantener distancia de seguridad,Carrera 50 Calle 39 B Sur,Las Vegas,Urbana,
2171597,05/26/2017,9:25 a.m.,Viernes,Automovil,Particular,Conductor,Femenino,NO,Sin Registro,Solo Daños,Choque,Adelantar por la derecha,Calle 35  Sur Carrera 50,Las Vegas,Urbana,
2171597,05/26/2017,9:25 a.m.,Viernes,Motocicleta,Particular,Motociclista,Masculino,NO,Sin Registro,Solo Daños,Choque,Adelantar por la derecha,Calle 35  Sur Carrera 50,Las Vegas,Urbana,
2171584,05/26/2017,5:20 p.m.,Viernes,Automovil,Particular,Conductor,Masculino,NO,Sin Registro,Solo Daños,Choque,No mantener distancia de seguridad,Calle 27  Sur Carrera 28,El Esmeraldal,Urbana,"(6.175346318, -75.5745834)"
2171584,05/26/2017,5:20 p.m.,Viernes,Motocicleta,Particular,Motociclista,Masculino,NO,Sin Registro,Solo Daños,Choque,No mantener distancia de seguridad,Calle 27  Sur Carrera 28,El Esmeraldal,Urbana,"(6.175346318, -75.5745834)"
2171585,05/26/2017,2:30 p.m.,Viernes,Automovil,Publico,Conductor,Masculino,NO,Sin Registro,Solo Daños,Choque,Adelantar cerrando,Calle 37  Sur Carrera 46 A,El Portal,Urbana,"(6.173105489, -75.59126093)"
2171585,05/26/2017,2:30 p.m.,Viernes,Camioneta,Particular,Conductor,Masculino,NO,Sin Registro,Solo Daños,Choque,Adelantar cerrando,Calle 37  Sur Carrera 46 A,El Portal,Urbana,"(6.173105489, -75.59126093)"
2172524,05/26/2017,12:30 p.m.,Viernes,Camion,Particular,Conductor,Sin Registro,NO,Sin Registro,Solo Daños,Choque,Otra,Calle 38  Sur Carrera 34,Sin Registro,Urbana,"(6.166700674, -75.58264033)"
2171587,05/26/2017,6:55 a.m.,Viernes,Automovil,Particular,Conductor,Masculino,NO,Sin Registro,Solo Daños,Choque,Transitar entre vehiculos,Carrera 48 Calle 19  Sur,Las Vegas,Urbana,"(6.187349001, -75.58153568)"
2171587,05/26/2017,6:55 a.m.,Viernes,Motocicleta,Particular,Motociclista,Femenino,NO,Sin Registro,Solo Daños,Choque,Transitar entre vehiculos,Carrera 48 Calle 19  Sur,Las Vegas,Urbana,"(6.187349001, -75.58153568)"
2171575,05/26/2017,10:00 p.m.,Viernes,Automovil,Publico,Conductor,Masculino,NO,Sin Registro,Solo Daños,Choque,No mantener distancia de seguridad,Calle 37  Sur Carrera 50,Las Vegas,Urbana,
2171575,05/26/2017,10:00 p.m.,Viernes,Automovil,Particular,Conductor,Masculino,NO,Sin Registro,Solo Daños,Choque,No mantener distancia de seguridad,Calle 37  Sur Carrera 50,Las Vegas,Urbana,
2171608,05/26/2017,6:50 p.m.,Viernes,Buseta,Publico,Conductor,Masculino,NO,Sin Registro,Herido,Choque,No mantener distancia de seguridad,Diagonal 31 D Transversal 34 C Sur,La Magnolia,Urbana,"(6.175500114, -75.5809468)"
2171608,05/26/2017,6:50 p.m.,Viernes,Automovil,Particular,Conductor,Masculino,NO,Sin Registro,Herido,Choque,No mantener distancia de seguridad,Diagonal 31 D Transversal 34 C Sur,La Magnolia,Urbana,"(6.175500114, -75.5809468)"
2171576,05/26/2017,10:10 p.m.,Viernes,Automovil,Particular,Conductor,Masculino,NO,Sin Registro,Solo Daños,Choque,No mantener distancia de seguridad,Calle 50  Sur Carrera 43 A,Las Casitas,Urbana,
2171576,05/26/2017,10:10 p.m.,Viernes,Automovil,Particular,Conductor,Femenino,NO,Sin Registro,Solo Daños,Choque,No mantener distancia de seguridad,Calle 50  Sur Carrera 43 A,Las Casitas,Urbana,
2171572,05/26/2017,10:40 p.m.,Viernes,Automovil,Particular,Conductor,Masculino,NO,Sin Registro,Herido,Atropello,Salir por delante de un vehiculo,Calle 37  Sur Carrera 41,Zona Centro,Urbana,"(6.169855492, -75.58619601)"
2171589,05/26/2017,3:55 p.m.,Viernes,Camion,Particular,Conductor,Masculino,NO,Sin Registro,Solo Daños,Choque,No mantener distancia de seguridad,Carrera 40 Calle 35  Sur,Zona Centro,Urbana,"(6.170776136, -75.58458325)"
2171589,05/26/2017,3:55 p.m.,Viernes,Automovil,Particular,Conductor,Masculino,NO,Sin Registro,Solo Daños,Choque,No mantener distancia de seguridad,Carrera 40 Calle 35  Sur,Zona Centro,Urbana,"(6.170776136, -75.58458325)"
2171606,05/27/2017,11:00 a.m.,Sábado,Camion,Publico,Conductor,Masculino,NO,Sin Registro,Solo Daños,Choque,No respetar prelacion,Calle 37  Sur Carrera 49,Glorieta De Peldar,Urbana,"(6.174789471, -75.59420424)"
2171606,05/27/2017,11:00 a.m.,Sábado,Automovil,Publico,Conductor,Masculino,NO,Sin Registro,Solo Daños,Choque,No respetar prelacion,Calle 37  Sur Carrera 49,Glorieta De Peldar,Urbana,"(6.174789471, -75.59420424)"
2171594,05/27/2017,7:20 p.m.,Sábado,Bus,Publico,Conductor,Masculino,NO,Sin Registro,Solo Daños,Choque,Fallas en la direccion,Calle 46 E Sur Carrera 39 B,El Trianon,Urbana,"(6.16005205, -75.59192702)"
2171594,05/27/2017,7:20 p.m.,Sábado,Automovil,Particular,Conductor,Masculino,NO,Sin Registro,Solo Daños,Choque,Fallas en la direccion,Calle 46 E Sur Carrera 39 B,El Trianon,Urbana,"(6.16005205, -75.59192702)"
2171607,05/27/2017,11:20 a.m.,Sábado,Camioneta,Particular,Conductor,Masculino,NO,Sin Registro,Solo Daños,Choque,No respetar prelacion,Calle 38 A Sur Carrera 38,Mesa,Urbana,"(6.167339205, -75.58513636)"
2171607,05/27/2017,11:20 a.m.,Sábado,Motocicleta,Diplomatico,Motociclista,Masculino,NO,Sin Registro,Solo Daños,Choque,No respetar prelacion,Calle 38 A Sur Carrera 38,Mesa,Urbana,"(6.167339205, -75.58513636)"
2171578,05/27/2017,8:50 p.m.,Sábado,Automovil,Particular,Conductor,Masculino,NO,Sin Registro,Herido,Choque,Semaforo en rojo,Calle 38 A Sur Carrera 40,Zona Centro,Urbana,"(6.168097144, -75.58630781)"
2171578,05/27/2017,8:50 p.m.,Sábado,Motocicleta,Particular,Motociclista,Masculino,NO,Sin Registro,Herido,Choque,Semaforo en rojo,Calle 38 A Sur Carrera 40,Zona Centro,Urbana,"(6.168097144, -75.58630781)"
2171601,05/27/2017,5:50 a.m.,Sábado,Camion,Publico,Conductor,Masculino,NO,Sin Registro,Herido,Choque,Adelantar por la derecha,Calle 46 A Sur Carrera 49,Las Vegas,Urbana,"(6.167038176, -75.60081726)"
2171601,05/27/2017,5:50 a.m.,Sábado,Motocicleta,Particular,Motociclista,Masculino,NO,Sin Registro,Herido,Choque,Adelantar por la derecha,Calle 46 A Sur Carrera 49,Las Vegas,Urbana,"(6.167038176, -75.60081726)"
2171602,05/27/2017,9:40 a.m.,Sábado,Automovil,Publico,Conductor,Masculino,NO,Sin Registro,Herido,Atropello,Cruzar sin observar,Calle 40 DD Sur Carrera 42,El Dorado,Urbana,"(6.165700924, -75.58924551)"
2171586,05/27/2017,1:50 p.m.,Sábado,Automovil,Publico,Conductor,Masculino,NO,Sin Registro,Solo Daños,Choque,No mantener distancia de seguridad,Carrera 48 Calle 50  Sur,Las Vegas,Urbana,
2171586,05/27/2017,1:50 p.m.,Sábado,Camioneta,Publico,Conductor,Masculino,NO,Sin Registro,Solo Daños,Choque,No mantener distancia de seguridad,Carrera 48 Calle 50  Sur,Las Vegas,Urbana,
2171600,05/27/2017,2:40 p.m.,Sábado,Microbus,Publico,Conductor,Masculino,NO,Sin Registro,Solo Daños,Choque,Impericia en el manejo,Diagonal 33 Transversal 36  Sur,Los Naranjos,Urbana,
2171600,05/27/2017,2:40 p.m.,Sábado,Camioneta,Particular,Conductor,Masculino,NO,Sin Registro,Solo Daños,Choque,Impericia en el manejo,Diagonal 33 Transversal 36  Sur,Los Naranjos,Urbana,
2171581,05/27/2017,10:40 a.m.,Sábado,Camioneta,Publico,Conductor,Masculino,NO,Sin Registro,Solo Daños,Choque,Reverso imprudente,Calle 48 D Sur Carrera 42 BB,Loma Del Barro,Urbana,"(6.16057831, -75.59819485)"
2171581,05/27/2017,10:40 a.m.,Sábado,Automovil,Particular,Conductor,Masculino,NO,Sin Registro,Solo Daños,Choque,Reverso imprudente,Calle 48 D Sur Carrera 42 BB,Loma Del Barro,Urbana,"(6.16057831, -75.59819485)"
2171593,05/27/2017,9:45 p.m.,Sábado,Automovil,Particular,Conductor,Femenino,NO,Sin Registro,Solo Daños,Choque,No mantener distancia de seguridad,Carrera 48 Calle 40  Sur,Las Vegas,Urbana,"(6.168855316, -75.59688767)"
2171593,05/27/2017,9:45 p.m.,Sábado,Automovil,Particular,Conductor,Masculino,NO,Sin Registro,Solo Daños,Choque,No mantener distancia de seguridad,Carrera 48 Calle 40  Sur,Las Vegas,Urbana,"(6.168855316, -75.59688767)"
2171610,05/27/2017,8:50 a.m.,Sábado,Automovil,Particular,Conductor,Masculino,NO,Sin Registro,Solo Daños,Choque,No mantener distancia de seguridad,Calle 37  Sur Carrera 40,Zona Centro,Urbana,"(6.169435767, -75.58550725)"
2171610,05/27/2017,8:50 a.m.,Sábado,Automovil,Publico,Conductor,Masculino,NO,Sin Registro,Solo Daños,Choque,No mantener distancia de seguridad,Calle 37  Sur Carrera 40,Zona Centro,Urbana,"(6.169435767, -75.58550725)"
2171609,05/27/2017,6:45 p.m.,Sábado,Bus,Publico,Conductor,Masculino,NO,Sin Registro,Solo Daños,Choque,No mantener distancia de seguridad,Tramo 12 Kilometro  8,Vereda Palmas,Rural,
2171609,05/27/2017,6:45 p.m.,Sábado,Campero,Particular,Conductor,Masculino,NO,Sin Registro,Solo Daños,Choque,No mantener distancia de seguridad,Tramo 12 Kilometro  8,Vereda Palmas,Rural,
2171574,05/27/2017,1:45 a.m.,Sábado,Automovil,Particular,Conductor,Masculino,NO,Sin Registro,Solo Daños,Choque,Semaforo en rojo,Calle 25  Sur Carrera 43 A,Zuñiga,Urbana,"(6.181560189, -75.58201649)"
2171574,05/27/2017,1:45 a.m.,Sábado,Automovil,Particular,Conductor,Femenino,NO,Sin Registro,Solo Daños,Choque,Semaforo en rojo,Calle 25  Sur Carrera 43 A,Zuñiga,Urbana,"(6.181560189, -75.58201649)"
2171583,05/28/2017,12:00 a.m.,Domingo,Automovil,Particular,Conductor,Femenino,NO,Sin Registro,Solo Daños,Choque,Poner en marcha un vehiculo sin precauci,Calle 38 A Sur Carrera 46,Alcala,Urbana,"(6.171457357, -75.59157663)"
2171583,05/28/2017,12:00 a.m.,Domingo,Campero,Particular,Conductor,Masculino,NO,Sin Registro,Solo Daños,Choque,Poner en marcha un vehiculo sin precauci,Calle 38 A Sur Carrera 46,Alcala,Urbana,"(6.171457357, -75.59157663)"
2171619,05/28/2017,11:20 a.m.,Domingo,Camioneta,Particular,Conductor,Femenino,NO,Sin Registro,Solo Daños,Choque,No mantener distancia de seguridad,Calle 19  Sur Carrera 48,Las Vegas,Urbana,
2171619,05/28/2017,11:20 a.m.,Domingo,Campero,Particular,Conductor,Masculino,NO,Sin Registro,Solo Daños,Choque,No mantener distancia de seguridad,Calle 19  Sur Carrera 48,Las Vegas,Urbana,
2171579,05/29/2017,7:15 p.m.,Lunes,Automovil,Particular,Conductor,Masculino,NO,Sin Registro,Solo Daños,Choque,Desobedecer senales,Diagonal 33 Transversal 35 D Sur,Los Naranjos,Urbana,"(6.168464855, -75.58153671)"
2171579,05/29/2017,7:15 p.m.,Lunes,Automovil,Particular,Conductor,Masculino,NO,Sin Registro,Solo Daños,Choque,Desobedecer senales,Diagonal 33 Transversal 35 D Sur,Los Naranjos,Urbana,"(6.168464855, -75.58153671)"
2171604,05/29/2017,7:40 p.m.,Lunes,Automovil,Publico,Conductor,Masculino,NO,Sin Registro,Solo Daños,Choque,Semaforo en rojo,Carrera 43 A Transversal 7 A Sur,Villa Grande,Urbana,
2171604,05/29/2017,7:40 p.m.,Lunes,Campero,Particular,Conductor,Masculino,NO,Sin Registro,Solo Daños,Choque,Semaforo en rojo,Carrera 43 A Transversal 7 A Sur,Villa Grande,Urbana,
2171613,05/29/2017,7:20 a.m.,Lunes,Automovil,Particular,Conductor,Masculino,NO,Sin Registro,Solo Daños,Choque,No respetar pelacion de interseccion o giros,Calle 41 B Sur Carrera 24 D,San Rafael,Urbana,"(6.153176934, -75.58760244)"
2171613,05/29/2017,7:20 a.m.,Lunes,Automovil,Particular,Conductor,Femenino,NO,Sin Registro,Solo Daños,Choque,No respetar pelacion de interseccion o giros,Calle 41 B Sur Carrera 24 D,San Rafael,Urbana,"(6.153176934, -75.58760244)"
2171580,05/29/2017,2:20 p.m.,Lunes,Motocicleta,Particular,Motociclista,Masculino,NO,Sin Registro,Herido,Choque,No respetar prelacion,Calle 41 B Sur Carrera 25,San Rafael,Urbana,"(6.15389729, -75.58609956)"
2171580,05/29/2017,2:20 p.m.,Lunes,Motocicleta,Particular,Motociclista,Masculino,NO,Sin Registro,Herido,Choque,No respetar prelacion,Calle 41 B Sur Carrera 25,San Rafael,Urbana,"(6.15389729, -75.58609956)"
2171630,05/29/2017,3:30 p.m.,Lunes,Motocicleta,Particular,Motociclista,Masculino,NO,Sin Registro,Herido,Choque,No respetar prelacion,Tramo 372 Kilometro  7,Vereda Palmas,Rural,
2171630,05/29/2017,3:30 p.m.,Lunes,Automovil,Particular,Conductor,Femenino,NO,Sin Registro,Herido,Choque,No respetar prelacion,Tramo 372 Kilometro  7,Vereda Palmas,Rural,
2171598,05/29/2017,8:50 p.m.,Lunes,Motocicleta,Particular,Motociclista,Masculino,NO,Sin Registro,Herido,Choque,Exceso de velocidad,Calle 48  Sur Carrera 48,Las Vegas,Urbana,"(6.164595282, -75.60138041)"
2171588,05/29/2017,4:55 p.m.,Lunes,Automovil,Particular,Conductor,Masculino,NO,Sin Registro,Solo Daños,Choque,No mantener distancia de seguridad,Tramo 12 Kilometro  6,Vereda Palmas,Rural,
2171588,05/29/2017,4:55 p.m.,Lunes,Camioneta,Particular,Conductor,Femenino,NO,Sin Registro,Solo Daños,Choque,No mantener distancia de seguridad,Tramo 12 Kilometro  6,Vereda Palmas,Rural,
2171611,05/30/2017,11:00 a.m.,Martes,Bus,Publico,Conductor,Masculino,NO,Sin Registro,Solo Daños,Choque,Impericia en el manejo,Calle 25  Sur Carrera 48,Las Vegas,Urbana,
2171611,05/30/2017,11:00 a.m.,Martes,Motocicleta,Particular,Motociclista,Masculino,NO,Sin Registro,Solo Daños,Choque,Impericia en el manejo,Calle 25  Sur Carrera 48,Las Vegas,Urbana,
2171633,05/30/2017,7:30 p.m.,Martes,Automovil,Particular,Conductor,Masculino,NO,Sin Registro,Solo Daños,Choque,Reverso imprudente,Calle 40 E Sur Carrera 40 A,El Dorado,Urbana,"(6.166958927, -75.58785403)"
2171633,05/30/2017,7:30 p.m.,Martes,Automovil,Particular,Conductor,Masculino,NO,Sin Registro,Solo Daños,Choque,Reverso imprudente,Calle 40 E Sur Carrera 40 A,El Dorado,Urbana,"(6.166958927, -75.58785403)"
2171624,05/30/2017,5:05 p.m.,Martes,Camioneta,Particular,Conductor,Masculino,NO,Sin Registro,Solo Daños,Choque,Impericia en el manejo,Calle 27  Sur Carrera 25 B,El Esmeraldal,Urbana,"(6.171126194, -75.56591309)"
2171624,05/30/2017,5:05 p.m.,Martes,Microbus,Publico,Conductor,Masculino,NO,Sin Registro,Solo Daños,Choque,Impericia en el manejo,Calle 27  Sur Carrera 25 B,El Esmeraldal,Urbana,"(6.171126194, -75.56591309)"
2171623,05/30/2017,8:10 p.m.,Martes,Automovil,Particular,Conductor,Masculino,NO,Sin Registro,Solo Daños,Choque,Adelantar en zona prohibida,Tramo 372 Kilometro  12,Vereda Palmas,Rural,
2171623,05/30/2017,8:10 p.m.,Martes,Motocicleta,Particular,Motociclista,Masculino,NO,Sin Registro,Solo Daños,Choque,Adelantar en zona prohibida,Tramo 372 Kilometro  12,Vereda Palmas,Rural,
2171622,05/30/2017,8:40 p.m.,Martes,Sin Registro,Particular,Conductor,Masculino,NO,Sin Registro,Solo Daños,Choque,Adelantar por la derecha,Calle 46 A Sur Carrera 50,Las Vegas,Urbana,
2171622,05/30/2017,8:40 p.m.,Martes,Motocicleta,Particular,Motociclista,Masculino,NO,Sin Registro,Solo Daños,Choque,Adelantar por la derecha,Calle 46 A Sur Carrera 50,Las Vegas,Urbana,
2171616,05/30/2017,5:20 p.m.,Martes,Buseta,Publico,Conductor,Masculino,NO,Sin Registro,Solo Daños,Choque,No mantener distancia de seguridad,Carrera 43 A Calle 49  Sur,Las Casitas,Urbana,"(6.160914202, -75.60002299)"
2171616,05/30/2017,5:20 p.m.,Martes,Automovil,Particular,Conductor,Femenino,NO,Sin Registro,Solo Daños,Choque,No mantener distancia de seguridad,Carrera 43 A Calle 49  Sur,Las Casitas,Urbana,"(6.160914202, -75.60002299)"
2171615,05/30/2017,4:30 p.m.,Martes,Automovil,Publico,Conductor,Masculino,NO,Sin Registro,Solo Daños,Choque,Impericia en el manejo,Carrera 26 D Calle 36 A Sur,La Inmaculada,Urbana,"(6.166128574, -75.56958352)"
2171615,05/30/2017,4:30 p.m.,Martes,Camion,Publico,Conductor,Femenino,NO,Sin Registro,Solo Daños,Choque,No mantener distancia de seguridad,Carrera 26 D Calle 36 A Sur,La Inmaculada,Urbana,"(6.166128574, -75.56958352)"
2171615,05/30/2017,4:30 p.m.,Martes,Camion,Publico,Conductor,Femenino,NO,Sin Registro,Solo Daños,Choque,Impericia en el manejo,Carrera 26 D Calle 36 A Sur,La Inmaculada,Urbana,"(6.166128574, -75.56958352)"
2171615,05/30/2017,4:30 p.m.,Martes,Automovil,Publico,Conductor,Masculino,NO,Sin Registro,Solo Daños,Choque,No mantener distancia de seguridad,Carrera 26 D Calle 36 A Sur,La Inmaculada,Urbana,"(6.166128574, -75.56958352)"
2171617,05/30/2017,1:50 p.m.,Martes,Motocicleta,Particular,Motociclista,Masculino,NO,Sin Registro,Solo Daños,Choque,No respetar prelacion,Carrera 39 Calle 48 F Sur,Loma Del Barro,Urbana,"(6.17373153, -75.59688397)"
2171617,05/30/2017,1:50 p.m.,Martes,Automovil,Particular,Conductor,Masculino,NO,Sin Registro,Solo Daños,Choque,No respetar prelacion,Carrera 39 Calle 48 F Sur,Loma Del Barro,Urbana,"(6.17373153, -75.59688397)"
2171614,05/30/2017,10:40 a.m.,Martes,Camioneta,Particular,Conductor,Masculino,NO,Sin Registro,Solo Daños,Choque,Adelantar cerrando,Carrera 50 Calle 25  Sur,Las Vegas,Urbana,"(6.186515998, -75.58512541)"
2171614,05/30/2017,10:40 a.m.,Martes,Camioneta,Particular,Conductor,Masculino,NO,Sin Registro,Solo Daños,Choque,Adelantar cerrando,Carrera 50 Calle 25  Sur,Las Vegas,Urbana,"(6.186515998, -75.58512541)"
2171618,05/30/2017,10:50 a.m.,Martes,Camioneta,Publico,Conductor,Masculino,NO,Sin Registro,Herido,Choque,Desobedecer senales,Calle 35  Sur Carrera 43 A,Zona Centro,Urbana,"(6.17249645, -75.58732833)"
2171618,05/30/2017,10:50 a.m.,Martes,Motocicleta,Particular,Motociclista,Femenino,NO,Sin Registro,Herido,Choque,Desobedecer senales,Calle 35  Sur Carrera 43 A,Zona Centro,Urbana,"(6.17249645, -75.58732833)"
2171621,05/31/2017,5:00 p.m.,Miércoles,Automovil,Particular,Conductor,Masculino,NO,Sin Registro,Solo Daños,Choque,No mantener distancia de seguridad,Calle 30  Sur Carrera 45 A,Jardines,Urbana,"(6.178033442, -75.58652397)"
2171621,05/31/2017,5:00 p.m.,Miércoles,Automovil,Publico,Conductor,Masculino,NO,Sin Registro,Solo Daños,Choque,No mantener distancia de seguridad,Calle 30  Sur Carrera 45 A,Jardines,Urbana,"(6.178033442, -75.58652397)"
2171621,05/31/2017,5:00 p.m.,Miércoles,Automovil,Particular,Conductor,Masculino,NO,Sin Registro,Solo Daños,Choque,No mantener distancia de seguridad,Calle 30  Sur Carrera 45 A,Jardines,Urbana,"(6.178033442, -75.58652397)"
2171637,05/31/2017,10:00 a.m.,Miércoles,Automovil,Particular,Conductor,Masculino,NO,Sin Registro,Solo Daños,Choque,No respetar prelacion,Calle 37  Sur Carrera 48,Las Vegas,Urbana,"(6.17412211, -75.59306111)"
2171637,05/31/2017,10:00 a.m.,Miércoles,Automovil,Particular,Conductor,Masculino,NO,Sin Registro,Solo Daños,Choque,No respetar prelacion,Calle 37  Sur Carrera 48,Las Vegas,Urbana,"(6.17412211, -75.59306111)"
2171631,05/31/2017,1:20 p.m.,Miércoles,Campero,Particular,Conductor,Masculino,NO,Sin Registro,Solo Daños,Choque,Desobedecer senales,Calle 39  Sur Carrera 38,Mesa,Urbana,"(6.166656476, -75.58555336)"
2171631,05/31/2017,1:20 p.m.,Miércoles,Camioneta,Oficial,Conductor,Masculino,NO,Sin Registro,Solo Daños,Choque,Desobedecer senales,Calle 39  Sur Carrera 38,Mesa,Urbana,"(6.166656476, -75.58555336)"
2171625,05/31/2017,8:10 p.m.,Miércoles,Automovil,Particular,Conductor,Masculino,NO,Sin Registro,Solo Daños,Choque,Desobedecer senales,Calle 45 B Sur Carrera 43,La Paz,Urbana,"(6.164485785, -75.59467842)"
2171625,05/31/2017,8:10 p.m.,Miércoles,Automovil,Particular,Conductor,Masculino,NO,Sin Registro,Solo Daños,Choque,Desobedecer senales,Calle 45 B Sur Carrera 43,La Paz,Urbana,"(6.164485785, -75.59467842)"
2171632,05/31/2017,7:20 a.m.,Miércoles,Camioneta,Particular,Conductor,Masculino,NO,Sin Registro,Solo Daños,Choque,Adelantar cerrando,Calle 23  Sur Carrera 43 A,Las Vegas,Urbana,"(6.182706228, -75.58032996)"
2171632,05/31/2017,7:20 a.m.,Miércoles,Camioneta,Particular,Conductor,Masculino,NO,Sin Registro,Solo Daños,Choque,Adelantar cerrando,Calle 23  Sur Carrera 43 A,Las Vegas,Urbana,"(6.182706228, -75.58032996)"
2171632,05/31/2017,7:20 a.m.,Miércoles,Automovil,Particular,Conductor,Femenino,NO,Sin Registro,Solo Daños,Choque,Adelantar cerrando,Calle 23  Sur Carrera 43 A,Las Vegas,Urbana,"(6.182706228, -75.58032996)"
2171628,05/31/2017,10:15 a.m.,Miércoles,Automovil,Particular,Conductor,Masculino,NO,Sin Registro,Solo Daños,Choque,No respetar prelacion,Carrera 48 Calle 49  Sur,Las Casitas,Urbana,"(6.162978079, -75.60240161)"
2171628,05/31/2017,10:15 a.m.,Miércoles,Automovil,Publico,Conductor,Masculino,NO,Sin Registro,Solo Daños,Choque,No respetar prelacion,Carrera 48 Calle 49  Sur,Las Casitas,Urbana,"(6.162978079, -75.60240161)"