RADICADO,FECHA,HORA,DÍA DE LA SEMANA,CLASE DE VEHICULO,TIPO DE SERVICIO,TIPO DE VICTIMA,SEXO,ESTADO DE BEODEZ,RESULTADO DE BEODEZ,GRAVEDAD,CLASE DE ACCIDENTE,CAUSA,DIRECCIÓN,BARRIO,AREA,Coordenadas
2171634,05/31/2017,5:50 a.m.,Miércoles,Camioneta,Particular,Conductor,Femenino,NO,Sin Registro,Herido,Choque,Adelantar invadiendo carril del mismo sentido en zigzag,Calle 25  Sur Carrera 43 A,Las Orquideas,Urbana,"(6.181560189, -75.58201649)"
2171634,05/31/2017,5:50 a.m.,Miércoles,Motocicleta,Particular,Motociclista,Masculino,NO,Sin Registro,Herido,Choque,Adelantar invadiendo carril del mismo sentido en zigzag,Calle 25  Sur Carrera 43 A,Las Orquideas,Urbana,"(6.181560189, -75.58201649)"
2171626,05/31/2017,6:50 a.m.,Miércoles,Microbus,Publico,Conductor,Masculino,NO,Sin Registro,Solo Daños,Choque,Reverso imprudente,Calle 40 B Sur Carrera 37,El Dorado,Urbana,"(6.164256506, -75.58642)"
2171626,05/31/2017,6:50 a.m.,Miércoles,Bus,Publico,Conductor,Masculino,NO,Sin Registro,Solo Daños,Choque,Reverso imprudente,Calle 40 B Sur Carrera 37,El Dorado,Urbana,"(6.164256506, -75.58642)"
2171627,05/31/2017,6:50 a.m.,Miércoles,Bus,Publico,Conductor,Masculino,NO,Sin Registro,Solo Daños,Choque,Reverso imprudente,Carrera 48 Calle 49  Sur,Las Casitas,Urbana,"(6.162978079, -75.60240161)"
2171627,05/31/2017,6:50 a.m.,Miércoles,Automovil,Particular,Conductor,Femenino,NO,Sin Registro,Solo Daños,Choque,Reverso imprudente,Carrera 48 Calle 49  Sur,Las Casitas,Urbana,"(6.162978079, -75.60240161)"
2171620,05/31/2017,5:55 a.m.,Miércoles,Automovil,Particular,Conductor,Masculino,NO,Sin Registro,Herido,Choque,Adelantar por la derecha,Calle 19  Sur Carrera 50,Las Vegas,Urbana,
2171620,05/31/2017,5:55 a.m.,Miércoles,Motocicleta,Particular,Motociclista,Masculino,NO,Sin Registro,Herido,Choque,Adelantar por la derecha,Calle 19  Sur Carrera 50,Las Vegas,Urbana,
2171635,05/31/2017,3:45 p.m.,Miércoles,Automovil,Particular,Conductor,Femenino,NO,Sin Registro,Solo Daños,Choque,Reverso imprudente,Calle 36  Sur Carrera 43,Zona Centro,Urbana,"(6.171434076, -75.58704007)"
2171635,05/31/2017,3:45 p.m.,Miércoles,Automovil,Particular,Conductor,Masculino,NO,Sin Registro,Solo Daños,Choque,Reverso imprudente,Calle 36  Sur Carrera 43,Zona Centro,Urbana,"(6.171434076, -75.58704007)"
2171629,05/31/2017,7:50 a.m.,Miércoles,Camion,Publico,Conductor,Masculino,NO,Sin Registro,Solo Daños,Choque,No respetar pelacion de interseccion o giros,Calle 25  Sur Carrera 49,Las Vegas,Urbana,
2171629,05/31/2017,7:50 a.m.,Miércoles,Automovil,Particular,Conductor,Masculino,NO,Sin Registro,Solo Daños,Choque,No respetar pelacion de interseccion o giros,Calle 25  Sur Carrera 49,Las Vegas,Urbana,
2171605,05/31/2017,1:40 a.m.,Miércoles,Camioneta,Particular,Conductor,Masculino,NO,Sin Registro,Herido,Choque,Semaforo en rojo,Calle 39  Sur Carrera 42,Zona Centro,Urbana,"(6.168300638, -75.58815927)"
2171605,05/31/2017,1:40 a.m.,Miércoles,Automovil,Particular,Conductor,Masculino,NO,Sin Registro,Herido,Choque,Semaforo en rojo,Calle 39  Sur Carrera 42,Zona Centro,Urbana,"(6.168300638, -75.58815927)"
2171636,05/31/2017,5:50 p.m.,Miércoles,Automovil,Particular,Conductor,Masculino,NO,Sin Registro,Solo Daños,Choque,Transitar entre vehiculos,Calle 25 A Sur Carrera 42 B,Zuñiga,Urbana,"(6.181402463, -75.58167941)"
2171636,05/31/2017,5:50 p.m.,Miércoles,Motocicleta,Particular,Motociclista,Masculino,NO,Sin Registro,Solo Daños,Choque,Transitar entre vehiculos,Calle 25 A Sur Carrera 42 B,Zuñiga,Urbana,"(6.181402463, -75.58167941)"
2171650,01/06/2017,7:10 p.m.,Jueves,Automovil,Particular,Conductor,Masculino,NO,Sin Registro,Solo Daños,Choque,Semaforo en rojo,Calle 27 A Sur Carrera 43 A,Las Vegas,Urbana,"(6.180069628, -75.585608)"
2171650,01/06/2017,7:10 p.m.,Jueves,Motocicleta,Particular,Motociclista,Masculino,NO,Sin Registro,Solo Daños,Choque,Semaforo en rojo,Calle 27 A Sur Carrera 43 A,Las Vegas,Urbana,"(6.180069628, -75.585608)"
2171645,01/06/2017,6:15 a.m.,Jueves,Motocicleta,Particular,Motociclista,Masculino,NO,Sin Registro,Herido,Atropello,Dejar/recoger pasajeros sitio no demarca,Tramo 372 Kilometro  11,Vereda Palmas,Rural,
2171645,01/06/2017,6:15 a.m.,Jueves,Microbus,Publico,Conductor,Masculino,NO,Sin Registro,Herido,Atropello,Dejar/recoger pasajeros sitio no demarca,Tramo 372 Kilometro  11,Vereda Palmas,Rural,
2171641,01/06/2017,7:05 a.m.,Jueves,Automovil,Particular,Conductor,Masculino,NO,Sin Registro,Solo Daños,Choque,Reverso imprudente,Carrera 45 B Calle 36  Sur,El Portal,Urbana,"(6.17265934, -75.5900216)"
2171641,01/06/2017,7:05 a.m.,Jueves,Microbus,Publico,Conductor,Femenino,NO,Sin Registro,Solo Daños,Choque,Reverso imprudente,Carrera 45 B Calle 36  Sur,El Portal,Urbana,"(6.17265934, -75.5900216)"
2171639,01/06/2017,2:10 p.m.,Jueves,Automovil,Particular,Conductor,Masculino,NO,Sin Registro,Solo Daños,Choque,Adelantar cerrando,Calle 37  Sur Carrera 38,Mesa,Urbana,"(6.168685416, -75.58429124)"
2171639,01/06/2017,2:10 p.m.,Jueves,Buseta,Publico,Conductor,Masculino,NO,Sin Registro,Solo Daños,Choque,Adelantar cerrando,Calle 37  Sur Carrera 38,Mesa,Urbana,"(6.168685416, -75.58429124)"
2171638,01/06/2017,12:20 p.m.,Jueves,Camioneta,Particular,Conductor,Masculino,NO,Sin Registro,Solo Daños,Choque,No mantener distancia de seguridad,Calle 36 C Sur Carrera 27,Vereda El Escobero,Urbana,
2171638,01/06/2017,12:20 p.m.,Jueves,Automovil,Particular,Conductor,Masculino,NO,Sin Registro,Solo Daños,Choque,No mantener distancia de seguridad,Calle 36 C Sur Carrera 27,Vereda El Escobero,Urbana,
2171643,01/06/2017,6:40 a.m.,Jueves,Automovil,Particular,Conductor,Femenino,NO,Sin Registro,Solo Daños,Choque,No respetar pelacion de interseccion o giros,Carrera 25 Calle 24 G Sur,El Chinguí,Urbana,
2171643,01/06/2017,6:40 a.m.,Jueves,Motocicleta,Particular,Motociclista,Masculino,NO,Sin Registro,Solo Daños,Choque,No respetar pelacion de interseccion o giros,Carrera 25 Calle 24 G Sur,El Chinguí,Urbana,
2171644,01/06/2017,11:30 a.m.,Jueves,Motocicleta,Particular,Motociclista,Masculino,NO,Sin Registro,Solo Daños,Choque,No mantener distancia de seguridad,Calle 48 C Sur Carrera 42 D,Loma Del Barro,Urbana,"(6.161910694, -75.59685426)"
2171644,01/06/2017,11:30 a.m.,Jueves,Automovil,Particular,Conductor,Masculino,NO,Sin Registro,Solo Daños,Choque,No mantener distancia de seguridad,Calle 48 C Sur Carrera 42 D,Loma Del Barro,Urbana,"(6.161910694, -75.59685426)"
2171640,01/06/2017,8:50 a.m.,Jueves,Campero,Particular,Conductor,Masculino,NO,Sin Registro,Solo Daños,Choque,No mantener distancia de seguridad,Carrera 43 A Calle 48 C Sur,Avenida El Poblado,Urbana,"(6.162218777, -75.59764446)"
2171640,01/06/2017,8:50 a.m.,Jueves,Automovil,Particular,Conductor,Femenino,NO,Sin Registro,Solo Daños,Choque,No mantener distancia de seguridad,Carrera 43 A Calle 48 C Sur,Avenida El Poblado,Urbana,"(6.162218777, -75.59764446)"
2163344,08/11/2016,7:40 a.m.,Martes,Campero,Particular,Conductor,Sin registro,No,Sin Registro,Solo Daños,Choque,Otra,Calle 37  Sur Carrera 50,Vereda Palmas,Urbana,
2171648,01/06/2017,2:50 p.m.,Jueves,Automovil,Particular,Conductor,Masculino,NO,Sin Registro,Herido,Choque,Desobedecer senales,Diagonal 32 Transversal 32 A Sur,La Magnolia,Urbana,"(6.17563197, -75.58246654)"
2171648,01/06/2017,2:50 p.m.,Jueves,Motocicleta,Particular,Motociclista,Femenino,NO,Sin Registro,Herido,Choque,Desobedecer senales,Diagonal 32 Transversal 32 A Sur,La Magnolia,Urbana,"(6.17563197, -75.58246654)"
2171658,02/06/2017,8:00 a.m.,Viernes,Bus,Publico,Conductor,Masculino,NO,Sin Registro,Solo Daños,Choque,No mantener distancia de seguridad,Carrera 48 Calle 39 A Sur,Las Vegas,Urbana,"(6.17097263, -75.59431326)"
2171658,02/06/2017,8:00 a.m.,Viernes,Camioneta,Particular,Conductor,Masculino,NO,Sin Registro,Solo Daños,Choque,No mantener distancia de seguridad,Carrera 48 Calle 39 A Sur,Las Vegas,Urbana,"(6.17097263, -75.59431326)"
2171662,02/06/2017,8:00 a.m.,Viernes,Automovil,Particular,Conductor,Masculino,NO,Sin Registro,Solo Daños,Choque,Otra,Carrera 50 Calle 32  Sur,Las Vegas,Urbana,"(6.178248378, -75.59168828)"
2171662,02/06/2017,8:00 a.m.,Viernes,Motocicleta,Particular,Motociclista,Masculino,NO,Sin Registro,Solo Daños,Choque,Otra,Carrera 50 Calle 32  Sur,Las Vegas,Urbana,"(6.178248378, -75.59168828)"
2171649,02/06/2017,9:00 a.m.,Viernes,Automovil,Particular,Conductor,Masculino,NO,Sin Registro,Solo Daños,Choque,Desobedecer senales,Carrera 41 Calle 40  Sur,El Dorado,Urbana,"(6.166920833, -75.58799502)"
2171649,02/06/2017,9:00 a.m.,Viernes,Camioneta,Particular,Conductor,Masculino,NO,Sin Registro,Solo Daños,Choque,Desobedecer senales,Carrera 41 Calle 40  Sur,El Dorado,Urbana,"(6.166920833, -75.58799502)"
2171655,02/06/2017,2:00 p.m.,Viernes,Automovil,Particular,Conductor,Masculino,NO,Sin Registro,Solo Daños,Choque,Desobedecer senales,Calle 37  Sur Carrera 46 A,El Portal,Urbana,"(6.173105489, -75.59126093)"
2171655,02/06/2017,2:00 p.m.,Viernes,Campero,Particular,Conductor,Femenino,NO,Sin Registro,Solo Daños,Choque,Desobedecer senales,Calle 37  Sur Carrera 46 A,El Portal,Urbana,"(6.173105489, -75.59126093)"
2171661,02/06/2017,9:15 a.m.,Viernes,Automovil,Publico,Conductor,Masculino,NO,Sin Registro,Solo Daños,Choque,No respetar prelacion,Carrera 48 Calle 50  Sur,Las Vegas,Urbana,
2171661,02/06/2017,9:15 a.m.,Viernes,Microbus,Publico,Conductor,Masculino,NO,Sin Registro,Solo Daños,Choque,No respetar prelacion,Carrera 48 Calle 50  Sur,Las Vegas,Urbana,
2171656,02/06/2017,6:30 a.m.,Viernes,Camioneta,Particular,Conductor,Masculino,NO,Sin Registro,Solo Daños,Choque,Adelantar cerrando,Carrera 49 Calle 25  Sur,Las Vegas,Urbana,"(6.18641241, -75.58506296)"
2171656,02/06/2017,6:30 a.m.,Viernes,Automovil,Particular,Conductor,Masculino,NO,Sin Registro,Solo Daños,Choque,Adelantar cerrando,Carrera 49 Calle 25  Sur,Las Vegas,Urbana,"(6.18641241, -75.58506296)"
2171679,02/06/2017,1:20 p.m.,Viernes,Automovil,Publico,Conductor,Masculino,NO,Sin Registro,Herido,Atropello,Cruzar sin observar,Calle 25  Sur Carrera 48,Las Vegas,Urbana,
2171663,02/06/2017,7:20 a.m.,Viernes,Motocicleta,Particular,Motociclista,Femenino,NO,Sin Registro,Herido,Choque,Transitar entre vehiculos,Diagonal 31 Transversal 22 A Sur,Las Flores,Urbana,
2171663,02/06/2017,7:20 a.m.,Viernes,Motocicleta,Particular,Motociclista,Masculino,NO,Sin Registro,Herido,Choque,Transitar entre vehiculos,Diagonal 31 Transversal 22 A Sur,Las Flores,Urbana,
2171660,02/06/2017,7:25 a.m.,Viernes,Bus,Publico,Conductor,Masculino,NO,Sin Registro,Herido,Choque,Poner en marcha un vehiculo sin precauci,Calle 25 A Sur Carrera 49,Las Vegas,Urbana,"(6.181898839, -75.58264156)"
2171660,02/06/2017,7:25 a.m.,Viernes,Motocicleta,Particular,Motociclista,Masculino,NO,Sin Registro,Herido,Choque,Poner en marcha un vehiculo sin precauci,Calle 25 A Sur Carrera 49,Las Vegas,Urbana,"(6.181898839, -75.58264156)"
2171659,02/06/2017,9:30 a.m.,Viernes,Bus,Publico,Conductor,Masculino,NO,Sin Registro,Solo Daños,Choque,No respetar pelacion de interseccion o giros,Diagonal 31 Transversal 35 B,La Sebastiana,Urbana,"(6.169485787, -75.57974501)"
2171659,02/06/2017,9:30 a.m.,Viernes,Automovil,Particular,Conductor,Femenino,NO,Sin Registro,Solo Daños,Choque,No respetar pelacion de interseccion o giros,Diagonal 31 Transversal 35 B,La Sebastiana,Urbana,"(6.169485787, -75.57974501)"
2171647,02/06/2017,2:30 p.m.,Viernes,Automovil,Particular,Conductor,Masculino,NO,Sin Registro,Solo Daños,Choque,No respetar prelacion,Carrera 50 Calle 37  Sur,Avenida El Poblado,Urbana,
2171647,02/06/2017,2:30 p.m.,Viernes,Camioneta,Particular,Conductor,Masculino,NO,Sin Registro,Solo Daños,Choque,No respetar prelacion,Carrera 50 Calle 37  Sur,Avenida El Poblado,Urbana,
2171652,02/06/2017,2:30 p.m.,Viernes,Microbus,Publico,Conductor,Masculino,NO,Sin Registro,Herido,Choque,Exceso de velocidad,Calle 38  Sur Carrera 35,Mesa,Urbana,"(6.167045877, -75.58316842)"
2171652,02/06/2017,2:30 p.m.,Viernes,Automovil,Particular,Conductor,Masculino,NO,Sin Registro,Herido,Choque,Desobedecer senales,Calle 38  Sur Carrera 35,Mesa,Urbana,"(6.167045877, -75.58316842)"
2171652,02/06/2017,2:30 p.m.,Viernes,Automovil,Particular,Conductor,Masculino,NO,Sin Registro,Herido,Choque,Exceso de velocidad,Calle 38  Sur Carrera 35,Mesa,Urbana,"(6.167045877, -75.58316842)"
2171652,02/06/2017,2:30 p.m.,Viernes,Microbus,Publico,Conductor,Masculino,NO,Sin Registro,Herido,Choque,Desobedecer senales,Calle 38  Sur Carrera 35,Mesa,Urbana,"(6.167045877, -75.58316842)"
2171653,02/06/2017,1:50 p.m.,Viernes,Automovil,Particular,Conductor,Femenino,NO,Sin Registro,Solo Daños,Choque,Poner en marcha un vehiculo sin precauci,Calle 36 D Sur Carrera 27 A,Vereda El Escobero,Urbana,"(6.164831751, -75.57423497)"
2171653,02/06/2017,1:50 p.m.,Viernes,Camion,Publico,Conductor,Masculino,NO,Sin Registro,Solo Daños,Choque,Poner en marcha un vehiculo sin precauci,Calle 36 D Sur Carrera 27 A,Vereda El Escobero,Urbana,"(6.164831751, -75.57423497)"
2171657,02/06/2017,9:35 p.m.,Viernes,Motocicleta,Particular,Motociclista,Masculino,NO,Sin Registro,Solo Daños,Choque,Semaforo en rojo,Carrera 48 Calle 25  Sur,Las Vegas,Urbana,"(6.185059174, -75.58329333)"
2171657,02/06/2017,9:35 p.m.,Viernes,Motocicleta,Particular,Motociclista,Masculino,NO,Sin Registro,Solo Daños,Choque,Semaforo en rojo,Carrera 48 Calle 25  Sur,Las Vegas,Urbana,"(6.185059174, -75.58329333)"
2171664,02/06/2017,2:40 p.m.,Viernes,Automovil,Particular,Conductor,Masculino,NO,Sin Registro,Solo Daños,Choque,No mantener distancia de seguridad,Calle 37  Sur Carrera 43,Zona Centro,Urbana,"(6.170662973, -75.58744852)"
2171664,02/06/2017,2:40 p.m.,Viernes,Camioneta,Particular,Conductor,Femenino,NO,Sin Registro,Solo Daños,Choque,No mantener distancia de seguridad,Calle 37  Sur Carrera 43,Zona Centro,Urbana,"(6.170662973, -75.58744852)"
2171678,02/06/2017,12:40 p.m.,Viernes,Motocicleta,Particular,Motociclista,Femenino,NO,Sin Registro,Herido,Choque,No respetar prelacion,Calle 50  Sur Carrera 48,Las Vegas,Urbana,
2171678,02/06/2017,12:40 p.m.,Viernes,Automovil,Particular,Conductor,Masculino,NO,Sin Registro,Herido,Choque,No respetar prelacion,Calle 50  Sur Carrera 48,Las Vegas,Urbana,
2171651,02/06/2017,11:45 a.m.,Viernes,Campero,Particular,Conductor,Masculino,NO,Sin Registro,Solo Daños,Choque,Impericia en el manejo,Calle 31  Sur Carrera 45 A,San Marcos,Urbana,"(6.17732964, -75.58702584)"
2171651,02/06/2017,11:45 a.m.,Viernes,Campero,Particular,Conductor,Femenino,NO,Sin Registro,Solo Daños,Choque,Impericia en el manejo,Calle 31  Sur Carrera 45 A,San Marcos,Urbana,"(6.17732964, -75.58702584)"
2171654,02/06/2017,4:50 p.m.,Viernes,Automovil,Particular,Conductor,Femenino,NO,Sin Registro,Herido,Choque,No mantener distancia de seguridad,Calle 36 C Sur Carrera 27 A,La Inmaculada,Urbana,
2171654,02/06/2017,4:50 p.m.,Viernes,Motocicleta,Particular,Motociclista,Masculino,NO,Sin Registro,Herido,Choque,No mantener distancia de seguridad,Calle 36 C Sur Carrera 27 A,La Inmaculada,Urbana,
2171646,02/06/2017,10:45 a.m.,Viernes,Camioneta,Particular,Conductor,Masculino,NO,Sin Registro,Solo Daños,Choque,No respetar prelacion,Calle 37  Sur Carrera 49,Las Vegas,Urbana,"(6.174789471, -75.59420424)"
2171670,02/06/2017,10:09 p.m.,Viernes,Bicicleta,Sin Registro,Motociclista,Masculino,NO,Sin Registro,Herido,Choque,Transitar entre vehiculos,Calle 39  Sur Carrera 35,Mesa,Urbana,"(6.165647651, -75.58402953)"
2171670,02/06/2017,10:09 p.m.,Viernes,Motocicleta,Particular,Motociclista,Masculino,NO,Sin Registro,Herido,Choque,Transitar entre vehiculos,Calle 39  Sur Carrera 35,Mesa,Urbana,"(6.165647651, -75.58402953)"
2171646,02/06/2017,10:45 a.m.,Viernes,Automovil,Particular,Conductor,Femenino,NO,Sin Registro,Solo Daños,Choque,No respetar prelacion,Calle 37  Sur Carrera 49,Las Vegas,Urbana,"(6.174789471, -75.59420424)"
2171666,02/06/2017,11:30 p.m.,Viernes,Automovil,Particular,Conductor,Masculino,NO,Sin Registro,Herido,Choque,Semaforo en rojo,Calle 30  Sur Carrera 48,Las Vegas,Urbana,"(6.180376127, -75.59028805)"
2171666,02/06/2017,11:30 p.m.,Viernes,Motocicleta,Particular,Motociclista,Masculino,NO,Sin Registro,Herido,Choque,Semaforo en rojo,Calle 30  Sur Carrera 48,Las Vegas,Urbana,"(6.180376127, -75.59028805)"
2171690,03/06/2017,5:00 p.m.,Sábado,Automovil,Particular,Conductor,Femenino,NO,Sin Registro,Solo Daños,Choque,Desobedecer senales,Calle 32  Sur Carrera 48,Las Vegas,Urbana,
2171690,03/06/2017,5:00 p.m.,Sábado,Automovil,Particular,Conductor,Femenino,NO,Sin Registro,Solo Daños,Choque,Desobedecer senales,Calle 32  Sur Carrera 48,Las Vegas,Urbana,
2171671,03/06/2017,10:00 a.m.,Sábado,Automovil,Particular,Conductor,Masculino,NO,Sin Registro,Solo Daños,Choque,Impericia en el manejo,Carrera 44 Calle 46  Sur,Primavera,Urbana,"(6.164263272, -75.59630012)"
2171671,03/06/2017,10:00 a.m.,Sábado,Motocicleta,Particular,Motociclista,Masculino,NO,Sin Registro,Solo Daños,Choque,Impericia en el manejo,Carrera 44 Calle 46  Sur,Primavera,Urbana,"(6.164263272, -75.59630012)"
2171669,03/06/2017,9:10 a.m.,Sábado,Motocicleta,Particular,Motociclista,Masculino,NO,Sin Registro,Herido,Choque,No mantener distancia de seguridad,Calle 38  Sur Carrera 42,Zona Centro,Urbana,"(6.16961293, -75.58738469)"
2171669,03/06/2017,9:10 a.m.,Sábado,Motocicleta,Particular,Motociclista,Masculino,NO,Sin Registro,Herido,Choque,No mantener distancia de seguridad,Calle 38  Sur Carrera 42,Zona Centro,Urbana,"(6.16961293, -75.58738469)"
2171668,03/06/2017,12:10 p.m.,Sábado,Automovil,Particular,Conductor,Masculino,NO,Sin Registro,Solo Daños,Choque,No mantener distancia de seguridad,Carrera 48 Calle 40  Sur,Las Vegas,Urbana,"(6.168855316, -75.59688767)"
2171668,03/06/2017,12:10 p.m.,Sábado,Automovil,Particular,Conductor,Femenino,NO,Sin Registro,Solo Daños,Choque,No mantener distancia de seguridad,Carrera 48 Calle 40  Sur,Las Vegas,Urbana,"(6.168855316, -75.59688767)"
2171668,03/06/2017,12:10 p.m.,Sábado,Automovil,Particular,Conductor,Masculino,NO,Sin Registro,Solo Daños,Choque,No mantener distancia de seguridad,Carrera 48 Calle 40  Sur,Las Vegas,Urbana,"(6.168855316, -75.59688767)"
2171668,03/06/2017,12:10 p.m.,Sábado,Campero,Publico,Conductor,Masculino,NO,Sin Registro,Solo Daños,Choque,No mantener distancia de seguridad,Carrera 48 Calle 40  Sur,Las Vegas,Urbana,"(6.168855316, -75.59688767)"
2171673,03/06/2017,2:15 p.m.,Sábado,Automovil,Particular,Conductor,Masculino,NO,Sin Registro,Solo Daños,Choque,Poner en marcha un vehiculo sin precauci,Calle 38  Sur Carrera 41,Zona Centro,Urbana,"(6.169244976, -75.58658807)"
2171673,03/06/2017,2:15 p.m.,Sábado,Campero,Particular,Conductor,Masculino,NO,Sin Registro,Solo Daños,Choque,Poner en marcha un vehiculo sin precauci,Calle 38  Sur Carrera 41,Zona Centro,Urbana,"(6.169244976, -75.58658807)"
2171672,03/06/2017,12:20 p.m.,Sábado,Campero,Particular,Conductor,Femenino,NO,Sin Registro,Solo Daños,Choque,No mantener distancia de seguridad,Calle 38  Sur Carrera 4,Zona Centro,Urbana,"(6.16879573, -75.58588978)"
2171672,03/06/2017,12:20 p.m.,Sábado,Camioneta,Publico,Conductor,Masculino,NO,Sin Registro,Solo Daños,Choque,No mantener distancia de seguridad,Calle 38  Sur Carrera 4,Zona Centro,Urbana,"(6.16879573, -75.58588978)"
2171665,03/06/2017,1:30 p.m.,Sábado,Bus,Publico,Conductor,Masculino,NO,Sin Registro,Solo Daños,Choque,No respetar pelacion de interseccion o giros,Carrera 43 A Calle 24  Sur,Zuñiga,Urbana,"(6.181523119, -75.58079162)"
2171665,03/06/2017,1:30 p.m.,Sábado,Camioneta,Particular,Conductor,Masculino,NO,Sin Registro,Solo Daños,Choque,No respetar pelacion de interseccion o giros,Carrera 43 A Calle 24  Sur,Zuñiga,Urbana,"(6.181523119, -75.58079162)"
2171642,03/06/2017,5:30 p.m.,Sábado,Motocicleta,Particular,Motociclista,Masculino,NO,Sin Registro,Muerto,Atropello,Cruzar sin observar,Tramo 372 Kilometro  16,Vereda Palmas,Rural,
2171642,03/06/2017,5:30 p.m.,Sábado,Motocicleta,Particular,Motociclista,Masculino,NO,Sin Registro,Muerto,Atropello,Exceso de velocidad,Tramo 372 Kilometro  16,Vereda Palmas,Rural,
2171695,03/06/2017,1:50 p.m.,Sábado,Automovil,Particular,Conductor,Masculino,NO,Sin Registro,Solo Daños,Choque,Reverso imprudente,Diagonal 32  Sur Transversal 31 E,La Magnolia,Urbana,"(6.178032127, -75.58231789)"
2171695,03/06/2017,1:50 p.m.,Sábado,Automovil,Particular,Conductor,Masculino,NO,Sin Registro,Solo Daños,Choque,Reverso imprudente,Diagonal 32  Sur Transversal 31 E,La Magnolia,Urbana,"(6.178032127, -75.58231789)"
2171694,03/06/2017,10:15 p.m.,Sábado,Automovil,Publico,Conductor,Masculino,NO,Sin Registro,Solo Daños,Choque,No respetar prelacion,Calle 40  Sur Carrera 48,Las Vegas,Urbana,"(6.158744179, -75.59459712)"
2171694,03/06/2017,10:15 p.m.,Sábado,Automovil,Particular,Conductor,Masculino,NO,Sin Registro,Solo Daños,Choque,No respetar prelacion,Calle 40  Sur Carrera 48,Las Vegas,Urbana,"(6.158744179, -75.59459712)"
2171684,03/06/2017,10:25 p.m.,Sábado,Camioneta,Particular,Conductor,Masculino,NO,Sin Registro,Solo Daños,Choque,No mantener distancia de seguridad,Carrera 48 Calle 40  Sur,Las Vegas,Urbana,"(6.168855316, -75.59688767)"
2171684,03/06/2017,10:25 p.m.,Sábado,Camioneta,Particular,Conductor,Femenino,NO,Sin Registro,Solo Daños,Choque,No mantener distancia de seguridad,Carrera 48 Calle 40  Sur,Las Vegas,Urbana,"(6.168855316, -75.59688767)"
2171684,03/06/2017,10:25 p.m.,Sábado,Camioneta,Oficial,Conductor,Masculino,NO,Sin Registro,Solo Daños,Choque,No mantener distancia de seguridad,Carrera 48 Calle 40  Sur,Las Vegas,Urbana,"(6.168855316, -75.59688767)"
2171667,03/06/2017,10:35 p.m.,Sábado,Automovil,Particular,Conductor,Femenino,NO,Sin Registro,Solo Daños,Choque,Reverso imprudente,Carrera 43 A Calle 35  Sur,Zona Centro,Urbana,"(6.172381022, -75.58730875)"
2171667,03/06/2017,10:35 p.m.,Sábado,Automovil,Particular,Conductor,Masculino,NO,Sin Registro,Solo Daños,Choque,Reverso imprudente,Carrera 43 A Calle 35  Sur,Zona Centro,Urbana,"(6.172381022, -75.58730875)"
2171686,04/06/2017,7:10 p.m.,Domingo,Automovil,Particular,Conductor,Femenino,NO,Sin Registro,Solo Daños,Choque,No mantener distancia de seguridad,Carrera 43 A Calle 26  Sur,Avenida El Poblado,Urbana,"(6.180756284, -75.58295442)"
2171686,04/06/2017,7:10 p.m.,Domingo,Automovil,Particular,Conductor,Masculino,NO,Sin Registro,Solo Daños,Choque,No mantener distancia de seguridad,Carrera 43 A Calle 26  Sur,Avenida El Poblado,Urbana,"(6.180756284, -75.58295442)"
2171675,04/06/2017,7:40 p.m.,Domingo,Motocicleta,Particular,Motociclista,Masculino,NO,Sin Registro,Herido,Choque,Transitar entre vehiculos,Calle 39 D Sur Carrera 24 EE,El Chinguí,Urbana,"(6.154343948, -75.57802149)"
2171675,04/06/2017,7:40 p.m.,Domingo,Motocicleta,Particular,Motociclista,Masculino,NO,Sin Registro,Herido,Choque,Transitar entre vehiculos,Calle 39 D Sur Carrera 24 EE,El Chinguí,Urbana,"(6.154343948, -75.57802149)"
2171674,04/06/2017,8:00 p.m.,Domingo,Camioneta,Particular,Conductor,Masculino,NO,Sin Registro,Solo Daños,Choque,Otra,Calle 40 F Sur Carrera 24 B,La Mina,Urbana,"(6.156115722, -75.58240747)"
2171674,04/06/2017,8:00 p.m.,Domingo,Motocicleta,Particular,Motociclista,Masculino,NO,Sin Registro,Solo Daños,Choque,Otra,Calle 40 F Sur Carrera 24 B,La Mina,Urbana,"(6.156115722, -75.58240747)"
2171683,04/06/2017,12:20 p.m.,Domingo,Motocicleta,Particular,Motociclista,Masculino,NO,Sin Registro,Solo Daños,Choque,No respetar prelacion,Calle 40  Sur Carrera 24,El Salado,Urbana,"(6.147263187, -75.57633575)"
2171683,04/06/2017,12:20 p.m.,Domingo,Bicicleta,Sin Registro,Ciclista,Masculino,NO,Sin Registro,Solo Daños,Choque,No respetar prelacion,Calle 40  Sur Carrera 24,El Salado,Urbana,"(6.147263187, -75.57633575)"
2171676,04/06/2017,3:45 a.m.,Domingo,Campero,Particular,Conductor,Masculino,NO,Sin Registro,Solo Daños,Choque,No mantener distancia de seguridad,Carrera 43 A Calle 38  Sur,Zona Centro,Urbana,"(6.170421178, -75.58859877)"
2171676,04/06/2017,3:45 a.m.,Domingo,Motocicleta,Particular,Motociclista,Masculino,SI,3,Solo Daños,Choque,No mantener distancia de seguridad,Carrera 43 A Calle 38  Sur,Zona Centro,Urbana,"(6.170421178, -75.58859877)"