RADICADO,FECHA,HORA,DÍA DE LA SEMANA,CLASE DE VEHICULO,TIPO DE SERVICIO,TIPO DE VICTIMA,SEXO,ESTADO DE BEODEZ,RESULTADO DE BEODEZ,GRAVEDAD,CLASE DE ACCIDENTE,CAUSA,DIRECCIÓN,BARRIO,AREA,Coordenadas
2171754,09/06/2017,1:30 p.m.,Viernes,Automovil,Particular,Conductor,Masculino,NO,Sin Registro,Herido,Choque,No mantener distancia de seguridad,Calle 26  Sur Carrera 41,Zona Centro,Urbana,"(6.156404508, -75.58304441)"
2171754,09/06/2017,1:30 p.m.,Viernes,Motocicleta,Particular,Motociclista,Masculino,NO,Sin Registro,Herido,Choque,No mantener distancia de seguridad,Calle 26  Sur Carrera 41,Zona Centro,Urbana,"(6.156404508, -75.58304441)"
2171747,09/06/2017,4:30 a.m.,Viernes,Automovil,Particular,Conductor,Masculino,NO,Sin Registro,Herido,Choque,No respetar prelacion,Calle 37  Sur Carrera 48,Las Vegas,Urbana,"(6.17412211, -75.59306111)"
2171747,09/06/2017,4:30 a.m.,Viernes,Motocicleta,Particular,Motociclista,Masculino,NO,Sin Registro,Herido,Choque,No respetar prelacion,Calle 37  Sur Carrera 48,Las Vegas,Urbana,"(6.17412211, -75.59306111)"
2171766,09/06/2017,4:30 p.m.,Viernes,Automovil,Particular,Conductor,Masculino,NO,Sin Registro,Solo Daños,Choque,No mantener distancia de seguridad,Calle 37  Sur Carrera 50,Las Vegas,Urbana,
2171766,09/06/2017,4:30 p.m.,Viernes,Camion,Publico,Conductor,Masculino,NO,Sin Registro,Solo Daños,Choque,No mantener distancia de seguridad,Calle 37  Sur Carrera 50,Las Vegas,Urbana,
2171745,09/06/2017,4:40 p.m.,Viernes,Automovil,Particular,Conductor,Masculino,NO,Sin Registro,Solo Daños,Choque,No mantener distancia de seguridad,Calle 21  Sur Carrera 41,Zuñiga,Urbana,"(6.182165945, -75.57677668)"
2171745,09/06/2017,4:40 p.m.,Viernes,Camioneta,Particular,Conductor,Femenino,NO,Sin Registro,Solo Daños,Choque,No mantener distancia de seguridad,Calle 21  Sur Carrera 41,Zuñiga,Urbana,"(6.182165945, -75.57677668)"
2171744,09/06/2017,3:45 p.m.,Viernes,Automovil,Particular,Conductor,Masculino,NO,Sin Registro,Solo Daños,Choque,Desobedecer senales,Calle 30  Sur Carrera 45 A,El Portal,Urbana,"(6.178033442, -75.58652397)"
2171744,09/06/2017,3:45 p.m.,Viernes,Motocicleta,Particular,Motociclista,Masculino,NO,Sin Registro,Solo Daños,Choque,Desobedecer senales,Calle 30  Sur Carrera 45 A,El Portal,Urbana,"(6.178033442, -75.58652397)"
2171740,09/06/2017,9:50 p.m.,Viernes,Automovil,Particular,Conductor,Masculino,NO,Sin Registro,Solo Daños,Choque,Impericia en el manejo,Carrera 42 Calle 44  Sur,El Dorado,Urbana,
2171740,09/06/2017,9:50 p.m.,Viernes,Motocarro,Particular,Motociclista,Masculino,NO,Sin Registro,Solo Daños,Choque,Impericia en el manejo,Carrera 42 Calle 44  Sur,El Dorado,Urbana,
2171777,09/06/2017,7:50 a.m.,Viernes,Camion,Publico,Conductor,Masculino,NO,Sin Registro,Solo Daños,Choque,Otra,Calle 48  Sur Carrera 48,Las Vegas,Urbana,"(6.164595282, -75.60138041)"
2171739,09/06/2017,11:50 a.m.,Viernes,Automovil,Diplomatico,Conductor,Femenino,NO,Sin Registro,Solo Daños,Choque,No mantener distancia de seguridad,Carrera 48 A Calle 23  Sur,Zuñiga,Urbana,
2171739,09/06/2017,11:50 a.m.,Viernes,Automovil,Publico,Conductor,Masculino,NO,Sin Registro,Solo Daños,Choque,No mantener distancia de seguridad,Carrera 48 A Calle 23  Sur,Zuñiga,Urbana,
2171742,09/06/2017,2:45 p.m.,Viernes,Camion,Publico,Conductor,Masculino,NO,Sin Registro,Solo Daños,Choque,No mantener distancia de seguridad,Carrera 50 Calle 30  Sur,Las Vegas,Urbana,
2171742,09/06/2017,2:45 p.m.,Viernes,Automovil,Particular,Conductor,Masculino,NO,Sin Registro,Solo Daños,Choque,No mantener distancia de seguridad,Carrera 50 Calle 30  Sur,Las Vegas,Urbana,
2171749,10/06/2017,9:00 a.m.,Sábado,Automovil,Publico,Conductor,Masculino,NO,Sin Registro,Solo Daños,Choque,No mantener distancia de seguridad,Calle 37  Sur Carrera 50,Las Vegas,Urbana,
2171749,10/06/2017,9:00 a.m.,Sábado,Camion,Particular,Conductor,Masculino,NO,Sin Registro,Solo Daños,Choque,No mantener distancia de seguridad,Calle 37  Sur Carrera 50,Las Vegas,Urbana,
2171750,10/06/2017,2:00 p.m.,Sábado,Automovil,Particular,Conductor,Masculino,NO,Sin Registro,Solo Daños,Choque,Transitar entre vehiculos,Carrera 50 Calle 37  Sur,Las Vegas,Urbana,
2171750,10/06/2017,2:00 p.m.,Sábado,Motocicleta,Particular,Motociclista,Masculino,NO,Sin Registro,Solo Daños,Choque,Transitar entre vehiculos,Carrera 50 Calle 37  Sur,Las Vegas,Urbana,
2171748,10/06/2017,6:45 a.m.,Sábado,Bus,Publico,Conductor,Masculino,NO,Sin Registro,Solo Daños,Choque,Impericia en el manejo,Carrera 40 AA Calle 53  Sur,La Inmaculada,Urbana,"(6.164225597, -75.58532014)"
2171748,10/06/2017,6:45 a.m.,Sábado,Automovil,Publico,Conductor,Masculino,NO,Sin Registro,Solo Daños,Choque,Impericia en el manejo,Carrera 40 AA Calle 53  Sur,La Inmaculada,Urbana,"(6.164225597, -75.58532014)"
2171767,10/06/2017,10:30 a.m.,Sábado,Automovil,Particular,Conductor,Masculino,NO,Sin Registro,Solo Daños,Choque,No mantener distancia de seguridad,Calle 36  Sur Carrera 40,Zona Centro,Urbana,"(6.170187625, -75.58505766)"
2171767,10/06/2017,10:30 a.m.,Sábado,Automovil,Publico,Conductor,Masculino,NO,Sin Registro,Solo Daños,Choque,No mantener distancia de seguridad,Calle 36  Sur Carrera 40,Zona Centro,Urbana,"(6.170187625, -75.58505766)"
2171767,10/06/2017,10:30 a.m.,Sábado,Automovil,Diplomatico,Conductor,Masculino,NO,Sin Registro,Solo Daños,Choque,No mantener distancia de seguridad,Calle 36  Sur Carrera 40,Zona Centro,Urbana,"(6.170187625, -75.58505766)"
2171752,10/06/2017,3:40 p.m.,Sábado,Camioneta,Particular,Conductor,Masculino,NO,Sin Registro,Solo Daños,Choque,No mantener distancia de seguridad,Diagonal 31 Transversal 34 DD,La Sebastiana,Urbana,"(6.171548906, -75.57932035)"
2171752,10/06/2017,3:40 p.m.,Sábado,Automovil,Particular,Conductor,Masculino,NO,Sin Registro,Solo Daños,Choque,No mantener distancia de seguridad,Diagonal 31 Transversal 34 DD,La Sebastiana,Urbana,"(6.171548906, -75.57932035)"
2171759,10/06/2017,11:40 a.m.,Sábado,Automovil,Particular,Conductor,Masculino,NO,Sin Registro,Solo Daños,Choque,No mantener distancia de seguridad,Calle 37  Sur Carrera 48,Glorieta Exito,Urbana,"(6.17412211, -75.59306111)"
2171759,10/06/2017,11:40 a.m.,Sábado,Automovil,Particular,Conductor,Masculino,NO,Sin Registro,Solo Daños,Choque,No mantener distancia de seguridad,Calle 37  Sur Carrera 48,Glorieta Exito,Urbana,"(6.17412211, -75.59306111)"
2171757,10/06/2017,9:45 a.m.,Sábado,Automovil,Particular,Conductor,Femenino,NO,Sin Registro,Herido,Choque,Desobedecer senales,Calle 26  Sur Carrera 43 A,Jardines,Urbana,"(6.180841534, -75.58293815)"
2171757,10/06/2017,9:45 a.m.,Sábado,Bicicleta,Sin Registro,Ciclista,Masculino,NO,Sin Registro,Herido,Choque,Desobedecer senales,Calle 26  Sur Carrera 43 A,Jardines,Urbana,"(6.180841534, -75.58293815)"
2171774,10/06/2017,11:50 a.m.,Sábado,Bus,Publico,Conductor,Masculino,NO,Sin Registro,Herido,Atropello,Semaforo en rojo,Calle 38  Sur Carrera 40,Zona Centro,Urbana,"(6.16879573, -75.58588978)"
2171751,10/06/2017,2:54 p.m.,Sábado,Motocicleta,Particular,Motociclista,Masculino,NO,Sin Registro,Solo Daños,Choque,Impericia en el manejo,Calle 37  Sur Carrera 48,Las Vegas,Urbana,"(6.17412211, -75.59306111)"
2171751,10/06/2017,2:54 p.m.,Sábado,Camioneta,Particular,Conductor,Femenino,NO,Sin Registro,Solo Daños,Choque,Impericia en el manejo,Calle 37  Sur Carrera 48,Las Vegas,Urbana,"(6.17412211, -75.59306111)"
2171738,11/06/2017,2:00 a.m.,Domingo,Camioneta,Particular,Conductor,Masculino,NO,Sin Registro,Herido,Choque,Embriaguez o droga,Calle 38  Sur Carrera 38,Zona Centro,Urbana,"(6.16803936, -75.58469435)"
2171738,11/06/2017,2:00 a.m.,Domingo,Motocicleta,Particular,Motociclista,Masculino,NO,Sin Registro,Herido,Choque,Embriaguez o droga,Calle 38  Sur Carrera 38,Zona Centro,Urbana,"(6.16803936, -75.58469435)"
2171756,11/06/2017,3:15 p.m.,Domingo,Campero,Particular,Conductor,Masculino,NO,Sin Registro,Herido,Choque,Semaforo en rojo,Diagonal 31 E Transversal 34 D Sur,Los Naranjos,Urbana,"(6.17201459, -75.57921611)"
2171756,11/06/2017,3:15 p.m.,Domingo,Motocicleta,Particular,Motociclista,Femenino,NO,Sin Registro,Herido,Choque,Semaforo en rojo,Diagonal 31 E Transversal 34 D Sur,Los Naranjos,Urbana,"(6.17201459, -75.57921611)"
2171760,11/06/2017,12:30 p.m.,Domingo,Bus,Publico,Conductor,Masculino,NO,Sin Registro,Solo Daños,Choque,No mantener distancia de seguridad,Calle 39  Sur Carrera 39,Mesa,Urbana,"(6.166978259, -75.58604492)"
2171760,11/06/2017,12:30 p.m.,Domingo,Automovil,Publico,Conductor,Masculino,NO,Sin Registro,Solo Daños,Choque,No mantener distancia de seguridad,Calle 39  Sur Carrera 39,Mesa,Urbana,"(6.166978259, -75.58604492)"
2171761,11/06/2017,5:20 p.m.,Domingo,Camion,Particular,Conductor,Masculino,NO,Sin Registro,Solo Daños,Choque,No mantener distancia de seguridad,Calle 39 A Sur Carrera 48,Las Vegas,Urbana,"(6.168916704, -75.59147177)"
2171761,11/06/2017,5:20 p.m.,Domingo,Campero,Particular,Conductor,Masculino,NO,Sin Registro,Solo Daños,Choque,No mantener distancia de seguridad,Calle 39 A Sur Carrera 48,Las Vegas,Urbana,"(6.168916704, -75.59147177)"
2171762,11/06/2017,10:30 a.m.,Domingo,Automovil,Particular,Conductor,Femenino,NO,Sin Registro,Solo Daños,Choque,Poner en marcha un vehiculo sin precauci,Calle 29  Sur Carrera 45 B,Jardines,Urbana,"(6.179896057, -75.58639703)"
2171762,11/06/2017,10:30 a.m.,Domingo,Camioneta,Particular,Conductor,Femenino,NO,Sin Registro,Solo Daños,Choque,Poner en marcha un vehiculo sin precauci,Calle 29  Sur Carrera 45 B,Jardines,Urbana,"(6.179896057, -75.58639703)"
2171753,11/06/2017,3:40 a.m.,Domingo,Automovil,Publico,Conductor,Masculino,NO,Sin Registro,Solo Daños,Choque,No mantener distancia de seguridad,Diagonal 40 Transversal 33  Sur,Bucarest,Urbana,"(6.173507784, -75.58545751)"
2171753,11/06/2017,3:40 a.m.,Domingo,Camioneta,Particular,Conductor,Masculino,NO,Sin Registro,Solo Daños,Choque,No mantener distancia de seguridad,Diagonal 40 Transversal 33  Sur,Bucarest,Urbana,"(6.173507784, -75.58545751)"
2171741,11/06/2017,4:50 a.m.,Domingo,Motocicleta,Particular,Motociclista,Masculino,NO,Sin Registro,Herido,Atropello,Embriaguez o droga,Calle 39  Sur Carrera 41,Zona Centro,Urbana,"(6.167870042, -75.58744871)"
2171764,12/06/2017,6:00 p.m.,Lunes,Automovil,Particular,Conductor,Masculino,NO,Sin Registro,Solo Daños,Choque,No mantener distancia de seguridad,Calle 32 C Sur Carrera 48,Las Vegas,Urbana,"(6.175004387, -75.58736971)"
2171764,12/06/2017,6:00 p.m.,Lunes,Motocicleta,Particular,Motociclista,Masculino,NO,Sin Registro,Solo Daños,Choque,No mantener distancia de seguridad,Calle 32 C Sur Carrera 48,Las Vegas,Urbana,"(6.175004387, -75.58736971)"
2171770,12/06/2017,8:00 a.m.,Lunes,Camioneta,Particular,Conductor,Masculino,NO,Sin Registro,Solo Daños,Choque,No mantener distancia de seguridad,Tramo 372 Kilometro  17,Vereda Palmas,Rural,
2171770,12/06/2017,8:00 a.m.,Lunes,Automovil,Publico,Conductor,Masculino,NO,Sin Registro,Solo Daños,Choque,No mantener distancia de seguridad,Tramo 372 Kilometro  17,Vereda Palmas,Rural,
2171765,12/06/2017,5:10 p.m.,Lunes,Automovil,Particular,Conductor,Femenino,NO,Sin Registro,Solo Daños,Choque,Reverso imprudente,Calle 32 B Sur Carrera 44 A,San Marcos,Urbana,"(6.17529477, -75.58693547)"
2171765,12/06/2017,5:10 p.m.,Lunes,Motocicleta,Particular,Motociclista,Masculino,NO,Sin Registro,Solo Daños,Choque,Reverso imprudente,Calle 32 B Sur Carrera 44 A,San Marcos,Urbana,"(6.17529477, -75.58693547)"
2171772,12/06/2017,11:20 a.m.,Lunes,Automovil,Diplomatico,Conductor,Masculino,NO,Sin Registro,Solo Daños,Choque,Transitar entre vehiculos,Calle 45 A Sur Carrera 42,El Dorado,Urbana,"(6.163477254, -75.59336385)"
2171772,12/06/2017,11:20 a.m.,Lunes,Automovil,Publico,Conductor,Masculino,NO,Sin Registro,Solo Daños,Choque,Transitar entre vehiculos,Calle 45 A Sur Carrera 42,El Dorado,Urbana,"(6.163477254, -75.59336385)"
2171771,12/06/2017,3:30 p.m.,Lunes,Camioneta,Particular,Conductor,Masculino,NO,Sin Registro,Solo Daños,Choque,No mantener distancia de seguridad,Calle 39 B Sur Carrera 32,Mesa,Urbana,"(6.163909636, -75.5829262)"
2171771,12/06/2017,3:30 p.m.,Lunes,Automovil,Particular,Conductor,Masculino,NO,Sin Registro,Solo Daños,Choque,No mantener distancia de seguridad,Calle 39 B Sur Carrera 32,Mesa,Urbana,"(6.163909636, -75.5829262)"
2171768,12/06/2017,12:30 p.m.,Lunes,Camion,Publico,Conductor,Masculino,NO,Sin Registro,Solo Daños,Choque,No mantener distancia de seguridad,Calle 38  Sur Carrera 38,Zona Centro,Urbana,"(6.16803936, -75.58469435)"
2171768,12/06/2017,12:30 p.m.,Lunes,Motocicleta,Particular,Motociclista,Masculino,NO,Sin Registro,Solo Daños,Choque,No mantener distancia de seguridad,Calle 38  Sur Carrera 38,Zona Centro,Urbana,"(6.16803936, -75.58469435)"
2171763,12/06/2017,11:40 a.m.,Lunes,Camion,Publico,Conductor,Masculino,NO,Sin Registro,Solo Daños,Choque,No mantener distancia de seguridad,Calle 25  Sur Carrera 48,Las Vegas,Urbana,
2171763,12/06/2017,11:40 a.m.,Lunes,Automovil,Particular,Conductor,Femenino,NO,Sin Registro,Solo Daños,Choque,No mantener distancia de seguridad,Calle 25  Sur Carrera 48,Las Vegas,Urbana,
2171758,12/06/2017,1:50 a.m.,Lunes,Automovil,Particular,Conductor,Masculino,NO,Sin Registro,Solo Daños,Choque,Semaforo en rojo,Calle 39  Sur Carrera 42,Zona Centro,Urbana,"(6.168300638, -75.58815927)"
2171758,12/06/2017,1:50 a.m.,Lunes,Camioneta,Particular,Conductor,Masculino,NO,Sin Registro,Solo Daños,Choque,Semaforo en rojo,Calle 39  Sur Carrera 42,Zona Centro,Urbana,"(6.168300638, -75.58815927)"
2171773,06/13/2017,4:00 p.m.,Martes,Automovil,Particular,Conductor,Masculino,NO,Sin Registro,Solo Daños,Choque,No mantener distancia de seguridad,Calle 30  Sur Carrera 50,Las Vegas,Urbana,
2171773,06/13/2017,4:00 p.m.,Martes,Motocicleta,Particular,Motociclista,Masculino,NO,Sin Registro,Solo Daños,Choque,No mantener distancia de seguridad,Calle 30  Sur Carrera 50,Las Vegas,Urbana,
2171778,06/13/2017,6:05 a.m.,Martes,Camioneta,Particular,Conductor,Masculino,NO,Sin Registro,Herido,Choque,No respetar prelacion,Calle 38 A Sur Carrera 39,Mesa,Urbana,"(6.167679571, -75.58567628)"
2171778,06/13/2017,6:05 a.m.,Martes,Bicicleta,Sin Registro,Ciclista,Masculino,NO,Sin Registro,Herido,Choque,No respetar prelacion,Calle 38 A Sur Carrera 39,Mesa,Urbana,"(6.167679571, -75.58567628)"
2171776,06/13/2017,5:00 p.m.,Martes,Automovil,Particular,Conductor,Masculino,NO,Sin Registro,Solo Daños,Choque,Reverso imprudente,Transversal 35 A Sur Diagonal 32,Alcala,Urbana,"(6.169960996, -75.58095702)"
2171776,06/13/2017,5:00 p.m.,Martes,Automovil,Particular,Conductor,Masculino,NO,Sin Registro,Solo Daños,Choque,Reverso imprudente,Transversal 35 A Sur Diagonal 32,Alcala,Urbana,"(6.169960996, -75.58095702)"
2171793,06/13/2017,7:40 p.m.,Martes,Automovil,Particular,Conductor,Masculino,NO,Sin Registro,Solo Daños,Choque,Adelantar por la derecha,Calle 27  Sur Carrera 43 A,San Marcos,Urbana,"(6.179865156, -75.58336545)"
2171793,06/13/2017,7:40 p.m.,Martes,Motocicleta,Particular,Motociclista,Masculino,NO,Sin Registro,Solo Daños,Choque,Adelantar por la derecha,Calle 27  Sur Carrera 43 A,San Marcos,Urbana,"(6.179865156, -75.58336545)"
2171785,06/13/2017,7:10 a.m.,Martes,Automovil,Particular,Conductor,Masculino,NO,Sin Registro,Solo Daños,Choque,No mantener distancia de seguridad,Calle 39  Sur Carrera 50,Las Vegas,Urbana,
2171785,06/13/2017,7:10 a.m.,Martes,Camioneta,Publico,Conductor,Masculino,NO,Sin Registro,Solo Daños,Choque,No mantener distancia de seguridad,Calle 39  Sur Carrera 50,Las Vegas,Urbana,
2171769,06/13/2017,9:15 a.m.,Martes,Automovil,Particular,Conductor,Femenino,NO,Sin Registro,Solo Daños,Choque,Impericia en el manejo,Calle 31 A Sur Carrera 43 A,Jardines,Urbana,"(6.17641909, -75.58556133)"
2171769,06/13/2017,9:15 a.m.,Martes,Motocicleta,Particular,Motociclista,Masculino,NO,Sin Registro,Solo Daños,Choque,Impericia en el manejo,Calle 31 A Sur Carrera 43 A,Jardines,Urbana,"(6.17641909, -75.58556133)"
2171783,06/13/2017,3:15 p.m.,Martes,Automovil,Particular,Conductor,Masculino,NO,Sin Registro,Solo Daños,Choque,No mantener distancia de seguridad,Carrera 43 A Calle 38 B Sur,Alcala,Urbana,"(6.169316859, -75.58929933)"
2171783,06/13/2017,3:15 p.m.,Martes,Motocicleta,Particular,Motociclista,Masculino,NO,Sin Registro,Solo Daños,Choque,No mantener distancia de seguridad,Carrera 43 A Calle 38 B Sur,Alcala,Urbana,"(6.169316859, -75.58929933)"
2171784,06/13/2017,11:25 a.m.,Martes,Motocicleta,Particular,Motociclista,Masculino,NO,Sin Registro,Solo Daños,Choque,Poner en marcha un vehiculo sin precauci,Carrera 41 Calle 36  Sur,Zona Centro,Urbana,"(6.170520335, -75.58575425)"
2171784,06/13/2017,11:25 a.m.,Martes,Campero,Particular,Conductor,Femenino,NO,Sin Registro,Solo Daños,Choque,Poner en marcha un vehiculo sin precauci,Carrera 41 Calle 36  Sur,Zona Centro,Urbana,"(6.170520335, -75.58575425)"
2171775,06/13/2017,4:20 p.m.,Martes,Automovil,Publico,Conductor,Masculino,NO,Sin Registro,Solo Daños,Choque,Adelantar cerrando,Calle 37  Sur Carrera 50,Las Vegas,Urbana,
2171775,06/13/2017,4:20 p.m.,Martes,Bus,Publico,Conductor,Masculino,NO,Sin Registro,Solo Daños,Choque,Adelantar cerrando,Calle 37  Sur Carrera 50,Las Vegas,Urbana,
2171794,06/13/2017,12:30 p.m.,Martes,Campero,Particular,Conductor,Masculino,NO,Sin Registro,Solo Daños,Choque,No mantener distancia de seguridad,Calle 30  Sur Carrera 45,Jardines,Urbana,"(6.177736003, -75.58612378)"
2171794,06/13/2017,12:30 p.m.,Martes,Automovil,Particular,Conductor,Masculino,NO,Sin Registro,Solo Daños,Choque,No mantener distancia de seguridad,Calle 30  Sur Carrera 45,Jardines,Urbana,"(6.177736003, -75.58612378)"
2171781,06/13/2017,11:30 p.m.,Martes,Automovil,Particular,Conductor,Masculino,NO,Sin Registro,Solo Daños,Choque,No mantener distancia de seguridad,Calle 37  Sur Carrera 48,Las Vegas,Urbana,"(6.17412211, -75.59306111)"
2171781,06/13/2017,11:30 p.m.,Martes,Campero,Particular,Conductor,Masculino,NO,Sin Registro,Solo Daños,Choque,No mantener distancia de seguridad,Calle 37  Sur Carrera 48,Las Vegas,Urbana,"(6.17412211, -75.59306111)"
2171836,06/14/2017,7:00 p.m.,Miércoles,Bus,Publico,Conductor,Masculino,NO,Sin Registro,Herido,Otro,Poner en marcha un vehiculo sin precauci,Calle 39  Sur Carrera 41,El Dorado,Urbana,"(6.167870042, -75.58744871)"
2171787,06/14/2017,3:00 p.m.,Miércoles,Campero,Particular,Conductor,Femenino,NO,Sin Registro,Herido,Choque,Semaforo en rojo,Diagonal 31 E Transversal 34  Sur,Las Flores,Urbana,"(6.172689669, -75.57882729)"
2171787,06/14/2017,3:00 p.m.,Miércoles,Automovil,Publico,Conductor,Masculino,NO,Sin Registro,Herido,Choque,Semaforo en rojo,Diagonal 31 E Transversal 34  Sur,Las Flores,Urbana,"(6.172689669, -75.57882729)"
2171779,06/14/2017,7:20 p.m.,Miércoles,Automovil,Particular,Conductor,Masculino,NO,Sin Registro,Herido,Choque,Semaforo en rojo,Calle 37  Sur Carrera 29 A,La Pradera,Urbana,"(6.166159821, -75.58061864)"
2171779,06/14/2017,7:20 p.m.,Miércoles,Bicicleta,Sin Registro,Ciclista,Masculino,NO,Sin Registro,Herido,Choque,Semaforo en rojo,Calle 37  Sur Carrera 29 A,La Pradera,Urbana,"(6.166159821, -75.58061864)"
2171808,06/14/2017,5:30 a.m.,Miércoles,Automovil,Particular,Conductor,Masculino,NO,Sin Registro,Solo Daños,Choque,Exceso de velocidad,Tramo 192 Kilometro  1,Vereda El Escobero,Rural,
2171808,06/14/2017,5:30 a.m.,Miércoles,Buseta,Publico,Conductor,Masculino,NO,Sin Registro,Solo Daños,Choque,Exceso de velocidad,Tramo 192 Kilometro  1,Vereda El Escobero,Rural,
2171786,06/14/2017,6:40 a.m.,Miércoles,Automovil,Particular,Conductor,Masculino,NO,Sin Registro,Solo Daños,Choque,Desobedecer senales,Calle 38  Sur Carrera 36,Mesa,Urbana,"(6.167371692, -75.58367367)"
2171786,06/14/2017,6:40 a.m.,Miércoles,Automovil,Particular,Conductor,Masculino,NO,Sin Registro,Solo Daños,Choque,Desobedecer senales,Calle 38  Sur Carrera 36,Mesa,Urbana,"(6.167371692, -75.58367367)"
2171780,06/14/2017,4:30 p.m.,Miércoles,Automovil,Particular,Conductor,Masculino,NO,Sin Registro,Solo Daños,Choque,Reverso imprudente,Calle 36  Sur Carrera 37,Obrero,Urbana,"(6.169187276, -75.58349763)"
2171780,06/14/2017,4:30 p.m.,Miércoles,Automovil,Particular,Conductor,Masculino,NO,Sin Registro,Solo Daños,Choque,Reverso imprudente,Calle 36  Sur Carrera 37,Obrero,Urbana,"(6.169187276, -75.58349763)"
2171789,06/15/2017,7:00 a.m.,Jueves,Motocicleta,Particular,Motociclista,Masculino,NO,Sin Registro,Herido,Choque,Desobedecer senales,Calle 38 A Sur Carrera 41,Zona Centro,Urbana,"(6.168560755, -75.58701537)"
2171789,06/15/2017,7:00 a.m.,Jueves,Bus,Publico,Conductor,Masculino,NO,Sin Registro,Herido,Choque,Desobedecer senales,Calle 38 A Sur Carrera 41,Zona Centro,Urbana,"(6.168560755, -75.58701537)"
2171792,06/15/2017,4:00 p.m.,Jueves,Camioneta,Particular,Conductor,Masculino,NO,Sin Registro,Solo Daños,Choque,No mantener distancia de seguridad,Calle 50  Sur Carrera 48,Las Vegas,Urbana,
2171792,06/15/2017,4:00 p.m.,Jueves,Camioneta,Particular,Conductor,Masculino,NO,Sin Registro,Solo Daños,Choque,No mantener distancia de seguridad,Calle 50  Sur Carrera 48,Las Vegas,Urbana,
2171796,06/15/2017,10:00 a.m.,Jueves,Automovil,Particular,Conductor,Masculino,NO,Sin Registro,Solo Daños,Choque,Adelantar por la derecha,Diagonal 31 Transversal 36 A Sur,La Sebastiana,Urbana,"(6.167967817, -75.58028177)"
2171796,06/15/2017,10:00 a.m.,Jueves,Motocicleta,Particular,Motociclista,Masculino,NO,Sin Registro,Solo Daños,Choque,Adelantar por la derecha,Diagonal 31 Transversal 36 A Sur,La Sebastiana,Urbana,"(6.167967817, -75.58028177)"
2171788,06/15/2017,6:30 a.m.,Jueves,Microbus,Publico,Conductor,Masculino,NO,Sin Registro,Herido,Choque,Desobedecer senales,Diagonal 31 E Transversal 33  Sur,La Magnolia,Urbana,"(6.174094397, -75.57881853)"
2171788,06/15/2017,6:30 a.m.,Jueves,Motocicleta,Particular,Motociclista,Masculino,NO,Sin Registro,Herido,Choque,Desobedecer senales,Diagonal 31 E Transversal 33  Sur,La Magnolia,Urbana,"(6.174094397, -75.57881853)"
2171821,06/15/2017,8:00 p.m.,Jueves,Camioneta,Particular,Conductor,Masculino,NO,Sin Registro,Solo Daños,Choque,Impericia en el manejo,Calle 30  Sur Carrera 44 A,Jardines,Urbana,"(6.177491165, -75.58577495)"
2171821,06/15/2017,8:00 p.m.,Jueves,Automovil,Particular,Conductor,Masculino,NO,Sin Registro,Solo Daños,Choque,Impericia en el manejo,Calle 30  Sur Carrera 44 A,Jardines,Urbana,"(6.177491165, -75.58577495)"
2171821,06/15/2017,8:00 p.m.,Jueves,Motocicleta,Particular,Motociclista,Masculino,NO,Sin Registro,Solo Daños,Choque,Impericia en el manejo,Calle 30  Sur Carrera 44 A,Jardines,Urbana,"(6.177491165, -75.58577495)"
2171802,06/15/2017,12:20 p.m.,Jueves,Automovil,Particular,Conductor,Femenino,NO,Sin Registro,Solo Daños,Choque,Adelantar cerrando,Carrera 43 A Calle 23 A Sur,Las Orquideas,Urbana,"(6.182555831, -75.58017793)"
2171802,06/15/2017,12:20 p.m.,Jueves,Automovil,Publico,Conductor,Masculino,NO,Sin Registro,Solo Daños,Choque,Adelantar cerrando,Carrera 43 A Calle 23 A Sur,Las Orquideas,Urbana,"(6.182555831, -75.58017793)"
2171790,06/15/2017,8:35 p.m.,Jueves,Motocicleta,Diplomatico,Motociclista,Masculino,NO,Sin Registro,Herido,Choque,Desobedecer senales,Diagonal 32 D Transversal 33 A Sur,La Magnolia,Urbana,"(6.17359082, -75.58341365)"
2171790,06/15/2017,8:35 p.m.,Jueves,Automovil,Particular,Conductor,Masculino,NO,Sin Registro,Herido,Choque,Desobedecer senales,Diagonal 32 D Transversal 33 A Sur,La Magnolia,Urbana,"(6.17359082, -75.58341365)"
2171834,06/15/2017,8:37 p.m.,Jueves,Camion,Publico,Conductor,Masculino,NO,Sin Registro,Solo Daños,Choque,Impericia en el manejo,Calle 46  Sur Carrera 50,Las Vegas,Urbana,
2171834,06/15/2017,8:37 p.m.,Jueves,Camion,Publico,Conductor,Masculino,NO,Sin Registro,Solo Daños,Choque,Impericia en el manejo,Calle 46  Sur Carrera 50,Las Vegas,Urbana,
2171799,06/15/2017,8:40 p.m.,Jueves,Automovil,Particular,Conductor,Masculino,NO,Sin Registro,Solo Daños,Choque,No mantener distancia de seguridad,Carrera 29 Calle 27  Sur,Mesa,Urbana,
2171799,06/15/2017,8:40 p.m.,Jueves,Automovil,Particular,Conductor,Masculino,NO,Sin Registro,Solo Daños,Choque,No mantener distancia de seguridad,Carrera 29 Calle 27  Sur,Mesa,Urbana,