RADICADO,FECHA,HORA,DÍA DE LA SEMANA,CLASE DE VEHICULO,TIPO DE SERVICIO,TIPO DE VICTIMA,SEXO,ESTADO DE BEODEZ,RESULTADO DE BEODEZ,GRAVEDAD,CLASE DE ACCIDENTE,CAUSA,DIRECCIÓN,BARRIO,AREA,Coordenadas
2171795,06/15/2017,11:30 a.m.,Jueves,Automovil,Particular,Conductor,Masculino,NO,Sin Registro,Solo Daños,Choque,No mantener distancia de seguridad,Calle 38  Sur Carrera 43 A,Zona Centro,Urbana,"(6.170537577, -75.58862514)"
2171795,06/15/2017,11:30 a.m.,Jueves,Volqueta,Publico,Conductor,Masculino,NO,Sin Registro,Solo Daños,Choque,No mantener distancia de seguridad,Calle 38  Sur Carrera 43 A,Zona Centro,Urbana,"(6.170537577, -75.58862514)"
2171803,06/15/2017,2:30 p.m.,Jueves,Microbus,Publico,Conductor,Masculino,NO,Sin Registro,Solo Daños,Choque,No mantener distancia de seguridad,Calle 36  Sur Carrera 27,El Chocho,Urbana,"(6.167154903, -75.56933697)"
2171803,06/15/2017,2:30 p.m.,Jueves,Automovil,Particular,Conductor,Masculino,NO,Sin Registro,Solo Daños,Choque,No mantener distancia de seguridad,Calle 36  Sur Carrera 27,El Chocho,Urbana,"(6.167154903, -75.56933697)"
2171805,06/15/2017,5:25 p.m.,Jueves,Campero,Particular,Conductor,Femenino,NO,Sin Registro,Solo Daños,Choque,No mantener distancia de seguridad,Carrera 27 Calle 28  Sur,La Inmaculada,Urbana,"(6.171086787, -75.569081)"
2171805,06/15/2017,5:25 p.m.,Jueves,Automovil,Particular,Conductor,Masculino,NO,Sin Registro,Solo Daños,Choque,No mantener distancia de seguridad,Carrera 27 Calle 28  Sur,La Inmaculada,Urbana,"(6.171086787, -75.569081)"
2171791,06/15/2017,3:37 p.m.,Jueves,Motocicleta,Particular,Motociclista,Masculino,NO,Sin Registro,Solo Daños,Choque,Adelantar por la derecha,Calle 29  Sur Carrera 46 A,Jardines,Urbana,"(6.180673523, -75.58690575)"
2171791,06/15/2017,3:37 p.m.,Jueves,Automovil,Particular,Conductor,Femenino,NO,Sin Registro,Solo Daños,Choque,Adelantar por la derecha,Calle 29  Sur Carrera 46 A,Jardines,Urbana,"(6.180673523, -75.58690575)"
2171844,06/15/2017,9:45 a.m.,Jueves,Automovil,Particular,Conductor,Masculino,NO,Sin Registro,Solo Daños,Choque,No mantener distancia de seguridad,Transversal 36  Sur Diagonal 31,La Pradera,Urbana,"(6.16838256, -75.58057915)"
2171844,06/15/2017,9:45 a.m.,Jueves,Camioneta,Publico,Conductor,Masculino,NO,Sin Registro,Solo Daños,Choque,No mantener distancia de seguridad,Transversal 36  Sur Diagonal 31,La Pradera,Urbana,"(6.16838256, -75.58057915)"
2171844,06/15/2017,9:45 a.m.,Jueves,Automovil,Particular,Conductor,Masculino,NO,Sin Registro,Solo Daños,Choque,No mantener distancia de seguridad,Transversal 36  Sur Diagonal 31,La Pradera,Urbana,"(6.16838256, -75.58057915)"
2171801,06/16/2017,11:00 a.m.,Viernes,Motocicleta,Particular,Motociclista,Masculino,NO,Sin Registro,Herido,Choque,Adelantar en zona prohibida,Calle 40 F Sur Carrera 32 B,San Rafael,Urbana,"(6.162643008, -75.58590704)"
2171801,06/16/2017,11:00 a.m.,Viernes,Automovil,Particular,Conductor,Masculino,NO,Sin Registro,Herido,Choque,Adelantar en zona prohibida,Calle 40 F Sur Carrera 32 B,San Rafael,Urbana,"(6.162643008, -75.58590704)"
2171800,06/16/2017,8:10 a.m.,Viernes,Automovil,Particular,Conductor,Masculino,NO,Sin Registro,Solo Daños,Choque,No respetar prelacion,Tramo 376 Kilometro  8,Vereda Perico,Rural,
2171800,06/16/2017,8:10 a.m.,Viernes,Automovil,Particular,Conductor,Masculino,NO,Sin Registro,Solo Daños,Choque,No respetar prelacion,Tramo 376 Kilometro  8,Vereda Perico,Rural,
2171807,06/16/2017,11:15 a.m.,Viernes,Automovil,Particular,Conductor,Femenino,NO,Sin Registro,Solo Daños,Choque,Adelantar cerrando,Carrera 48 Calle 50  Sur,Las Vegas,Urbana,
2171807,06/16/2017,11:15 a.m.,Viernes,Tractocamion,Publico,Conductor,Masculino,NO,Sin Registro,Solo Daños,Choque,Adelantar cerrando,Carrera 48 Calle 50  Sur,Las Vegas,Urbana,
2171826,06/16/2017,10:10 a.m.,Viernes,Automovil,Particular,Conductor,Masculino,NO,Sin Registro,Herido,Choque,Semaforo en rojo,Calle 38 A Sur Carrera 41,Zona Centro,Urbana,"(6.168560755, -75.58701537)"
2171826,06/16/2017,10:10 a.m.,Viernes,Motocicleta,Particular,Motociclista,Masculino,NO,Sin Registro,Herido,Choque,Semaforo en rojo,Calle 38 A Sur Carrera 41,Zona Centro,Urbana,"(6.168560755, -75.58701537)"
2171832,06/16/2017,2:15 p.m.,Viernes,Motocicleta,Particular,Motociclista,Masculino,NO,Sin Registro,Solo Daños,Choque,No respetar prelacion,Calle 36  Sur Carrera 41,Zona Centro,Urbana,"(6.170639628, -75.58578509)"
2171832,06/16/2017,2:15 p.m.,Viernes,Camioneta,Particular,Conductor,Masculino,NO,Sin Registro,Solo Daños,Choque,No respetar prelacion,Calle 36  Sur Carrera 41,Zona Centro,Urbana,"(6.170639628, -75.58578509)"
2171825,06/17/2017,9:30 a.m.,Sábado,Automovil,Particular,Conductor,Masculino,NO,Sin Registro,Herido,Choque,No mantener distancia de seguridad,Calle 32  Sur Carrera 50,Las Vegas,Urbana,
2171839,06/16/2017,8:10 p.m.,Viernes,Buseta,Publico,Conductor,Masculino,NO,Sin Registro,Solo Daños,Choque,Impericia en el manejo,Calle 38 A Sur Carrera 43,Zona Centro,Urbana,"(6.169370628, -75.5883151)"
2171839,06/16/2017,8:10 p.m.,Viernes,Motocicleta,Particular,Motociclista,Masculino,NO,Sin Registro,Solo Daños,Choque,Impericia en el manejo,Calle 38 A Sur Carrera 43,Zona Centro,Urbana,"(6.169370628, -75.5883151)"
2171830,06/16/2017,11:30 a.m.,Viernes,Automovil,Particular,Conductor,Masculino,NO,Sin Registro,Solo Daños,Choque,No mantener distancia de seguridad,Calle 27  Sur Carrera 50,Las Vegas,Urbana,
2171816,06/16/2017,3:30 p.m.,Viernes,Motocicleta,Particular,Motociclista,Femenino,NO,Sin Registro,Herido,Choque,No mantener distancia de seguridad,Calle 37  Sur Carrera 48,Las Vegas,Urbana,"(6.17412211, -75.59306111)"
2171816,06/16/2017,3:30 p.m.,Viernes,Automovil,Particular,Conductor,Masculino,NO,Sin Registro,Herido,Choque,No mantener distancia de seguridad,Calle 37  Sur Carrera 48,Las Vegas,Urbana,"(6.17412211, -75.59306111)"
2171830,06/16/2017,11:30 a.m.,Viernes,Automovil,Particular,Conductor,Masculino,NO,Sin Registro,Solo Daños,Choque,No mantener distancia de seguridad,Calle 27  Sur Carrera 50,Las Vegas,Urbana,
2171830,06/16/2017,11:30 a.m.,Viernes,Camioneta,Particular,Conductor,Masculino,NO,Sin Registro,Solo Daños,Choque,No mantener distancia de seguridad,Calle 27  Sur Carrera 50,Las Vegas,Urbana,
2171824,06/16/2017,10:30 a.m.,Viernes,Automovil,Particular,Conductor,Masculino,NO,Sin Registro,Herido,Choque,No mantener distancia de seguridad,Calle 30  Sur Carrera 48,Las Vegas,Urbana,"(6.180376127, -75.59028805)"
2171824,06/16/2017,10:30 a.m.,Viernes,Camioneta,Particular,Conductor,Masculino,NO,Sin Registro,Herido,Choque,No mantener distancia de seguridad,Calle 30  Sur Carrera 48,Las Vegas,Urbana,"(6.180376127, -75.59028805)"
2171831,06/16/2017,9:40 a.m.,Viernes,Automovil,Particular,Conductor,Femenino,NO,Sin Registro,Solo Daños,Choque,Desobedecer senales,Calle 39 B Sur Carrera 39 A,San Jose,Urbana,"(6.166296351, -75.58649896)"
2171831,06/16/2017,9:40 a.m.,Viernes,Motocicleta,Particular,Motociclista,Masculino,NO,Sin Registro,Solo Daños,Choque,Desobedecer senales,Calle 39 B Sur Carrera 39 A,San Jose,Urbana,"(6.166296351, -75.58649896)"
2171828,06/16/2017,10:40 a.m.,Viernes,Microbus,Publico,Conductor,Masculino,NO,Sin Registro,Herido,Choque,Otra,Calle 40 B Sur Carrera 37,El Dorado,Urbana,"(6.164256506, -75.58642)"
2171828,06/16/2017,10:40 a.m.,Viernes,Motocicleta,Particular,Motociclista,Masculino,NO,Sin Registro,Herido,Choque,Otra,Calle 40 B Sur Carrera 37,El Dorado,Urbana,"(6.164256506, -75.58642)"
2171828,06/16/2017,10:40 a.m.,Viernes,Camioneta,Particular,Conductor,Masculino,NO,Sin Registro,Herido,Choque,Otra,Calle 40 B Sur Carrera 37,El Dorado,Urbana,"(6.164256506, -75.58642)"
2171828,06/16/2017,10:40 a.m.,Viernes,Automovil,Publico,Conductor,Masculino,NO,Sin Registro,Herido,Choque,Otra,Calle 40 B Sur Carrera 37,El Dorado,Urbana,"(6.164256506, -75.58642)"
2171838,06/16/2017,7:50 a.m.,Viernes,Automovil,Particular,Conductor,Masculino,NO,Sin Registro,Solo Daños,Choque,Desobedecer senales,Calle 37 B Sur Carrera 28,Loma De Las Brujas,Urbana,"(6.164360036, -75.57879461)"
2171838,06/16/2017,7:50 a.m.,Viernes,Automovil,Particular,Conductor,Masculino,NO,Sin Registro,Solo Daños,Choque,Desobedecer senales,Calle 37 B Sur Carrera 28,Loma De Las Brujas,Urbana,"(6.164360036, -75.57879461)"
2171804,06/16/2017,10:30 p.m.,Viernes,Motocicleta,Particular,Motociclista,Masculino,NO,Sin Registro,Herido,Choque,No respetar prelacion,Calle 36  Sur Carrera 25,El Chocho,Urbana,"(6.167194335, -75.56482628)"
2171804,06/16/2017,10:30 p.m.,Viernes,Automovil,Publico,Conductor,Masculino,NO,Sin Registro,Herido,Choque,No respetar prelacion,Calle 36  Sur Carrera 25,El Chocho,Urbana,"(6.167194335, -75.56482628)"
2171813,06/16/2017,2:50 p.m.,Viernes,Microbus,Publico,Conductor,Masculino,NO,Sin Registro,Solo Daños,Choque,No respetar prelacion,Carrera 48 Calle 46 A Sur,Las Vegas,Urbana,"(6.166193944, -75.59977396)"
2171813,06/16/2017,2:50 p.m.,Viernes,Campero,Particular,Conductor,Masculino,NO,Sin Registro,Solo Daños,Choque,No respetar prelacion,Carrera 48 Calle 46 A Sur,Las Vegas,Urbana,"(6.166193944, -75.59977396)"
2171849,06/16/2017,12:50 p.m.,Viernes,Automovil,Publico,Conductor,Masculino,NO,Sin Registro,Solo Daños,Choque,No respetar prelacion,Calle 45 C Sur Carrera 46 A,Primavera,Urbana,"(6.164965043, -75.59640003)"
2171825,06/17/2017,9:30 a.m.,Sábado,Motocicleta,Particular,Motociclista,Masculino,NO,Sin Registro,Herido,Choque,No mantener distancia de seguridad,Calle 32  Sur Carrera 50,Las Vegas,Urbana,
2171849,06/16/2017,12:50 p.m.,Viernes,Motocicleta,Particular,Motociclista,Masculino,NO,Sin Registro,Solo Daños,Choque,No respetar prelacion,Calle 45 C Sur Carrera 46 A,Primavera,Urbana,"(6.164965043, -75.59640003)"
2171850,06/17/2017,3:00 p.m.,Sábado,Automovil,Particular,Conductor,Femenino,NO,Sin Registro,Solo Daños,Choque,Adelantar cerrando,Tramo 372 Kilometro  13,Vereda Palmas,Rural,
2171850,06/17/2017,3:00 p.m.,Sábado,Campero,Particular,Conductor,Femenino,NO,Sin Registro,Solo Daños,Choque,Adelantar cerrando,Tramo 372 Kilometro  13,Vereda Palmas,Rural,
2171811,06/17/2017,10:00 a.m.,Sábado,Automovil,Particular,Conductor,Masculino,NO,Sin Registro,Solo Daños,Choque,No mantener distancia de seguridad,Carrera 50 Calle 39  Sur,Las Vegas,Urbana,
2171811,06/17/2017,10:00 a.m.,Sábado,Camion,Publico,Conductor,Masculino,NO,Sin Registro,Solo Daños,Choque,No mantener distancia de seguridad,Carrera 50 Calle 39  Sur,Las Vegas,Urbana,
2171810,06/17/2017,1:10 p.m.,Sábado,Automovil,Publico,Conductor,Masculino,NO,Sin Registro,Herido,Choque,No mantener distancia de seguridad,Calle 38  Sur Carrera 35  Sur,Mesa,Urbana,"(6.167045877, -75.58316842)"
2171810,06/17/2017,1:10 p.m.,Sábado,Motocicleta,Particular,Motociclista,Femenino,NO,Sin Registro,Herido,Choque,No mantener distancia de seguridad,Calle 38  Sur Carrera 35  Sur,Mesa,Urbana,"(6.167045877, -75.58316842)"
2171817,06/17/2017,11:05 a.m.,Sábado,Camioneta,Particular,Conductor,Masculino,NO,Sin Registro,Solo Daños,Choque,No respetar prelacion,Calle 39  Sur Carrera 43,Zona Centro,Urbana,"(6.168678771, -75.58876156)"
2171817,06/17/2017,11:05 a.m.,Sábado,Automovil,Particular,Conductor,Femenino,NO,Sin Registro,Solo Daños,Choque,Desobedecer senales,Calle 39  Sur Carrera 43,Zona Centro,Urbana,"(6.168678771, -75.58876156)"
2171817,06/17/2017,11:05 a.m.,Sábado,Automovil,Particular,Conductor,Femenino,NO,Sin Registro,Solo Daños,Choque,No respetar prelacion,Calle 39  Sur Carrera 43,Zona Centro,Urbana,"(6.168678771, -75.58876156)"
2171817,06/17/2017,11:05 a.m.,Sábado,Camioneta,Particular,Conductor,Masculino,NO,Sin Registro,Solo Daños,Choque,Desobedecer senales,Calle 39  Sur Carrera 43,Zona Centro,Urbana,"(6.168678771, -75.58876156)"
2171842,06/17/2017,2:10 p.m.,Sábado,Automovil,Publico,Conductor,Masculino,NO,Sin Registro,Herido,Choque,No mantener distancia de seguridad,Calle 25  Sur Carrera 50,Las Vegas,Urbana,
2171842,06/17/2017,2:10 p.m.,Sábado,Bus,Publico,Conductor,Masculino,NO,Sin Registro,Herido,Choque,No mantener distancia de seguridad,Calle 25  Sur Carrera 50,Las Vegas,Urbana,
2171842,06/17/2017,2:10 p.m.,Sábado,Automovil,Particular,Conductor,Femenino,NO,Sin Registro,Herido,Choque,No mantener distancia de seguridad,Calle 25  Sur Carrera 50,Las Vegas,Urbana,
2171842,06/17/2017,2:10 p.m.,Sábado,Automovil,Particular,Conductor,Masculino,NO,Sin Registro,Herido,Choque,No mantener distancia de seguridad,Calle 25  Sur Carrera 50,Las Vegas,Urbana,
2171819,06/17/2017,11:15 a.m.,Sábado,Camioneta,Publico,Conductor,Masculino,NO,Sin Registro,Solo Daños,Choque,Adelantar cerrando,Calle 37  Sur Carrera 48,Glorieta Exito,Urbana,"(6.17412211, -75.59306111)"
2171819,06/17/2017,11:15 a.m.,Sábado,Automovil,Particular,Conductor,Masculino,NO,Sin Registro,Solo Daños,Choque,Adelantar cerrando,Calle 37  Sur Carrera 48,Glorieta Exito,Urbana,"(6.17412211, -75.59306111)"
2171820,06/17/2017,8:30 p.m.,Sábado,Automovil,Particular,Conductor,Masculino,NO,Sin Registro,Solo Daños,Choque,No mantener distancia de seguridad,Calle 37  Sur Carrera 49,Las Vegas,Urbana,"(6.174789471, -75.59420424)"
2171820,06/17/2017,8:30 p.m.,Sábado,Camioneta,Particular,Conductor,Femenino,NO,Sin Registro,Solo Daños,Choque,No mantener distancia de seguridad,Calle 37  Sur Carrera 49,Las Vegas,Urbana,"(6.174789471, -75.59420424)"
2171809,06/17/2017,8:45 p.m.,Sábado,Campero,Particular,Conductor,Masculino,NO,Sin Registro,Solo Daños,Choque,Adelantar en zona prohibida,Carrera 43 A Sur Calle 41 B Sur,Alcala,Urbana,"(6.16628795, -75.59295223)"
2171809,06/17/2017,8:45 p.m.,Sábado,Automovil,Particular,Conductor,Masculino,NO,Sin Registro,Solo Daños,Choque,Adelantar en zona prohibida,Carrera 43 A Sur Calle 41 B Sur,Alcala,Urbana,"(6.16628795, -75.59295223)"
2171814,06/17/2017,8:50 p.m.,Sábado,Automovil,Particular,Conductor,Femenino,NO,Sin Registro,Solo Daños,Choque,No mantener distancia de seguridad,Carrera 43 A Calle 36  Sur,Zona Centro,Urbana,"(6.171753325, -75.58772767)"
2171814,06/17/2017,8:50 p.m.,Sábado,Automovil,Particular,Conductor,Femenino,NO,Sin Registro,Solo Daños,Choque,No mantener distancia de seguridad,Carrera 43 A Calle 36  Sur,Zona Centro,Urbana,"(6.171753325, -75.58772767)"
2171798,06/17/2017,3:40 p.m.,Sábado,Motocicleta,Particular,Motociclista,Masculino,NO,Sin Registro,Herido,Choque,Embriaguez o droga,Calle 40 B Sur Carrera 39 A,El Dorado,Urbana,"(6.165386968, -75.58718501)"
2171798,06/17/2017,3:40 p.m.,Sábado,Motocicleta,Particular,Motociclista,Masculino,NO,Sin Registro,Herido,Choque,Desobedecer senales,Calle 40 B Sur Carrera 39 A,El Dorado,Urbana,"(6.165386968, -75.58718501)"
2171798,06/17/2017,3:40 p.m.,Sábado,Motocicleta,Particular,Motociclista,Masculino,NO,Sin Registro,Herido,Choque,Embriaguez o droga,Calle 40 B Sur Carrera 39 A,El Dorado,Urbana,"(6.165386968, -75.58718501)"
2171798,06/17/2017,3:40 p.m.,Sábado,Motocicleta,Particular,Motociclista,Masculino,NO,Sin Registro,Herido,Choque,Desobedecer senales,Calle 40 B Sur Carrera 39 A,El Dorado,Urbana,"(6.165386968, -75.58718501)"
2171818,06/17/2017,9:30 p.m.,Sábado,Automovil,Particular,Conductor,Femenino,NO,Sin Registro,Solo Daños,Choque,Adelantar en zona prohibida,Calle 39 B Sur Carrera 30,San Jose,Urbana,"(6.16327841, -75.58191643)"
2171818,06/17/2017,9:30 p.m.,Sábado,Motocicleta,Particular,Motociclista,Masculino,NO,Sin Registro,Solo Daños,Choque,Adelantar en zona prohibida,Calle 39 B Sur Carrera 30,San Jose,Urbana,"(6.16327841, -75.58191643)"
2171797,06/18/2017,3:30 p.m.,Domingo,Motocicleta,Particular,Motociclista,Masculino,NO,Sin Registro,Solo Daños,Choque,No mantener distancia de seguridad,Carrera 48 Calle 50  Sur,Las Vegas,Urbana,
2171797,06/18/2017,3:30 p.m.,Domingo,Automovil,Particular,Conductor,Masculino,NO,Sin Registro,Solo Daños,Choque,No mantener distancia de seguridad,Carrera 48 Calle 50  Sur,Las Vegas,Urbana,
2171806,06/18/2017,12:30 a.m.,Domingo,Motocicleta,Particular,Motociclista,Masculino,NO,Sin Registro,Herido,Caida Ocupante,Impericia en el manejo,Calle 23  Sur Carrera 43 A,Zuñiga,Urbana,"(6.182706228, -75.58032996)"
2171823,06/18/2017,9:50 p.m.,Domingo,Campero,Particular,Conductor,Masculino,NO,Sin Registro,Solo Daños,Choque,No mantener distancia de seguridad,Calle 25  Sur Carrera 48,Las Vegas,Urbana,
2171823,06/18/2017,9:50 p.m.,Domingo,Automovil,Particular,Conductor,Masculino,NO,Sin Registro,Solo Daños,Choque,No mantener distancia de seguridad,Calle 25  Sur Carrera 48,Las Vegas,Urbana,
2171835,06/18/2017,10:55 a.m.,Domingo,Bus,Publico,Conductor,Masculino,NO,Sin Registro,Solo Daños,Choque,No mantener distancia de seguridad,Carrera 43 A Calle 39  Sur,Avenida El Poblado,Urbana,"(6.169011071, -75.5894849)"
2171835,06/18/2017,10:55 a.m.,Domingo,Automovil,Particular,Conductor,Femenino,NO,Sin Registro,Solo Daños,Choque,No mantener distancia de seguridad,Carrera 43 A Calle 39  Sur,Avenida El Poblado,Urbana,"(6.169011071, -75.5894849)"
2171837,06/19/2017,10:00 a.m.,Lunes,Camion,Publico,Conductor,Masculino,NO,Sin Registro,Solo Daños,Choque,Reverso imprudente,Calle 39 B Sur Carrera 44 A,Alcala,Urbana,"(6.17027247, -75.5945083)"
2171837,06/19/2017,10:00 a.m.,Lunes,Automovil,Particular,Conductor,Masculino,NO,Sin Registro,Solo Daños,Choque,Reverso imprudente,Calle 39 B Sur Carrera 44 A,Alcala,Urbana,"(6.17027247, -75.5945083)"
2171822,06/19/2017,2:10 p.m.,Lunes,Automovil,Particular,Conductor,Masculino,NO,Sin Registro,Solo Daños,Choque,No mantener distancia de seguridad,Calle 40  Sur Carrera 48,Las Vegas,Urbana,"(6.158744179, -75.59459712)"
2171822,06/19/2017,2:10 p.m.,Lunes,Automovil,Particular,Conductor,Masculino,NO,Sin Registro,Solo Daños,Choque,No mantener distancia de seguridad,Calle 40  Sur Carrera 48,Las Vegas,Urbana,"(6.158744179, -75.59459712)"
2171829,06/19/2017,3:30 p.m.,Lunes,Automovil,Particular,Conductor,Masculino,NO,Sin Registro,Solo Daños,Choque,No mantener distancia de seguridad,Tramo 12 Kilometro  7,Vereda Palmas,Rural,
2171829,06/19/2017,3:30 p.m.,Lunes,Automovil,Particular,Conductor,Masculino,NO,Sin Registro,Solo Daños,Choque,No mantener distancia de seguridad,Tramo 12 Kilometro  7,Vereda Palmas,Rural,
2171829,06/19/2017,3:30 p.m.,Lunes,Automovil,Particular,Conductor,Masculino,NO,Sin Registro,Solo Daños,Choque,No mantener distancia de seguridad,Tramo 12 Kilometro  7,Vereda Palmas,Rural,
2171829,06/19/2017,3:30 p.m.,Lunes,Automovil,Particular,Conductor,Masculino,NO,Sin Registro,Solo Daños,Choque,No mantener distancia de seguridad,Tramo 12 Kilometro  7,Vereda Palmas,Rural,
2173521,06/19/2017,5:49 a.m.,Lunes,Motocicleta,Particular,Motociclista,Femenino,NO,Sin Registro,Solo Daños,Choque,Reverso imprudente,Carrera 42 B Calle 40 A Sur,La Mina,Urbana,"(6.163379327, -75.59341476)"
2173521,06/19/2017,5:49 a.m.,Lunes,Automovil,Publico,Conductor,Femenino,NO,Sin Registro,Solo Daños,Choque,Reverso imprudente,Carrera 42 B Calle 40 A Sur,La Mina,Urbana,"(6.163379327, -75.59341476)"
2171827,06/19/2017,10:30 a.m.,Lunes,Automovil,Particular,Conductor,Femenino,NO,Sin Registro,Solo Daños,Choque,Otra,Calle 38  Sur Carrera 40,Zona Centro,Urbana,"(6.16879573, -75.58588978)"
2171827,06/19/2017,10:30 a.m.,Lunes,Motocicleta,Particular,Motociclista,Femenino,NO,Sin Registro,Solo Daños,Choque,Otra,Calle 38  Sur Carrera 40,Zona Centro,Urbana,"(6.16879573, -75.58588978)"
2171812,06/19/2017,10:30 p.m.,Lunes,Automovil,Particular,Conductor,Masculino,NO,Sin Registro,Solo Daños,Choque,Adelantar cerrando,Carrera 44 Calle 20  Sur,Zuñiga,Urbana,
2171812,06/19/2017,10:30 p.m.,Lunes,Automovil,Publico,Conductor,Masculino,NO,Sin Registro,Solo Daños,Choque,Adelantar cerrando,Carrera 44 Calle 20  Sur,Zuñiga,Urbana,
2171848,06/20/2017,6:00 a.m.,Martes,Camioneta,Oficial,Conductor,Masculino,NO,Sin Registro,Solo Daños,Choque,Reverso imprudente,Diagonal 33 Transversal 35 C Sur,Los Naranjos,Urbana,"(6.168993586, -75.58179563)"
2171848,06/20/2017,6:00 a.m.,Martes,Motocicleta,Particular,Motociclista,Masculino,NO,Sin Registro,Solo Daños,Choque,Reverso imprudente,Diagonal 33 Transversal 35 C Sur,Los Naranjos,Urbana,"(6.168993586, -75.58179563)"
2171860,06/20/2017,5:00 p.m.,Martes,Motocicleta,Particular,Motociclista,Masculino,NO,Sin Registro,Solo Daños,Otro,Otra,Calle 50  Sur Carrera 44,Las Casitas,Urbana,
2171847,06/20/2017,11:10 a.m.,Martes,Bus,Publico,Conductor,Masculino,NO,Sin Registro,Solo Daños,Choque,Poner en marcha un vehiculo sin precauci,Calle 38  Sur Carrera 36,Mesa,Urbana,"(6.167371692, -75.58367367)"
2171847,06/20/2017,11:10 a.m.,Martes,Automovil,Particular,Conductor,Masculino,NO,Sin Registro,Solo Daños,Choque,Poner en marcha un vehiculo sin precauci,Calle 38  Sur Carrera 36,Mesa,Urbana,"(6.167371692, -75.58367367)"
2171833,06/20/2017,7:20 a.m.,Martes,Camioneta,Particular,Conductor,Masculino,NO,Sin Registro,Solo Daños,Choque,No mantener distancia de seguridad,Tramo 12 Kilometro  8,Vereda Palmas,Rural,
2171833,06/20/2017,7:20 a.m.,Martes,Camioneta,Particular,Conductor,Femenino,NO,Sin Registro,Solo Daños,Choque,No mantener distancia de seguridad,Tramo 12 Kilometro  8,Vereda Palmas,Rural,
2171841,06/21/2017,3:00 p.m.,Miércoles,Automovil,Particular,Conductor,Masculino,NO,Sin Registro,Solo Daños,Choque,Reverso imprudente,Calle 36 D Sur Carrera 27 A,Vereda El Escobero,Urbana,"(6.164831751, -75.57423497)"
2171841,06/21/2017,3:00 p.m.,Miércoles,Automovil,Particular,Conductor,Masculino,NO,Sin Registro,Solo Daños,Choque,Reverso imprudente,Calle 36 D Sur Carrera 27 A,Vereda El Escobero,Urbana,"(6.164831751, -75.57423497)"
2171856,06/21/2017,7:40 p.m.,Miércoles,Motocicleta,Particular,Motociclista,Masculino,NO,Sin Registro,Herido,Choque,Otra,Calle 39 B Sur Carrera 32,San Jose,Urbana,"(6.163909636, -75.5829262)"
2171856,06/21/2017,7:40 p.m.,Miércoles,Motocicleta,Particular,Motociclista,Masculino,NO,Sin Registro,Herido,Choque,Otra,Calle 39 B Sur Carrera 32,San Jose,Urbana,"(6.163909636, -75.5829262)"
2171865,06/21/2017,6:10 p.m.,Miércoles,Motocicleta,Particular,Motociclista,Masculino,NO,Sin Registro,Solo Daños,Choque,Impericia en el manejo,Calle 38  Sur Carrera 46,Alcala,Urbana,"(6.171966643, -75.59136974)"
2171865,06/21/2017,6:10 p.m.,Miércoles,Automovil,Particular,Conductor,Femenino,NO,Sin Registro,Solo Daños,Choque,Impericia en el manejo,Calle 38  Sur Carrera 46,Alcala,Urbana,"(6.171966643, -75.59136974)"
2171845,06/21/2017,8:20 a.m.,Miércoles,Motocicleta,Particular,Motociclista,Masculino,NO,Sin Registro,Solo Daños,Choque,Transitar entre vehiculos,Calle 38  Sur Carrera 43,Zona Centro,Urbana,"(6.170061667, -75.58783913)"
2171845,06/21/2017,8:20 a.m.,Miércoles,Automovil,Particular,Conductor,Masculino,NO,Sin Registro,Solo Daños,Choque,Transitar entre vehiculos,Calle 38  Sur Carrera 43,Zona Centro,Urbana,"(6.170061667, -75.58783913)"
2171862,06/21/2017,3:30 p.m.,Miércoles,Automovil,Particular,Conductor,Masculino,NO,Sin Registro,Solo Daños,Choque,No mantener distancia de seguridad,Calle 38  Sur Carrera 47,Zona Centro,Urbana,"(6.172469073, -75.59209252)"
2171862,06/21/2017,3:30 p.m.,Miércoles,Automovil,Particular,Conductor,Masculino,NO,Sin Registro,Solo Daños,Choque,No mantener distancia de seguridad,Calle 38  Sur Carrera 47,Zona Centro,Urbana,"(6.172469073, -75.59209252)"
2171843,06/21/2017,4:30 p.m.,Miércoles,Automovil,Particular,Conductor,Masculino,NO,Sin Registro,Herido,Choque,Adelantar por la derecha,Calle 32 B Sur Carrera 50,Las Vegas,Urbana,
2171843,06/21/2017,4:30 p.m.,Miércoles,Motocicleta,Particular,Motociclista,Masculino,NO,Sin Registro,Herido,Choque,Adelantar por la derecha,Calle 32 B Sur Carrera 50,Las Vegas,Urbana,
2171846,06/21/2017,2:30 p.m.,Miércoles,Camioneta,Publico,Conductor,Masculino,NO,Sin Registro,Solo Daños,Choque,Adelantar invadiendo carril del mismo sentido en zigzag,Calle 27  Sur Carrera 28,La Magnolia,Urbana,"(6.175346318, -75.5745834)"
2171846,06/21/2017,2:30 p.m.,Miércoles,Motocicleta,Particular,Motociclista,Femenino,NO,Sin Registro,Solo Daños,Choque,Adelantar invadiendo carril del mismo sentido en zigzag,Calle 27  Sur Carrera 28,La Magnolia,Urbana,"(6.175346318, -75.5745834)"
2171863,06/21/2017,3:45 p.m.,Miércoles,Microbus,Publico,Conductor,Masculino,NO,Sin Registro,Solo Daños,Choque,Otra,Calle 45 A Sur Carrera 39 B,Las Antillas,Urbana,"(6.160320892, -75.59000566)"