RADICADO,FECHA,HORA,DÍA DE LA SEMANA,CLASE DE VEHICULO,TIPO DE SERVICIO,TIPO DE VICTIMA,SEXO,ESTADO DE BEODEZ,RESULTADO DE BEODEZ,GRAVEDAD,CLASE DE ACCIDENTE,CAUSA,DIRECCIÓN,BARRIO,AREA,Coordenadas
2171863,06/21/2017,3:45 p.m.,Miércoles,Automovil,Particular,Conductor,Femenino,NO,Sin Registro,Solo Daños,Choque,Otra,Calle 45 A Sur Carrera 39 B,Las Antillas,Urbana,"(6.160320892, -75.59000566)"
2171864,06/21/2017,2:50 p.m.,Miércoles,Automovil,Particular,Conductor,Masculino,NO,Sin Registro,Solo Daños,Choque,Otra,Tramo 12 Kilometro  8,Vereda Palmas,Rural,
2171864,06/21/2017,2:50 p.m.,Miércoles,Automovil,Publico,Conductor,Masculino,NO,Sin Registro,Solo Daños,Choque,Otra,Tramo 12 Kilometro  8,Vereda Palmas,Rural,
2171857,06/21/2017,5:50 p.m.,Miércoles,Camioneta,Particular,Conductor,Femenino,NO,Sin Registro,Herido,Choque,Otra,Transversal 32 A Sur Diagonal 31,La Magnolia,Urbana,"(6.176205136, -75.58100596)"
2171857,06/21/2017,5:50 p.m.,Miércoles,Motocicleta,Diplomatico,Motociclista,Masculino,NO,Sin Registro,Herido,Choque,Otra,Transversal 32 A Sur Diagonal 31,La Magnolia,Urbana,"(6.176205136, -75.58100596)"
2171861,06/22/2017,9:00 a.m.,Jueves,Automovil,Particular,Conductor,Masculino,NO,Sin Registro,Solo Daños,Choque,Otra,Calle 37  Sur Carrera 39,Zona Centro,Urbana,"(6.169035546, -75.58484755)"
2171861,06/22/2017,9:00 a.m.,Jueves,Camion,Particular,Conductor,Masculino,NO,Sin Registro,Solo Daños,Choque,Otra,Calle 37  Sur Carrera 39,Zona Centro,Urbana,"(6.169035546, -75.58484755)"
2171852,06/22/2017,5:00 p.m.,Jueves,Camioneta,Publico,Conductor,Masculino,NO,Sin Registro,Herido,Choque,Desobedecer senales,Carrera 36 Calle 37  Sur,Zona Centro,Urbana,"(6.1679263, -75.58321289)"
2171852,06/22/2017,5:00 p.m.,Jueves,Motocicleta,Particular,Motociclista,Masculino,NO,Sin Registro,Herido,Choque,Desobedecer senales,Carrera 36 Calle 37  Sur,Zona Centro,Urbana,"(6.1679263, -75.58321289)"
2171855,06/22/2017,2:10 p.m.,Jueves,Motocicleta,Particular,Motociclista,Masculino,NO,Sin Registro,Herido,Choque,Impericia en el manejo,Carrera 48 Calle 27 A Sur,Las Vegas,Urbana,"(6.181312425, -75.58688511)"
2171855,06/22/2017,2:10 p.m.,Jueves,Automovil,Particular,Conductor,Femenino,NO,Sin Registro,Herido,Choque,Impericia en el manejo,Carrera 48 Calle 27 A Sur,Las Vegas,Urbana,"(6.181312425, -75.58688511)"
2171859,06/22/2017,2:30 p.m.,Jueves,Automovil,Publico,Conductor,Masculino,NO,Sin Registro,Solo Daños,Choque,Otra,Diagonal 32 B Transversal 32 A Sur,La Magnolia,Urbana,"(6.175372751, -75.58324574)"
2171859,06/22/2017,2:30 p.m.,Jueves,Automovil,Particular,Conductor,Masculino,NO,Sin Registro,Solo Daños,Choque,Otra,Diagonal 32 B Transversal 32 A Sur,La Magnolia,Urbana,"(6.175372751, -75.58324574)"
2171858,06/23/2017,9:58 a.m.,Viernes,Camion,Oficial,Conductor,Masculino,NO,Sin Registro,Solo Daños,Choque,Desobedecer senales,Carrera 48 Calle 46  Sur,Las Vegas,Urbana,"(6.166195386, -75.59928549)"
2171858,06/23/2017,9:58 a.m.,Viernes,Camion,Publico,Conductor,Masculino,NO,Sin Registro,Solo Daños,Choque,Desobedecer senales,Carrera 48 Calle 46  Sur,Las Vegas,Urbana,"(6.166195386, -75.59928549)"
2171880,06/23/2017,5:45 p.m.,Viernes,Automovil,Particular,Conductor,Femenino,NO,Sin Registro,Solo Daños,Choque,Transitar entre vehiculos,Calle 39  Sur Carrera 29 B,El Chinguí,Urbana,"(6.162977847, -75.58055846)"
2171880,06/23/2017,5:45 p.m.,Viernes,Motocicleta,Particular,Motociclista,Femenino,NO,Sin Registro,Solo Daños,Choque,Transitar entre vehiculos,Calle 39  Sur Carrera 29 B,El Chinguí,Urbana,"(6.162977847, -75.58055846)"
2171866,06/23/2017,11:00 p.m.,Viernes,Motocicleta,Particular,Motociclista,Masculino,NO,Sin Registro,Solo Daños,Choque,No mantener distancia de seguridad,Carrera 43 A Calle 41 B Sur,Alcala,Urbana,"(6.16628795, -75.59295223)"
2171866,06/23/2017,11:00 p.m.,Viernes,Automovil,Particular,Conductor,Masculino,NO,Sin Registro,Solo Daños,Choque,No mantener distancia de seguridad,Carrera 43 A Calle 41 B Sur,Alcala,Urbana,"(6.16628795, -75.59295223)"
2172368,08/14/2017,2:30 p.m.,Lunes,Bicicleta,Sin Registro,Ciclista,Masculino,NO,Sin Registro,Muerto,Choque,Transitar entre vehiculos,Tramo 371 Kilometro  1,Vereda El Escobero,Rural,
2171867,06/24/2017,7:20 p.m.,Sábado,Motocicleta,Particular,Motociclista,Masculino,NO,Sin Registro,Solo Daños,Choque,Adelantar por la derecha,Transversal 35  Sur Diagonal 30,La Sebastiana,Urbana,"(6.170161165, -75.57837052)"
2171867,06/24/2017,7:20 p.m.,Sábado,Automovil,Particular,Conductor,Masculino,NO,Sin Registro,Solo Daños,Choque,Adelantar por la derecha,Transversal 35  Sur Diagonal 30,La Sebastiana,Urbana,"(6.170161165, -75.57837052)"
2171883,06/24/2017,12:00 p.m.,Sábado,Automovil,Particular,Conductor,Masculino,NO,Sin Registro,Solo Daños,Choque,No mantener distancia de seguridad,Calle 33 B Sur Carrera 45 A,San Marcos,Urbana,"(6.174388825, -75.58839081)"
2171994,05/07/2017,8:00 p.m.,Miércoles,Camioneta,Particular,Conductor,Masculino,NO,Sin Registro,Solo Daños,Choque,No mantener distancia de seguridad,Calle 37  Sur Carrera 50,Las Vegas,Urbana,
2171883,06/24/2017,12:00 p.m.,Sábado,Motocicleta,Particular,Motociclista,Masculino,NO,Sin Registro,Solo Daños,Choque,No mantener distancia de seguridad,Calle 33 B Sur Carrera 45 A,San Marcos,Urbana,"(6.174388825, -75.58839081)"
2171854,06/24/2017,9:10 a.m.,Sábado,Camioneta,Particular,Conductor,Masculino,NO,Sin Registro,Herido,Choque,No mantener distancia de seguridad,Calle 39 B Sur Carrera 37,Mesa,Urbana,"(6.165600011, -75.58549797)"
2171854,06/24/2017,9:10 a.m.,Sábado,Camioneta,Publico,Conductor,Masculino,NO,Sin Registro,Herido,Choque,No mantener distancia de seguridad,Calle 39 B Sur Carrera 37,Mesa,Urbana,"(6.165600011, -75.58549797)"
2171854,06/24/2017,9:10 a.m.,Sábado,Motocicleta,Particular,Motociclista,Masculino,NO,Sin Registro,Herido,Choque,No mantener distancia de seguridad,Calle 39 B Sur Carrera 37,Mesa,Urbana,"(6.165600011, -75.58549797)"
2171881,06/24/2017,4:10 p.m.,Sábado,Automovil,Particular,Conductor,Masculino,NO,Sin Registro,Solo Daños,Choque,Reverso imprudente,Calle 21  Sur Carrera 48,Las Vegas,Urbana,
2171881,06/24/2017,4:10 p.m.,Sábado,Camioneta,Particular,Conductor,Masculino,NO,Sin Registro,Solo Daños,Choque,Reverso imprudente,Calle 21  Sur Carrera 48,Las Vegas,Urbana,
2171869,06/24/2017,9:20 a.m.,Sábado,Camioneta,Particular,Conductor,Masculino,NO,Sin Registro,Solo Daños,Choque,No mantener distancia de seguridad,Carrera 48 Calle 40  Sur,Las Vegas,Urbana,"(6.168855316, -75.59688767)"
2171869,06/24/2017,9:20 a.m.,Sábado,Camioneta,Particular,Conductor,Masculino,NO,Sin Registro,Solo Daños,Choque,No mantener distancia de seguridad,Carrera 48 Calle 40  Sur,Las Vegas,Urbana,"(6.168855316, -75.59688767)"
2171869,06/24/2017,9:20 a.m.,Sábado,Automovil,Particular,Conductor,Femenino,NO,Sin Registro,Solo Daños,Choque,No mantener distancia de seguridad,Carrera 48 Calle 40  Sur,Las Vegas,Urbana,"(6.168855316, -75.59688767)"
2171882,06/24/2017,2:20 p.m.,Sábado,Volqueta,Publico,Conductor,Masculino,NO,Sin Registro,Solo Daños,Choque,Reverso imprudente,Calle 40  Sur Carrera 24 F,El Salado,Urbana,"(6.151179811, -75.57759933)"
2171882,06/24/2017,2:20 p.m.,Sábado,Automovil,Particular,Conductor,Masculino,NO,Sin Registro,Solo Daños,Choque,Reverso imprudente,Calle 40  Sur Carrera 24 F,El Salado,Urbana,"(6.151179811, -75.57759933)"
2171868,06/24/2017,9:00 p.m.,Sábado,Automovil,Particular,Conductor,Masculino,NO,Sin Registro,Solo Daños,Choque,Otra,Calle 39  Sur Carrera 41,Zona Centro,Urbana,"(6.167870042, -75.58744871)"
2171868,06/24/2017,9:00 p.m.,Sábado,Motocicleta,Particular,Motociclista,Masculino,NO,Sin Registro,Solo Daños,Choque,Otra,Calle 39  Sur Carrera 41,Zona Centro,Urbana,"(6.167870042, -75.58744871)"
2171851,06/24/2017,3:30 a.m.,Sábado,Motocicleta,Particular,Motociclista,Masculino,NO,Sin Registro,Herido,Caida Ocupante,Embriaguez aparente,Carrera 48 Calle 43  Sur,Las Vegas,Urbana,"(6.168335134, -75.59723358)"
2171853,06/24/2017,9:30 p.m.,Sábado,Automovil,Particular,Conductor,Masculino,NO,Sin Registro,Herido,Choque,Otra,Carrera 41 Calle 44  Sur,El Dorado,Urbana,"(6.163946425, -75.59090434)"
2171853,06/24/2017,9:30 p.m.,Sábado,Motocicleta,Particular,Motociclista,Masculino,NO,Sin Registro,Herido,Choque,Otra,Carrera 41 Calle 44  Sur,El Dorado,Urbana,"(6.163946425, -75.59090434)"
2171884,06/24/2017,2:40 p.m.,Sábado,Automovil,Diplomatico,Conductor,Masculino,NO,Sin Registro,Solo Daños,Choque,No mantener distancia de seguridad,Calle 26  Sur Carrera 48,Las Vegas,Urbana,"(6.183423583, -75.58542895)"
2171884,06/24/2017,2:40 p.m.,Sábado,Motocicleta,Particular,Motociclista,Masculino,NO,Sin Registro,Solo Daños,Choque,No mantener distancia de seguridad,Calle 26  Sur Carrera 48,Las Vegas,Urbana,"(6.183423583, -75.58542895)"
2171890,06/24/2017,11:50 a.m.,Sábado,Automovil,Publico,Conductor,Masculino,NO,Sin Registro,Solo Daños,Choque,Transitar entre vehiculos,Calle 39  Sur Carrera 49,Las Vegas,Urbana,
2171890,06/24/2017,11:50 a.m.,Sábado,Motocicleta,Particular,Motociclista,Masculino,NO,Sin Registro,Solo Daños,Choque,Transitar entre vehiculos,Calle 39  Sur Carrera 49,Las Vegas,Urbana,
2171875,06/24/2017,3:50 p.m.,Sábado,Campero,Particular,Conductor,Masculino,NO,Sin Registro,Solo Daños,Choque,Otra,Tramo 12 Kilometro  12,Vereda Palmas,Rural,
2171875,06/24/2017,3:50 p.m.,Sábado,Motocicleta,Particular,Motociclista,Masculino,NO,Sin Registro,Solo Daños,Choque,Otra,Tramo 12 Kilometro  12,Vereda Palmas,Rural,
2171876,06/25/2017,7:00 p.m.,Domingo,Automovil,Publico,Conductor,Masculino,NO,Sin Registro,Solo Daños,Choque,Impericia en el manejo,Carrera 40 B Calle 52 B Sur,Las Flores,Urbana,"(6.156207212, -75.60199313)"
2171876,06/25/2017,7:00 p.m.,Domingo,Automovil,Particular,Conductor,Masculino,NO,Sin Registro,Solo Daños,Choque,Impericia en el manejo,Carrera 40 B Calle 52 B Sur,Las Flores,Urbana,"(6.156207212, -75.60199313)"
2171885,06/25/2017,5:00 p.m.,Domingo,Campero,Particular,Conductor,Masculino,NO,Sin Registro,Solo Daños,Choque,No mantener distancia de seguridad,Tramo 372 Kilometro  7,Vereda Palmas,Rural,
2171885,06/25/2017,5:00 p.m.,Domingo,Automovil,Publico,Conductor,Masculino,NO,Sin Registro,Solo Daños,Choque,No mantener distancia de seguridad,Tramo 372 Kilometro  7,Vereda Palmas,Rural,
2171878,06/25/2017,1:10 a.m.,Domingo,Automovil,Particular,Conductor,Masculino,NO,Sin Registro,Solo Daños,Choque,Otra,Calle 38  Sur Carrera 46,Alcala,Urbana,"(6.171966643, -75.59136974)"
2171878,06/25/2017,1:10 a.m.,Domingo,Automovil,Particular,Conductor,Masculino,NO,Sin Registro,Solo Daños,Choque,Otra,Calle 38  Sur Carrera 46,Alcala,Urbana,"(6.171966643, -75.59136974)"
2171871,06/25/2017,3:30 p.m.,Domingo,Bus,Publico,Conductor,Masculino,NO,Sin Registro,Solo Daños,Choque,Reverso imprudente,Carrera 49 Calle 25 A Sur,Las Vegas,Urbana,"(6.18641241, -75.58506296)"
2171871,06/25/2017,3:30 p.m.,Domingo,Automovil,Publico,Conductor,Masculino,NO,Sin Registro,Solo Daños,Choque,Dejar/recoger pasajeros sitio no demarca,Carrera 49 Calle 25 A Sur,Las Vegas,Urbana,"(6.18641241, -75.58506296)"
2171871,06/25/2017,3:30 p.m.,Domingo,Automovil,Publico,Conductor,Masculino,NO,Sin Registro,Solo Daños,Choque,Reverso imprudente,Carrera 49 Calle 25 A Sur,Las Vegas,Urbana,"(6.18641241, -75.58506296)"
2171871,06/25/2017,3:30 p.m.,Domingo,Bus,Publico,Conductor,Masculino,NO,Sin Registro,Solo Daños,Choque,Dejar/recoger pasajeros sitio no demarca,Carrera 49 Calle 25 A Sur,Las Vegas,Urbana,"(6.18641241, -75.58506296)"
2171872,06/25/2017,6:30 p.m.,Domingo,Automovil,Particular,Conductor,Masculino,NO,Sin Registro,Solo Daños,Choque,No respetar pelacion de interseccion o giros,Calle 36  Sur Carrera 25,El Chocho,Urbana,"(6.167194335, -75.56482628)"
2171873,06/25/2017,9:00 p.m.,Domingo,Automovil,Particular,Conductor,Femenino,NO,Sin Registro,Solo Daños,Choque,No mantener distancia de seguridad,Tramo 12 Kilometro  13,Vereda Palmas,Rural,
2171873,06/25/2017,9:00 p.m.,Domingo,Motocicleta,Particular,Motociclista,Masculino,NO,Sin Registro,Solo Daños,Choque,No mantener distancia de seguridad,Tramo 12 Kilometro  13,Vereda Palmas,Rural,
2171872,06/25/2017,6:30 p.m.,Domingo,Motocicleta,Particular,Motociclista,Masculino,NO,Sin Registro,Solo Daños,Choque,No respetar pelacion de interseccion o giros,Calle 36  Sur Carrera 25,El Chocho,Urbana,"(6.167194335, -75.56482628)"
2171870,06/25/2017,2:40 p.m.,Domingo,Automovil,Publico,Conductor,Masculino,NO,Sin Registro,Solo Daños,Choque,Adelantar invadiendo carril del mismo sentido en zigzag,Carrera 48 Calle 34  Sur,Las Vegas,Urbana,"(6.175414344, -75.59078218)"
2171870,06/25/2017,2:40 p.m.,Domingo,Campero,Particular,Conductor,Masculino,NO,Sin Registro,Solo Daños,Choque,Adelantar invadiendo carril del mismo sentido en zigzag,Carrera 48 Calle 34  Sur,Las Vegas,Urbana,"(6.175414344, -75.59078218)"
2171877,06/26/2017,4:15 p.m.,Lunes,Camioneta,Particular,Conductor,Masculino,NO,Sin Registro,Solo Daños,Choque,Desobedecer senales,Calle 40 D Sur Carrera 39 A,El Dorado,Urbana,"(6.164920887, -75.58776066)"
2171877,06/26/2017,4:15 p.m.,Lunes,Camioneta,Particular,Conductor,Masculino,NO,Sin Registro,Solo Daños,Choque,Desobedecer senales,Calle 40 D Sur Carrera 39 A,El Dorado,Urbana,"(6.164920887, -75.58776066)"
2171874,06/26/2017,9:30 a.m.,Lunes,Bus,Publico,Conductor,Masculino,NO,Sin Registro,Solo Daños,Choque,No mantener distancia de seguridad,Calle 40  Sur Carrera 43 A,Alcala,Urbana,"(6.167965983, -75.59024215)"
2171874,06/26/2017,9:30 a.m.,Lunes,Automovil,Publico,Conductor,Masculino,NO,Sin Registro,Solo Daños,Choque,No mantener distancia de seguridad,Calle 40  Sur Carrera 43 A,Alcala,Urbana,"(6.167965983, -75.59024215)"
2171887,06/26/2017,2:30 p.m.,Lunes,Camioneta,Particular,Conductor,Masculino,NO,Sin Registro,Solo Daños,Choque,No mantener distancia de seguridad,Tramo 372 Kilometro  14,Vereda Palmas,Rural,
2171887,06/26/2017,2:30 p.m.,Lunes,Automovil,Particular,Conductor,Masculino,NO,Sin Registro,Solo Daños,Choque,No mantener distancia de seguridad,Tramo 372 Kilometro  14,Vereda Palmas,Rural,
2171887,06/26/2017,2:30 p.m.,Lunes,Campero,Particular,Conductor,Femenino,NO,Sin Registro,Solo Daños,Choque,No mantener distancia de seguridad,Tramo 372 Kilometro  14,Vereda Palmas,Rural,
2171899,06/27/2017,1:00 p.m.,Martes,Motocicleta,Particular,Motociclista,Femenino,NO,Sin Registro,Solo Daños,Choque,Transitar entre vehiculos,Tramo 12 Kilometro  14,Vereda Palmas,Rural,
2171899,06/27/2017,1:00 p.m.,Martes,Automovil,Publico,Conductor,Masculino,NO,Sin Registro,Solo Daños,Choque,Transitar entre vehiculos,Tramo 12 Kilometro  14,Vereda Palmas,Rural,
2171889,06/27/2017,12:00 p.m.,Martes,Motocicleta,Particular,Motociclista,Masculino,NO,Sin Registro,Herido,Choque,Impericia en el manejo,Diagonal 29 Transversal 34 B Sur,Alto De Misael,Urbana,"(6.171303088, -75.57766495)"
2171889,06/27/2017,12:00 p.m.,Martes,Bicicleta,Sin Registro,Ciclista,Masculino,NO,Sin Registro,Herido,Choque,Impericia en el manejo,Diagonal 29 Transversal 34 B Sur,Alto De Misael,Urbana,"(6.171303088, -75.57766495)"
2171900,06/27/2017,7:50 p.m.,Martes,Motocicleta,Particular,Motociclista,Masculino,NO,Sin Registro,Herido,Atropello,Exceso de velocidad,Calle 46  Sur Carrera 48,Las Vegas,Urbana,"(6.162824447, -75.59968661)"
2171891,06/27/2017,3:20 p.m.,Martes,Camion,Particular,Conductor,Masculino,NO,Sin Registro,Solo Daños,Choque,Vehiculo mal estacionado,Calle 40 G Sur Carrera 41,El Dorado,Urbana,"(6.16508973, -75.59009433)"
2171891,06/27/2017,3:20 p.m.,Martes,Camioneta,Particular,Conductor,Masculino,NO,Sin Registro,Solo Daños,Choque,Impericia en el manejo,Calle 40 G Sur Carrera 41,El Dorado,Urbana,"(6.16508973, -75.59009433)"
2171897,06/27/2017,8:10 p.m.,Martes,Automovil,Particular,Conductor,Masculino,NO,Sin Registro,Solo Daños,Choque,No mantener distancia de seguridad,Calle 37  Sur Carrera 28,La Magnolia,Urbana,"(6.165679454, -75.57834042)"
2171897,06/27/2017,8:10 p.m.,Martes,Automovil,Particular,Conductor,Masculino,NO,Sin Registro,Solo Daños,Choque,No mantener distancia de seguridad,Calle 37  Sur Carrera 28,La Magnolia,Urbana,"(6.165679454, -75.57834042)"
2171901,06/27/2017,5:30 a.m.,Martes,Automovil,Particular,Conductor,Masculino,NO,Sin Registro,Solo Daños,Choque,No mantener distancia de seguridad,Tramo 12 Kilometro  16,Vereda Palmas,Rural,
2171891,06/27/2017,3:20 p.m.,Martes,Camioneta,Particular,Conductor,Masculino,NO,Sin Registro,Solo Daños,Choque,Vehiculo mal estacionado,Calle 40 G Sur Carrera 41,El Dorado,Urbana,"(6.16508973, -75.59009433)"
2171891,06/27/2017,3:20 p.m.,Martes,Camion,Particular,Conductor,Masculino,NO,Sin Registro,Solo Daños,Choque,Impericia en el manejo,Calle 40 G Sur Carrera 41,El Dorado,Urbana,"(6.16508973, -75.59009433)"
2171901,06/27/2017,5:30 a.m.,Martes,Camioneta,Particular,Conductor,Masculino,NO,Sin Registro,Solo Daños,Choque,No mantener distancia de seguridad,Tramo 12 Kilometro  16,Vereda Palmas,Rural,
2171888,06/27/2017,4:20 p.m.,Martes,Bus,Publico,Conductor,Masculino,NO,Sin Registro,Solo Daños,Choque,Poner en marcha un vehiculo sin precauci,Calle 40 C Sur Carrera 28,La Mina,Urbana,"(6.15995956, -75.58196619)"
2171888,06/27/2017,4:20 p.m.,Martes,Automovil,Particular,Conductor,Femenino,NO,Sin Registro,Solo Daños,Choque,Poner en marcha un vehiculo sin precauci,Calle 40 C Sur Carrera 28,La Mina,Urbana,"(6.15995956, -75.58196619)"
2171886,06/27/2017,6:40 a.m.,Martes,Automovil,Particular,Conductor,Masculino,NO,Sin Registro,Solo Daños,Choque,No mantener distancia de seguridad,Calle 37  Sur Carrera 33,Los Naranjos,Urbana,"(6.167021726, -75.58168458)"
2171886,06/27/2017,6:40 a.m.,Martes,Automovil,Particular,Conductor,Femenino,NO,Sin Registro,Solo Daños,Choque,No mantener distancia de seguridad,Calle 37  Sur Carrera 33,Los Naranjos,Urbana,"(6.167021726, -75.58168458)"
2171906,06/27/2017,10:30 a.m.,Martes,Motocicleta,Particular,Motociclista,Masculino,NO,Sin Registro,Herido,Choque,Adelantar por la derecha,Tramo 372 Kilometro  12,Vereda Palmas,Rural,
2171906,06/27/2017,10:30 a.m.,Martes,Camioneta,Publico,Conductor,Masculino,NO,Sin Registro,Herido,Choque,Adelantar por la derecha,Tramo 372 Kilometro  12,Vereda Palmas,Rural,
2171892,06/27/2017,2:55 p.m.,Martes,Bus,Publico,Conductor,Masculino,NO,Sin Registro,Solo Daños,Choque,No mantener distancia de seguridad,Calle 48  Sur Carrera 50,Las Vegas,Urbana,
2171892,06/27/2017,2:55 p.m.,Martes,Camioneta,Publico,Conductor,Masculino,NO,Sin Registro,Solo Daños,Choque,No mantener distancia de seguridad,Calle 48  Sur Carrera 50,Las Vegas,Urbana,
2171904,06/28/2017,12:00 p.m.,Miércoles,Campero,Particular,Conductor,Masculino,NO,Sin Registro,Solo Daños,Choque,No mantener distancia de seguridad,Calle 24  Sur Carrera 39,Zuñiga,Urbana,"(6.17880652, -75.57462407)"
2171904,06/28/2017,12:00 p.m.,Miércoles,Automovil,Particular,Conductor,Masculino,NO,Sin Registro,Solo Daños,Choque,No mantener distancia de seguridad,Calle 24  Sur Carrera 39,Zuñiga,Urbana,"(6.17880652, -75.57462407)"
2171903,06/28/2017,7:15 p.m.,Miércoles,Motocicleta,Particular,Motociclista,Masculino,NO,Sin Registro,Solo Daños,Choque,Impericia en el manejo,Carrera 41 Calle 37  Sur,Zona Centro,Urbana,"(6.169735041, -75.58616625)"
2171903,06/28/2017,7:15 p.m.,Miércoles,Automovil,Particular,Conductor,Femenino,NO,Sin Registro,Solo Daños,Choque,Impericia en el manejo,Carrera 41 Calle 37  Sur,Zona Centro,Urbana,"(6.169735041, -75.58616625)"
2171893,06/28/2017,7:10 a.m.,Miércoles,Automovil,Particular,Conductor,Femenino,NO,Sin Registro,Solo Daños,Choque,Exceso de velocidad,Calle 27  Sur Carrera 27 D,El Esmeraldal,Urbana,"(6.174986227, -75.57228403)"
2171893,06/28/2017,7:10 a.m.,Miércoles,Motocicleta,Diplomatico,Motociclista,Masculino,NO,Sin Registro,Solo Daños,Choque,Exceso de velocidad,Calle 27  Sur Carrera 27 D,El Esmeraldal,Urbana,"(6.174986227, -75.57228403)"
2171914,06/28/2017,7:50 p.m.,Miércoles,Bus,Publico,Conductor,Masculino,NO,Sin Registro,Solo Daños,Choque,No respetar prelacion,Calle 37  Sur Carrera 49,Alcala,Urbana,"(6.174789471, -75.59420424)"
2171914,06/28/2017,7:50 p.m.,Miércoles,Camioneta,Diplomatico,Conductor,Masculino,NO,Sin Registro,Solo Daños,Choque,No respetar prelacion,Calle 37  Sur Carrera 49,Alcala,Urbana,"(6.174789471, -75.59420424)"
2171898,06/28/2017,6:30 a.m.,Miércoles,Motocicleta,Particular,Motociclista,Masculino,NO,Sin Registro,Herido,Caida Ocupante,Impericia en el manejo,Calle 39 B Sur Carrera 48,Las Vegas,Urbana,"(6.170162601, -75.59457554)"
2171898,06/28/2017,6:30 a.m.,Miércoles,Automovil,Particular,Conductor,Femenino,NO,Sin Registro,Herido,Caida Ocupante,Impericia en el manejo,Calle 39 B Sur Carrera 48,Las Vegas,Urbana,"(6.170162601, -75.59457554)"
2171911,06/28/2017,11:25 a.m.,Miércoles,Camion,Publico,Conductor,Masculino,NO,Sin Registro,Solo Daños,Choque,Adelantar cerrando,Calle 36 D Sur Carrera 37 A,Vereda El Escobero,Urbana,
2171911,06/28/2017,11:25 a.m.,Miércoles,Automovil,Particular,Conductor,Masculino,NO,Sin Registro,Solo Daños,Choque,No respetar pelacion de interseccion o giros,Calle 36 D Sur Carrera 37 A,Vereda El Escobero,Urbana,
2171911,06/28/2017,11:25 a.m.,Miércoles,Automovil,Particular,Conductor,Masculino,NO,Sin Registro,Solo Daños,Choque,Adelantar cerrando,Calle 36 D Sur Carrera 37 A,Vereda El Escobero,Urbana,
2171911,06/28/2017,11:25 a.m.,Miércoles,Camion,Publico,Conductor,Masculino,NO,Sin Registro,Solo Daños,Choque,No respetar pelacion de interseccion o giros,Calle 36 D Sur Carrera 37 A,Vereda El Escobero,Urbana,
2171912,06/28/2017,11:30 a.m.,Miércoles,Automovil,Particular,Conductor,Masculino,NO,Sin Registro,Solo Daños,Choque,No mantener distancia de seguridad,Calle 26 B Sur Carrera 42 B,Las Orquideas,Urbana,"(6.176911315, -75.58005899)"
2171912,06/28/2017,11:30 a.m.,Miércoles,Automovil,Particular,Conductor,Masculino,NO,Sin Registro,Solo Daños,Choque,No mantener distancia de seguridad,Calle 26 B Sur Carrera 42 B,Las Orquideas,Urbana,"(6.176911315, -75.58005899)"
2171894,06/28/2017,9:30 a.m.,Miércoles,Campero,Particular,Conductor,Masculino,NO,Sin Registro,Solo Daños,Choque,Exceso de velocidad,Tramo 372 Kilometro  10,Vereda Palmas,Rural,
2171896,06/28/2017,4:30 p.m.,Miércoles,Automovil,Publico,Conductor,Masculino,NO,Sin Registro,Herido,Choque,Otra,Calle 44  Sur Carrera 48,Las Vegas,Urbana,"(6.168560051, -75.59898129)"
2171910,06/28/2017,9:35 a.m.,Miércoles,Automovil,Particular,Conductor,Masculino,NO,Sin Registro,Solo Daños,Choque,No mantener distancia de seguridad,Calle 30  Sur Carrera 50,Las Vegas,Urbana,
2171910,06/28/2017,9:35 a.m.,Miércoles,Automovil,Particular,Conductor,Masculino,NO,Sin Registro,Solo Daños,Choque,No mantener distancia de seguridad,Calle 30  Sur Carrera 50,Las Vegas,Urbana,
2171879,06/28/2017,12:20 a.m.,Miércoles,Motocicleta,Particular,Motociclista,Masculino,NO,Sin Registro,Herido,Choque,No respetar prelacion,Calle 38 A Sur Carrera 36,Mesa,Urbana,"(6.166666222, -75.58411827)"
2171879,06/28/2017,12:20 a.m.,Miércoles,Automovil,Diplomatico,Conductor,Masculino,NO,Sin Registro,Herido,Choque,No respetar prelacion,Calle 38 A Sur Carrera 36,Mesa,Urbana,"(6.166666222, -75.58411827)"
2171902,06/28/2017,1:50 p.m.,Miércoles,Automovil,Particular,Conductor,Masculino,NO,Sin Registro,Solo Daños,Choque,Reverso imprudente,Transversal 34 D Sur Diagonal 32,Los Naranjos,Urbana,"(6.171774015, -75.5810514)"
2171902,06/28/2017,1:50 p.m.,Miércoles,Automovil,Particular,Conductor,Femenino,NO,Sin Registro,Solo Daños,Choque,Reverso imprudente,Transversal 34 D Sur Diagonal 32,Los Naranjos,Urbana,"(6.171774015, -75.5810514)"
2171905,06/28/2017,10:40 a.m.,Miércoles,Automovil,Particular,Conductor,Masculino,NO,Sin Registro,Solo Daños,Choque,Reverso imprudente,Calle 43  Sur Carrera 48,Glorieta De Peldar,Urbana,"(6.168592602, -75.597529)"
2171905,06/28/2017,10:40 a.m.,Miércoles,Camion,Publico,Conductor,Masculino,NO,Sin Registro,Solo Daños,Choque,Reverso imprudente,Calle 43  Sur Carrera 48,Glorieta De Peldar,Urbana,"(6.168592602, -75.597529)"
2171909,06/29/2017,4:00 p.m.,Jueves,Automovil,Particular,Conductor,Masculino,NO,Sin Registro,Solo Daños,Choque,No mantener distancia de seguridad,Calle 35  Sur Carrera 39,Zona Centro,Urbana,"(6.170534598, -75.58418107)"