RADICADO,FECHA,HORA,DÍA DE LA SEMANA,CLASE DE VEHICULO,TIPO DE SERVICIO,TIPO DE VICTIMA,SEXO,ESTADO DE BEODEZ,RESULTADO DE BEODEZ,GRAVEDAD,CLASE DE ACCIDENTE,CAUSA,DIRECCIÓN,BARRIO,AREA,Coordenadas
2171909,06/29/2017,4:00 p.m.,Jueves,Motocicleta,Particular,Motociclista,Masculino,NO,Sin Registro,Solo Daños,Choque,No mantener distancia de seguridad,Calle 35  Sur Carrera 39,Zona Centro,Urbana,"(6.170534598, -75.58418107)"
2171937,06/29/2017,2:20 p.m.,Jueves,Camioneta,Particular,Conductor,Masculino,NO,Sin Registro,Solo Daños,Choque,No mantener distancia de seguridad,Carrera 48 Calle 19  Sur,Las Vegas,Urbana,"(6.187349001, -75.58153568)"
2171937,06/29/2017,2:20 p.m.,Jueves,Camioneta,Publico,Conductor,Masculino,NO,Sin Registro,Solo Daños,Choque,No mantener distancia de seguridad,Carrera 48 Calle 19  Sur,Las Vegas,Urbana,"(6.187349001, -75.58153568)"
2171895,06/29/2017,12:15 a.m.,Jueves,Camion,Oficial,Conductor,Masculino,NO,Sin Registro,Solo Daños,Choque,Exceso de velocidad,Calle 41 B Sur Carrera 24 D,San Rafael,Urbana,"(6.153176934, -75.58760244)"
2171921,06/29/2017,12:30 p.m.,Jueves,Automovil,Particular,Conductor,Masculino,NO,Sin Registro,Solo Daños,Choque,Reverso imprudente,Transversal 35 A Sur Diagonal 33 A,Los Naranjos,Urbana,"(6.16952246, -75.58215429)"
2171921,06/29/2017,12:30 p.m.,Jueves,Automovil,Particular,Conductor,Masculino,NO,Sin Registro,Solo Daños,Choque,Reverso imprudente,Transversal 35 A Sur Diagonal 33 A,Los Naranjos,Urbana,"(6.16952246, -75.58215429)"
2171938,06/29/2017,5:30 p.m.,Jueves,Automovil,Particular,Conductor,Femenino,NO,Sin Registro,Solo Daños,Choque,No mantener distancia de seguridad,Carrera 50 Calle 43  Sur,Las Vegas,Urbana,
2171908,06/29/2017,3:40 p.m.,Jueves,Bus,Publico,Conductor,Masculino,NO,Sin Registro,Solo Daños,Choque,Impericia en el manejo,Calle 39  Sur Carrera 43 A,Alcala,Urbana,"(6.169120914, -75.58953036)"
2171908,06/29/2017,3:40 p.m.,Jueves,Campero,Particular,Conductor,Femenino,NO,Sin Registro,Solo Daños,Choque,Impericia en el manejo,Calle 39  Sur Carrera 43 A,Alcala,Urbana,"(6.169120914, -75.58953036)"
2171938,06/29/2017,5:30 p.m.,Jueves,Motocicleta,Particular,Motociclista,Masculino,NO,Sin Registro,Solo Daños,Choque,No mantener distancia de seguridad,Carrera 50 Calle 43  Sur,Las Vegas,Urbana,
2171907,06/29/2017,9:50 p.m.,Jueves,Motocicleta,Particular,Motociclista,Masculino,NO,Sin Registro,Herido,Choque,No respetar prelacion,Calle 40  Sur Carrera 29,San Jose,Urbana,"(6.159832302, -75.5825953)"
2171907,06/29/2017,9:50 p.m.,Jueves,Bicicleta,Sin Registro,Ciclista,Masculino,NO,Sin Registro,Herido,Choque,No respetar prelacion,Calle 40  Sur Carrera 29,San Jose,Urbana,"(6.159832302, -75.5825953)"
2171941,06/29/2017,5:48 p.m.,Jueves,Campero,Particular,Conductor,Masculino,NO,Sin Registro,Solo Daños,Choque,No mantener distancia de seguridad,Carrera 33 Calle 39  Sur,Mesa,Urbana,"(6.164867486, -75.58294667)"
2171941,06/29/2017,5:48 p.m.,Jueves,Campero,Particular,Conductor,Masculino,NO,Sin Registro,Solo Daños,Choque,No mantener distancia de seguridad,Carrera 33 Calle 39  Sur,Mesa,Urbana,"(6.164867486, -75.58294667)"
2171916,06/30/2017,3:00 p.m.,Viernes,Buseta,Publico,Conductor,Masculino,NO,Sin Registro,Solo Daños,Choque,Reverso imprudente,Carrera 26 Calle 41 A Sur,San Rafael,Urbana,"(6.156109632, -75.58367952)"
2171916,06/30/2017,3:00 p.m.,Viernes,Camioneta,Publico,Conductor,Masculino,NO,Sin Registro,Solo Daños,Choque,Reverso imprudente,Carrera 26 Calle 41 A Sur,San Rafael,Urbana,"(6.156109632, -75.58367952)"
2172037,10/07/2017,8:00 a.m.,Lunes,Automovil,Publico,Conductor,Masculino,NO,Sin Registro,Herido,Choque,Embriaguez o droga,Calle 25 A Sur Carrera 50,Las Vegas,Urbana,
2171918,06/30/2017,4:00 p.m.,Viernes,Camion,Publico,Conductor,Masculino,NO,Sin Registro,Solo Daños,Choque,Impericia en el manejo,Carrera 27 D Calle 34 DD Sur,La Inmaculada,Urbana,"(6.170304561, -75.57558236)"
2172538,08/30/2017,4:40 a.m.,Miércoles,Automovil,Particular,Conductor,Masculino,NO,Sin Registro,Muerto,Choque,Exceso de velocidad,Tramo 373 Kilometro  8,Vereda Palmas,Rural,
2171915,06/30/2017,5:00 p.m.,Viernes,Motocicleta,Particular,Motociclista,Masculino,NO,Sin Registro,Solo Daños,Choque,Desobedecer senales,Calle 47  Sur Carrera 40,El Trianon,Urbana,"(6.15929595, -75.5937748)"
2171915,06/30/2017,5:00 p.m.,Viernes,Automovil,Particular,Conductor,Masculino,NO,Sin Registro,Solo Daños,Choque,Desobedecer senales,Calle 47  Sur Carrera 40,El Trianon,Urbana,"(6.15929595, -75.5937748)"
2171939,06/30/2017,5:00 p.m.,Viernes,Camioneta,Particular,Conductor,Masculino,NO,Sin Registro,Solo Daños,Choque,No mantener distancia de seguridad,Carrera 41 Calle 33 B Sur,Zona Centro,Urbana,"(6.171618698, -75.5850044)"
2171939,06/30/2017,5:00 p.m.,Viernes,Automovil,Publico,Conductor,Masculino,NO,Sin Registro,Solo Daños,Choque,No mantener distancia de seguridad,Carrera 41 Calle 33 B Sur,Zona Centro,Urbana,"(6.171618698, -75.5850044)"
2171922,06/30/2017,6:30 a.m.,Viernes,Automovil,Particular,Conductor,Femenino,NO,Sin Registro,Solo Daños,Choque,Semaforo en rojo,Transversal 31  Sur Carrera 43 A,San Marcos,Urbana,"(6.176823564, -75.58539215)"
2171922,06/30/2017,6:30 a.m.,Viernes,Automovil,Particular,Conductor,Masculino,NO,Sin Registro,Solo Daños,Choque,Semaforo en rojo,Transversal 31  Sur Carrera 43 A,San Marcos,Urbana,"(6.176823564, -75.58539215)"
2171917,06/30/2017,1:20 p.m.,Viernes,Automovil,Particular,Conductor,Masculino,NO,Sin Registro,Solo Daños,Choque,Poner en marcha un vehiculo sin precauci,Calle 38  Sur Carrera 39,Zona Centro,Urbana,"(6.16839174, -75.5852478)"
2171917,06/30/2017,1:20 p.m.,Viernes,Motocicleta,Particular,Motociclista,Masculino,NO,Sin Registro,Solo Daños,Choque,Poner en marcha un vehiculo sin precauci,Calle 38  Sur Carrera 39,Zona Centro,Urbana,"(6.16839174, -75.5852478)"
2172029,06/30/2017,10:20 a.m.,Viernes,Camioneta,Particular,Conductor,Femenino,NO,Sin Registro,Solo Daños,Choque,No mantener distancia de seguridad,Calle 37  Sur Carrera 28,La Magnolia,Urbana,"(6.165679454, -75.57834042)"
2172029,06/30/2017,10:20 a.m.,Viernes,Automovil,Particular,Conductor,Masculino,NO,Sin Registro,Solo Daños,Choque,No mantener distancia de seguridad,Calle 37  Sur Carrera 28,La Magnolia,Urbana,"(6.165679454, -75.57834042)"
2172029,06/30/2017,10:20 a.m.,Viernes,Automovil,Particular,Conductor,Femenino,NO,Sin Registro,Solo Daños,Choque,No mantener distancia de seguridad,Calle 37  Sur Carrera 28,La Magnolia,Urbana,"(6.165679454, -75.57834042)"
2171947,06/30/2017,8:30 a.m.,Viernes,Automovil,Publico,Conductor,Masculino,NO,Sin Registro,Solo Daños,Choque,No respetar prelacion,Diagonal 31 B Transversal 34 C Sur,Las Flores,Urbana,"(6.175671184, -75.57915818)"
2171947,06/30/2017,8:30 a.m.,Viernes,Camion,Publico,Conductor,Masculino,NO,Sin Registro,Solo Daños,Choque,No respetar prelacion,Diagonal 31 B Transversal 34 C Sur,Las Flores,Urbana,"(6.175671184, -75.57915818)"
2171947,06/30/2017,8:30 a.m.,Viernes,Motocicleta,Particular,Motociclista,Masculino,NO,Sin Registro,Solo Daños,Choque,No respetar prelacion,Diagonal 31 B Transversal 34 C Sur,Las Flores,Urbana,"(6.175671184, -75.57915818)"
2171962,06/30/2017,3:30 p.m.,Viernes,Camioneta,Publico,Conductor,Masculino,NO,Sin Registro,Herido,Choque,Adelantar cerrando,Calle 36  Sur Carrera 27 A,El Chocho,Urbana,"(6.167592229, -75.57065459)"
2171962,06/30/2017,3:30 p.m.,Viernes,Motocicleta,Particular,Motociclista,Masculino,NO,Sin Registro,Herido,Choque,Adelantar cerrando,Calle 36  Sur Carrera 27 A,El Chocho,Urbana,"(6.167592229, -75.57065459)"
2171913,06/30/2017,1:45 p.m.,Viernes,Automovil,Particular,Conductor,Femenino,NO,Sin Registro,Solo Daños,Choque,No mantener distancia de seguridad,Diagonal 31 E Transversal 34 A Sur,Las Flores,Urbana,"(6.172689669, -75.57882729)"
2171913,06/30/2017,1:45 p.m.,Viernes,Motocicleta,Particular,Motociclista,Masculino,NO,Sin Registro,Solo Daños,Choque,No mantener distancia de seguridad,Diagonal 31 E Transversal 34 A Sur,Las Flores,Urbana,"(6.172689669, -75.57882729)"
2171944,06/30/2017,11:40 a.m.,Viernes,Camioneta,Particular,Conductor,Femenino,NO,Sin Registro,Herido,Caida Ocupante,Adelantar cerrando,Calle 49  Sur Carrera 48,Las Casitas,Urbana,"(6.163238618, -75.60250718)"
2171944,06/30/2017,11:40 a.m.,Viernes,Motocicleta,Particular,Motociclista,Femenino,NO,Sin Registro,Herido,Caida Ocupante,Adelantar cerrando,Calle 49  Sur Carrera 48,Las Casitas,Urbana,"(6.163238618, -75.60250718)"
2171923,06/30/2017,7:40 a.m.,Viernes,Automovil,Particular,Conductor,Femenino,NO,Sin Registro,Solo Daños,Choque,Impericia en el manejo,Carrera 43 A Calle 23  Sur,Zuñiga,Urbana,"(6.182555831, -75.58017793)"
2172625,04/09/2017,9:00 a.m.,Lunes,Automovil,Particular,Conductor,Masculino,NO,Sin Registro,Solo Daños,Choque,No respetar prelacion,Calle 25  Sur Carrera 48,Las Vegas,Urbana,
2171923,06/30/2017,7:40 a.m.,Viernes,Motocicleta,Particular,Motociclista,Masculino,NO,Sin Registro,Solo Daños,Choque,Impericia en el manejo,Carrera 43 A Calle 23  Sur,Zuñiga,Urbana,"(6.182555831, -75.58017793)"
2171924,01/07/2017,2:00 p.m.,Sábado,Automovil,Particular,Conductor,Masculino,NO,Sin Registro,Solo Daños,Choque,No mantener distancia de seguridad,Carrera 48 Calle 39 B Sur,Las Vegas,Urbana,"(6.170456638, -75.59483004)"
2171924,01/07/2017,2:00 p.m.,Sábado,Camioneta,Particular,Conductor,Masculino,NO,Sin Registro,Solo Daños,Choque,No mantener distancia de seguridad,Carrera 48 Calle 39 B Sur,Las Vegas,Urbana,"(6.170456638, -75.59483004)"
2171936,01/07/2017,10:10 a.m.,Sábado,Motocicleta,Particular,Motociclista,Masculino,NO,Sin Registro,Herido,Atropello,Otra,Calle 38  Sur Carrera 36  Sur,Mesa,Urbana,"(6.167371692, -75.58367367)"
2171940,01/07/2017,1:25 p.m.,Sábado,Camioneta,Particular,Conductor,Masculino,NO,Sin Registro,Solo Daños,Choque,Transitar entre vehiculos,Tramo 12 Kilometro  11,Vereda Palmas,Rural,
2171940,01/07/2017,1:25 p.m.,Sábado,Motocicleta,Particular,Motociclista,Masculino,NO,Sin Registro,Solo Daños,Choque,Transitar entre vehiculos,Tramo 12 Kilometro  11,Vereda Palmas,Rural,
2171926,01/07/2017,3:20 a.m.,Sábado,Motocicleta,Particular,Motociclista,Masculino,NO,Sin Registro,Herido,Caida Ocupante,Embriaguez o droga,Calle 40  Sur Carrera 24 DD,El Salado,Urbana,"(6.148659703, -75.57724059)"
2171928,01/07/2017,1:40 p.m.,Sábado,Motocicleta,Particular,Motociclista,Masculino,NO,Sin Registro,Solo Daños,Choque,Transitar entre vehiculos,Carrera 50 Calle 33  Sur,Las Vegas,Urbana,
2171928,01/07/2017,1:40 p.m.,Sábado,Automovil,Particular,Conductor,Femenino,NO,Sin Registro,Solo Daños,Choque,Transitar entre vehiculos,Carrera 50 Calle 33  Sur,Las Vegas,Urbana,
2171935,01/07/2017,9:10 p.m.,Sábado,Motocicleta,Particular,Motociclista,Masculino,NO,Sin Registro,Herido,Choque,Desobedecer senales,Transversal 32 C Sur Diagonal 3,La Magnolia,Urbana,"(6.175116463, -75.58238464)"
2171935,01/07/2017,9:10 p.m.,Sábado,Motocicleta,Particular,Motociclista,Masculino,NO,Sin Registro,Herido,Choque,Desobedecer senales,Transversal 32 C Sur Diagonal 3,La Magnolia,Urbana,"(6.175116463, -75.58238464)"
2171925,01/07/2017,4:40 p.m.,Sábado,Automovil,Particular,Conductor,Femenino,NO,Sin Registro,Solo Daños,Choque,Adelantar por la derecha,Tramo 12 Kilometro  14,Vereda Palmas,Rural,
2171925,01/07/2017,4:40 p.m.,Sábado,Motocicleta,Oficial,Motociclista,Masculino,NO,Sin Registro,Solo Daños,Choque,No respetar pelacion de interseccion o giros,Tramo 12 Kilometro  14,Vereda Palmas,Rural,
2171925,01/07/2017,4:40 p.m.,Sábado,Motocicleta,Oficial,Motociclista,Masculino,NO,Sin Registro,Solo Daños,Choque,Adelantar por la derecha,Tramo 12 Kilometro  14,Vereda Palmas,Rural,
2171925,01/07/2017,4:40 p.m.,Sábado,Automovil,Particular,Conductor,Femenino,NO,Sin Registro,Solo Daños,Choque,No respetar pelacion de interseccion o giros,Tramo 12 Kilometro  14,Vereda Palmas,Rural,
2171930,01/07/2017,10:40 a.m.,Sábado,Automovil,Particular,Conductor,Masculino,NO,Sin Registro,Herido,Choque,No mantener distancia de seguridad,Carrera 48 Calle 50  Sur,Las Vegas,Urbana,
2171930,01/07/2017,10:40 a.m.,Sábado,Camioneta,Particular,Conductor,Masculino,NO,Sin Registro,Herido,Choque,No mantener distancia de seguridad,Carrera 48 Calle 50  Sur,Las Vegas,Urbana,
2171933,01/07/2017,10:00 p.m.,Sábado,Motocicleta,Particular,Motociclista,Femenino,NO,Sin Registro,Herido,Choque,Embriaguez o droga,Carrera 33 Calle 37  Sur,Manuel Uribe Angel,Urbana,"(6.166905542, -75.58166076)"
2171933,01/07/2017,10:00 p.m.,Sábado,Motocicleta,Particular,Motociclista,Femenino,NO,Sin Registro,Herido,Choque,Embriaguez o droga,Carrera 33 Calle 37  Sur,Manuel Uribe Angel,Urbana,"(6.166905542, -75.58166076)"
2171927,02/07/2017,2:00 p.m.,Domingo,Motocicleta,Particular,Motociclista,Masculino,NO,Sin Registro,Herido,Atropello,Otra,Carrera 42 Calle 40 DD Sur,El Dorado,Urbana,"(6.166161402, -75.58977289)"
2171963,02/07/2017,6:15 p.m.,Domingo,Bicicleta,Sin Registro,Ciclista,Masculino,NO,Sin Registro,Herido,Choque,No respetar pelacion de interseccion o giros,Calle 38  Sur Carrera 43,Zona Centro,Urbana,"(6.170061667, -75.58783913)"
2171963,02/07/2017,6:15 p.m.,Domingo,Motocicleta,Particular,Motociclista,Femenino,NO,Sin Registro,Herido,Choque,No respetar pelacion de interseccion o giros,Calle 38  Sur Carrera 43,Zona Centro,Urbana,"(6.170061667, -75.58783913)"
2171929,02/07/2017,2:20 p.m.,Domingo,Camion,Publico,Conductor,Masculino,NO,Sin Registro,Herido,Choque,Otra,Carrera 49 Calle 43  Sur,Las Vegas,Urbana,"(6.160925818, -75.59998009)"
2172625,04/09/2017,9:00 a.m.,Lunes,Automovil,Particular,Conductor,Masculino,NO,Sin Registro,Solo Daños,Choque,No respetar prelacion,Calle 25  Sur Carrera 48,Las Vegas,Urbana,
2171929,02/07/2017,2:20 p.m.,Domingo,Motocicleta,Particular,Motociclista,Masculino,NO,Sin Registro,Herido,Choque,Otra,Carrera 49 Calle 43  Sur,Las Vegas,Urbana,"(6.160925818, -75.59998009)"
2171931,02/07/2017,2:35 p.m.,Domingo,Automovil,Particular,Conductor,Masculino,NO,Sin Registro,Herido,Choque,Desobedecer senales,Calle 38 A Sur Carrera 33,Mesa,Urbana,"(6.165645413, -75.58254878)"
2171931,02/07/2017,2:35 p.m.,Domingo,Campero,Particular,Conductor,Masculino,NO,Sin Registro,Herido,Choque,Desobedecer senales,Calle 38 A Sur Carrera 33,Mesa,Urbana,"(6.165645413, -75.58254878)"
2171950,03/07/2017,9:10 a.m.,Lunes,Campero,Publico,Conductor,Masculino,NO,Sin Registro,Solo Daños,Choque,Otra,Tramo 375 Kilometro  2,Vereda Pantanillo,Rural,
2171950,03/07/2017,9:10 a.m.,Lunes,Camioneta,Particular,Conductor,Masculino,NO,Sin Registro,Solo Daños,Choque,Otra,Tramo 375 Kilometro  2,Vereda Pantanillo,Rural,
2171948,03/07/2017,7:40 p.m.,Lunes,Automovil,Particular,Conductor,Masculino,NO,Sin Registro,Herido,Choque,Semaforo en rojo,Calle 38  Sur Carrera 41,Zona Centro,Urbana,"(6.169244976, -75.58658807)"
2171948,03/07/2017,7:40 p.m.,Lunes,Motocicleta,Particular,Motociclista,Masculino,NO,Sin Registro,Herido,Choque,Semaforo en rojo,Calle 38  Sur Carrera 41,Zona Centro,Urbana,"(6.169244976, -75.58658807)"
2171920,03/07/2017,6:30 p.m.,Lunes,Automovil,Particular,Conductor,Masculino,NO,Sin Registro,Solo Daños,Choque,Impericia en el manejo,Calle 36 D Sur Carrera 27 A,Vereda El Escobero,Urbana,"(6.164831751, -75.57423497)"
2171920,03/07/2017,6:30 p.m.,Lunes,Automovil,Particular,Conductor,Femenino,NO,Sin Registro,Solo Daños,Choque,Impericia en el manejo,Calle 36 D Sur Carrera 27 A,Vereda El Escobero,Urbana,"(6.164831751, -75.57423497)"
2171934,03/07/2017,9:20 p.m.,Lunes,Motocicleta,Particular,Motociclista,Masculino,NO,Sin Registro,Herido,Choque,Otra,Carrera 50 Calle 39  Sur,Las Vegas,Urbana,
2171934,03/07/2017,9:20 p.m.,Lunes,Motocicleta,Particular,Motociclista,Masculino,NO,Sin Registro,Herido,Choque,Otra,Carrera 50 Calle 39  Sur,Las Vegas,Urbana,
2171932,03/07/2017,2:40 a.m.,Lunes,Bicicleta,Sin Registro,Ciclista,Masculino,NO,Sin Registro,Herido,Choque,Exceso de velocidad,Carrera 43 A Calle 37  Sur,Zona Centro,Urbana,"(6.171024704, -75.5881647)"
2171932,03/07/2017,2:40 a.m.,Lunes,Motocicleta,Particular,Motociclista,Masculino,NO,Sin Registro,Herido,Choque,Exceso de velocidad,Carrera 43 A Calle 37  Sur,Zona Centro,Urbana,"(6.171024704, -75.5881647)"
2171951,04/07/2017,8:00 a.m.,Martes,Bus,Publico,Conductor,Masculino,NO,Sin Registro,Solo Daños,Choque,Poner en marcha un vehiculo sin precauci,Calle 34 DD Sur Carrera 27 F,Alto De Misael,Urbana,"(6.1706621, -75.57577272)"
2171951,04/07/2017,8:00 a.m.,Martes,Automovil,Publico,Conductor,Masculino,NO,Sin Registro,Solo Daños,Choque,Poner en marcha un vehiculo sin precauci,Calle 34 DD Sur Carrera 27 F,Alto De Misael,Urbana,"(6.1706621, -75.57577272)"
2171943,04/07/2017,9:00 a.m.,Martes,Automovil,Particular,Conductor,Masculino,NO,Sin Registro,Solo Daños,Choque,Adelantar en zona prohibida,Calle 36  Sur Carrera 25,El Chocho,Urbana,"(6.167194335, -75.56482628)"
2171943,04/07/2017,9:00 a.m.,Martes,Motocicleta,Particular,Motociclista,Masculino,NO,Sin Registro,Solo Daños,Choque,Adelantar en zona prohibida,Calle 36  Sur Carrera 25,El Chocho,Urbana,"(6.167194335, -75.56482628)"
2171945,04/07/2017,9:00 a.m.,Martes,Bus,Publico,Conductor,Masculino,NO,Sin Registro,Solo Daños,Choque,Exceso de velocidad,Carrera 39 D Calle 46 C Sur,Zona Centro,Urbana,"(6.159571238, -75.59215608)"
2171945,04/07/2017,9:00 a.m.,Martes,Camioneta,Publico,Conductor,Masculino,NO,Sin Registro,Solo Daños,Choque,Exceso de velocidad,Carrera 39 D Calle 46 C Sur,Zona Centro,Urbana,"(6.159571238, -75.59215608)"
2171977,04/07/2017,9:00 a.m.,Martes,Motocicleta,Diplomatico,Motociclista,Masculino,NO,Sin Registro,Solo Daños,Choque,Transitar entre vehiculos,Carrera 50 Calle 30  Sur,Las Vegas,Urbana,
2171977,04/07/2017,9:00 a.m.,Martes,Camioneta,Particular,Conductor,Femenino,NO,Sin Registro,Solo Daños,Choque,Transitar entre vehiculos,Carrera 50 Calle 30  Sur,Las Vegas,Urbana,
2171968,04/07/2017,12:00 p.m.,Martes,Automovil,Particular,Conductor,Masculino,NO,Sin Registro,Solo Daños,Choque,No mantener distancia de seguridad,Tramo 12 Kilometro  7,Vereda Palmas,Rural,
2171968,04/07/2017,12:00 p.m.,Martes,Automovil,Publico,Conductor,Masculino,NO,Sin Registro,Solo Daños,Choque,No mantener distancia de seguridad,Tramo 12 Kilometro  7,Vereda Palmas,Rural,
2171972,05/07/2017,11:00 a.m.,Miércoles,Motocicleta,Particular,Motociclista,Masculino,NO,Sin Registro,Herido,Choque,No respetar prelacion,Calle 37  Sur Carrera 50,Las Vegas,Urbana,
2171975,04/07/2017,10:00 a.m.,Martes,Microbus,Publico,Conductor,Masculino,NO,Sin Registro,Solo Daños,Choque,No respetar pelacion de interseccion o giros,Carrera 43 A Calle 35  Sur,Zona Centro,Urbana,"(6.172381022, -75.58730875)"
2171975,04/07/2017,10:00 a.m.,Martes,Automovil,Particular,Conductor,Femenino,NO,Sin Registro,Solo Daños,Choque,No respetar pelacion de interseccion o giros,Carrera 43 A Calle 35  Sur,Zona Centro,Urbana,"(6.172381022, -75.58730875)"
2171954,04/07/2017,8:00 p.m.,Martes,Camioneta,Particular,Conductor,Masculino,NO,Sin Registro,Solo Daños,Choque,No respetar pelacion de interseccion o giros,Calle 39  Sur Carrera 40,Zona Centro,Urbana,"(6.167409609, -75.58672098)"
2171954,04/07/2017,8:00 p.m.,Martes,Automovil,Particular,Conductor,Masculino,NO,Sin Registro,Solo Daños,Choque,No respetar pelacion de interseccion o giros,Calle 39  Sur Carrera 40,Zona Centro,Urbana,"(6.167409609, -75.58672098)"
2171970,04/07/2017,6:20 p.m.,Martes,Automovil,Publico,Conductor,Masculino,NO,Sin Registro,Herido,Choque,Desobedecer senales,Calle 39  Sur Carrera 48,Las Vegas,Urbana,"(6.17373153, -75.59688397)"
2171970,04/07/2017,6:20 p.m.,Martes,Motocicleta,Particular,Motociclista,Masculino,NO,Sin Registro,Herido,Choque,Desobedecer senales,Calle 39  Sur Carrera 48,Las Vegas,Urbana,"(6.17373153, -75.59688397)"
2171957,04/07/2017,8:30 a.m.,Martes,Camion,Particular,Conductor,Masculino,NO,Sin Registro,Solo Daños,Choque,Reverso imprudente,Carrera 49 Calle 36  Sur,Las Vegas,Urbana,"(6.176317818, -75.59256724)"
2171957,04/07/2017,8:30 a.m.,Martes,Camioneta,Particular,Conductor,Masculino,NO,Sin Registro,Solo Daños,Choque,Reverso imprudente,Carrera 49 Calle 36  Sur,Las Vegas,Urbana,"(6.176317818, -75.59256724)"
2171946,04/07/2017,5:45 a.m.,Martes,Automovil,Publico,Conductor,Masculino,NO,Sin Registro,Solo Daños,Choque,Impericia en el manejo,Calle 36 D Sur Carrera 27 D,Vereda El Escobero,Urbana,"(6.164970853, -75.57463727)"
2172525,04/07/2017,7:30 a.m.,Martes,Campero,Particular,Conductor,Sin Registro,NO,Sin Registro,Solo Daños,Choque,Otra,Calle 39 A Sur Carrera 44 A,Alcala,Urbana,"(6.16878548, -75.59116525)"
2172525,04/07/2017,7:30 a.m.,Martes,Automovil,Particular,Conductor,Masculino,NO,Sin Registro,Solo Daños,Choque,Otra,Calle 39 A Sur Carrera 44 A,Alcala,Urbana,"(6.16878548, -75.59116525)"
2171967,04/07/2017,2:30 p.m.,Martes,Motocicleta,Particular,Motociclista,Masculino,NO,Sin Registro,Herido,Choque,No mantener distancia de seguridad,Calle 23  Sur Carrera 43 A,Zuñiga,Urbana,"(6.182706228, -75.58032996)"
2171967,04/07/2017,2:30 p.m.,Martes,Automovil,Particular,Conductor,Masculino,NO,Sin Registro,Herido,Choque,No mantener distancia de seguridad,Calle 23  Sur Carrera 43 A,Zuñiga,Urbana,"(6.182706228, -75.58032996)"
2171960,04/07/2017,6:50 a.m.,Martes,Camioneta,Particular,Conductor,Masculino,NO,Sin Registro,Solo Daños,Choque,No respetar prelacion,Calle 38  Sur Carrera 50,Las Vegas,Urbana,
2171960,04/07/2017,6:50 a.m.,Martes,Automovil,Particular,Conductor,Masculino,NO,Sin Registro,Solo Daños,Choque,No respetar prelacion,Calle 38  Sur Carrera 50,Las Vegas,Urbana,
2171942,04/07/2017,9:30 p.m.,Martes,Bus,Publico,Conductor,Masculino,NO,Sin Registro,Solo Daños,Choque,Impericia en el manejo,Carrera 39 E Calle 45 C Sur,Las Antillas,Urbana,
2171942,04/07/2017,9:30 p.m.,Martes,Automovil,Particular,Conductor,Femenino,NO,Sin Registro,Solo Daños,Choque,Impericia en el manejo,Carrera 39 E Calle 45 C Sur,Las Antillas,Urbana,
2171961,04/07/2017,7:50 a.m.,Martes,Bus,Publico,Conductor,Masculino,NO,Sin Registro,Solo Daños,Choque,No mantener distancia de seguridad,Calle 21  Sur Carrera 43 A,Zuñiga,Urbana,"(6.18399286, -75.57959764)"
2171961,04/07/2017,7:50 a.m.,Martes,Automovil,Publico,Conductor,Masculino,NO,Sin Registro,Solo Daños,Choque,No mantener distancia de seguridad,Calle 21  Sur Carrera 43 A,Zuñiga,Urbana,"(6.18399286, -75.57959764)"
2171949,04/07/2017,5:45 p.m.,Martes,Automovil,Publico,Conductor,Masculino,NO,Sin Registro,Herido,Choque,Desobedecer senales,Calle 38  Sur Carrera 35,Mesa,Urbana,"(6.167045877, -75.58316842)"
2171949,04/07/2017,5:45 p.m.,Martes,Automovil,Publico,Conductor,Masculino,NO,Sin Registro,Herido,Choque,Desobedecer senales,Calle 38  Sur Carrera 35,Mesa,Urbana,"(6.167045877, -75.58316842)"
2171952,05/07/2017,6:00 p.m.,Miércoles,Automovil,Particular,Conductor,Masculino,NO,Sin Registro,Solo Daños,Choque,No mantener distancia de seguridad,Tramo 12 Kilometro  15,Vereda Palmas,Rural,
2171952,05/07/2017,6:00 p.m.,Miércoles,Automovil,Particular,Conductor,Masculino,NO,Sin Registro,Solo Daños,Choque,No mantener distancia de seguridad,Tramo 12 Kilometro  15,Vereda Palmas,Rural,
2171972,05/07/2017,11:00 a.m.,Miércoles,Motocicleta,Particular,Motociclista,Masculino,NO,Sin Registro,Herido,Choque,No respetar prelacion,Calle 37  Sur Carrera 50,Las Vegas,Urbana,
2171985,05/07/2017,11:00 a.m.,Miércoles,Camioneta,Publico,Conductor,Masculino,NO,Sin Registro,Herido,Choque,Exceso de velocidad,Tramo 371 Kilometro  4,Vereda El Escobero,Rural,
2171985,05/07/2017,11:00 a.m.,Miércoles,Motocicleta,Particular,Motociclista,Masculino,NO,Sin Registro,Herido,Choque,Exceso de velocidad,Tramo 371 Kilometro  4,Vereda El Escobero,Rural,
2171956,05/07/2017,10:00 a.m.,Miércoles,Automovil,Publico,Conductor,Masculino,NO,Sin Registro,Herido,Atropello,Semaforo en rojo,Calle 25 A Sur Carrera 43 A,Zuñiga,Urbana,"(6.181689385, -75.58241799)"
2171965,05/07/2017,6:20 a.m.,Miércoles,Buseta,Publico,Conductor,Masculino,NO,Sin Registro,Solo Daños,Choque,No mantener distancia de seguridad,Calle 26 B Sur Carrera 42 B,Villa Grande,Urbana,"(6.176911315, -75.58005899)"
2171965,05/07/2017,6:20 a.m.,Miércoles,Automovil,Particular,Conductor,Masculino,NO,Sin Registro,Solo Daños,Choque,No mantener distancia de seguridad,Calle 26 B Sur Carrera 42 B,Villa Grande,Urbana,"(6.176911315, -75.58005899)"