RADICADO,FECHA,HORA,DÍA DE LA SEMANA,CLASE DE VEHICULO,TIPO DE SERVICIO,TIPO DE VICTIMA,SEXO,ESTADO DE BEODEZ,RESULTADO DE BEODEZ,GRAVEDAD,CLASE DE ACCIDENTE,CAUSA,DIRECCIÓN,BARRIO,AREA,Coordenadas
2171979,05/07/2017,6:30 a.m.,Miércoles,Campero,Particular,Conductor,Femenino,NO,Sin Registro,Solo Daños,Choque,Girar bruscamente,Calle 36  Sur Carrera 27,El Chocho,Urbana,"(6.167154903, -75.56933697)"
2171979,05/07/2017,6:30 a.m.,Miércoles,Automovil,Particular,Conductor,Masculino,NO,Sin Registro,Solo Daños,Choque,Girar bruscamente,Calle 36  Sur Carrera 27,El Chocho,Urbana,"(6.167154903, -75.56933697)"
2171994,05/07/2017,8:00 p.m.,Miércoles,Campero,Particular,Conductor,Masculino,NO,Sin Registro,Solo Daños,Choque,No mantener distancia de seguridad,Calle 37  Sur Carrera 50,Las Vegas,Urbana,
2171971,05/07/2017,11:20 a.m.,Miércoles,Camion,Publico,Conductor,Masculino,NO,Sin Registro,Solo Daños,Choque,No respetar prelacion,Carrera 48 Calle 37  Sur,Glorieta Exito,Urbana,"(6.172859211, -75.59276992)"
2171971,05/07/2017,11:20 a.m.,Miércoles,Microbus,Publico,Conductor,Masculino,NO,Sin Registro,Solo Daños,Choque,No respetar prelacion,Carrera 48 Calle 37  Sur,Glorieta Exito,Urbana,"(6.172859211, -75.59276992)"
2171964,05/07/2017,1:33 p.m.,Miércoles,Automovil,Particular,Conductor,Femenino,NO,Sin Registro,Solo Daños,Choque,No mantener distancia de seguridad,Calle 48 C Sur Carrera 43 A,Avenida El Poblado,Urbana,"(6.162378903, -75.59763059)"
2171964,05/07/2017,1:33 p.m.,Miércoles,Bus,Publico,Conductor,Masculino,NO,Sin Registro,Solo Daños,Choque,No mantener distancia de seguridad,Calle 48 C Sur Carrera 43 A,Avenida El Poblado,Urbana,"(6.162378903, -75.59763059)"
2171955,05/07/2017,9:30 a.m.,Miércoles,Automovil,Particular,Conductor,Masculino,NO,Sin Registro,Solo Daños,Choque,No mantener distancia de seguridad,Carrera 48 Calle 43  Sur,Las Vegas,Urbana,"(6.168335134, -75.59723358)"
2171955,05/07/2017,9:30 a.m.,Miércoles,Automovil,Publico,Conductor,Masculino,NO,Sin Registro,Solo Daños,Choque,No mantener distancia de seguridad,Carrera 48 Calle 43  Sur,Las Vegas,Urbana,"(6.168335134, -75.59723358)"
2171955,05/07/2017,9:30 a.m.,Miércoles,Automovil,Publico,Conductor,Masculino,NO,Sin Registro,Solo Daños,Choque,No mantener distancia de seguridad,Carrera 48 Calle 43  Sur,Las Vegas,Urbana,"(6.168335134, -75.59723358)"
2171980,05/07/2017,1:55 p.m.,Miércoles,Automovil,Particular,Conductor,Masculino,NO,Sin Registro,Solo Daños,Choque,No mantener distancia de seguridad,Calle 49  Sur Carrera 48,Las Vegas,Urbana,"(6.163238618, -75.60250718)"
2171980,05/07/2017,1:55 p.m.,Miércoles,Automovil,Particular,Conductor,Femenino,NO,Sin Registro,Solo Daños,Choque,No mantener distancia de seguridad,Calle 49  Sur Carrera 48,Las Vegas,Urbana,"(6.163238618, -75.60250718)"
2171973,05/07/2017,5:40 p.m.,Miércoles,Bus,Publico,Conductor,Masculino,NO,Sin Registro,Solo Daños,Choque,Adelantar cerrando,Calle 38  Sur Carrera 48,Glorieta Exito,Urbana,
2171973,05/07/2017,5:40 p.m.,Miércoles,Automovil,Particular,Conductor,Masculino,NO,Sin Registro,Solo Daños,Choque,Adelantar cerrando,Calle 38  Sur Carrera 48,Glorieta Exito,Urbana,
2171953,05/07/2017,8:55 a.m.,Miércoles,Camion,Publico,Conductor,Masculino,NO,Sin Registro,Muerto,Choque,Transitar entre vehiculos,Calle 25  Sur Carrera 50,Las Vegas,Urbana,
2171953,05/07/2017,8:55 a.m.,Miércoles,Motocicleta,Oficial,Motociclista,Masculino,NO,Sin Registro,Muerto,Choque,Transitar entre vehiculos,Calle 25  Sur Carrera 50,Las Vegas,Urbana,
2171958,05/07/2017,10:15 p.m.,Miércoles,Automovil,Particular,Conductor,Femenino,NO,Sin Registro,Herido,Choque,Transitar entre vehiculos,Calle 30  Sur Carrera 50,Las Vegas,Urbana,
2171958,05/07/2017,10:15 p.m.,Miércoles,Motocicleta,Particular,Motociclista,Masculino,NO,Sin Registro,Herido,Choque,Transitar entre vehiculos,Calle 30  Sur Carrera 50,Las Vegas,Urbana,
2171976,05/07/2017,12:50 p.m.,Miércoles,Microbus,Publico,Conductor,Masculino,NO,Sin Registro,Solo Daños,Choque,No mantener distancia de seguridad,Calle 37  Sur Carrera 32,Mesa,Urbana,"(6.166691719, -75.58118599)"
2171976,05/07/2017,12:50 p.m.,Miércoles,Microbus,Publico,Conductor,Masculino,NO,Sin Registro,Solo Daños,Choque,No mantener distancia de seguridad,Calle 37  Sur Carrera 32,Mesa,Urbana,"(6.166691719, -75.58118599)"
2171966,05/07/2017,10:50 a.m.,Miércoles,Buseta,Publico,Conductor,Masculino,NO,Sin Registro,Solo Daños,Choque,No respetar pelacion de interseccion o giros,Carrera 48 Calle 50  Sur,Glorieta Exito,Urbana,
2171966,05/07/2017,10:50 a.m.,Miércoles,Automovil,Particular,Conductor,Masculino,NO,Sin Registro,Solo Daños,Choque,No respetar pelacion de interseccion o giros,Carrera 48 Calle 50  Sur,Glorieta Exito,Urbana,
2171993,06/07/2017,7:00 p.m.,Jueves,Bus,Publico,Conductor,Masculino,NO,Sin Registro,Solo Daños,Choque,Adelantar cerrando,Diagonal 40 Transversal 33  Sur,Zona Centro,Urbana,"(6.173507784, -75.58545751)"
2171993,06/07/2017,7:00 p.m.,Jueves,Automovil,Particular,Conductor,Masculino,NO,Sin Registro,Solo Daños,Choque,Adelantar cerrando,Diagonal 40 Transversal 33  Sur,Zona Centro,Urbana,"(6.173507784, -75.58545751)"
2172014,06/07/2017,11:00 a.m.,Jueves,Automovil,Particular,Conductor,Femenino,NO,Sin Registro,Solo Daños,Choque,Otra,Calle 38  Sur Carrera 40,Zona Centro,Urbana,"(6.16879573, -75.58588978)"
2172014,06/07/2017,11:00 a.m.,Jueves,Camion,Publico,Conductor,Masculino,NO,Sin Registro,Solo Daños,Choque,Otra,Calle 38  Sur Carrera 40,Zona Centro,Urbana,"(6.16879573, -75.58588978)"
2171996,06/07/2017,5:00 p.m.,Jueves,Motocicleta,Particular,Motociclista,Femenino,NO,Sin Registro,Solo Daños,Choque,No mantener distancia de seguridad,Calle 32  Sur Carrera 50,Las Vegas,Urbana,
2171996,06/07/2017,5:00 p.m.,Jueves,Automovil,Particular,Conductor,Femenino,NO,Sin Registro,Solo Daños,Choque,No mantener distancia de seguridad,Calle 32  Sur Carrera 50,Las Vegas,Urbana,
2172000,06/07/2017,1:10 p.m.,Jueves,Automovil,Particular,Conductor,Masculino,NO,Sin Registro,Solo Daños,Choque,No mantener distancia de seguridad,Calle 37  Sur Carrera 50,Las Vegas,Urbana,
2172000,06/07/2017,1:10 p.m.,Jueves,Camion,Publico,Conductor,Masculino,NO,Sin Registro,Solo Daños,Choque,No mantener distancia de seguridad,Calle 37  Sur Carrera 50,Las Vegas,Urbana,
2171999,06/07/2017,7:10 a.m.,Jueves,Motocicleta,Particular,Motociclista,Masculino,NO,Sin Registro,Solo Daños,Choque,Impericia en el manejo,Diagonal 31 B Transversal 32 D Sur,Las Flores,Urbana,"(6.174656297, -75.57949389)"
2171999,06/07/2017,7:10 a.m.,Jueves,Microbus,Publico,Conductor,Masculino,NO,Sin Registro,Solo Daños,Choque,Impericia en el manejo,Diagonal 31 B Transversal 32 D Sur,Las Flores,Urbana,"(6.174656297, -75.57949389)"
2171969,06/07/2017,2:05 p.m.,Jueves,Camioneta,Particular,Conductor,Masculino,NO,Sin Registro,Solo Daños,Choque,Adelantar cerrando,Carrera 43 A Calle 35  Sur,Zona Centro,Urbana,"(6.172381022, -75.58730875)"
2171969,06/07/2017,2:05 p.m.,Jueves,Automovil,Particular,Conductor,Masculino,NO,Sin Registro,Solo Daños,Choque,Adelantar cerrando,Carrera 43 A Calle 35  Sur,Zona Centro,Urbana,"(6.172381022, -75.58730875)"
2171974,06/07/2017,4:10 p.m.,Jueves,Automovil,Particular,Conductor,Masculino,NO,Sin Registro,Solo Daños,Choque,Desobedecer senales,Carrera 39 E Calle 48 F Sur,Loma Del Barro,Urbana,
2171974,06/07/2017,4:10 p.m.,Jueves,Automovil,Particular,Conductor,Masculino,NO,Sin Registro,Solo Daños,Choque,Desobedecer senales,Carrera 39 E Calle 48 F Sur,Loma Del Barro,Urbana,
2172025,06/07/2017,2:10 p.m.,Jueves,Automovil,Particular,Conductor,Masculino,NO,Sin Registro,Solo Daños,Choque,Adelantar cerrando,Calle 43  Sur Carrera 48,Las Vegas,Urbana,"(6.168592602, -75.597529)"
2172025,06/07/2017,2:10 p.m.,Jueves,Bus,Publico,Conductor,Masculino,NO,Sin Registro,Solo Daños,Choque,Adelantar cerrando,Calle 43  Sur Carrera 48,Las Vegas,Urbana,"(6.168592602, -75.597529)"
2171995,06/07/2017,8:15 p.m.,Jueves,Campero,Particular,Conductor,Femenino,NO,Sin Registro,Solo Daños,Choque,No respetar prelacion,Calle 36 D Sur Carrera 27,Vereda El Escobero,Urbana,"(6.162479576, -75.57022257)"
2171995,06/07/2017,8:15 p.m.,Jueves,Automovil,Particular,Conductor,Masculino,NO,Sin Registro,Solo Daños,Choque,No respetar prelacion,Calle 36 D Sur Carrera 27,Vereda El Escobero,Urbana,"(6.162479576, -75.57022257)"
2171978,06/07/2017,5:30 p.m.,Jueves,Automovil,Particular,Conductor,Masculino,NO,Sin Registro,Solo Daños,Choque,No mantener distancia de seguridad,Calle 37  Sur Carrera 29,Mesa,Urbana,"(6.165886877, -75.57955099)"
2171978,06/07/2017,5:30 p.m.,Jueves,Automovil,Particular,Conductor,Femenino,NO,Sin Registro,Solo Daños,Choque,No mantener distancia de seguridad,Calle 37  Sur Carrera 29,Mesa,Urbana,"(6.165886877, -75.57955099)"
2172003,07/07/2017,7:00 p.m.,Viernes,Camion,Publico,Conductor,Masculino,NO,Sin Registro,Solo Daños,Choque,Reverso imprudente,Calle 48  Sur Carrera 46,Las Casitas,Urbana,"(6.166195386, -75.59928549)"
2172003,07/07/2017,7:00 p.m.,Viernes,Automovil,Particular,Conductor,Masculino,NO,Sin Registro,Solo Daños,Choque,Reverso imprudente,Calle 48  Sur Carrera 46,Las Casitas,Urbana,"(6.166195386, -75.59928549)"
2172609,07/07/2017,7:00 a.m.,Viernes,Automovil,Particular,Conductor,Masculino,NO,Sin Registro,Solo Daños,Choque,Otra,Carrera 37 Calle 39 B Sur,Mesa,Urbana,"(6.165482122, -75.58547817)"
2172609,07/07/2017,7:00 a.m.,Viernes,Automovil,Publico,Conductor,Masculino,NO,Sin Registro,Solo Daños,Choque,Otra,Carrera 37 Calle 39 B Sur,Mesa,Urbana,"(6.165482122, -75.58547817)"
2171997,07/07/2017,4:00 p.m.,Viernes,Camioneta,Publico,Conductor,Masculino,NO,Sin Registro,Solo Daños,Choque,Impericia en el manejo,Carrera 47 Calle 37  Sur,Alcala,Urbana,"(6.173027325, -75.59156031)"
2172034,07/07/2017,5:10 p.m.,Viernes,Motocicleta,Particular,Motociclista,Masculino,NO,Sin Registro,Herido,Atropello,Cruzar sin observar,Calle 46  Sur Carrera 46 A,Primavera,Urbana,"(6.164633401, -75.59668961)"
2172034,07/07/2017,5:10 p.m.,Viernes,Motocicleta,Particular,Motociclista,Masculino,NO,Sin Registro,Herido,Atropello,Exceso de velocidad,Calle 46  Sur Carrera 46 A,Primavera,Urbana,"(6.164633401, -75.59668961)"
2172015,07/07/2017,12:15 p.m.,Viernes,Automovil,Diplomatico,Conductor,Femenino,NO,Sin Registro,Solo Daños,Choque,Reverso imprudente,Carrera 48 Calle 32 B Sur,Glorieta De Peldar,Urbana,"(6.176994311, -75.58984119)"
2172015,07/07/2017,12:15 p.m.,Viernes,Campero,Particular,Conductor,Femenino,NO,Sin Registro,Solo Daños,Choque,Reverso imprudente,Carrera 48 Calle 32 B Sur,Glorieta De Peldar,Urbana,"(6.176994311, -75.58984119)"
2171981,07/07/2017,8:10 p.m.,Viernes,Motocicleta,Particular,Motociclista,Masculino,NO,Sin Registro,Herido,Choque,No mantener distancia de seguridad,Calle 37  Sur Carrera 48,El Portal,Urbana,"(6.17412211, -75.59306111)"
2171981,07/07/2017,8:10 p.m.,Viernes,Automovil,Publico,Conductor,Masculino,NO,Sin Registro,Herido,Choque,No mantener distancia de seguridad,Calle 37  Sur Carrera 48,El Portal,Urbana,"(6.17412211, -75.59306111)"
2172013,07/07/2017,1:30 p.m.,Viernes,Campero,Oficial,Conductor,Masculino,NO,Sin Registro,Herido,Volcamiento,Exceso de velocidad,Tramo 371 Kilometro  5,Vereda El Escobero,Rural,
2172018,07/07/2017,5:45 a.m.,Viernes,Motocicleta,Particular,Motociclista,Masculino,NO,Sin Registro,Solo Daños,Choque,Adelantar invadiendo carril del mismo sentido en zigzag,Calle 33 B Sur Carrera 48,Las Vegas,Urbana,"(6.172981087, -75.58607623)"
2172018,07/07/2017,5:45 a.m.,Viernes,Automovil,Particular,Conductor,Femenino,NO,Sin Registro,Solo Daños,Choque,Adelantar invadiendo carril del mismo sentido en zigzag,Calle 33 B Sur Carrera 48,Las Vegas,Urbana,"(6.172981087, -75.58607623)"
2172026,07/07/2017,7:30 a.m.,Viernes,Microbus,Publico,Conductor,Masculino,NO,Sin Registro,Solo Daños,Choque,No mantener distancia de seguridad,Carrera 50 Calle 48  Sur,Las Vegas,Urbana,
2172026,07/07/2017,7:30 a.m.,Viernes,Motocicleta,Particular,Motociclista,Masculino,NO,Sin Registro,Solo Daños,Choque,No mantener distancia de seguridad,Carrera 50 Calle 48  Sur,Las Vegas,Urbana,
2172008,07/07/2017,2:30 p.m.,Viernes,Campero,Particular,Conductor,Masculino,NO,Sin Registro,Solo Daños,Choque,Reverso imprudente,Carrera 24 DD Calle 41  Sur,San Rafael,Urbana,
2172008,07/07/2017,2:30 p.m.,Viernes,Automovil,Particular,Conductor,Femenino,NO,Sin Registro,Solo Daños,Choque,Reverso imprudente,Carrera 24 DD Calle 41  Sur,San Rafael,Urbana,
2171990,07/07/2017,5:26 p.m.,Viernes,Camion,Publico,Conductor,Masculino,NO,Sin Registro,Solo Daños,Choque,Impericia en el manejo,Carrera 48 Calle 48  Sur,Las Vegas,Urbana,"(6.164595282, -75.60138041)"
2171982,07/07/2017,9:20 p.m.,Viernes,Automovil,Particular,Conductor,Masculino,NO,Sin Registro,Solo Daños,Choque,No mantener distancia de seguridad,Diagonal 31 Transversal 32 D Sur,Las Flores,Urbana,"(6.17448507, -75.57869593)"
2171982,07/07/2017,9:20 p.m.,Viernes,Automovil,Publico,Conductor,Masculino,NO,Sin Registro,Solo Daños,Choque,No mantener distancia de seguridad,Diagonal 31 Transversal 32 D Sur,Las Flores,Urbana,"(6.17448507, -75.57869593)"
2171986,09/07/2017,3:10 a.m.,Domingo,Automovil,Particular,Conductor,Masculino,NO,Sin Registro,Solo Daños,Choque,No respetar pelacion de interseccion o giros,Calle 25  Sur Carrera 48,Las Vegas,Urbana,
2172001,07/07/2017,3:45 p.m.,Viernes,Automovil,Particular,Conductor,Masculino,NO,Sin Registro,Solo Daños,Choque,Transitar entre vehiculos,Diagonal 32 Transversal 35 A Sur,Obrero,Urbana,"(6.169858515, -75.58097336)"
2172001,07/07/2017,3:45 p.m.,Viernes,Motocicleta,Particular,Motociclista,Masculino,NO,Sin Registro,Solo Daños,Choque,Transitar entre vehiculos,Diagonal 32 Transversal 35 A Sur,Obrero,Urbana,"(6.169858515, -75.58097336)"
2171991,07/07/2017,10:50 p.m.,Viernes,Campero,Particular,Conductor,Masculino,NO,Sin Registro,Solo Daños,Choque,Desobedecer senales,Calle 36  Sur Carrera 39,Zona Centro,Urbana,"(6.169751787, -75.58435113)"
2171991,07/07/2017,10:50 p.m.,Viernes,Campero,Publico,Conductor,Masculino,NO,Sin Registro,Solo Daños,Choque,Desobedecer senales,Calle 36  Sur Carrera 39,Zona Centro,Urbana,"(6.169751787, -75.58435113)"
2172010,08/07/2017,3:00 p.m.,Sábado,Automovil,Particular,Conductor,Masculino,NO,Sin Registro,Solo Daños,Choque,No mantener distancia de seguridad,Calle 38  Sur Carrera 43 A,Zona Centro,Urbana,"(6.170537577, -75.58862514)"
2172010,08/07/2017,3:00 p.m.,Sábado,Automovil,Particular,Conductor,Femenino,NO,Sin Registro,Solo Daños,Choque,No mantener distancia de seguridad,Calle 38  Sur Carrera 43 A,Zona Centro,Urbana,"(6.170537577, -75.58862514)"
2171992,08/07/2017,4:10 p.m.,Sábado,Motocicleta,Particular,Motociclista,Masculino,NO,Sin Registro,Herido,Choque,Adelantar en zona prohibida,Calle 40 F Sur Carrera 39,El Dorado,Urbana,"(6.163941436, -75.58885517)"
2171992,08/07/2017,4:10 p.m.,Sábado,Buseta,Publico,Conductor,Masculino,NO,Sin Registro,Herido,Choque,Adelantar en zona prohibida,Calle 40 F Sur Carrera 39,El Dorado,Urbana,"(6.163941436, -75.58885517)"
2172004,08/07/2017,9:20 a.m.,Sábado,Motocicleta,Particular,Motociclista,Masculino,NO,Sin Registro,Solo Daños,Choque,Adelantar cerrando,Calle 38 A Sur Carrera 46,Alcala,Urbana,"(6.171457357, -75.59157663)"
2172004,08/07/2017,9:20 a.m.,Sábado,Automovil,Particular,Conductor,Masculino,NO,Sin Registro,Solo Daños,Choque,Adelantar cerrando,Calle 38 A Sur Carrera 46,Alcala,Urbana,"(6.171457357, -75.59157663)"
2172024,08/07/2017,8:20 p.m.,Sábado,Automovil,Particular,Conductor,Masculino,NO,Sin Registro,Solo Daños,Choque,Girar bruscamente,Calle 50  Sur Carrera 48,Las Vegas,Urbana,
2172024,08/07/2017,8:20 p.m.,Sábado,Automovil,Particular,Conductor,Masculino,NO,Sin Registro,Solo Daños,Choque,Girar bruscamente,Calle 50  Sur Carrera 48,Las Vegas,Urbana,
2171983,08/07/2017,1:30 p.m.,Sábado,Sin Registro,Publico,Conductor,Masculino,NO,Sin Registro,Solo Daños,Choque,Poner en marcha un vehiculo sin precauci,Carrera 43 A Calle 36  Sur,Zona Centro,Urbana,"(6.171753325, -75.58772767)"
2171983,08/07/2017,1:30 p.m.,Sábado,Automovil,Particular,Conductor,Masculino,NO,Sin Registro,Solo Daños,Choque,Poner en marcha un vehiculo sin precauci,Carrera 43 A Calle 36  Sur,Zona Centro,Urbana,"(6.171753325, -75.58772767)"
2171989,08/07/2017,10:20 a.m.,Sábado,Campero,Particular,Conductor,Femenino,NO,Sin Registro,Solo Daños,Choque,Girar bruscamente,Calle 36  Sur Carrera 49,Las Vegas,Urbana,
2171989,08/07/2017,10:20 a.m.,Sábado,Automovil,Particular,Conductor,Masculino,NO,Sin Registro,Solo Daños,Choque,Girar bruscamente,Calle 36  Sur Carrera 49,Las Vegas,Urbana,
2171998,08/07/2017,3:30 p.m.,Sábado,Automovil,Particular,Conductor,Masculino,NO,Sin Registro,Solo Daños,Choque,No mantener distancia de seguridad,Carrera 50 Calle 37  Sur,Las Vegas,Urbana,
2171998,08/07/2017,3:30 p.m.,Sábado,Camion,Oficial,Conductor,Masculino,NO,Sin Registro,Solo Daños,Choque,No mantener distancia de seguridad,Carrera 50 Calle 37  Sur,Las Vegas,Urbana,
2172011,09/07/2017,12:00 p.m.,Domingo,Camioneta,Particular,Conductor,Masculino,NO,Sin Registro,Solo Daños,Choque,Impericia en el manejo,Tramo 12 Kilometro  13,Vereda Palmas,Rural,
2172011,09/07/2017,12:00 p.m.,Domingo,Microbus,Publico,Conductor,Masculino,NO,Sin Registro,Solo Daños,Choque,Impericia en el manejo,Tramo 12 Kilometro  13,Vereda Palmas,Rural,
2172005,09/07/2017,6:00 p.m.,Domingo,Automovil,Particular,Conductor,Masculino,NO,Sin Registro,Solo Daños,Choque,No mantener distancia de seguridad,Carrera 43 A Calle 37  Sur,Zona Centro,Urbana,"(6.171024704, -75.5881647)"
2172005,09/07/2017,6:00 p.m.,Domingo,Automovil,Particular,Conductor,Masculino,NO,Sin Registro,Solo Daños,Choque,No mantener distancia de seguridad,Carrera 43 A Calle 37  Sur,Zona Centro,Urbana,"(6.171024704, -75.5881647)"
2172021,09/07/2017,9:00 a.m.,Domingo,Campero,Particular,Conductor,Masculino,NO,Sin Registro,Solo Daños,Choque,Girar bruscamente,Calle 38  Sur Carrera 48,Las Vegas,Urbana,
2172021,09/07/2017,9:00 a.m.,Domingo,Automovil,Particular,Conductor,Masculino,NO,Sin Registro,Solo Daños,Choque,Girar bruscamente,Calle 38  Sur Carrera 48,Las Vegas,Urbana,
2172023,09/07/2017,11:00 a.m.,Domingo,Camioneta,Particular,Conductor,Masculino,NO,Sin Registro,Solo Daños,Choque,Girar bruscamente,Calle 38  Sur Carrera 42,Zona Centro,Urbana,"(6.16961293, -75.58738469)"
2171984,09/07/2017,12:00 a.m.,Domingo,Automovil,Particular,Conductor,Masculino,NO,Sin Registro,Solo Daños,Choque,Semaforo en rojo,Carrera 43 A Transversal 27 A Sur,Villa Grande,Urbana,"(6.178993539, -75.58360591)"
2172023,09/07/2017,11:00 a.m.,Domingo,Motocicleta,Particular,Motociclista,Masculino,NO,Sin Registro,Solo Daños,Choque,Girar bruscamente,Calle 38  Sur Carrera 42,Zona Centro,Urbana,"(6.16961293, -75.58738469)"
2171984,09/07/2017,12:00 a.m.,Domingo,Automovil,Diplomatico,Conductor,Masculino,NO,Sin Registro,Solo Daños,Choque,Semaforo en rojo,Carrera 43 A Transversal 27 A Sur,Villa Grande,Urbana,"(6.178993539, -75.58360591)"
2171987,09/07/2017,4:20 a.m.,Domingo,Motocicleta,Particular,Motociclista,Masculino,NO,Sin Registro,Muerto,Choque,Exceso de velocidad,Calle 50  Sur Carrera 48,Las Casitas,Urbana,
2172020,09/07/2017,12:20 p.m.,Domingo,Microbus,Publico,Conductor,Masculino,NO,Sin Registro,Solo Daños,Choque,Girar bruscamente,Calle 40  Sur Carrera 43 A,Avenida El Poblado,Urbana,"(6.167965983, -75.59024215)"
2172020,09/07/2017,12:20 p.m.,Domingo,Automovil,Particular,Conductor,Masculino,NO,Sin Registro,Solo Daños,Choque,Girar bruscamente,Calle 40  Sur Carrera 43 A,Avenida El Poblado,Urbana,"(6.167965983, -75.59024215)"
2171986,09/07/2017,3:10 a.m.,Domingo,Motocicleta,Particular,Motociclista,Masculino,NO,Sin Registro,Solo Daños,Choque,No respetar pelacion de interseccion o giros,Calle 25  Sur Carrera 48,Las Vegas,Urbana,
2172012,09/07/2017,8:22 p.m.,Domingo,Automovil,Particular,Conductor,Femenino,NO,Sin Registro,Solo Daños,Choque,Exceso de velocidad,Calle 48 B Sur Carrera 39 A,El Dorado,Urbana,"(6.157878558, -75.59484044)"
2172012,09/07/2017,8:22 p.m.,Domingo,Automovil,Particular,Conductor,Femenino,NO,Sin Registro,Solo Daños,Choque,Exceso de velocidad,Calle 48 B Sur Carrera 39 A,El Dorado,Urbana,"(6.157878558, -75.59484044)"
2172009,09/07/2017,12:30 p.m.,Domingo,Automovil,Particular,Conductor,Masculino,NO,Sin Registro,Solo Daños,Choque,Adelantar por la derecha,Calle 39  Sur Carrera 38,Mesa,Urbana,"(6.166656476, -75.58555336)"
2172009,09/07/2017,12:30 p.m.,Domingo,Motocicleta,Particular,Motociclista,Masculino,NO,Sin Registro,Solo Daños,Choque,Adelantar por la derecha,Calle 39  Sur Carrera 38,Mesa,Urbana,"(6.166656476, -75.58555336)"
2172006,09/07/2017,1:40 p.m.,Domingo,Microbus,Publico,Conductor,Masculino,NO,Sin Registro,Solo Daños,Choque,Girar bruscamente,Carrera 43 A Calle 25 A Sur,Villa Grande,Urbana,"(6.181504184, -75.5817415)"
2172006,09/07/2017,1:40 p.m.,Domingo,Campero,Particular,Conductor,Femenino,NO,Sin Registro,Solo Daños,Choque,Girar bruscamente,Carrera 43 A Calle 25 A Sur,Villa Grande,Urbana,"(6.181504184, -75.5817415)"
2172002,09/07/2017,12:50 p.m.,Domingo,Camioneta,Particular,Conductor,Femenino,NO,Sin Registro,Solo Daños,Choque,Reverso imprudente,Calle 40  Sur Carrera 29 A,San Jose,Urbana,"(6.162116724, -75.58212004)"
2172002,09/07/2017,12:50 p.m.,Domingo,Camioneta,Particular,Conductor,Masculino,NO,Sin Registro,Solo Daños,Choque,Reverso imprudente,Calle 40  Sur Carrera 29 A,San Jose,Urbana,"(6.162116724, -75.58212004)"
2171988,09/07/2017,1:50 a.m.,Domingo,Camioneta,Particular,Conductor,Masculino,NO,Sin Registro,Solo Daños,Choque,Reverso imprudente,Carrera 48 Calle 49 B Sur,Las Casitas,Urbana,"(6.162599027, -75.60278747)"
2171988,09/07/2017,1:50 a.m.,Domingo,Camioneta,Particular,Conductor,Masculino,NO,Sin Registro,Solo Daños,Choque,Reverso imprudente,Carrera 48 Calle 49 B Sur,Las Casitas,Urbana,"(6.162599027, -75.60278747)"
2172007,09/07/2017,5:50 p.m.,Domingo,Automovil,Particular,Conductor,Masculino,NO,Sin Registro,Solo Daños,Choque,Adelantar cerrando,Calle 37  Sur Carrera 39,Zona Centro,Urbana,"(6.169035546, -75.58484755)"
2172007,09/07/2017,5:50 p.m.,Domingo,Campero,Diplomatico,Conductor,Masculino,NO,Sin Registro,Solo Daños,Choque,Adelantar cerrando,Calle 37  Sur Carrera 39,Zona Centro,Urbana,"(6.169035546, -75.58484755)"
2172037,10/07/2017,8:00 a.m.,Lunes,Automovil,Publico,Conductor,Masculino,NO,Sin Registro,Herido,Choque,Transitar entre vehiculos,Calle 25 A Sur Carrera 50,Las Vegas,Urbana,
2172037,10/07/2017,8:00 a.m.,Lunes,Motocicleta,Particular,Motociclista,Masculino,NO,Sin Registro,Herido,Choque,Embriaguez o droga,Calle 25 A Sur Carrera 50,Las Vegas,Urbana,
2172037,10/07/2017,8:00 a.m.,Lunes,Motocicleta,Particular,Motociclista,Masculino,NO,Sin Registro,Herido,Choque,Transitar entre vehiculos,Calle 25 A Sur Carrera 50,Las Vegas,Urbana,
2172043,10/07/2017,5:00 p.m.,Lunes,Camion,Particular,Conductor,Masculino,NO,Sin Registro,Solo Daños,Choque,Impericia en el manejo,Tramo 372 Kilometro  14,Vereda Palmas,Rural,
2172022,10/07/2017,7:40 p.m.,Lunes,Automovil,Particular,Conductor,Masculino,NO,Sin Registro,Solo Daños,Choque,No mantener distancia de seguridad,Carrera 48 Calle 43  Sur,Las Vegas,Urbana,"(6.168335134, -75.59723358)"
2172022,10/07/2017,7:40 p.m.,Lunes,Automovil,Particular,Conductor,Femenino,NO,Sin Registro,Solo Daños,Choque,No mantener distancia de seguridad,Carrera 48 Calle 43  Sur,Las Vegas,Urbana,"(6.168335134, -75.59723358)"
2172027,10/07/2017,8:30 a.m.,Lunes,Automovil,Particular,Conductor,Masculino,NO,Sin Registro,Solo Daños,Choque,No mantener distancia de seguridad,Calle 40 H Sur Carrera 42,El Dorado,Urbana,"(6.165615633, -75.59077151)"
2172027,10/07/2017,8:30 a.m.,Lunes,Motocicleta,Particular,Motociclista,Masculino,NO,Sin Registro,Solo Daños,Choque,No mantener distancia de seguridad,Calle 40 H Sur Carrera 42,El Dorado,Urbana,"(6.165615633, -75.59077151)"
2172016,10/07/2017,5:50 a.m.,Lunes,Automovil,Particular,Conductor,Femenino,NO,Sin Registro,Herido,Choque,Trasportar otras personas o cosas,Calle 37  Sur Carrera 28,La Magnolia,Urbana,"(6.165679454, -75.57834042)"
2172016,10/07/2017,5:50 a.m.,Lunes,Bicicleta,Sin Registro,Ciclista,Masculino,NO,Sin Registro,Herido,Choque,Trasportar otras personas o cosas,Calle 37  Sur Carrera 28,La Magnolia,Urbana,"(6.165679454, -75.57834042)"