RADICADO,FECHA,HORA,DÍA DE LA SEMANA,CLASE DE VEHICULO,TIPO DE SERVICIO,TIPO DE VICTIMA,SEXO,ESTADO DE BEODEZ,RESULTADO DE BEODEZ,GRAVEDAD,CLASE DE ACCIDENTE,CAUSA,DIRECCIÓN,BARRIO,AREA,Coordenadas
2172028,10/07/2017,6:55 a.m.,Lunes,Automovil,Particular,Conductor,Femenino,NO,Sin Registro,Solo Daños,Choque,Reverso imprudente,Calle 36  Sur Carrera 25,El Chocho,Urbana,"(6.167194335, -75.56482628)"
2172028,10/07/2017,6:55 a.m.,Lunes,Camioneta,Particular,Conductor,Masculino,NO,Sin Registro,Solo Daños,Choque,Reverso imprudente,Calle 36  Sur Carrera 25,El Chocho,Urbana,"(6.167194335, -75.56482628)"
2172019,10/07/2017,1:55 p.m.,Lunes,Automovil,Publico,Conductor,Masculino,NO,Sin Registro,Solo Daños,Choque,No mantener distancia de seguridad,Calle 38 A Sur Carrera 38,Mesa,Urbana,"(6.167339205, -75.58513636)"
2172019,10/07/2017,1:55 p.m.,Lunes,Automovil,Particular,Conductor,Masculino,NO,Sin Registro,Solo Daños,Choque,No mantener distancia de seguridad,Calle 38 A Sur Carrera 38,Mesa,Urbana,"(6.167339205, -75.58513636)"
2172033,10/07/2017,4:50 p.m.,Lunes,Automovil,Particular,Conductor,Masculino,NO,Sin Registro,Solo Daños,Choque,No mantener distancia de seguridad,Carrera 48 Calle 48 C Sur,Las Vegas,Urbana,"(6.163662083, -75.60174973)"
2172033,10/07/2017,4:50 p.m.,Lunes,Motocicleta,Particular,Motociclista,Masculino,NO,Sin Registro,Solo Daños,Choque,No mantener distancia de seguridad,Carrera 48 Calle 48 C Sur,Las Vegas,Urbana,"(6.163662083, -75.60174973)"
2172017,10/07/2017,10:55 p.m.,Lunes,Automovil,Particular,Conductor,Femenino,NO,Sin Registro,Herido,Choque,Embriaguez o droga,Diagonal 32 B Norte Transversal 32 A Sur,La Magnolia,Urbana,"(6.175372751, -75.58324574)"
2172017,10/07/2017,10:55 p.m.,Lunes,Automovil,Particular,Conductor,Masculino,NO,Sin Registro,Herido,Choque,Embriaguez o droga,Diagonal 32 B Norte Transversal 32 A Sur,La Magnolia,Urbana,"(6.175372751, -75.58324574)"
2172017,10/07/2017,10:55 p.m.,Lunes,Motocicleta,Particular,Motociclista,Masculino,NO,Sin Registro,Herido,Choque,Embriaguez o droga,Diagonal 32 B Norte Transversal 32 A Sur,La Magnolia,Urbana,"(6.175372751, -75.58324574)"
2172040,11/07/2017,8:00 a.m.,Martes,Automovil,Particular,Conductor,Masculino,NO,Sin Registro,Herido,Atropello,Cruzar sin observar,Calle 40  Sur Carrera 29,San Jose,Urbana,"(6.159832302, -75.5825953)"
2172039,11/07/2017,3:00 p.m.,Martes,Buseta,Publico,Conductor,Masculino,NO,Sin Registro,Solo Daños,Choque,Desobedecer senales,Carrera 43 Calle 45 A Sur,La Paz,Urbana,"(6.164788627, -75.59430679)"
2172039,11/07/2017,3:00 p.m.,Martes,Automovil,Particular,Conductor,Masculino,NO,Sin Registro,Solo Daños,Choque,Desobedecer senales,Carrera 43 Calle 45 A Sur,La Paz,Urbana,"(6.164788627, -75.59430679)"
2172030,11/07/2017,12:00 p.m.,Martes,Camioneta,Particular,Conductor,Femenino,NO,Sin Registro,Herido,Choque,Desobedecer senales,Transversal 32 A Sur Diagonal 32,La Magnolia,Urbana,"(6.175680905, -75.58257581)"
2172030,11/07/2017,12:00 p.m.,Martes,Automovil,Particular,Conductor,Masculino,NO,Sin Registro,Herido,Choque,Desobedecer senales,Transversal 32 A Sur Diagonal 32,La Magnolia,Urbana,"(6.175680905, -75.58257581)"
2172044,11/07/2017,7:15 a.m.,Martes,Bus,Publico,Conductor,Masculino,NO,Sin Registro,Solo Daños,Choque,No mantener distancia de seguridad,Calle 25 A Sur Carrera 48,Las Vegas,Urbana,"(6.185202689, -75.58358718)"
2172044,11/07/2017,7:15 a.m.,Martes,Automovil,Particular,Conductor,Masculino,NO,Sin Registro,Solo Daños,Choque,No mantener distancia de seguridad,Calle 25 A Sur Carrera 48,Las Vegas,Urbana,"(6.185202689, -75.58358718)"
2172031,11/07/2017,10:10 a.m.,Martes,Automovil,Particular,Conductor,Masculino,NO,Sin Registro,Solo Daños,Choque,Desobedecer senales,Calle 37  Sur Carrera 38,Zona Centro,Urbana,"(6.168685416, -75.58429124)"
2172031,11/07/2017,10:10 a.m.,Martes,Motocicleta,Particular,Motociclista,Masculino,NO,Sin Registro,Solo Daños,Choque,Desobedecer senales,Calle 37  Sur Carrera 38,Zona Centro,Urbana,"(6.168685416, -75.58429124)"
2172045,11/07/2017,11:20 a.m.,Martes,Automovil,Particular,Conductor,Masculino,NO,Sin Registro,Solo Daños,Choque,No mantener distancia de seguridad,Tramo 372 Kilometro  8,Vereda Palmas,Rural,
2172045,11/07/2017,11:20 a.m.,Martes,Automovil,Publico,Conductor,Masculino,NO,Sin Registro,Solo Daños,Choque,No mantener distancia de seguridad,Tramo 372 Kilometro  8,Vereda Palmas,Rural,
2172035,11/07/2017,4:20 p.m.,Martes,Sin Registro,Publico,Conductor,Masculino,NO,Sin Registro,Solo Daños,Choque,Adelantar cerrando,Calle 37  Sur Carrera 43,Zona Centro,Urbana,"(6.170662973, -75.58744852)"
2172035,11/07/2017,4:20 p.m.,Martes,Automovil,Particular,Conductor,Femenino,NO,Sin Registro,Solo Daños,Choque,Adelantar cerrando,Calle 37  Sur Carrera 43,Zona Centro,Urbana,"(6.170662973, -75.58744852)"
2172032,11/07/2017,10:30 a.m.,Martes,Campero,Particular,Conductor,Femenino,NO,Sin Registro,Solo Daños,Choque,Otra,Calle 36 D Sur Carrera 27 B,Vereda El Escobero,Urbana,"(6.162479576, -75.57022257)"
2172032,11/07/2017,10:30 a.m.,Martes,Campero,Particular,Conductor,Femenino,NO,Sin Registro,Solo Daños,Choque,Otra,Calle 36 D Sur Carrera 27 B,Vereda El Escobero,Urbana,"(6.162479576, -75.57022257)"
2172036,11/07/2017,6:50 a.m.,Martes,Camioneta,Particular,Conductor,Masculino,NO,Sin Registro,Solo Daños,Choque,No mantener distancia de seguridad,Carrera 48 Calle 30  Sur,Las Vegas,Urbana,"(6.179366643, -75.5880841)"
2172036,11/07/2017,6:50 a.m.,Martes,Automovil,Particular,Conductor,Masculino,NO,Sin Registro,Solo Daños,Choque,No mantener distancia de seguridad,Carrera 48 Calle 30  Sur,Las Vegas,Urbana,"(6.179366643, -75.5880841)"
2172036,11/07/2017,6:50 a.m.,Martes,Automovil,Particular,Conductor,Femenino,NO,Sin Registro,Solo Daños,Choque,No mantener distancia de seguridad,Carrera 48 Calle 30  Sur,Las Vegas,Urbana,"(6.179366643, -75.5880841)"
2172042,11/07/2017,12:50 p.m.,Martes,Motocicleta,Particular,Motociclista,Masculino,NO,Sin Registro,Herido,Choque,Adelantar cerrando,Calle 25  Sur Carrera 47,Zuñiga,Urbana,
2172042,11/07/2017,12:50 p.m.,Martes,Automovil,Diplomatico,Conductor,Masculino,NO,Sin Registro,Herido,Choque,Adelantar cerrando,Calle 25  Sur Carrera 47,Zuñiga,Urbana,
2172038,11/07/2017,10:50 a.m.,Martes,Camioneta,Particular,Conductor,Masculino,NO,Sin Registro,Solo Daños,Choque,Reverso imprudente,Calle 36  Sur Carrera 39,Zona Centro,Urbana,"(6.169751787, -75.58435113)"
2172038,11/07/2017,10:50 a.m.,Martes,Automovil,Particular,Conductor,Femenino,NO,Sin Registro,Solo Daños,Choque,Reverso imprudente,Calle 36  Sur Carrera 39,Zona Centro,Urbana,"(6.169751787, -75.58435113)"
2172061,12/07/2017,7:00 p.m.,Miércoles,Automovil,Particular,Conductor,Masculino,NO,Sin Registro,Solo Daños,Choque,Adelantar en zona prohibida,Carrera 40 Calle 48 B Sur,El Trianon,Urbana,"(6.158358186, -75.59526149)"
2172061,12/07/2017,7:00 p.m.,Miércoles,Motocicleta,Particular,Motociclista,Masculino,NO,Sin Registro,Solo Daños,Choque,Adelantar en zona prohibida,Carrera 40 Calle 48 B Sur,El Trianon,Urbana,"(6.158358186, -75.59526149)"
2181111,12/07/2017,7:00 a.m.,Miércoles,Camion,Publico,Conductor,Sin Registro,NO,Sin Registro,Solo Daños,Choque,Adelantar cerrando,Carrera 49 Calle 36  Sur,Glorieta De Peldar,Urbana,"(6.176317818, -75.59256724)"
2181111,12/07/2017,7:00 a.m.,Miércoles,Camioneta,Particular,Conductor,Masculino,NO,Sin Registro,Solo Daños,Choque,Adelantar cerrando,Carrera 49 Calle 36  Sur,Glorieta De Peldar,Urbana,"(6.176317818, -75.59256724)"
2172055,12/07/2017,8:30 p.m.,Miércoles,Motocicleta,Particular,Motociclista,Masculino,NO,Sin Registro,Solo Daños,Choque,No mantener distancia de seguridad,Calle 39  Sur Carrera 43,Zona Centro,Urbana,"(6.168678771, -75.58876156)"
2172638,07/09/2017,6:30 a.m.,Jueves,Motocicleta,Particular,Motociclista,Masculino,NO,Sin Registro,Herido,Choque,Exceso de velocidad,Carrera 48 Calle 20  Sur,Zuñiga,Urbana,
2172055,12/07/2017,8:30 p.m.,Miércoles,Motocicleta,Particular,Motociclista,Masculino,NO,Sin Registro,Solo Daños,Choque,No mantener distancia de seguridad,Calle 39  Sur Carrera 43,Zona Centro,Urbana,"(6.168678771, -75.58876156)"
2172041,12/07/2017,1:50 p.m.,Miércoles,Motocicleta,Particular,Motociclista,Masculino,NO,Sin Registro,Herido,Atropello,Semaforo en rojo,Calle 40  Sur Carrera 46 A,Alcala,Urbana,"(6.169204277, -75.59429539)"
2172047,12/07/2017,5:40 p.m.,Miércoles,Motocicleta,Particular,Motociclista,Masculino,NO,Sin Registro,Solo Daños,Choque,Otra,Calle 48  Sur Carrera 48,Las Vegas,Urbana,"(6.164595282, -75.60138041)"
2172047,12/07/2017,5:40 p.m.,Miércoles,Motocicleta,Particular,Motociclista,Masculino,NO,Sin Registro,Solo Daños,Choque,Otra,Calle 48  Sur Carrera 48,Las Vegas,Urbana,"(6.164595282, -75.60138041)"
2172047,12/07/2017,5:40 p.m.,Miércoles,Camioneta,Particular,Conductor,Masculino,NO,Sin Registro,Solo Daños,Choque,Otra,Calle 48  Sur Carrera 48,Las Vegas,Urbana,"(6.164595282, -75.60138041)"
2172048,12/07/2017,4:50 p.m.,Miércoles,Camioneta,Particular,Conductor,Femenino,NO,Sin Registro,Solo Daños,Choque,Adelantar por la derecha,Calle 36 D Sur Carrera 27,Vereda El Escobero,Urbana,"(6.162479576, -75.57022257)"
2172048,12/07/2017,4:50 p.m.,Miércoles,Motocicleta,Particular,Motociclista,Masculino,NO,Sin Registro,Solo Daños,Choque,Adelantar por la derecha,Calle 36 D Sur Carrera 27,Vereda El Escobero,Urbana,"(6.162479576, -75.57022257)"
2172051,07/13/2017,9:00 a.m.,Jueves,Motocicleta,Particular,Motociclista,Masculino,NO,Sin Registro,Solo Daños,Choque,Adelantar por la derecha,Transversal 31  Sur Carrera 43 A,San Marcos,Urbana,"(6.176823564, -75.58539215)"
2172051,07/13/2017,9:00 a.m.,Jueves,Camioneta,Particular,Conductor,Femenino,NO,Sin Registro,Solo Daños,Choque,Adelantar por la derecha,Transversal 31  Sur Carrera 43 A,San Marcos,Urbana,"(6.176823564, -75.58539215)"
2172054,07/13/2017,6:10 a.m.,Jueves,Automovil,Particular,Conductor,Femenino,NO,Sin Registro,Solo Daños,Choque,No mantener distancia de seguridad,Calle 37  Sur Carrera 50,Las Vegas,Urbana,
2172054,07/13/2017,6:10 a.m.,Jueves,Automovil,Particular,Conductor,Masculino,NO,Sin Registro,Solo Daños,Choque,No mantener distancia de seguridad,Calle 37  Sur Carrera 50,Las Vegas,Urbana,
2172056,07/13/2017,6:10 a.m.,Jueves,Camioneta,Publico,Conductor,Masculino,NO,Sin Registro,Solo Daños,Choque,Otra,Calle 36  Sur Carrera 43 A,Zona Centro,Urbana,"(6.171868319, -75.58774823)"
2172056,07/13/2017,6:10 a.m.,Jueves,Automovil,Particular,Conductor,Masculino,NO,Sin Registro,Solo Daños,Choque,Otra,Calle 36  Sur Carrera 43 A,Zona Centro,Urbana,"(6.171868319, -75.58774823)"
2172053,07/13/2017,7:20 a.m.,Jueves,Microbus,Publico,Conductor,Masculino,NO,Sin Registro,Solo Daños,Choque,Girar bruscamente,Calle 39 A Sur Carrera 49,Las Vegas,Urbana,"(6.168916704, -75.59147177)"
2172053,07/13/2017,7:20 a.m.,Jueves,Automovil,Particular,Conductor,Femenino,NO,Sin Registro,Solo Daños,Choque,Girar bruscamente,Calle 39 A Sur Carrera 49,Las Vegas,Urbana,"(6.168916704, -75.59147177)"
2172049,07/13/2017,8:25 a.m.,Jueves,Automovil,Particular,Conductor,Masculino,NO,Sin Registro,Herido,Atropello,Adelantar cerrando,Calle 45 A Sur Carrera 41,Las Antillas,Urbana,"(6.162373073, -75.59271428)"
2172050,07/13/2017,4:30 p.m.,Jueves,Automovil,Particular,Conductor,Masculino,NO,Sin Registro,Herido,Choque,No respetar prelacion,Calle 45  Sur Carrera 46 A,Primavera,Urbana,
2172050,07/13/2017,4:30 p.m.,Jueves,Motocicleta,Particular,Motociclista,Masculino,NO,Sin Registro,Herido,Choque,No respetar prelacion,Calle 45  Sur Carrera 46 A,Primavera,Urbana,
2172052,07/13/2017,7:40 a.m.,Jueves,Camioneta,Oficial,Conductor,Masculino,NO,Sin Registro,Solo Daños,Choque,Reverso imprudente,Calle 36  Sur Carrera 22,El Chocho,Urbana,"(6.167809801, -75.56098471)"
2172052,07/13/2017,7:40 a.m.,Jueves,Automovil,Particular,Conductor,Femenino,NO,Sin Registro,Solo Daños,Choque,Reverso imprudente,Calle 36  Sur Carrera 22,El Chocho,Urbana,"(6.167809801, -75.56098471)"
2172081,07/14/2017,7:00 p.m.,Viernes,Bicicleta,Sin Registro,Ciclista,Masculino,NO,Sin Registro,Herido,Atropello,Transitar en contravia,Calle 41 B Sur Carrera 32 B,San Rafael,Urbana,"(6.160267107, -75.58687919)"
2172058,07/14/2017,1:00 p.m.,Viernes,Motocicleta,Particular,Motociclista,Masculino,NO,Sin Registro,Herido,Choque,No mantener distancia de seguridad,Tramo 12 Kilometro  15,Vereda Palmas,Rural,
2172058,07/14/2017,1:00 p.m.,Viernes,Motocicleta,Particular,Motociclista,Femenino,NO,Sin Registro,Herido,Choque,No mantener distancia de seguridad,Tramo 12 Kilometro  15,Vereda Palmas,Rural,
2172062,07/14/2017,2:00 p.m.,Viernes,Microbus,Publico,Conductor,Masculino,NO,Sin Registro,Herido,Choque,Desobedecer senales,Transversal 34  Sur Diagonal 32,La Magnolia,Urbana,"(6.173524185, -75.58179942)"
2172062,07/14/2017,2:00 p.m.,Viernes,Motocicleta,Particular,Motociclista,Femenino,NO,Sin Registro,Herido,Choque,Desobedecer senales,Transversal 34  Sur Diagonal 32,La Magnolia,Urbana,"(6.173524185, -75.58179942)"
2172075,07/14/2017,11:10 a.m.,Viernes,Camioneta,Diplomatico,Conductor,Masculino,NO,Sin Registro,Solo Daños,Choque,No mantener distancia de seguridad,Calle 40 A Sur Carrera 14,La Mina,Urbana,
2172075,07/14/2017,11:10 a.m.,Viernes,Automovil,Particular,Conductor,Masculino,NO,Sin Registro,Solo Daños,Choque,No mantener distancia de seguridad,Calle 40 A Sur Carrera 14,La Mina,Urbana,
2172096,07/14/2017,8:20 a.m.,Viernes,Camioneta,Particular,Conductor,Femenino,NO,Sin Registro,Herido,Choque,Girar bruscamente,Calle 33 B Sur Carrera 44,San Marcos,Urbana,"(6.173779627, -75.5873404)"
2172096,07/14/2017,8:20 a.m.,Viernes,Motocicleta,Particular,Motociclista,Masculino,NO,Sin Registro,Herido,Choque,Girar bruscamente,Calle 33 B Sur Carrera 44,San Marcos,Urbana,"(6.173779627, -75.5873404)"
2172090,07/14/2017,7:20 a.m.,Viernes,Motocicleta,Particular,Motociclista,Femenino,NO,Sin Registro,Solo Daños,Choque,Impericia en el manejo,Calle 34  Sur Carrera 47,El Portal,Urbana,"(6.175152875, -75.59025623)"
2172090,07/14/2017,7:20 a.m.,Viernes,Camioneta,Publico,Conductor,Masculino,NO,Sin Registro,Solo Daños,Choque,Impericia en el manejo,Calle 34  Sur Carrera 47,El Portal,Urbana,"(6.175152875, -75.59025623)"
2172086,07/14/2017,1:30 p.m.,Viernes,Compactadora,Particular,Conductor,Masculino,NO,Sin Registro,Solo Daños,Choque,Reverso imprudente,Calle 19  Sur Carrera 47,Zuñiga,Urbana,
2172086,07/14/2017,1:30 p.m.,Viernes,Campero,Particular,Conductor,Masculino,NO,Sin Registro,Solo Daños,Choque,Reverso imprudente,Calle 19  Sur Carrera 47,Zuñiga,Urbana,
2172094,07/14/2017,10:20 a.m.,Viernes,Microbus,Publico,Conductor,Masculino,NO,Sin Registro,Solo Daños,Choque,No respetar prelacion,Calle 38  Sur Carrera 48,Glorieta Exito,Urbana,
2172094,07/14/2017,10:20 a.m.,Viernes,Camioneta,Particular,Conductor,Masculino,NO,Sin Registro,Solo Daños,Choque,No respetar prelacion,Calle 38  Sur Carrera 48,Glorieta Exito,Urbana,
2172079,07/14/2017,4:30 p.m.,Viernes,Automovil,Particular,Conductor,Masculino,NO,Sin Registro,Solo Daños,Choque,Otra,Carrera 48 Calle 31  Sur,Las Vegas,Urbana,"(6.178537792, -75.58885189)"
2172079,07/14/2017,4:30 p.m.,Viernes,Motocicleta,Particular,Motociclista,Masculino,NO,Sin Registro,Solo Daños,Choque,Otra,Carrera 48 Calle 31  Sur,Las Vegas,Urbana,"(6.178537792, -75.58885189)"
2172060,07/14/2017,7:30 a.m.,Viernes,Automovil,Particular,Conductor,Femenino,NO,Sin Registro,Solo Daños,Choque,Poner en marcha un vehiculo sin precauci,Calle 34  Sur Carrera 48,Las Vegas,Urbana,
2172060,07/14/2017,7:30 a.m.,Viernes,Automovil,Publico,Conductor,Masculino,NO,Sin Registro,Solo Daños,Choque,Poner en marcha un vehiculo sin precauci,Calle 34  Sur Carrera 48,Las Vegas,Urbana,
2172078,07/14/2017,6:50 a.m.,Viernes,Automovil,Particular,Conductor,Femenino,NO,Sin Registro,Solo Daños,Choque,Transitar entre vehiculos,Carrera 48 Calle 30  Sur,Las Vegas,Urbana,"(6.179366643, -75.5880841)"
2172078,07/14/2017,6:50 a.m.,Viernes,Motocicleta,Particular,Motociclista,Masculino,NO,Sin Registro,Solo Daños,Choque,Transitar entre vehiculos,Carrera 48 Calle 30  Sur,Las Vegas,Urbana,"(6.179366643, -75.5880841)"
2172082,07/14/2017,5:35 p.m.,Viernes,Campero,Particular,Conductor,Masculino,NO,Sin Registro,Solo Daños,Choque,Impericia en el manejo,Calle 26  Sur Carrera 48,Las Vegas,Urbana,"(6.183423583, -75.58542895)"
2172082,07/14/2017,5:35 p.m.,Viernes,Motocicleta,Particular,Motociclista,Femenino,NO,Sin Registro,Solo Daños,Choque,Impericia en el manejo,Calle 26  Sur Carrera 48,Las Vegas,Urbana,"(6.183423583, -75.58542895)"
2172070,07/14/2017,8:50 a.m.,Viernes,Automovil,Particular,Conductor,Femenino,NO,Sin Registro,Solo Daños,Choque,Impericia en el manejo,Calle 45  Sur Carrera 43,La Paz,Urbana,"(6.164788767, -75.59421113)"
2172070,07/14/2017,8:50 a.m.,Viernes,Bus,Publico,Conductor,Masculino,NO,Sin Registro,Solo Daños,Choque,Impericia en el manejo,Calle 45  Sur Carrera 43,La Paz,Urbana,"(6.164788767, -75.59421113)"
2172068,07/14/2017,10:00 p.m.,Viernes,Automovil,Particular,Conductor,Masculino,NO,Sin Registro,Solo Daños,Choque,Exceso de velocidad,Tramo 12 Kilometro  13,Vereda Palmas,Rural,
2172077,07/16/2017,6:05 a.m.,Domingo,Automovil,Particular,Conductor,Femenino,NO,Sin Registro,Solo Daños,Choque,Semaforo en rojo,Carrera 48 Calle 30  Sur,Las Vegas,Urbana,"(6.179366643, -75.5880841)"
2172093,07/15/2017,1:00 p.m.,Sábado,Microbus,Publico,Conductor,Masculino,NO,Sin Registro,Solo Daños,Choque,No mantener distancia de seguridad,Calle 25  Sur Carrera 42 B,Zuñiga,Urbana,"(6.179561127, -75.57986633)"
2172093,07/15/2017,1:00 p.m.,Sábado,Automovil,Particular,Conductor,Masculino,NO,Sin Registro,Solo Daños,Choque,No mantener distancia de seguridad,Calle 25  Sur Carrera 42 B,Zuñiga,Urbana,"(6.179561127, -75.57986633)"
2172111,07/15/2017,9:00 a.m.,Sábado,Automovil,Particular,Conductor,Femenino,NO,Sin Registro,Solo Daños,Choque,No mantener distancia de seguridad,Tramo 372 Kilometro  15,Vereda Palmas,Rural,
2172111,07/15/2017,9:00 a.m.,Sábado,Automovil,Publico,Conductor,Masculino,NO,Sin Registro,Solo Daños,Choque,No mantener distancia de seguridad,Tramo 372 Kilometro  15,Vereda Palmas,Rural,
2172111,07/15/2017,9:00 a.m.,Sábado,Camioneta,Particular,Conductor,Masculino,NO,Sin Registro,Solo Daños,Choque,No mantener distancia de seguridad,Tramo 372 Kilometro  15,Vereda Palmas,Rural,
2172064,07/15/2017,11:00 a.m.,Sábado,Campero,Particular,Conductor,Masculino,NO,Sin Registro,Solo Daños,Choque,No respetar prelacion,Carrera 27 A Calle 36 A Sur,Vereda El Escobero,Urbana,"(6.162396832, -75.57323111)"
2172064,07/15/2017,11:00 a.m.,Sábado,Motocicleta,Particular,Motociclista,Masculino,NO,Sin Registro,Solo Daños,Choque,No respetar prelacion,Carrera 27 A Calle 36 A Sur,Vereda El Escobero,Urbana,"(6.162396832, -75.57323111)"
2172097,07/15/2017,5:00 p.m.,Sábado,Motocicleta,Particular,Motociclista,Masculino,NO,Sin Registro,Herido,Atropello,Exceso de velocidad,Calle 40  Sur Carrera 24 E,El Salado,Urbana,"(6.147263187, -75.57633575)"
2172085,07/15/2017,10:00 a.m.,Sábado,Automovil,Particular,Conductor,Masculino,NO,Sin Registro,Solo Daños,Choque,Reverso imprudente,Tramo 181 Kilometro  17,Vereda Palmas,Rural,
2172085,07/15/2017,10:00 a.m.,Sábado,Automovil,Particular,Conductor,Femenino,NO,Sin Registro,Solo Daños,Choque,Reverso imprudente,Tramo 181 Kilometro  17,Vereda Palmas,Rural,
2172067,07/15/2017,9:15 a.m.,Sábado,Motocicleta,Particular,Motociclista,Masculino,NO,Sin Registro,Herido,Choque,Semaforo en rojo,Carrera 43 A Calle 30  Sur,Jardines,Urbana,"(6.177072638, -75.58533615)"
2172067,07/15/2017,9:15 a.m.,Sábado,Volqueta,Publico,Conductor,Masculino,NO,Sin Registro,Herido,Choque,Semaforo en rojo,Carrera 43 A Calle 30  Sur,Jardines,Urbana,"(6.177072638, -75.58533615)"
2172069,07/15/2017,9:15 a.m.,Sábado,Automovil,Particular,Conductor,Masculino,NO,Sin Registro,Solo Daños,Choque,No mantener distancia de seguridad,Tramo 12 Kilometro  7,Vereda Palmas,Rural,
2172069,07/15/2017,9:15 a.m.,Sábado,Motocicleta,Particular,Motociclista,Masculino,NO,Sin Registro,Solo Daños,Choque,No mantener distancia de seguridad,Tramo 12 Kilometro  7,Vereda Palmas,Rural,
2172076,07/15/2017,8:00 p.m.,Sábado,Automovil,Particular,Conductor,Masculino,NO,Sin Registro,Herido,Choque,No mantener distancia de seguridad,Transversal 34 C Sur Diagonal 31 E,Los Naranjos,Urbana,"(6.172217077, -75.57974847)"
2172076,07/15/2017,8:00 p.m.,Sábado,Motocicleta,Particular,Motociclista,Masculino,NO,Sin Registro,Herido,Choque,No mantener distancia de seguridad,Transversal 34 C Sur Diagonal 31 E,Los Naranjos,Urbana,"(6.172217077, -75.57974847)"
2172105,07/15/2017,2:15 p.m.,Sábado,Automovil,Particular,Conductor,Femenino,NO,Sin Registro,Solo Daños,Choque,Adelantar por la derecha,Carrera 27 Calle 23  Sur,El Esmeraldal,Urbana,"(6.176588834, -75.56744599)"
2172105,07/15/2017,2:15 p.m.,Sábado,Motocicleta,Particular,Motociclista,Masculino,NO,Sin Registro,Solo Daños,Choque,Adelantar por la derecha,Carrera 27 Calle 23  Sur,El Esmeraldal,Urbana,"(6.176588834, -75.56744599)"
2172099,07/15/2017,3:20 p.m.,Sábado,Campero,Particular,Conductor,Femenino,NO,Sin Registro,Solo Daños,Choque,No mantener distancia de seguridad,Calle 33  Sur Carrera 43,Zona Centro,Urbana,"(6.173912569, -75.58697473)"
2172099,07/15/2017,3:20 p.m.,Sábado,Campero,Particular,Conductor,Femenino,NO,Sin Registro,Solo Daños,Choque,No mantener distancia de seguridad,Calle 33  Sur Carrera 43,Zona Centro,Urbana,"(6.173912569, -75.58697473)"
2172108,07/15/2017,9:20 a.m.,Sábado,Camioneta,Publico,Conductor,Masculino,NO,Sin Registro,Solo Daños,Choque,No respetar prelacion,Carrera 41 Calle 45 A Sur,Las Antillas,Urbana,"(6.162364197, -75.59259236)"
2172108,07/15/2017,9:20 a.m.,Sábado,Automovil,Particular,Conductor,Masculino,NO,Sin Registro,Solo Daños,Choque,No respetar prelacion,Carrera 41 Calle 45 A Sur,Las Antillas,Urbana,"(6.162364197, -75.59259236)"
2172065,07/15/2017,11:20 a.m.,Sábado,Automovil,Particular,Conductor,Femenino,NO,Sin Registro,Solo Daños,Choque,No mantener distancia de seguridad,Calle 36  Sur Carrera 25,El Chocho,Urbana,"(6.167194335, -75.56482628)"
2172065,07/15/2017,11:20 a.m.,Sábado,Campero,Particular,Conductor,Masculino,NO,Sin Registro,Solo Daños,Choque,No mantener distancia de seguridad,Calle 36  Sur Carrera 25,El Chocho,Urbana,"(6.167194335, -75.56482628)"
2172080,07/15/2017,4:30 a.m.,Sábado,Automovil,Particular,Conductor,Masculino,NO,Sin Registro,Solo Daños,Choque,No respetar prelacion,Diagonal 33 Transversal 32 C Sur,La Magnolia,Urbana,"(6.174362764, -75.584459)"
2172080,07/15/2017,4:30 a.m.,Sábado,Automovil,Diplomatico,Conductor,Masculino,NO,Sin Registro,Solo Daños,Choque,No respetar prelacion,Diagonal 33 Transversal 32 C Sur,La Magnolia,Urbana,"(6.174362764, -75.584459)"
2172063,07/15/2017,3:30 p.m.,Sábado,Camioneta,Diplomatico,Conductor,Masculino,NO,Sin Registro,Solo Daños,Choque,Cargue o descarge en horas/sitios prohib,Carrera 40 A Calle 40 F Sur,El Dorado,Urbana,"(6.164685452, -75.58959487)"
2172063,07/15/2017,3:30 p.m.,Sábado,Motocicleta,Particular,Motociclista,Masculino,NO,Sin Registro,Solo Daños,Choque,Cargue o descarge en horas/sitios prohib,Carrera 40 A Calle 40 F Sur,El Dorado,Urbana,"(6.164685452, -75.58959487)"
2172057,07/15/2017,5:30 p.m.,Sábado,Automovil,Particular,Conductor,Masculino,NO,Sin Registro,Solo Daños,Choque,No mantener distancia de seguridad,Tramo 12 Kilometro  15,Vereda Palmas,Rural,
2172057,07/15/2017,5:30 p.m.,Sábado,Motocicleta,Particular,Motociclista,Masculino,NO,Sin Registro,Solo Daños,Choque,No mantener distancia de seguridad,Tramo 12 Kilometro  15,Vereda Palmas,Rural,
2172059,07/15/2017,9:40 a.m.,Sábado,Camioneta,Oficial,Conductor,Masculino,NO,Sin Registro,Solo Daños,Choque,No mantener distancia de seguridad,Carrera 50 Calle 39  Sur,Las Vegas,Urbana,
2172059,07/15/2017,9:40 a.m.,Sábado,Automovil,Particular,Conductor,Masculino,NO,Sin Registro,Solo Daños,Choque,No mantener distancia de seguridad,Carrera 50 Calle 39  Sur,Las Vegas,Urbana,
2172059,07/15/2017,9:40 a.m.,Sábado,Automovil,Particular,Conductor,Femenino,NO,Sin Registro,Solo Daños,Choque,No mantener distancia de seguridad,Carrera 50 Calle 39  Sur,Las Vegas,Urbana,