RADICADO,FECHA,HORA,DÍA DE LA SEMANA,CLASE DE VEHICULO,TIPO DE SERVICIO,TIPO DE VICTIMA,SEXO,ESTADO DE BEODEZ,RESULTADO DE BEODEZ,GRAVEDAD,CLASE DE ACCIDENTE,CAUSA,DIRECCIÓN,BARRIO,AREA,Coordenadas
2172098,07/15/2017,12:40 p.m.,Sábado,Microbus,Publico,Conductor,Masculino,NO,Sin Registro,Herido,Caida Ocupante,Poner en marcha un vehiculo sin precauci,Calle 47  Sur Carrera 40,El Trianon,Urbana,"(6.15929595, -75.5937748)"
2172066,07/15/2017,4:50 p.m.,Sábado,Motocicleta,Particular,Motociclista,Masculino,NO,Sin Registro,Solo Daños,Choque,Adelantar cerrando,Transversal 34 C Sur Diagonal 39,Obrero,Urbana,"(6.171097602, -75.58405138)"
2172066,07/15/2017,4:50 p.m.,Sábado,Automovil,Particular,Conductor,Masculino,NO,Sin Registro,Solo Daños,Choque,Adelantar cerrando,Transversal 34 C Sur Diagonal 39,Obrero,Urbana,"(6.171097602, -75.58405138)"
2172072,07/15/2017,9:50 a.m.,Sábado,Automovil,Particular,Conductor,Femenino,NO,Sin Registro,Solo Daños,Choque,No respetar prelacion,Calle 38  Sur Carrera 48,Glorieta Exito,Urbana,
2172072,07/15/2017,9:50 a.m.,Sábado,Camioneta,Publico,Conductor,Masculino,NO,Sin Registro,Solo Daños,Choque,No respetar prelacion,Calle 38  Sur Carrera 48,Glorieta Exito,Urbana,
2172073,07/15/2017,10:10 p.m.,Sábado,Automovil,Particular,Conductor,Masculino,NO,Sin Registro,Solo Daños,Choque,No mantener distancia de seguridad,Tramo 12 Kilometro  8,Vereda Palmas,Rural,
2172073,07/15/2017,10:10 p.m.,Sábado,Automovil,Particular,Conductor,Masculino,NO,Sin Registro,Solo Daños,Choque,No mantener distancia de seguridad,Tramo 12 Kilometro  8,Vereda Palmas,Rural,
2172104,07/15/2017,5:50 p.m.,Sábado,Campero,Particular,Conductor,Masculino,NO,Sin Registro,Solo Daños,Choque,Adelantar por la derecha,Carrera 27 Calle 23  Sur,El Esmeraldal,Urbana,"(6.176588834, -75.56744599)"
2172104,07/15/2017,5:50 p.m.,Sábado,Motocicleta,Particular,Motociclista,Masculino,NO,Sin Registro,Solo Daños,Choque,Adelantar por la derecha,Carrera 27 Calle 23  Sur,El Esmeraldal,Urbana,"(6.176588834, -75.56744599)"
2172074,07/15/2017,11:10 p.m.,Sábado,Automovil,Publico,Conductor,Masculino,NO,Sin Registro,Herido,Choque,Vehiculo mal estacionado,Diagonal 29 Transversal 28  Sur,Alto De Misael,Urbana,"(6.175122612, -75.57695594)"
2172074,07/15/2017,11:10 p.m.,Sábado,Motocicleta,Particular,Motociclista,Masculino,NO,Sin Registro,Herido,Choque,Adelantar por la derecha,Diagonal 29 Transversal 28  Sur,Alto De Misael,Urbana,"(6.175122612, -75.57695594)"
2172074,07/15/2017,11:10 p.m.,Sábado,Motocicleta,Particular,Motociclista,Masculino,NO,Sin Registro,Herido,Choque,Vehiculo mal estacionado,Diagonal 29 Transversal 28  Sur,Alto De Misael,Urbana,"(6.175122612, -75.57695594)"
2172074,07/15/2017,11:10 p.m.,Sábado,Automovil,Publico,Conductor,Masculino,NO,Sin Registro,Herido,Choque,Adelantar por la derecha,Diagonal 29 Transversal 28  Sur,Alto De Misael,Urbana,"(6.175122612, -75.57695594)"
2172077,07/16/2017,6:05 a.m.,Domingo,Motocicleta,Particular,Motociclista,Masculino,NO,Sin Registro,Solo Daños,Choque,Semaforo en rojo,Carrera 48 Calle 30  Sur,Las Vegas,Urbana,"(6.179366643, -75.5880841)"
2172106,07/16/2017,5:00 p.m.,Domingo,Motocicleta,Particular,Motociclista,Masculino,NO,Sin Registro,Herido,Choque,Obstaculos en la via,Calle 25 A Sur Carrera 42,Villa Grande,Urbana,"(6.181402463, -75.58167941)"
2172089,07/16/2017,10:00 a.m.,Domingo,Automovil,Particular,Conductor,Femenino,NO,Sin Registro,Solo Daños,Choque,Impericia en el manejo,Tramo 12 Kilometro  17,Vereda Palmas,Rural,
2172089,07/16/2017,10:00 a.m.,Domingo,Automovil,Particular,Conductor,Masculino,NO,Sin Registro,Solo Daños,Choque,Impericia en el manejo,Tramo 12 Kilometro  17,Vereda Palmas,Rural,
2172084,07/16/2017,5:35 p.m.,Domingo,Motocicleta,Particular,Motociclista,Masculino,NO,Sin Registro,Herido,Otro,Impericia en el manejo,Calle 39  Sur Carrera 43 A,Alcala,Urbana,"(6.169120914, -75.58953036)"
2172091,07/16/2017,11:50 a.m.,Domingo,Automovil,Particular,Conductor,Femenino,NO,Sin Registro,Solo Daños,Choque,No mantener distancia de seguridad,Tramo 372 Kilometro  12,Vereda Palmas,Rural,
2172091,07/16/2017,11:50 a.m.,Domingo,Automovil,Publico,Conductor,Masculino,NO,Sin Registro,Solo Daños,Choque,No mantener distancia de seguridad,Tramo 372 Kilometro  12,Vereda Palmas,Rural,
2172071,07/16/2017,5:50 p.m.,Domingo,Automovil,Particular,Conductor,Femenino,NO,Sin Registro,Solo Daños,Choque,No mantener distancia de seguridad,Carrera 50 Calle 30  Sur,Las Vegas,Urbana,
2172071,07/16/2017,5:50 p.m.,Domingo,Automovil,Particular,Conductor,Masculino,NO,Sin Registro,Solo Daños,Choque,No mantener distancia de seguridad,Carrera 50 Calle 30  Sur,Las Vegas,Urbana,
2172112,07/17/2017,4:00 p.m.,Lunes,Bus,Publico,Conductor,Masculino,NO,Sin Registro,Solo Daños,Choque,Adelantar cerrando,Calle 31  Sur Carrera 43 A Sur,San Marcos,Urbana,"(6.176823564, -75.58539215)"
2172112,07/17/2017,4:00 p.m.,Lunes,Automovil,Particular,Conductor,Masculino,NO,Sin Registro,Solo Daños,Choque,Adelantar cerrando,Calle 31  Sur Carrera 43 A Sur,San Marcos,Urbana,"(6.176823564, -75.58539215)"
2172095,07/17/2017,2:00 p.m.,Lunes,Campero,Particular,Conductor,Femenino,NO,Sin Registro,Solo Daños,Choque,Reverso imprudente,Carrera 48 Calle 37  Sur,Las Vegas,Urbana,"(6.172859211, -75.59276992)"
2172095,07/17/2017,2:00 p.m.,Lunes,Campero,Particular,Conductor,Femenino,NO,Sin Registro,Solo Daños,Choque,Reverso imprudente,Carrera 48 Calle 37  Sur,Las Vegas,Urbana,"(6.172859211, -75.59276992)"
2172092,07/17/2017,5:00 p.m.,Lunes,Bus,Publico,Conductor,Masculino,NO,Sin Registro,Solo Daños,Choque,No respetar prelacion,Calle 40 F Sur Carrera 24 B,La Mina,Urbana,"(6.156115722, -75.58240747)"
2172092,07/17/2017,5:00 p.m.,Lunes,Motocicleta,Particular,Motociclista,Femenino,NO,Sin Registro,Solo Daños,Choque,No respetar prelacion,Calle 40 F Sur Carrera 24 B,La Mina,Urbana,"(6.156115722, -75.58240747)"
2172103,07/17/2017,10:10 a.m.,Lunes,Automovil,Publico,Conductor,Masculino,NO,Sin Registro,Solo Daños,Choque,Girar bruscamente,Carrera 42 B Calle 46 B Sur,La Paz,Urbana,"(6.161513191, -75.59477521)"
2172103,07/17/2017,10:10 a.m.,Lunes,Automovil,Particular,Conductor,Masculino,NO,Sin Registro,Solo Daños,Choque,Girar bruscamente,Carrera 42 B Calle 46 B Sur,La Paz,Urbana,"(6.161513191, -75.59477521)"
2172088,07/17/2017,8:30 p.m.,Lunes,Campero,Particular,Conductor,Masculino,NO,Sin Registro,Solo Daños,Choque,No mantener distancia de seguridad,Calle 25  Sur Carrera 49,Las Vegas,Urbana,
2172088,07/17/2017,8:30 p.m.,Lunes,Campero,Particular,Conductor,Femenino,NO,Sin Registro,Solo Daños,Choque,No mantener distancia de seguridad,Calle 25  Sur Carrera 49,Las Vegas,Urbana,
2172087,07/17/2017,7:25 a.m.,Lunes,Automovil,Particular,Conductor,Masculino,NO,Sin Registro,Solo Daños,Choque,No mantener distancia de seguridad,Calle 19  Sur Carrera 50  Sur,Las Vegas,Urbana,
2172087,07/17/2017,7:25 a.m.,Lunes,Motocicleta,Particular,Motociclista,Masculino,NO,Sin Registro,Solo Daños,Choque,No mantener distancia de seguridad,Calle 19  Sur Carrera 50  Sur,Las Vegas,Urbana,
2172117,07/17/2017,5:35 p.m.,Lunes,Camion,Publico,Conductor,Masculino,NO,Sin Registro,Solo Daños,Choque,Reverso imprudente,Calle 39  Sur Carrera 40,El Dorado,Urbana,"(6.167409609, -75.58672098)"
2172117,07/17/2017,5:35 p.m.,Lunes,Motocicleta,Particular,Motociclista,Masculino,NO,Sin Registro,Solo Daños,Choque,Reverso imprudente,Calle 39  Sur Carrera 40,El Dorado,Urbana,"(6.167409609, -75.58672098)"
2172117,07/17/2017,5:35 p.m.,Lunes,Motocicleta,Oficial,Motociclista,Masculino,NO,Sin Registro,Solo Daños,Choque,Reverso imprudente,Calle 39  Sur Carrera 40,El Dorado,Urbana,"(6.167409609, -75.58672098)"
2172101,07/17/2017,5:50 p.m.,Lunes,Automovil,Publico,Conductor,Masculino,NO,Sin Registro,Solo Daños,Choque,No respetar prelacion,Carrera 48 Calle 30  Sur,Las Vegas,Urbana,"(6.179366643, -75.5880841)"
2172101,07/17/2017,5:50 p.m.,Lunes,Automovil,Publico,Conductor,Masculino,NO,Sin Registro,Solo Daños,Choque,No respetar prelacion,Carrera 48 Calle 30  Sur,Las Vegas,Urbana,"(6.179366643, -75.5880841)"
2172083,07/17/2017,11:40 p.m.,Lunes,Motocicleta,Particular,Motociclista,Masculino,NO,Sin Registro,Herido,Choque,Exceso de velocidad,Tramo 371 Kilometro  2,Vereda El Escobero,Rural,
2172083,07/17/2017,11:40 p.m.,Lunes,Camioneta,Particular,Conductor,Masculino,NO,Sin Registro,Herido,Choque,Exceso de velocidad,Tramo 371 Kilometro  2,Vereda El Escobero,Rural,
2172115,07/18/2017,6:00 p.m.,Martes,Motocicleta,Particular,Motociclista,Masculino,NO,Sin Registro,Herido,Atropello,Transitar entre vehiculos,Calle 39  Sur Carrera 44 A,Alcala,Urbana,"(6.16947488, -75.59058438)"
2172115,07/18/2017,6:00 p.m.,Martes,Motocicleta,Particular,Motociclista,Masculino,NO,Sin Registro,Herido,Atropello,Exceso de velocidad,Calle 39  Sur Carrera 44 A,Alcala,Urbana,"(6.16947488, -75.59058438)"
2172130,07/18/2017,12:00 p.m.,Martes,Automovil,Particular,Conductor,Masculino,NO,Sin Registro,Solo Daños,Choque,Adelantar cerrando,Calle 38 A Sur Carrera 43,Zona Centro,Urbana,"(6.169370628, -75.5883151)"
2172130,07/18/2017,12:00 p.m.,Martes,Microbus,Publico,Conductor,Masculino,NO,Sin Registro,Solo Daños,Choque,Adelantar cerrando,Calle 38 A Sur Carrera 43,Zona Centro,Urbana,"(6.169370628, -75.5883151)"
2172113,07/18/2017,7:05 a.m.,Martes,Motocicleta,Particular,Motociclista,Masculino,NO,Sin Registro,Herido,Choque,No mantener distancia de seguridad,Diagonal 31 Transversal 32 A Sur,La Magnolia,Urbana,"(6.174681134, -75.57847104)"
2172113,07/18/2017,7:05 a.m.,Martes,Motocicleta,Particular,Motociclista,Masculino,NO,Sin Registro,Herido,Choque,No mantener distancia de seguridad,Diagonal 31 Transversal 32 A Sur,La Magnolia,Urbana,"(6.174681134, -75.57847104)"
2172110,07/18/2017,8:10 a.m.,Martes,Automovil,Particular,Conductor,Femenino,NO,Sin Registro,Solo Daños,Choque,No respetar prelacion,Carrera 46 Calle 40  Sur,Alcala,Urbana,"(6.168563384, -75.59405811)"
2172110,07/18/2017,8:10 a.m.,Martes,Motocicleta,Particular,Motociclista,Masculino,NO,Sin Registro,Solo Daños,Choque,No respetar prelacion,Carrera 46 Calle 40  Sur,Alcala,Urbana,"(6.168563384, -75.59405811)"
2172109,07/18/2017,7:10 a.m.,Martes,Automovil,Particular,Conductor,Masculino,NO,Sin Registro,Herido,Choque,Desobedecer senales,Calle 38 A Sur Carrera 38,Mesa,Urbana,"(6.167339205, -75.58513636)"
2172109,07/18/2017,7:10 a.m.,Martes,Motocicleta,Particular,Motociclista,Masculino,NO,Sin Registro,Herido,Choque,Desobedecer senales,Calle 38 A Sur Carrera 38,Mesa,Urbana,"(6.167339205, -75.58513636)"
2172123,07/18/2017,12:10 p.m.,Martes,Automovil,Particular,Conductor,Femenino,NO,Sin Registro,Solo Daños,Choque,No mantener distancia de seguridad,Carrera 48 Calle 25 A Sur,Villa Grande,Urbana,"(6.184740152, -75.58365742)"
2172123,07/18/2017,12:10 p.m.,Martes,Automovil,Particular,Conductor,Masculino,NO,Sin Registro,Solo Daños,Choque,No mantener distancia de seguridad,Carrera 48 Calle 25 A Sur,Villa Grande,Urbana,"(6.184740152, -75.58365742)"
2172118,07/18/2017,4:10 p.m.,Martes,Buseta,Publico,Conductor,Masculino,NO,Sin Registro,Solo Daños,Choque,Desobedecer senales,Calle 30  Sur Carrera 48,Las Vegas,Urbana,"(6.180376127, -75.59028805)"
2172118,07/18/2017,4:10 p.m.,Martes,Automovil,Particular,Conductor,Masculino,NO,Sin Registro,Solo Daños,Choque,Desobedecer senales,Calle 30  Sur Carrera 48,Las Vegas,Urbana,"(6.180376127, -75.59028805)"
2172114,07/18/2017,8:15 a.m.,Martes,Motocicleta,Particular,Motociclista,Masculino,NO,Sin Registro,Herido,Atropello,Exceso de velocidad,Tramo 372 Kilometro  15,Vereda Palmas,Rural,
2172107,07/18/2017,1:30 p.m.,Martes,Automovil,Particular,Conductor,Masculino,NO,Sin Registro,Solo Daños,Choque,Impericia en el manejo,Tramo 372 Kilometro  11,Vereda Palmas,Rural,
2172102,07/18/2017,9:10 p.m.,Martes,Bus,Publico,Conductor,Masculino,NO,Sin Registro,Solo Daños,Choque,Exceso de velocidad,Carrera 42 B Calle 45 B Sur,La Paz,Urbana,"(6.163036146, -75.59370602)"
2172102,07/18/2017,9:10 p.m.,Martes,Automovil,Particular,Conductor,Masculino,NO,Sin Registro,Solo Daños,Choque,Exceso de velocidad,Carrera 42 B Calle 45 B Sur,La Paz,Urbana,"(6.163036146, -75.59370602)"
2172100,07/18/2017,5:50 p.m.,Martes,Campero,Particular,Conductor,Femenino,NO,Sin Registro,Solo Daños,Choque,No mantener distancia de seguridad,Calle 40 B Sur Carrera 40 A,El Dorado,Urbana,"(6.165969162, -75.58780013)"
2172100,07/18/2017,5:50 p.m.,Martes,Automovil,Particular,Conductor,Masculino,NO,Sin Registro,Solo Daños,Choque,No mantener distancia de seguridad,Calle 40 B Sur Carrera 40 A,El Dorado,Urbana,"(6.165969162, -75.58780013)"
2172134,07/19/2017,4:00 p.m.,Miércoles,Automovil,Particular,Conductor,Masculino,NO,Sin Registro,Solo Daños,Choque,Impericia en el manejo,Carrera 43 A Calle 40 H Sur,Avenida El Poblado,Urbana,"(6.167378392, -75.59115143)"
2172134,07/19/2017,4:00 p.m.,Miércoles,Automovil,Particular,Conductor,Femenino,NO,Sin Registro,Solo Daños,Choque,Impericia en el manejo,Carrera 43 A Calle 40 H Sur,Avenida El Poblado,Urbana,"(6.167378392, -75.59115143)"
2172131,07/19/2017,2:00 p.m.,Miércoles,Automovil,Particular,Conductor,Masculino,NO,Sin Registro,Solo Daños,Choque,No mantener distancia de seguridad,Carrera 27 Calle 28  Sur,La Inmaculada,Urbana,"(6.171086787, -75.569081)"
2172131,07/19/2017,2:00 p.m.,Miércoles,Camioneta,Diplomatico,Conductor,Masculino,NO,Sin Registro,Solo Daños,Choque,No mantener distancia de seguridad,Carrera 27 Calle 28  Sur,La Inmaculada,Urbana,"(6.171086787, -75.569081)"
2172145,07/19/2017,5:00 p.m.,Miércoles,Automovil,Particular,Conductor,Masculino,NO,Sin Registro,Solo Daños,Choque,No mantener distancia de seguridad,Carrera 48 Calle 32  Sur,Las Vegas,Urbana,"(6.177503621, -75.58948538)"
2172145,07/19/2017,5:00 p.m.,Miércoles,Automovil,Particular,Conductor,Masculino,NO,Sin Registro,Solo Daños,Choque,No mantener distancia de seguridad,Carrera 48 Calle 32  Sur,Las Vegas,Urbana,"(6.177503621, -75.58948538)"
2172150,07/19/2017,6:15 a.m.,Miércoles,Automovil,Publico,Conductor,Masculino,NO,Sin Registro,Herido,Choque,Transitar entre vehiculos,Calle 32 A Sur Carrera 43 A,San Marcos,Urbana,"(6.174867987, -75.58533492)"
2172150,07/19/2017,6:15 a.m.,Miércoles,Motocicleta,Particular,Motociclista,Masculino,NO,Sin Registro,Herido,Choque,Transitar entre vehiculos,Calle 32 A Sur Carrera 43 A,San Marcos,Urbana,"(6.174867987, -75.58533492)"
2172133,07/19/2017,4:06 p.m.,Miércoles,Motocicleta,Particular,Motociclista,Masculino,NO,Sin Registro,Solo Daños,Choque,Transitar entre vehiculos,Carrera 40 Calle 35  Sur,Zona Centro,Urbana,"(6.170776136, -75.58458325)"
2172133,07/19/2017,4:06 p.m.,Miércoles,Automovil,Particular,Conductor,Femenino,NO,Sin Registro,Solo Daños,Choque,Transitar entre vehiculos,Carrera 40 Calle 35  Sur,Zona Centro,Urbana,"(6.170776136, -75.58458325)"
2172133,07/19/2017,4:06 p.m.,Miércoles,Automovil,Particular,Conductor,Masculino,NO,Sin Registro,Solo Daños,Choque,Transitar entre vehiculos,Carrera 40 Calle 35  Sur,Zona Centro,Urbana,"(6.170776136, -75.58458325)"
2172149,07/19/2017,8:30 p.m.,Miércoles,Camioneta,Particular,Conductor,Femenino,NO,Sin Registro,Herido,Choque,Transitar entre vehiculos,Calle 38  Sur Carrera 43 A,Zona Centro,Urbana,"(6.170537577, -75.58862514)"
2172149,07/19/2017,8:30 p.m.,Miércoles,Bicicleta,Sin Registro,Ciclista,Masculino,NO,Sin Registro,Herido,Choque,Transitar entre vehiculos,Calle 38  Sur Carrera 43 A,Zona Centro,Urbana,"(6.170537577, -75.58862514)"
2172125,07/19/2017,6:40 a.m.,Miércoles,Microbus,Publico,Conductor,Masculino,NO,Sin Registro,Solo Daños,Choque,Reverso imprudente,Calle 36  Sur Carrera 27,El Chocho,Urbana,"(6.167154903, -75.56933697)"
2172125,07/19/2017,6:40 a.m.,Miércoles,Camion,Publico,Conductor,Masculino,NO,Sin Registro,Solo Daños,Choque,Reverso imprudente,Calle 36  Sur Carrera 27,El Chocho,Urbana,"(6.167154903, -75.56933697)"
2172132,07/19/2017,6:40 a.m.,Miércoles,Bus,Publico,Conductor,Femenino,NO,Sin Registro,Solo Daños,Choque,Otra,Calle 48 E Sur Carrera 42,Loma Del Barro,Urbana,"(6.159800047, -75.59509533)"
2172132,07/19/2017,6:40 a.m.,Miércoles,Campero,Diplomatico,Conductor,Femenino,NO,Sin Registro,Solo Daños,Choque,Otra,Calle 48 E Sur Carrera 42,Loma Del Barro,Urbana,"(6.159800047, -75.59509533)"
2172127,07/19/2017,4:30 p.m.,Miércoles,Automovil,Publico,Conductor,Masculino,NO,Sin Registro,Solo Daños,Choque,Impericia en el manejo,Calle 39  Sur Carrera 45 A,Alcala,Urbana,"(6.169659373, -75.59154615)"
2172127,07/19/2017,4:30 p.m.,Miércoles,Automovil,Particular,Conductor,Femenino,NO,Sin Registro,Solo Daños,Choque,Impericia en el manejo,Calle 39  Sur Carrera 45 A,Alcala,Urbana,"(6.169659373, -75.59154615)"
2172120,07/19/2017,9:00 p.m.,Miércoles,Motocicleta,Particular,Motociclista,Masculino,NO,Sin Registro,Herido,Atropello,Cruzar sin observar,Transversal 33  Sur Carrera 43,Zona Centro,Urbana,"(6.173912569, -75.58697473)"
2172126,07/19/2017,1:50 p.m.,Miércoles,Automovil,Particular,Conductor,Masculino,NO,Sin Registro,Solo Daños,Choque,Otra,Carrera 50 Calle 32  Sur,Las Vegas,Urbana,"(6.178248378, -75.59168828)"
2172126,07/19/2017,1:50 p.m.,Miércoles,Motocicleta,Particular,Motociclista,Masculino,NO,Sin Registro,Solo Daños,Choque,Otra,Carrera 50 Calle 32  Sur,Las Vegas,Urbana,"(6.178248378, -75.59168828)"
2172121,07/19/2017,8:53 a.m.,Miércoles,Automovil,Particular,Conductor,Femenino,NO,Sin Registro,Herido,Choque,No mantener distancia de seguridad,Calle 27 A Sur Carrera 48,Las Vegas,Urbana,"(6.179449536, -75.5850415)"
2172121,07/19/2017,8:53 a.m.,Miércoles,Motocicleta,Particular,Motociclista,Masculino,NO,Sin Registro,Herido,Choque,No mantener distancia de seguridad,Calle 27 A Sur Carrera 48,Las Vegas,Urbana,"(6.179449536, -75.5850415)"
2172119,07/19/2017,5:45 p.m.,Miércoles,Automovil,Publico,Conductor,Masculino,NO,Sin Registro,Herido,Choque,No respetar prelacion,Calle 50  Sur Carrera 48,Las Casitas,Urbana,
2172119,07/19/2017,5:45 p.m.,Miércoles,Motocicleta,Particular,Motociclista,Masculino,NO,Sin Registro,Herido,Choque,No respetar prelacion,Calle 50  Sur Carrera 48,Las Casitas,Urbana,
2172128,07/20/2017,10:00 a.m.,Jueves,Motocicleta,Particular,Motociclista,Masculino,NO,Sin Registro,Herido,Choque,Desobedecer senales,Calle 38  Sur Carrera 36,Mesa,Urbana,"(6.167371692, -75.58367367)"
2172128,07/20/2017,10:00 a.m.,Jueves,Automovil,Publico,Conductor,Femenino,NO,Sin Registro,Herido,Choque,Desobedecer senales,Calle 38  Sur Carrera 36,Mesa,Urbana,"(6.167371692, -75.58367367)"
2172135,07/20/2017,11:30 a.m.,Jueves,Automovil,Particular,Conductor,Masculino,NO,Sin Registro,Solo Daños,Choque,Impericia en el manejo,Calle 25  Sur Carrera 45,Zuñiga,Urbana,"(6.182658265, -75.58204251)"
2172129,07/20/2017,10:30 a.m.,Jueves,Automovil,Particular,Conductor,Masculino,NO,Sin Registro,Solo Daños,Choque,No mantener distancia de seguridad,Tramo 372 Kilometro  16,Vereda Palmas,Rural,
2172129,07/20/2017,10:30 a.m.,Jueves,Camioneta,Publico,Conductor,Masculino,NO,Sin Registro,Solo Daños,Choque,No mantener distancia de seguridad,Tramo 372 Kilometro  16,Vereda Palmas,Rural,
2172139,07/20/2017,8:45 a.m.,Jueves,Bus,Publico,Conductor,Masculino,NO,Sin Registro,Solo Daños,Choque,Adelantar cerrando,Calle 37  Sur Carrera 42,Zona Centro,Urbana,"(6.17029993, -75.58693548)"
2172139,07/20/2017,8:45 a.m.,Jueves,Motocicleta,Particular,Motociclista,Femenino,NO,Sin Registro,Solo Daños,Choque,Adelantar cerrando,Calle 37  Sur Carrera 42,Zona Centro,Urbana,"(6.17029993, -75.58693548)"
2172124,07/20/2017,2:40 p.m.,Jueves,Automovil,Particular,Conductor,Masculino,NO,Sin Registro,Solo Daños,Choque,No mantener distancia de seguridad,Carrera 39 DD Calle 45 A Sur,Las Antillas,Urbana,"(6.161860353, -75.59152266)"
2172124,07/20/2017,2:40 p.m.,Jueves,Automovil,Particular,Conductor,Masculino,NO,Sin Registro,Solo Daños,Choque,No mantener distancia de seguridad,Carrera 39 DD Calle 45 A Sur,Las Antillas,Urbana,"(6.161860353, -75.59152266)"
2172122,07/20/2017,12:30 a.m.,Jueves,Automovil,Particular,Conductor,Masculino,NO,Sin Registro,Solo Daños,Choque,No respetar pelacion de interseccion o giros,Calle 23  Sur Carrera 27,Zuñiga,Urbana,"(6.176668041, -75.56752563)"
2172122,07/20/2017,12:30 a.m.,Jueves,Motocicleta,Particular,Motociclista,Masculino,NO,Sin Registro,Solo Daños,Choque,No respetar pelacion de interseccion o giros,Calle 23  Sur Carrera 27,Zuñiga,Urbana,"(6.176668041, -75.56752563)"
2172137,07/21/2017,4:00 p.m.,Viernes,Automovil,Particular,Conductor,Masculino,NO,Sin Registro,Solo Daños,Choque,Desobedecer senales,Carrera 27 D Calle 36 C Sur,Vereda El Escobero,Urbana,"(6.165786744, -75.57380138)"
2172137,07/21/2017,4:00 p.m.,Viernes,Automovil,Particular,Conductor,Femenino,NO,Sin Registro,Solo Daños,Choque,Desobedecer senales,Carrera 27 D Calle 36 C Sur,Vereda El Escobero,Urbana,"(6.165786744, -75.57380138)"
2172169,07/21/2017,10:00 a.m.,Viernes,Campero,Particular,Conductor,Masculino,NO,Sin Registro,Solo Daños,Choque,Adelantar por la derecha,Calle 38  Sur Carrera 34,Mesa,Urbana,"(6.166700674, -75.58264033)"
2172169,07/21/2017,10:00 a.m.,Viernes,Motocicleta,Particular,Motociclista,Masculino,NO,Sin Registro,Solo Daños,Choque,Adelantar por la derecha,Calle 38  Sur Carrera 34,Mesa,Urbana,"(6.166700674, -75.58264033)"
2172140,07/21/2017,4:15 p.m.,Viernes,Automovil,Particular,Conductor,Masculino,NO,Sin Registro,Solo Daños,Choque,No mantener distancia de seguridad,Calle 25 AA Sur Carrera 50,Las Vegas,Urbana,"(6.182478523, -75.58331336)"
2172140,07/21/2017,4:15 p.m.,Viernes,Automovil,Particular,Conductor,Femenino,NO,Sin Registro,Solo Daños,Choque,No mantener distancia de seguridad,Calle 25 AA Sur Carrera 50,Las Vegas,Urbana,"(6.182478523, -75.58331336)"
2172337,09/08/2017,9:30 a.m.,Miércoles,Automovil,Particular,Conductor,Femenino,NO,Sin Registro,Herido,Choque,Impericia en el manejo,Tramo 372 Kilometro  16,Vereda Palmas,Rural,
2172138,07/21/2017,8:20 a.m.,Viernes,Automovil,Particular,Conductor,Femenino,NO,Sin Registro,Solo Daños,Choque,No mantener distancia de seguridad,Calle 30  Sur Carrera 50,Las Vegas,Urbana,
2172138,07/21/2017,8:20 a.m.,Viernes,Automovil,Publico,Conductor,Masculino,NO,Sin Registro,Solo Daños,Choque,No mantener distancia de seguridad,Calle 30  Sur Carrera 50,Las Vegas,Urbana,
2172146,07/21/2017,3:37 p.m.,Viernes,Motocicleta,Particular,Motociclista,Masculino,NO,Sin Registro,Herido,Choque,No mantener distancia de seguridad,Tramo 372 Kilometro  14,Vereda Palmas,Rural,
2172146,07/21/2017,3:37 p.m.,Viernes,Camioneta,Particular,Conductor,Masculino,NO,Sin Registro,Herido,Choque,No mantener distancia de seguridad,Tramo 372 Kilometro  14,Vereda Palmas,Rural,
2172142,07/21/2017,9:45 a.m.,Viernes,Automovil,Particular,Conductor,Masculino,NO,Sin Registro,Solo Daños,Choque,No mantener distancia de seguridad,Calle 32 A Sur Carrera 43,San Marcos,Urbana,"(6.174867987, -75.58533492)"
2172142,07/21/2017,9:45 a.m.,Viernes,Automovil,Particular,Conductor,Masculino,NO,Sin Registro,Solo Daños,Choque,No mantener distancia de seguridad,Calle 32 A Sur Carrera 43,San Marcos,Urbana,"(6.174867987, -75.58533492)"
2172151,07/21/2017,4:50 p.m.,Viernes,Automovil,Publico,Conductor,Masculino,NO,Sin Registro,Solo Daños,Choque,Impericia en el manejo,Calle 36  Sur Carrera 43 A,Zona Centro,Urbana,"(6.171868319, -75.58774823)"
2172151,07/21/2017,4:50 p.m.,Viernes,Automovil,Particular,Conductor,Femenino,NO,Sin Registro,Solo Daños,Choque,Impericia en el manejo,Calle 36  Sur Carrera 43 A,Zona Centro,Urbana,"(6.171868319, -75.58774823)"
2172136,07/21/2017,12:50 p.m.,Viernes,Motocicleta,Particular,Motociclista,Masculino,NO,Sin Registro,Solo Daños,Choque,Adelantar cerrando,Carrera 43 A Calle 23  Sur,Avenida El Poblado,Urbana,"(6.182555831, -75.58017793)"
2172136,07/21/2017,12:50 p.m.,Viernes,Camioneta,Particular,Conductor,Masculino,NO,Sin Registro,Solo Daños,Choque,Adelantar cerrando,Carrera 43 A Calle 23  Sur,Avenida El Poblado,Urbana,"(6.182555831, -75.58017793)"
2172167,07/22/2017,12:00 p.m.,Sábado,Automovil,Publico,Conductor,Masculino,NO,Sin Registro,Solo Daños,Choque,No mantener distancia de seguridad,Tramo 373 Kilometro  11,Vereda Palmas,Rural,