RADICADO,FECHA,HORA,DÍA DE LA SEMANA,CLASE DE VEHICULO,TIPO DE SERVICIO,TIPO DE VICTIMA,SEXO,ESTADO DE BEODEZ,RESULTADO DE BEODEZ,GRAVEDAD,CLASE DE ACCIDENTE,CAUSA,DIRECCIÓN,BARRIO,AREA,Coordenadas
2172167,07/22/2017,12:00 p.m.,Sábado,Camioneta,Oficial,Conductor,Masculino,NO,Sin Registro,Solo Daños,Choque,No mantener distancia de seguridad,Tramo 373 Kilometro  11,Vereda Palmas,Rural,
2172167,07/22/2017,12:00 p.m.,Sábado,Campero,Particular,Conductor,Femenino,NO,Sin Registro,Solo Daños,Choque,No mantener distancia de seguridad,Tramo 373 Kilometro  11,Vereda Palmas,Rural,
2172938,07/22/2017,4:10 p.m.,Sábado,Automovil,Particular,Conductor,Femenino,NO,Sin Registro,Solo Daños,Choque,Impericia en el manejo,Carrera 43 A Calle 39  Sur,Avenida El Poblado,Urbana,"(6.169011071, -75.5894849)"
2172938,07/22/2017,4:10 p.m.,Sábado,Camioneta,Particular,Conductor,Masculino,NO,Sin Registro,Solo Daños,Choque,Impericia en el manejo,Carrera 43 A Calle 39  Sur,Avenida El Poblado,Urbana,"(6.169011071, -75.5894849)"
2172148,07/22/2017,8:15 p.m.,Sábado,Motocicleta,Particular,Motociclista,Masculino,NO,Sin Registro,Herido,Choque,Transitar entre vehiculos,Calle 44  Sur Carrera 43 A,Las Vegas,Urbana,"(6.165598746, -75.59402113)"
2172148,07/22/2017,8:15 p.m.,Sábado,Bicicleta,Sin Registro,Ciclista,Masculino,NO,Sin Registro,Herido,Choque,Transitar entre vehiculos,Calle 44  Sur Carrera 43 A,Las Vegas,Urbana,"(6.165598746, -75.59402113)"
2172141,07/22/2017,1:40 p.m.,Sábado,Motocicleta,Particular,Motociclista,Masculino,NO,Sin Registro,Solo Daños,Choque,Otra,Carrera 40 Calle 48  Sur,El Trianon,Urbana,"(6.158744179, -75.59459712)"
2172141,07/22/2017,1:40 p.m.,Sábado,Automovil,Particular,Conductor,Femenino,NO,Sin Registro,Solo Daños,Choque,Otra,Carrera 40 Calle 48  Sur,El Trianon,Urbana,"(6.158744179, -75.59459712)"
2172154,07/22/2017,5:30 p.m.,Sábado,Motocicleta,Particular,Motociclista,Masculino,NO,Sin Registro,Solo Daños,Choque,No respetar prelacion,Tramo 373 Kilometro  11,Vereda Palmas,Rural,
2172154,07/22/2017,5:30 p.m.,Sábado,Bus,Publico,Conductor,Masculino,NO,Sin Registro,Solo Daños,Choque,No respetar prelacion,Tramo 373 Kilometro  11,Vereda Palmas,Rural,
2172144,07/22/2017,2:40 p.m.,Sábado,Automovil,Particular,Conductor,Femenino,NO,Sin Registro,Solo Daños,Choque,No mantener distancia de seguridad,Tramo 371 Kilometro  12,Vereda Palmas,Rural,
2172144,07/22/2017,2:40 p.m.,Sábado,Automovil,Particular,Conductor,Femenino,NO,Sin Registro,Solo Daños,Choque,No mantener distancia de seguridad,Tramo 371 Kilometro  12,Vereda Palmas,Rural,
2172143,07/22/2017,12:45 p.m.,Sábado,Motocicleta,Particular,Motociclista,Femenino,NO,Sin Registro,Solo Daños,Choque,Adelantar en zona prohibida,Calle 40 B Sur Carrera 27,La Mina,Urbana,"(6.157910673, -75.5815536)"
2172143,07/22/2017,12:45 p.m.,Sábado,Motocicleta,Particular,Motociclista,Masculino,NO,Sin Registro,Solo Daños,Choque,Adelantar en zona prohibida,Calle 40 B Sur Carrera 27,La Mina,Urbana,"(6.157910673, -75.5815536)"
2172156,07/22/2017,8:55 a.m.,Sábado,Automovil,Particular,Conductor,Masculino,NO,Sin Registro,Solo Daños,Choque,Desobedecer senales,Calle 40  Sur Carrera 43 A,Alcala,Urbana,"(6.167965983, -75.59024215)"
2172156,07/22/2017,8:55 a.m.,Sábado,Automovil,Particular,Conductor,Masculino,NO,Sin Registro,Solo Daños,Choque,Desobedecer senales,Calle 40  Sur Carrera 43 A,Alcala,Urbana,"(6.167965983, -75.59024215)"
2172155,07/23/2017,1:00 p.m.,Domingo,Motocicleta,Particular,Motociclista,Masculino,NO,Sin Registro,Herido,Choque,Adelantar en zona prohibida,Calle 39  Sur Carrera 27,El Chinguí,Urbana,"(6.159217585, -75.57883462)"
2172155,07/23/2017,1:00 p.m.,Domingo,Automovil,Particular,Conductor,Masculino,NO,Sin Registro,Herido,Choque,Adelantar en zona prohibida,Calle 39  Sur Carrera 27,El Chinguí,Urbana,"(6.159217585, -75.57883462)"
2172158,07/23/2017,5:00 p.m.,Domingo,Camioneta,Particular,Conductor,Masculino,NO,Sin Registro,Solo Daños,Choque,No mantener distancia de seguridad,Tramo 372 Kilometro  12,Vereda Palmas,Rural,
2172158,07/23/2017,5:00 p.m.,Domingo,Automovil,Particular,Conductor,Femenino,NO,Sin Registro,Solo Daños,Choque,No mantener distancia de seguridad,Tramo 372 Kilometro  12,Vereda Palmas,Rural,
2172152,07/23/2017,7:50 p.m.,Domingo,Campero,Particular,Conductor,Masculino,NO,Sin Registro,Herido,Choque,No respetar prelacion,Tramo 372 Kilometro  12,Vereda Palmas,Rural,
2172152,07/23/2017,7:50 p.m.,Domingo,Motocicleta,Particular,Motociclista,Masculino,NO,Sin Registro,Herido,Choque,No respetar prelacion,Tramo 372 Kilometro  12,Vereda Palmas,Rural,
2172147,07/23/2017,3:20 p.m.,Domingo,Tractocamion,Publico,Conductor,Masculino,NO,Sin Registro,Solo Daños,Choque,Reverso imprudente,Calle 29  Sur Carrera 49,Las Vegas,Urbana,
2172147,07/23/2017,3:20 p.m.,Domingo,Tractocamion,Publico,Conductor,Masculino,NO,Sin Registro,Solo Daños,Choque,Reverso imprudente,Calle 29  Sur Carrera 49,Las Vegas,Urbana,
2172160,07/23/2017,8:40 p.m.,Domingo,Automovil,Particular,Conductor,Masculino,NO,Sin Registro,Solo Daños,Choque,No mantener distancia de seguridad,Tramo 373 Kilometro  11,Vereda Palmas,Rural,
2172160,07/23/2017,8:40 p.m.,Domingo,Camioneta,Particular,Conductor,Masculino,NO,Sin Registro,Solo Daños,Choque,No mantener distancia de seguridad,Tramo 373 Kilometro  11,Vereda Palmas,Rural,
2172165,07/23/2017,3:30 p.m.,Domingo,Automovil,Particular,Conductor,Masculino,NO,Sin Registro,Solo Daños,Choque,No respetar prelacion,Diagonal 31 E Transversal 33 A Sur,Villa Grande,Urbana,"(6.173761816, -75.5789197)"
2172165,07/23/2017,3:30 p.m.,Domingo,Automovil,Publico,Conductor,Masculino,NO,Sin Registro,Solo Daños,Choque,No respetar prelacion,Diagonal 31 E Transversal 33 A Sur,Villa Grande,Urbana,"(6.173761816, -75.5789197)"
2172153,07/23/2017,5:50 a.m.,Domingo,Automovil,Particular,Conductor,Masculino,NO,Sin Registro,Solo Daños,Choque,Impericia en el manejo,Calle 40 F Sur Carrera 29 A,San Jose,Urbana,"(6.15991303, -75.5838876)"
2172153,07/23/2017,5:50 a.m.,Domingo,Motocicleta,Particular,Motociclista,Masculino,NO,Sin Registro,Solo Daños,Choque,Impericia en el manejo,Calle 40 F Sur Carrera 29 A,San Jose,Urbana,"(6.15991303, -75.5838876)"
2172163,07/24/2017,3:00 p.m.,Lunes,Automovil,Diplomatico,Conductor,Masculino,NO,Sin Registro,Solo Daños,Choque,No mantener distancia de seguridad,Carrera 42 Calle 25  Sur,Las Orquideas,Urbana,
2172163,07/24/2017,3:00 p.m.,Lunes,Camioneta,Particular,Conductor,Masculino,NO,Sin Registro,Solo Daños,Choque,No mantener distancia de seguridad,Carrera 42 Calle 25  Sur,Las Orquideas,Urbana,
2172166,07/24/2017,4:00 p.m.,Lunes,Microbus,Publico,Conductor,Masculino,NO,Sin Registro,Herido,Choque,Girar bruscamente,Transversal 34 C Sur Diagonal 32 D,Los Naranjos,Urbana,"(6.171646495, -75.58273887)"
2172166,07/24/2017,4:00 p.m.,Lunes,Motocicleta,Particular,Motociclista,Masculino,NO,Sin Registro,Herido,Choque,Girar bruscamente,Transversal 34 C Sur Diagonal 32 D,Los Naranjos,Urbana,"(6.171646495, -75.58273887)"
2172185,07/24/2017,11:00 a.m.,Lunes,Automovil,Particular,Conductor,Femenino,NO,Sin Registro,Solo Daños,Choque,No mantener distancia de seguridad,Carrera 50 Calle 48 C Sur,Las Vegas,Urbana,
2172185,07/24/2017,11:00 a.m.,Lunes,Camioneta,Publico,Conductor,Masculino,NO,Sin Registro,Solo Daños,Choque,No mantener distancia de seguridad,Carrera 50 Calle 48 C Sur,Las Vegas,Urbana,
2172159,07/24/2017,2:00 p.m.,Lunes,Automovil,Particular,Conductor,Masculino,NO,Sin Registro,Solo Daños,Choque,Impericia en el manejo,Calle 40 F Sur Carrera 29 B,San Jose,Urbana,"(6.160257642, -75.58404641)"
2172159,07/24/2017,2:00 p.m.,Lunes,Camioneta,Publico,Conductor,Masculino,NO,Sin Registro,Solo Daños,Choque,Impericia en el manejo,Calle 40 F Sur Carrera 29 B,San Jose,Urbana,"(6.160257642, -75.58404641)"
2172170,07/24/2017,12:15 p.m.,Lunes,Camion,Publico,Conductor,Masculino,NO,Sin Registro,Solo Daños,Choque,Adelantar cerrando,Carrera 50 Calle 50  Sur,Las Vegas,Urbana,
2172170,07/24/2017,12:15 p.m.,Lunes,Automovil,Publico,Conductor,Masculino,NO,Sin Registro,Solo Daños,Choque,Adelantar cerrando,Carrera 50 Calle 50  Sur,Las Vegas,Urbana,
2172162,07/24/2017,5:10 p.m.,Lunes,Automovil,Particular,Conductor,Masculino,NO,Sin Registro,Solo Daños,Choque,Desobedecer senales,Calle 37  Sur Carrera 50,Las Vegas,Urbana,
2172162,07/24/2017,5:10 p.m.,Lunes,Tractocamion,Publico,Conductor,Masculino,NO,Sin Registro,Solo Daños,Choque,Desobedecer senales,Calle 37  Sur Carrera 50,Las Vegas,Urbana,
2172186,07/24/2017,5:10 p.m.,Lunes,Automovil,Particular,Conductor,Masculino,NO,Sin Registro,Solo Daños,Choque,Adelantar en zona prohibida,Tramo 371 Kilometro  6,Vereda El Escobero,Rural,
2172186,07/24/2017,5:10 p.m.,Lunes,Motocicleta,Particular,Motociclista,Masculino,NO,Sin Registro,Solo Daños,Choque,Adelantar en zona prohibida,Tramo 371 Kilometro  6,Vereda El Escobero,Rural,
2172157,07/24/2017,6:15 p.m.,Lunes,Automovil,Particular,Conductor,Masculino,NO,Sin Registro,Herido,Choque,Semaforo en rojo,Carrera 43 A Transversal 27 A Sur,Jardines,Urbana,"(6.178993539, -75.58360591)"
2172157,07/24/2017,6:15 p.m.,Lunes,Motocicleta,Particular,Motociclista,Masculino,NO,Sin Registro,Herido,Choque,Semaforo en rojo,Carrera 43 A Transversal 27 A Sur,Jardines,Urbana,"(6.178993539, -75.58360591)"
2172168,07/24/2017,5:15 p.m.,Lunes,Bus,Publico,Conductor,Masculino,NO,Sin Registro,Solo Daños,Choque,Desobedecer senales,Carrera 42 Calle 35  Sur,Zona Centro,Urbana,"(6.171623749, -75.58604338)"
2172168,07/24/2017,5:15 p.m.,Lunes,Camioneta,Particular,Conductor,Femenino,NO,Sin Registro,Solo Daños,Choque,Desobedecer senales,Carrera 42 Calle 35  Sur,Zona Centro,Urbana,"(6.171623749, -75.58604338)"
2172164,07/24/2017,1:30 p.m.,Lunes,Bicicleta,Sin Registro,Ciclista,Masculino,NO,Sin Registro,Herido,Choque,Desobedecer senales,Carrera 48 Calle 38  Sur,Las Vegas,Urbana,"(6.172747818, -75.59269817)"
2172164,07/24/2017,1:30 p.m.,Lunes,Buseta,Publico,Conductor,Masculino,NO,Sin Registro,Herido,Choque,Desobedecer senales,Carrera 48 Calle 38  Sur,Las Vegas,Urbana,"(6.172747818, -75.59269817)"
2172161,07/24/2017,9:30 a.m.,Lunes,Camioneta,Particular,Conductor,Masculino,NO,Sin Registro,Solo Daños,Choque,Semaforo en rojo,Carrera 43 A Calle 21  Sur,Zuñiga,Urbana,"(6.183599544, -75.57940986)"
2172161,07/24/2017,9:30 a.m.,Lunes,Motocicleta,Particular,Motociclista,Masculino,NO,Sin Registro,Solo Daños,Choque,Semaforo en rojo,Carrera 43 A Calle 21  Sur,Zuñiga,Urbana,"(6.183599544, -75.57940986)"
2172173,07/25/2017,6:00 p.m.,Martes,Automovil,Particular,Conductor,Femenino,NO,Sin Registro,Solo Daños,Choque,Desobedecer senales,Carrera 32 Calle 40 E Sur,San Rafael,Urbana,"(6.163516173, -75.58306815)"
2172173,07/25/2017,6:00 p.m.,Martes,Automovil,Particular,Conductor,Masculino,NO,Sin Registro,Solo Daños,Choque,Desobedecer senales,Carrera 32 Calle 40 E Sur,San Rafael,Urbana,"(6.163516173, -75.58306815)"
2172196,07/25/2017,6:00 p.m.,Martes,Camioneta,Publico,Conductor,Masculino,NO,Sin Registro,Solo Daños,Choque,Otra,Tramo 372 Kilometro  15,Vereda Palmas,Rural,
2172196,07/25/2017,6:00 p.m.,Martes,Campero,Particular,Conductor,Femenino,NO,Sin Registro,Solo Daños,Choque,Otra,Tramo 372 Kilometro  15,Vereda Palmas,Rural,
2172182,07/25/2017,9:00 a.m.,Martes,Automovil,Particular,Conductor,Femenino,NO,Sin Registro,Solo Daños,Choque,No respetar prelacion,Carrera 23 Calle 25  Sur,El Chocho,Urbana,"(6.172945607, -75.56345168)"
2172182,07/25/2017,9:00 a.m.,Martes,Campero,Particular,Conductor,Femenino,NO,Sin Registro,Solo Daños,Choque,No respetar prelacion,Carrera 23 Calle 25  Sur,El Chocho,Urbana,"(6.172945607, -75.56345168)"
2172197,07/25/2017,11:00 a.m.,Martes,Camioneta,Diplomatico,Conductor,Masculino,NO,Sin Registro,Herido,Choque,Impericia en el manejo,Calle 41  Sur Carrera 45 F,Milan Vallejuelos,Urbana,"(6.162364197, -75.59259236)"
2172197,07/25/2017,11:00 a.m.,Martes,Motocicleta,Particular,Motociclista,Femenino,NO,Sin Registro,Herido,Choque,Impericia en el manejo,Calle 41  Sur Carrera 45 F,Milan Vallejuelos,Urbana,"(6.162364197, -75.59259236)"
2172172,07/25/2017,10:00 a.m.,Martes,Automovil,Particular,Conductor,Masculino,NO,Sin Registro,Herido,Choque,No mantener distancia de seguridad,Carrera 48 Calle 27 A Sur,Las Vegas,Urbana,"(6.181312425, -75.58688511)"
2172172,07/25/2017,10:00 a.m.,Martes,Motocicleta,Particular,Motociclista,Masculino,NO,Sin Registro,Herido,Choque,No mantener distancia de seguridad,Carrera 48 Calle 27 A Sur,Las Vegas,Urbana,"(6.181312425, -75.58688511)"
2172176,07/25/2017,3:15 p.m.,Martes,Camioneta,Particular,Conductor,Femenino,NO,Sin Registro,Solo Daños,Choque,No mantener distancia de seguridad,Calle 37  Sur Carrera 32,Los Naranjos,Urbana,"(6.166691719, -75.58118599)"
2172176,07/25/2017,3:15 p.m.,Martes,Automovil,Particular,Conductor,Masculino,NO,Sin Registro,Solo Daños,Choque,No mantener distancia de seguridad,Calle 37  Sur Carrera 32,Los Naranjos,Urbana,"(6.166691719, -75.58118599)"
2172178,07/25/2017,1:20 p.m.,Martes,Motocicleta,Particular,Motociclista,Masculino,NO,Sin Registro,Herido,Atropello,Cruzar sin observar,Carrera 40 Calle 36  Sur,Zona Centro,Urbana,"(6.17006539, -75.58502916)"
2172178,07/25/2017,1:20 p.m.,Martes,Motocicleta,Particular,Motociclista,Masculino,NO,Sin Registro,Herido,Atropello,Impericia en el manejo,Carrera 40 Calle 36  Sur,Zona Centro,Urbana,"(6.17006539, -75.58502916)"
2172175,07/25/2017,4:15 p.m.,Martes,Automovil,Particular,Conductor,Masculino,NO,Sin Registro,Solo Daños,Choque,Desobedecer senales,Calle 25 A Sur Carrera 48,Las Vegas,Urbana,"(6.185202689, -75.58358718)"
2172175,07/25/2017,4:15 p.m.,Martes,Automovil,Particular,Conductor,Masculino,NO,Sin Registro,Solo Daños,Choque,Desobedecer senales,Calle 25 A Sur Carrera 48,Las Vegas,Urbana,"(6.185202689, -75.58358718)"
2172181,07/25/2017,9:20 a.m.,Martes,Automovil,Particular,Conductor,Femenino,NO,Sin Registro,Solo Daños,Choque,No mantener distancia de seguridad,Carrera 50 Calle 46 A Sur,Las Vegas,Urbana,"(6.16131219, -75.60319818)"
2172181,07/25/2017,9:20 a.m.,Martes,Motocicleta,Particular,Motociclista,Masculino,NO,Sin Registro,Solo Daños,Choque,No mantener distancia de seguridad,Carrera 50 Calle 46 A Sur,Las Vegas,Urbana,"(6.16131219, -75.60319818)"
2172181,07/25/2017,9:20 a.m.,Martes,Camion,Publico,Conductor,Masculino,NO,Sin Registro,Solo Daños,Choque,No mantener distancia de seguridad,Carrera 50 Calle 46 A Sur,Las Vegas,Urbana,"(6.16131219, -75.60319818)"
2172181,07/25/2017,9:20 a.m.,Martes,Camioneta,Publico,Conductor,Masculino,NO,Sin Registro,Solo Daños,Choque,No mantener distancia de seguridad,Carrera 50 Calle 46 A Sur,Las Vegas,Urbana,"(6.16131219, -75.60319818)"
2172171,07/25/2017,3:30 p.m.,Martes,Automovil,Publico,Conductor,Masculino,NO,Sin Registro,Solo Daños,Choque,Adelantar cerrando,Carrera 48 Calle 32 B Sur,Las Vegas,Urbana,"(6.176994311, -75.58984119)"
2172171,07/25/2017,3:30 p.m.,Martes,Camioneta,Particular,Conductor,Masculino,NO,Sin Registro,Solo Daños,Choque,Adelantar cerrando,Carrera 48 Calle 32 B Sur,Las Vegas,Urbana,"(6.176994311, -75.58984119)"
2172180,07/25/2017,6:50 a.m.,Martes,Motocicleta,Particular,Motociclista,Femenino,NO,Sin Registro,Herido,Choque,No mantener distancia de seguridad,Carrera 48 Calle 39 A Sur,Las Vegas,Urbana,"(6.17097263, -75.59431326)"
2172180,07/25/2017,6:50 a.m.,Martes,Motocicleta,Particular,Motociclista,Masculino,NO,Sin Registro,Herido,Choque,No mantener distancia de seguridad,Carrera 48 Calle 39 A Sur,Las Vegas,Urbana,"(6.17097263, -75.59431326)"
2172177,07/25/2017,11:40 a.m.,Martes,Automovil,Publico,Conductor,Masculino,NO,Sin Registro,Solo Daños,Choque,No mantener distancia de seguridad,Calle 40 F Sur Carrera 32 B,San Rafael,Urbana,"(6.162643008, -75.58590704)"
2172177,07/25/2017,11:40 a.m.,Martes,Automovil,Particular,Conductor,Masculino,NO,Sin Registro,Solo Daños,Choque,No mantener distancia de seguridad,Calle 40 F Sur Carrera 32 B,San Rafael,Urbana,"(6.162643008, -75.58590704)"
2172184,07/25/2017,10:50 a.m.,Martes,Automovil,Particular,Conductor,Masculino,NO,Sin Registro,Solo Daños,Choque,No mantener distancia de seguridad,Calle 38  Sur Carrera 31,Mesa,Urbana,"(6.165577674, -75.58112182)"
2172187,07/25/2017,2:50 p.m.,Martes,Automovil,Particular,Conductor,Femenino,NO,Sin Registro,Herido,Choque,Girar bruscamente,Transversal 32 A Sur Diagonal 32,La Magnolia,Urbana,"(6.175680905, -75.58257581)"
2172184,07/25/2017,10:50 a.m.,Martes,Automovil,Particular,Conductor,Masculino,NO,Sin Registro,Solo Daños,Choque,No mantener distancia de seguridad,Calle 38  Sur Carrera 31,Mesa,Urbana,"(6.165577674, -75.58112182)"
2172187,07/25/2017,2:50 p.m.,Martes,Motocicleta,Particular,Motociclista,Femenino,NO,Sin Registro,Herido,Choque,Girar bruscamente,Transversal 32 A Sur Diagonal 32,La Magnolia,Urbana,"(6.175680905, -75.58257581)"
2172174,07/25/2017,11:15 p.m.,Martes,Camioneta,Particular,Conductor,Masculino,NO,Sin Registro,Solo Daños,Choque,Poner en marcha un vehiculo sin precauci,Carrera 48 Calle 26  Sur,Las Vegas,Urbana,"(6.183318111, -75.58553718)"
2172174,07/25/2017,11:15 p.m.,Martes,Automovil,Particular,Conductor,Masculino,NO,Sin Registro,Solo Daños,Choque,Poner en marcha un vehiculo sin precauci,Carrera 48 Calle 26  Sur,Las Vegas,Urbana,"(6.183318111, -75.58553718)"
2172194,07/26/2017,3:00 p.m.,Miércoles,Bus,Publico,Conductor,Masculino,NO,Sin Registro,Solo Daños,Choque,No mantener distancia de seguridad,Calle 38  Sur Carrera 43 A,Zona Centro,Urbana,"(6.170537577, -75.58862514)"
2172194,07/26/2017,3:00 p.m.,Miércoles,Microbus,Publico,Conductor,Masculino,NO,Sin Registro,Solo Daños,Choque,No mantener distancia de seguridad,Calle 38  Sur Carrera 43 A,Zona Centro,Urbana,"(6.170537577, -75.58862514)"
2172195,07/26/2017,4:09 p.m.,Miércoles,Automovil,Particular,Conductor,Masculino,NO,Sin Registro,Solo Daños,Choque,No mantener distancia de seguridad,Calle 25  Sur Carrera 43 A,Las Orquideas,Urbana,"(6.181560189, -75.58201649)"
2172195,07/26/2017,4:09 p.m.,Miércoles,Automovil,Particular,Conductor,Masculino,NO,Sin Registro,Solo Daños,Choque,No mantener distancia de seguridad,Calle 25  Sur Carrera 43 A,Las Orquideas,Urbana,"(6.181560189, -75.58201649)"
2172179,07/26/2017,2:40 p.m.,Miércoles,Sin Registro,Publico,Conductor,Masculino,NO,Sin Registro,Herido,Choque,Transitar entre vehiculos,Carrera 50 Calle 26  Sur,Las Vegas,Urbana,"(6.184812544, -75.58691109)"
2172179,07/26/2017,2:40 p.m.,Miércoles,Motocicleta,Diplomatico,Motociclista,Masculino,NO,Sin Registro,Herido,Choque,Transitar entre vehiculos,Carrera 50 Calle 26  Sur,Las Vegas,Urbana,"(6.184812544, -75.58691109)"
2172179,07/26/2017,2:40 p.m.,Miércoles,Motocicleta,Particular,Motociclista,Femenino,NO,Sin Registro,Herido,Choque,Transitar entre vehiculos,Carrera 50 Calle 26  Sur,Las Vegas,Urbana,"(6.184812544, -75.58691109)"
2172183,07/26/2017,7:50 a.m.,Miércoles,Automovil,Particular,Conductor,Masculino,NO,Sin Registro,Solo Daños,Choque,No mantener distancia de seguridad,Carrera 27 Calle 36 A Sur,La Inmaculada,Urbana,"(6.164865303, -75.56975908)"
2172183,07/26/2017,7:50 a.m.,Miércoles,Camioneta,Particular,Conductor,Femenino,NO,Sin Registro,Solo Daños,Choque,No mantener distancia de seguridad,Carrera 27 Calle 36 A Sur,La Inmaculada,Urbana,"(6.164865303, -75.56975908)"
2172211,07/26/2017,11:20 p.m.,Miércoles,Automovil,Particular,Conductor,Femenino,NO,Sin Registro,Solo Daños,Choque,Semaforo en rojo,Calle 45  Sur Carrera 42 B,La Paz,Urbana,"(6.163744297, -75.59313788)"
2172211,07/26/2017,11:20 p.m.,Miércoles,Bicicleta,Sin Registro,Ciclista,Masculino,NO,Sin Registro,Solo Daños,Choque,Semaforo en rojo,Calle 45  Sur Carrera 42 B,La Paz,Urbana,"(6.163744297, -75.59313788)"
2172189,07/27/2017,1:00 p.m.,Jueves,Automovil,Particular,Conductor,Masculino,NO,Sin Registro,Solo Daños,Choque,Poner en marcha un vehiculo sin precauci,Calle 31  Sur Carrera 43 A,Jardines,Urbana,"(6.176823564, -75.58539215)"
2172189,07/27/2017,1:00 p.m.,Jueves,Automovil,Particular,Conductor,Femenino,NO,Sin Registro,Solo Daños,Choque,Poner en marcha un vehiculo sin precauci,Calle 31  Sur Carrera 43 A,Jardines,Urbana,"(6.176823564, -75.58539215)"
2172192,07/27/2017,1:00 p.m.,Jueves,Automovil,Particular,Conductor,Masculino,NO,Sin Registro,Solo Daños,Choque,Girar bruscamente,Diagonal 32 Transversal 34 B Sur,Los Naranjos,Urbana,"(6.172622284, -75.58133817)"
2172192,07/27/2017,1:00 p.m.,Jueves,Motocicleta,Particular,Motociclista,Masculino,NO,Sin Registro,Solo Daños,Choque,Girar bruscamente,Diagonal 32 Transversal 34 B Sur,Los Naranjos,Urbana,"(6.172622284, -75.58133817)"
2172206,07/27/2017,6:00 p.m.,Jueves,Campero,Particular,Conductor,Masculino,NO,Sin Registro,Solo Daños,Choque,No mantener distancia de seguridad,Carrera 32 Calle 38  Sur,Mesa,Urbana,"(6.165895782, -75.58156385)"
2172206,07/27/2017,6:00 p.m.,Jueves,Camioneta,Particular,Conductor,Femenino,NO,Sin Registro,Solo Daños,Choque,No mantener distancia de seguridad,Carrera 32 Calle 38  Sur,Mesa,Urbana,"(6.165895782, -75.58156385)"
2172227,07/27/2017,2:00 p.m.,Jueves,Automovil,Particular,Conductor,Femenino,NO,Sin Registro,Solo Daños,Choque,No mantener distancia de seguridad,Calle 39  Sur Carrera 27,El Chinguí,Urbana,"(6.159217585, -75.57883462)"
2172227,07/27/2017,2:00 p.m.,Jueves,Motocicleta,Particular,Motociclista,Masculino,NO,Sin Registro,Solo Daños,Choque,No mantener distancia de seguridad,Calle 39  Sur Carrera 27,El Chinguí,Urbana,"(6.159217585, -75.57883462)"
2172193,07/27/2017,6:30 a.m.,Jueves,Automovil,Particular,Conductor,Masculino,NO,Sin Registro,Solo Daños,Choque,No mantener distancia de seguridad,Carrera 48 Calle 34  Sur,Las Vegas,Urbana,"(6.175414344, -75.59078218)"
2172193,07/27/2017,6:30 a.m.,Jueves,Automovil,Particular,Conductor,Masculino,NO,Sin Registro,Solo Daños,Choque,No mantener distancia de seguridad,Carrera 48 Calle 34  Sur,Las Vegas,Urbana,"(6.175414344, -75.59078218)"
2172190,07/27/2017,7:20 a.m.,Jueves,Automovil,Particular,Conductor,Femenino,NO,Sin Registro,Herido,Choque,Transitar entre vehiculos,Carrera 50 Calle 25 A Sur,Las Vegas,Urbana,"(6.186515998, -75.58512541)"
2172190,07/27/2017,7:20 a.m.,Jueves,Motocicleta,Particular,Motociclista,Masculino,NO,Sin Registro,Herido,Choque,Transitar entre vehiculos,Carrera 50 Calle 25 A Sur,Las Vegas,Urbana,"(6.186515998, -75.58512541)"
2172188,07/27/2017,2:30 p.m.,Jueves,Bus,Publico,Conductor,Masculino,NO,Sin Registro,Muerto,Choque,Transitar entre vehiculos,Carrera 50 Calle 25 A Sur,Las Vegas,Urbana,"(6.186515998, -75.58512541)"
2172188,07/27/2017,2:30 p.m.,Jueves,Motocicleta,Particular,Motociclista,Masculino,NO,Sin Registro,Muerto,Choque,Transitar entre vehiculos,Carrera 50 Calle 25 A Sur,Las Vegas,Urbana,"(6.186515998, -75.58512541)"
2172188,07/27/2017,2:30 p.m.,Jueves,Camion,Publico,Conductor,Masculino,NO,Sin Registro,Muerto,Choque,Transitar entre vehiculos,Carrera 50 Calle 25 A Sur,Las Vegas,Urbana,"(6.186515998, -75.58512541)"
2172199,07/27/2017,10:40 a.m.,Jueves,Motocicleta,Particular,Motociclista,Masculino,NO,Sin Registro,Solo Daños,Choque,Semaforo en rojo,Carrera 48 Calle 32 B Sur,El Portal,Urbana,"(6.176994311, -75.58984119)"
2172199,07/27/2017,10:40 a.m.,Jueves,Camioneta,Particular,Conductor,Femenino,NO,Sin Registro,Solo Daños,Choque,Semaforo en rojo,Carrera 48 Calle 32 B Sur,El Portal,Urbana,"(6.176994311, -75.58984119)"
2172191,07/27/2017,9:50 a.m.,Jueves,Automovil,Particular,Conductor,Femenino,NO,Sin Registro,Solo Daños,Choque,No mantener distancia de seguridad,Carrera 48 Calle 40  Sur,Las Vegas,Urbana,"(6.168855316, -75.59688767)"
2172191,07/27/2017,9:50 a.m.,Jueves,Motocicleta,Particular,Motociclista,Masculino,NO,Sin Registro,Solo Daños,Choque,No mantener distancia de seguridad,Carrera 48 Calle 40  Sur,Las Vegas,Urbana,"(6.168855316, -75.59688767)"
2172225,07/28/2017,1:00 p.m.,Viernes,Automovil,Particular,Conductor,Femenino,NO,Sin Registro,Solo Daños,Choque,No mantener distancia de seguridad,Carrera 42 B Calle 45 A Sur,La Paz,Urbana,"(6.163379327, -75.59341476)"
2172225,07/28/2017,1:00 p.m.,Viernes,Campero,Diplomatico,Conductor,Femenino,NO,Sin Registro,Solo Daños,Choque,No mantener distancia de seguridad,Carrera 42 B Calle 45 A Sur,La Paz,Urbana,"(6.163379327, -75.59341476)"