RADICADO,FECHA,HORA,DÍA DE LA SEMANA,CLASE DE VEHICULO,TIPO DE SERVICIO,TIPO DE VICTIMA,SEXO,ESTADO DE BEODEZ,RESULTADO DE BEODEZ,GRAVEDAD,CLASE DE ACCIDENTE,CAUSA,DIRECCIÓN,BARRIO,AREA,Coordenadas
2172240,07/28/2017,7:00 a.m.,Viernes,Automovil,Particular,Conductor,Femenino,NO,Sin Registro,Herido,Atropello,Poner en marcha un vehiculo sin precauci,Carrera 46 Calle 38 A Sur,Alcala,Urbana,"(6.171334283, -75.59153586)"
2172205,07/28/2017,4:00 p.m.,Viernes,Automovil,Publico,Conductor,Masculino,NO,Sin Registro,Solo Daños,Choque,Desobedecer senales,Carrera 41 AA Calle 21  Sur,Zuñiga,Urbana,"(6.158256501, -75.58439426)"
2172205,07/28/2017,4:00 p.m.,Viernes,Automovil,Particular,Conductor,Femenino,NO,Sin Registro,Solo Daños,Choque,Desobedecer senales,Carrera 41 AA Calle 21  Sur,Zuñiga,Urbana,"(6.158256501, -75.58439426)"
2172220,07/28/2017,7:10 p.m.,Viernes,Motocicleta,Oficial,Motociclista,Masculino,NO,Sin Registro,Herido,Caida Ocupante,Impericia en el manejo,Calle 37  Sur Carrera 28,La Magnolia,Urbana,"(6.165679454, -75.57834042)"
2172243,07/28/2017,2:00 p.m.,Viernes,Automovil,Particular,Conductor,Masculino,NO,Sin Registro,Solo Daños,Choque,Impericia en el manejo,Calle 45 C Sur Carrera 46 A,Primavera,Urbana,"(6.164965043, -75.59640003)"
2172243,07/28/2017,2:00 p.m.,Viernes,Camion,Publico,Conductor,Masculino,NO,Sin Registro,Solo Daños,Choque,Impericia en el manejo,Calle 45 C Sur Carrera 46 A,Primavera,Urbana,"(6.164965043, -75.59640003)"
2172210,07/28/2017,7:10 a.m.,Viernes,Automovil,Particular,Conductor,Masculino,NO,Sin Registro,Solo Daños,Choque,Adelantar cerrando,Tramo 372 Kilometro  17,Vereda Palmas,Rural,
2172210,07/28/2017,7:10 a.m.,Viernes,Campero,Particular,Conductor,Femenino,NO,Sin Registro,Solo Daños,Choque,Adelantar cerrando,Tramo 372 Kilometro  17,Vereda Palmas,Rural,
2172237,07/28/2017,7:10 a.m.,Viernes,Campero,Publico,Conductor,Masculino,NO,Sin Registro,Herido,Choque,No mantener distancia de seguridad,Carrera 41 Calle 38  Sur,Zona Centro,Urbana,"(6.169124429, -75.58656013)"
2172237,07/28/2017,7:10 a.m.,Viernes,Motocicleta,Particular,Motociclista,Femenino,NO,Sin Registro,Herido,Choque,No mantener distancia de seguridad,Carrera 41 Calle 38  Sur,Zona Centro,Urbana,"(6.169124429, -75.58656013)"
2172237,07/28/2017,7:10 a.m.,Viernes,Motocicleta,Particular,Motociclista,Masculino,NO,Sin Registro,Herido,Choque,No mantener distancia de seguridad,Carrera 41 Calle 38  Sur,Zona Centro,Urbana,"(6.169124429, -75.58656013)"
2172201,07/28/2017,4:20 a.m.,Viernes,Camioneta,Publico,Conductor,Masculino,NO,Sin Registro,Herido,Choque,Exceso de velocidad,Tramo 373 Kilometro  8,Vereda Palmas,Rural,
2172201,07/28/2017,4:20 a.m.,Viernes,Motocicleta,Particular,Motociclista,Masculino,NO,Sin Registro,Herido,Choque,Exceso de velocidad,Tramo 373 Kilometro  8,Vereda Palmas,Rural,
2172253,07/28/2017,5:10 p.m.,Viernes,Automovil,Particular,Conductor,Femenino,NO,Sin Registro,Solo Daños,Choque,No mantener distancia de seguridad,Carrera 43 A Calle 50 D Sur,Avenida El Poblado,Urbana,"(6.160125495, -75.60207899)"
2172253,07/28/2017,5:10 p.m.,Viernes,Automovil,Publico,Conductor,Masculino,NO,Sin Registro,Solo Daños,Choque,No mantener distancia de seguridad,Carrera 43 A Calle 50 D Sur,Avenida El Poblado,Urbana,"(6.160125495, -75.60207899)"
2172216,07/28/2017,8:35 p.m.,Viernes,Automovil,Particular,Conductor,Masculino,NO,Sin Registro,Solo Daños,Choque,No mantener distancia de seguridad,Calle 37  Sur Carrera 50,Las Vegas,Urbana,
2172216,07/28/2017,8:35 p.m.,Viernes,Automovil,Particular,Conductor,Femenino,NO,Sin Registro,Solo Daños,Choque,No mantener distancia de seguridad,Calle 37  Sur Carrera 50,Las Vegas,Urbana,
2172221,07/28/2017,5:20 p.m.,Viernes,Motocicleta,Particular,Motociclista,Masculino,NO,Sin Registro,Solo Daños,Choque,Adelantar por la derecha,Carrera 29 B Calle 39  Sur,San Jose,Urbana,"(6.163948121, -75.58115546)"
2172221,07/28/2017,5:20 p.m.,Viernes,Automovil,Particular,Conductor,Masculino,NO,Sin Registro,Solo Daños,Choque,Adelantar por la derecha,Carrera 29 B Calle 39  Sur,San Jose,Urbana,"(6.163948121, -75.58115546)"
2172213,07/28/2017,5:30 p.m.,Viernes,Motocicleta,Particular,Motociclista,Masculino,NO,Sin Registro,Herido,Caida Ocupante,Impericia en el manejo,Carrera 50 Calle 19  Sur,Las Vegas,Urbana,
2172209,07/28/2017,9:30 p.m.,Viernes,Automovil,Particular,Conductor,Femenino,NO,Sin Registro,Herido,Choque,Semaforo en rojo,Carrera 35 Calle 37  Sur,Mesa,Urbana,"(6.167581073, -75.58268856)"
2172209,07/28/2017,9:30 p.m.,Viernes,Motocicleta,Particular,Motociclista,Masculino,NO,Sin Registro,Herido,Choque,Semaforo en rojo,Carrera 35 Calle 37  Sur,Mesa,Urbana,"(6.167581073, -75.58268856)"
2172223,07/28/2017,12:40 p.m.,Viernes,Bus,Publico,Conductor,Masculino,NO,Sin Registro,Solo Daños,Choque,No mantener distancia de seguridad,Calle 37  Sur Carrera 29,Vereda El Escobero,Urbana,"(6.165886877, -75.57955099)"
2172223,07/28/2017,12:40 p.m.,Viernes,Campero,Particular,Conductor,Masculino,NO,Sin Registro,Solo Daños,Choque,No mantener distancia de seguridad,Calle 37  Sur Carrera 29,Vereda El Escobero,Urbana,"(6.165886877, -75.57955099)"
2172222,07/28/2017,7:50 a.m.,Viernes,Motocicleta,Particular,Motociclista,Masculino,NO,Sin Registro,Herido,Choque,Transitar entre vehiculos,Calle 38  Sur Carrera 42,Zona Centro,Urbana,"(6.16961293, -75.58738469)"
2172222,07/28/2017,7:50 a.m.,Viernes,Motocicleta,Particular,Motociclista,Masculino,NO,Sin Registro,Herido,Choque,Transitar entre vehiculos,Calle 38  Sur Carrera 42,Zona Centro,Urbana,"(6.16961293, -75.58738469)"
2172939,07/28/2017,10:52 a.m.,Viernes,Motocicleta,Particular,Motociclista,Masculino,NO,Sin Registro,Herido,Choque,Impericia en el manejo,Calle 38  Sur Carrera 47 A,Alcala,Urbana,"(6.172609491, -75.59229961)"
2172939,07/28/2017,10:52 a.m.,Viernes,Automovil,Particular,Conductor,Masculino,NO,Sin Registro,Herido,Choque,Impericia en el manejo,Calle 38  Sur Carrera 47 A,Alcala,Urbana,"(6.172609491, -75.59229961)"
2172204,07/28/2017,11:30 p.m.,Viernes,Automovil,Particular,Conductor,Femenino,NO,Sin Registro,Herido,Atropello,Exceso de velocidad,Diagonal 30 Transversal 35 D Sur,La Sebastiana,Urbana,"(6.16965492, -75.57852929)"
2172204,07/28/2017,11:30 p.m.,Viernes,Automovil,Particular,Conductor,Femenino,NO,Sin Registro,Herido,Atropello,Jugar en la via,Diagonal 30 Transversal 35 D Sur,La Sebastiana,Urbana,"(6.16965492, -75.57852929)"
2172228,07/29/2017,7:20 p.m.,Sábado,Automovil,Particular,Conductor,Masculino,NO,Sin Registro,Solo Daños,Choque,No mantener distancia de seguridad,Tramo 373 Kilometro  8,Vereda Palmas,Rural,
2172228,07/29/2017,7:20 p.m.,Sábado,Automovil,Particular,Conductor,Masculino,NO,Sin Registro,Solo Daños,Choque,No mantener distancia de seguridad,Tramo 373 Kilometro  8,Vereda Palmas,Rural,
2172241,07/29/2017,7:30 p.m.,Sábado,Camioneta,Diplomatico,Conductor,Masculino,NO,Sin Registro,Herido,Choque,Desobedecer senales,Calle 39  Sur Carrera 27 B,El Chinguí,Urbana,"(6.159217585, -75.57883462)"
2172241,07/29/2017,7:30 p.m.,Sábado,Motocicleta,Particular,Motociclista,Femenino,NO,Sin Registro,Herido,Choque,Desobedecer senales,Calle 39  Sur Carrera 27 B,El Chinguí,Urbana,"(6.159217585, -75.57883462)"
2172198,07/29/2017,1:15 p.m.,Sábado,Camion,Publico,Conductor,Masculino,NO,Sin Registro,Solo Daños,Choque,Reverso imprudente,Carrera 48 Calle 42 CC Sur,Loma Del Barro,Urbana,"(6.168721442, -75.59684276)"
2172198,07/29/2017,1:15 p.m.,Sábado,Camion,Publico,Conductor,Masculino,NO,Sin Registro,Solo Daños,Choque,Reverso imprudente,Carrera 48 Calle 42 CC Sur,Loma Del Barro,Urbana,"(6.168721442, -75.59684276)"
2172202,07/29/2017,8:00 p.m.,Sábado,Automovil,Publico,Conductor,Masculino,NO,Sin Registro,Solo Daños,Choque,No mantener distancia de seguridad,Calle 50  Sur Carrera 46,Las Vegas,Urbana,"(6.16131219, -75.60319818)"
2172202,07/29/2017,8:00 p.m.,Sábado,Motocicleta,Particular,Motociclista,Masculino,NO,Sin Registro,Solo Daños,Choque,No mantener distancia de seguridad,Calle 50  Sur Carrera 46,Las Vegas,Urbana,"(6.16131219, -75.60319818)"
2172208,07/29/2017,8:20 p.m.,Sábado,Motocicleta,Particular,Motociclista,Masculino,NO,Sin Registro,Solo Daños,Choque,Otra,Calle 38  Sur Carrera 34,Mesa,Urbana,"(6.166700674, -75.58264033)"
2172208,07/29/2017,8:20 p.m.,Sábado,Automovil,Particular,Conductor,Masculino,NO,Sin Registro,Solo Daños,Choque,Otra,Calle 38  Sur Carrera 34,Mesa,Urbana,"(6.166700674, -75.58264033)"
2172212,07/29/2017,10:20 a.m.,Sábado,Campero,Particular,Conductor,Femenino,NO,Sin Registro,Solo Daños,Choque,No mantener distancia de seguridad,Calle 37  Sur Carrera 50 A,Las Vegas,Urbana,
2172212,07/29/2017,10:20 a.m.,Sábado,Camion,Particular,Conductor,Masculino,NO,Sin Registro,Solo Daños,Choque,No mantener distancia de seguridad,Calle 37  Sur Carrera 50 A,Las Vegas,Urbana,
2172215,07/29/2017,12:30 p.m.,Sábado,Automovil,Particular,Conductor,Femenino,NO,Sin Registro,Solo Daños,Choque,Adelantar en zona prohibida,Carrera 27 Calle 36  Sur,La Inmaculada,Urbana,"(6.167009975, -75.56927808)"
2172215,07/29/2017,12:30 p.m.,Sábado,Motocicleta,Particular,Motociclista,Femenino,NO,Sin Registro,Solo Daños,Choque,Adelantar en zona prohibida,Carrera 27 Calle 36  Sur,La Inmaculada,Urbana,"(6.167009975, -75.56927808)"
2172218,07/29/2017,11:40 a.m.,Sábado,Automovil,Particular,Conductor,Masculino,NO,Sin Registro,Solo Daños,Choque,Estacionar sin seguridad,Calle 25 AA Sur Carrera 48,Las Vegas,Urbana,"(6.18405129, -75.58478383)"
2172218,07/29/2017,11:40 a.m.,Sábado,Camioneta,Publico,Conductor,Masculino,NO,Sin Registro,Solo Daños,Choque,Estacionar sin seguridad,Calle 25 AA Sur Carrera 48,Las Vegas,Urbana,"(6.18405129, -75.58478383)"
2172239,07/29/2017,12:40 p.m.,Sábado,Automovil,Particular,Conductor,Masculino,NO,Sin Registro,Solo Daños,Choque,No mantener distancia de seguridad,Calle 39 B Sur Carrera 25,El Salado,Urbana,"(6.154772856, -75.57488615)"
2172239,07/29/2017,12:40 p.m.,Sábado,Automovil,Publico,Conductor,Masculino,NO,Sin Registro,Solo Daños,Choque,No mantener distancia de seguridad,Calle 39 B Sur Carrera 25,El Salado,Urbana,"(6.154772856, -75.57488615)"
2172242,07/29/2017,12:50 p.m.,Sábado,Bicicleta,Sin Registro,Ciclista,Masculino,NO,Sin Registro,Herido,Atropello,No respetar prelacion,Calle 21  Sur Carrera 41,Zuñiga,Urbana,"(6.182165945, -75.57677668)"
2172219,07/29/2017,2:53 p.m.,Sábado,Motocicleta,Particular,Motociclista,Masculino,NO,Sin Registro,Herido,Choque,Adelantar en zona prohibida,Calle 36 D Sur Carrera 27,Vereda El Escobero,Urbana,"(6.162479576, -75.57022257)"
2172219,07/29/2017,2:53 p.m.,Sábado,Camioneta,Particular,Conductor,Masculino,NO,Sin Registro,Herido,Choque,Adelantar en zona prohibida,Calle 36 D Sur Carrera 27,Vereda El Escobero,Urbana,"(6.162479576, -75.57022257)"
2172207,07/30/2017,6:00 p.m.,Domingo,Motocicleta,Particular,Motociclista,Masculino,NO,Sin Registro,Herido,Caida Ocupante,Impericia en el manejo,Calle 36  Sur Carrera 50,Las Vegas,Urbana,
2172203,07/30/2017,2:00 p.m.,Domingo,Camioneta,Particular,Conductor,Femenino,NO,Sin Registro,Solo Daños,Choque,Desobedecer senales,Calle 37  Sur Diagonal 31,La Magnolia,Urbana,"(6.166120684, -75.58074061)"
2172203,07/30/2017,2:00 p.m.,Domingo,Automovil,Publico,Conductor,Masculino,NO,Sin Registro,Solo Daños,Choque,Desobedecer senales,Calle 37  Sur Diagonal 31,La Magnolia,Urbana,"(6.166120684, -75.58074061)"
2172238,07/30/2017,10:00 a.m.,Domingo,Automovil,Publico,Conductor,Masculino,NO,Sin Registro,Herido,Choque,Desobedecer senales,Carrera 39 Calle 37  Sur,Zona Centro,Urbana,"(6.16891714, -75.58481873)"
2172238,07/30/2017,10:00 a.m.,Domingo,Motocicleta,Particular,Motociclista,Masculino,NO,Sin Registro,Herido,Choque,Desobedecer senales,Carrera 39 Calle 37  Sur,Zona Centro,Urbana,"(6.16891714, -75.58481873)"
2172217,07/30/2017,9:10 a.m.,Domingo,Bus,Publico,Conductor,Masculino,NO,Sin Registro,Solo Daños,Choque,Adelantar cerrando,Carrera 32 Calle 39 B Sur,San Jose,Urbana,"(6.163798053, -75.58289727)"
2172217,07/30/2017,9:10 a.m.,Domingo,Automovil,Particular,Conductor,Masculino,NO,Sin Registro,Solo Daños,Choque,Adelantar cerrando,Carrera 32 Calle 39 B Sur,San Jose,Urbana,"(6.163798053, -75.58289727)"
2172229,07/30/2017,1:15 p.m.,Domingo,Motocicleta,Particular,Motociclista,Masculino,NO,Sin Registro,Solo Daños,Choque,Transitar entre vehiculos,Calle 37  Sur Carrera 48,Las Vegas,Urbana,"(6.17412211, -75.59306111)"
2172229,07/30/2017,1:15 p.m.,Domingo,Automovil,Particular,Conductor,Femenino,NO,Sin Registro,Solo Daños,Choque,Transitar entre vehiculos,Calle 37  Sur Carrera 48,Las Vegas,Urbana,"(6.17412211, -75.59306111)"
2172214,07/30/2017,5:10 p.m.,Domingo,Automovil,Publico,Conductor,Masculino,NO,Sin Registro,Solo Daños,Choque,Desobedecer senales,Transversal 34 A Sur Diagonal 33,Obrero,Urbana,"(6.172257269, -75.58375627)"
2172214,07/30/2017,5:10 p.m.,Domingo,Automovil,Particular,Conductor,Masculino,NO,Sin Registro,Solo Daños,Choque,Desobedecer senales,Transversal 34 A Sur Diagonal 33,Obrero,Urbana,"(6.172257269, -75.58375627)"
2172226,07/30/2017,5:25 p.m.,Domingo,Automovil,Particular,Conductor,Masculino,NO,Sin Registro,Solo Daños,Choque,No mantener distancia de seguridad,Tramo 373 Kilometro  10,Vereda Palmas,Rural,
2172226,07/30/2017,5:25 p.m.,Domingo,Automovil,Publico,Conductor,Masculino,NO,Sin Registro,Solo Daños,Choque,No mantener distancia de seguridad,Tramo 373 Kilometro  10,Vereda Palmas,Rural,
2172200,07/30/2017,4:55 a.m.,Domingo,Automovil,Particular,Conductor,Masculino,NO,Sin Registro,Solo Daños,Choque,Semaforo en rojo,Calle 39  Sur Carrera 40,Mesa,Urbana,"(6.167409609, -75.58672098)"
2172200,07/30/2017,4:55 a.m.,Domingo,Motocicleta,Particular,Motociclista,Masculino,NO,Sin Registro,Solo Daños,Choque,Embriaguez o droga,Calle 39  Sur Carrera 40,Mesa,Urbana,"(6.167409609, -75.58672098)"
2172200,07/30/2017,4:55 a.m.,Domingo,Motocicleta,Particular,Motociclista,Masculino,NO,Sin Registro,Solo Daños,Choque,Semaforo en rojo,Calle 39  Sur Carrera 40,Mesa,Urbana,"(6.167409609, -75.58672098)"
2172200,07/30/2017,4:55 a.m.,Domingo,Automovil,Particular,Conductor,Masculino,NO,Sin Registro,Solo Daños,Choque,Embriaguez o droga,Calle 39  Sur Carrera 40,Mesa,Urbana,"(6.167409609, -75.58672098)"
2172259,07/31/2017,7:00 p.m.,Lunes,Camioneta,Publico,Conductor,Masculino,NO,Sin Registro,Solo Daños,Choque,Carga sobresaliente sin senales,Calle 46  Sur Carrera 46 A,Primavera,Urbana,"(6.164633401, -75.59668961)"
2172259,07/31/2017,7:00 p.m.,Lunes,Camioneta,Publico,Conductor,Masculino,NO,Sin Registro,Solo Daños,Choque,Poner en marcha un vehiculo sin precauci,Calle 46  Sur Carrera 46 A,Primavera,Urbana,"(6.164633401, -75.59668961)"
2172259,07/31/2017,7:00 p.m.,Lunes,Camioneta,Publico,Conductor,Masculino,NO,Sin Registro,Solo Daños,Choque,Carga sobresaliente sin senales,Calle 46  Sur Carrera 46 A,Primavera,Urbana,"(6.164633401, -75.59668961)"
2172259,07/31/2017,7:00 p.m.,Lunes,Camioneta,Publico,Conductor,Masculino,NO,Sin Registro,Solo Daños,Choque,Poner en marcha un vehiculo sin precauci,Calle 46  Sur Carrera 46 A,Primavera,Urbana,"(6.164633401, -75.59668961)"
2172254,07/31/2017,4:00 p.m.,Lunes,Bus,Publico,Conductor,Masculino,NO,Sin Registro,Solo Daños,Choque,Adelantar invadiendo carril del mismo sentido en zigzag,Calle 38 A Sur Carrera 37,Mesa,Urbana,"(6.167015309, -75.58462069)"
2172254,07/31/2017,4:00 p.m.,Lunes,Automovil,Particular,Conductor,Masculino,NO,Sin Registro,Solo Daños,Choque,Adelantar invadiendo carril del mismo sentido en zigzag,Calle 38 A Sur Carrera 37,Mesa,Urbana,"(6.167015309, -75.58462069)"
2172230,07/31/2017,10:05 a.m.,Lunes,Camion,Publico,Conductor,Masculino,NO,Sin Registro,Solo Daños,Choque,Reverso imprudente,Calle 25 AA Sur Carrera 48,Las Vegas,Urbana,"(6.18405129, -75.58478383)"
2172230,07/31/2017,10:05 a.m.,Lunes,Automovil,Particular,Conductor,Masculino,NO,Sin Registro,Solo Daños,Choque,Reverso imprudente,Calle 25 AA Sur Carrera 48,Las Vegas,Urbana,"(6.18405129, -75.58478383)"
2172234,07/31/2017,6:25 a.m.,Lunes,Automovil,Particular,Conductor,Femenino,NO,Sin Registro,Solo Daños,Choque,Poner en marcha un vehiculo sin precauci,Carrera 43 A Calle 31 A Sur,San Marcos,Urbana,"(6.176310274, -75.58548716)"
2172234,07/31/2017,6:25 a.m.,Lunes,Automovil,Particular,Conductor,Femenino,NO,Sin Registro,Solo Daños,Choque,Poner en marcha un vehiculo sin precauci,Carrera 43 A Calle 31 A Sur,San Marcos,Urbana,"(6.176310274, -75.58548716)"
2172258,07/31/2017,4:15 p.m.,Lunes,Motocicleta,Particular,Motociclista,Masculino,NO,Sin Registro,Herido,Choque,No respetar prelacion,Transversal 36 A Sur Diagonal 29,Manuel Uribe Angel,Urbana,"(6.167621297, -75.5785241)"
2172258,07/31/2017,4:15 p.m.,Lunes,Bicicleta,Sin Registro,Ciclista,Masculino,NO,Sin Registro,Herido,Choque,No respetar prelacion,Transversal 36 A Sur Diagonal 29,Manuel Uribe Angel,Urbana,"(6.167621297, -75.5785241)"
2172233,07/31/2017,11:20 a.m.,Lunes,Camioneta,Particular,Conductor,Masculino,NO,Sin Registro,Solo Daños,Choque,No mantener distancia de seguridad,Calle 37  Sur Carrera 50,Las Vegas,Urbana,
2172233,07/31/2017,11:20 a.m.,Lunes,Campero,Particular,Conductor,Femenino,NO,Sin Registro,Solo Daños,Choque,No mantener distancia de seguridad,Calle 37  Sur Carrera 50,Las Vegas,Urbana,
2172250,07/31/2017,2:20 p.m.,Lunes,Motocicleta,Particular,Motociclista,Femenino,NO,Sin Registro,Herido,Choque,Transitar entre vehiculos,Calle 37  Sur Carrera 50,Las Vegas,Urbana,
2172250,07/31/2017,2:20 p.m.,Lunes,Automovil,Particular,Conductor,Masculino,NO,Sin Registro,Herido,Choque,No mantener distancia de seguridad,Calle 37  Sur Carrera 50,Las Vegas,Urbana,
2172250,07/31/2017,2:20 p.m.,Lunes,Automovil,Particular,Conductor,Masculino,NO,Sin Registro,Herido,Choque,Transitar entre vehiculos,Calle 37  Sur Carrera 50,Las Vegas,Urbana,
2172250,07/31/2017,2:20 p.m.,Lunes,Motocicleta,Particular,Motociclista,Femenino,NO,Sin Registro,Herido,Choque,No mantener distancia de seguridad,Calle 37  Sur Carrera 50,Las Vegas,Urbana,
2172257,07/31/2017,6:20 p.m.,Lunes,Motocicleta,Particular,Motociclista,Masculino,NO,Sin Registro,Herido,Choque,Otra,Carrera 50 Calle 25 A Sur,Las Vegas,Urbana,"(6.186515998, -75.58512541)"
2172257,07/31/2017,6:20 p.m.,Lunes,Motocicleta,Particular,Motociclista,Masculino,NO,Sin Registro,Herido,Choque,Otra,Carrera 50 Calle 25 A Sur,Las Vegas,Urbana,"(6.186515998, -75.58512541)"
2172246,07/31/2017,5:20 p.m.,Lunes,Automovil,Particular,Conductor,Femenino,NO,Sin Registro,Solo Daños,Choque,No mantener distancia de seguridad,Calle 38  Sur Carrera 47,Alcala,Urbana,"(6.172469073, -75.59209252)"
2172246,07/31/2017,5:20 p.m.,Lunes,Campero,Particular,Conductor,Masculino,NO,Sin Registro,Solo Daños,Choque,No mantener distancia de seguridad,Calle 38  Sur Carrera 47,Alcala,Urbana,"(6.172469073, -75.59209252)"
2172247,07/31/2017,10:25 a.m.,Lunes,Motocicleta,Particular,Motociclista,Masculino,NO,Sin Registro,Solo Daños,Choque,Desobedecer senales,Calle 37  Sur Carrera 45,Alcala,Urbana,"(6.172286684, -75.59036737)"
2172247,07/31/2017,10:25 a.m.,Lunes,Motocicleta,Particular,Motociclista,Masculino,NO,Sin Registro,Solo Daños,Choque,Desobedecer senales,Calle 37  Sur Carrera 45,Alcala,Urbana,"(6.172286684, -75.59036737)"
2172256,07/31/2017,6:30 p.m.,Lunes,Bus,Publico,Conductor,Masculino,NO,Sin Registro,Herido,Choque,Adelantar en zona prohibida,Calle 40 F Sur Carrera 29,San Jose,Urbana,"(6.160257642, -75.58404641)"
2172256,07/31/2017,6:30 p.m.,Lunes,Motocicleta,Particular,Motociclista,Masculino,NO,Sin Registro,Herido,Choque,Adelantar en zona prohibida,Calle 40 F Sur Carrera 29,San Jose,Urbana,"(6.160257642, -75.58404641)"
2172236,07/31/2017,9:15 p.m.,Lunes,Campero,Particular,Conductor,Masculino,NO,Sin Registro,Solo Daños,Choque,Estacionar sin seguridad,Calle 48 F Sur Carrera 39,Loma Del Barro,Urbana,"(6.156024221, -75.59807255)"
2172236,07/31/2017,9:15 p.m.,Lunes,Camioneta,Particular,Conductor,Femenino,NO,Sin Registro,Solo Daños,Choque,Estacionar sin seguridad,Calle 48 F Sur Carrera 39,Loma Del Barro,Urbana,"(6.156024221, -75.59807255)"
2172232,07/31/2017,6:50 a.m.,Lunes,Motocicleta,Particular,Motociclista,Masculino,NO,Sin Registro,Solo Daños,Choque,Desobedecer senales,Carrera 39 Calle 40 B Sur,El Dorado,Urbana,"(6.164830692, -75.58722674)"
2172232,07/31/2017,6:50 a.m.,Lunes,Camioneta,Particular,Conductor,Masculino,NO,Sin Registro,Solo Daños,Choque,Desobedecer senales,Carrera 39 Calle 40 B Sur,El Dorado,Urbana,"(6.164830692, -75.58722674)"
2172231,07/31/2017,4:45 p.m.,Lunes,Microbus,Publico,Conductor,Masculino,NO,Sin Registro,Solo Daños,Choque,Impericia en el manejo,Calle 41 A Sur Carrera 25 AA,La Mina,Urbana,"(6.158780813, -75.58520875)"
2172231,07/31/2017,4:45 p.m.,Lunes,Camioneta,Particular,Conductor,Masculino,NO,Sin Registro,Solo Daños,Choque,Vehiculo mal estacionado,Calle 41 A Sur Carrera 25 AA,La Mina,Urbana,"(6.158780813, -75.58520875)"
2172231,07/31/2017,4:45 p.m.,Lunes,Camioneta,Particular,Conductor,Masculino,NO,Sin Registro,Solo Daños,Choque,Impericia en el manejo,Calle 41 A Sur Carrera 25 AA,La Mina,Urbana,"(6.158780813, -75.58520875)"
2172231,07/31/2017,4:45 p.m.,Lunes,Microbus,Publico,Conductor,Masculino,NO,Sin Registro,Solo Daños,Choque,Vehiculo mal estacionado,Calle 41 A Sur Carrera 25 AA,La Mina,Urbana,"(6.158780813, -75.58520875)"
2172235,07/31/2017,9:50 p.m.,Lunes,Automovil,Particular,Conductor,Masculino,NO,Sin Registro,Solo Daños,Choque,Adelantar cerrando,Calle 25  Sur Carrera 48,Zuñiga,Urbana,
2172235,07/31/2017,9:50 p.m.,Lunes,Campero,Particular,Conductor,Femenino,NO,Sin Registro,Solo Daños,Choque,Adelantar cerrando,Calle 25  Sur Carrera 48,Zuñiga,Urbana,
2172244,07/31/2017,8:50 a.m.,Lunes,Camioneta,Oficial,Conductor,Masculino,NO,Sin Registro,Solo Daños,Choque,Impericia en el manejo,Carrera 27 D Calle 34  Sur,Las Orquideas,Urbana,"(6.171895479, -75.57503368)"
2172244,07/31/2017,8:50 a.m.,Lunes,Motocicleta,Particular,Motociclista,Masculino,NO,Sin Registro,Solo Daños,Choque,Impericia en el manejo,Carrera 27 D Calle 34  Sur,Las Orquideas,Urbana,"(6.171895479, -75.57503368)"
2172245,01/08/2017,6:00 a.m.,Martes,Motocicleta,Particular,Motociclista,Masculino,NO,Sin Registro,Muerto,Atropello,Exceso de velocidad,Carrera 48 Calle 25 A Sur,Las Vegas,Urbana,"(6.184740152, -75.58365742)"
2172260,01/08/2017,3:00 p.m.,Martes,Automovil,Particular,Conductor,Masculino,NO,Sin Registro,Herido,Choque,Adelantar en zona prohibida,Carrera 29 D Calle 40 F Sur,San Jose,Urbana,"(6.160292785, -75.584495)"
2172260,01/08/2017,3:00 p.m.,Martes,Bicicleta,Sin Registro,Ciclista,Masculino,NO,Sin Registro,Herido,Choque,Adelantar en zona prohibida,Carrera 29 D Calle 40 F Sur,San Jose,Urbana,"(6.160292785, -75.584495)"
2172263,01/08/2017,10:04 a.m.,Martes,Camioneta,Particular,Conductor,Masculino,NO,Sin Registro,Solo Daños,Choque,Transitar entre vehiculos,Carrera 50 Calle 39 B Sur,Las Vegas,Urbana,
2172263,01/08/2017,10:04 a.m.,Martes,Motocicleta,Particular,Motociclista,Masculino,NO,Sin Registro,Solo Daños,Choque,Transitar entre vehiculos,Carrera 50 Calle 39 B Sur,Las Vegas,Urbana,
2172270,01/08/2017,6:10 p.m.,Martes,Automovil,Particular,Conductor,Masculino,NO,Sin Registro,Solo Daños,Choque,No mantener distancia de seguridad,Tramo 373 Kilometro  11,Vereda Palmas,Rural,
2172270,01/08/2017,6:10 p.m.,Martes,Automovil,Publico,Conductor,Masculino,NO,Sin Registro,Solo Daños,Choque,No mantener distancia de seguridad,Tramo 373 Kilometro  11,Vereda Palmas,Rural,
2172252,01/08/2017,3:15 p.m.,Martes,Motocicleta,Particular,Motociclista,Masculino,NO,Sin Registro,Solo Daños,Choque,Transitar entre vehiculos,Calle 30  Sur Carrera 45,Jardines,Urbana,"(6.177736003, -75.58612378)"
2172252,01/08/2017,3:15 p.m.,Martes,Automovil,Particular,Conductor,Masculino,NO,Sin Registro,Solo Daños,Choque,Transitar entre vehiculos,Calle 30  Sur Carrera 45,Jardines,Urbana,"(6.177736003, -75.58612378)"
2172267,01/08/2017,4:20 p.m.,Martes,Automovil,Particular,Conductor,Masculino,NO,Sin Registro,Solo Daños,Choque,Desobedecer senales,Calle 40 A Sur Carrera 25 B,El Salado,Urbana,"(6.156266878, -75.58089149)"
2172255,01/08/2017,8:30 a.m.,Martes,Motocicleta,Particular,Motociclista,Masculino,NO,Sin Registro,Herido,Choque,Exceso de velocidad,Tramo 372 Kilometro  12,Vereda Palmas,Rural,