RADICADO,FECHA,HORA,DÍA DE LA SEMANA,CLASE DE VEHICULO,TIPO DE SERVICIO,TIPO DE VICTIMA,SEXO,ESTADO DE BEODEZ,RESULTADO DE BEODEZ,GRAVEDAD,CLASE DE ACCIDENTE,CAUSA,DIRECCIÓN,BARRIO,AREA,Coordenadas
2172255,01/08/2017,8:30 a.m.,Martes,Automovil,Particular,Conductor,Masculino,NO,Sin Registro,Herido,Choque,Exceso de velocidad,Tramo 372 Kilometro  12,Vereda Palmas,Rural,
2172249,01/08/2017,8:35 a.m.,Martes,Automovil,Publico,Conductor,Masculino,NO,Sin Registro,Solo Daños,Choque,No respetar prelacion,Carrera 49 Calle 25 AA Sur,Las Vegas,Urbana,"(6.18641241, -75.58506296)"
2172249,01/08/2017,8:35 a.m.,Martes,Automovil,Diplomatico,Conductor,Femenino,NO,Sin Registro,Solo Daños,Choque,No respetar prelacion,Carrera 49 Calle 25 AA Sur,Las Vegas,Urbana,"(6.18641241, -75.58506296)"
2172262,01/08/2017,9:30 a.m.,Martes,Automovil,Particular,Conductor,Masculino,NO,Sin Registro,Solo Daños,Choque,No mantener distancia de seguridad,Calle 37  Sur Carrera 50,Las Vegas,Urbana,
2172262,01/08/2017,9:30 a.m.,Martes,Automovil,Particular,Conductor,Femenino,NO,Sin Registro,Solo Daños,Choque,No mantener distancia de seguridad,Calle 37  Sur Carrera 50,Las Vegas,Urbana,
2172269,01/08/2017,9:20 p.m.,Martes,Automovil,Particular,Conductor,Masculino,NO,Sin Registro,Solo Daños,Choque,Adelantar cerrando,Calle 50  Sur Carrera 46,Las Vegas,Urbana,"(6.16131219, -75.60319818)"
2172269,01/08/2017,9:20 p.m.,Martes,Bus,Publico,Conductor,Masculino,NO,Sin Registro,Solo Daños,Choque,Adelantar cerrando,Calle 50  Sur Carrera 46,Las Vegas,Urbana,"(6.16131219, -75.60319818)"
2172251,01/08/2017,1:50 p.m.,Martes,Bus,Publico,Conductor,Masculino,NO,Sin Registro,Solo Daños,Choque,Poner en marcha un vehiculo sin precauci,Carrera 49 Calle 43  Sur,Las Vegas,Urbana,"(6.160925818, -75.59998009)"
2172251,01/08/2017,1:50 p.m.,Martes,Motocicleta,Particular,Motociclista,Masculino,NO,Sin Registro,Solo Daños,Choque,Poner en marcha un vehiculo sin precauci,Carrera 49 Calle 43  Sur,Las Vegas,Urbana,"(6.160925818, -75.59998009)"
2172248,01/08/2017,6:55 p.m.,Martes,Bicicleta,Sin Registro,Ciclista,Masculino,NO,Sin Registro,Herido,Choque,Impericia en el manejo,Calle 40 H Sur Carrera 41,El Dorado,Urbana,"(6.164634475, -75.59046213)"
2172248,01/08/2017,6:55 p.m.,Martes,Camioneta,Oficial,Conductor,Masculino,NO,Sin Registro,Herido,Choque,Impericia en el manejo,Calle 40 H Sur Carrera 41,El Dorado,Urbana,"(6.164634475, -75.59046213)"
2172279,02/08/2017,7:00 a.m.,Miércoles,Automovil,Particular,Conductor,Femenino,NO,Sin Registro,Solo Daños,Choque,No mantener distancia de seguridad,Diagonal 40 Transversal 33  Sur,La Magnolia,Urbana,"(6.173507784, -75.58545751)"
2172279,02/08/2017,7:00 a.m.,Miércoles,Automovil,Particular,Conductor,Femenino,NO,Sin Registro,Solo Daños,Choque,No mantener distancia de seguridad,Diagonal 40 Transversal 33  Sur,La Magnolia,Urbana,"(6.173507784, -75.58545751)"
2172264,02/08/2017,9:00 a.m.,Miércoles,Automovil,Particular,Conductor,Femenino,NO,Sin Registro,Solo Daños,Choque,Adelantar invadiendo carril del mismo sentido en zigzag,Carrera 48 Calle 38  Sur,Las Vegas,Urbana,"(6.172747818, -75.59269817)"
2172264,02/08/2017,9:00 a.m.,Miércoles,Automovil,Diplomatico,Conductor,Masculino,NO,Sin Registro,Solo Daños,Choque,Adelantar invadiendo carril del mismo sentido en zigzag,Carrera 48 Calle 38  Sur,Las Vegas,Urbana,"(6.172747818, -75.59269817)"
2172277,02/08/2017,9:00 a.m.,Miércoles,Campero,Particular,Conductor,Masculino,NO,Sin Registro,Solo Daños,Choque,No mantener distancia de seguridad,Calle 25 A Sur Carrera 43 A,Las Orquideas,Urbana,"(6.181689385, -75.58241799)"
2172277,02/08/2017,9:00 a.m.,Miércoles,Automovil,Particular,Conductor,Femenino,NO,Sin Registro,Solo Daños,Choque,No mantener distancia de seguridad,Calle 25 A Sur Carrera 43 A,Las Orquideas,Urbana,"(6.181689385, -75.58241799)"
2172268,02/08/2017,11:00 a.m.,Miércoles,Motocicleta,Particular,Motociclista,Masculino,NO,Sin Registro,Solo Daños,Choque,No mantener distancia de seguridad,Carrera 50 Calle 46 A Sur,Las Vegas,Urbana,"(6.16131219, -75.60319818)"
2172268,02/08/2017,11:00 a.m.,Miércoles,Automovil,Particular,Conductor,Masculino,NO,Sin Registro,Solo Daños,Choque,No mantener distancia de seguridad,Carrera 50 Calle 46 A Sur,Las Vegas,Urbana,"(6.16131219, -75.60319818)"
2172271,02/08/2017,2:00 p.m.,Miércoles,Camioneta,Particular,Conductor,Masculino,NO,Sin Registro,Solo Daños,Choque,Poner en marcha un vehiculo sin precauci,Carrera 49 Calle 25 AA Sur,Las Vegas,Urbana,"(6.18641241, -75.58506296)"
2172271,02/08/2017,2:00 p.m.,Miércoles,Automovil,Particular,Conductor,Femenino,NO,Sin Registro,Solo Daños,Choque,Poner en marcha un vehiculo sin precauci,Carrera 49 Calle 25 AA Sur,Las Vegas,Urbana,"(6.18641241, -75.58506296)"
2172281,02/08/2017,2:00 p.m.,Miércoles,Automovil,Particular,Conductor,Masculino,NO,Sin Registro,Solo Daños,Choque,No mantener distancia de seguridad,Carrera 42 B Calle 26 A Sur,Las Orquideas,Urbana,"(6.177282566, -75.57983816)"
2172281,02/08/2017,2:00 p.m.,Miércoles,Automovil,Publico,Conductor,Masculino,NO,Sin Registro,Solo Daños,Choque,No mantener distancia de seguridad,Carrera 42 B Calle 26 A Sur,Las Orquideas,Urbana,"(6.177282566, -75.57983816)"
2172293,02/08/2017,7:30 p.m.,Miércoles,Microbus,Publico,Conductor,Masculino,NO,Sin Registro,Solo Daños,Choque,No respetar prelacion,Carrera 43 A Calle 27 A Sur,Zuñiga,Urbana,"(6.178993539, -75.58360591)"
2172293,02/08/2017,7:30 p.m.,Miércoles,Camioneta,Particular,Conductor,Femenino,NO,Sin Registro,Solo Daños,Choque,No respetar prelacion,Carrera 43 A Calle 27 A Sur,Zuñiga,Urbana,"(6.178993539, -75.58360591)"
2172282,02/08/2017,4:10 p.m.,Miércoles,Campero,Particular,Conductor,Masculino,NO,Sin Registro,Solo Daños,Choque,No respetar prelacion,Carrera 48 Calle 30  Sur,Las Vegas,Urbana,"(6.179366643, -75.5880841)"
2172300,05/08/2017,6:50 a.m.,Sábado,Automovil,Publico,Conductor,Masculino,NO,Sin Registro,Solo Daños,Choque,Desobedecer senales,Calle 37  Sur Carrera 32,Mesa,Urbana,"(6.166691719, -75.58118599)"
2172282,02/08/2017,4:10 p.m.,Miércoles,Automovil,Particular,Conductor,Masculino,NO,Sin Registro,Solo Daños,Choque,No respetar prelacion,Carrera 48 Calle 30  Sur,Las Vegas,Urbana,"(6.179366643, -75.5880841)"
2172273,02/08/2017,2:10 p.m.,Miércoles,Automovil,Particular,Conductor,Masculino,NO,Sin Registro,Solo Daños,Choque,No mantener distancia de seguridad,Carrera 20 Calle 22  Sur,La Inmaculada,Urbana,"(6.175205128, -75.56106191)"
2172273,02/08/2017,2:10 p.m.,Miércoles,Automovil,Particular,Conductor,Femenino,NO,Sin Registro,Solo Daños,Choque,No mantener distancia de seguridad,Carrera 20 Calle 22  Sur,La Inmaculada,Urbana,"(6.175205128, -75.56106191)"
2172288,02/08/2017,5:10 p.m.,Miércoles,Camioneta,Particular,Conductor,Masculino,NO,Sin Registro,Solo Daños,Choque,No mantener distancia de seguridad,Carrera 50 Calle 37  Sur,Las Vegas,Urbana,
2172288,02/08/2017,5:10 p.m.,Miércoles,Motocicleta,Particular,Motociclista,Masculino,NO,Sin Registro,Solo Daños,Choque,No mantener distancia de seguridad,Carrera 50 Calle 37  Sur,Las Vegas,Urbana,
2172284,02/08/2017,8:50 p.m.,Miércoles,Motocicleta,Particular,Motociclista,Masculino,NO,Sin Registro,Herido,Choque,Otra,Carrera 50 Calle 48 C Sur,Las Vegas,Urbana,
2172284,02/08/2017,8:50 p.m.,Miércoles,Motocicleta,Particular,Motociclista,Masculino,NO,Sin Registro,Herido,Choque,Otra,Carrera 50 Calle 48 C Sur,Las Vegas,Urbana,
2172284,02/08/2017,8:50 p.m.,Miércoles,Camioneta,Particular,Conductor,Masculino,NO,Sin Registro,Herido,Choque,Otra,Carrera 50 Calle 48 C Sur,Las Vegas,Urbana,
2172272,02/08/2017,9:30 p.m.,Miércoles,Automovil,Particular,Conductor,Masculino,NO,Sin Registro,Solo Daños,Choque,Desobedecer senales,Carrera 27 Calle 22  Sur,La Inmaculada,Urbana,
2172272,02/08/2017,9:30 p.m.,Miércoles,Motocicleta,Particular,Motociclista,Masculino,NO,Sin Registro,Solo Daños,Choque,Desobedecer senales,Carrera 27 Calle 22  Sur,La Inmaculada,Urbana,
2172265,02/08/2017,11:40 a.m.,Miércoles,Motocicleta,Particular,Motociclista,Masculino,NO,Sin Registro,Solo Daños,Choque,Girar bruscamente,Calle 39  Sur Carrera 42,Zona Centro,Urbana,"(6.168300638, -75.58815927)"
2172265,02/08/2017,11:40 a.m.,Miércoles,Automovil,Particular,Conductor,Masculino,NO,Sin Registro,Solo Daños,Choque,Girar bruscamente,Calle 39  Sur Carrera 42,Zona Centro,Urbana,"(6.168300638, -75.58815927)"
2172280,02/08/2017,4:40 p.m.,Miércoles,Bus,Publico,Conductor,Masculino,NO,Sin Registro,Solo Daños,Choque,Poner en marcha un vehiculo sin precauci,Carrera 49 Calle 37  Sur,Las Vegas,Urbana,
2172280,02/08/2017,4:40 p.m.,Miércoles,Bus,Publico,Conductor,Masculino,NO,Sin Registro,Solo Daños,Choque,Poner en marcha un vehiculo sin precauci,Carrera 49 Calle 37  Sur,Las Vegas,Urbana,
2172266,02/08/2017,9:45 a.m.,Miércoles,Motocicleta,Particular,Motociclista,Femenino,NO,Sin Registro,Solo Daños,Choque,Poner en marcha un vehiculo sin precauci,Calle 38  Sur Carrera 41,Zona Centro,Urbana,"(6.169244976, -75.58658807)"
2172266,02/08/2017,9:45 a.m.,Miércoles,Bus,Publico,Conductor,Masculino,NO,Sin Registro,Solo Daños,Choque,Poner en marcha un vehiculo sin precauci,Calle 38  Sur Carrera 41,Zona Centro,Urbana,"(6.169244976, -75.58658807)"
2172261,02/08/2017,10:15 p.m.,Miércoles,Motocicleta,Particular,Motociclista,Masculino,NO,Sin Registro,Herido,Choque,Adelantar invadiendo carril de sentido contrario,Calle 30  Sur Carrera 48,Las Vegas,Urbana,"(6.180376127, -75.59028805)"
2172261,02/08/2017,10:15 p.m.,Miércoles,Motocicleta,Particular,Motociclista,Masculino,NO,Sin Registro,Herido,Choque,Adelantar invadiendo carril de sentido contrario,Calle 30  Sur Carrera 48,Las Vegas,Urbana,"(6.180376127, -75.59028805)"
2172274,03/08/2017,6:00 p.m.,Jueves,Bus,Publico,Conductor,Masculino,NO,Sin Registro,Herido,Choque,Adelantar cerrando,Carrera 43 A Calle 38 A Sur,Zona Centro,Urbana,"(6.169698887, -75.58905877)"
2172274,03/08/2017,6:00 p.m.,Jueves,Motocicleta,Particular,Motociclista,Masculino,NO,Sin Registro,Herido,Choque,Adelantar cerrando,Carrera 43 A Calle 38 A Sur,Zona Centro,Urbana,"(6.169698887, -75.58905877)"
2172276,03/08/2017,6:25 a.m.,Jueves,Automovil,Particular,Conductor,Femenino,NO,Sin Registro,Solo Daños,Choque,No respetar prelacion,Calle 38 A Sur Carrera 46,Alcala,Urbana,"(6.171457357, -75.59157663)"
2172276,03/08/2017,6:25 a.m.,Jueves,Motocicleta,Particular,Motociclista,Femenino,NO,Sin Registro,Solo Daños,Choque,No respetar prelacion,Calle 38 A Sur Carrera 46,Alcala,Urbana,"(6.171457357, -75.59157663)"
2172276,03/08/2017,6:25 a.m.,Jueves,Motocicleta,Particular,Motociclista,Masculino,NO,Sin Registro,Solo Daños,Choque,No respetar prelacion,Calle 38 A Sur Carrera 46,Alcala,Urbana,"(6.171457357, -75.59157663)"
2172292,03/08/2017,8:40 p.m.,Jueves,Automovil,Particular,Conductor,Femenino,NO,Sin Registro,Solo Daños,Choque,No mantener distancia de seguridad,Carrera 32 Calle 37  Sur,Mesa,Urbana,"(6.1665774, -75.58116341)"
2172292,03/08/2017,8:40 p.m.,Jueves,Automovil,Particular,Conductor,Masculino,NO,Sin Registro,Solo Daños,Choque,No mantener distancia de seguridad,Carrera 32 Calle 37  Sur,Mesa,Urbana,"(6.1665774, -75.58116341)"
2172302,03/08/2017,9:30 a.m.,Jueves,Automovil,Particular,Conductor,Masculino,NO,Sin Registro,Solo Daños,Choque,Adelantar cerrando,Carrera 42 Calle 37  Sur,Zona Centro,Urbana,"(6.170182555, -75.58691526)"
2172302,03/08/2017,9:30 a.m.,Jueves,Bus,Publico,Conductor,Masculino,NO,Sin Registro,Solo Daños,Choque,Adelantar cerrando,Carrera 42 Calle 37  Sur,Zona Centro,Urbana,"(6.170182555, -75.58691526)"
2172295,03/08/2017,1:45 p.m.,Jueves,Camioneta,Particular,Conductor,Masculino,NO,Sin Registro,Solo Daños,Choque,Transitar entre vehiculos,Carrera 50 Calle 37  Sur,Las Vegas,Urbana,
2172295,03/08/2017,1:45 p.m.,Jueves,Motocicleta,Particular,Motociclista,Masculino,NO,Sin Registro,Solo Daños,Choque,Transitar entre vehiculos,Carrera 50 Calle 37  Sur,Las Vegas,Urbana,
2172295,03/08/2017,1:45 p.m.,Jueves,Motocicleta,Particular,Motociclista,Masculino,NO,Sin Registro,Solo Daños,Choque,Transitar entre vehiculos,Carrera 50 Calle 37  Sur,Las Vegas,Urbana,
2172278,03/08/2017,9:30 p.m.,Jueves,Automovil,Particular,Conductor,Masculino,NO,Sin Registro,Solo Daños,Choque,Poner en marcha un vehiculo sin precauci,Carrera 42 Calle 40 DD Sur,El Dorado,Urbana,"(6.166161402, -75.58977289)"
2172278,03/08/2017,9:30 p.m.,Jueves,Automovil,Particular,Conductor,Femenino,NO,Sin Registro,Solo Daños,Choque,Poner en marcha un vehiculo sin precauci,Carrera 42 Calle 40 DD Sur,El Dorado,Urbana,"(6.166161402, -75.58977289)"
2172283,03/08/2017,4:40 p.m.,Jueves,Automovil,Particular,Conductor,Femenino,NO,Sin Registro,Solo Daños,Choque,Adelantar cerrando,Carrera 40 Calle 38  Sur,Zona Centro,Urbana,"(6.168682985, -75.58587025)"
2172283,03/08/2017,4:40 p.m.,Jueves,Bus,Publico,Conductor,Masculino,NO,Sin Registro,Solo Daños,Choque,Adelantar cerrando,Carrera 40 Calle 38  Sur,Zona Centro,Urbana,"(6.168682985, -75.58587025)"
2172275,03/08/2017,8:55 a.m.,Jueves,Automovil,Publico,Conductor,Masculino,NO,Sin Registro,Herido,Choque,No mantener distancia de seguridad,Carrera 50 Calle 27  Sur,Las Vegas,Urbana,
2172275,03/08/2017,8:55 a.m.,Jueves,Motocicleta,Particular,Motociclista,Masculino,NO,Sin Registro,Herido,Choque,No mantener distancia de seguridad,Carrera 50 Calle 27  Sur,Las Vegas,Urbana,
2172286,04/08/2017,6:00 a.m.,Viernes,Motocicleta,Particular,Motociclista,Masculino,NO,Sin Registro,Herido,Atropello,Cruzar sin observar,Tramo 372 Kilometro  18,Vereda Palmas,Rural,
2172308,04/08/2017,7:00 a.m.,Viernes,Automovil,Publico,Conductor,Masculino,NO,Sin Registro,Solo Daños,Choque,Adelantar cerrando,Carrera 48 Calle 37  Sur,Las Vegas,Urbana,"(6.172859211, -75.59276992)"
2172308,04/08/2017,7:00 a.m.,Viernes,Automovil,Particular,Conductor,Femenino,NO,Sin Registro,Solo Daños,Choque,Adelantar cerrando,Carrera 48 Calle 37  Sur,Las Vegas,Urbana,"(6.172859211, -75.59276992)"
2172285,04/08/2017,10:00 a.m.,Viernes,Camion,Publico,Conductor,Masculino,NO,Sin Registro,Herido,Caida Ocupante,Impericia en el manejo,Calle 24  Sur Carrera 39,Zuñiga,Urbana,"(6.17880652, -75.57462407)"
2172290,04/08/2017,10:10 a.m.,Viernes,Camioneta,Particular,Conductor,Femenino,NO,Sin Registro,Solo Daños,Choque,No mantener distancia de seguridad,Carrera 43 A Calle 21  Sur,Zuñiga,Urbana,"(6.183599544, -75.57940986)"
2172290,04/08/2017,10:10 a.m.,Viernes,Automovil,Publico,Conductor,Masculino,NO,Sin Registro,Solo Daños,Choque,No mantener distancia de seguridad,Carrera 43 A Calle 21  Sur,Zuñiga,Urbana,"(6.183599544, -75.57940986)"
2172287,04/08/2017,5:30 a.m.,Viernes,Automovil,Particular,Conductor,Femenino,NO,Sin Registro,Solo Daños,Choque,Impericia en el manejo,Tramo 372 Kilometro  14,Vereda Palmas,Rural,
2172304,04/08/2017,7:30 a.m.,Viernes,Campero,Particular,Conductor,Masculino,NO,Sin Registro,Solo Daños,Choque,No mantener distancia de seguridad,Diagonal 31 Transversal 32  Sur,La Magnolia,Urbana,"(6.174681134, -75.57847104)"
2172304,04/08/2017,7:30 a.m.,Viernes,Camioneta,Particular,Conductor,Masculino,NO,Sin Registro,Solo Daños,Choque,No mantener distancia de seguridad,Diagonal 31 Transversal 32  Sur,La Magnolia,Urbana,"(6.174681134, -75.57847104)"
2172304,04/08/2017,7:30 a.m.,Viernes,Automovil,Particular,Conductor,Masculino,NO,Sin Registro,Solo Daños,Choque,No mantener distancia de seguridad,Diagonal 31 Transversal 32  Sur,La Magnolia,Urbana,"(6.174681134, -75.57847104)"
2172291,04/08/2017,6:50 a.m.,Viernes,Automovil,Particular,Conductor,Femenino,NO,Sin Registro,Solo Daños,Choque,No respetar prelacion,Carrera 45 A Calle 36  Sur,El Portal,Urbana,"(6.172729696, -75.58933958)"
2172291,04/08/2017,6:50 a.m.,Viernes,Motocicleta,Particular,Motociclista,Masculino,NO,Sin Registro,Solo Daños,Choque,No respetar prelacion,Carrera 45 A Calle 36  Sur,El Portal,Urbana,"(6.172729696, -75.58933958)"
2172289,04/08/2017,9:45 a.m.,Viernes,Campero,Particular,Conductor,Masculino,NO,Sin Registro,Solo Daños,Choque,No mantener distancia de seguridad,Carrera 50 Calle 39 B Sur,Las Vegas,Urbana,
2172289,04/08/2017,9:45 a.m.,Viernes,Motocicleta,Particular,Motociclista,Masculino,NO,Sin Registro,Solo Daños,Choque,No mantener distancia de seguridad,Carrera 50 Calle 39 B Sur,Las Vegas,Urbana,
2172301,04/08/2017,11:30 p.m.,Viernes,Camioneta,Oficial,Conductor,Masculino,NO,Sin Registro,Solo Daños,Choque,No mantener distancia de seguridad,Carrera 50 Calle 30  Sur,Las Vegas,Urbana,
2172301,04/08/2017,11:30 p.m.,Viernes,Automovil,Particular,Conductor,Masculino,NO,Sin Registro,Solo Daños,Choque,No mantener distancia de seguridad,Carrera 50 Calle 30  Sur,Las Vegas,Urbana,
2172318,05/08/2017,4:00 p.m.,Sábado,Automovil,Diplomatico,Conductor,Masculino,NO,Sin Registro,Solo Daños,Choque,Semaforo en rojo,Carrera 43 A Calle 48 C Sur,Loma Del Barro,Urbana,"(6.162218777, -75.59764446)"
2172318,05/08/2017,4:00 p.m.,Sábado,Motocicleta,Particular,Motociclista,Masculino,NO,Sin Registro,Solo Daños,Choque,Semaforo en rojo,Carrera 43 A Calle 48 C Sur,Loma Del Barro,Urbana,"(6.162218777, -75.59764446)"
2172312,05/08/2017,3:20 p.m.,Sábado,Automovil,Publico,Conductor,Masculino,NO,Sin Registro,Solo Daños,Choque,No respetar pelacion de interseccion o giros,Diagonal 31 Transversal 32 C Sur,La Magnolia,Urbana,"(6.174681134, -75.57847104)"
2172312,05/08/2017,3:20 p.m.,Sábado,Automovil,Particular,Conductor,Masculino,NO,Sin Registro,Solo Daños,Choque,No respetar pelacion de interseccion o giros,Diagonal 31 Transversal 32 C Sur,La Magnolia,Urbana,"(6.174681134, -75.57847104)"
2172390,05/08/2017,1:30 p.m.,Sábado,Camioneta,Particular,Conductor,Masculino,NO,Sin Registro,Solo Daños,Choque,No mantener distancia de seguridad,Calle 37  Sur Carrera 39,Zona Centro,Urbana,"(6.169035546, -75.58484755)"
2172390,05/08/2017,1:30 p.m.,Sábado,Camioneta,Particular,Conductor,Femenino,NO,Sin Registro,Solo Daños,Choque,No mantener distancia de seguridad,Calle 37  Sur Carrera 39,Zona Centro,Urbana,"(6.169035546, -75.58484755)"
2172305,05/08/2017,3:40 p.m.,Sábado,Automovil,Particular,Conductor,Femenino,NO,Sin Registro,Solo Daños,Choque,No respetar prelacion,Carrera 42 B Diagonal 3,La Magnolia,Urbana,"(6.177539856, -75.58081916)"
2172305,05/08/2017,3:40 p.m.,Sábado,Automovil,Particular,Conductor,Masculino,NO,Sin Registro,Solo Daños,Choque,No respetar prelacion,Carrera 42 B Diagonal 3,La Magnolia,Urbana,"(6.177539856, -75.58081916)"
2172300,05/08/2017,6:50 a.m.,Sábado,Motocicleta,Particular,Motociclista,Masculino,NO,Sin Registro,Solo Daños,Choque,Desobedecer senales,Calle 37  Sur Carrera 32,Mesa,Urbana,"(6.166691719, -75.58118599)"
2172306,05/08/2017,3:50 p.m.,Sábado,Automovil,Particular,Conductor,Masculino,NO,Sin Registro,Solo Daños,Choque,No mantener distancia de seguridad,Calle 50  Sur Carrera 48,Las Vegas,Urbana,
2172306,05/08/2017,3:50 p.m.,Sábado,Automovil,Particular,Conductor,Femenino,NO,Sin Registro,Solo Daños,Choque,No mantener distancia de seguridad,Calle 50  Sur Carrera 48,Las Vegas,Urbana,
2172296,06/08/2017,1:00 p.m.,Domingo,Automovil,Particular,Conductor,Masculino,NO,Sin Registro,Solo Daños,Choque,No mantener distancia de seguridad,Diagonal 31 E Transversal 33 A Sur,Las Flores,Urbana,"(6.173761816, -75.5789197)"
2172296,06/08/2017,1:00 p.m.,Domingo,Automovil,Particular,Conductor,Masculino,NO,Sin Registro,Solo Daños,Choque,No mantener distancia de seguridad,Diagonal 31 E Transversal 33 A Sur,Las Flores,Urbana,"(6.173761816, -75.5789197)"
2172298,06/08/2017,9:00 a.m.,Domingo,Automovil,Particular,Conductor,Femenino,NO,Sin Registro,Solo Daños,Choque,Desobedecer senales,Carrera 42 Calle 33 B Sur,Zona Centro,Urbana,"(6.172431982, -75.58552861)"
2172298,06/08/2017,9:00 a.m.,Domingo,Automovil,Particular,Conductor,Femenino,NO,Sin Registro,Solo Daños,Choque,Desobedecer senales,Carrera 42 Calle 33 B Sur,Zona Centro,Urbana,"(6.172431982, -75.58552861)"
2172324,06/08/2017,7:30 p.m.,Domingo,Camioneta,Particular,Conductor,Masculino,NO,Sin Registro,Solo Daños,Choque,No mantener distancia de seguridad,Tramo 373 Kilometro  6,Vereda Palmas,Rural,
2172324,06/08/2017,7:30 p.m.,Domingo,Automovil,Particular,Conductor,Femenino,NO,Sin Registro,Solo Daños,Choque,No mantener distancia de seguridad,Tramo 373 Kilometro  6,Vereda Palmas,Rural,
2172316,06/08/2017,4:04 p.m.,Domingo,Automovil,Publico,Conductor,Masculino,NO,Sin Registro,Herido,Choque,No mantener distancia de seguridad,Carrera 48 Calle 40  Sur,Las Vegas,Urbana,"(6.168855316, -75.59688767)"
2172316,06/08/2017,4:04 p.m.,Domingo,Motocicleta,Particular,Motociclista,Masculino,NO,Sin Registro,Herido,Choque,No mantener distancia de seguridad,Carrera 48 Calle 40  Sur,Las Vegas,Urbana,"(6.168855316, -75.59688767)"
2172323,06/08/2017,10:10 a.m.,Domingo,Campero,Particular,Conductor,Masculino,NO,Sin Registro,Solo Daños,Choque,No respetar prelacion,Calle 37  Sur Carrera 50,Las Vegas,Urbana,
2172323,06/08/2017,10:10 a.m.,Domingo,Automovil,Particular,Conductor,Masculino,NO,Sin Registro,Solo Daños,Choque,No respetar prelacion,Calle 37  Sur Carrera 50,Las Vegas,Urbana,
2172307,06/08/2017,3:20 p.m.,Domingo,Automovil,Publico,Conductor,Masculino,NO,Sin Registro,Solo Daños,Choque,No mantener distancia de seguridad,Tramo 373 Kilometro  7,Vereda Palmas,Rural,
2172307,06/08/2017,3:20 p.m.,Domingo,Automovil,Publico,Conductor,Masculino,NO,Sin Registro,Solo Daños,Choque,No mantener distancia de seguridad,Tramo 373 Kilometro  7,Vereda Palmas,Rural,
2172303,06/08/2017,5:15 p.m.,Domingo,Automovil,Publico,Conductor,Masculino,NO,Sin Registro,Solo Daños,Choque,No mantener distancia de seguridad,Calle 37  Sur Carrera 28,La Magnolia,Urbana,"(6.165679454, -75.57834042)"
2172303,06/08/2017,5:15 p.m.,Domingo,Automovil,Particular,Conductor,Femenino,NO,Sin Registro,Solo Daños,Choque,No mantener distancia de seguridad,Calle 37  Sur Carrera 28,La Magnolia,Urbana,"(6.165679454, -75.57834042)"
2172297,07/08/2017,6:10 p.m.,Lunes,Camioneta,Particular,Conductor,Masculino,NO,Sin Registro,Solo Daños,Choque,Poner en marcha un vehiculo sin precauci,Carrera 48 Calle 19  Sur,Las Vegas,Urbana,"(6.187349001, -75.58153568)"
2172297,07/08/2017,6:10 p.m.,Lunes,Automovil,Particular,Conductor,Femenino,NO,Sin Registro,Solo Daños,Choque,Poner en marcha un vehiculo sin precauci,Carrera 48 Calle 19  Sur,Las Vegas,Urbana,"(6.187349001, -75.58153568)"
2172311,07/08/2017,7:50 p.m.,Lunes,Motocicleta,Particular,Motociclista,Masculino,NO,Sin Registro,Herido,Choque,Desobedecer senales,Calle 36 D Sur Carrera 27,Vereda El Escobero,Urbana,"(6.162479576, -75.57022257)"
2172311,07/08/2017,7:50 p.m.,Lunes,Campero,Particular,Conductor,Masculino,NO,Sin Registro,Herido,Choque,Desobedecer senales,Calle 36 D Sur Carrera 27,Vereda El Escobero,Urbana,"(6.162479576, -75.57022257)"
2172310,07/08/2017,4:15 p.m.,Lunes,Automovil,Publico,Conductor,Masculino,NO,Sin Registro,Herido,Choque,Desobedecer senales,Carrera 43 A Calle 21  Sur,Zuñiga,Urbana,"(6.183599544, -75.57940986)"
2172310,07/08/2017,4:15 p.m.,Lunes,Motocicleta,Particular,Motociclista,Masculino,NO,Sin Registro,Herido,Choque,Desobedecer senales,Carrera 43 A Calle 21  Sur,Zuñiga,Urbana,"(6.183599544, -75.57940986)"
2172309,07/08/2017,11:30 a.m.,Lunes,Automovil,Particular,Conductor,Masculino,NO,Sin Registro,Solo Daños,Choque,Girar bruscamente,Calle 45 B Sur Carrera 42 B,La Paz,Urbana,"(6.163155121, -75.59370839)"
2172309,07/08/2017,11:30 a.m.,Lunes,Automovil,Particular,Conductor,Masculino,NO,Sin Registro,Solo Daños,Choque,Girar bruscamente,Calle 45 B Sur Carrera 42 B,La Paz,Urbana,"(6.163155121, -75.59370839)"
2172299,07/08/2017,4:50 p.m.,Lunes,Camioneta,Particular,Conductor,Masculino,NO,Sin Registro,Solo Daños,Choque,No mantener distancia de seguridad,Tramo 372 Kilometro  12,Vereda Palmas,Rural,
2172299,07/08/2017,4:50 p.m.,Lunes,Automovil,Particular,Conductor,Masculino,NO,Sin Registro,Solo Daños,Choque,No mantener distancia de seguridad,Tramo 372 Kilometro  12,Vereda Palmas,Rural,
2172329,08/08/2017,7:00 p.m.,Martes,Automovil,Particular,Conductor,Femenino,NO,Sin Registro,Herido,Choque,Desobedecer senales,Diagonal 31 Transversal 35  Sur,La Sebastiana,Urbana,"(6.170095297, -75.57961208)"