RADICADO,FECHA,HORA,DÍA DE LA SEMANA,CLASE DE VEHICULO,TIPO DE SERVICIO,TIPO DE VICTIMA,SEXO,ESTADO DE BEODEZ,RESULTADO DE BEODEZ,GRAVEDAD,CLASE DE ACCIDENTE,CAUSA,DIRECCIÓN,BARRIO,AREA,Coordenadas
2172386,08/14/2017,1:15 p.m.,Lunes,Campero,Publico,Conductor,Masculino,NO,Sin Registro,Herido,Choque,No mantener distancia de seguridad,Carrera 43 A Calle 44  Sur,Milan Vallejuelos,Urbana,"(6.1654766, -75.59401722)"
2172382,08/14/2017,12:10 p.m.,Lunes,Automovil,Particular,Conductor,Masculino,NO,Sin Registro,Solo Daños,Choque,Reverso imprudente,Carrera 47 Calle 32 B Sur,El Portal,Urbana,"(6.176063769, -75.58951194)"
2172382,08/14/2017,12:10 p.m.,Lunes,Automovil,Particular,Conductor,Masculino,NO,Sin Registro,Solo Daños,Choque,Reverso imprudente,Carrera 47 Calle 32 B Sur,El Portal,Urbana,"(6.176063769, -75.58951194)"
2172371,08/14/2017,6:10 p.m.,Lunes,Automovil,Particular,Conductor,Masculino,NO,Sin Registro,Solo Daños,Choque,Transitar entre vehiculos,Carrera 48 Calle 46  Sur,Las Vegas,Urbana,"(6.166195386, -75.59928549)"
2172371,08/14/2017,6:10 p.m.,Lunes,Campero,Particular,Conductor,Femenino,NO,Sin Registro,Solo Daños,Choque,Transitar entre vehiculos,Carrera 48 Calle 46  Sur,Las Vegas,Urbana,"(6.166195386, -75.59928549)"
2172371,08/14/2017,6:10 p.m.,Lunes,Motocicleta,Particular,Motociclista,Masculino,NO,Sin Registro,Solo Daños,Choque,Transitar entre vehiculos,Carrera 48 Calle 46  Sur,Las Vegas,Urbana,"(6.166195386, -75.59928549)"
2172363,08/14/2017,12:10 a.m.,Lunes,Automovil,Particular,Conductor,Femenino,NO,Sin Registro,Solo Daños,Choque,Semaforo en rojo,Carrera 43 A Calle 21  Sur,Zuñiga,Urbana,"(6.183599544, -75.57940986)"
2172363,08/14/2017,12:10 a.m.,Lunes,Automovil,Publico,Conductor,Masculino,NO,Sin Registro,Solo Daños,Choque,Semaforo en rojo,Carrera 43 A Calle 21  Sur,Zuñiga,Urbana,"(6.183599544, -75.57940986)"
2172377,08/14/2017,9:20 a.m.,Lunes,Bus,Publico,Conductor,Masculino,NO,Sin Registro,Solo Daños,Choque,Poner en marcha un vehiculo sin precauci,Calle 38  Sur Carrera 32,Mesa,Urbana,"(6.166011939, -75.58158121)"
2172838,09/24/2017,5:30 p.m.,Domingo,Automovil,Particular,Conductor,Femenino,NO,Sin Registro,Herido,Choque,Exceso de velocidad,Tramo 372 Kilometro  17,Vereda Palmas,Rural,
2172377,08/14/2017,9:20 a.m.,Lunes,Motocicleta,Particular,Motociclista,Masculino,NO,Sin Registro,Solo Daños,Choque,Poner en marcha un vehiculo sin precauci,Calle 38  Sur Carrera 32,Mesa,Urbana,"(6.166011939, -75.58158121)"
2172374,08/14/2017,3:25 p.m.,Lunes,Bus,Publico,Conductor,Masculino,NO,Sin Registro,Solo Daños,Choque,Impericia en el manejo,Carrera 39 E Calle 45 C Sur,Las Antillas,Urbana,
2172374,08/14/2017,3:25 p.m.,Lunes,Automovil,Particular,Conductor,Masculino,NO,Sin Registro,Solo Daños,Choque,Impericia en el manejo,Carrera 39 E Calle 45 C Sur,Las Antillas,Urbana,
2172383,08/14/2017,8:50 p.m.,Lunes,Motocicleta,Particular,Motociclista,Masculino,NO,Sin Registro,Solo Daños,Choque,Adelantar en zona prohibida,Calle 40 F Sur Carrera 25 A,La Mina,Urbana,"(6.155555232, -75.58231672)"
2172383,08/14/2017,8:50 p.m.,Lunes,Automovil,Particular,Conductor,Masculino,NO,Sin Registro,Solo Daños,Choque,No respetar pelacion de interseccion o giros,Calle 40 F Sur Carrera 25 A,La Mina,Urbana,"(6.155555232, -75.58231672)"
2172383,08/14/2017,8:50 p.m.,Lunes,Automovil,Particular,Conductor,Masculino,NO,Sin Registro,Solo Daños,Choque,Adelantar en zona prohibida,Calle 40 F Sur Carrera 25 A,La Mina,Urbana,"(6.155555232, -75.58231672)"
2172383,08/14/2017,8:50 p.m.,Lunes,Motocicleta,Particular,Motociclista,Masculino,NO,Sin Registro,Solo Daños,Choque,No respetar pelacion de interseccion o giros,Calle 40 F Sur Carrera 25 A,La Mina,Urbana,"(6.155555232, -75.58231672)"
2172378,08/14/2017,4:30 p.m.,Lunes,Automovil,Particular,Conductor,Masculino,NO,Sin Registro,Solo Daños,Choque,No mantener distancia de seguridad,Calle 37  Sur Carrera 50,Las Vegas,Urbana,
2172378,08/14/2017,4:30 p.m.,Lunes,Camioneta,Publico,Conductor,Masculino,NO,Sin Registro,Solo Daños,Choque,No mantener distancia de seguridad,Calle 37  Sur Carrera 50,Las Vegas,Urbana,
2172395,08/14/2017,6:30 p.m.,Lunes,Automovil,Particular,Conductor,Masculino,NO,Sin Registro,Herido,Choque,Semaforo en rojo,Carrera 48 Calle 25  Sur,Las Vegas,Urbana,"(6.185059174, -75.58329333)"
2172395,08/14/2017,6:30 p.m.,Lunes,Motocicleta,Diplomatico,Motociclista,Masculino,NO,Sin Registro,Herido,Choque,Semaforo en rojo,Carrera 48 Calle 25  Sur,Las Vegas,Urbana,"(6.185059174, -75.58329333)"
2172387,08/14/2017,10:30 a.m.,Lunes,Camioneta,Publico,Conductor,Masculino,NO,Sin Registro,Herido,Choque,Exceso de velocidad,Calle 49 D Sur Carrera 40 A,La Inmaculada,Urbana,"(6.155814881, -75.60075467)"
2172387,08/14/2017,10:30 a.m.,Lunes,Motocicleta,Particular,Motociclista,Masculino,NO,Sin Registro,Herido,Choque,No respetar prelacion,Calle 49 D Sur Carrera 40 A,La Inmaculada,Urbana,"(6.155814881, -75.60075467)"
2172387,08/14/2017,10:30 a.m.,Lunes,Motocicleta,Particular,Motociclista,Masculino,NO,Sin Registro,Herido,Choque,Exceso de velocidad,Calle 49 D Sur Carrera 40 A,La Inmaculada,Urbana,"(6.155814881, -75.60075467)"
2172376,08/14/2017,5:50 a.m.,Lunes,Automovil,Publico,Conductor,Masculino,NO,Sin Registro,Solo Daños,Choque,No mantener distancia de seguridad,Carrera 50 Calle 26  Sur,Las Vegas,Urbana,"(6.184812544, -75.58691109)"
2172376,08/14/2017,5:50 a.m.,Lunes,Bus,Publico,Conductor,Masculino,NO,Sin Registro,Solo Daños,Choque,No mantener distancia de seguridad,Carrera 50 Calle 26  Sur,Las Vegas,Urbana,"(6.184812544, -75.58691109)"
2172387,08/14/2017,10:30 a.m.,Lunes,Camioneta,Publico,Conductor,Masculino,NO,Sin Registro,Herido,Choque,No respetar prelacion,Calle 49 D Sur Carrera 40 A,La Inmaculada,Urbana,"(6.155814881, -75.60075467)"
2172368,08/14/2017,2:30 p.m.,Lunes,Buseta,Publico,Conductor,Masculino,NO,Sin Registro,Muerto,Choque,Transitar entre vehiculos,Tramo 371 Kilometro  1,Vereda El Escobero,Rural,
2172370,08/14/2017,9:05 p.m.,Lunes,Motocicleta,Particular,Motociclista,Masculino,NO,Sin Registro,Herido,Atropello,Semaforo en rojo,Calle 37  Sur Carrera 48,Las Vegas,Urbana,"(6.17412211, -75.59306111)"
2173197,08/14/2017,3:50 p.m.,Lunes,Automovil,Publico,Conductor,Femenino,NO,Sin Registro,Solo Daños,Choque,Adelantar invadiendo carril del mismo sentido en zigzag,Calle 39  Sur Carrera 43,Zona Centro,Urbana,"(6.168678771, -75.58876156)"
2173197,08/14/2017,3:50 p.m.,Lunes,Bus,Publico,Conductor,Masculino,NO,Sin Registro,Solo Daños,Choque,Adelantar invadiendo carril del mismo sentido en zigzag,Calle 39  Sur Carrera 43,Zona Centro,Urbana,"(6.168678771, -75.58876156)"
2172388,08/15/2017,6:00 a.m.,Martes,Automovil,Publico,Conductor,Masculino,NO,Sin Registro,Herido,Choque,No mantener distancia de seguridad,Diagonal 33 Transversal 34 D Sur,Los Naranjos,Urbana,"(6.170891508, -75.58314017)"
2172388,08/15/2017,6:00 a.m.,Martes,Automovil,Particular,Conductor,Femenino,NO,Sin Registro,Herido,Choque,No mantener distancia de seguridad,Diagonal 33 Transversal 34 D Sur,Los Naranjos,Urbana,"(6.170891508, -75.58314017)"
2172385,08/15/2017,5:00 p.m.,Martes,Camion,Publico,Conductor,Masculino,NO,Sin Registro,Solo Daños,Choque,Reverso imprudente,Calle 36 A Sur Carrera 26 D,La Inmaculada,Urbana,"(6.167621297, -75.5785241)"
2172385,08/15/2017,5:00 p.m.,Martes,Automovil,Particular,Conductor,Masculino,NO,Sin Registro,Solo Daños,Choque,Reverso imprudente,Calle 36 A Sur Carrera 26 D,La Inmaculada,Urbana,"(6.167621297, -75.5785241)"
2172391,08/15/2017,5:00 p.m.,Martes,Bus,Publico,Conductor,Masculino,NO,Sin Registro,Herido,Choque,No respetar prelacion,Tramo 373 Kilometro  10,Vereda Palmas,Rural,
2172391,08/15/2017,5:00 p.m.,Martes,Motocicleta,Particular,Motociclista,Masculino,NO,Sin Registro,Herido,Choque,No respetar prelacion,Tramo 373 Kilometro  10,Vereda Palmas,Rural,
2172391,08/15/2017,5:00 p.m.,Martes,Campero,Particular,Conductor,Femenino,NO,Sin Registro,Herido,Choque,No respetar prelacion,Tramo 373 Kilometro  10,Vereda Palmas,Rural,
2172391,08/15/2017,5:00 p.m.,Martes,Automovil,Publico,Conductor,Masculino,NO,Sin Registro,Herido,Choque,No respetar prelacion,Tramo 373 Kilometro  10,Vereda Palmas,Rural,
2172380,08/15/2017,3:10 p.m.,Martes,Automovil,Particular,Conductor,Masculino,NO,Sin Registro,Solo Daños,Choque,No mantener distancia de seguridad,Carrera 43 A Calle 45 A Sur,La Paz,Urbana,"(6.165116925, -75.59448316)"
2172380,08/15/2017,3:10 p.m.,Martes,Motocicleta,Particular,Motociclista,Masculino,NO,Sin Registro,Solo Daños,Choque,No mantener distancia de seguridad,Carrera 43 A Calle 45 A Sur,La Paz,Urbana,"(6.165116925, -75.59448316)"
2172389,08/15/2017,10:20 a.m.,Martes,Motocicleta,Particular,Motociclista,Masculino,NO,Sin Registro,Herido,Atropello,Cruzar sin observar,Carrera 43 A Calle 23  Sur,Las Orquideas,Urbana,"(6.182555831, -75.58017793)"
2172394,08/15/2017,6:45 p.m.,Martes,Campero,Particular,Conductor,Masculino,NO,Sin Registro,Solo Daños,Choque,Exceso de velocidad,Tramo 372 Kilometro  16,Vereda Palmas,Rural,
2172394,08/15/2017,6:45 p.m.,Martes,Automovil,Particular,Conductor,Masculino,NO,Sin Registro,Solo Daños,Choque,Exceso de velocidad,Tramo 372 Kilometro  16,Vereda Palmas,Rural,
2172396,08/15/2017,10:43 a.m.,Martes,Motocicleta,Particular,Motociclista,Masculino,NO,Sin Registro,Herido,Choque,Desobedecer senales,Transversal 32 C Sur Diagonal 32,La Magnolia,Urbana,"(6.175116463, -75.58238464)"
2172396,08/15/2017,10:43 a.m.,Martes,Camioneta,Particular,Conductor,Femenino,NO,Sin Registro,Herido,Choque,Desobedecer senales,Transversal 32 C Sur Diagonal 32,La Magnolia,Urbana,"(6.175116463, -75.58238464)"
2172381,08/15/2017,5:50 p.m.,Martes,Bus,Publico,Conductor,Masculino,NO,Sin Registro,Solo Daños,Choque,Adelantar cerrando,Carrera 29 A Calle 37  Sur,Manuel Uribe Angel,Urbana,"(6.165896279, -75.58063202)"
2172381,08/15/2017,5:50 p.m.,Martes,Camioneta,Particular,Conductor,Femenino,NO,Sin Registro,Solo Daños,Choque,Adelantar cerrando,Carrera 29 A Calle 37  Sur,Manuel Uribe Angel,Urbana,"(6.165896279, -75.58063202)"
2172410,08/16/2017,3:00 p.m.,Miércoles,Campero,Particular,Conductor,Masculino,NO,Sin Registro,Solo Daños,Choque,Otra,Tramo 372 Kilometro  15,Vereda Palmas,Rural,
2172404,08/16/2017,6:25 a.m.,Miércoles,Microbus,Publico,Conductor,Masculino,NO,Sin Registro,Solo Daños,Choque,Adelantar invadiendo carril del mismo sentido en zigzag,Calle 36 D Sur Carrera 27 D,Vereda El Escobero,Urbana,"(6.164970853, -75.57463727)"
2172404,08/16/2017,6:25 a.m.,Miércoles,Bus,Publico,Conductor,Masculino,NO,Sin Registro,Solo Daños,Choque,Adelantar invadiendo carril del mismo sentido en zigzag,Calle 36 D Sur Carrera 27 D,Vereda El Escobero,Urbana,"(6.164970853, -75.57463727)"
2173878,08/16/2017,7:56 p.m.,Miércoles,Automovil,Particular,Conductor,Sin Registro,NO,Sin Registro,Solo Daños,Choque,Impericia en el manejo,Carrera 39 Calle 36  Sur,Zona Centro,Urbana,"(6.169632254, -75.58433773)"
2173878,08/16/2017,7:56 p.m.,Miércoles,Motocicleta,Particular,Motociclista,Femenino,NO,Sin Registro,Solo Daños,Choque,Impericia en el manejo,Carrera 39 Calle 36  Sur,Zona Centro,Urbana,"(6.169632254, -75.58433773)"
2172398,08/16/2017,2:20 p.m.,Miércoles,Camion,Publico,Conductor,Masculino,NO,Sin Registro,Solo Daños,Choque,No mantener distancia de seguridad,Carrera 50 Calle 39 A Sur,Las Vegas,Urbana,
2172398,08/16/2017,2:20 p.m.,Miércoles,Automovil,Publico,Conductor,Masculino,NO,Sin Registro,Solo Daños,Choque,No mantener distancia de seguridad,Carrera 50 Calle 39 A Sur,Las Vegas,Urbana,
2172407,08/16/2017,6:40 a.m.,Miércoles,Automovil,Particular,Conductor,Masculino,NO,Sin Registro,Solo Daños,Choque,No mantener distancia de seguridad,Calle 25  Sur Carrera 46,Zuñiga,Urbana,"(6.183044029, -75.5826185)"
2172407,08/16/2017,6:40 a.m.,Miércoles,Automovil,Particular,Conductor,Femenino,NO,Sin Registro,Solo Daños,Choque,No mantener distancia de seguridad,Calle 25  Sur Carrera 46,Zuñiga,Urbana,"(6.183044029, -75.5826185)"
2172468,08/16/2017,3:30 p.m.,Miércoles,Automovil,Particular,Conductor,Masculino,NO,Sin Registro,Solo Daños,Choque,No mantener distancia de seguridad,Carrera 41 Diagonal 40,Zona Centro,Urbana,"(6.166920833, -75.58799502)"
2172468,08/16/2017,3:30 p.m.,Miércoles,Motocicleta,Particular,Motociclista,Masculino,NO,Sin Registro,Solo Daños,Choque,No mantener distancia de seguridad,Carrera 41 Diagonal 40,Zona Centro,Urbana,"(6.166920833, -75.58799502)"
2172403,08/16/2017,12:30 p.m.,Miércoles,Automovil,Particular,Conductor,Masculino,NO,Sin Registro,Solo Daños,Choque,No mantener distancia de seguridad,Calle 37  Sur Carrera 29 A,La Magnolia,Urbana,"(6.166159821, -75.58061864)"
2172403,08/16/2017,12:30 p.m.,Miércoles,Motocicleta,Particular,Motociclista,Masculino,NO,Sin Registro,Solo Daños,Choque,No mantener distancia de seguridad,Calle 37  Sur Carrera 29 A,La Magnolia,Urbana,"(6.166159821, -75.58061864)"
2172406,08/16/2017,10:30 a.m.,Miércoles,Motocicleta,Particular,Motociclista,Masculino,NO,Sin Registro,Herido,Choque,Transitar entre vehiculos,Calle 37  Sur Carrera 48,Las Vegas,Urbana,"(6.17412211, -75.59306111)"
2172406,08/16/2017,10:30 a.m.,Miércoles,Bicicleta,Sin Registro,Ciclista,Masculino,NO,Sin Registro,Herido,Choque,Transitar entre vehiculos,Calle 37  Sur Carrera 48,Las Vegas,Urbana,"(6.17412211, -75.59306111)"
2172392,08/16/2017,6:50 a.m.,Miércoles,Bus,Publico,Conductor,Masculino,NO,Sin Registro,Solo Daños,Choque,Adelantar cerrando,Carrera 43 A Calle 40  Sur,Alcala,Urbana,"(6.168044687, -75.59026877)"
2172392,08/16/2017,6:50 a.m.,Miércoles,Camioneta,Particular,Conductor,Masculino,NO,Sin Registro,Solo Daños,Choque,Adelantar cerrando,Carrera 43 A Calle 40  Sur,Alcala,Urbana,"(6.168044687, -75.59026877)"
2172412,08/16/2017,11:40 a.m.,Miércoles,Motocicleta,Particular,Motociclista,Masculino,NO,Sin Registro,Herido,Choque,Otra,Calle 38  Sur Carrera 41,Zona Centro,Urbana,"(6.169244976, -75.58658807)"
2172412,08/16/2017,11:40 a.m.,Miércoles,Motocicleta,Particular,Motociclista,Masculino,NO,Sin Registro,Herido,Choque,Otra,Calle 38  Sur Carrera 41,Zona Centro,Urbana,"(6.169244976, -75.58658807)"
2172411,08/16/2017,1:50 p.m.,Miércoles,Automovil,Particular,Conductor,Masculino,NO,Sin Registro,Solo Daños,Choque,Otra,Tramo 372 Kilometro  14,Vereda Palmas,Rural,
2172411,08/16/2017,1:50 p.m.,Miércoles,Automovil,Particular,Conductor,Femenino,NO,Sin Registro,Solo Daños,Choque,Otra,Tramo 372 Kilometro  14,Vereda Palmas,Rural,
2172411,08/16/2017,1:50 p.m.,Miércoles,Automovil,Particular,Conductor,Masculino,NO,Sin Registro,Solo Daños,Choque,Otra,Tramo 372 Kilometro  14,Vereda Palmas,Rural,
2172413,08/16/2017,4:40 p.m.,Miércoles,Automovil,Particular,Conductor,Masculino,NO,Sin Registro,Solo Daños,Choque,Otra,Calle 39  Sur Carrera 25 B,El Chinguí,Urbana,"(6.157563812, -75.57922413)"
2172413,08/16/2017,4:40 p.m.,Miércoles,Camioneta,Particular,Conductor,Femenino,NO,Sin Registro,Solo Daños,Choque,Otra,Calle 39  Sur Carrera 25 B,El Chinguí,Urbana,"(6.157563812, -75.57922413)"
2172397,08/16/2017,2:40 p.m.,Miércoles,Bus,Publico,Conductor,Masculino,NO,Sin Registro,Solo Daños,Choque,Girar bruscamente,Calle 38 A Sur Carrera 44,Alcala,Urbana,"(6.170343187, -75.58995471)"
2172397,08/16/2017,2:40 p.m.,Miércoles,Camioneta,Particular,Conductor,Femenino,NO,Sin Registro,Solo Daños,Choque,Girar bruscamente,Calle 38 A Sur Carrera 44,Alcala,Urbana,"(6.170343187, -75.58995471)"
2172399,08/16/2017,6:45 p.m.,Miércoles,Automovil,Publico,Conductor,Masculino,NO,Sin Registro,Solo Daños,Choque,Desobedecer senales,Calle 39  Sur Carrera 27 B,El Chinguí,Urbana,"(6.159217585, -75.57883462)"
2172399,08/16/2017,6:45 p.m.,Miércoles,Automovil,Particular,Conductor,Femenino,NO,Sin Registro,Solo Daños,Choque,Desobedecer senales,Calle 39  Sur Carrera 27 B,El Chinguí,Urbana,"(6.159217585, -75.57883462)"
2172393,08/16/2017,7:50 a.m.,Miércoles,Automovil,Publico,Conductor,Masculino,NO,Sin Registro,Herido,Choque,No mantener distancia de seguridad,Carrera 48 Calle 19  Sur,Las Vegas,Urbana,"(6.187349001, -75.58153568)"
2172393,08/16/2017,7:50 a.m.,Miércoles,Camioneta,Particular,Conductor,Femenino,NO,Sin Registro,Herido,Choque,No mantener distancia de seguridad,Carrera 48 Calle 19  Sur,Las Vegas,Urbana,"(6.187349001, -75.58153568)"
2172409,08/16/2017,6:50 p.m.,Miércoles,Motocicleta,Particular,Motociclista,Masculino,NO,Sin Registro,Herido,Choque,Otra,Carrera 39 Calle 37  Sur,Zona Centro,Urbana,"(6.16891714, -75.58481873)"
2172409,08/16/2017,6:50 p.m.,Miércoles,Motocicleta,Particular,Motociclista,Masculino,NO,Sin Registro,Herido,Choque,Otra,Carrera 39 Calle 37  Sur,Zona Centro,Urbana,"(6.16891714, -75.58481873)"
2180351,08/16/2017,9:55 a.m.,Miércoles,Camioneta,Particular,Conductor,Masculino,NO,Sin Registro,Solo Daños,Choque,Adelantar invadiendo carril del mismo sentido en zigzag,Carrera 48 Calle 37  Sur,Glorieta De Peldar,Urbana,"(6.172859211, -75.59276992)"
2172520,08/28/2017,6:50 a.m.,Lunes,Camioneta,Particular,Conductor,Masculino,NO,Sin Registro,Solo Daños,Choque,Impericia en el manejo,Calle 38  Sur Carrera 29 A,Mesa,Urbana,"(6.165022576, -75.58071311)"
2180351,08/16/2017,9:55 a.m.,Miércoles,Automovil,Particular,Conductor,Masculino,NO,Sin Registro,Solo Daños,Choque,Adelantar invadiendo carril del mismo sentido en zigzag,Carrera 48 Calle 37  Sur,Glorieta De Peldar,Urbana,"(6.172859211, -75.59276992)"
2172408,08/16/2017,12:50 p.m.,Miércoles,Automovil,Particular,Conductor,Masculino,NO,Sin Registro,Solo Daños,Choque,Girar bruscamente,Calle 37  Sur Carrera 29 A,La Magnolia,Urbana,"(6.166159821, -75.58061864)"
2172408,08/16/2017,12:50 p.m.,Miércoles,Automovil,Publico,Conductor,Masculino,NO,Sin Registro,Solo Daños,Choque,Girar bruscamente,Calle 37  Sur Carrera 29 A,La Magnolia,Urbana,"(6.166159821, -75.58061864)"
2172456,08/17/2017,4:00 p.m.,Jueves,Automovil,Particular,Conductor,Masculino,NO,Sin Registro,Solo Daños,Choque,Adelantar cerrando,Tramo 372 Kilometro  17,Vereda Palmas,Rural,
2172456,08/17/2017,4:00 p.m.,Jueves,Automovil,Particular,Conductor,Femenino,NO,Sin Registro,Solo Daños,Choque,Adelantar cerrando,Tramo 372 Kilometro  17,Vereda Palmas,Rural,
2173716,08/17/2017,7:30 p.m.,Jueves,Campero,Particular,Conductor,Masculino,NO,Sin Registro,Solo Daños,Choque,Impericia en el manejo,Tramo 372 Kilometro  12,Vereda Palmas,Rural,
2173716,08/17/2017,7:30 p.m.,Jueves,Campero,Particular,Conductor,Masculino,NO,Sin Registro,Solo Daños,Choque,Impericia en el manejo,Tramo 372 Kilometro  12,Vereda Palmas,Rural,
2172466,08/17/2017,3:05 p.m.,Jueves,Motocicleta,Particular,Motociclista,Femenino,NO,Sin Registro,Herido,Choque,Adelantar por la derecha,Carrera 50 Calle 34 A Sur,Las Vegas,Urbana,
2172466,08/17/2017,3:05 p.m.,Jueves,Motocicleta,Particular,Motociclista,Masculino,NO,Sin Registro,Herido,Choque,Adelantar por la derecha,Carrera 50 Calle 34 A Sur,Las Vegas,Urbana,
2172423,08/17/2017,8:15 a.m.,Jueves,Automovil,Publico,Conductor,Masculino,NO,Sin Registro,Solo Daños,Choque,Otra,Carrera 42 B Calle 45  Sur,La Paz,Urbana,"(6.163500062, -75.59344957)"
2172423,08/17/2017,8:15 a.m.,Jueves,Motocicleta,Particular,Motociclista,Masculino,NO,Sin Registro,Solo Daños,Choque,Otra,Carrera 42 B Calle 45  Sur,La Paz,Urbana,"(6.163500062, -75.59344957)"
2172405,08/17/2017,8:10 p.m.,Jueves,Automovil,Particular,Conductor,Femenino,NO,Sin Registro,Solo Daños,Choque,Arrancar sin precaucion,Diagonal 31 B Transversal 32 C Sur,Las Flores,Urbana,"(6.175671184, -75.57915818)"
2172405,08/17/2017,8:10 p.m.,Jueves,Automovil,Particular,Conductor,Femenino,NO,Sin Registro,Solo Daños,Choque,Arrancar sin precaucion,Diagonal 31 B Transversal 32 C Sur,Las Flores,Urbana,"(6.175671184, -75.57915818)"
2172422,08/17/2017,4:20 p.m.,Jueves,Bus,Publico,Conductor,Masculino,NO,Sin Registro,Solo Daños,Choque,Reverso imprudente,Tramo 379 Kilometro  4,El Salado,Rural,
2172422,08/17/2017,4:20 p.m.,Jueves,Campero,Particular,Conductor,Masculino,NO,Sin Registro,Solo Daños,Choque,Reverso imprudente,Tramo 379 Kilometro  4,El Salado,Rural,
2172638,07/09/2017,6:30 a.m.,Jueves,Automovil,Particular,Conductor,Masculino,NO,Sin Registro,Herido,Choque,Adelantar cerrando,Carrera 48 Calle 20  Sur,Zuñiga,Urbana,
2172442,08/17/2017,8:45 p.m.,Jueves,Motocicleta,Particular,Motociclista,Masculino,NO,Sin Registro,Solo Daños,Choque,No respetar prelacion,Calle 46  Sur Carrera 46,Primavera,Urbana,"(6.164633401, -75.59668961)"
2172442,08/17/2017,8:45 p.m.,Jueves,Automovil,Particular,Conductor,Masculino,NO,Sin Registro,Solo Daños,Choque,No respetar prelacion,Calle 46  Sur Carrera 46,Primavera,Urbana,"(6.164633401, -75.59668961)"
2172401,08/17/2017,6:40 p.m.,Jueves,Bus,Publico,Conductor,Masculino,NO,Sin Registro,Solo Daños,Choque,Poner en marcha un vehiculo sin precauci,Calle 38  Sur Carrera 31,Mesa,Urbana,"(6.165577674, -75.58112182)"
2172401,08/17/2017,6:40 p.m.,Jueves,Camioneta,Publico,Conductor,Masculino,NO,Sin Registro,Solo Daños,Choque,Poner en marcha un vehiculo sin precauci,Calle 38  Sur Carrera 31,Mesa,Urbana,"(6.165577674, -75.58112182)"
2172402,08/17/2017,7:45 a.m.,Jueves,Automovil,Publico,Conductor,Masculino,NO,Sin Registro,Solo Daños,Choque,Desobedecer senales,Calle 36  Sur Carrera 42,Zona Centro,Urbana,"(6.17108429, -75.58648741)"
2172402,08/17/2017,7:45 a.m.,Jueves,Camion,Publico,Conductor,Masculino,NO,Sin Registro,Solo Daños,Choque,Desobedecer senales,Calle 36  Sur Carrera 42,Zona Centro,Urbana,"(6.17108429, -75.58648741)"
2172435,08/17/2017,1:55 p.m.,Jueves,Camioneta,Particular,Conductor,Masculino,NO,Sin Registro,Solo Daños,Choque,Impericia en el manejo,Carrera 32 Calle 37  Sur,Mesa,Urbana,"(6.1665774, -75.58116341)"
2172435,08/17/2017,1:55 p.m.,Jueves,Camioneta,Particular,Conductor,Masculino,NO,Sin Registro,Solo Daños,Choque,Impericia en el manejo,Carrera 32 Calle 37  Sur,Mesa,Urbana,"(6.1665774, -75.58116341)"
2172400,08/17/2017,8:55 a.m.,Jueves,Automovil,Particular,Conductor,Femenino,NO,Sin Registro,Herido,Choque,Transitar entre vehiculos,Tramo 376 Kilometro  0,Vereda Perico,Rural,
2172400,08/17/2017,8:55 a.m.,Jueves,Motocicleta,Particular,Motociclista,Masculino,NO,Sin Registro,Herido,Choque,Transitar entre vehiculos,Tramo 376 Kilometro  0,Vereda Perico,Rural,
2172441,08/18/2017,6:00 p.m.,Viernes,Motocicleta,Particular,Motociclista,Masculino,NO,Sin Registro,Solo Daños,Choque,Semaforo en rojo,Transversal 33 A Sur Diagonal 31,Las Flores,Urbana,"(6.173844844, -75.57902317)"
2172441,08/18/2017,6:00 p.m.,Viernes,Motocicleta,Particular,Motociclista,Masculino,NO,Sin Registro,Solo Daños,Choque,Semaforo en rojo,Transversal 33 A Sur Diagonal 31,Las Flores,Urbana,"(6.173844844, -75.57902317)"
2172443,08/18/2017,10:00 a.m.,Viernes,Motocicleta,Particular,Motociclista,Masculino,NO,Sin Registro,Solo Daños,Otro,Superficie lisa,Tramo 371 Kilometro  2,Vereda El Escobero,Rural,
2172444,08/18/2017,5:00 p.m.,Viernes,Automovil,Publico,Conductor,Masculino,NO,Sin Registro,Herido,Atropello,No mantener distancia de seguridad,Carrera 48 Calle 25 A Sur,Las Vegas,Urbana,"(6.184740152, -75.58365742)"
2172444,08/18/2017,5:00 p.m.,Viernes,Automovil,Particular,Conductor,Masculino,NO,Sin Registro,Herido,Atropello,No mantener distancia de seguridad,Carrera 48 Calle 25 A Sur,Las Vegas,Urbana,"(6.184740152, -75.58365742)"
2172444,08/18/2017,5:00 p.m.,Viernes,Motocicleta,Particular,Motociclista,Femenino,NO,Sin Registro,Herido,Atropello,No mantener distancia de seguridad,Carrera 48 Calle 25 A Sur,Las Vegas,Urbana,"(6.184740152, -75.58365742)"
2172415,08/18/2017,3:10 p.m.,Viernes,Automovil,Particular,Conductor,Masculino,NO,Sin Registro,Solo Daños,Choque,Desobedecer senales,Transversal 33  Sur Diagonal 32,La Magnolia,Urbana,"(6.174666095, -75.58222807)"
2172415,08/18/2017,3:10 p.m.,Viernes,Automovil,Particular,Conductor,Masculino,NO,Sin Registro,Solo Daños,Choque,Desobedecer senales,Transversal 33  Sur Diagonal 32,La Magnolia,Urbana,"(6.174666095, -75.58222807)"
2172427,08/18/2017,3:11 p.m.,Viernes,Camioneta,Particular,Conductor,Masculino,NO,Sin Registro,Solo Daños,Choque,No mantener distancia de seguridad,Calle 37  Sur Carrera 33,Los Naranjos,Urbana,"(6.167021726, -75.58168458)"