RADICADO,FECHA,HORA,DÍA DE LA SEMANA,CLASE DE VEHICULO,TIPO DE SERVICIO,TIPO DE VICTIMA,SEXO,ESTADO DE BEODEZ,RESULTADO DE BEODEZ,GRAVEDAD,CLASE DE ACCIDENTE,CAUSA,DIRECCIÓN,BARRIO,AREA,Coordenadas
2172427,08/18/2017,3:11 p.m.,Viernes,Automovil,Particular,Conductor,Masculino,NO,Sin Registro,Solo Daños,Choque,No mantener distancia de seguridad,Calle 37  Sur Carrera 33,Los Naranjos,Urbana,"(6.167021726, -75.58168458)"
2172426,08/18/2017,10:10 a.m.,Viernes,Camioneta,Publico,Conductor,Masculino,NO,Sin Registro,Solo Daños,Choque,No mantener distancia de seguridad,Calle 39  Sur Carrera 50,Las Vegas,Urbana,
2172426,08/18/2017,10:10 a.m.,Viernes,Automovil,Particular,Conductor,Masculino,NO,Sin Registro,Solo Daños,Choque,No mantener distancia de seguridad,Calle 39  Sur Carrera 50,Las Vegas,Urbana,
2172417,08/18/2017,4:20 p.m.,Viernes,Automovil,Particular,Conductor,Femenino,NO,Sin Registro,Solo Daños,Choque,No mantener distancia de seguridad,Calle 50  Sur Carrera 48,Las Vegas,Urbana,
2172417,08/18/2017,4:20 p.m.,Viernes,Motocicleta,Particular,Motociclista,Masculino,NO,Sin Registro,Solo Daños,Choque,No mantener distancia de seguridad,Calle 50  Sur Carrera 48,Las Vegas,Urbana,
2172432,08/18/2017,9:00 p.m.,Viernes,Automovil,Diplomatico,Conductor,Femenino,NO,Sin Registro,Solo Daños,Choque,Desobedecer senales,Calle 32  Sur Carrera 43 B,San Marcos,Urbana,"(6.175811967, -75.58669201)"
2172432,08/18/2017,9:00 p.m.,Viernes,Automovil,Particular,Conductor,Femenino,NO,Sin Registro,Solo Daños,Choque,Desobedecer senales,Calle 32  Sur Carrera 43 B,San Marcos,Urbana,"(6.175811967, -75.58669201)"
2172436,08/18/2017,3:50 p.m.,Viernes,Bus,Publico,Conductor,Masculino,NO,Sin Registro,Solo Daños,Choque,Reverso imprudente,Carrera 42 Calle 36  Sur,Zona Centro,Urbana,"(6.170966181, -75.5864635)"
2172436,08/18/2017,3:50 p.m.,Viernes,Bus,Publico,Conductor,Masculino,NO,Sin Registro,Solo Daños,Choque,Reverso imprudente,Carrera 42 Calle 36  Sur,Zona Centro,Urbana,"(6.170966181, -75.5864635)"
2172457,08/19/2017,1:00 p.m.,Sábado,Motocicleta,Particular,Motociclista,Masculino,NO,Sin Registro,Solo Daños,Choque,Adelantar cerrando,Carrera 49 Calle 25  Sur,Las Vegas,Urbana,"(6.18641241, -75.58506296)"
2172457,08/19/2017,1:00 p.m.,Sábado,Automovil,Particular,Conductor,Masculino,NO,Sin Registro,Solo Daños,Choque,Adelantar cerrando,Carrera 49 Calle 25  Sur,Las Vegas,Urbana,"(6.18641241, -75.58506296)"
2172416,08/19/2017,7:10 p.m.,Sábado,Motocicleta,Particular,Motociclista,Masculino,NO,Sin Registro,Herido,Choque,Transitar entre vehiculos,Carrera 48 Calle 33 B Sur,Las Vegas,Urbana,"(6.175955833, -75.59046195)"
2172416,08/19/2017,7:10 p.m.,Sábado,Camioneta,Particular,Conductor,Masculino,NO,Sin Registro,Herido,Choque,Transitar entre vehiculos,Carrera 48 Calle 33 B Sur,Las Vegas,Urbana,"(6.175955833, -75.59046195)"
2172434,08/19/2017,5:20 a.m.,Sábado,Motocicleta,Particular,Motociclista,Masculino,NO,Sin Registro,Solo Daños,Choque,Desobedecer senales,Carrera 42 Calle 35  Sur,Zona Centro,Urbana,"(6.171623749, -75.58604338)"
2172434,08/19/2017,5:20 a.m.,Sábado,Automovil,Particular,Conductor,Masculino,NO,Sin Registro,Solo Daños,Choque,Desobedecer senales,Carrera 42 Calle 35  Sur,Zona Centro,Urbana,"(6.171623749, -75.58604338)"
2172445,08/19/2017,7:15 a.m.,Sábado,Automovil,Particular,Conductor,Masculino,NO,Sin Registro,Herido,Choque,Impericia en el manejo,Carrera 50 Calle 49  Sur,Las Vegas,Urbana,
2172445,08/19/2017,7:15 a.m.,Sábado,Motocicleta,Particular,Motociclista,Masculino,NO,Sin Registro,Herido,Choque,Impericia en el manejo,Carrera 50 Calle 49  Sur,Las Vegas,Urbana,
2172445,08/19/2017,7:15 a.m.,Sábado,Automovil,Particular,Conductor,Femenino,NO,Sin Registro,Herido,Choque,Impericia en el manejo,Carrera 50 Calle 49  Sur,Las Vegas,Urbana,
2172424,08/19/2017,12:20 p.m.,Sábado,Automovil,Particular,Conductor,Masculino,NO,Sin Registro,Solo Daños,Choque,No mantener distancia de seguridad,Carrera 50 Calle 49  Sur,Las Vegas,Urbana,
2172424,08/19/2017,12:20 p.m.,Sábado,Motocicleta,Particular,Motociclista,Masculino,NO,Sin Registro,Solo Daños,Choque,No mantener distancia de seguridad,Carrera 50 Calle 49  Sur,Las Vegas,Urbana,
2172451,08/19/2017,9:20 a.m.,Sábado,Motocicleta,Particular,Motociclista,Masculino,NO,Sin Registro,Solo Daños,Choque,Impericia en el manejo,Calle 37  Sur Carrera 39,Zona Centro,Urbana,"(6.169035546, -75.58484755)"
2172451,08/19/2017,9:20 a.m.,Sábado,Campero,Particular,Conductor,Masculino,NO,Sin Registro,Solo Daños,Choque,Impericia en el manejo,Calle 37  Sur Carrera 39,Zona Centro,Urbana,"(6.169035546, -75.58484755)"
2172458,08/19/2017,10:20 a.m.,Sábado,Campero,Particular,Conductor,Masculino,NO,Sin Registro,Solo Daños,Choque,Impericia en el manejo,Carrera 39 B Calle 48 B Sur,El Trianon,Urbana,"(6.157402192, -75.59459509)"
2172458,08/19/2017,10:20 a.m.,Sábado,Camion,Oficial,Conductor,Masculino,NO,Sin Registro,Solo Daños,Choque,Impericia en el manejo,Carrera 39 B Calle 48 B Sur,El Trianon,Urbana,"(6.157402192, -75.59459509)"
2172467,08/19/2017,11:30 a.m.,Sábado,Motocicleta,Particular,Motociclista,Masculino,NO,Sin Registro,Herido,Caida Ocupante,Impericia en el manejo,Carrera 25 Calle 41 B Sur,San Rafael,Urbana,"(6.153938687, -75.58622184)"
2172459,08/19/2017,3:30 p.m.,Sábado,Automovil,Particular,Conductor,Masculino,NO,Sin Registro,Solo Daños,Choque,No mantener distancia de seguridad,Diagonal 31 E Transversal 34 B Sur,Obrero,Urbana,"(6.172689669, -75.57882729)"
2172459,08/19/2017,3:30 p.m.,Sábado,Motocicleta,Particular,Motociclista,Masculino,NO,Sin Registro,Solo Daños,Choque,No mantener distancia de seguridad,Diagonal 31 E Transversal 34 B Sur,Obrero,Urbana,"(6.172689669, -75.57882729)"
2172419,08/19/2017,4:30 p.m.,Sábado,Campero,Particular,Conductor,Masculino,NO,Sin Registro,Solo Daños,Choque,Otra,Calle 38 A Sur Carrera 33,Mesa,Urbana,"(6.165645413, -75.58254878)"
2172419,08/19/2017,4:30 p.m.,Sábado,Buseta,Publico,Conductor,Masculino,NO,Sin Registro,Solo Daños,Choque,Otra,Calle 38 A Sur Carrera 33,Mesa,Urbana,"(6.165645413, -75.58254878)"
2172430,08/19/2017,3:45 a.m.,Sábado,Motocicleta,Particular,Motociclista,Masculino,NO,Sin Registro,Muerto,Choque,Impericia en el manejo,Tramo 373 Kilometro  13,Vereda Palmas,Rural,
2172446,08/19/2017,9:45 a.m.,Sábado,Automovil,Particular,Conductor,Femenino,NO,Sin Registro,Solo Daños,Choque,No respetar prelacion,Calle 38 A Sur Carrera 38,Mesa,Urbana,"(6.167339205, -75.58513636)"
2172414,08/19/2017,1:30 a.m.,Sábado,Campero,Particular,Conductor,Masculino,NO,Sin Registro,Solo Daños,Choque,Superficie lisa,Tramo 373 Kilometro  5,Vereda Palmas,Rural,
2172446,08/19/2017,9:45 a.m.,Sábado,Camioneta,Publico,Conductor,Femenino,NO,Sin Registro,Solo Daños,Choque,No respetar prelacion,Calle 38 A Sur Carrera 38,Mesa,Urbana,"(6.167339205, -75.58513636)"
2172421,08/19/2017,11:30 p.m.,Sábado,Automovil,Particular,Conductor,Femenino,NO,Sin Registro,Solo Daños,Choque,Desobedecer senales,Carrera 43 Calle 33 B Sur,Zona Centro,Urbana,"(6.172873357, -75.5860846)"
2172421,08/19/2017,11:30 p.m.,Sábado,Automovil,Publico,Conductor,Masculino,NO,Sin Registro,Solo Daños,Choque,Desobedecer senales,Carrera 43 Calle 33 B Sur,Zona Centro,Urbana,"(6.172873357, -75.5860846)"
2172420,08/20/2017,12:00 p.m.,Domingo,Automovil,Particular,Conductor,Femenino,NO,Sin Registro,Solo Daños,Choque,Transitar en contravia,Diagonal 29 Transversal 34 F Sur,La Sebastiana,Urbana,"(6.169949011, -75.57757889)"
2172420,08/20/2017,12:00 p.m.,Domingo,Motocicleta,Particular,Motociclista,Masculino,NO,Sin Registro,Solo Daños,Choque,Transitar en contravia,Diagonal 29 Transversal 34 F Sur,La Sebastiana,Urbana,"(6.169949011, -75.57757889)"
2172461,08/20/2017,2:00 p.m.,Domingo,Bus,Publico,Conductor,Masculino,NO,Sin Registro,Solo Daños,Choque,No mantener distancia de seguridad,Calle 40  Sur Carrera 48,Las Vegas,Urbana,"(6.158744179, -75.59459712)"
2172461,08/20/2017,2:00 p.m.,Domingo,Bus,Publico,Conductor,Masculino,NO,Sin Registro,Solo Daños,Choque,No mantener distancia de seguridad,Calle 40  Sur Carrera 48,Las Vegas,Urbana,"(6.158744179, -75.59459712)"
2172463,08/20/2017,11:05 a.m.,Domingo,Camion,Publico,Conductor,Masculino,NO,Sin Registro,Solo Daños,Choque,Adelantar cerrando,Calle 33 B Sur Carrera 42,Zona Centro,Urbana,"(6.17255447, -75.58554957)"
2172463,08/20/2017,11:05 a.m.,Domingo,Campero,Particular,Conductor,Femenino,NO,Sin Registro,Solo Daños,Choque,Adelantar cerrando,Calle 33 B Sur Carrera 42,Zona Centro,Urbana,"(6.17255447, -75.58554957)"
2172418,08/20/2017,1:20 p.m.,Domingo,Campero,Particular,Conductor,Femenino,NO,Sin Registro,Solo Daños,Choque,No mantener distancia de seguridad,Tramo 373 Kilometro  9,Vereda Palmas,Rural,
2172418,08/20/2017,1:20 p.m.,Domingo,Campero,Particular,Conductor,Femenino,NO,Sin Registro,Solo Daños,Choque,No mantener distancia de seguridad,Tramo 373 Kilometro  9,Vereda Palmas,Rural,
2172433,08/20/2017,11:20 a.m.,Domingo,Automovil,Particular,Conductor,Masculino,NO,Sin Registro,Solo Daños,Choque,No mantener distancia de seguridad,Tramo 372 Kilometro  13,Vereda Palmas,Rural,
2172433,08/20/2017,11:20 a.m.,Domingo,Camioneta,Particular,Conductor,Masculino,NO,Sin Registro,Solo Daños,Choque,No mantener distancia de seguridad,Tramo 372 Kilometro  13,Vereda Palmas,Rural,
2172545,08/29/2017,5:30 p.m.,Martes,Automovil,Particular,Conductor,Femenino,NO,Sin Registro,Solo Daños,Choque,Superficie lisa,Carrera 50 Calle 25  Sur,Las Vegas,Urbana,"(6.186515998, -75.58512541)"
2172429,08/20/2017,9:40 p.m.,Domingo,Campero,Particular,Conductor,Masculino,NO,Sin Registro,Solo Daños,Choque,Girar bruscamente,Carrera 27 Calle 28  Sur,La Inmaculada,Urbana,"(6.171086787, -75.569081)"
2172429,08/20/2017,9:40 p.m.,Domingo,Motocicleta,Particular,Motociclista,Masculino,NO,Sin Registro,Solo Daños,Choque,Girar bruscamente,Carrera 27 Calle 28  Sur,La Inmaculada,Urbana,"(6.171086787, -75.569081)"
2172431,08/20/2017,7:50 a.m.,Domingo,Bus,Publico,Conductor,Masculino,NO,Sin Registro,Solo Daños,Choque,Impericia en el manejo,Carrera 50 Calle 37  Sur,Las Vegas,Urbana,
2172431,08/20/2017,7:50 a.m.,Domingo,Automovil,Particular,Conductor,Masculino,NO,Sin Registro,Solo Daños,Choque,Impericia en el manejo,Carrera 50 Calle 37  Sur,Las Vegas,Urbana,
2172517,08/22/2017,3:30 p.m.,Martes,Motocicleta,Particular,Motociclista,Masculino,NO,Sin Registro,Solo Daños,Choque,No mantener distancia de seguridad,Tramo 373 Kilometro  8,Vereda Palmas,Rural,
2172425,08/20/2017,10:30 p.m.,Domingo,Automovil,Particular,Conductor,Masculino,NO,Sin Registro,Solo Daños,Choque,No mantener distancia de seguridad,Carrera 43 A Calle 37  Sur,Zona Centro,Urbana,"(6.171024704, -75.5881647)"
2172425,08/20/2017,10:30 p.m.,Domingo,Motocicleta,Particular,Motociclista,Masculino,NO,Sin Registro,Solo Daños,Choque,No mantener distancia de seguridad,Carrera 43 A Calle 37  Sur,Zona Centro,Urbana,"(6.171024704, -75.5881647)"
2172438,08/21/2017,7:05 p.m.,Lunes,Automovil,Particular,Conductor,Masculino,NO,Sin Registro,Solo Daños,Choque,Impericia en el manejo,Carrera 27 D Calle 34 DD Sur,La Inmaculada,Urbana,"(6.170304561, -75.57558236)"
2172438,08/21/2017,7:05 p.m.,Lunes,Automovil,Particular,Conductor,Masculino,NO,Sin Registro,Solo Daños,Choque,Impericia en el manejo,Carrera 27 D Calle 34 DD Sur,La Inmaculada,Urbana,"(6.170304561, -75.57558236)"
2172440,08/21/2017,4:45 p.m.,Lunes,Automovil,Particular,Conductor,Masculino,NO,Sin Registro,Solo Daños,Choque,No respetar prelacion,Calle 39  Sur Carrera 40,Zona Centro,Urbana,"(6.167409609, -75.58672098)"
2172440,08/21/2017,4:45 p.m.,Lunes,Automovil,Particular,Conductor,Femenino,NO,Sin Registro,Solo Daños,Choque,No respetar prelacion,Calle 39  Sur Carrera 40,Zona Centro,Urbana,"(6.167409609, -75.58672098)"
2172428,08/21/2017,9:50 p.m.,Lunes,Automovil,Particular,Conductor,Masculino,NO,Sin Registro,Solo Daños,Choque,No mantener distancia de seguridad,Calle 38  Sur Carrera 48,Las Vegas,Urbana,
2172428,08/21/2017,9:50 p.m.,Lunes,Automovil,Particular,Conductor,Masculino,NO,Sin Registro,Solo Daños,Choque,No mantener distancia de seguridad,Calle 38  Sur Carrera 48,Las Vegas,Urbana,
2172453,08/22/2017,3:00 p.m.,Martes,Bus,Publico,Conductor,Masculino,NO,Sin Registro,Solo Daños,Choque,Reverso imprudente,Calle 40 B Sur Carrera 45 F,Alcala,Urbana,"(6.168139284, -75.59324118)"
2172453,08/22/2017,3:00 p.m.,Martes,Automovil,Particular,Conductor,Masculino,NO,Sin Registro,Solo Daños,Choque,Reverso imprudente,Calle 40 B Sur Carrera 45 F,Alcala,Urbana,"(6.168139284, -75.59324118)"
2172452,08/22/2017,4:00 p.m.,Martes,Automovil,Particular,Conductor,Masculino,NO,Sin Registro,Solo Daños,Choque,Reverso imprudente,Calle 32  Sur Carrera 47,El Portal,Urbana,"(6.17760103, -75.58948258)"
2172452,08/22/2017,4:00 p.m.,Martes,Automovil,Particular,Conductor,Femenino,NO,Sin Registro,Solo Daños,Choque,Reverso imprudente,Calle 32  Sur Carrera 47,El Portal,Urbana,"(6.17760103, -75.58948258)"
2172454,08/22/2017,7:00 a.m.,Martes,Automovil,Particular,Conductor,Masculino,NO,Sin Registro,Solo Daños,Choque,Girar bruscamente,Calle 25  Sur Carrera 47,Zuñiga,Urbana,
2172454,08/22/2017,7:00 a.m.,Martes,Camioneta,Publico,Conductor,Masculino,NO,Sin Registro,Solo Daños,Choque,Girar bruscamente,Calle 25  Sur Carrera 47,Zuñiga,Urbana,
2172479,08/22/2017,10:00 a.m.,Martes,Camioneta,Particular,Conductor,Femenino,NO,Sin Registro,Solo Daños,Choque,Girar bruscamente,Calle 37  Sur Carrera 48,Puente Fundadores,Urbana,"(6.17412211, -75.59306111)"
2172479,08/22/2017,10:00 a.m.,Martes,Automovil,Publico,Conductor,Masculino,NO,Sin Registro,Solo Daños,Choque,Girar bruscamente,Calle 37  Sur Carrera 48,Puente Fundadores,Urbana,"(6.17412211, -75.59306111)"
2172465,08/22/2017,8:00 p.m.,Martes,Motocicleta,Particular,Motociclista,Masculino,NO,Sin Registro,Herido,Atropello,Cruzar sin observar,Carrera 41 Calle 36  Sur,Zona Centro,Urbana,"(6.170520335, -75.58575425)"
2172465,08/22/2017,8:00 p.m.,Martes,Motocicleta,Particular,Motociclista,Masculino,NO,Sin Registro,Herido,Atropello,Exceso de velocidad,Carrera 41 Calle 36  Sur,Zona Centro,Urbana,"(6.170520335, -75.58575425)"
2172460,08/22/2017,5:10 p.m.,Martes,Bus,Publico,Conductor,Masculino,NO,Sin Registro,Herido,Caida Ocupante,Dejar/recoger pasajeros sitio no demarca,Carrera 43 A Calle 31  Sur,La Magnolia,Urbana,"(6.176754685, -75.58546897)"
2172439,08/22/2017,9:20 a.m.,Martes,Automovil,Particular,Conductor,Masculino,NO,Sin Registro,Solo Daños,Choque,Transitar en contravia,Carrera 46 Calle 22  Sur,Zuñiga,Urbana,"(6.183646796, -75.58234305)"
2172439,08/22/2017,9:20 a.m.,Martes,Campero,Particular,Conductor,Femenino,NO,Sin Registro,Solo Daños,Choque,Transitar en contravia,Carrera 46 Calle 22  Sur,Zuñiga,Urbana,"(6.183646796, -75.58234305)"
2172450,08/22/2017,6:40 a.m.,Martes,Campero,Particular,Conductor,Femenino,NO,Sin Registro,Herido,Choque,Impericia en el manejo,Tramo 373 Kilometro  7,Vereda Palmas,Rural,
2172517,08/22/2017,3:30 p.m.,Martes,Automovil,Particular,Conductor,Femenino,NO,Sin Registro,Solo Daños,Choque,No mantener distancia de seguridad,Tramo 373 Kilometro  8,Vereda Palmas,Rural,
2172447,08/22/2017,9:30 a.m.,Martes,Automovil,Particular,Conductor,Masculino,NO,Sin Registro,Herido,Choque,No mantener distancia de seguridad,Calle 37  Sur Carrera 50,Las Vegas,Urbana,
2172447,08/22/2017,9:30 a.m.,Martes,Motocicleta,Particular,Motociclista,Femenino,NO,Sin Registro,Herido,Choque,No mantener distancia de seguridad,Calle 37  Sur Carrera 50,Las Vegas,Urbana,
2172449,08/22/2017,10:40 a.m.,Martes,Automovil,Particular,Conductor,Masculino,NO,Sin Registro,Herido,Atropello,Cruzar sin observar,Carrera 40 A Calle 40 DD Sur,El Dorado,Urbana,"(6.165262871, -75.58896225)"
2172448,08/22/2017,7:45 a.m.,Martes,Automovil,Particular,Conductor,Masculino,NO,Sin Registro,Herido,Choque,Adelantar cerrando,Carrera 47 Calle 20  Sur,Zona Centro,Urbana,"(6.185657752, -75.58174522)"
2172448,08/22/2017,7:45 a.m.,Martes,Motocicleta,Particular,Motociclista,Femenino,NO,Sin Registro,Herido,Choque,Adelantar cerrando,Carrera 47 Calle 20  Sur,Zona Centro,Urbana,"(6.185657752, -75.58174522)"
2172437,08/22/2017,7:50 a.m.,Martes,Automovil,Particular,Conductor,Masculino,NO,Sin Registro,Solo Daños,Choque,No mantener distancia de seguridad,Carrera 50 Calle 46 A Sur,Las Vegas,Urbana,"(6.16131219, -75.60319818)"
2172437,08/22/2017,7:50 a.m.,Martes,Automovil,Particular,Conductor,Femenino,NO,Sin Registro,Solo Daños,Choque,No mantener distancia de seguridad,Carrera 50 Calle 46 A Sur,Las Vegas,Urbana,"(6.16131219, -75.60319818)"
2172437,08/22/2017,7:50 a.m.,Martes,Automovil,Particular,Conductor,Femenino,NO,Sin Registro,Solo Daños,Choque,No mantener distancia de seguridad,Carrera 50 Calle 46 A Sur,Las Vegas,Urbana,"(6.16131219, -75.60319818)"
2172490,08/23/2017,7:10 p.m.,Miércoles,Automovil,Particular,Conductor,Femenino,NO,Sin Registro,Solo Daños,Choque,Desobedecer senales,Carrera 41 Calle 44  Sur,El Dorado,Urbana,"(6.163946425, -75.59090434)"
2172490,08/23/2017,7:10 p.m.,Miércoles,Bicicleta,Sin Registro,Ciclista,Masculino,NO,Sin Registro,Solo Daños,Choque,Desobedecer senales,Carrera 41 Calle 44  Sur,El Dorado,Urbana,"(6.163946425, -75.59090434)"
2172492,08/23/2017,11:00 a.m.,Miércoles,Camioneta,Particular,Conductor,Masculino,NO,Sin Registro,Solo Daños,Otro,Impericia en el manejo,Calle 36  Sur Carrera 27 A,Vereda El Escobero,Urbana,"(6.167592229, -75.57065459)"
2172492,08/23/2017,11:00 a.m.,Miércoles,Automovil,Publico,Conductor,Masculino,NO,Sin Registro,Solo Daños,Otro,Impericia en el manejo,Calle 36  Sur Carrera 27 A,Vereda El Escobero,Urbana,"(6.167592229, -75.57065459)"
2172485,08/23/2017,2:20 p.m.,Miércoles,Automovil,Particular,Conductor,Femenino,NO,Sin Registro,Solo Daños,Choque,Reverso imprudente,Carrera 49 Calle 32 B Sur,Glorieta De Peldar,Urbana,
2172485,08/23/2017,2:20 p.m.,Miércoles,Automovil,Particular,Conductor,Masculino,NO,Sin Registro,Solo Daños,Choque,Reverso imprudente,Carrera 49 Calle 32 B Sur,Glorieta De Peldar,Urbana,
2172462,08/23/2017,10:20 a.m.,Miércoles,Motocicleta,Particular,Motociclista,Masculino,NO,Sin Registro,Herido,Choque,No mantener distancia de seguridad,Calle 40 F Sur Carrera 24 B,La Mina,Urbana,"(6.156115722, -75.58240747)"
2172462,08/23/2017,10:20 a.m.,Miércoles,Automovil,Particular,Conductor,Masculino,NO,Sin Registro,Herido,Choque,No mantener distancia de seguridad,Calle 40 F Sur Carrera 24 B,La Mina,Urbana,"(6.156115722, -75.58240747)"
2172489,08/23/2017,9:30 a.m.,Miércoles,Camioneta,Diplomatico,Conductor,Masculino,NO,Sin Registro,Solo Daños,Choque,No mantener distancia de seguridad,Calle 37  Sur Carrera 32,Mesa,Urbana,"(6.166691719, -75.58118599)"
2172489,08/23/2017,9:30 a.m.,Miércoles,Camioneta,Publico,Conductor,Masculino,NO,Sin Registro,Solo Daños,Choque,No mantener distancia de seguridad,Calle 37  Sur Carrera 32,Mesa,Urbana,"(6.166691719, -75.58118599)"
2172489,08/23/2017,9:30 a.m.,Miércoles,Automovil,Particular,Conductor,Masculino,NO,Sin Registro,Solo Daños,Choque,No mantener distancia de seguridad,Calle 37  Sur Carrera 32,Mesa,Urbana,"(6.166691719, -75.58118599)"
2172483,08/23/2017,6:50 a.m.,Miércoles,Automovil,Particular,Conductor,Masculino,NO,Sin Registro,Solo Daños,Choque,Transitar entre vehiculos,Carrera 43 A Calle 36  Sur,Zona Centro,Urbana,"(6.171753325, -75.58772767)"
2172483,08/23/2017,6:50 a.m.,Miércoles,Motocicleta,Particular,Motociclista,Masculino,NO,Sin Registro,Solo Daños,Choque,Transitar entre vehiculos,Carrera 43 A Calle 36  Sur,Zona Centro,Urbana,"(6.171753325, -75.58772767)"
2172486,08/23/2017,6:57 a.m.,Miércoles,Bus,Publico,Conductor,Masculino,NO,Sin Registro,Solo Daños,Choque,No mantener distancia de seguridad,Carrera 42 B Calle 46  Sur,La Paz,Urbana,"(6.162296208, -75.59429318)"
2172486,08/23/2017,6:57 a.m.,Miércoles,Automovil,Particular,Conductor,Masculino,NO,Sin Registro,Solo Daños,Choque,No mantener distancia de seguridad,Carrera 42 B Calle 46  Sur,La Paz,Urbana,"(6.162296208, -75.59429318)"
2172493,08/23/2017,8:50 a.m.,Miércoles,Camion,Publico,Conductor,Masculino,NO,Sin Registro,Solo Daños,Choque,Adelantar cerrando,Calle 38  Sur Carrera 41,Zona Centro,Urbana,"(6.169244976, -75.58658807)"
2172493,08/23/2017,8:50 a.m.,Miércoles,Camioneta,Particular,Conductor,Femenino,NO,Sin Registro,Solo Daños,Choque,Adelantar cerrando,Calle 38  Sur Carrera 41,Zona Centro,Urbana,"(6.169244976, -75.58658807)"
2172476,08/23/2017,7:55 a.m.,Miércoles,Campero,Particular,Conductor,Masculino,NO,Sin Registro,Solo Daños,Choque,Girar bruscamente,Tramo 372 Kilometro  17,Vereda Palmas,Rural,
2172476,08/23/2017,7:55 a.m.,Miércoles,Automovil,Particular,Conductor,Femenino,NO,Sin Registro,Solo Daños,Choque,Girar bruscamente,Tramo 372 Kilometro  17,Vereda Palmas,Rural,
2172455,08/23/2017,9:50 a.m.,Miércoles,Motocicleta,Particular,Motociclista,Masculino,NO,Sin Registro,Solo Daños,Choque,No mantener distancia de seguridad,Carrera 50 Calle 43  Sur,Las Vegas,Urbana,
2172455,08/23/2017,9:50 a.m.,Miércoles,Campero,Particular,Conductor,Masculino,NO,Sin Registro,Solo Daños,Choque,No mantener distancia de seguridad,Carrera 50 Calle 43  Sur,Las Vegas,Urbana,
2172495,08/24/2017,9:10 a.m.,Jueves,Motocicleta,Particular,Motociclista,Masculino,NO,Sin Registro,Solo Daños,Choque,No mantener distancia de seguridad,Carrera 48 Calle 25 AA Sur,Villa Grande,Urbana,"(6.183765745, -75.58469035)"
2172495,08/24/2017,9:10 a.m.,Jueves,Automovil,Particular,Conductor,Masculino,NO,Sin Registro,Solo Daños,Choque,No mantener distancia de seguridad,Carrera 48 Calle 25 AA Sur,Villa Grande,Urbana,"(6.183765745, -75.58469035)"
2173085,08/24/2017,3:10 p.m.,Jueves,Motocicleta,Particular,Motociclista,Masculino,NO,Sin Registro,Herido,Choque,Impericia en el manejo,Carrera 25 B Calle 23  Sur,El Esmeraldal,Urbana,"(6.170994915, -75.56580118)"
2173085,08/24/2017,3:10 p.m.,Jueves,Campero,Particular,Conductor,Masculino,NO,Sin Registro,Herido,Choque,Impericia en el manejo,Carrera 25 B Calle 23  Sur,El Esmeraldal,Urbana,"(6.170994915, -75.56580118)"
2172512,08/24/2017,7:14 a.m.,Jueves,Automovil,Particular,Conductor,Femenino,NO,Sin Registro,Solo Daños,Choque,Adelantar en zona prohibida,Calle 36 D Sur Carrera 27 A,Vereda El Escobero,Urbana,"(6.164831751, -75.57423497)"
2172512,08/24/2017,7:14 a.m.,Jueves,Motocicleta,Particular,Motociclista,Masculino,NO,Sin Registro,Solo Daños,Choque,Adelantar en zona prohibida,Calle 36 D Sur Carrera 27 A,Vereda El Escobero,Urbana,"(6.164831751, -75.57423497)"
2172464,08/24/2017,7:20 a.m.,Jueves,Buseta,Publico,Conductor,Masculino,NO,Sin Registro,Herido,Atropello,Cruzar sin observar,Carrera 43 A Calle 38 A Sur,Zona Centro,Urbana,"(6.169698887, -75.58905877)"
2172464,08/24/2017,7:20 a.m.,Jueves,Buseta,Publico,Conductor,Masculino,NO,Sin Registro,Herido,Atropello,Exceso de velocidad,Carrera 43 A Calle 38 A Sur,Zona Centro,Urbana,"(6.169698887, -75.58905877)"
2172473,08/24/2017,3:30 p.m.,Jueves,Bus,Publico,Conductor,Masculino,NO,Sin Registro,Solo Daños,Choque,Exceso de velocidad,Tramo 372 Kilometro  1,Vereda Palmas,Rural,
2172473,08/24/2017,3:30 p.m.,Jueves,Automovil,Particular,Conductor,Femenino,NO,Sin Registro,Solo Daños,Choque,Exceso de velocidad,Tramo 372 Kilometro  1,Vereda Palmas,Rural,
2172475,08/24/2017,3:35 p.m.,Jueves,Automovil,Particular,Conductor,Femenino,NO,Sin Registro,Solo Daños,Choque,No mantener distancia de seguridad,Carrera 29 Calle 39  Sur,San Jose,Urbana,"(6.161971924, -75.58161785)"
2172475,08/24/2017,3:35 p.m.,Jueves,Motocicleta,Particular,Motociclista,Femenino,NO,Sin Registro,Solo Daños,Choque,No mantener distancia de seguridad,Carrera 29 Calle 39  Sur,San Jose,Urbana,"(6.161971924, -75.58161785)"
2172474,08/24/2017,2:34 p.m.,Jueves,Automovil,Particular,Conductor,Femenino,NO,Sin Registro,Solo Daños,Choque,Impericia en el manejo,Tramo 372 Kilometro  14,Vereda Palmas,Rural,
2172494,08/25/2017,7:00 p.m.,Viernes,Motocicleta,Diplomatico,Motociclista,Femenino,NO,Sin Registro,Herido,Caida Ocupante,Impericia en el manejo,Calle 38 A Sur Carrera 37,Mesa,Urbana,"(6.167015309, -75.58462069)"
2172480,08/25/2017,7:30 p.m.,Viernes,Automovil,Particular,Conductor,Femenino,NO,Sin Registro,Solo Daños,Choque,No respetar prelacion,Tramo 373 Kilometro  10,Vereda Palmas,Rural,