RADICADO,FECHA,HORA,DÍA DE LA SEMANA,CLASE DE VEHICULO,TIPO DE SERVICIO,TIPO DE VICTIMA,SEXO,ESTADO DE BEODEZ,RESULTADO DE BEODEZ,GRAVEDAD,CLASE DE ACCIDENTE,CAUSA,DIRECCIÓN,BARRIO,AREA,Coordenadas
2172480,08/25/2017,7:30 p.m.,Viernes,Motocicleta,Particular,Motociclista,Masculino,NO,Sin Registro,Solo Daños,Choque,No respetar prelacion,Tramo 373 Kilometro  10,Vereda Palmas,Rural,
2172472,08/25/2017,7:10 a.m.,Viernes,Camion,Publico,Conductor,Masculino,NO,Sin Registro,Solo Daños,Choque,No mantener distancia de seguridad,Calle 37  Sur Carrera 49,Las Vegas,Urbana,"(6.174789471, -75.59420424)"
2172472,08/25/2017,7:10 a.m.,Viernes,Camion,Oficial,Conductor,Masculino,NO,Sin Registro,Solo Daños,Choque,No mantener distancia de seguridad,Calle 37  Sur Carrera 49,Las Vegas,Urbana,"(6.174789471, -75.59420424)"
2172502,08/25/2017,10:10 a.m.,Viernes,Automovil,Particular,Conductor,Femenino,NO,Sin Registro,Solo Daños,Choque,Impericia en el manejo,Carrera 48 Calle 25 AA Sur,Las Vegas,Urbana,"(6.183765745, -75.58469035)"
2172502,08/25/2017,10:10 a.m.,Viernes,Automovil,Particular,Conductor,Masculino,NO,Sin Registro,Solo Daños,Choque,Impericia en el manejo,Carrera 48 Calle 25 AA Sur,Las Vegas,Urbana,"(6.183765745, -75.58469035)"
2172502,08/25/2017,10:10 a.m.,Viernes,Automovil,Particular,Conductor,Femenino,NO,Sin Registro,Solo Daños,Choque,Impericia en el manejo,Carrera 48 Calle 25 AA Sur,Las Vegas,Urbana,"(6.183765745, -75.58469035)"
2172496,08/25/2017,10:15 a.m.,Viernes,Campero,Particular,Conductor,Masculino,NO,Sin Registro,Solo Daños,Choque,Desobedecer senales,Carrera 43 A Calle 26  Sur,Villa Grande,Urbana,"(6.180756284, -75.58295442)"
2172496,08/25/2017,10:15 a.m.,Viernes,Automovil,Publico,Conductor,Masculino,NO,Sin Registro,Solo Daños,Choque,Desobedecer senales,Carrera 43 A Calle 26  Sur,Villa Grande,Urbana,"(6.180756284, -75.58295442)"
2172477,08/25/2017,3:15 a.m.,Viernes,Camioneta,Publico,Conductor,Masculino,NO,Sin Registro,Muerto,Choque,Adelantar invadiendo carril del mismo sentido en zigzag,Tramo 373 Kilometro  7,Vereda Palmas,Rural,
2172477,08/25/2017,3:15 a.m.,Viernes,Bus,Publico,Conductor,Masculino,NO,Sin Registro,Muerto,Choque,Adelantar invadiendo carril del mismo sentido en zigzag,Tramo 373 Kilometro  7,Vereda Palmas,Rural,
2172478,08/25/2017,5:50 a.m.,Viernes,Motocicleta,Particular,Motociclista,Masculino,NO,Sin Registro,Herido,Choque,Girar bruscamente,Diagonal 31 Transversal 32 A,La Magnolia,Urbana,"(6.174681134, -75.57847104)"
2172478,08/25/2017,5:50 a.m.,Viernes,Camioneta,Particular,Conductor,Masculino,NO,Sin Registro,Herido,Choque,Girar bruscamente,Diagonal 31 Transversal 32 A,La Magnolia,Urbana,"(6.174681134, -75.57847104)"
2172503,08/25/2017,1:50 p.m.,Viernes,Automovil,Particular,Conductor,Masculino,NO,Sin Registro,Solo Daños,Choque,Desobedecer senales,Carrera 39 B Calle 46 D Sur,El Trianon,Urbana,"(6.158710047, -75.5918792)"
2172503,08/25/2017,1:50 p.m.,Viernes,Automovil,Particular,Conductor,Femenino,NO,Sin Registro,Solo Daños,Choque,Desobedecer senales,Carrera 39 B Calle 46 D Sur,El Trianon,Urbana,"(6.158710047, -75.5918792)"
2172497,08/25/2017,6:40 p.m.,Viernes,Automovil,Particular,Conductor,Masculino,NO,Sin Registro,Solo Daños,Choque,Obstaculos en la via,Calle 38 A Sur Carrera 42,Zona Centro,Urbana,"(6.169022232, -75.58772239)"
2172488,08/25/2017,10:00 p.m.,Viernes,Automovil,Particular,Conductor,Masculino,NO,Sin Registro,Herido,Choque,Transitar entre vehiculos,Carrera 29 A Calle 39  Sur,San Jose,Urbana,"(6.163897984, -75.58087718)"
2172488,08/25/2017,10:00 p.m.,Viernes,Motocicleta,Particular,Motociclista,Masculino,NO,Sin Registro,Herido,Choque,Transitar entre vehiculos,Carrera 29 A Calle 39  Sur,San Jose,Urbana,"(6.163897984, -75.58087718)"
2172482,08/26/2017,6:00 p.m.,Sábado,Motocicleta,Diplomatico,Motociclista,Masculino,NO,Sin Registro,Herido,Caida Ocupante,Impericia en el manejo,Tramo 378 Kilometro  7,El Salado,Rural,
2172506,08/26/2017,5:00 p.m.,Sábado,Camioneta,Particular,Conductor,Masculino,NO,Sin Registro,Solo Daños,Choque,Adelantar cerrando,Carrera 50 Calle 37  Sur,Las Vegas,Urbana,
2172506,08/26/2017,5:00 p.m.,Sábado,Automovil,Particular,Conductor,Masculino,NO,Sin Registro,Solo Daños,Choque,Adelantar cerrando,Carrera 50 Calle 37  Sur,Las Vegas,Urbana,
2172507,08/26/2017,3:20 p.m.,Sábado,Automovil,Publico,Conductor,Masculino,NO,Sin Registro,Solo Daños,Choque,Impericia en el manejo,Calle 41 AA Sur Carrera 28,San Rafael,Urbana,"(6.158256501, -75.58439426)"
2172507,08/26/2017,3:20 p.m.,Sábado,Buseta,Publico,Conductor,Masculino,NO,Sin Registro,Solo Daños,Choque,Impericia en el manejo,Calle 41 AA Sur Carrera 28,San Rafael,Urbana,"(6.158256501, -75.58439426)"
2172484,08/26/2017,4:30 p.m.,Sábado,Motocicleta,Particular,Motociclista,Masculino,NO,Sin Registro,Herido,Choque,Adelantar cerrando,Tramo 372 Kilometro  16,Vereda Palmas,Rural,
2172484,08/26/2017,4:30 p.m.,Sábado,Motocicleta,Particular,Motociclista,Masculino,NO,Sin Registro,Herido,Choque,Adelantar cerrando,Tramo 372 Kilometro  16,Vereda Palmas,Rural,
2172521,08/26/2017,1:40 p.m.,Sábado,Campero,Particular,Conductor,Masculino,NO,Sin Registro,Solo Daños,Choque,No mantener distancia de seguridad,Carrera 50 Calle 46 A Sur,Las Vegas,Urbana,"(6.16131219, -75.60319818)"
2172521,08/26/2017,1:40 p.m.,Sábado,Camioneta,Particular,Conductor,Masculino,NO,Sin Registro,Solo Daños,Choque,No mantener distancia de seguridad,Carrera 50 Calle 46 A Sur,Las Vegas,Urbana,"(6.16131219, -75.60319818)"
2172487,08/26/2017,10:30 a.m.,Sábado,Camion,Publico,Conductor,Masculino,NO,Sin Registro,Herido,Choque,Transitar entre vehiculos,Carrera 50 Calle 39  Sur,Las Vegas,Urbana,
2172487,08/26/2017,10:30 a.m.,Sábado,Bicicleta,Sin Registro,Ciclista,Masculino,NO,Sin Registro,Herido,Choque,No mantener distancia de seguridad,Carrera 50 Calle 39  Sur,Las Vegas,Urbana,
2172487,08/26/2017,10:30 a.m.,Sábado,Bicicleta,Sin Registro,Ciclista,Masculino,NO,Sin Registro,Herido,Choque,Transitar entre vehiculos,Carrera 50 Calle 39  Sur,Las Vegas,Urbana,
2172487,08/26/2017,10:30 a.m.,Sábado,Camion,Publico,Conductor,Masculino,NO,Sin Registro,Herido,Choque,No mantener distancia de seguridad,Carrera 50 Calle 39  Sur,Las Vegas,Urbana,
2172510,08/26/2017,10:30 a.m.,Sábado,Automovil,Particular,Conductor,Masculino,NO,Sin Registro,Herido,Choque,No respetar prelacion,Calle 45 B Sur Carrera 38,Las Antillas,Urbana,"(6.156508956, -75.58987661)"
2172510,08/26/2017,10:30 a.m.,Sábado,Motocicleta,Particular,Motociclista,Masculino,NO,Sin Registro,Herido,Choque,No respetar prelacion,Calle 45 B Sur Carrera 38,Las Antillas,Urbana,"(6.156508956, -75.58987661)"
2172509,08/26/2017,9:30 p.m.,Sábado,Camioneta,Particular,Conductor,Masculino,NO,Sin Registro,Solo Daños,Choque,Impericia en el manejo,Carrera 43 A Calle 27 A Sur,Villa Grande,Urbana,"(6.178993539, -75.58360591)"
2172509,08/26/2017,9:30 p.m.,Sábado,Automovil,Particular,Conductor,Femenino,NO,Sin Registro,Solo Daños,Choque,Poner en marcha un vehiculo sin precauci,Carrera 43 A Calle 27 A Sur,Villa Grande,Urbana,"(6.178993539, -75.58360591)"
2172509,08/26/2017,9:30 p.m.,Sábado,Automovil,Particular,Conductor,Femenino,NO,Sin Registro,Solo Daños,Choque,Impericia en el manejo,Carrera 43 A Calle 27 A Sur,Villa Grande,Urbana,"(6.178993539, -75.58360591)"
2172509,08/26/2017,9:30 p.m.,Sábado,Camioneta,Particular,Conductor,Masculino,NO,Sin Registro,Solo Daños,Choque,Poner en marcha un vehiculo sin precauci,Carrera 43 A Calle 27 A Sur,Villa Grande,Urbana,"(6.178993539, -75.58360591)"
2172491,08/26/2017,12:40 p.m.,Sábado,Automovil,Particular,Conductor,Masculino,NO,Sin Registro,Herido,Choque,No mantener distancia de seguridad,Calle 38  Sur Carrera 45 A,Alcala,Urbana,"(6.17126287, -75.59030689)"
2172491,08/26/2017,12:40 p.m.,Sábado,Motocicleta,Particular,Motociclista,Femenino,NO,Sin Registro,Herido,Choque,No mantener distancia de seguridad,Calle 38  Sur Carrera 45 A,Alcala,Urbana,"(6.17126287, -75.59030689)"
2172505,08/26/2017,9:50 p.m.,Sábado,Automovil,Particular,Conductor,Masculino,NO,Sin Registro,Solo Daños,Choque,No mantener distancia de seguridad,Carrera 43 A Transversal 27 A Sur,Villa Grande,Urbana,"(6.178993539, -75.58360591)"
2172505,08/26/2017,9:50 p.m.,Sábado,Automovil,Particular,Conductor,Masculino,NO,Sin Registro,Solo Daños,Choque,No mantener distancia de seguridad,Carrera 43 A Transversal 27 A Sur,Villa Grande,Urbana,"(6.178993539, -75.58360591)"
2172505,08/26/2017,9:50 p.m.,Sábado,Automovil,Particular,Conductor,Masculino,NO,Sin Registro,Solo Daños,Choque,No mantener distancia de seguridad,Carrera 43 A Transversal 27 A Sur,Villa Grande,Urbana,"(6.178993539, -75.58360591)"
2172504,08/26/2017,4:50 p.m.,Sábado,Automovil,Particular,Conductor,Femenino,NO,Sin Registro,Solo Daños,Choque,No respetar pelacion de interseccion o giros,Calle 24  Sur Carrera 39,Zuñiga,Urbana,"(6.17880652, -75.57462407)"
2172504,08/26/2017,4:50 p.m.,Sábado,Motocicleta,Particular,Motociclista,Masculino,NO,Sin Registro,Solo Daños,Choque,No respetar pelacion de interseccion o giros,Calle 24  Sur Carrera 39,Zuñiga,Urbana,"(6.17880652, -75.57462407)"
2172481,08/26/2017,9:55 a.m.,Sábado,Automovil,Particular,Conductor,Masculino,NO,Sin Registro,Herido,Choque,No mantener distancia de seguridad,Calle 39 D Sur Carrera 24 A Sur,El Salado,Urbana,"(6.154343948, -75.57802149)"
2172481,08/26/2017,9:55 a.m.,Sábado,Bicicleta,Sin Registro,Ciclista,Masculino,NO,Sin Registro,Herido,Choque,No mantener distancia de seguridad,Calle 39 D Sur Carrera 24 A Sur,El Salado,Urbana,"(6.154343948, -75.57802149)"
2172508,08/26/2017,10:40 p.m.,Sábado,Automovil,Publico,Conductor,Masculino,NO,Sin Registro,Solo Daños,Choque,Girar bruscamente,Calle 41 AA Sur Carrera 28,San Rafael,Urbana,"(6.158256501, -75.58439426)"
2172508,08/26/2017,10:40 p.m.,Sábado,Automovil,Particular,Conductor,Masculino,NO,Sin Registro,Solo Daños,Choque,Girar bruscamente,Calle 41 AA Sur Carrera 28,San Rafael,Urbana,"(6.158256501, -75.58439426)"
2172471,08/27/2017,3:00 p.m.,Domingo,Automovil,Publico,Conductor,Masculino,NO,Sin Registro,Solo Daños,Choque,No mantener distancia de seguridad,Calle 37  Sur Carrera 35,Mesa,Urbana,"(6.167699744, -75.58270755)"
2172471,08/27/2017,3:00 p.m.,Domingo,Automovil,Particular,Conductor,Masculino,NO,Sin Registro,Solo Daños,Choque,No mantener distancia de seguridad,Calle 37  Sur Carrera 35,Mesa,Urbana,"(6.167699744, -75.58270755)"
2172469,08/27/2017,2:00 p.m.,Domingo,Automovil,Particular,Conductor,Masculino,NO,Sin Registro,Solo Daños,Choque,No mantener distancia de seguridad,Diagonal 31 Transversal 32 A Sur,La Magnolia,Urbana,"(6.174681134, -75.57847104)"
2172469,08/27/2017,2:00 p.m.,Domingo,Automovil,Particular,Conductor,Masculino,NO,Sin Registro,Solo Daños,Choque,No mantener distancia de seguridad,Diagonal 31 Transversal 32 A Sur,La Magnolia,Urbana,"(6.174681134, -75.57847104)"
2172511,08/27/2017,1:15 p.m.,Domingo,Automovil,Particular,Conductor,Masculino,NO,Sin Registro,Solo Daños,Choque,No mantener distancia de seguridad,Calle 36 D Sur Carrera 27 A,Vereda El Escobero,Urbana,"(6.164831751, -75.57423497)"
2172511,08/27/2017,1:15 p.m.,Domingo,Campero,Particular,Conductor,Masculino,NO,Sin Registro,Solo Daños,Choque,No mantener distancia de seguridad,Calle 36 D Sur Carrera 27 A,Vereda El Escobero,Urbana,"(6.164831751, -75.57423497)"
2172534,08/27/2017,8:40 p.m.,Domingo,Motocicleta,Particular,Motociclista,Masculino,NO,Sin Registro,Solo Daños,Choque,No mantener distancia de seguridad,Calle 37  Sur Carrera 48,Las Vegas,Urbana,"(6.17412211, -75.59306111)"
2172534,08/27/2017,8:40 p.m.,Domingo,Automovil,Publico,Conductor,Masculino,NO,Sin Registro,Solo Daños,Choque,No mantener distancia de seguridad,Calle 37  Sur Carrera 48,Las Vegas,Urbana,"(6.17412211, -75.59306111)"
2172499,08/27/2017,12:30 p.m.,Domingo,Motocicleta,Particular,Motociclista,Masculino,NO,Sin Registro,Solo Daños,Choque,No mantener distancia de seguridad,Carrera 41 Calle 35  Sur,Zona Centro,Urbana,"(6.171178893, -75.58531402)"
2172499,08/27/2017,12:30 p.m.,Domingo,Automovil,Particular,Conductor,Femenino,NO,Sin Registro,Solo Daños,Choque,No mantener distancia de seguridad,Carrera 41 Calle 35  Sur,Zona Centro,Urbana,"(6.171178893, -75.58531402)"
2172470,08/27/2017,5:30 p.m.,Domingo,Automovil,Particular,Conductor,Masculino,NO,Sin Registro,Solo Daños,Choque,Adelantar en zona prohibida,Calle 39  Sur Carrera 27 B,El Chinguí,Urbana,"(6.159217585, -75.57883462)"
2172470,08/27/2017,5:30 p.m.,Domingo,Motocicleta,Particular,Motociclista,Masculino,NO,Sin Registro,Solo Daños,Choque,Adelantar en zona prohibida,Calle 39  Sur Carrera 27 B,El Chinguí,Urbana,"(6.159217585, -75.57883462)"
2172522,08/28/2017,8:00 a.m.,Lunes,Automovil,Particular,Conductor,Masculino,NO,Sin Registro,Solo Daños,Choque,No respetar prelacion,Carrera 27 Calle 23  Sur,La Inmaculada,Urbana,"(6.176588834, -75.56744599)"
2172522,08/28/2017,8:00 a.m.,Lunes,Motocicleta,Particular,Motociclista,Masculino,NO,Sin Registro,Solo Daños,Choque,No respetar prelacion,Carrera 27 Calle 23  Sur,La Inmaculada,Urbana,"(6.176588834, -75.56744599)"
2172515,08/28/2017,6:00 p.m.,Lunes,Camion,Publico,Conductor,Masculino,NO,Sin Registro,Solo Daños,Choque,Poner en marcha un vehiculo sin precauci,Carrera 49 Calle 46 A Sur,Las Vegas,Urbana,"(6.166966077, -75.60088817)"
2172515,08/28/2017,6:00 p.m.,Lunes,Camion,Publico,Conductor,Masculino,NO,Sin Registro,Solo Daños,Choque,Poner en marcha un vehiculo sin precauci,Carrera 49 Calle 46 A Sur,Las Vegas,Urbana,"(6.166966077, -75.60088817)"
2172514,08/28/2017,4:00 p.m.,Lunes,Camioneta,Particular,Conductor,Masculino,NO,Sin Registro,Solo Daños,Choque,Adelantar cerrando,Calle 26  Sur Carrera 42 B,Zuñiga,Urbana,"(6.178213645, -75.57937395)"
2172498,08/28/2017,7:00 a.m.,Lunes,Automovil,Publico,Conductor,Masculino,NO,Sin Registro,Solo Daños,Choque,No mantener distancia de seguridad,Carrera 48 Calle 50  Sur,Las Vegas,Urbana,
2172514,08/28/2017,4:00 p.m.,Lunes,Camioneta,Publico,Conductor,Masculino,NO,Sin Registro,Solo Daños,Choque,Adelantar cerrando,Calle 26  Sur Carrera 42 B,Zuñiga,Urbana,"(6.178213645, -75.57937395)"
2172537,08/28/2017,4:00 p.m.,Lunes,Motocicleta,Particular,Motociclista,Masculino,NO,Sin Registro,Solo Daños,Choque,Adelantar cerrando,Calle 38  Sur Carrera 42,Zona Centro,Urbana,"(6.16961293, -75.58738469)"
2172498,08/28/2017,7:00 a.m.,Lunes,Automovil,Particular,Conductor,Femenino,NO,Sin Registro,Solo Daños,Choque,No mantener distancia de seguridad,Carrera 48 Calle 50  Sur,Las Vegas,Urbana,
2172500,08/28/2017,7:00 a.m.,Lunes,Automovil,Particular,Conductor,Femenino,NO,Sin Registro,Solo Daños,Choque,No mantener distancia de seguridad,Tramo 372 Kilometro  15,Vereda Palmas,Rural,
2172500,08/28/2017,7:00 a.m.,Lunes,Camioneta,Particular,Conductor,Femenino,NO,Sin Registro,Solo Daños,Choque,No mantener distancia de seguridad,Tramo 372 Kilometro  15,Vereda Palmas,Rural,
2172537,08/28/2017,4:00 p.m.,Lunes,Motocicleta,Particular,Motociclista,Masculino,NO,Sin Registro,Solo Daños,Choque,Impericia en el manejo,Calle 38  Sur Carrera 42,Zona Centro,Urbana,"(6.16961293, -75.58738469)"
2172537,08/28/2017,4:00 p.m.,Lunes,Motocicleta,Particular,Motociclista,Masculino,NO,Sin Registro,Solo Daños,Choque,Adelantar cerrando,Calle 38  Sur Carrera 42,Zona Centro,Urbana,"(6.16961293, -75.58738469)"
2172537,08/28/2017,4:00 p.m.,Lunes,Motocicleta,Particular,Motociclista,Masculino,NO,Sin Registro,Solo Daños,Choque,Impericia en el manejo,Calle 38  Sur Carrera 42,Zona Centro,Urbana,"(6.16961293, -75.58738469)"
2172540,08/28/2017,4:05 p.m.,Lunes,Motocicleta,Particular,Motociclista,Masculino,NO,Sin Registro,Herido,Otro,Desobedecer senales,Calle 38  Sur Carrera 38,Mesa,Urbana,"(6.16803936, -75.58469435)"
2172540,08/28/2017,4:05 p.m.,Lunes,Automovil,Particular,Conductor,Masculino,NO,Sin Registro,Herido,Otro,Desobedecer senales,Calle 38  Sur Carrera 38,Mesa,Urbana,"(6.16803936, -75.58469435)"
2172530,08/28/2017,12:05 p.m.,Lunes,Motocicleta,Particular,Motociclista,Masculino,NO,Sin Registro,Herido,Atropello,Cruzar sin observar,Calle 50  Sur Carrera 48,Las Vegas,Urbana,
2172513,08/28/2017,6:10 p.m.,Lunes,Bus,Publico,Conductor,Masculino,NO,Sin Registro,Solo Daños,Choque,Adelantar cerrando,Calle 39  Sur Carrera 42,Zona Centro,Urbana,"(6.168300638, -75.58815927)"
2172519,08/28/2017,3:10 p.m.,Lunes,Automovil,Publico,Conductor,Masculino,NO,Sin Registro,Solo Daños,Choque,No mantener distancia de seguridad,Calle 47  Sur Carrera 40,El Trianon,Urbana,"(6.15929595, -75.5937748)"
2172519,08/28/2017,3:10 p.m.,Lunes,Motocicleta,Particular,Motociclista,Masculino,NO,Sin Registro,Solo Daños,Choque,No mantener distancia de seguridad,Calle 47  Sur Carrera 40,El Trianon,Urbana,"(6.15929595, -75.5937748)"
2172513,08/28/2017,6:10 p.m.,Lunes,Automovil,Particular,Conductor,Femenino,NO,Sin Registro,Solo Daños,Choque,Adelantar cerrando,Calle 39  Sur Carrera 42,Zona Centro,Urbana,"(6.168300638, -75.58815927)"
2172516,08/28/2017,4:30 p.m.,Lunes,Bus,Publico,Conductor,Masculino,NO,Sin Registro,Solo Daños,Choque,Otra,Carrera 20 Calle 23  Sur,El Esmeraldal,Urbana,"(6.175088981, -75.56103533)"
2172518,08/28/2017,7:30 a.m.,Lunes,Camioneta,Particular,Conductor,Masculino,NO,Sin Registro,Solo Daños,Choque,No respetar prelacion,Carrera 48 Calle 50  Sur,Las Vegas,Urbana,
2172518,08/28/2017,7:30 a.m.,Lunes,Automovil,Particular,Conductor,Masculino,NO,Sin Registro,Solo Daños,Choque,No respetar prelacion,Carrera 48 Calle 50  Sur,Las Vegas,Urbana,
2172516,08/28/2017,4:30 p.m.,Lunes,Motocicleta,Particular,Motociclista,Masculino,NO,Sin Registro,Solo Daños,Choque,Otra,Carrera 20 Calle 23  Sur,El Esmeraldal,Urbana,"(6.175088981, -75.56103533)"
2172520,08/28/2017,6:50 a.m.,Lunes,Automovil,Particular,Conductor,Femenino,NO,Sin Registro,Solo Daños,Choque,Impericia en el manejo,Calle 38  Sur Carrera 29 A,Mesa,Urbana,"(6.165022576, -75.58071311)"
2172527,08/28/2017,9:40 a.m.,Lunes,Automovil,Particular,Conductor,Masculino,NO,Sin Registro,Solo Daños,Choque,Reverso imprudente,Calle 36  Sur Carrera 37,Los Naranjos,Urbana,"(6.169187276, -75.58349763)"
2172527,08/28/2017,9:40 a.m.,Lunes,Automovil,Particular,Conductor,Masculino,NO,Sin Registro,Solo Daños,Choque,Reverso imprudente,Calle 36  Sur Carrera 37,Los Naranjos,Urbana,"(6.169187276, -75.58349763)"
2172501,08/28/2017,10:40 a.m.,Lunes,Camioneta,Particular,Conductor,Masculino,NO,Sin Registro,Solo Daños,Choque,No mantener distancia de seguridad,Calle 38  Sur Carrera 43 A,Zona Centro,Urbana,"(6.170537577, -75.58862514)"
2172501,08/28/2017,10:40 a.m.,Lunes,Camioneta,Particular,Conductor,Masculino,NO,Sin Registro,Solo Daños,Choque,No mantener distancia de seguridad,Calle 38  Sur Carrera 43 A,Zona Centro,Urbana,"(6.170537577, -75.58862514)"
2172529,08/29/2017,7:00 a.m.,Martes,Campero,Particular,Conductor,Masculino,NO,Sin Registro,Solo Daños,Choque,No mantener distancia de seguridad,Carrera 48 Calle 27 A Sur,Las Vegas,Urbana,"(6.181312425, -75.58688511)"
2172529,08/29/2017,7:00 a.m.,Martes,Automovil,Particular,Conductor,Femenino,NO,Sin Registro,Solo Daños,Choque,No mantener distancia de seguridad,Carrera 48 Calle 27 A Sur,Las Vegas,Urbana,"(6.181312425, -75.58688511)"
2172529,08/29/2017,7:00 a.m.,Martes,Automovil,Particular,Conductor,Femenino,NO,Sin Registro,Solo Daños,Choque,No mantener distancia de seguridad,Carrera 48 Calle 27 A Sur,Las Vegas,Urbana,"(6.181312425, -75.58688511)"
2172544,08/29/2017,7:40 p.m.,Martes,Automovil,Particular,Conductor,Masculino,NO,Sin Registro,Solo Daños,Choque,No mantener distancia de seguridad,Carrera 50 Calle 30  Sur,Las Vegas,Urbana,
2172544,08/29/2017,7:40 p.m.,Martes,Motocicleta,Particular,Motociclista,Masculino,NO,Sin Registro,Solo Daños,Choque,No mantener distancia de seguridad,Carrera 50 Calle 30  Sur,Las Vegas,Urbana,
2172544,08/29/2017,7:40 p.m.,Martes,Automovil,Particular,Conductor,Masculino,NO,Sin Registro,Solo Daños,Choque,No mantener distancia de seguridad,Carrera 50 Calle 30  Sur,Las Vegas,Urbana,
2172543,08/29/2017,7:45 p.m.,Martes,Automovil,Particular,Conductor,Masculino,NO,Sin Registro,Herido,Choque,Transitar entre vehiculos,Carrera 50 Calle 32  Sur,Las Vegas,Urbana,"(6.178248378, -75.59168828)"
2172543,08/29/2017,7:45 p.m.,Martes,Camion,Publico,Conductor,Masculino,NO,Sin Registro,Herido,Choque,Transitar entre vehiculos,Carrera 50 Calle 32  Sur,Las Vegas,Urbana,"(6.178248378, -75.59168828)"
2172543,08/29/2017,7:45 p.m.,Martes,Motocicleta,Particular,Motociclista,Masculino,NO,Sin Registro,Herido,Choque,Transitar entre vehiculos,Carrera 50 Calle 32  Sur,Las Vegas,Urbana,"(6.178248378, -75.59168828)"
2172550,08/29/2017,7:15 a.m.,Martes,Motocicleta,Particular,Motociclista,Masculino,NO,Sin Registro,Solo Daños,Choque,Adelantar invadiendo carril del mismo sentido en zigzag,Carrera 43 A Calle 39  Sur,Zona Centro,Urbana,"(6.169011071, -75.5894849)"
2172550,08/29/2017,7:15 a.m.,Martes,Automovil,Particular,Conductor,Femenino,NO,Sin Registro,Solo Daños,Choque,Adelantar invadiendo carril del mismo sentido en zigzag,Carrera 43 A Calle 39  Sur,Zona Centro,Urbana,"(6.169011071, -75.5894849)"
2172546,08/29/2017,4:15 p.m.,Martes,Bus,Publico,Conductor,Masculino,NO,Sin Registro,Solo Daños,Choque,Adelantar cerrando,Carrera 48 Calle 37  Sur,Puente Fundadores,Urbana,"(6.172859211, -75.59276992)"
2172546,08/29/2017,4:15 p.m.,Martes,Camioneta,Particular,Conductor,Masculino,NO,Sin Registro,Solo Daños,Choque,Adelantar cerrando,Carrera 48 Calle 37  Sur,Puente Fundadores,Urbana,"(6.172859211, -75.59276992)"
2172528,08/29/2017,8:20 a.m.,Martes,Camion,Publico,Conductor,Masculino,NO,Sin Registro,Solo Daños,Choque,No mantener distancia de seguridad,Carrera 50 Calle 30  Sur,Las Vegas,Urbana,
2172528,08/29/2017,8:20 a.m.,Martes,Automovil,Particular,Conductor,Masculino,NO,Sin Registro,Solo Daños,Choque,No mantener distancia de seguridad,Carrera 50 Calle 30  Sur,Las Vegas,Urbana,
2172539,08/29/2017,9:20 a.m.,Martes,Automovil,Publico,Conductor,Masculino,NO,Sin Registro,Herido,Choque,No mantener distancia de seguridad,Carrera 48 Calle 25 AA Sur,Las Vegas,Urbana,"(6.183765745, -75.58469035)"
2172539,08/29/2017,9:20 a.m.,Martes,Automovil,Publico,Conductor,Masculino,NO,Sin Registro,Herido,Choque,No mantener distancia de seguridad,Carrera 48 Calle 25 AA Sur,Las Vegas,Urbana,"(6.183765745, -75.58469035)"
2172539,08/29/2017,9:20 a.m.,Martes,Automovil,Particular,Conductor,Femenino,NO,Sin Registro,Herido,Choque,No mantener distancia de seguridad,Carrera 48 Calle 25 AA Sur,Las Vegas,Urbana,"(6.183765745, -75.58469035)"
2172532,08/29/2017,2:20 p.m.,Martes,Motocicleta,Particular,Motociclista,Masculino,NO,Sin Registro,Solo Daños,Choque,No mantener distancia de seguridad,Carrera 50 Calle 30  Sur,Las Vegas,Urbana,
2172532,08/29/2017,2:20 p.m.,Martes,Motocicleta,Particular,Motociclista,Masculino,NO,Sin Registro,Solo Daños,Choque,No mantener distancia de seguridad,Carrera 50 Calle 30  Sur,Las Vegas,Urbana,
2172536,08/29/2017,10:30 a.m.,Martes,Automovil,Particular,Conductor,Femenino,NO,Sin Registro,Solo Daños,Choque,Desobedecer senales,Carrera 26 Calle 40 E Sur,La Mina,Urbana,"(6.157292639, -75.58154586)"
2172536,08/29/2017,10:30 a.m.,Martes,Automovil,Diplomatico,Conductor,Masculino,NO,Sin Registro,Solo Daños,Choque,Desobedecer senales,Carrera 26 Calle 40 E Sur,La Mina,Urbana,"(6.157292639, -75.58154586)"
2172545,08/29/2017,5:30 p.m.,Martes,Motocicleta,Particular,Motociclista,Masculino,NO,Sin Registro,Solo Daños,Choque,Superficie lisa,Carrera 50 Calle 25  Sur,Las Vegas,Urbana,"(6.186515998, -75.58512541)"
2172526,08/29/2017,11:40 a.m.,Martes,Automovil,Publico,Conductor,Masculino,NO,Sin Registro,Solo Daños,Choque,No mantener distancia de seguridad,Carrera 48 Calle 37  Sur,Puente Fundadores,Urbana,"(6.172859211, -75.59276992)"
2172526,08/29/2017,11:40 a.m.,Martes,Motocicleta,Particular,Motociclista,Masculino,NO,Sin Registro,Solo Daños,Choque,No mantener distancia de seguridad,Carrera 48 Calle 37  Sur,Puente Fundadores,Urbana,"(6.172859211, -75.59276992)"
2172531,08/29/2017,7:40 a.m.,Martes,Bus,Publico,Conductor,Masculino,NO,Sin Registro,Solo Daños,Choque,No mantener distancia de seguridad,Calle 26 B Sur Carrera 42 B,Las Orquideas,Urbana,"(6.176911315, -75.58005899)"