RADICADO,FECHA,HORA,DÍA DE LA SEMANA,CLASE DE VEHICULO,TIPO DE SERVICIO,TIPO DE VICTIMA,SEXO,ESTADO DE BEODEZ,RESULTADO DE BEODEZ,GRAVEDAD,CLASE DE ACCIDENTE,CAUSA,DIRECCIÓN,BARRIO,AREA,Coordenadas
2172589,04/09/2017,10:00 a.m.,Lunes,Camion,Publico,Conductor,Masculino,NO,Sin Registro,Solo Daños,Choque,Poner en marcha un vehiculo sin precauci,Calle 36 D Sur Carrera 27 D,Vereda El Escobero,Urbana,"(6.164970853, -75.57463727)"
2172589,04/09/2017,10:00 a.m.,Lunes,Camion,Publico,Conductor,Masculino,NO,Sin Registro,Solo Daños,Choque,Reverso imprudente,Calle 36 D Sur Carrera 27 D,Vereda El Escobero,Urbana,"(6.164970853, -75.57463727)"
2172606,04/09/2017,2:00 p.m.,Lunes,Motocicleta,Particular,Motociclista,Masculino,NO,Sin Registro,Solo Daños,Choque,Desobedecer senales,Calle 39  Sur Carrera 39,Mesa,Urbana,"(6.166978259, -75.58604492)"
2172606,04/09/2017,2:00 p.m.,Lunes,Automovil,Publico,Conductor,Masculino,NO,Sin Registro,Solo Daños,Choque,Desobedecer senales,Calle 39  Sur Carrera 39,Mesa,Urbana,"(6.166978259, -75.58604492)"
2172591,04/09/2017,7:40 p.m.,Lunes,Camioneta,Particular,Conductor,Masculino,NO,Sin Registro,Solo Daños,Choque,Reverso imprudente,Calle 37  Sur Carrera 27 B,Loma De Las Brujas,Urbana,
2172591,04/09/2017,7:40 p.m.,Lunes,Camioneta,Particular,Conductor,Masculino,NO,Sin Registro,Solo Daños,Choque,Reverso imprudente,Calle 37  Sur Carrera 27 B,Loma De Las Brujas,Urbana,
2172617,04/09/2017,7:50 p.m.,Lunes,Motocicleta,Particular,Motociclista,Masculino,NO,Sin Registro,Herido,Choque,No respetar pelacion de interseccion o giros,Diagonal 31 Calle 37  Sur,Vereda El Escobero,Urbana,"(6.165165175, -75.58026896)"
2172617,04/09/2017,7:50 p.m.,Lunes,Campero,Particular,Conductor,Femenino,NO,Sin Registro,Herido,Choque,Adelantar cerrando,Diagonal 31 Calle 37  Sur,Vereda El Escobero,Urbana,"(6.165165175, -75.58026896)"
2172617,04/09/2017,7:50 p.m.,Lunes,Campero,Particular,Conductor,Femenino,NO,Sin Registro,Herido,Choque,No respetar pelacion de interseccion o giros,Diagonal 31 Calle 37  Sur,Vereda El Escobero,Urbana,"(6.165165175, -75.58026896)"
2172617,04/09/2017,7:50 p.m.,Lunes,Motocicleta,Particular,Motociclista,Masculino,NO,Sin Registro,Herido,Choque,Adelantar cerrando,Diagonal 31 Calle 37  Sur,Vereda El Escobero,Urbana,"(6.165165175, -75.58026896)"
2172623,04/09/2017,12:15 p.m.,Lunes,Automovil,Particular,Conductor,Masculino,NO,Sin Registro,Solo Daños,Choque,No mantener distancia de seguridad,Calle 37  Sur Carrera 49,Las Vegas,Urbana,"(6.174789471, -75.59420424)"
2172623,04/09/2017,12:15 p.m.,Lunes,Motocicleta,Particular,Motociclista,Masculino,NO,Sin Registro,Solo Daños,Choque,No mantener distancia de seguridad,Calle 37  Sur Carrera 49,Las Vegas,Urbana,"(6.174789471, -75.59420424)"
2172623,04/09/2017,12:15 p.m.,Lunes,Motocicleta,Particular,Motociclista,Masculino,NO,Sin Registro,Solo Daños,Choque,No mantener distancia de seguridad,Calle 37  Sur Carrera 49,Las Vegas,Urbana,"(6.174789471, -75.59420424)"
2172592,04/09/2017,2:10 p.m.,Lunes,Camion,Publico,Conductor,Masculino,NO,Sin Registro,Solo Daños,Choque,No respetar prelacion,Carrera 50 Calle 37  Sur,Las Vegas,Urbana,
2172592,04/09/2017,2:10 p.m.,Lunes,Automovil,Particular,Conductor,Femenino,NO,Sin Registro,Solo Daños,Choque,No respetar pelacion de interseccion o giros,Carrera 50 Calle 37  Sur,Las Vegas,Urbana,
2172592,04/09/2017,2:10 p.m.,Lunes,Automovil,Particular,Conductor,Femenino,NO,Sin Registro,Solo Daños,Choque,No respetar prelacion,Carrera 50 Calle 37  Sur,Las Vegas,Urbana,
2172592,04/09/2017,2:10 p.m.,Lunes,Camion,Publico,Conductor,Masculino,NO,Sin Registro,Solo Daños,Choque,No respetar pelacion de interseccion o giros,Carrera 50 Calle 37  Sur,Las Vegas,Urbana,
2172612,04/09/2017,9:20 a.m.,Lunes,Camioneta,Particular,Conductor,Masculino,NO,Sin Registro,Solo Daños,Choque,No respetar prelacion,Calle 30  Sur Carrera 48,Las Vegas,Urbana,"(6.180376127, -75.59028805)"
2172612,04/09/2017,9:20 a.m.,Lunes,Automovil,Particular,Conductor,Masculino,NO,Sin Registro,Solo Daños,Choque,No respetar prelacion,Calle 30  Sur Carrera 48,Las Vegas,Urbana,"(6.180376127, -75.59028805)"
2172585,04/09/2017,2:30 a.m.,Lunes,Automovil,Particular,Conductor,Masculino,NO,Sin Registro,Solo Daños,Choque,Reverso imprudente,Carrera 29 A Calle 36 D Sur,La Magnolia,Urbana,"(6.167163055, -75.5783434)"
2172585,04/09/2017,2:30 a.m.,Lunes,Automovil,Particular,Conductor,Masculino,NO,Sin Registro,Solo Daños,Choque,Reverso imprudente,Carrera 29 A Calle 36 D Sur,La Magnolia,Urbana,"(6.167163055, -75.5783434)"
2172594,04/09/2017,1:30 p.m.,Lunes,Automovil,Particular,Conductor,Masculino,NO,Sin Registro,Solo Daños,Choque,Adelantar cerrando,Diagonal 31 Transversal 33 A Sur,Las Flores,Urbana,"(6.173761816, -75.5789197)"
2172594,04/09/2017,1:30 p.m.,Lunes,Camion,Publico,Conductor,Masculino,NO,Sin Registro,Solo Daños,Choque,Adelantar cerrando,Diagonal 31 Transversal 33 A Sur,Las Flores,Urbana,"(6.173761816, -75.5789197)"
2172587,04/09/2017,5:45 a.m.,Lunes,Bus,Publico,Conductor,Masculino,NO,Sin Registro,Solo Daños,Choque,Adelantar cerrando,Carrera 50 Calle 39  Sur,Las Vegas,Urbana,
2172587,04/09/2017,5:45 a.m.,Lunes,Bus,Publico,Conductor,Masculino,NO,Sin Registro,Solo Daños,Choque,Adelantar cerrando,Carrera 50 Calle 39  Sur,Las Vegas,Urbana,
2172603,04/09/2017,4:30 p.m.,Lunes,Automovil,Publico,Conductor,Masculino,NO,Sin Registro,Solo Daños,Choque,No mantener distancia de seguridad,Carrera 48 Calle 28  Sur,Las Vegas,Urbana,
2172603,04/09/2017,4:30 p.m.,Lunes,Automovil,Particular,Conductor,Femenino,NO,Sin Registro,Solo Daños,Choque,No mantener distancia de seguridad,Carrera 48 Calle 28  Sur,Las Vegas,Urbana,
2172596,04/09/2017,6:30 p.m.,Lunes,Automovil,Particular,Conductor,Masculino,NO,Sin Registro,Herido,Choque,No mantener distancia de seguridad,Carrera 43 A Calle 25  Sur,Las Orquideas,Urbana,"(6.181616833, -75.58185727)"
2172596,04/09/2017,6:30 p.m.,Lunes,Motocicleta,Particular,Motociclista,Femenino,NO,Sin Registro,Herido,Choque,No mantener distancia de seguridad,Carrera 43 A Calle 25  Sur,Las Orquideas,Urbana,"(6.181616833, -75.58185727)"
2172600,04/09/2017,9:15 p.m.,Lunes,Camion,Publico,Conductor,Masculino,NO,Sin Registro,Solo Daños,Choque,Remolque sin precaucion,Calle 36 D Sur Carrera 27 A,Vereda El Escobero,Urbana,"(6.164831751, -75.57423497)"
2172600,04/09/2017,9:15 p.m.,Lunes,Camioneta,Diplomatico,Conductor,Masculino,NO,Sin Registro,Solo Daños,Choque,Remolque sin precaucion,Calle 36 D Sur Carrera 27 A,Vereda El Escobero,Urbana,"(6.164831751, -75.57423497)"
2172600,04/09/2017,9:15 p.m.,Lunes,Automovil,Particular,Conductor,Femenino,NO,Sin Registro,Solo Daños,Choque,Remolque sin precaucion,Calle 36 D Sur Carrera 27 A,Vereda El Escobero,Urbana,"(6.164831751, -75.57423497)"
2172624,04/09/2017,9:20 p.m.,Lunes,Automovil,Particular,Conductor,Femenino,NO,Sin Registro,Solo Daños,Choque,Semaforo en rojo,Carrera 48 Calle 30  Sur,Las Vegas,Urbana,"(6.179366643, -75.5880841)"
2172624,04/09/2017,9:20 p.m.,Lunes,Camioneta,Particular,Conductor,Masculino,NO,Sin Registro,Solo Daños,Choque,Semaforo en rojo,Carrera 48 Calle 30  Sur,Las Vegas,Urbana,"(6.179366643, -75.5880841)"
2172593,04/09/2017,5:30 p.m.,Lunes,Bus,Publico,Conductor,Masculino,NO,Sin Registro,Solo Daños,Choque,No mantener distancia de seguridad,Carrera 48 Calle 25  Sur,Las Vegas,Urbana,"(6.185059174, -75.58329333)"
2172593,04/09/2017,5:30 p.m.,Lunes,Automovil,Particular,Conductor,Femenino,NO,Sin Registro,Solo Daños,Choque,No mantener distancia de seguridad,Carrera 48 Calle 25  Sur,Las Vegas,Urbana,"(6.185059174, -75.58329333)"
2172611,04/09/2017,6:50 a.m.,Lunes,Camion,Publico,Conductor,Masculino,NO,Sin Registro,Solo Daños,Choque,Adelantar cerrando,Calle 37  Sur Carrera 50,Las Vegas,Urbana,
2172611,04/09/2017,6:50 a.m.,Lunes,Automovil,Particular,Conductor,Masculino,NO,Sin Registro,Solo Daños,Choque,No respetar pelacion de interseccion o giros,Calle 37  Sur Carrera 50,Las Vegas,Urbana,
2172611,04/09/2017,6:50 a.m.,Lunes,Automovil,Particular,Conductor,Masculino,NO,Sin Registro,Solo Daños,Choque,Adelantar cerrando,Calle 37  Sur Carrera 50,Las Vegas,Urbana,
2172611,04/09/2017,6:50 a.m.,Lunes,Camion,Publico,Conductor,Masculino,NO,Sin Registro,Solo Daños,Choque,No respetar pelacion de interseccion o giros,Calle 37  Sur Carrera 50,Las Vegas,Urbana,
2172598,04/09/2017,12:45 p.m.,Lunes,Camioneta,Publico,Conductor,Masculino,NO,Sin Registro,Solo Daños,Choque,No respetar prelacion,Tramo 376 Kilometro  8,Vereda Palmas,Rural,
2172598,04/09/2017,12:45 p.m.,Lunes,Automovil,Particular,Conductor,Masculino,NO,Sin Registro,Solo Daños,Choque,No respetar prelacion,Tramo 376 Kilometro  8,Vereda Palmas,Rural,
2172608,04/09/2017,10:40 a.m.,Lunes,Automovil,Particular,Conductor,Femenino,NO,Sin Registro,Solo Daños,Choque,Exceso de velocidad,Calle 36 D Sur Carrera 43,Las Antillas,Urbana,"(6.156550022, -75.58835781)"
2172608,04/09/2017,10:40 a.m.,Lunes,Motocicleta,Diplomatico,Motociclista,Masculino,NO,Sin Registro,Solo Daños,Choque,No respetar prelacion,Calle 36 D Sur Carrera 43,Las Antillas,Urbana,"(6.156550022, -75.58835781)"
2172608,04/09/2017,10:40 a.m.,Lunes,Motocicleta,Diplomatico,Motociclista,Masculino,NO,Sin Registro,Solo Daños,Choque,Exceso de velocidad,Calle 36 D Sur Carrera 43,Las Antillas,Urbana,"(6.156550022, -75.58835781)"
2172608,04/09/2017,10:40 a.m.,Lunes,Automovil,Particular,Conductor,Femenino,NO,Sin Registro,Solo Daños,Choque,No respetar prelacion,Calle 36 D Sur Carrera 43,Las Antillas,Urbana,"(6.156550022, -75.58835781)"
2172615,05/09/2017,3:00 p.m.,Martes,Automovil,Particular,Conductor,Masculino,NO,Sin Registro,Solo Daños,Choque,No mantener distancia de seguridad,Calle 39  Sur Carrera 43,Zona Centro,Urbana,"(6.168678771, -75.58876156)"
2172615,05/09/2017,3:00 p.m.,Martes,Automovil,Particular,Conductor,Femenino,NO,Sin Registro,Solo Daños,Choque,No mantener distancia de seguridad,Calle 39  Sur Carrera 43,Zona Centro,Urbana,"(6.168678771, -75.58876156)"
2172616,05/09/2017,4:00 p.m.,Martes,Camion,Particular,Conductor,Masculino,NO,Sin Registro,Solo Daños,Choque,Reverso imprudente,Calle 46 A Sur Carrera 49,Las Vegas,Urbana,"(6.167038176, -75.60081726)"
2172616,05/09/2017,4:00 p.m.,Martes,Automovil,Particular,Conductor,Masculino,NO,Sin Registro,Solo Daños,Choque,Estacionar sin seguridad,Calle 46 A Sur Carrera 49,Las Vegas,Urbana,"(6.167038176, -75.60081726)"
2172616,05/09/2017,4:00 p.m.,Martes,Automovil,Particular,Conductor,Masculino,NO,Sin Registro,Solo Daños,Choque,Reverso imprudente,Calle 46 A Sur Carrera 49,Las Vegas,Urbana,"(6.167038176, -75.60081726)"
2172616,05/09/2017,4:00 p.m.,Martes,Camion,Particular,Conductor,Masculino,NO,Sin Registro,Solo Daños,Choque,Estacionar sin seguridad,Calle 46 A Sur Carrera 49,Las Vegas,Urbana,"(6.167038176, -75.60081726)"
2172633,05/09/2017,1:15 p.m.,Martes,Motocicleta,Particular,Motociclista,Masculino,NO,Sin Registro,Solo Daños,Choque,Adelantar en zona prohibida,Calle 36 D Sur Carrera 27,Vereda El Escobero,Urbana,"(6.162479576, -75.57022257)"
2172633,05/09/2017,1:15 p.m.,Martes,Automovil,Particular,Conductor,Femenino,NO,Sin Registro,Solo Daños,Choque,Adelantar en zona prohibida,Calle 36 D Sur Carrera 27,Vereda El Escobero,Urbana,"(6.162479576, -75.57022257)"
2172622,05/09/2017,7:10 a.m.,Martes,Campero,Particular,Conductor,Femenino,NO,Sin Registro,Solo Daños,Choque,Exceso de velocidad,Tramo 372 Kilometro  17,Vereda Palmas,Rural,
2172622,05/09/2017,7:10 a.m.,Martes,Motocicleta,Particular,Motociclista,Masculino,NO,Sin Registro,Solo Daños,Choque,Impericia en el manejo,Tramo 372 Kilometro  17,Vereda Palmas,Rural,
2172622,05/09/2017,7:10 a.m.,Martes,Motocicleta,Particular,Motociclista,Masculino,NO,Sin Registro,Solo Daños,Choque,Exceso de velocidad,Tramo 372 Kilometro  17,Vereda Palmas,Rural,
2172622,05/09/2017,7:10 a.m.,Martes,Motocicleta,Particular,Motociclista,Masculino,NO,Sin Registro,Solo Daños,Choque,Impericia en el manejo,Tramo 372 Kilometro  17,Vereda Palmas,Rural,
2172626,05/09/2017,12:10 p.m.,Martes,Automovil,Particular,Conductor,Masculino,NO,Sin Registro,Solo Daños,Choque,No mantener distancia de seguridad,Carrera 27 Calle 36  Sur,La Inmaculada,Urbana,"(6.167009975, -75.56927808)"
2172626,05/09/2017,12:10 p.m.,Martes,Automovil,Particular,Conductor,Femenino,NO,Sin Registro,Solo Daños,Choque,No mantener distancia de seguridad,Carrera 27 Calle 36  Sur,La Inmaculada,Urbana,"(6.167009975, -75.56927808)"
2172622,05/09/2017,7:10 a.m.,Martes,Motocicleta,Particular,Motociclista,Masculino,NO,Sin Registro,Solo Daños,Choque,Exceso de velocidad,Tramo 372 Kilometro  17,Vereda Palmas,Rural,
2172622,05/09/2017,7:10 a.m.,Martes,Campero,Particular,Conductor,Femenino,NO,Sin Registro,Solo Daños,Choque,Impericia en el manejo,Tramo 372 Kilometro  17,Vereda Palmas,Rural,
2173728,05/09/2017,9:20 a.m.,Martes,Automovil,Particular,Conductor,Femenino,NO,Sin Registro,Solo Daños,Choque,No mantener distancia de seguridad,Carrera 49 A Calle 43  Sur,Las Vegas,Urbana,"(6.170862686, -75.60059948)"
2173728,05/09/2017,9:20 a.m.,Martes,Camion,Publico,Conductor,Masculino,NO,Sin Registro,Solo Daños,Choque,No mantener distancia de seguridad,Carrera 49 A Calle 43  Sur,Las Vegas,Urbana,"(6.170862686, -75.60059948)"
2172613,05/09/2017,7:30 a.m.,Martes,Camion,Publico,Conductor,Masculino,NO,Sin Registro,Solo Daños,Choque,Impericia en el manejo,Carrera 46 Calle 46  Sur,Primavera,Urbana,"(6.163262216, -75.5984258)"
2172613,05/09/2017,7:30 a.m.,Martes,Campero,Particular,Conductor,Femenino,NO,Sin Registro,Solo Daños,Choque,Impericia en el manejo,Carrera 46 Calle 46  Sur,Primavera,Urbana,"(6.163262216, -75.5984258)"
2172621,05/09/2017,3:35 p.m.,Martes,Automovil,Particular,Conductor,Masculino,NO,Sin Registro,Solo Daños,Choque,No mantener distancia de seguridad,Carrera 48 Calle 19  Sur,Las Vegas,Urbana,"(6.187349001, -75.58153568)"
2172621,05/09/2017,3:35 p.m.,Martes,Camioneta,Oficial,Conductor,Masculino,NO,Sin Registro,Solo Daños,Choque,No mantener distancia de seguridad,Carrera 48 Calle 19  Sur,Las Vegas,Urbana,"(6.187349001, -75.58153568)"
2172621,05/09/2017,3:35 p.m.,Martes,Camioneta,Particular,Conductor,Masculino,NO,Sin Registro,Solo Daños,Choque,No mantener distancia de seguridad,Carrera 48 Calle 19  Sur,Las Vegas,Urbana,"(6.187349001, -75.58153568)"
2172621,05/09/2017,3:35 p.m.,Martes,Automovil,Publico,Conductor,Masculino,NO,Sin Registro,Solo Daños,Choque,No mantener distancia de seguridad,Carrera 48 Calle 19  Sur,Las Vegas,Urbana,"(6.187349001, -75.58153568)"
2172614,05/09/2017,10:30 a.m.,Martes,Camioneta,Publico,Conductor,Masculino,NO,Sin Registro,Solo Daños,Choque,No respetar prelacion,Carrera 50 Calle 37  Sur,Las Vegas,Urbana,
2172614,05/09/2017,10:30 a.m.,Martes,Automovil,Particular,Conductor,Masculino,NO,Sin Registro,Solo Daños,Choque,No respetar prelacion,Carrera 50 Calle 37  Sur,Las Vegas,Urbana,
2172642,06/09/2017,7:00 p.m.,Miércoles,Camioneta,Particular,Conductor,Masculino,NO,Sin Registro,Solo Daños,Choque,Adelantar por la derecha,Carrera 38 Calle 38  Sur,Mesa,Urbana,"(6.167921341, -75.58467168)"
2172642,06/09/2017,7:00 p.m.,Miércoles,Motocicleta,Particular,Motociclista,Masculino,NO,Sin Registro,Solo Daños,Choque,Adelantar por la derecha,Carrera 38 Calle 38  Sur,Mesa,Urbana,"(6.167921341, -75.58467168)"
2172631,06/09/2017,6:00 p.m.,Miércoles,Motocicleta,Particular,Motociclista,Masculino,NO,Sin Registro,Herido,Choque,No respetar prelacion,Calle 40  Sur Carrera 24 EE,El Salado,Urbana,"(6.14985354, -75.57706044)"
2172631,06/09/2017,6:00 p.m.,Miércoles,Bus,Publico,Conductor,Masculino,NO,Sin Registro,Herido,Choque,Exceso de velocidad,Calle 40  Sur Carrera 24 EE,El Salado,Urbana,"(6.14985354, -75.57706044)"
2172631,06/09/2017,6:00 p.m.,Miércoles,Bus,Publico,Conductor,Masculino,NO,Sin Registro,Herido,Choque,No respetar prelacion,Calle 40  Sur Carrera 24 EE,El Salado,Urbana,"(6.14985354, -75.57706044)"
2172627,06/09/2017,7:10 p.m.,Miércoles,Camioneta,Particular,Conductor,Femenino,NO,Sin Registro,Solo Daños,Choque,Impericia en el manejo,Transversal 34 E Sur Diagonal 32,Los Naranjos,Urbana,"(6.173524185, -75.58179942)"
2172627,06/09/2017,7:10 p.m.,Miércoles,Camion,Publico,Conductor,Masculino,NO,Sin Registro,Solo Daños,Choque,Impericia en el manejo,Transversal 34 E Sur Diagonal 32,Los Naranjos,Urbana,"(6.173524185, -75.58179942)"
2172631,06/09/2017,6:00 p.m.,Miércoles,Motocicleta,Particular,Motociclista,Masculino,NO,Sin Registro,Herido,Choque,Exceso de velocidad,Calle 40  Sur Carrera 24 EE,El Salado,Urbana,"(6.14985354, -75.57706044)"
2172620,06/09/2017,9:00 a.m.,Miércoles,Motocicleta,Particular,Motociclista,Masculino,NO,Sin Registro,Herido,Atropello,Cruzar sin observar,Carrera 48 Calle 25 A Sur,Las Vegas,Urbana,"(6.184740152, -75.58365742)"
2172620,06/09/2017,9:00 a.m.,Miércoles,Motocicleta,Particular,Motociclista,Masculino,NO,Sin Registro,Herido,Atropello,No respetar prelacion,Carrera 48 Calle 25 A Sur,Las Vegas,Urbana,"(6.184740152, -75.58365742)"
2172667,06/09/2017,6:15 a.m.,Miércoles,Motocicleta,Particular,Motociclista,Masculino,NO,Sin Registro,Herido,Otro,Impericia en el manejo,Carrera 50 Calle 39  Sur,Las Vegas,Urbana,
2172630,06/09/2017,7:05 a.m.,Miércoles,Bus,Publico,Conductor,Masculino,NO,Sin Registro,Solo Daños,Choque,No mantener distancia de seguridad,Carrera 50 Calle 27  Sur,Las Vegas,Urbana,
2172630,06/09/2017,7:05 a.m.,Miércoles,Bus,Publico,Conductor,Masculino,NO,Sin Registro,Solo Daños,Choque,No mantener distancia de seguridad,Carrera 50 Calle 27  Sur,Las Vegas,Urbana,
2172644,06/09/2017,3:10 p.m.,Miércoles,Automovil,Particular,Conductor,Masculino,NO,Sin Registro,Solo Daños,Choque,Estacionar sin seguridad,Diagonal 30 Transversal 35  Sur,La Sebastiana,Urbana,"(6.16965492, -75.57852929)"
2172644,06/09/2017,3:10 p.m.,Miércoles,Camioneta,Particular,Conductor,Masculino,NO,Sin Registro,Solo Daños,Choque,Estacionar sin seguridad,Diagonal 30 Transversal 35  Sur,La Sebastiana,Urbana,"(6.16965492, -75.57852929)"
2172647,06/09/2017,5:20 a.m.,Miércoles,Automovil,Particular,Conductor,Masculino,NO,Sin Registro,Solo Daños,Choque,Arrancar sin precaucion,Carrera 43 A Calle 41 B Sur,Avenida El Poblado,Urbana,"(6.16628795, -75.59295223)"
2172647,06/09/2017,5:20 a.m.,Miércoles,Camioneta,Particular,Conductor,Masculino,NO,Sin Registro,Solo Daños,Choque,Arrancar sin precaucion,Carrera 43 A Calle 41 B Sur,Avenida El Poblado,Urbana,"(6.16628795, -75.59295223)"
2172629,06/09/2017,3:20 p.m.,Miércoles,Camioneta,Particular,Conductor,Femenino,NO,Sin Registro,Solo Daños,Choque,Adelantar cerrando,Carrera 48 Calle 46  Sur,Las Vegas,Urbana,"(6.166195386, -75.59928549)"
2172629,06/09/2017,3:20 p.m.,Miércoles,Camioneta,Publico,Conductor,Masculino,NO,Sin Registro,Solo Daños,Choque,Adelantar cerrando,Carrera 48 Calle 46  Sur,Las Vegas,Urbana,"(6.166195386, -75.59928549)"
2172619,06/09/2017,9:20 a.m.,Miércoles,Automovil,Particular,Conductor,Masculino,NO,Sin Registro,Herido,Choque,Desobedecer senales,Calle 38 A Sur Carrera 47 A,Alcala,Urbana,"(6.172120886, -75.59265483)"
2172619,06/09/2017,9:20 a.m.,Miércoles,Motocicleta,Particular,Motociclista,Femenino,NO,Sin Registro,Herido,Choque,Desobedecer senales,Calle 38 A Sur Carrera 47 A,Alcala,Urbana,"(6.172120886, -75.59265483)"
2172636,06/09/2017,3:45 p.m.,Miércoles,Motocicleta,Diplomatico,Motociclista,Masculino,NO,Sin Registro,Herido,Choque,No mantener distancia de seguridad,Carrera 43 A Calle 25 A Sur,Avenida El Poblado,Urbana,"(6.181504184, -75.5817415)"
2172636,06/09/2017,3:45 p.m.,Miércoles,Automovil,Particular,Conductor,Masculino,NO,Sin Registro,Herido,Choque,No mantener distancia de seguridad,Carrera 43 A Calle 25 A Sur,Avenida El Poblado,Urbana,"(6.181504184, -75.5817415)"
2172649,06/09/2017,11:50 a.m.,Miércoles,Campero,Particular,Conductor,Masculino,NO,Sin Registro,Solo Daños,Choque,No mantener distancia de seguridad,Calle 37  Sur Carrera 50,Las Vegas,Urbana,
2172649,06/09/2017,11:50 a.m.,Miércoles,Camioneta,Publico,Conductor,Masculino,NO,Sin Registro,Solo Daños,Choque,No mantener distancia de seguridad,Calle 37  Sur Carrera 50,Las Vegas,Urbana,
2172618,06/09/2017,9:55 a.m.,Miércoles,Camioneta,Oficial,Conductor,Masculino,NO,Sin Registro,Herido,Choque,Semaforo en rojo,Carrera 29 A Calle 38  Sur,San Jose,Urbana,"(6.16496822, -75.58082836)"
2172618,06/09/2017,9:55 a.m.,Miércoles,Motocicleta,Particular,Motociclista,Femenino,NO,Sin Registro,Herido,Choque,Semaforo en rojo,Carrera 29 A Calle 38  Sur,San Jose,Urbana,"(6.16496822, -75.58082836)"
2172618,06/09/2017,9:55 a.m.,Miércoles,Motocicleta,Particular,Motociclista,Masculino,NO,Sin Registro,Herido,Choque,Semaforo en rojo,Carrera 29 A Calle 38  Sur,San Jose,Urbana,"(6.16496822, -75.58082836)"
2172628,06/09/2017,3:50 p.m.,Miércoles,Automovil,Particular,Conductor,Masculino,NO,Sin Registro,Solo Daños,Choque,No respetar prelacion,Carrera 48 Calle 25  Sur,Las Vegas,Urbana,"(6.185059174, -75.58329333)"
2172628,06/09/2017,3:50 p.m.,Miércoles,Automovil,Particular,Conductor,Masculino,NO,Sin Registro,Solo Daños,Choque,No respetar prelacion,Carrera 48 Calle 25  Sur,Las Vegas,Urbana,"(6.185059174, -75.58329333)"
2172632,06/09/2017,11:00 p.m.,Miércoles,Automovil,Particular,Conductor,Femenino,NO,Sin Registro,Herido,Choque,Adelantar en zona prohibida,Calle 37  Sur Carrera 46 A,Alcala,Urbana,"(6.173105489, -75.59126093)"
2172632,06/09/2017,11:00 p.m.,Miércoles,Motocicleta,Particular,Motociclista,Masculino,NO,Sin Registro,Herido,Choque,Adelantar en zona prohibida,Calle 37  Sur Carrera 46 A,Alcala,Urbana,"(6.173105489, -75.59126093)"
2172652,07/09/2017,6:00 a.m.,Jueves,Bus,Publico,Conductor,Masculino,NO,Sin Registro,Solo Daños,Choque,No mantener distancia de seguridad,Carrera 48 Calle 25  Sur,Las Vegas,Urbana,"(6.185059174, -75.58329333)"
2172652,07/09/2017,6:00 a.m.,Jueves,Automovil,Particular,Conductor,Femenino,NO,Sin Registro,Solo Daños,Choque,No mantener distancia de seguridad,Carrera 48 Calle 25  Sur,Las Vegas,Urbana,"(6.185059174, -75.58329333)"
2172650,07/09/2017,6:10 a.m.,Jueves,Automovil,Particular,Conductor,Femenino,NO,Sin Registro,Solo Daños,Choque,No mantener distancia de seguridad,Calle 39  Sur Carrera 28,El Chinguí,Urbana,"(6.160790572, -75.57942846)"
2172650,07/09/2017,6:10 a.m.,Jueves,Motocicleta,Particular,Motociclista,Masculino,NO,Sin Registro,Solo Daños,Choque,No mantener distancia de seguridad,Calle 39  Sur Carrera 28,El Chinguí,Urbana,"(6.160790572, -75.57942846)"
2172673,07/09/2017,7:50 p.m.,Jueves,Automovil,Particular,Conductor,Masculino,NO,Sin Registro,Herido,Choque,Adelantar cerrando,Carrera 48 Calle 41  Sur,Las Vegas,Urbana,
2172673,07/09/2017,7:50 p.m.,Jueves,Motocicleta,Particular,Motociclista,Masculino,NO,Sin Registro,Herido,Choque,Girar bruscamente,Carrera 48 Calle 41  Sur,Las Vegas,Urbana,
2172673,07/09/2017,7:50 p.m.,Jueves,Motocicleta,Particular,Motociclista,Masculino,NO,Sin Registro,Herido,Choque,Adelantar cerrando,Carrera 48 Calle 41  Sur,Las Vegas,Urbana,
2172673,07/09/2017,7:50 p.m.,Jueves,Automovil,Particular,Conductor,Masculino,NO,Sin Registro,Herido,Choque,Girar bruscamente,Carrera 48 Calle 41  Sur,Las Vegas,Urbana,
2172637,07/09/2017,3:10 p.m.,Jueves,Automovil,Publico,Conductor,Masculino,NO,Sin Registro,Solo Daños,Choque,No mantener distancia de seguridad,Carrera 43 A Calle 21  Sur,Avenida El Poblado,Urbana,"(6.183599544, -75.57940986)"
2172637,07/09/2017,3:10 p.m.,Jueves,Automovil,Particular,Conductor,Femenino,NO,Sin Registro,Solo Daños,Choque,No mantener distancia de seguridad,Carrera 43 A Calle 21  Sur,Avenida El Poblado,Urbana,"(6.183599544, -75.57940986)"
2172659,07/09/2017,2:10 p.m.,Jueves,Camioneta,Particular,Conductor,Masculino,NO,Sin Registro,Solo Daños,Choque,No mantener distancia de seguridad,Carrera 50 Calle 26  Sur,Las Vegas,Urbana,"(6.184812544, -75.58691109)"
2172638,07/09/2017,6:30 a.m.,Jueves,Automovil,Particular,Conductor,Masculino,NO,Sin Registro,Herido,Choque,Exceso de velocidad,Carrera 48 Calle 20  Sur,Zuñiga,Urbana,
2172638,07/09/2017,6:30 a.m.,Jueves,Motocicleta,Particular,Motociclista,Masculino,NO,Sin Registro,Herido,Choque,Adelantar cerrando,Carrera 48 Calle 20  Sur,Zuñiga,Urbana,
2172639,07/09/2017,6:30 a.m.,Jueves,Motocicleta,Particular,Motociclista,Masculino,NO,Sin Registro,Herido,Choque,No respetar prelacion,Calle 38  Sur Carrera 29 A,Los Naranjos,Urbana,"(6.165022576, -75.58071311)"