RADICADO,FECHA,HORA,DÍA DE LA SEMANA,CLASE DE VEHICULO,TIPO DE SERVICIO,TIPO DE VICTIMA,SEXO,ESTADO DE BEODEZ,RESULTADO DE BEODEZ,GRAVEDAD,CLASE DE ACCIDENTE,CAUSA,DIRECCIÓN,BARRIO,AREA,Coordenadas
2172760,09/16/2017,9:15 a.m.,Sábado,Motocicleta,Particular,Motociclista,Masculino,NO,Sin Registro,Herido,Choque,Exceso de velocidad,Transversal 36  Sur Diagonal 31,La Sebastiana,Urbana,"(6.16838256, -75.58057915)"
2172760,09/16/2017,9:15 a.m.,Sábado,Camion,Oficial,Conductor,Masculino,NO,Sin Registro,Herido,Choque,Exceso de velocidad,Transversal 36  Sur Diagonal 31,La Sebastiana,Urbana,"(6.16838256, -75.58057915)"
2172772,09/16/2017,3:15 p.m.,Sábado,Camion,Particular,Conductor,Masculino,NO,Sin Registro,Solo Daños,Choque,Adelantar cerrando,Carrera 48 Calle 38 A Sur,Las Vegas,Urbana,"(6.172315595, -75.59309025)"
2172772,09/16/2017,3:15 p.m.,Sábado,Automovil,Particular,Conductor,Masculino,NO,Sin Registro,Solo Daños,Choque,Adelantar cerrando,Carrera 48 Calle 38 A Sur,Las Vegas,Urbana,"(6.172315595, -75.59309025)"
2172749,09/16/2017,8:00 p.m.,Sábado,Automovil,Particular,Conductor,Masculino,NO,Sin Registro,Solo Daños,Choque,No mantener distancia de seguridad,Calle 38  Sur Carrera 47 A,Alcala,Urbana,"(6.172609491, -75.59229961)"
2172749,09/16/2017,8:00 p.m.,Sábado,Camioneta,Particular,Conductor,Femenino,NO,Sin Registro,Solo Daños,Choque,Adelantar cerrando,Calle 38  Sur Carrera 47 A,Alcala,Urbana,"(6.172609491, -75.59229961)"
2172749,09/16/2017,8:00 p.m.,Sábado,Camioneta,Particular,Conductor,Femenino,NO,Sin Registro,Solo Daños,Choque,No mantener distancia de seguridad,Calle 38  Sur Carrera 47 A,Alcala,Urbana,"(6.172609491, -75.59229961)"
2172749,09/16/2017,8:00 p.m.,Sábado,Automovil,Particular,Conductor,Masculino,NO,Sin Registro,Solo Daños,Choque,Adelantar cerrando,Calle 38  Sur Carrera 47 A,Alcala,Urbana,"(6.172609491, -75.59229961)"
2172753,09/16/2017,10:10 a.m.,Sábado,Automovil,Particular,Conductor,Masculino,NO,Sin Registro,Solo Daños,Choque,No mantener distancia de seguridad,Calle 40  Sur Carrera 44,Alcala,Urbana,"(6.168120304, -75.59095621)"
2172753,09/16/2017,10:10 a.m.,Sábado,Motocicleta,Particular,Motociclista,Masculino,NO,Sin Registro,Solo Daños,Choque,No mantener distancia de seguridad,Calle 40  Sur Carrera 44,Alcala,Urbana,"(6.168120304, -75.59095621)"
2172759,09/16/2017,10:10 a.m.,Sábado,Camioneta,Particular,Conductor,Femenino,NO,Sin Registro,Solo Daños,Choque,Reverso imprudente,Carrera 27 DA Calle 34 DD Sur,La Inmaculada,Urbana,"(6.169592808, -75.57417175)"
2172759,09/16/2017,10:10 a.m.,Sábado,Automovil,Particular,Conductor,Femenino,NO,Sin Registro,Solo Daños,Choque,Reverso imprudente,Carrera 27 DA Calle 34 DD Sur,La Inmaculada,Urbana,"(6.169592808, -75.57417175)"
2172752,09/16/2017,8:30 a.m.,Sábado,Automovil,Publico,Conductor,Masculino,NO,Sin Registro,Solo Daños,Choque,Desobedecer senales,Transversal 32 C Sur Diagonal 32,La Magnolia,Urbana,"(6.175116463, -75.58238464)"
2172752,09/16/2017,8:30 a.m.,Sábado,Camioneta,Particular,Conductor,Femenino,NO,Sin Registro,Solo Daños,Choque,Desobedecer senales,Transversal 32 C Sur Diagonal 32,La Magnolia,Urbana,"(6.175116463, -75.58238464)"
2172765,09/16/2017,3:30 p.m.,Sábado,Automovil,Particular,Conductor,Femenino,NO,Sin Registro,Solo Daños,Choque,No mantener distancia de seguridad,Carrera 48 Calle 39 B Sur,Las Vegas,Urbana,"(6.170456638, -75.59483004)"
2172765,09/16/2017,3:30 p.m.,Sábado,Motocicleta,Particular,Motociclista,Femenino,NO,Sin Registro,Solo Daños,Choque,No mantener distancia de seguridad,Carrera 48 Calle 39 B Sur,Las Vegas,Urbana,"(6.170456638, -75.59483004)"
2172758,09/16/2017,12:30 p.m.,Sábado,Microbus,Publico,Conductor,Masculino,NO,Sin Registro,Solo Daños,Choque,No mantener distancia de seguridad,Carrera 43 A Calle 35  Sur,Zona Centro,Urbana,"(6.172381022, -75.58730875)"
2172758,09/16/2017,12:30 p.m.,Sábado,Automovil,Particular,Conductor,Masculino,NO,Sin Registro,Solo Daños,Choque,No mantener distancia de seguridad,Carrera 43 A Calle 35  Sur,Zona Centro,Urbana,"(6.172381022, -75.58730875)"
2172756,09/16/2017,9:15 p.m.,Sábado,Automovil,Particular,Conductor,Masculino,NO,Sin Registro,Herido,Atropello,Cruzar sin observar,Transversal 33  Sur Diagonal 32,La Magnolia,Urbana,"(6.174666095, -75.58222807)"
2172756,09/16/2017,9:15 p.m.,Sábado,Motocicleta,Particular,Motociclista,Masculino,NO,Sin Registro,Herido,Atropello,Cruzar sin observar,Transversal 33  Sur Diagonal 32,La Magnolia,Urbana,"(6.174666095, -75.58222807)"
2172750,09/16/2017,12:20 a.m.,Sábado,Campero,Particular,Conductor,Masculino,NO,Sin Registro,Solo Daños,Choque,Impericia en el manejo,Tramo 371 Kilometro  8,Vereda El Escobero,Rural,
2172750,09/16/2017,12:20 a.m.,Sábado,Automovil,Particular,Conductor,Femenino,NO,Sin Registro,Solo Daños,Choque,Impericia en el manejo,Tramo 371 Kilometro  8,Vereda El Escobero,Rural,
2172768,09/16/2017,12:40 p.m.,Sábado,Motocicleta,Particular,Motociclista,Masculino,NO,Sin Registro,Herido,Choque,No respetar prelacion,Carrera 48 Calle 469  Sur,Las Vegas,Urbana,"(6.166195386, -75.59928549)"
2172768,09/16/2017,12:40 p.m.,Sábado,Bicicleta,Sin Registro,Ciclista,Masculino,NO,Sin Registro,Herido,Choque,No respetar prelacion,Carrera 48 Calle 469  Sur,Las Vegas,Urbana,"(6.166195386, -75.59928549)"
2172726,09/16/2017,7:50 a.m.,Sábado,Automovil,Particular,Conductor,Masculino,NO,Sin Registro,Herido,Atropello,Adelantar por la derecha,Tramo 373 Kilometro  12,Vereda Palmas,Rural,
2172726,09/16/2017,7:50 a.m.,Sábado,Automovil,Particular,Conductor,Masculino,NO,Sin Registro,Herido,Atropello,Cruzar sin observar,Tramo 373 Kilometro  12,Vereda Palmas,Rural,
2172755,09/16/2017,2:45 p.m.,Sábado,Automovil,Particular,Conductor,Masculino,NO,Sin Registro,Solo Daños,Choque,No mantener distancia de seguridad,Carrera 50 Calle 25  Sur,Las Vegas,Urbana,"(6.186515998, -75.58512541)"
2172755,09/16/2017,2:45 p.m.,Sábado,Camion,Publico,Conductor,Masculino,NO,Sin Registro,Solo Daños,Choque,No mantener distancia de seguridad,Carrera 50 Calle 25  Sur,Las Vegas,Urbana,"(6.186515998, -75.58512541)"
2172764,09/16/2017,10:20 p.m.,Sábado,Camioneta,Particular,Conductor,Masculino,NO,Sin Registro,Solo Daños,Choque,No mantener distancia de seguridad,Calle 37  Sur Carrera 50,Las Vegas,Urbana,
2172764,09/16/2017,10:20 p.m.,Sábado,Automovil,Particular,Conductor,Masculino,NO,Sin Registro,Solo Daños,Choque,No mantener distancia de seguridad,Calle 37  Sur Carrera 50,Las Vegas,Urbana,
2172757,09/17/2017,8:15 a.m.,Domingo,Automovil,Particular,Conductor,Masculino,NO,Sin Registro,Herido,Choque,Impericia en el manejo,Tramo 372 Kilometro  13,Vereda Palmas,Rural,
2172757,09/17/2017,8:15 a.m.,Domingo,Motocicleta,Particular,Motociclista,Masculino,NO,Sin Registro,Herido,Choque,Impericia en el manejo,Tramo 372 Kilometro  13,Vereda Palmas,Rural,
2172724,09/17/2017,3:15 a.m.,Domingo,Automovil,Publico,Conductor,Masculino,NO,Sin Registro,Herido,Choque,Semaforo en rojo,Carrera 43 A Calle 45  Sur,La Paz,Urbana,"(6.165116925, -75.59448316)"
2172724,09/17/2017,3:15 a.m.,Domingo,Campero,Diplomatico,Conductor,Masculino,NO,Sin Registro,Herido,Choque,Semaforo en rojo,Carrera 43 A Calle 45  Sur,La Paz,Urbana,"(6.165116925, -75.59448316)"
2172725,09/17/2017,3:30 p.m.,Domingo,Motocicleta,Particular,Motociclista,Masculino,NO,Sin Registro,Herido,Atropello,Cruzar sin observar,Transversal 34 C Sur Diagonal 39,Obrero,Urbana,"(6.171097602, -75.58405138)"
2172725,09/17/2017,3:30 p.m.,Domingo,Motocicleta,Particular,Motociclista,Masculino,NO,Sin Registro,Herido,Atropello,Exceso de velocidad,Transversal 34 C Sur Diagonal 39,Obrero,Urbana,"(6.171097602, -75.58405138)"
2172727,09/17/2017,2:30 p.m.,Domingo,Camioneta,Particular,Conductor,Masculino,NO,Sin Registro,Herido,Choque,No mantener distancia de seguridad,Carrera 50 Calle 25 A Sur,Las Vegas,Urbana,"(6.186515998, -75.58512541)"
2172727,09/17/2017,2:30 p.m.,Domingo,Motocicleta,Particular,Motociclista,Masculino,NO,Sin Registro,Herido,Choque,No mantener distancia de seguridad,Carrera 50 Calle 25 A Sur,Las Vegas,Urbana,"(6.186515998, -75.58512541)"
2172774,09/17/2017,9:15 p.m.,Domingo,Camioneta,Particular,Conductor,Masculino,NO,Sin Registro,Solo Daños,Choque,Impericia en el manejo,Calle 39 B Sur Carrera 39 A,Mesa,Urbana,"(6.166296351, -75.58649896)"
2172774,09/17/2017,9:15 p.m.,Domingo,Automovil,Particular,Conductor,Masculino,NO,Sin Registro,Solo Daños,Choque,Impericia en el manejo,Calle 39 B Sur Carrera 39 A,Mesa,Urbana,"(6.166296351, -75.58649896)"
2172719,09/17/2017,11:50 p.m.,Domingo,Motocicleta,Particular,Motociclista,Masculino,NO,Sin Registro,Solo Daños,Choque,Embriaguez o droga,Carrera 40 Calle 47  Sur,El Trianon,Urbana,"(6.159120887, -75.59392794)"
2172719,09/17/2017,11:50 p.m.,Domingo,Motocicleta,Particular,Motociclista,Masculino,NO,Sin Registro,Solo Daños,Choque,Desobedecer senales,Carrera 40 Calle 47  Sur,El Trianon,Urbana,"(6.159120887, -75.59392794)"
2172719,09/17/2017,11:50 p.m.,Domingo,Motocicleta,Particular,Motociclista,Masculino,NO,Sin Registro,Solo Daños,Choque,Embriaguez o droga,Carrera 40 Calle 47  Sur,El Trianon,Urbana,"(6.159120887, -75.59392794)"
2172719,09/17/2017,11:50 p.m.,Domingo,Motocicleta,Particular,Motociclista,Masculino,NO,Sin Registro,Solo Daños,Choque,Desobedecer senales,Carrera 40 Calle 47  Sur,El Trianon,Urbana,"(6.159120887, -75.59392794)"
2172767,09/18/2017,1:00 p.m.,Lunes,Motocicleta,Particular,Motociclista,Femenino,NO,Sin Registro,Solo Daños,Choque,Desobedecer senales,Calle 40  Sur Carrera 28 B,San Jose,Urbana,"(6.160728003, -75.58142402)"
2172767,09/18/2017,1:00 p.m.,Lunes,Motocicleta,Particular,Motociclista,Masculino,NO,Sin Registro,Solo Daños,Choque,Desobedecer senales,Calle 40  Sur Carrera 28 B,San Jose,Urbana,"(6.160728003, -75.58142402)"
2172769,09/18/2017,7:00 a.m.,Lunes,Motocicleta,Particular,Motociclista,Masculino,NO,Sin Registro,Herido,Choque,No mantener distancia de seguridad,Carrera 48 Calle 48 C Sur,Las Vegas,Urbana,"(6.163662083, -75.60174973)"
2172770,09/18/2017,3:00 p.m.,Lunes,Motocicleta,Particular,Motociclista,Masculino,NO,Sin Registro,Solo Daños,Choque,Adelantar cerrando,Carrera 48 Calle 19  Sur,Las Vegas,Urbana,"(6.187349001, -75.58153568)"
2172770,09/18/2017,3:00 p.m.,Lunes,Motocicleta,Particular,Motociclista,Masculino,NO,Sin Registro,Solo Daños,Choque,Exceso de velocidad,Carrera 48 Calle 19  Sur,Las Vegas,Urbana,"(6.187349001, -75.58153568)"
2172770,09/18/2017,3:00 p.m.,Lunes,Motocicleta,Particular,Motociclista,Masculino,NO,Sin Registro,Solo Daños,Choque,Adelantar cerrando,Carrera 48 Calle 19  Sur,Las Vegas,Urbana,"(6.187349001, -75.58153568)"
2172770,09/18/2017,3:00 p.m.,Lunes,Motocicleta,Particular,Motociclista,Masculino,NO,Sin Registro,Solo Daños,Choque,Exceso de velocidad,Carrera 48 Calle 19  Sur,Las Vegas,Urbana,"(6.187349001, -75.58153568)"
2172769,09/18/2017,7:00 a.m.,Lunes,Automovil,Particular,Conductor,Femenino,NO,Sin Registro,Herido,Choque,No mantener distancia de seguridad,Carrera 48 Calle 48 C Sur,Las Vegas,Urbana,"(6.163662083, -75.60174973)"
2172770,09/18/2017,3:00 p.m.,Lunes,Motocicleta,Particular,Motociclista,Masculino,NO,Sin Registro,Solo Daños,Choque,Adelantar cerrando,Carrera 48 Calle 19  Sur,Las Vegas,Urbana,"(6.187349001, -75.58153568)"
2172770,09/18/2017,3:00 p.m.,Lunes,Motocicleta,Particular,Motociclista,Masculino,NO,Sin Registro,Solo Daños,Choque,Exceso de velocidad,Carrera 48 Calle 19  Sur,Las Vegas,Urbana,"(6.187349001, -75.58153568)"
2172766,09/18/2017,7:30 p.m.,Lunes,Motocicleta,Particular,Motociclista,Femenino,NO,Sin Registro,Herido,Choque,No respetar prelacion,Calle 45 B Sur Carrera 43,La Paz,Urbana,"(6.164485785, -75.59467842)"
2172766,09/18/2017,7:30 p.m.,Lunes,Motocicleta,Particular,Motociclista,Masculino,NO,Sin Registro,Herido,Choque,No respetar prelacion,Calle 45 B Sur Carrera 43,La Paz,Urbana,"(6.164485785, -75.59467842)"
2172761,09/18/2017,9:30 a.m.,Lunes,Camioneta,Publico,Conductor,Masculino,NO,Sin Registro,Solo Daños,Choque,No mantener distancia de seguridad,Carrera 50 Calle 37  Sur,Las Vegas,Urbana,
2172761,09/18/2017,9:30 a.m.,Lunes,Automovil,Particular,Conductor,Masculino,NO,Sin Registro,Solo Daños,Choque,No mantener distancia de seguridad,Carrera 50 Calle 37  Sur,Las Vegas,Urbana,
2172736,09/18/2017,10:30 a.m.,Lunes,Bus,Publico,Conductor,Masculino,NO,Sin Registro,Solo Daños,Choque,Exceso de velocidad,Carrera 50 Calle 46 A Sur,Las Vegas,Urbana,"(6.16131219, -75.60319818)"
2172736,09/18/2017,10:30 a.m.,Lunes,Camion,Publico,Conductor,Masculino,NO,Sin Registro,Solo Daños,Choque,Adelantar cerrando,Carrera 50 Calle 46 A Sur,Las Vegas,Urbana,"(6.16131219, -75.60319818)"
2172736,09/18/2017,10:30 a.m.,Lunes,Camion,Publico,Conductor,Masculino,NO,Sin Registro,Solo Daños,Choque,Exceso de velocidad,Carrera 50 Calle 46 A Sur,Las Vegas,Urbana,"(6.16131219, -75.60319818)"
2172736,09/18/2017,10:30 a.m.,Lunes,Bus,Publico,Conductor,Masculino,NO,Sin Registro,Solo Daños,Choque,Adelantar cerrando,Carrera 50 Calle 46 A Sur,Las Vegas,Urbana,"(6.16131219, -75.60319818)"
2172775,09/18/2017,9:40 a.m.,Lunes,Campero,Particular,Conductor,Masculino,NO,Sin Registro,Solo Daños,Choque,Transitar entre vehiculos,Carrera 50 Calle 46 A Sur,Las Vegas,Urbana,"(6.16131219, -75.60319818)"
2172775,09/18/2017,9:40 a.m.,Lunes,Motocicleta,Particular,Motociclista,Masculino,NO,Sin Registro,Solo Daños,Choque,Transitar entre vehiculos,Carrera 50 Calle 46 A Sur,Las Vegas,Urbana,"(6.16131219, -75.60319818)"
2172762,09/18/2017,9:50 a.m.,Lunes,Camioneta,Particular,Conductor,Femenino,NO,Sin Registro,Solo Daños,Choque,No mantener distancia de seguridad,Carrera 48 Calle 39 A Sur,Las Vegas,Urbana,"(6.17097263, -75.59431326)"
2172762,09/18/2017,9:50 a.m.,Lunes,Motocicleta,Particular,Motociclista,Femenino,NO,Sin Registro,Solo Daños,Choque,No mantener distancia de seguridad,Carrera 48 Calle 39 A Sur,Las Vegas,Urbana,"(6.17097263, -75.59431326)"
2172739,09/18/2017,3:50 p.m.,Lunes,Camioneta,Publico,Conductor,Masculino,NO,Sin Registro,Solo Daños,Volcamiento,Exceso de velocidad,Tramo 371 Kilometro  5,Vereda El Escobero,Rural,
2172739,09/18/2017,3:50 p.m.,Lunes,Camioneta,Publico,Conductor,Masculino,NO,Sin Registro,Solo Daños,Volcamiento,Impericia en el manejo,Tramo 371 Kilometro  5,Vereda El Escobero,Rural,
2172742,09/18/2017,11:00 p.m.,Lunes,Automovil,Particular,Conductor,Masculino,NO,Sin Registro,Herido,Choque,Exceso de velocidad,Calle 25  Sur Carrera 46,Zuñiga,Urbana,"(6.183044029, -75.5826185)"
2172742,09/18/2017,11:00 p.m.,Lunes,Automovil,Particular,Conductor,Masculino,NO,Sin Registro,Herido,Choque,Impericia en el manejo,Calle 25  Sur Carrera 46,Zuñiga,Urbana,"(6.183044029, -75.5826185)"
2172790,09/19/2017,12:00 p.m.,Martes,Camion,Publico,Conductor,Masculino,NO,Sin Registro,Solo Daños,Choque,Reverso imprudente,Calle 40 A Sur Carrera 24 B,La Mina,Urbana,"(6.151984005, -75.58064483)"
2172790,09/19/2017,12:00 p.m.,Martes,Camioneta,Publico,Conductor,Masculino,NO,Sin Registro,Solo Daños,Choque,Reverso imprudente,Calle 40 A Sur Carrera 24 B,La Mina,Urbana,"(6.151984005, -75.58064483)"
2172783,09/19/2017,12:05 p.m.,Martes,Camioneta,Particular,Conductor,Femenino,NO,Sin Registro,Herido,Atropello,Impericia en el manejo,Carrera 48 Calle 34  Sur,Las Vegas,Urbana,"(6.175414344, -75.59078218)"
2172786,09/19/2017,1:15 p.m.,Martes,Camioneta,Particular,Conductor,Masculino,NO,Sin Registro,Solo Daños,Choque,Desobedecer senales,Carrera 40 Calle 47  Sur,El Trianon,Urbana,"(6.159120887, -75.59392794)"
2172786,09/19/2017,1:15 p.m.,Martes,Automovil,Particular,Conductor,Masculino,NO,Sin Registro,Solo Daños,Choque,Desobedecer senales,Carrera 40 Calle 47  Sur,El Trianon,Urbana,"(6.159120887, -75.59392794)"
2172776,09/19/2017,9:20 a.m.,Martes,Automovil,Publico,Conductor,Masculino,NO,Sin Registro,Solo Daños,Choque,Desobedecer senales,Calle 38 B Sur Carrera 46 A,Alcala,Urbana,"(6.171402757, -75.59220091)"
2172776,09/19/2017,9:20 a.m.,Martes,Automovil,Particular,Conductor,Femenino,NO,Sin Registro,Solo Daños,Choque,Desobedecer senales,Calle 38 B Sur Carrera 46 A,Alcala,Urbana,"(6.171402757, -75.59220091)"
2172788,09/19/2017,6:45 a.m.,Martes,Bus,Publico,Conductor,Masculino,NO,Sin Registro,Solo Daños,Choque,Adelantar cerrando,Calle 39  Sur Carrera 42,Zona Centro,Urbana,"(6.168300638, -75.58815927)"
2172788,09/19/2017,6:45 a.m.,Martes,Automovil,Particular,Conductor,Masculino,NO,Sin Registro,Solo Daños,Choque,Adelantar cerrando,Calle 39  Sur Carrera 42,Zona Centro,Urbana,"(6.168300638, -75.58815927)"
2172777,09/19/2017,6:50 a.m.,Martes,Camioneta,Particular,Conductor,Femenino,NO,Sin Registro,Solo Daños,Choque,Exceso de velocidad,Carrera 28 Calle 27  Sur,El Esmeraldal,Urbana,"(6.175270544, -75.57368693)"
2172826,09/24/2017,2:20 p.m.,Domingo,Automovil,Particular,Conductor,Masculino,NO,Sin Registro,Solo Daños,Choque,Reverso imprudente,Carrera 49 Calle 37  Sur,Las Vegas,Urbana,
2172777,09/19/2017,6:50 a.m.,Martes,Automovil,Particular,Conductor,Masculino,NO,Sin Registro,Solo Daños,Choque,No mantener distancia de seguridad,Carrera 28 Calle 27  Sur,El Esmeraldal,Urbana,"(6.175270544, -75.57368693)"
2172777,09/19/2017,6:50 a.m.,Martes,Automovil,Particular,Conductor,Masculino,NO,Sin Registro,Solo Daños,Choque,Exceso de velocidad,Carrera 28 Calle 27  Sur,El Esmeraldal,Urbana,"(6.175270544, -75.57368693)"
2172777,09/19/2017,6:50 a.m.,Martes,Camioneta,Particular,Conductor,Femenino,NO,Sin Registro,Solo Daños,Choque,No mantener distancia de seguridad,Carrera 28 Calle 27  Sur,El Esmeraldal,Urbana,"(6.175270544, -75.57368693)"
2172778,09/19/2017,4:50 p.m.,Martes,Automovil,Publico,Conductor,Masculino,NO,Sin Registro,Solo Daños,Choque,No respetar prelacion,Carrera 50 Calle 37  Sur,Las Vegas,Urbana,
2172778,09/19/2017,4:50 p.m.,Martes,Automovil,Particular,Conductor,Femenino,NO,Sin Registro,Solo Daños,Choque,No respetar prelacion,Carrera 50 Calle 37  Sur,Las Vegas,Urbana,
2172778,09/19/2017,4:50 p.m.,Martes,Tractocamion,Publico,Conductor,Masculino,NO,Sin Registro,Solo Daños,Choque,No respetar prelacion,Carrera 50 Calle 37  Sur,Las Vegas,Urbana,
2172792,09/20/2017,7:00 p.m.,Miércoles,Automovil,Particular,Conductor,Femenino,NO,Sin Registro,Solo Daños,Choque,Impericia en el manejo,Diagonal 29 Transversal 34 F Sur,La Sebastiana,Urbana,"(6.169949011, -75.57757889)"
2172792,09/20/2017,7:00 p.m.,Miércoles,Automovil,Particular,Conductor,Masculino,NO,Sin Registro,Solo Daños,Choque,Impericia en el manejo,Diagonal 29 Transversal 34 F Sur,La Sebastiana,Urbana,"(6.169949011, -75.57757889)"
2172792,09/20/2017,7:00 p.m.,Miércoles,Automovil,Particular,Conductor,Femenino,NO,Sin Registro,Solo Daños,Choque,Impericia en el manejo,Diagonal 29 Transversal 34 F Sur,La Sebastiana,Urbana,"(6.169949011, -75.57757889)"
2172781,09/20/2017,7:10 p.m.,Miércoles,Automovil,Particular,Conductor,Masculino,NO,Sin Registro,Solo Daños,Choque,Reverso imprudente,Carrera 44 Calle 38  Sur,Zona Centro,Urbana,"(6.170525061, -75.58895361)"
2172781,09/20/2017,7:10 p.m.,Miércoles,Campero,Particular,Conductor,Masculino,NO,Sin Registro,Solo Daños,Choque,Reverso imprudente,Carrera 44 Calle 38  Sur,Zona Centro,Urbana,"(6.170525061, -75.58895361)"
2172785,09/20/2017,5:00 p.m.,Miércoles,Automovil,Particular,Conductor,Masculino,NO,Sin Registro,Solo Daños,Choque,No mantener distancia de seguridad,Carrera 50 Calle 48  Sur,Las Vegas,Urbana,
2172785,09/20/2017,5:00 p.m.,Miércoles,Motocicleta,Particular,Motociclista,Masculino,NO,Sin Registro,Solo Daños,Choque,No mantener distancia de seguridad,Carrera 50 Calle 48  Sur,Las Vegas,Urbana,
2172794,09/20/2017,4:10 p.m.,Miércoles,Camion,Particular,Conductor,Masculino,NO,Sin Registro,Solo Daños,Choque,Estacionar sin seguridad,Carrera 25 Calle 39 B Sur,El Chinguí,Urbana,"(6.153370486, -75.57440226)"
2172794,09/20/2017,4:10 p.m.,Miércoles,Automovil,Diplomatico,Conductor,Masculino,NO,Sin Registro,Solo Daños,Choque,Estacionar sin seguridad,Carrera 25 Calle 39 B Sur,El Chinguí,Urbana,"(6.153370486, -75.57440226)"
2172782,09/20/2017,3:10 p.m.,Miércoles,Motocicleta,Particular,Motociclista,Femenino,NO,Sin Registro,Herido,Choque,No mantener distancia de seguridad,Carrera 43 Calle 31  Sur,La Magnolia,Urbana,"(6.176503305, -75.58520779)"
2172782,09/20/2017,3:10 p.m.,Miércoles,Automovil,Publico,Conductor,Masculino,NO,Sin Registro,Herido,Choque,Impericia en el manejo,Carrera 43 Calle 31  Sur,La Magnolia,Urbana,"(6.176503305, -75.58520779)"
2172782,09/20/2017,3:10 p.m.,Miércoles,Automovil,Publico,Conductor,Masculino,NO,Sin Registro,Herido,Choque,No mantener distancia de seguridad,Carrera 43 Calle 31  Sur,La Magnolia,Urbana,"(6.176503305, -75.58520779)"
2172782,09/20/2017,3:10 p.m.,Miércoles,Motocicleta,Particular,Motociclista,Femenino,NO,Sin Registro,Herido,Choque,Impericia en el manejo,Carrera 43 Calle 31  Sur,La Magnolia,Urbana,"(6.176503305, -75.58520779)"
2172780,09/20/2017,6:40 a.m.,Miércoles,Bus,Publico,Conductor,Masculino,NO,Sin Registro,Solo Daños,Choque,No mantener distancia de seguridad,Calle 38  Sur Carrera 38,Zona Centro,Urbana,"(6.16803936, -75.58469435)"
2172780,09/20/2017,6:40 a.m.,Miércoles,Bus,Publico,Conductor,Masculino,NO,Sin Registro,Solo Daños,Choque,No mantener distancia de seguridad,Calle 38  Sur Carrera 38,Zona Centro,Urbana,"(6.16803936, -75.58469435)"
2172784,09/20/2017,9:20 p.m.,Miércoles,Automovil,Particular,Conductor,Masculino,NO,Sin Registro,Solo Daños,Choque,No respetar pelacion de interseccion o giros,Calle 45 B Sur Carrera 43,La Paz,Urbana,"(6.164485785, -75.59467842)"
2172839,09/25/2017,7:35 a.m.,Lunes,Camion,Publico,Conductor,Masculino,NO,Sin Registro,Solo Daños,Choque,Reverso imprudente,Carrera 50 Calle 37  Sur,Las Vegas,Urbana,
2172784,09/20/2017,9:20 p.m.,Miércoles,Automovil,Particular,Conductor,Masculino,NO,Sin Registro,Solo Daños,Choque,Exceso de velocidad,Calle 45 B Sur Carrera 43,La Paz,Urbana,"(6.164485785, -75.59467842)"
2172784,09/20/2017,9:20 p.m.,Miércoles,Automovil,Particular,Conductor,Masculino,NO,Sin Registro,Solo Daños,Choque,No respetar pelacion de interseccion o giros,Calle 45 B Sur Carrera 43,La Paz,Urbana,"(6.164485785, -75.59467842)"
2172784,09/20/2017,9:20 p.m.,Miércoles,Automovil,Particular,Conductor,Masculino,NO,Sin Registro,Solo Daños,Choque,Exceso de velocidad,Calle 45 B Sur Carrera 43,La Paz,Urbana,"(6.164485785, -75.59467842)"
2172779,09/20/2017,8:50 a.m.,Miércoles,Automovil,Particular,Conductor,Femenino,NO,Sin Registro,Solo Daños,Choque,No respetar pelacion de interseccion o giros,Carrera 50 Calle 25 A Sur,Las Vegas,Urbana,"(6.186515998, -75.58512541)"
2172779,09/20/2017,8:50 a.m.,Miércoles,Camioneta,Publico,Conductor,Masculino,NO,Sin Registro,Solo Daños,Choque,No respetar pelacion de interseccion o giros,Carrera 50 Calle 25 A Sur,Las Vegas,Urbana,"(6.186515998, -75.58512541)"
2172797,09/21/2017,8:00 a.m.,Jueves,Automovil,Particular,Conductor,Masculino,NO,Sin Registro,Solo Daños,Choque,No mantener distancia de seguridad,Tramo 373 Kilometro  7,Vereda Palmas,Rural,
2172797,09/21/2017,8:00 a.m.,Jueves,Campero,Particular,Conductor,Masculino,NO,Sin Registro,Solo Daños,Choque,No mantener distancia de seguridad,Tramo 373 Kilometro  7,Vereda Palmas,Rural,
2172797,09/21/2017,8:00 a.m.,Jueves,Automovil,Particular,Conductor,Femenino,NO,Sin Registro,Solo Daños,Choque,No mantener distancia de seguridad,Tramo 373 Kilometro  7,Vereda Palmas,Rural,
2172789,09/21/2017,7:00 a.m.,Jueves,Camioneta,Particular,Conductor,Femenino,NO,Sin Registro,Solo Daños,Choque,Girar bruscamente,Calle 37  Sur Carrera 43,Zona Centro,Urbana,"(6.170662973, -75.58744852)"
2172789,09/21/2017,7:00 a.m.,Jueves,Automovil,Particular,Conductor,Masculino,NO,Sin Registro,Solo Daños,Choque,Girar bruscamente,Calle 37  Sur Carrera 43,Zona Centro,Urbana,"(6.170662973, -75.58744852)"
2172802,09/21/2017,2:00 p.m.,Jueves,Camioneta,Particular,Conductor,Masculino,NO,Sin Registro,Solo Daños,Choque,Exceso de velocidad,Tramo 373 Kilometro  13,Vereda Palmas,Rural,
2172802,09/21/2017,2:00 p.m.,Jueves,Camioneta,Particular,Conductor,Masculino,NO,Sin Registro,Solo Daños,Choque,Impericia en el manejo,Tramo 373 Kilometro  13,Vereda Palmas,Rural,