RADICADO,FECHA,HORA,DÍA DE LA SEMANA,CLASE DE VEHICULO,TIPO DE SERVICIO,TIPO DE VICTIMA,SEXO,ESTADO DE BEODEZ,RESULTADO DE BEODEZ,GRAVEDAD,CLASE DE ACCIDENTE,CAUSA,DIRECCIÓN,BARRIO,AREA,Coordenadas
2172796,09/21/2017,6:25 a.m.,Jueves,Automovil,Particular,Conductor,Masculino,NO,Sin Registro,Solo Daños,Choque,No mantener distancia de seguridad,Carrera 50 Calle 37  Sur,Las Vegas,Urbana,
2172796,09/21/2017,6:25 a.m.,Jueves,Automovil,Particular,Conductor,Femenino,NO,Sin Registro,Solo Daños,Choque,No mantener distancia de seguridad,Carrera 50 Calle 37  Sur,Las Vegas,Urbana,
2172800,09/21/2017,8:30 p.m.,Jueves,Automovil,Particular,Conductor,Masculino,NO,Sin Registro,Solo Daños,Choque,No respetar prelacion,Carrera 43 A Calle 31  Sur,Avenida El Poblado,Urbana,"(6.176754685, -75.58546897)"
2172800,09/21/2017,8:30 p.m.,Jueves,Automovil,Particular,Conductor,Masculino,NO,Sin Registro,Solo Daños,Choque,No respetar prelacion,Carrera 43 A Calle 31  Sur,Avenida El Poblado,Urbana,"(6.176754685, -75.58546897)"
2172804,09/21/2017,12:30 p.m.,Jueves,Camion,Publico,Conductor,Masculino,NO,Sin Registro,Solo Daños,Choque,No mantener distancia de seguridad,Carrera 50 Calle 30  Sur,Las Vegas,Urbana,
2172804,09/21/2017,12:30 p.m.,Jueves,Camion,Particular,Conductor,Masculino,NO,Sin Registro,Solo Daños,Choque,No mantener distancia de seguridad,Carrera 50 Calle 30  Sur,Las Vegas,Urbana,
2172816,09/21/2017,2:30 p.m.,Jueves,Automovil,Particular,Conductor,Masculino,NO,Sin Registro,Solo Daños,Choque,Arrancar sin precaucion,Transversal 35 D Sur Diagonal 33,Los Naranjos,Urbana,"(6.168481044, -75.58167277)"
2172816,09/21/2017,2:30 p.m.,Jueves,Automovil,Particular,Conductor,Masculino,NO,Sin Registro,Solo Daños,Choque,Arrancar sin precaucion,Transversal 35 D Sur Diagonal 33,Los Naranjos,Urbana,"(6.168481044, -75.58167277)"
2172791,09/21/2017,10:30 a.m.,Jueves,Automovil,Particular,Conductor,Masculino,NO,Sin Registro,Solo Daños,Choque,Reverso imprudente,Carrera 28 Calle 37  Sur,La Magnolia,Urbana,"(6.164229297, -75.57882145)"
2172791,09/21/2017,10:30 a.m.,Jueves,Automovil,Particular,Conductor,Femenino,NO,Sin Registro,Solo Daños,Choque,Reverso imprudente,Carrera 28 Calle 37  Sur,La Magnolia,Urbana,"(6.164229297, -75.57882145)"
2172793,09/21/2017,2:40 p.m.,Jueves,Automovil,Particular,Conductor,Femenino,NO,Sin Registro,Solo Daños,Choque,No mantener distancia de seguridad,Diagonal 31 Transversal 32  Sur,La Magnolia,Urbana,"(6.174681134, -75.57847104)"
2172793,09/21/2017,2:40 p.m.,Jueves,Motocicleta,Particular,Motociclista,Masculino,NO,Sin Registro,Solo Daños,Choque,No mantener distancia de seguridad,Diagonal 31 Transversal 32  Sur,La Magnolia,Urbana,"(6.174681134, -75.57847104)"
2172841,09/21/2017,1:52 p.m.,Jueves,Automovil,Particular,Conductor,Masculino,NO,Sin Registro,Solo Daños,Choque,No respetar pelacion de interseccion o giros,Carrera 43 A Calle 36  Sur,Zona Centro,Urbana,"(6.171753325, -75.58772767)"
2172841,09/21/2017,1:52 p.m.,Jueves,Automovil,Particular,Conductor,Masculino,NO,Sin Registro,Solo Daños,Choque,Adelantar cerrando,Carrera 43 A Calle 36  Sur,Zona Centro,Urbana,"(6.171753325, -75.58772767)"
2172841,09/21/2017,1:52 p.m.,Jueves,Automovil,Particular,Conductor,Masculino,NO,Sin Registro,Solo Daños,Choque,No respetar pelacion de interseccion o giros,Carrera 43 A Calle 36  Sur,Zona Centro,Urbana,"(6.171753325, -75.58772767)"
2172841,09/21/2017,1:52 p.m.,Jueves,Automovil,Particular,Conductor,Masculino,NO,Sin Registro,Solo Daños,Choque,Adelantar cerrando,Carrera 43 A Calle 36  Sur,Zona Centro,Urbana,"(6.171753325, -75.58772767)"
2172787,09/21/2017,5:40 p.m.,Jueves,Motocicleta,Particular,Motociclista,Masculino,NO,Sin Registro,Herido,Choque,No respetar pelacion de interseccion o giros,Carrera 48 Calle 39  Sur,Las Vegas,Urbana,"(6.17163722, -75.59364999)"
2172787,09/21/2017,5:40 p.m.,Jueves,Motocicleta,Particular,Motociclista,Masculino,NO,Sin Registro,Herido,Choque,Desobedecer senales,Carrera 48 Calle 39  Sur,Las Vegas,Urbana,"(6.17163722, -75.59364999)"
2172787,09/21/2017,5:40 p.m.,Jueves,Motocicleta,Particular,Motociclista,Masculino,NO,Sin Registro,Herido,Choque,No respetar pelacion de interseccion o giros,Carrera 48 Calle 39  Sur,Las Vegas,Urbana,"(6.17163722, -75.59364999)"
2172787,09/21/2017,5:40 p.m.,Jueves,Motocicleta,Particular,Motociclista,Masculino,NO,Sin Registro,Herido,Choque,Desobedecer senales,Carrera 48 Calle 39  Sur,Las Vegas,Urbana,"(6.17163722, -75.59364999)"
2172795,09/21/2017,10:25 p.m.,Jueves,Campero,Particular,Conductor,Femenino,NO,Sin Registro,Solo Daños,Choque,No respetar prelacion,Calle 25  Sur Carrera 44,Zuñiga,Urbana,"(6.182241808, -75.58147317)"
2172795,09/21/2017,10:25 p.m.,Jueves,Campero,Particular,Conductor,Masculino,NO,Sin Registro,Solo Daños,Choque,No respetar prelacion,Calle 25  Sur Carrera 44,Zuñiga,Urbana,"(6.182241808, -75.58147317)"
2172820,09/22/2017,7:15 p.m.,Viernes,Buseta,Publico,Conductor,Masculino,NO,Sin Registro,Solo Daños,Choque,Impericia en el manejo,Carrera 40 Calle 35  Sur,Zona Centro,Urbana,"(6.170776136, -75.58458325)"
2172820,09/22/2017,7:15 p.m.,Viernes,Campero,Particular,Conductor,Masculino,NO,Sin Registro,Solo Daños,Choque,Impericia en el manejo,Carrera 40 Calle 35  Sur,Zona Centro,Urbana,"(6.170776136, -75.58458325)"
2172810,09/22/2017,4:00 p.m.,Viernes,Camioneta,Particular,Conductor,Femenino,NO,Sin Registro,Solo Daños,Choque,Impericia en el manejo,Tramo 373 Kilometro  11,Vereda Palmas,Rural,
2172810,09/22/2017,4:00 p.m.,Viernes,Motocicleta,Particular,Motociclista,Masculino,NO,Sin Registro,Solo Daños,Choque,Impericia en el manejo,Tramo 373 Kilometro  11,Vereda Palmas,Rural,
2172828,09/22/2017,7:40 p.m.,Viernes,Automovil,Particular,Conductor,Masculino,NO,Sin Registro,Solo Daños,Choque,Adelantar cerrando,Carrera 50 Calle 37  Sur,Las Vegas,Urbana,
2172828,09/22/2017,7:40 p.m.,Viernes,Camion,Publico,Conductor,Masculino,NO,Sin Registro,Solo Daños,Choque,Adelantar cerrando,Carrera 50 Calle 37  Sur,Las Vegas,Urbana,
2172814,09/22/2017,11:15 a.m.,Viernes,Automovil,Publico,Conductor,Masculino,NO,Sin Registro,Solo Daños,Choque,No mantener distancia de seguridad,Carrera 29 Calle 36  Sur,La Magnolia,Urbana,
2172814,09/22/2017,11:15 a.m.,Viernes,Automovil,Diplomatico,Conductor,Femenino,NO,Sin Registro,Solo Daños,Choque,No mantener distancia de seguridad,Carrera 29 Calle 36  Sur,La Magnolia,Urbana,
2172814,09/22/2017,11:15 a.m.,Viernes,Automovil,Particular,Conductor,Femenino,NO,Sin Registro,Solo Daños,Choque,No mantener distancia de seguridad,Carrera 29 Calle 36  Sur,La Magnolia,Urbana,
2172807,09/22/2017,5:10 p.m.,Viernes,Automovil,Particular,Conductor,Femenino,NO,Sin Registro,Solo Daños,Choque,No respetar pelacion de interseccion o giros,Diagonal 33 Transversal 34 E Sur,Los Naranjos,Urbana,"(6.172651904, -75.58382242)"
2172807,09/22/2017,5:10 p.m.,Viernes,Motocicleta,Particular,Motociclista,Masculino,NO,Sin Registro,Solo Daños,Choque,Adelantar cerrando,Diagonal 33 Transversal 34 E Sur,Los Naranjos,Urbana,"(6.172651904, -75.58382242)"
2172807,09/22/2017,5:10 p.m.,Viernes,Motocicleta,Particular,Motociclista,Masculino,NO,Sin Registro,Solo Daños,Choque,No respetar pelacion de interseccion o giros,Diagonal 33 Transversal 34 E Sur,Los Naranjos,Urbana,"(6.172651904, -75.58382242)"
2172807,09/22/2017,5:10 p.m.,Viernes,Automovil,Particular,Conductor,Femenino,NO,Sin Registro,Solo Daños,Choque,Adelantar cerrando,Diagonal 33 Transversal 34 E Sur,Los Naranjos,Urbana,"(6.172651904, -75.58382242)"
2172854,09/22/2017,2:20 p.m.,Viernes,Automovil,Publico,Conductor,Masculino,NO,Sin Registro,Solo Daños,Choque,No respetar prelacion,Calle 30  Sur Carrera 45 A,Jardines,Urbana,"(6.178033442, -75.58652397)"
2172854,09/22/2017,2:20 p.m.,Viernes,Motocicleta,Particular,Motociclista,Masculino,NO,Sin Registro,Solo Daños,Choque,No respetar prelacion,Calle 30  Sur Carrera 45 A,Jardines,Urbana,"(6.178033442, -75.58652397)"
2172833,09/22/2017,5:29 p.m.,Viernes,Automovil,Publico,Conductor,Masculino,NO,Sin Registro,Herido,Atropello,Desobedecer senales,Transversal 34  Sur Diagonal 32 D,La Magnolia,Urbana,"(6.172948966, -75.58325117)"
2172833,09/22/2017,5:29 p.m.,Viernes,Camioneta,Particular,Conductor,Masculino,NO,Sin Registro,Herido,Atropello,Desobedecer senales,Transversal 34  Sur Diagonal 32 D,La Magnolia,Urbana,"(6.172948966, -75.58325117)"
2172803,09/22/2017,4:30 p.m.,Viernes,Automovil,Particular,Conductor,Masculino,NO,Sin Registro,Solo Daños,Choque,Desobedecer senales,Carrera 26 Calle 39 A Sur,Alcala,Urbana,"(6.157623345, -75.57930284)"
2172803,09/22/2017,4:30 p.m.,Viernes,Motocicleta,Particular,Motociclista,Masculino,NO,Sin Registro,Solo Daños,Choque,Desobedecer senales,Carrera 26 Calle 39 A Sur,Alcala,Urbana,"(6.157623345, -75.57930284)"
2172811,09/22/2017,2:30 p.m.,Viernes,Automovil,Particular,Conductor,Masculino,NO,Sin Registro,Herido,Choque,No respetar pelacion de interseccion o giros,Carrera 40 A Calle 40 B Sur,El Dorado,Urbana,"(6.165850422, -75.58781688)"
2172811,09/22/2017,2:30 p.m.,Viernes,Motocicleta,Particular,Motociclista,Masculino,NO,Sin Registro,Herido,Choque,No respetar pelacion de interseccion o giros,Carrera 40 A Calle 40 B Sur,El Dorado,Urbana,"(6.165850422, -75.58781688)"
2172799,09/22/2017,9:30 p.m.,Viernes,Automovil,Publico,Conductor,Masculino,NO,Sin Registro,Solo Daños,Choque,No mantener distancia de seguridad,Calle 40  Sur Carrera 40,El Dorado,Urbana,"(6.166958927, -75.58785403)"
2172799,09/22/2017,9:30 p.m.,Viernes,Automovil,Particular,Conductor,Masculino,NO,Sin Registro,Solo Daños,Choque,No mantener distancia de seguridad,Calle 40  Sur Carrera 40,El Dorado,Urbana,"(6.166958927, -75.58785403)"
2172809,09/22/2017,1:50 p.m.,Viernes,Automovil,Particular,Conductor,Masculino,NO,Sin Registro,Solo Daños,Choque,No respetar pelacion de interseccion o giros,Carrera 43 A Calle 45 A Sur,La Paz,Urbana,"(6.165116925, -75.59448316)"
2172809,09/22/2017,1:50 p.m.,Viernes,Motocicleta,Particular,Motociclista,Femenino,NO,Sin Registro,Solo Daños,Choque,No respetar pelacion de interseccion o giros,Carrera 43 A Calle 45 A Sur,La Paz,Urbana,"(6.165116925, -75.59448316)"
2172798,09/22/2017,10:00 p.m.,Viernes,Campero,Particular,Conductor,Masculino,NO,Sin Registro,Solo Daños,Choque,Adelantar cerrando,Carrera 48 Calle 38  Sur,Las Vegas,Urbana,"(6.172747818, -75.59269817)"
2172798,09/22/2017,10:00 p.m.,Viernes,Automovil,Publico,Conductor,Masculino,NO,Sin Registro,Solo Daños,Choque,Adelantar cerrando,Carrera 48 Calle 38  Sur,Las Vegas,Urbana,"(6.172747818, -75.59269817)"
2172813,09/22/2017,4:50 p.m.,Viernes,Camion,Publico,Conductor,Masculino,NO,Sin Registro,Herido,Choque,Transitar entre vehiculos,Carrera 50 Calle 39  Sur,Las Vegas,Urbana,
2172813,09/22/2017,4:50 p.m.,Viernes,Motocicleta,Particular,Motociclista,Masculino,NO,Sin Registro,Herido,Choque,Transitar entre vehiculos,Carrera 50 Calle 39  Sur,Las Vegas,Urbana,
2172815,09/23/2017,3:00 a.m.,Sábado,Automovil,Particular,Conductor,Masculino,NO,Sin Registro,Solo Daños,Choque,Semaforo en rojo,Carrera 43 A Calle 45  Sur,La Paz,Urbana,"(6.165116925, -75.59448316)"
2172815,09/23/2017,3:00 a.m.,Sábado,Automovil,Publico,Conductor,Masculino,NO,Sin Registro,Solo Daños,Choque,Semaforo en rojo,Carrera 43 A Calle 45  Sur,La Paz,Urbana,"(6.165116925, -75.59448316)"
2172836,09/23/2017,2:00 p.m.,Sábado,Automovil,Particular,Conductor,Femenino,NO,Sin Registro,Solo Daños,Choque,No respetar prelacion,Calle 48 C Sur Carrera 46,Las Casitas,Urbana,"(6.162854875, -75.59974437)"
2172836,09/23/2017,2:00 p.m.,Sábado,Campero,Particular,Conductor,Masculino,NO,Sin Registro,Solo Daños,Choque,No respetar prelacion,Calle 48 C Sur Carrera 46,Las Casitas,Urbana,"(6.162854875, -75.59974437)"
2172821,09/23/2017,12:15 p.m.,Sábado,Camioneta,Particular,Conductor,Masculino,NO,Sin Registro,Solo Daños,Choque,No mantener distancia de seguridad,Carrera 27 Calle 23  Sur,La Inmaculada,Urbana,"(6.176588834, -75.56744599)"
2172821,09/23/2017,12:15 p.m.,Sábado,Automovil,Particular,Conductor,Masculino,NO,Sin Registro,Solo Daños,Choque,No mantener distancia de seguridad,Carrera 27 Calle 23  Sur,La Inmaculada,Urbana,"(6.176588834, -75.56744599)"
2172812,09/23/2017,12:20 p.m.,Sábado,Automovil,Particular,Conductor,Masculino,NO,Sin Registro,Solo Daños,Choque,Adelantar cerrando,Carrera 41 Calle 38  Sur,Zona Centro,Urbana,"(6.169124429, -75.58656013)"
2172812,09/23/2017,12:20 p.m.,Sábado,Bus,Publico,Conductor,Masculino,NO,Sin Registro,Solo Daños,Choque,Adelantar cerrando,Carrera 41 Calle 38  Sur,Zona Centro,Urbana,"(6.169124429, -75.58656013)"
2172806,09/23/2017,10:20 a.m.,Sábado,Campero,Particular,Conductor,Masculino,NO,Sin Registro,Solo Daños,Choque,Reverso imprudente,Carrera 41 Calle 35  Sur,Zona Centro,Urbana,"(6.171178893, -75.58531402)"
2172806,09/23/2017,10:20 a.m.,Sábado,Automovil,Particular,Conductor,Masculino,NO,Sin Registro,Solo Daños,Choque,Reverso imprudente,Carrera 41 Calle 35  Sur,Zona Centro,Urbana,"(6.171178893, -75.58531402)"
2172805,09/23/2017,9:30 p.m.,Sábado,Microbus,Publico,Conductor,Masculino,NO,Sin Registro,Solo Daños,Choque,Transitar entre vehiculos,Calle 38 A Sur Carrera 39,Zona Centro,Urbana,"(6.167679571, -75.58567628)"
2172805,09/23/2017,9:30 p.m.,Sábado,Motocicleta,Particular,Motociclista,Masculino,NO,Sin Registro,Solo Daños,Choque,Transitar entre vehiculos,Calle 38 A Sur Carrera 39,Zona Centro,Urbana,"(6.167679571, -75.58567628)"
2172808,09/23/2017,1:50 p.m.,Sábado,Camioneta,Particular,Conductor,Masculino,NO,Sin Registro,Solo Daños,Choque,Impericia en el manejo,Carrera 44 Calle 23  Sur,Zuñiga,Urbana,"(6.182930127, -75.5809396)"
2172818,09/23/2017,7:50 a.m.,Sábado,Automovil,Particular,Conductor,Femenino,NO,Sin Registro,Solo Daños,Choque,Adelantar cerrando,Diagonal 31 Transversal 32  Sur,La Magnolia,Urbana,"(6.174681134, -75.57847104)"
2172818,09/23/2017,7:50 a.m.,Sábado,Automovil,Publico,Conductor,Masculino,NO,Sin Registro,Solo Daños,Choque,Adelantar cerrando,Diagonal 31 Transversal 32  Sur,La Magnolia,Urbana,"(6.174681134, -75.57847104)"
2172835,09/23/2017,12:50 p.m.,Sábado,Motocicleta,Particular,Motociclista,Masculino,NO,Sin Registro,Solo Daños,Choque,No respetar prelacion,Carrera 39 Calle 35  Sur,Los Naranjos,Urbana,"(6.170244983, -75.5839415)"
2172835,09/23/2017,12:50 p.m.,Sábado,Motocicleta,Particular,Motociclista,Masculino,NO,Sin Registro,Solo Daños,Choque,No respetar pelacion de interseccion o giros,Carrera 39 Calle 35  Sur,Los Naranjos,Urbana,"(6.170244983, -75.5839415)"
2172835,09/23/2017,12:50 p.m.,Sábado,Motocicleta,Particular,Motociclista,Masculino,NO,Sin Registro,Solo Daños,Choque,No respetar prelacion,Carrera 39 Calle 35  Sur,Los Naranjos,Urbana,"(6.170244983, -75.5839415)"
2172835,09/23/2017,12:50 p.m.,Sábado,Motocicleta,Particular,Motociclista,Masculino,NO,Sin Registro,Solo Daños,Choque,No respetar pelacion de interseccion o giros,Carrera 39 Calle 35  Sur,Los Naranjos,Urbana,"(6.170244983, -75.5839415)"
2172824,09/24/2017,6:00 p.m.,Domingo,Motocicleta,Particular,Motociclista,Masculino,NO,Sin Registro,Herido,Choque,Adelantar en zona prohibida,Calle 27  Sur Carrera 27,El Esmeraldal,Urbana,"(6.17243521, -75.56787192)"
2172824,09/24/2017,6:00 p.m.,Domingo,Camioneta,Particular,Conductor,Masculino,NO,Sin Registro,Herido,Choque,Adelantar en zona prohibida,Calle 27  Sur Carrera 27,El Esmeraldal,Urbana,"(6.17243521, -75.56787192)"
2172822,09/24/2017,9:10 a.m.,Domingo,Bus,Publico,Conductor,Masculino,NO,Sin Registro,Herido,Choque,Desobedecer senales,Carrera 27 A Calle 27  Sur,El Esmeraldal,Urbana,"(6.168684513, -75.56995044)"
2172822,09/24/2017,9:10 a.m.,Domingo,Motocicleta,Particular,Motociclista,Masculino,NO,Sin Registro,Herido,Choque,Desobedecer senales,Carrera 27 A Calle 27  Sur,El Esmeraldal,Urbana,"(6.168684513, -75.56995044)"
2172834,09/24/2017,7:40 p.m.,Domingo,Motocicleta,Particular,Motociclista,Masculino,NO,Sin Registro,Herido,Atropello,Semaforo en rojo,Carrera 48 Calle 19  Sur,Las Vegas,Urbana,"(6.187349001, -75.58153568)"
2172817,09/24/2017,12:10 p.m.,Domingo,Motocicleta,Particular,Motociclista,Masculino,NO,Sin Registro,Solo Daños,Choque,Adelantar en zona prohibida,Calle 36 D Sur Carrera 27,Vereda El Escobero,Urbana,"(6.162479576, -75.57022257)"
2172817,09/24/2017,12:10 p.m.,Domingo,Automovil,Particular,Conductor,Masculino,NO,Sin Registro,Solo Daños,Choque,Adelantar en zona prohibida,Calle 36 D Sur Carrera 27,Vereda El Escobero,Urbana,"(6.162479576, -75.57022257)"
2172826,09/24/2017,2:20 p.m.,Domingo,Bus,Publico,Conductor,Masculino,NO,Sin Registro,Solo Daños,Choque,Reverso imprudente,Carrera 49 Calle 37  Sur,Las Vegas,Urbana,
2172825,09/24/2017,8:30 p.m.,Domingo,Bus,Publico,Conductor,Masculino,NO,Sin Registro,Herido,Caida Ocupante,Desobedecer senales,Calle 41 A Sur Carrera 26,San Rafael,Urbana,"(6.157546483, -75.58338635)"
2172831,09/24/2017,5:30 p.m.,Domingo,Automovil,Particular,Conductor,Masculino,NO,Sin Registro,Solo Daños,Choque,Adelantar en zona prohibida,Tramo 373 Kilometro  10,Vereda Palmas,Rural,
2172831,09/24/2017,5:30 p.m.,Domingo,Campero,Particular,Conductor,Femenino,NO,Sin Registro,Solo Daños,Choque,Adelantar en zona prohibida,Tramo 373 Kilometro  10,Vereda Palmas,Rural,
2172838,09/24/2017,5:30 p.m.,Domingo,Automovil,Particular,Conductor,Masculino,NO,Sin Registro,Herido,Choque,Exceso de velocidad,Tramo 372 Kilometro  17,Vereda Palmas,Rural,
2172801,09/24/2017,10:00 p.m.,Domingo,Motocicleta,Particular,Motociclista,Masculino,NO,Sin Registro,Herido,Choque,Embriaguez o droga,Carrera 48 Calle 26  Sur,Las Vegas,Urbana,"(6.183318111, -75.58553718)"
2172801,09/24/2017,10:00 p.m.,Domingo,Motocicleta,Particular,Motociclista,Masculino,NO,Sin Registro,Herido,Choque,Impericia en el manejo,Carrera 48 Calle 26  Sur,Las Vegas,Urbana,"(6.183318111, -75.58553718)"
2172801,09/24/2017,10:00 p.m.,Domingo,Motocicleta,Particular,Motociclista,Masculino,NO,Sin Registro,Herido,Choque,Embriaguez o droga,Carrera 48 Calle 26  Sur,Las Vegas,Urbana,"(6.183318111, -75.58553718)"
2172801,09/24/2017,10:00 p.m.,Domingo,Motocicleta,Particular,Motociclista,Masculino,NO,Sin Registro,Herido,Choque,Impericia en el manejo,Carrera 48 Calle 26  Sur,Las Vegas,Urbana,"(6.183318111, -75.58553718)"
2172844,09/25/2017,7:00 p.m.,Lunes,Motocicleta,Particular,Motociclista,Masculino,NO,Sin Registro,Herido,Atropello,Semaforo en rojo,Transversal 36  Sur Diagonal 31,La Sebastiana,Urbana,"(6.16838256, -75.58057915)"
2172827,09/25/2017,1:00 p.m.,Lunes,Camioneta,Particular,Conductor,Masculino,NO,Sin Registro,Solo Daños,Choque,No respetar prelacion,Carrera 27 D Calle 36 C Sur,Vereda El Escobero,Urbana,"(6.165786744, -75.57380138)"
2172827,09/25/2017,1:00 p.m.,Lunes,Automovil,Particular,Conductor,Femenino,NO,Sin Registro,Solo Daños,Choque,No respetar prelacion,Carrera 27 D Calle 36 C Sur,Vereda El Escobero,Urbana,"(6.165786744, -75.57380138)"
2172840,09/25/2017,6:00 p.m.,Lunes,Bus,Publico,Conductor,Masculino,NO,Sin Registro,Solo Daños,Choque,Adelantar cerrando,Carrera 43 A Calle 33  Sur,San Marcos,Urbana,"(6.173661976, -75.58650365)"
2172840,09/25/2017,6:00 p.m.,Lunes,Automovil,Particular,Conductor,Masculino,NO,Sin Registro,Solo Daños,Choque,No respetar pelacion de interseccion o giros,Carrera 43 A Calle 33  Sur,San Marcos,Urbana,"(6.173661976, -75.58650365)"
2172840,09/25/2017,6:00 p.m.,Lunes,Automovil,Particular,Conductor,Masculino,NO,Sin Registro,Solo Daños,Choque,Adelantar cerrando,Carrera 43 A Calle 33  Sur,San Marcos,Urbana,"(6.173661976, -75.58650365)"
2172840,09/25/2017,6:00 p.m.,Lunes,Bus,Publico,Conductor,Masculino,NO,Sin Registro,Solo Daños,Choque,No respetar pelacion de interseccion o giros,Carrera 43 A Calle 33  Sur,San Marcos,Urbana,"(6.173661976, -75.58650365)"
2172832,09/25/2017,3:00 p.m.,Lunes,Automovil,Particular,Conductor,Femenino,NO,Sin Registro,Herido,Atropello,Arrancar sin precaucion,Calle 37  Sur Carrera 43 A,Zona Centro,Urbana,"(6.171151654, -75.58815663)"
2173525,09/25/2017,11:00 a.m.,Lunes,Motocicleta,Particular,Motociclista,Masculino,NO,Sin Registro,Solo Daños,Choque,Adelantar invadiendo carril del mismo sentido en zigzag,Calle 39 B Sur Carrera 28,El Chinguí,Urbana,"(6.160875824, -75.58101028)"
2173525,09/25/2017,11:00 a.m.,Lunes,Motocicleta,Particular,Motociclista,Femenino,NO,Sin Registro,Solo Daños,Choque,Adelantar invadiendo carril del mismo sentido en zigzag,Calle 39 B Sur Carrera 28,El Chinguí,Urbana,"(6.160875824, -75.58101028)"
2172842,09/25/2017,11:15 a.m.,Lunes,Bus,Publico,Conductor,Masculino,NO,Sin Registro,Herido,Atropello,Impericia en el manejo,Calle 41  Sur Carrera 30,San Rafael,Urbana,
2172853,09/25/2017,9:15 a.m.,Lunes,Automovil,Publico,Conductor,Masculino,NO,Sin Registro,Solo Daños,Choque,Poner en marcha un vehiculo sin precauci,Transversal 34 E Sur Diagonal 30 A,La Sebastiana,Urbana,
2172853,09/25/2017,9:15 a.m.,Lunes,Automovil,Particular,Conductor,Femenino,NO,Sin Registro,Solo Daños,Choque,Poner en marcha un vehiculo sin precauci,Transversal 34 E Sur Diagonal 30 A,La Sebastiana,Urbana,
2172837,09/25/2017,11:30 a.m.,Lunes,Camion,Particular,Conductor,Masculino,NO,Sin Registro,Solo Daños,Choque,Reverso imprudente,Diagonal 29 Transversal 26 A Sur,Alto De Misael,Urbana,"(6.177775992, -75.57856477)"
2172839,09/25/2017,7:35 a.m.,Lunes,Camioneta,Particular,Conductor,Masculino,NO,Sin Registro,Solo Daños,Choque,Reverso imprudente,Carrera 50 Calle 37  Sur,Las Vegas,Urbana,
2172857,09/25/2017,5:30 p.m.,Lunes,Automovil,Publico,Conductor,Masculino,NO,Sin Registro,Solo Daños,Choque,No mantener distancia de seguridad,Calle 25  Sur Carrera 43 A,Las Orquideas,Urbana,"(6.181560189, -75.58201649)"
2172857,09/25/2017,5:30 p.m.,Lunes,Motocicleta,Particular,Motociclista,Masculino,NO,Sin Registro,Solo Daños,Choque,No mantener distancia de seguridad,Calle 25  Sur Carrera 43 A,Las Orquideas,Urbana,"(6.181560189, -75.58201649)"
2172860,09/25/2017,5:30 p.m.,Lunes,Camioneta,Particular,Conductor,Masculino,NO,Sin Registro,Solo Daños,Choque,Reverso imprudente,Tramo 373 Kilometro  10,Vereda Palmas,Rural,
2172860,09/25/2017,5:30 p.m.,Lunes,Automovil,Particular,Conductor,Femenino,NO,Sin Registro,Solo Daños,Choque,Reverso imprudente,Tramo 373 Kilometro  10,Vereda Palmas,Rural,
2172830,09/25/2017,1:50 p.m.,Lunes,Automovil,Publico,Conductor,Masculino,NO,Sin Registro,Solo Daños,Choque,No mantener distancia de seguridad,Calle 40 F Sur Carrera 24 B,La Mina,Urbana,"(6.156115722, -75.58240747)"
2172830,09/25/2017,1:50 p.m.,Lunes,Automovil,Publico,Conductor,Masculino,NO,Sin Registro,Solo Daños,Choque,No mantener distancia de seguridad,Calle 40 F Sur Carrera 24 B,La Mina,Urbana,"(6.156115722, -75.58240747)"
2172829,09/25/2017,10:00 p.m.,Lunes,Automovil,Particular,Conductor,Masculino,NO,Sin Registro,Solo Daños,Choque,Impericia en el manejo,Calle 41  Sur Carrera 46 A,Las Vegas,Urbana,"(6.168129743, -75.59469138)"
2172829,09/25/2017,10:00 p.m.,Lunes,Automovil,Diplomatico,Conductor,Masculino,NO,Sin Registro,Solo Daños,Choque,Impericia en el manejo,Calle 41  Sur Carrera 46 A,Las Vegas,Urbana,"(6.168129743, -75.59469138)"
2172819,09/25/2017,7:50 a.m.,Lunes,Motocicleta,Particular,Motociclista,Masculino,NO,Sin Registro,Solo Daños,Choque,No mantener distancia de seguridad,Calle 40 F Sur Carrera 25 A,La Mina,Urbana,"(6.155555232, -75.58231672)"
2172819,09/25/2017,7:50 a.m.,Lunes,Automovil,Particular,Conductor,Masculino,NO,Sin Registro,Solo Daños,Choque,No mantener distancia de seguridad,Calle 40 F Sur Carrera 25 A,La Mina,Urbana,"(6.155555232, -75.58231672)"
2172823,09/25/2017,5:50 p.m.,Lunes,Bus,Publico,Conductor,Masculino,NO,Sin Registro,Herido,Choque,Adelantar cerrando,Diagonal 31 Transversal 35 B Sur,Villa Grande,Urbana,"(6.169485787, -75.57974501)"
2172823,09/25/2017,5:50 p.m.,Lunes,Motocicleta,Particular,Motociclista,Masculino,NO,Sin Registro,Herido,Choque,Adelantar cerrando,Diagonal 31 Transversal 35 B Sur,Villa Grande,Urbana,"(6.169485787, -75.57974501)"
2172846,09/26/2017,6:00 a.m.,Martes,Motocicleta,Particular,Motociclista,Masculino,NO,Sin Registro,Herido,Choque,Desobedecer senales,Carrera 36 Calle 40 AA Sur,El Dorado,Urbana,"(6.16416808, -75.585419)"
2172846,09/26/2017,6:00 a.m.,Martes,Bicicleta,Sin Registro,Ciclista,Masculino,NO,Sin Registro,Herido,Choque,Desobedecer senales,Carrera 36 Calle 40 AA Sur,El Dorado,Urbana,"(6.16416808, -75.585419)"