RADICADO,FECHA,HORA,DÍA DE LA SEMANA,CLASE DE VEHICULO,TIPO DE SERVICIO,TIPO DE VICTIMA,SEXO,ESTADO DE BEODEZ,RESULTADO DE BEODEZ,GRAVEDAD,CLASE DE ACCIDENTE,CAUSA,DIRECCIÓN,BARRIO,AREA,Coordenadas
2172858,09/26/2017,6:00 p.m.,Martes,Automovil,Particular,Conductor,Masculino,NO,Sin Registro,Solo Daños,Choque,Reverso imprudente,Calle 46  Sur Carrera 46,Primavera,Urbana,"(6.164633401, -75.59668961)"
2172858,09/26/2017,6:00 p.m.,Martes,Automovil,Particular,Conductor,Masculino,NO,Sin Registro,Solo Daños,Choque,Reverso imprudente,Calle 46  Sur Carrera 46,Primavera,Urbana,"(6.164633401, -75.59668961)"
2172845,09/26/2017,3:00 p.m.,Martes,Bus,Publico,Conductor,Masculino,NO,Sin Registro,Herido,Choque,No mantener distancia de seguridad,Calle 48 D Sur Carrera 42 BB,Loma Del Barro,Urbana,"(6.16057831, -75.59819485)"
2172845,09/26/2017,3:00 p.m.,Martes,Bicicleta,Sin Registro,Ciclista,Masculino,NO,Sin Registro,Herido,Choque,No mantener distancia de seguridad,Calle 48 D Sur Carrera 42 BB,Loma Del Barro,Urbana,"(6.16057831, -75.59819485)"
2172847,09/26/2017,4:10 p.m.,Martes,Automovil,Particular,Conductor,Femenino,NO,Sin Registro,Herido,Choque,No respetar pelacion de interseccion o giros,Carrera 50 Calle 37  Sur,Las Vegas,Urbana,
2172847,09/26/2017,4:10 p.m.,Martes,Motocicleta,Particular,Motociclista,Femenino,NO,Sin Registro,Herido,Choque,Desobedecer senales,Carrera 50 Calle 37  Sur,Las Vegas,Urbana,
2172847,09/26/2017,4:10 p.m.,Martes,Motocicleta,Particular,Motociclista,Femenino,NO,Sin Registro,Herido,Choque,No respetar pelacion de interseccion o giros,Carrera 50 Calle 37  Sur,Las Vegas,Urbana,
2172847,09/26/2017,4:10 p.m.,Martes,Automovil,Particular,Conductor,Femenino,NO,Sin Registro,Herido,Choque,Desobedecer senales,Carrera 50 Calle 37  Sur,Las Vegas,Urbana,
2172872,09/26/2017,4:10 p.m.,Martes,Automovil,Particular,Conductor,Masculino,NO,Sin Registro,Solo Daños,Choque,No respetar pelacion de interseccion o giros,Calle 37  Sur Carrera 48,Las Vegas,Urbana,"(6.17412211, -75.59306111)"
2172872,09/26/2017,4:10 p.m.,Martes,Camioneta,Particular,Conductor,Femenino,NO,Sin Registro,Solo Daños,Choque,Adelantar cerrando,Calle 37  Sur Carrera 48,Las Vegas,Urbana,"(6.17412211, -75.59306111)"
2172872,09/26/2017,4:10 p.m.,Martes,Camioneta,Particular,Conductor,Femenino,NO,Sin Registro,Solo Daños,Choque,No respetar pelacion de interseccion o giros,Calle 37  Sur Carrera 48,Las Vegas,Urbana,"(6.17412211, -75.59306111)"
2172872,09/26/2017,4:10 p.m.,Martes,Automovil,Particular,Conductor,Masculino,NO,Sin Registro,Solo Daños,Choque,Adelantar cerrando,Calle 37  Sur Carrera 48,Las Vegas,Urbana,"(6.17412211, -75.59306111)"
2172851,09/26/2017,11:15 a.m.,Martes,Motocicleta,Particular,Motociclista,Masculino,NO,Sin Registro,Solo Daños,Choque,Adelantar por la derecha,Carrera 42 B Calle 44 B Sur,La Paz,Urbana,"(6.164043359, -75.59290357)"
2172851,09/26/2017,11:15 a.m.,Martes,Automovil,Particular,Conductor,Masculino,NO,Sin Registro,Solo Daños,Choque,Adelantar por la derecha,Carrera 42 B Calle 44 B Sur,La Paz,Urbana,"(6.164043359, -75.59290357)"
2172864,09/26/2017,8:00 p.m.,Martes,Motocicleta,Particular,Motociclista,Masculino,NO,Sin Registro,Herido,Choque,Impericia en el manejo,Carrera 43 A Calle 48 C Sur,Las Casitas,Urbana,"(6.162218777, -75.59764446)"
2172864,09/26/2017,8:00 p.m.,Martes,Motocicleta,Particular,Motociclista,Masculino,NO,Sin Registro,Herido,Choque,Impericia en el manejo,Carrera 43 A Calle 48 C Sur,Las Casitas,Urbana,"(6.162218777, -75.59764446)"
2172843,09/26/2017,8:20 a.m.,Martes,Camion,Publico,Conductor,Masculino,NO,Sin Registro,Solo Daños,Choque,Exceso de velocidad,Tramo 372 Kilometro  17,Vereda Palmas,Rural,
2172843,09/26/2017,8:20 a.m.,Martes,Automovil,Particular,Conductor,Masculino,NO,Sin Registro,Solo Daños,Choque,Exceso de velocidad,Tramo 372 Kilometro  17,Vereda Palmas,Rural,
2172843,09/26/2017,8:20 a.m.,Martes,Bus,Publico,Conductor,Masculino,NO,Sin Registro,Solo Daños,Choque,Exceso de velocidad,Tramo 372 Kilometro  17,Vereda Palmas,Rural,
2172855,09/26/2017,10:15 a.m.,Martes,Automovil,Publico,Conductor,Masculino,NO,Sin Registro,Solo Daños,Choque,No mantener distancia de seguridad,Carrera 48 Calle 25  Sur,Las Vegas,Urbana,"(6.185059174, -75.58329333)"
2172855,09/26/2017,10:15 a.m.,Martes,Automovil,Particular,Conductor,Masculino,NO,Sin Registro,Solo Daños,Choque,No mantener distancia de seguridad,Carrera 48 Calle 25  Sur,Las Vegas,Urbana,"(6.185059174, -75.58329333)"
2172866,09/26/2017,10:15 a.m.,Martes,Campero,Particular,Conductor,Masculino,NO,Sin Registro,Solo Daños,Choque,No mantener distancia de seguridad,Carrera 50 Calle 46 A Sur,Las Vegas,Urbana,"(6.16131219, -75.60319818)"
2172866,09/26/2017,10:15 a.m.,Martes,Automovil,Particular,Conductor,Masculino,NO,Sin Registro,Solo Daños,Choque,No mantener distancia de seguridad,Carrera 50 Calle 46 A Sur,Las Vegas,Urbana,"(6.16131219, -75.60319818)"
2172861,09/26/2017,8:45 p.m.,Martes,Automovil,Publico,Conductor,Masculino,NO,Sin Registro,Herido,Choque,Semaforo en rojo,Carrera 43 A Calle 27 A Sur,Avenida El Poblado,Urbana,"(6.178993539, -75.58360591)"
2172861,09/26/2017,8:45 p.m.,Martes,Motocicleta,Diplomatico,Motociclista,Masculino,NO,Sin Registro,Herido,Choque,Semaforo en rojo,Carrera 43 A Calle 27 A Sur,Avenida El Poblado,Urbana,"(6.178993539, -75.58360591)"
2172848,09/26/2017,1:40 p.m.,Martes,Motocicleta,Particular,Motociclista,Masculino,NO,Sin Registro,Herido,Choque,Adelantar cerrando,Carrera 43 A Calle 48 C Sur,Avenida El Poblado,Urbana,"(6.162218777, -75.59764446)"
2172848,09/26/2017,1:40 p.m.,Martes,Automovil,Particular,Conductor,Masculino,NO,Sin Registro,Herido,Choque,No respetar pelacion de interseccion o giros,Carrera 43 A Calle 48 C Sur,Avenida El Poblado,Urbana,"(6.162218777, -75.59764446)"
2172902,01/10/2017,5:10 p.m.,Domingo,Motocicleta,Particular,Motociclista,Masculino,NO,Sin Registro,Solo Daños,Choque,No mantener distancia de seguridad,Calle 27  Sur Carrera 50,Las Vegas,Urbana,
2172848,09/26/2017,1:40 p.m.,Martes,Automovil,Particular,Conductor,Masculino,NO,Sin Registro,Herido,Choque,Adelantar cerrando,Carrera 43 A Calle 48 C Sur,Avenida El Poblado,Urbana,"(6.162218777, -75.59764446)"
2172848,09/26/2017,1:40 p.m.,Martes,Motocicleta,Particular,Motociclista,Masculino,NO,Sin Registro,Herido,Choque,No respetar pelacion de interseccion o giros,Carrera 43 A Calle 48 C Sur,Avenida El Poblado,Urbana,"(6.162218777, -75.59764446)"
2172879,09/26/2017,5:30 p.m.,Martes,Motocicleta,Particular,Motociclista,Masculino,NO,Sin Registro,Herido,Choque,No mantener distancia de seguridad,Carrera 48 Calle 26  Sur,Las Vegas,Urbana,"(6.183318111, -75.58553718)"
2172879,09/26/2017,5:30 p.m.,Martes,Motocicleta,Particular,Motociclista,Femenino,NO,Sin Registro,Herido,Choque,No mantener distancia de seguridad,Carrera 48 Calle 26  Sur,Las Vegas,Urbana,"(6.183318111, -75.58553718)"
2172856,09/26/2017,5:40 p.m.,Martes,Automovil,Particular,Conductor,Femenino,NO,Sin Registro,Solo Daños,Choque,Adelantar en zona prohibida,Tramo 373 Kilometro  7,Vereda Palmas,Rural,
2172856,09/26/2017,5:40 p.m.,Martes,Motocicleta,Particular,Motociclista,Masculino,NO,Sin Registro,Solo Daños,Choque,Adelantar en zona prohibida,Tramo 373 Kilometro  7,Vereda Palmas,Rural,
2172852,09/27/2017,11:00 a.m.,Miércoles,Automovil,Particular,Conductor,Masculino,NO,Sin Registro,Solo Daños,Choque,No respetar pelacion de interseccion o giros,Calle 38 A Sur Carrera 48,Las Vegas,Urbana,"(6.168560755, -75.58701537)"
2172852,09/27/2017,11:00 a.m.,Miércoles,Camioneta,Publico,Conductor,Masculino,NO,Sin Registro,Solo Daños,Choque,Adelantar cerrando,Calle 38 A Sur Carrera 48,Las Vegas,Urbana,"(6.168560755, -75.58701537)"
2172852,09/27/2017,11:00 a.m.,Miércoles,Camioneta,Publico,Conductor,Masculino,NO,Sin Registro,Solo Daños,Choque,No respetar pelacion de interseccion o giros,Calle 38 A Sur Carrera 48,Las Vegas,Urbana,"(6.168560755, -75.58701537)"
2172852,09/27/2017,11:00 a.m.,Miércoles,Automovil,Particular,Conductor,Masculino,NO,Sin Registro,Solo Daños,Choque,Adelantar cerrando,Calle 38 A Sur Carrera 48,Las Vegas,Urbana,"(6.168560755, -75.58701537)"
2172871,09/27/2017,7:06 a.m.,Miércoles,Automovil,Particular,Conductor,Masculino,NO,Sin Registro,Solo Daños,Choque,Impericia en el manejo,Carrera 42 Calle 38 A Sur,Zona Centro,Urbana,"(6.168903475, -75.58769578)"
2172871,09/27/2017,7:06 a.m.,Miércoles,Campero,Particular,Conductor,Masculino,NO,Sin Registro,Solo Daños,Choque,Impericia en el manejo,Carrera 42 Calle 38 A Sur,Zona Centro,Urbana,"(6.168903475, -75.58769578)"
2172850,09/27/2017,7:10 a.m.,Miércoles,Campero,Particular,Conductor,Masculino,NO,Sin Registro,Solo Daños,Choque,Impericia en el manejo,Tramo 373 Kilometro  14,Vereda Palmas,Rural,
2172850,09/27/2017,7:10 a.m.,Miércoles,Camioneta,Particular,Conductor,Femenino,NO,Sin Registro,Solo Daños,Choque,No mantener distancia de seguridad,Tramo 373 Kilometro  14,Vereda Palmas,Rural,
2172850,09/27/2017,7:10 a.m.,Miércoles,Camioneta,Particular,Conductor,Femenino,NO,Sin Registro,Solo Daños,Choque,Impericia en el manejo,Tramo 373 Kilometro  14,Vereda Palmas,Rural,
2172850,09/27/2017,7:10 a.m.,Miércoles,Campero,Particular,Conductor,Masculino,NO,Sin Registro,Solo Daños,Choque,No mantener distancia de seguridad,Tramo 373 Kilometro  14,Vereda Palmas,Rural,
2172873,09/27/2017,12:20 p.m.,Miércoles,Campero,Particular,Conductor,Masculino,NO,Sin Registro,Solo Daños,Choque,No mantener distancia de seguridad,Calle 37  Sur Carrera 50,Glorieta De Peldar,Urbana,
2172873,09/27/2017,12:20 p.m.,Miércoles,Automovil,Particular,Conductor,Masculino,NO,Sin Registro,Solo Daños,Choque,No mantener distancia de seguridad,Calle 37  Sur Carrera 50,Glorieta De Peldar,Urbana,
2172873,09/27/2017,12:20 p.m.,Miércoles,Automovil,Particular,Conductor,Masculino,NO,Sin Registro,Solo Daños,Choque,No mantener distancia de seguridad,Calle 37  Sur Carrera 50,Glorieta De Peldar,Urbana,
2172875,09/27/2017,7:30 a.m.,Miércoles,Automovil,Particular,Conductor,Femenino,NO,Sin Registro,Solo Daños,Choque,No mantener distancia de seguridad,Diagonal 40 Transversal 33 B Sur,La Magnolia,Urbana,"(6.172318879, -75.58522962)"
2172875,09/27/2017,7:30 a.m.,Miércoles,Camioneta,Particular,Conductor,Femenino,NO,Sin Registro,Solo Daños,Choque,No mantener distancia de seguridad,Diagonal 40 Transversal 33 B Sur,La Magnolia,Urbana,"(6.172318879, -75.58522962)"
2172883,09/27/2017,2:30 p.m.,Miércoles,Motocicleta,Particular,Motociclista,Masculino,NO,Sin Registro,Solo Daños,Choque,No mantener distancia de seguridad,Calle 37  Sur Carrera 50,Las Vegas,Urbana,
2172883,09/27/2017,2:30 p.m.,Miércoles,Camion,Publico,Conductor,Masculino,NO,Sin Registro,Solo Daños,Choque,No mantener distancia de seguridad,Calle 37  Sur Carrera 50,Las Vegas,Urbana,
2172878,09/27/2017,6:30 p.m.,Miércoles,Automovil,Particular,Conductor,Femenino,NO,Sin Registro,Solo Daños,Choque,No mantener distancia de seguridad,Carrera 48 Calle 25 A Sur,Las Vegas,Urbana,"(6.184740152, -75.58365742)"
2172878,09/27/2017,6:30 p.m.,Miércoles,Automovil,Particular,Conductor,Masculino,NO,Sin Registro,Solo Daños,Choque,No mantener distancia de seguridad,Carrera 48 Calle 25 A Sur,Las Vegas,Urbana,"(6.184740152, -75.58365742)"
2172909,09/27/2017,5:30 p.m.,Miércoles,Camion,Publico,Conductor,Masculino,NO,Sin Registro,Solo Daños,Choque,No respetar pelacion de interseccion o giros,Calle 50  Sur Carrera 48,Las Vegas,Urbana,
2172909,09/27/2017,5:30 p.m.,Miércoles,Automovil,Particular,Conductor,Masculino,NO,Sin Registro,Solo Daños,Choque,Adelantar cerrando,Calle 50  Sur Carrera 48,Las Vegas,Urbana,
2172909,09/27/2017,5:30 p.m.,Miércoles,Automovil,Particular,Conductor,Masculino,NO,Sin Registro,Solo Daños,Choque,No respetar pelacion de interseccion o giros,Calle 50  Sur Carrera 48,Las Vegas,Urbana,
2172909,09/27/2017,5:30 p.m.,Miércoles,Camion,Publico,Conductor,Masculino,NO,Sin Registro,Solo Daños,Choque,Adelantar cerrando,Calle 50  Sur Carrera 48,Las Vegas,Urbana,
2172865,09/27/2017,4:45 p.m.,Miércoles,Motocicleta,Particular,Motociclista,Masculino,NO,Sin Registro,Solo Daños,Choque,Exceso de velocidad,Carrera 50 Calle 46  Sur,Las Vegas,Urbana,"(6.16131219, -75.60319818)"
2172865,09/27/2017,4:45 p.m.,Miércoles,Automovil,Particular,Conductor,Femenino,NO,Sin Registro,Solo Daños,Choque,No mantener distancia de seguridad,Carrera 50 Calle 46  Sur,Las Vegas,Urbana,"(6.16131219, -75.60319818)"
2172865,09/27/2017,4:45 p.m.,Miércoles,Automovil,Particular,Conductor,Femenino,NO,Sin Registro,Solo Daños,Choque,Exceso de velocidad,Carrera 50 Calle 46  Sur,Las Vegas,Urbana,"(6.16131219, -75.60319818)"
2172865,09/27/2017,4:45 p.m.,Miércoles,Motocicleta,Particular,Motociclista,Masculino,NO,Sin Registro,Solo Daños,Choque,No mantener distancia de seguridad,Carrera 50 Calle 46  Sur,Las Vegas,Urbana,"(6.16131219, -75.60319818)"
2172849,09/27/2017,10:40 a.m.,Miércoles,Automovil,Particular,Conductor,Femenino,NO,Sin Registro,Solo Daños,Choque,No respetar prelacion,Tramo 373 Kilometro  14,Vereda Palmas,Rural,
2172867,09/27/2017,6:45 p.m.,Miércoles,Automovil,Publico,Conductor,Masculino,NO,Sin Registro,Solo Daños,Choque,Desobedecer senales,Diagonal 40 Transversal 33  Sur,La Magnolia,Urbana,"(6.173507784, -75.58545751)"
2172867,09/27/2017,6:45 p.m.,Miércoles,Automovil,Publico,Conductor,Masculino,NO,Sin Registro,Solo Daños,Choque,Desobedecer senales,Diagonal 40 Transversal 33  Sur,La Magnolia,Urbana,"(6.173507784, -75.58545751)"
2172849,09/27/2017,10:40 a.m.,Miércoles,Automovil,Particular,Conductor,Masculino,NO,Sin Registro,Solo Daños,Choque,No respetar prelacion,Tramo 373 Kilometro  14,Vereda Palmas,Rural,
2172859,09/27/2017,8:50 a.m.,Miércoles,Automovil,Particular,Conductor,Femenino,NO,Sin Registro,Solo Daños,Choque,Semaforo en rojo,Carrera 43 A Calle 25 A Sur,Zuñiga,Urbana,"(6.181504184, -75.5817415)"
2172859,09/27/2017,8:50 a.m.,Miércoles,Automovil,Particular,Conductor,Masculino,NO,Sin Registro,Solo Daños,Choque,Semaforo en rojo,Carrera 43 A Calle 25 A Sur,Zuñiga,Urbana,"(6.181504184, -75.5817415)"
2172868,09/27/2017,10:00 p.m.,Miércoles,Automovil,Particular,Conductor,Femenino,NO,Sin Registro,Herido,Choque,Adelantar en zona prohibida,Calle 39  Sur Carrera 28,El Chinguí,Urbana,"(6.160790572, -75.57942846)"
2172868,09/27/2017,10:00 p.m.,Miércoles,Motocicleta,Particular,Motociclista,Masculino,NO,Sin Registro,Herido,Choque,Adelantar en zona prohibida,Calle 39  Sur Carrera 28,El Chinguí,Urbana,"(6.160790572, -75.57942846)"
2172877,09/27/2017,10:40 p.m.,Miércoles,Automovil,Publico,Conductor,Masculino,NO,Sin Registro,Solo Daños,Choque,Reverso imprudente,Calle 37  Sur Carrera 42,Zona Centro,Urbana,"(6.17029993, -75.58693548)"
2172877,09/27/2017,10:40 p.m.,Miércoles,Motocicleta,Particular,Motociclista,Masculino,NO,Sin Registro,Solo Daños,Choque,No mantener distancia de seguridad,Calle 37  Sur Carrera 42,Zona Centro,Urbana,"(6.17029993, -75.58693548)"
2172877,09/27/2017,10:40 p.m.,Miércoles,Motocicleta,Particular,Motociclista,Masculino,NO,Sin Registro,Solo Daños,Choque,Reverso imprudente,Calle 37  Sur Carrera 42,Zona Centro,Urbana,"(6.17029993, -75.58693548)"
2172877,09/27/2017,10:40 p.m.,Miércoles,Automovil,Publico,Conductor,Masculino,NO,Sin Registro,Solo Daños,Choque,No mantener distancia de seguridad,Calle 37  Sur Carrera 42,Zona Centro,Urbana,"(6.17029993, -75.58693548)"
2172876,09/28/2017,5:00 a.m.,Jueves,Automovil,Particular,Conductor,Masculino,NO,Sin Registro,Herido,Choque,Adelantar invadiendo carril de sentido contrario,Tramo 372 Kilometro  14,Vereda Palmas,Rural,
2172876,09/28/2017,5:00 a.m.,Jueves,Camion,Publico,Conductor,Masculino,NO,Sin Registro,Herido,Choque,Adelantar invadiendo carril de sentido contrario,Tramo 372 Kilometro  14,Vereda Palmas,Rural,
2172876,09/28/2017,5:00 a.m.,Jueves,Automovil,Particular,Conductor,Masculino,NO,Sin Registro,Herido,Choque,Adelantar invadiendo carril de sentido contrario,Tramo 372 Kilometro  14,Vereda Palmas,Rural,
2172886,09/28/2017,8:00 a.m.,Jueves,Motocicleta,Particular,Motociclista,Femenino,NO,Sin Registro,Herido,Choque,Arrancar sin precaucion,Tramo 372 Kilometro  15,Vereda Palmas,Rural,
2172886,09/28/2017,8:00 a.m.,Jueves,Automovil,Particular,Conductor,Femenino,NO,Sin Registro,Herido,Choque,Arrancar sin precaucion,Tramo 372 Kilometro  15,Vereda Palmas,Rural,
2172870,09/28/2017,1:10 p.m.,Jueves,Automovil,Particular,Conductor,Masculino,NO,Sin Registro,Solo Daños,Choque,Girar bruscamente,Carrera 50 Calle 46 A Sur,Las Vegas,Urbana,"(6.16131219, -75.60319818)"
2172870,09/28/2017,1:10 p.m.,Jueves,Camioneta,Publico,Conductor,Masculino,NO,Sin Registro,Solo Daños,Choque,Girar bruscamente,Carrera 50 Calle 46 A Sur,Las Vegas,Urbana,"(6.16131219, -75.60319818)"
2172862,09/28/2017,9:10 a.m.,Jueves,Camioneta,Particular,Conductor,Masculino,NO,Sin Registro,Herido,Choque,Reverso imprudente,Calle 46  Sur Carrera 49,Las Vegas,Urbana,"(6.162036675, -75.60095901)"
2172862,09/28/2017,9:10 a.m.,Jueves,Motocicleta,Particular,Motociclista,Femenino,NO,Sin Registro,Herido,Choque,Reverso imprudente,Calle 46  Sur Carrera 49,Las Vegas,Urbana,"(6.162036675, -75.60095901)"
2172874,09/28/2017,1:15 p.m.,Jueves,Automovil,Particular,Conductor,Masculino,NO,Sin Registro,Herido,Choque,Transitar entre vehiculos,Carrera 50 Calle 37  Sur,Las Vegas,Urbana,
2172874,09/28/2017,1:15 p.m.,Jueves,Motocicleta,Particular,Motociclista,Masculino,NO,Sin Registro,Herido,Choque,Transitar entre vehiculos,Carrera 50 Calle 37  Sur,Las Vegas,Urbana,
2172874,09/28/2017,1:15 p.m.,Jueves,Camion,Publico,Conductor,Masculino,NO,Sin Registro,Herido,Choque,Transitar entre vehiculos,Carrera 50 Calle 37  Sur,Las Vegas,Urbana,
2172880,09/28/2017,3:15 p.m.,Jueves,Automovil,Particular,Conductor,Masculino,NO,Sin Registro,Solo Daños,Choque,Reverso imprudente,Transversal 34 D Sur Diagonal 29,La Sebastiana,Urbana,"(6.171709483, -75.57747959)"
2172880,09/28/2017,3:15 p.m.,Jueves,Camioneta,Oficial,Conductor,Masculino,NO,Sin Registro,Solo Daños,Choque,Reverso imprudente,Transversal 34 D Sur Diagonal 29,La Sebastiana,Urbana,"(6.171709483, -75.57747959)"
2172863,09/28/2017,9:20 a.m.,Jueves,Motocicleta,Particular,Motociclista,Masculino,NO,Sin Registro,Herido,Choque,Transitar entre vehiculos,Carrera 50 Calle 46  Sur,Las Vegas,Urbana,"(6.16131219, -75.60319818)"
2172863,09/28/2017,9:20 a.m.,Jueves,Motocicleta,Particular,Motociclista,Masculino,NO,Sin Registro,Herido,Choque,Exceso de velocidad,Carrera 50 Calle 46  Sur,Las Vegas,Urbana,"(6.16131219, -75.60319818)"
2172863,09/28/2017,9:20 a.m.,Jueves,Motocicleta,Particular,Motociclista,Masculino,NO,Sin Registro,Herido,Choque,Transitar entre vehiculos,Carrera 50 Calle 46  Sur,Las Vegas,Urbana,"(6.16131219, -75.60319818)"
2172863,09/28/2017,9:20 a.m.,Jueves,Motocicleta,Particular,Motociclista,Masculino,NO,Sin Registro,Herido,Choque,Exceso de velocidad,Carrera 50 Calle 46  Sur,Las Vegas,Urbana,"(6.16131219, -75.60319818)"
2172881,09/28/2017,5:40 p.m.,Jueves,Motocicleta,Particular,Motociclista,Masculino,NO,Sin Registro,Solo Daños,Choque,No mantener distancia de seguridad,Carrera 50 Calle 47  Sur,Las Vegas,Urbana,
2172881,09/28/2017,5:40 p.m.,Jueves,Automovil,Particular,Conductor,Masculino,NO,Sin Registro,Solo Daños,Choque,No mantener distancia de seguridad,Carrera 50 Calle 47  Sur,Las Vegas,Urbana,
2172869,09/28/2017,5:45 p.m.,Jueves,Motocicleta,Particular,Motociclista,Masculino,NO,Sin Registro,Herido,Atropello,Cruzar sin observar,Diagonal 31 Transversal 34  Sur,La Sebastiana,Urbana,"(6.172689669, -75.57882729)"
2172869,09/28/2017,5:45 p.m.,Jueves,Motocicleta,Particular,Motociclista,Masculino,NO,Sin Registro,Herido,Atropello,Transitar entre vehiculos,Diagonal 31 Transversal 34  Sur,La Sebastiana,Urbana,"(6.172689669, -75.57882729)"
2172884,09/29/2017,11:00 a.m.,Viernes,Camion,Publico,Conductor,Masculino,NO,Sin Registro,Solo Daños,Choque,Desobedecer senales,Carrera 50 Calle 37  Sur,Las Vegas,Urbana,
2172884,09/29/2017,11:00 a.m.,Viernes,Camion,Particular,Conductor,Masculino,NO,Sin Registro,Solo Daños,Choque,Desobedecer senales,Carrera 50 Calle 37  Sur,Las Vegas,Urbana,
2172882,09/29/2017,2:00 p.m.,Viernes,Bus,Publico,Conductor,Masculino,NO,Sin Registro,Solo Daños,Choque,No mantener distancia de seguridad,Carrera 43 A Calle 48 C Sur,Las Casitas,Urbana,"(6.162218777, -75.59764446)"
2172882,09/29/2017,2:00 p.m.,Viernes,Camioneta,Particular,Conductor,Femenino,NO,Sin Registro,Solo Daños,Choque,No mantener distancia de seguridad,Carrera 43 A Calle 48 C Sur,Las Casitas,Urbana,"(6.162218777, -75.59764446)"
2172892,09/29/2017,5:00 p.m.,Viernes,Automovil,Particular,Conductor,Masculino,NO,Sin Registro,Solo Daños,Choque,Exceso de velocidad,Calle 39  Sur Carrera 39,Mesa,Urbana,"(6.166978259, -75.58604492)"
2172898,09/30/2017,2:00 p.m.,Sábado,Campero,Particular,Conductor,Masculino,NO,Sin Registro,Solo Daños,Choque,Adelantar por la derecha,Tramo 372 Kilometro  17,Vereda Palmas,Rural,
2172892,09/29/2017,5:00 p.m.,Viernes,Motocicleta,Particular,Motociclista,Masculino,NO,Sin Registro,Solo Daños,Choque,Impericia en el manejo,Calle 39  Sur Carrera 39,Mesa,Urbana,"(6.166978259, -75.58604492)"
2172892,09/29/2017,5:00 p.m.,Viernes,Motocicleta,Particular,Motociclista,Masculino,NO,Sin Registro,Solo Daños,Choque,Exceso de velocidad,Calle 39  Sur Carrera 39,Mesa,Urbana,"(6.166978259, -75.58604492)"
2172892,09/29/2017,5:00 p.m.,Viernes,Automovil,Particular,Conductor,Masculino,NO,Sin Registro,Solo Daños,Choque,Impericia en el manejo,Calle 39  Sur Carrera 39,Mesa,Urbana,"(6.166978259, -75.58604492)"
2172887,09/29/2017,6:10 p.m.,Viernes,Camioneta,Publico,Conductor,Masculino,NO,Sin Registro,Solo Daños,Choque,Reverso imprudente,Carrera 24 Calle 40 FF Sur,La Mina,Urbana,"(6.179387707, -75.57584341)"
2172887,09/29/2017,6:10 p.m.,Viernes,Motocicleta,Particular,Motociclista,Masculino,NO,Sin Registro,Solo Daños,Choque,Reverso imprudente,Carrera 24 Calle 40 FF Sur,La Mina,Urbana,"(6.179387707, -75.57584341)"
2172888,09/29/2017,7:25 a.m.,Viernes,Bus,Publico,Conductor,Masculino,NO,Sin Registro,Herido,Choque,Adelantar invadiendo carril del mismo sentido en zigzag,Carrera 27 Calle 23  Sur,El Esmeraldal,Urbana,"(6.176588834, -75.56744599)"
2172888,09/29/2017,7:25 a.m.,Viernes,Motocicleta,Particular,Motociclista,Masculino,NO,Sin Registro,Herido,Choque,Exceso de velocidad,Carrera 27 Calle 23  Sur,El Esmeraldal,Urbana,"(6.176588834, -75.56744599)"
2172888,09/29/2017,7:25 a.m.,Viernes,Motocicleta,Particular,Motociclista,Masculino,NO,Sin Registro,Herido,Choque,Adelantar invadiendo carril del mismo sentido en zigzag,Carrera 27 Calle 23  Sur,El Esmeraldal,Urbana,"(6.176588834, -75.56744599)"
2172888,09/29/2017,7:25 a.m.,Viernes,Bus,Publico,Conductor,Masculino,NO,Sin Registro,Herido,Choque,Exceso de velocidad,Carrera 27 Calle 23  Sur,El Esmeraldal,Urbana,"(6.176588834, -75.56744599)"
2172885,09/29/2017,9:00 p.m.,Viernes,Camioneta,Oficial,Conductor,Masculino,NO,Sin Registro,Solo Daños,Choque,No mantener distancia de seguridad,Calle 37  Sur Carrera 34,Los Naranjos,Urbana,"(6.167404691, -75.58225795)"
2172885,09/29/2017,9:00 p.m.,Viernes,Automovil,Particular,Conductor,Masculino,NO,Sin Registro,Solo Daños,Choque,Poner en marcha un vehiculo sin precauci,Calle 37  Sur Carrera 34,Los Naranjos,Urbana,"(6.167404691, -75.58225795)"
2172885,09/29/2017,9:00 p.m.,Viernes,Automovil,Particular,Conductor,Masculino,NO,Sin Registro,Solo Daños,Choque,No mantener distancia de seguridad,Calle 37  Sur Carrera 34,Los Naranjos,Urbana,"(6.167404691, -75.58225795)"
2172885,09/29/2017,9:00 p.m.,Viernes,Camioneta,Oficial,Conductor,Masculino,NO,Sin Registro,Solo Daños,Choque,Poner en marcha un vehiculo sin precauci,Calle 37  Sur Carrera 34,Los Naranjos,Urbana,"(6.167404691, -75.58225795)"
2172923,09/30/2017,1:00 p.m.,Sábado,Automovil,Particular,Conductor,Femenino,NO,Sin Registro,Solo Daños,Choque,Adelantar en zona prohibida,Carrera 27 Calle 23  Sur,La Inmaculada,Urbana,"(6.176588834, -75.56744599)"
2172923,09/30/2017,1:00 p.m.,Sábado,Motocicleta,Particular,Motociclista,Masculino,NO,Sin Registro,Solo Daños,Choque,Adelantar en zona prohibida,Carrera 27 Calle 23  Sur,La Inmaculada,Urbana,"(6.176588834, -75.56744599)"