RADICADO,FECHA,HORA,DÍA DE LA SEMANA,CLASE DE VEHICULO,TIPO DE SERVICIO,TIPO DE VICTIMA,SEXO,ESTADO DE BEODEZ,RESULTADO DE BEODEZ,GRAVEDAD,CLASE DE ACCIDENTE,CAUSA,DIRECCIÓN,BARRIO,AREA,Coordenadas
2172893,09/30/2017,3:00 p.m.,Sábado,Camioneta,Particular,Conductor,Masculino,NO,Sin Registro,Solo Daños,Choque,No mantener distancia de seguridad,Tramo 372 Kilometro  13,Vereda Palmas,Rural,
2172899,09/30/2017,6:10 a.m.,Sábado,Motocicleta,Particular,Motociclista,Masculino,NO,Sin Registro,Herido,Caida Ocupante,Impericia en el manejo,Carrera 43 A Calle 25 A Sur,Villa Grande,Urbana,"(6.181504184, -75.5817415)"
2172893,09/30/2017,3:00 p.m.,Sábado,Camioneta,Particular,Conductor,Masculino,NO,Sin Registro,Solo Daños,Choque,No mantener distancia de seguridad,Tramo 372 Kilometro  13,Vereda Palmas,Rural,
2172907,09/30/2017,12:00 a.m.,Sábado,Automovil,Particular,Conductor,Masculino,NO,Sin Registro,Solo Daños,Choque,Impericia en el manejo,Carrera 43 A Calle 46 A Sur,Primavera,Urbana,"(6.163261247, -75.59645283)"
2172907,09/30/2017,12:00 a.m.,Sábado,Automovil,Sin Registro,Conductor,Masculino,NO,Sin Registro,Solo Daños,Choque,Exceso de velocidad,Carrera 43 A Calle 46 A Sur,Primavera,Urbana,"(6.163261247, -75.59645283)"
2172907,09/30/2017,12:00 a.m.,Sábado,Automovil,Sin Registro,Conductor,Masculino,NO,Sin Registro,Solo Daños,Choque,Impericia en el manejo,Carrera 43 A Calle 46 A Sur,Primavera,Urbana,"(6.163261247, -75.59645283)"
2172907,09/30/2017,12:00 a.m.,Sábado,Automovil,Particular,Conductor,Masculino,NO,Sin Registro,Solo Daños,Choque,Exceso de velocidad,Carrera 43 A Calle 46 A Sur,Primavera,Urbana,"(6.163261247, -75.59645283)"
2172898,09/30/2017,2:00 p.m.,Sábado,Motocicleta,Particular,Motociclista,Masculino,NO,Sin Registro,Solo Daños,Choque,Adelantar por la derecha,Tramo 372 Kilometro  17,Vereda Palmas,Rural,
2172889,09/30/2017,12:10 a.m.,Sábado,Automovil,Particular,Conductor,Femenino,NO,Sin Registro,Herido,Choque,Desobedecer senales,Calle 37  Sur Carrera 48,Las Vegas,Urbana,"(6.17412211, -75.59306111)"
2172889,09/30/2017,12:10 a.m.,Sábado,Motocicleta,Particular,Motociclista,Femenino,NO,Sin Registro,Herido,Choque,Embriaguez o droga,Calle 37  Sur Carrera 48,Las Vegas,Urbana,"(6.17412211, -75.59306111)"
2172889,09/30/2017,12:10 a.m.,Sábado,Motocicleta,Particular,Motociclista,Femenino,NO,Sin Registro,Herido,Choque,Desobedecer senales,Calle 37  Sur Carrera 48,Las Vegas,Urbana,"(6.17412211, -75.59306111)"
2172889,09/30/2017,12:10 a.m.,Sábado,Automovil,Particular,Conductor,Femenino,NO,Sin Registro,Herido,Choque,Embriaguez o droga,Calle 37  Sur Carrera 48,Las Vegas,Urbana,"(6.17412211, -75.59306111)"
2172901,09/30/2017,1:35 p.m.,Sábado,Camioneta,Particular,Conductor,Masculino,NO,Sin Registro,Herido,Choque,No mantener distancia de seguridad,Tramo 373 Kilometro  14,Vereda Palmas,Rural,
2172901,09/30/2017,1:35 p.m.,Sábado,Automovil,Particular,Conductor,Masculino,NO,Sin Registro,Herido,Choque,No mantener distancia de seguridad,Tramo 373 Kilometro  14,Vereda Palmas,Rural,
2172911,09/30/2017,1:40 p.m.,Sábado,Camion,Publico,Conductor,Masculino,NO,Sin Registro,Solo Daños,Choque,Impericia en el manejo,Calle 38 A Sur Carrera 43 A,Zona Centro,Urbana,"(6.169807343, -75.58912536)"
2172890,09/30/2017,12:30 p.m.,Sábado,Camion,Publico,Conductor,Masculino,NO,Sin Registro,Herido,Choque,Transitar entre vehiculos,Carrera 49 Calle 19  Sur,Las Vegas,Urbana,
2172890,09/30/2017,12:30 p.m.,Sábado,Motocicleta,Particular,Motociclista,Masculino,NO,Sin Registro,Herido,Choque,Transitar entre vehiculos,Carrera 49 Calle 19  Sur,Las Vegas,Urbana,
2172895,09/30/2017,6:50 a.m.,Sábado,Motocicleta,Particular,Motociclista,Masculino,NO,Sin Registro,Herido,Atropello,Cruzar sin observar,Calle 38  Sur Carrera 42,Zona Centro,Urbana,"(6.16961293, -75.58738469)"
2172891,09/30/2017,11:45 a.m.,Sábado,Camioneta,Particular,Conductor,Masculino,NO,Sin Registro,Solo Daños,Choque,No mantener distancia de seguridad,Calle 23  Sur Carrera 27,Zuñiga,Urbana,"(6.176668041, -75.56752563)"
2172891,09/30/2017,11:45 a.m.,Sábado,Camioneta,Particular,Conductor,Femenino,NO,Sin Registro,Solo Daños,Choque,No mantener distancia de seguridad,Calle 23  Sur Carrera 27,Zuñiga,Urbana,"(6.176668041, -75.56752563)"
2172894,09/30/2017,11:50 a.m.,Sábado,Automovil,Particular,Conductor,Femenino,NO,Sin Registro,Solo Daños,Choque,Transitar entre vehiculos,Carrera 43 A Calle 37  Sur,Zona Centro,Urbana,"(6.171024704, -75.5881647)"
2172894,09/30/2017,11:50 a.m.,Sábado,Motocicleta,Particular,Motociclista,Masculino,NO,Sin Registro,Solo Daños,Choque,Transitar entre vehiculos,Carrera 43 A Calle 37  Sur,Zona Centro,Urbana,"(6.171024704, -75.5881647)"
2172913,09/30/2017,11:50 a.m.,Sábado,Automovil,Particular,Conductor,Femenino,NO,Sin Registro,Solo Daños,Choque,Girar bruscamente,Carrera 41 Calle 33 B Sur,Zona Centro,Urbana,"(6.171618698, -75.5850044)"
2172913,09/30/2017,11:50 a.m.,Sábado,Automovil,Particular,Conductor,Masculino,NO,Sin Registro,Solo Daños,Choque,Girar bruscamente,Carrera 41 Calle 33 B Sur,Zona Centro,Urbana,"(6.171618698, -75.5850044)"
2172910,09/30/2017,9:50 a.m.,Sábado,Campero,Particular,Conductor,Masculino,NO,Sin Registro,Solo Daños,Choque,No mantener distancia de seguridad,Carrera 48 Calle 30  Sur,Las Vegas,Urbana,"(6.179366643, -75.5880841)"
2172910,09/30/2017,9:50 a.m.,Sábado,Automovil,Particular,Conductor,Masculino,NO,Sin Registro,Solo Daños,Choque,No mantener distancia de seguridad,Carrera 48 Calle 30  Sur,Las Vegas,Urbana,"(6.179366643, -75.5880841)"
2172916,09/30/2017,10:40 p.m.,Sábado,Camion,Publico,Conductor,Masculino,NO,Sin Registro,Solo Daños,Choque,No mantener distancia de seguridad,Calle 46  Sur Carrera 48,Las Vegas,Urbana,"(6.162824447, -75.59968661)"
2172916,09/30/2017,10:40 p.m.,Sábado,Automovil,Particular,Conductor,Masculino,NO,Sin Registro,Solo Daños,Choque,No mantener distancia de seguridad,Calle 46  Sur Carrera 48,Las Vegas,Urbana,"(6.162824447, -75.59968661)"
2172915,01/10/2017,4:00 p.m.,Domingo,Automovil,Particular,Conductor,Masculino,NO,Sin Registro,Solo Daños,Choque,Reverso imprudente,Carrera 41 Calle 45 C Sur,Las Antillas,Urbana,"(6.16186102, -75.59285667)"
2172915,01/10/2017,4:00 p.m.,Domingo,Campero,Particular,Conductor,Masculino,NO,Sin Registro,Solo Daños,Choque,Reverso imprudente,Carrera 41 Calle 45 C Sur,Las Antillas,Urbana,"(6.16186102, -75.59285667)"
2172900,01/10/2017,7:40 p.m.,Domingo,Campero,Particular,Conductor,Masculino,NO,Sin Registro,Solo Daños,Choque,Reverso imprudente,Carrera 50 Calle 25  Sur,Las Vegas,Urbana,"(6.186515998, -75.58512541)"
2172900,01/10/2017,7:40 p.m.,Domingo,Automovil,Particular,Conductor,Masculino,NO,Sin Registro,Solo Daños,Choque,Reverso imprudente,Carrera 50 Calle 25  Sur,Las Vegas,Urbana,"(6.186515998, -75.58512541)"
2172902,01/10/2017,5:10 p.m.,Domingo,Automovil,Particular,Conductor,Masculino,NO,Sin Registro,Solo Daños,Choque,No mantener distancia de seguridad,Calle 27  Sur Carrera 50,Las Vegas,Urbana,
2173108,10/20/2017,9:10 p.m.,Viernes,Automovil,Publico,Conductor,Masculino,NO,Sin Registro,Herido,Choque,Desobedecer senales,Carrera 50 Calle 37  Sur,Las Vegas,Urbana,
2172903,01/10/2017,6:15 p.m.,Domingo,Motocicleta,Particular,Motociclista,Masculino,NO,Sin Registro,Herido,Atropello,Exceso de velocidad,Carrera 29 B Calle 39  Sur,San Jose,Urbana,"(6.163948121, -75.58115546)"
2172904,01/10/2017,8:25 p.m.,Domingo,Automovil,Particular,Conductor,Femenino,NO,Sin Registro,Solo Daños,Choque,Adelantar en zona prohibida,Calle 40 F Sur Carrera 39 D,El Trianon,Urbana,"(6.163941436, -75.58885517)"
2172904,01/10/2017,8:25 p.m.,Domingo,Motocicleta,Particular,Motociclista,Masculino,NO,Sin Registro,Solo Daños,Choque,Adelantar en zona prohibida,Calle 40 F Sur Carrera 39 D,El Trianon,Urbana,"(6.163941436, -75.58885517)"
2172905,01/10/2017,8:40 p.m.,Domingo,Automovil,Particular,Conductor,Femenino,NO,Sin Registro,Herido,Choque,Semaforo en rojo,Calle 39  Sur Carrera 40,Zona Centro,Urbana,"(6.167409609, -75.58672098)"
2172905,01/10/2017,8:40 p.m.,Domingo,Motocicleta,Particular,Motociclista,Masculino,NO,Sin Registro,Herido,Choque,Semaforo en rojo,Calle 39  Sur Carrera 40,Zona Centro,Urbana,"(6.167409609, -75.58672098)"
2172914,01/10/2017,4:30 p.m.,Domingo,Automovil,Particular,Conductor,Masculino,NO,Sin Registro,Solo Daños,Choque,Impericia en el manejo,Calle 32 B Sur Carrera 48,Las Vegas,Urbana,"(6.177255701, -75.59003137)"
2172914,01/10/2017,4:30 p.m.,Domingo,Campero,Particular,Conductor,Masculino,NO,Sin Registro,Solo Daños,Choque,Reverso imprudente,Calle 32 B Sur Carrera 48,Las Vegas,Urbana,"(6.177255701, -75.59003137)"
2172914,01/10/2017,4:30 p.m.,Domingo,Campero,Particular,Conductor,Masculino,NO,Sin Registro,Solo Daños,Choque,Impericia en el manejo,Calle 32 B Sur Carrera 48,Las Vegas,Urbana,"(6.177255701, -75.59003137)"
2172914,01/10/2017,4:30 p.m.,Domingo,Automovil,Particular,Conductor,Masculino,NO,Sin Registro,Solo Daños,Choque,Reverso imprudente,Calle 32 B Sur Carrera 48,Las Vegas,Urbana,"(6.177255701, -75.59003137)"
2172924,01/10/2017,6:53 p.m.,Domingo,Motocicleta,Particular,Motociclista,Masculino,NO,Sin Registro,Herido,Caida Ocupante,Embriaguez o droga,Calle 39 D Sur Carrera 24 D,El Chinguí,Urbana,"(6.154343948, -75.57802149)"
2172919,02/10/2017,7:00 p.m.,Lunes,Camioneta,Particular,Conductor,Masculino,NO,Sin Registro,Solo Daños,Choque,Impericia en el manejo,Calle 39  Sur Carrera 47 A,Alcala,Urbana,"(6.171457478, -75.593353)"
2172912,02/10/2017,6:00 a.m.,Lunes,Automovil,Particular,Conductor,Femenino,NO,Sin Registro,Solo Daños,Choque,Girar bruscamente,Carrera 49 Calle 39  Sur,Las Vegas,Urbana,"(6.173609359, -75.59707057)"
2172912,02/10/2017,6:00 a.m.,Lunes,Tractocamion,Publico,Conductor,Masculino,NO,Sin Registro,Solo Daños,Choque,Girar bruscamente,Carrera 49 Calle 39  Sur,Las Vegas,Urbana,"(6.173609359, -75.59707057)"
2172919,02/10/2017,7:00 p.m.,Lunes,Camioneta,Particular,Conductor,Masculino,NO,Sin Registro,Solo Daños,Choque,Impericia en el manejo,Calle 39  Sur Carrera 47 A,Alcala,Urbana,"(6.171457478, -75.593353)"
2172925,02/10/2017,1:00 p.m.,Lunes,Camioneta,Particular,Conductor,Masculino,NO,Sin Registro,Herido,Choque,No mantener distancia de seguridad,Carrera 50 Calle 25  Sur,Las Vegas,Urbana,"(6.186515998, -75.58512541)"
2172925,02/10/2017,1:00 p.m.,Lunes,Motocicleta,Particular,Motociclista,Masculino,NO,Sin Registro,Herido,Choque,No mantener distancia de seguridad,Carrera 50 Calle 25  Sur,Las Vegas,Urbana,"(6.186515998, -75.58512541)"
2172908,02/10/2017,6:20 a.m.,Lunes,Campero,Particular,Conductor,Masculino,NO,Sin Registro,Solo Daños,Choque,No mantener distancia de seguridad,Carrera 50 Calle 36  Sur,Las Vegas,Urbana,
2172908,02/10/2017,6:20 a.m.,Lunes,Camion,Publico,Conductor,Masculino,NO,Sin Registro,Solo Daños,Choque,No mantener distancia de seguridad,Carrera 50 Calle 36  Sur,Las Vegas,Urbana,
2172896,02/10/2017,6:15 p.m.,Lunes,Motocicleta,Particular,Motociclista,Femenino,NO,Sin Registro,Solo Daños,Choque,No respetar prelacion,Carrera 48 Calle 50  Sur,Las Vegas,Urbana,
2172896,02/10/2017,6:15 p.m.,Lunes,Motocicleta,Particular,Motociclista,Masculino,NO,Sin Registro,Solo Daños,Choque,No respetar prelacion,Carrera 48 Calle 50  Sur,Las Vegas,Urbana,
2172917,02/10/2017,5:50 a.m.,Lunes,Automovil,Particular,Conductor,Femenino,NO,Sin Registro,Herido,Choque,Transitar entre vehiculos,Carrera 50 Calle 43  Sur,Las Vegas,Urbana,
2172917,02/10/2017,5:50 a.m.,Lunes,Motocicleta,Particular,Motociclista,Masculino,NO,Sin Registro,Herido,Choque,Transitar entre vehiculos,Carrera 50 Calle 43  Sur,Las Vegas,Urbana,
2172906,02/10/2017,11:50 a.m.,Lunes,Bus,Publico,Conductor,Masculino,NO,Sin Registro,Solo Daños,Choque,No mantener distancia de seguridad,Carrera 39 Calle 38 A Sur,Mesa,Urbana,"(6.16756055, -75.58564318)"
2172906,02/10/2017,11:50 a.m.,Lunes,Bus,Publico,Conductor,Masculino,NO,Sin Registro,Solo Daños,Choque,No mantener distancia de seguridad,Carrera 39 Calle 38 A Sur,Mesa,Urbana,"(6.16756055, -75.58564318)"
2172897,02/10/2017,5:50 p.m.,Lunes,Motocicleta,Particular,Motociclista,Masculino,NO,Sin Registro,Solo Daños,Choque,Reverso imprudente,Carrera 24 Calle 36 D Sur,Vereda El Escobero,Urbana,"(6.168197806, -75.56327057)"
2172897,02/10/2017,5:50 p.m.,Lunes,Camion,Publico,Conductor,Masculino,NO,Sin Registro,Solo Daños,Choque,Reverso imprudente,Carrera 24 Calle 36 D Sur,Vereda El Escobero,Urbana,"(6.168197806, -75.56327057)"
2172940,03/10/2017,12:00 p.m.,Martes,Camioneta,Particular,Conductor,Masculino,NO,Sin Registro,Solo Daños,Choque,Poner en marcha un vehiculo sin precauci,Carrera 48 Calle 19  Sur,Las Vegas,Urbana,"(6.187349001, -75.58153568)"
2172940,03/10/2017,12:00 p.m.,Martes,Automovil,Particular,Conductor,Masculino,NO,Sin Registro,Solo Daños,Choque,Poner en marcha un vehiculo sin precauci,Carrera 48 Calle 19  Sur,Las Vegas,Urbana,"(6.187349001, -75.58153568)"
2172918,03/10/2017,6:15 a.m.,Martes,Automovil,Particular,Conductor,Masculino,NO,Sin Registro,Solo Daños,Choque,No mantener distancia de seguridad,Carrera 27 Calle 23  Sur,La Inmaculada,Urbana,"(6.176588834, -75.56744599)"
2172918,03/10/2017,6:15 a.m.,Martes,Automovil,Particular,Conductor,Masculino,NO,Sin Registro,Solo Daños,Choque,No mantener distancia de seguridad,Carrera 27 Calle 23  Sur,La Inmaculada,Urbana,"(6.176588834, -75.56744599)"
2172918,03/10/2017,6:15 a.m.,Martes,Campero,Particular,Conductor,Masculino,NO,Sin Registro,Solo Daños,Choque,No mantener distancia de seguridad,Carrera 27 Calle 23  Sur,La Inmaculada,Urbana,"(6.176588834, -75.56744599)"
2172920,03/10/2017,3:05 p.m.,Martes,Automovil,Particular,Conductor,Masculino,NO,Sin Registro,Solo Daños,Choque,Desobedecer senales,Transversal 34 C Sur Diagonal 32 B,Los Naranjos,Urbana,"(6.171946836, -75.58199304)"
2172920,03/10/2017,3:05 p.m.,Martes,Automovil,Particular,Conductor,Masculino,NO,Sin Registro,Solo Daños,Choque,Desobedecer senales,Transversal 34 C Sur Diagonal 32 B,Los Naranjos,Urbana,"(6.171946836, -75.58199304)"
2172921,03/10/2017,11:05 a.m.,Martes,Automovil,Particular,Conductor,Femenino,NO,Sin Registro,Solo Daños,Choque,Adelantar en zona prohibida,Calle 46  Sur Carrera 46,Primavera,Urbana,"(6.164633401, -75.59668961)"
2172930,03/10/2017,6:20 a.m.,Martes,Automovil,Particular,Conductor,Femenino,NO,Sin Registro,Herido,Choque,Exceso de velocidad,Tramo 372 Kilometro  12,Vereda Palmas,Rural,
2172921,03/10/2017,11:05 a.m.,Martes,Motocicleta,Particular,Motociclista,Masculino,NO,Sin Registro,Solo Daños,Choque,Adelantar en zona prohibida,Calle 46  Sur Carrera 46,Primavera,Urbana,"(6.164633401, -75.59668961)"
2172934,03/10/2017,1:15 p.m.,Martes,Bus,Publico,Conductor,Masculino,NO,Sin Registro,Solo Daños,Choque,Reverso imprudente,Calle 26  Sur Carrera 23 A,El Chocho,Urbana,"(6.171326598, -75.56505716)"
2172934,03/10/2017,1:15 p.m.,Martes,Camioneta,Particular,Conductor,Femenino,NO,Sin Registro,Solo Daños,Choque,Reverso imprudente,Calle 26  Sur Carrera 23 A,El Chocho,Urbana,"(6.171326598, -75.56505716)"
2172931,03/10/2017,5:15 p.m.,Martes,Automovil,Particular,Conductor,Femenino,NO,Sin Registro,Solo Daños,Choque,No respetar prelacion,Calle 38 A Sur Carrera 38,Mesa,Urbana,"(6.167339205, -75.58513636)"
2172931,03/10/2017,5:15 p.m.,Martes,Motocicleta,Particular,Motociclista,Masculino,NO,Sin Registro,Solo Daños,Choque,Desobedecer senales,Calle 38 A Sur Carrera 38,Mesa,Urbana,"(6.167339205, -75.58513636)"
2172931,03/10/2017,5:15 p.m.,Martes,Motocicleta,Particular,Motociclista,Masculino,NO,Sin Registro,Solo Daños,Choque,No respetar prelacion,Calle 38 A Sur Carrera 38,Mesa,Urbana,"(6.167339205, -75.58513636)"
2173038,10/13/2017,2:45 p.m.,Viernes,Bus,Publico,Conductor,Masculino,NO,Sin Registro,Solo Daños,Choque,Adelantar por la derecha,Tramo 372 Kilometro  16,Vereda Palmas,Rural,
2172931,03/10/2017,5:15 p.m.,Martes,Automovil,Particular,Conductor,Femenino,NO,Sin Registro,Solo Daños,Choque,Desobedecer senales,Calle 38 A Sur Carrera 38,Mesa,Urbana,"(6.167339205, -75.58513636)"
2172937,03/10/2017,1:40 p.m.,Martes,Automovil,Particular,Conductor,Femenino,NO,Sin Registro,Solo Daños,Choque,No mantener distancia de seguridad,Calle 37  Sur Carrera 50,Las Vegas,Urbana,
2172937,03/10/2017,1:40 p.m.,Martes,Automovil,Particular,Conductor,Masculino,NO,Sin Registro,Solo Daños,Choque,No mantener distancia de seguridad,Calle 37  Sur Carrera 50,Las Vegas,Urbana,
2172926,03/10/2017,4:30 p.m.,Martes,Automovil,Particular,Conductor,Masculino,NO,Sin Registro,Solo Daños,Choque,No mantener distancia de seguridad,Carrera 48 Calle 50  Sur,Las Vegas,Urbana,
2172926,03/10/2017,4:30 p.m.,Martes,Automovil,Particular,Conductor,Masculino,NO,Sin Registro,Solo Daños,Choque,No mantener distancia de seguridad,Carrera 48 Calle 50  Sur,Las Vegas,Urbana,
2172929,03/10/2017,6:50 a.m.,Martes,Bus,Publico,Conductor,Masculino,NO,Sin Registro,Solo Daños,Choque,No mantener distancia de seguridad,Carrera 48 Calle 48 C Sur,Las Vegas,Urbana,"(6.163662083, -75.60174973)"
2172929,03/10/2017,6:50 a.m.,Martes,Camioneta,Particular,Conductor,Masculino,NO,Sin Registro,Solo Daños,Choque,No mantener distancia de seguridad,Carrera 48 Calle 48 C Sur,Las Vegas,Urbana,"(6.163662083, -75.60174973)"
2172922,03/10/2017,9:45 p.m.,Martes,Buseta,Publico,Conductor,Masculino,NO,Sin Registro,Solo Daños,Choque,Poner en marcha un vehiculo sin precauci,Calle 43  Sur Carrera 48,Las Vegas,Urbana,"(6.168592602, -75.597529)"
2172922,03/10/2017,9:45 p.m.,Martes,Automovil,Particular,Conductor,Masculino,NO,Sin Registro,Solo Daños,Choque,Poner en marcha un vehiculo sin precauci,Calle 43  Sur Carrera 48,Las Vegas,Urbana,"(6.168592602, -75.597529)"
2172927,04/10/2017,9:00 a.m.,Miércoles,Motocicleta,Particular,Motociclista,Femenino,NO,Sin Registro,Solo Daños,Choque,No respetar pelacion de interseccion o giros,Carrera 43 A Calle 48 C Sur,Avenida El Poblado,Urbana,"(6.162218777, -75.59764446)"
2172927,04/10/2017,9:00 a.m.,Miércoles,Campero,Particular,Conductor,Femenino,NO,Sin Registro,Solo Daños,Choque,No respetar pelacion de interseccion o giros,Carrera 43 A Calle 48 C Sur,Avenida El Poblado,Urbana,"(6.162218777, -75.59764446)"
2172945,04/10/2017,11:00 a.m.,Miércoles,Camioneta,Particular,Conductor,Masculino,NO,Sin Registro,Solo Daños,Choque,No mantener distancia de seguridad,Carrera 50 Calle 25  Sur,Las Vegas,Urbana,"(6.186515998, -75.58512541)"
2172945,04/10/2017,11:00 a.m.,Miércoles,Camion,Publico,Conductor,Masculino,NO,Sin Registro,Solo Daños,Choque,No mantener distancia de seguridad,Carrera 50 Calle 25  Sur,Las Vegas,Urbana,"(6.186515998, -75.58512541)"
2172945,04/10/2017,11:00 a.m.,Miércoles,Camioneta,Oficial,Conductor,Masculino,NO,Sin Registro,Solo Daños,Choque,No mantener distancia de seguridad,Carrera 50 Calle 25  Sur,Las Vegas,Urbana,"(6.186515998, -75.58512541)"
2172944,04/10/2017,4:00 p.m.,Miércoles,Motocicleta,Particular,Motociclista,Masculino,NO,Sin Registro,Solo Daños,Choque,No mantener distancia de seguridad,Carrera 42 Calle 40  Sur,El Dorado,Urbana,"(6.167092824, -75.58881112)"
2172944,04/10/2017,4:00 p.m.,Miércoles,Motocicleta,Particular,Motociclista,Masculino,NO,Sin Registro,Solo Daños,Choque,No mantener distancia de seguridad,Carrera 42 Calle 40  Sur,El Dorado,Urbana,"(6.167092824, -75.58881112)"
2172935,04/10/2017,7:05 a.m.,Miércoles,Automovil,Publico,Conductor,Masculino,NO,Sin Registro,Solo Daños,Choque,No respetar pelacion de interseccion o giros,Carrera 48 Calle 37  Sur,Las Vegas,Urbana,"(6.172859211, -75.59276992)"
2172935,04/10/2017,7:05 a.m.,Miércoles,Motocicleta,Particular,Motociclista,Femenino,NO,Sin Registro,Solo Daños,Choque,No respetar pelacion de interseccion o giros,Carrera 48 Calle 37  Sur,Las Vegas,Urbana,"(6.172859211, -75.59276992)"
2172932,04/10/2017,2:00 p.m.,Miércoles,Automovil,Particular,Conductor,Femenino,NO,Sin Registro,Solo Daños,Choque,No mantener distancia de seguridad,Carrera 48 Calle 50  Sur,Las Vegas,Urbana,
2172932,04/10/2017,2:00 p.m.,Miércoles,Automovil,Particular,Conductor,Masculino,NO,Sin Registro,Solo Daños,Choque,No mantener distancia de seguridad,Carrera 48 Calle 50  Sur,Las Vegas,Urbana,
2172962,04/10/2017,6:20 a.m.,Miércoles,Automovil,Particular,Conductor,Femenino,NO,Sin Registro,Solo Daños,Choque,Exceso de velocidad,Tramo 372 Kilometro  15,Vereda Palmas,Rural,
2172962,04/10/2017,6:20 a.m.,Miércoles,Automovil,Particular,Conductor,Femenino,NO,Sin Registro,Solo Daños,Choque,Impericia en el manejo,Tramo 372 Kilometro  15,Vereda Palmas,Rural,
2172933,04/10/2017,1:20 p.m.,Miércoles,Automovil,Particular,Conductor,Masculino,NO,Sin Registro,Solo Daños,Choque,No mantener distancia de seguridad,Carrera 48 Calle 38  Sur,Las Vegas,Urbana,"(6.172747818, -75.59269817)"
2172933,04/10/2017,1:20 p.m.,Miércoles,Motocicleta,Particular,Motociclista,Masculino,NO,Sin Registro,Solo Daños,Choque,No mantener distancia de seguridad,Carrera 48 Calle 38  Sur,Las Vegas,Urbana,"(6.172747818, -75.59269817)"
2172936,04/10/2017,3:40 p.m.,Miércoles,Motocicleta,Particular,Motociclista,Masculino,NO,Sin Registro,Herido,Choque,No mantener distancia de seguridad,Carrera 50 Calle 37  Sur,Las Vegas,Urbana,
2172936,04/10/2017,3:40 p.m.,Miércoles,Motocicleta,Particular,Motociclista,Femenino,NO,Sin Registro,Herido,Choque,No mantener distancia de seguridad,Carrera 50 Calle 37  Sur,Las Vegas,Urbana,
2172928,04/10/2017,9:45 p.m.,Miércoles,Motocicleta,Particular,Motociclista,Masculino,NO,Sin Registro,Solo Daños,Choque,No respetar prelacion,Calle 36 D Sur Carrera 27 A,Vereda El Escobero,Urbana,"(6.164831751, -75.57423497)"
2172928,04/10/2017,9:45 p.m.,Miércoles,Automovil,Particular,Conductor,Femenino,NO,Sin Registro,Solo Daños,Choque,No respetar prelacion,Calle 36 D Sur Carrera 27 A,Vereda El Escobero,Urbana,"(6.164831751, -75.57423497)"
2172968,05/10/2017,12:00 p.m.,Jueves,Motocicleta,Particular,Motociclista,Masculino,NO,Sin Registro,Herido,Caida Ocupante,Impericia en el manejo,Tramo 371 Kilometro  7,Vereda El Escobero,Rural,
2172942,05/10/2017,5:05 p.m.,Jueves,Automovil,Particular,Conductor,Masculino,NO,Sin Registro,Herido,Atropello,Cruzar sin observar,Carrera 25 Calle 41 B Sur,Las Antillas,Urbana,"(6.153938687, -75.58622184)"
2172947,05/10/2017,8:20 a.m.,Jueves,Automovil,Particular,Conductor,Masculino,NO,Sin Registro,Solo Daños,Choque,No mantener distancia de seguridad,Calle 37  Sur Carrera 50,Las Vegas,Urbana,
2172947,05/10/2017,8:20 a.m.,Jueves,Automovil,Particular,Conductor,Masculino,NO,Sin Registro,Solo Daños,Choque,No mantener distancia de seguridad,Calle 37  Sur Carrera 50,Las Vegas,Urbana,
2172948,05/10/2017,6:15 p.m.,Jueves,Automovil,Publico,Conductor,Masculino,NO,Sin Registro,Solo Daños,Choque,No mantener distancia de seguridad,Calle 37  Sur Carrera 48,Las Vegas,Urbana,"(6.17412211, -75.59306111)"
2172948,05/10/2017,6:15 p.m.,Jueves,Automovil,Particular,Conductor,Masculino,NO,Sin Registro,Solo Daños,Choque,No mantener distancia de seguridad,Calle 37  Sur Carrera 48,Las Vegas,Urbana,"(6.17412211, -75.59306111)"
2172941,05/10/2017,11:20 a.m.,Jueves,Motocicleta,Particular,Motociclista,Femenino,NO,Sin Registro,Herido,Caida Ocupante,Impericia en el manejo,Carrera 27 Calle 36 D Sur,Vereda El Escobero,Urbana,"(6.167009975, -75.56927808)"
2172946,05/10/2017,7:25 a.m.,Jueves,Camioneta,Particular,Conductor,Masculino,NO,Sin Registro,Solo Daños,Choque,Girar bruscamente,Carrera 48 Calle 48  Sur,Las Vegas,Urbana,"(6.164595282, -75.60138041)"
2172946,05/10/2017,7:25 a.m.,Jueves,Automovil,Particular,Conductor,Femenino,NO,Sin Registro,Solo Daños,Choque,Girar bruscamente,Carrera 48 Calle 48  Sur,Las Vegas,Urbana,"(6.164595282, -75.60138041)"
2172965,05/10/2017,12:40 p.m.,Jueves,Camion,Particular,Conductor,Masculino,NO,Sin Registro,Solo Daños,Choque,No respetar pelacion de interseccion o giros,Calle 48 C Sur Carrera 43 A,Las Vegas,Urbana,"(6.162378903, -75.59763059)"
2172965,05/10/2017,12:40 p.m.,Jueves,Automovil,Particular,Conductor,Femenino,NO,Sin Registro,Solo Daños,Choque,Adelantar cerrando,Calle 48 C Sur Carrera 43 A,Las Vegas,Urbana,"(6.162378903, -75.59763059)"