RADICADO,FECHA,HORA,DÍA DE LA SEMANA,CLASE DE VEHICULO,TIPO DE SERVICIO,TIPO DE VICTIMA,SEXO,ESTADO DE BEODEZ,RESULTADO DE BEODEZ,GRAVEDAD,CLASE DE ACCIDENTE,CAUSA,DIRECCIÓN,BARRIO,AREA,Coordenadas
2172965,05/10/2017,12:40 p.m.,Jueves,Automovil,Particular,Conductor,Femenino,NO,Sin Registro,Solo Daños,Choque,No respetar pelacion de interseccion o giros,Calle 48 C Sur Carrera 43 A,Las Vegas,Urbana,"(6.162378903, -75.59763059)"
2172965,05/10/2017,12:40 p.m.,Jueves,Camion,Particular,Conductor,Masculino,NO,Sin Registro,Solo Daños,Choque,Adelantar cerrando,Calle 48 C Sur Carrera 43 A,Las Vegas,Urbana,"(6.162378903, -75.59763059)"
2172943,05/10/2017,12:30 a.m.,Jueves,Automovil,Particular,Conductor,Masculino,NO,Sin Registro,Solo Daños,Choque,Exceso de velocidad,Tramo 372 Kilometro  13,Vereda Palmas,Rural,
2172984,05/10/2017,3:50 p.m.,Jueves,Camioneta,Particular,Conductor,Masculino,NO,Sin Registro,Herido,Choque,Adelantar en zona prohibida,Calle 39  Sur Carrera 30,Mesa,Urbana,"(6.164074861, -75.58143628)"
2172984,05/10/2017,3:50 p.m.,Jueves,Motocicleta,Particular,Motociclista,Masculino,NO,Sin Registro,Herido,Choque,Adelantar en zona prohibida,Calle 39  Sur Carrera 30,Mesa,Urbana,"(6.164074861, -75.58143628)"
2172970,06/10/2017,7:30 p.m.,Viernes,Camioneta,Particular,Conductor,Masculino,NO,Sin Registro,Herido,Atropello,Poner en marcha un vehiculo sin precauci,Calle 40 D Sur Carrera 41,El Dorado,Urbana,"(6.166064898, -75.58871538)"
2172961,06/10/2017,10:10 a.m.,Viernes,Automovil,Particular,Conductor,Masculino,NO,Sin Registro,Solo Daños,Choque,No mantener distancia de seguridad,Calle 49  Sur Carrera 43 A,Las Casitas,Urbana,"(6.160925818, -75.59998009)"
2172961,06/10/2017,10:10 a.m.,Viernes,Camion,Publico,Conductor,Masculino,NO,Sin Registro,Solo Daños,Choque,No mantener distancia de seguridad,Calle 49  Sur Carrera 43 A,Las Casitas,Urbana,"(6.160925818, -75.59998009)"
2172951,06/10/2017,8:10 p.m.,Viernes,Motocicleta,Particular,Motociclista,Masculino,NO,Sin Registro,Solo Daños,Choque,Adelantar por la derecha,Calle 33 B Sur Carrera 43 A,San Marcos,Urbana,"(6.173429457, -75.58671662)"
2172951,06/10/2017,8:10 p.m.,Viernes,Camioneta,Particular,Conductor,Femenino,NO,Sin Registro,Solo Daños,Choque,Adelantar por la derecha,Calle 33 B Sur Carrera 43 A,San Marcos,Urbana,"(6.173429457, -75.58671662)"
2172986,06/10/2017,11:20 a.m.,Viernes,Automovil,Particular,Conductor,Masculino,NO,Sin Registro,Solo Daños,Choque,Girar bruscamente,Calle 44  Sur Carrera 41,El Dorado,Urbana,"(6.164161335, -75.5915997)"
2172986,06/10/2017,11:20 a.m.,Viernes,Motocicleta,Particular,Motociclista,Masculino,NO,Sin Registro,Solo Daños,Choque,Girar bruscamente,Calle 44  Sur Carrera 41,El Dorado,Urbana,"(6.164161335, -75.5915997)"
2172969,06/10/2017,8:35 a.m.,Viernes,Motocicleta,Diplomatico,Motociclista,Masculino,NO,Sin Registro,Herido,Choque,Poner en marcha un vehiculo sin precauci,Carrera 43 A Calle 50 D Sur,Avenida El Poblado,Urbana,"(6.160125495, -75.60207899)"
2172969,06/10/2017,8:35 a.m.,Viernes,Automovil,Particular,Conductor,Masculino,NO,Sin Registro,Herido,Choque,Poner en marcha un vehiculo sin precauci,Carrera 43 A Calle 50 D Sur,Avenida El Poblado,Urbana,"(6.160125495, -75.60207899)"
2172966,06/10/2017,2:30 a.m.,Viernes,Automovil,Publico,Conductor,Masculino,NO,Sin Registro,Solo Daños,Choque,Semaforo en rojo,Carrera 43 A Calle 25 A Sur,Las Orquideas,Urbana,"(6.181504184, -75.5817415)"
2172966,06/10/2017,2:30 a.m.,Viernes,Automovil,Particular,Conductor,Masculino,NO,Sin Registro,Solo Daños,Choque,Semaforo en rojo,Carrera 43 A Calle 25 A Sur,Las Orquideas,Urbana,"(6.181504184, -75.5817415)"
2172954,06/10/2017,9:20 p.m.,Viernes,Motocicleta,Particular,Motociclista,Masculino,SI,3,Herido,Choque,Transitar entre vehiculos,Carrera 50 Calle 37  Sur,Las Vegas,Urbana,
2172954,06/10/2017,9:20 p.m.,Viernes,Motocicleta,Particular,Motociclista,Masculino,NO,Sin Registro,Herido,Choque,Embriaguez o droga,Carrera 50 Calle 37  Sur,Las Vegas,Urbana,
2172954,06/10/2017,9:20 p.m.,Viernes,Motocicleta,Particular,Motociclista,Masculino,NO,Sin Registro,Herido,Choque,Transitar entre vehiculos,Carrera 50 Calle 37  Sur,Las Vegas,Urbana,
2172954,06/10/2017,9:20 p.m.,Viernes,Automovil,Particular,Conductor,Femenino,NO,Sin Registro,Herido,Choque,Embriaguez o droga,Carrera 50 Calle 37  Sur,Las Vegas,Urbana,
2172954,06/10/2017,9:20 p.m.,Viernes,Automovil,Particular,Conductor,Femenino,NO,Sin Registro,Herido,Choque,Transitar entre vehiculos,Carrera 50 Calle 37  Sur,Las Vegas,Urbana,
2172954,06/10/2017,9:20 p.m.,Viernes,Automovil,Publico,Conductor,Masculino,NO,Sin Registro,Herido,Choque,Embriaguez o droga,Carrera 50 Calle 37  Sur,Las Vegas,Urbana,
2172954,06/10/2017,9:20 p.m.,Viernes,Automovil,Publico,Conductor,Masculino,NO,Sin Registro,Herido,Choque,Transitar entre vehiculos,Carrera 50 Calle 37  Sur,Las Vegas,Urbana,
2172954,06/10/2017,9:20 p.m.,Viernes,Motocicleta,Particular,Motociclista,Masculino,SI,3,Herido,Choque,Embriaguez o droga,Carrera 50 Calle 37  Sur,Las Vegas,Urbana,
2172971,06/10/2017,3:40 p.m.,Viernes,Motocicleta,Particular,Motociclista,Masculino,NO,Sin Registro,Herido,Choque,Adelantar en zona prohibida,Calle 39  Sur Carrera 27 B,El Chinguí,Urbana,"(6.159217585, -75.57883462)"
2172971,06/10/2017,3:40 p.m.,Viernes,Camion,Publico,Conductor,Masculino,NO,Sin Registro,Herido,Choque,Adelantar en zona prohibida,Calle 39  Sur Carrera 27 B,El Chinguí,Urbana,"(6.159217585, -75.57883462)"
2172972,06/10/2017,6:55 a.m.,Viernes,Motocicleta,Particular,Motociclista,Femenino,NO,Sin Registro,Herido,Atropello,Cruzar sin observar,Carrera 43 A Calle 24  Sur,Zuñiga,Urbana,"(6.181523119, -75.58079162)"
2172955,06/10/2017,5:41 p.m.,Viernes,Bus,Publico,Conductor,Masculino,NO,Sin Registro,Solo Daños,Choque,No respetar pelacion de interseccion o giros,Carrera 48 Calle 50  Sur,Las Vegas,Urbana,
2172955,06/10/2017,5:41 p.m.,Viernes,Automovil,Particular,Conductor,Masculino,NO,Sin Registro,Solo Daños,Choque,No respetar prelacion,Carrera 48 Calle 50  Sur,Las Vegas,Urbana,
2172955,06/10/2017,5:41 p.m.,Viernes,Automovil,Particular,Conductor,Masculino,NO,Sin Registro,Solo Daños,Choque,No respetar pelacion de interseccion o giros,Carrera 48 Calle 50  Sur,Las Vegas,Urbana,
2172955,06/10/2017,5:41 p.m.,Viernes,Bus,Publico,Conductor,Masculino,NO,Sin Registro,Solo Daños,Choque,No respetar prelacion,Carrera 48 Calle 50  Sur,Las Vegas,Urbana,
2172956,07/10/2017,1:10 p.m.,Sábado,Automovil,Particular,Conductor,Masculino,NO,Sin Registro,Solo Daños,Choque,Obstaculos en la via,Carrera 43 A Calle 35  Sur,Zona Centro,Urbana,"(6.172381022, -75.58730875)"
2172960,07/10/2017,12:05 a.m.,Sábado,Automovil,Particular,Conductor,Masculino,NO,Sin Registro,Solo Daños,Choque,Reverso imprudente,Calle 35  Sur Carrera 42,Zona Centro,Urbana,"(6.17174158, -75.58606857)"
2172960,07/10/2017,12:05 a.m.,Sábado,Camioneta,Particular,Conductor,Masculino,NO,Sin Registro,Solo Daños,Choque,Reverso imprudente,Calle 35  Sur Carrera 42,Zona Centro,Urbana,"(6.17174158, -75.58606857)"
2172949,07/10/2017,8:15 a.m.,Sábado,Automovil,Publico,Conductor,Masculino,NO,Sin Registro,Solo Daños,Choque,Vehiculo mal estacionado,Carrera 32 Calle 38  Sur,Mesa,Urbana,"(6.165895782, -75.58156385)"
2172949,07/10/2017,8:15 a.m.,Sábado,Automovil,Particular,Conductor,Masculino,NO,Sin Registro,Solo Daños,Choque,No mantener distancia de seguridad,Carrera 32 Calle 38  Sur,Mesa,Urbana,"(6.165895782, -75.58156385)"
2172949,07/10/2017,8:15 a.m.,Sábado,Automovil,Particular,Conductor,Masculino,NO,Sin Registro,Solo Daños,Choque,Vehiculo mal estacionado,Carrera 32 Calle 38  Sur,Mesa,Urbana,"(6.165895782, -75.58156385)"
2172949,07/10/2017,8:15 a.m.,Sábado,Automovil,Publico,Conductor,Masculino,NO,Sin Registro,Solo Daños,Choque,No mantener distancia de seguridad,Carrera 32 Calle 38  Sur,Mesa,Urbana,"(6.165895782, -75.58156385)"
2172973,07/10/2017,6:30 a.m.,Sábado,Motocicleta,Particular,Motociclista,Masculino,NO,Sin Registro,Herido,Atropello,Cruzar sin observar,Calle 37  Sur Carrera 48,Las Vegas,Urbana,"(6.17412211, -75.59306111)"
2172957,07/10/2017,1:30 p.m.,Sábado,Automovil,Particular,Conductor,Masculino,NO,Sin Registro,Solo Daños,Choque,No mantener distancia de seguridad,Carrera 48 Calle 40  Sur,Las Vegas,Urbana,"(6.168855316, -75.59688767)"
2172957,07/10/2017,1:30 p.m.,Sábado,Automovil,Particular,Conductor,Femenino,NO,Sin Registro,Solo Daños,Choque,Falta de mantenimiento mecanico,Carrera 48 Calle 40  Sur,Las Vegas,Urbana,"(6.168855316, -75.59688767)"
2172957,07/10/2017,1:30 p.m.,Sábado,Automovil,Particular,Conductor,Femenino,NO,Sin Registro,Solo Daños,Choque,No mantener distancia de seguridad,Carrera 48 Calle 40  Sur,Las Vegas,Urbana,"(6.168855316, -75.59688767)"
2172957,07/10/2017,1:30 p.m.,Sábado,Automovil,Particular,Conductor,Masculino,NO,Sin Registro,Solo Daños,Choque,Falta de mantenimiento mecanico,Carrera 48 Calle 40  Sur,Las Vegas,Urbana,"(6.168855316, -75.59688767)"
2172992,07/10/2017,9:40 a.m.,Sábado,Automovil,Particular,Conductor,Masculino,NO,Sin Registro,Solo Daños,Choque,No mantener distancia de seguridad,Calle 37 B Sur Carrera 27 E,Loma De Las Brujas,Urbana,"(6.159428343, -75.57378869)"
2172992,07/10/2017,9:40 a.m.,Sábado,Automovil,Particular,Conductor,Femenino,NO,Sin Registro,Solo Daños,Choque,No mantener distancia de seguridad,Calle 37 B Sur Carrera 27 E,Loma De Las Brujas,Urbana,"(6.159428343, -75.57378869)"
2172964,07/10/2017,12:45 p.m.,Sábado,Automovil,Publico,Conductor,Masculino,NO,Sin Registro,Solo Daños,Choque,No respetar prelacion,Calle 36 D Sur Carrera 27 A,Vereda El Escobero,Urbana,"(6.164831751, -75.57423497)"
2172964,07/10/2017,12:45 p.m.,Sábado,Automovil,Particular,Conductor,Femenino,NO,Sin Registro,Solo Daños,Choque,No respetar prelacion,Calle 36 D Sur Carrera 27 A,Vereda El Escobero,Urbana,"(6.164831751, -75.57423497)"
2172959,07/10/2017,10:30 p.m.,Sábado,Automovil,Particular,Conductor,Masculino,NO,Sin Registro,Solo Daños,Choque,Transitar entre vehiculos,Carrera 43 A Calle 28  Sur,Zuñiga,Urbana,"(6.178334276, -75.58444919)"
2172959,07/10/2017,10:30 p.m.,Sábado,Motocicleta,Particular,Motociclista,Masculino,NO,Sin Registro,Solo Daños,Choque,Transitar entre vehiculos,Carrera 43 A Calle 28  Sur,Zuñiga,Urbana,"(6.178334276, -75.58444919)"
2172953,07/10/2017,3:50 p.m.,Sábado,Automovil,Particular,Conductor,Masculino,NO,Sin Registro,Solo Daños,Choque,Impericia en el manejo,Calle 32  Sur Carrera 47,El Portal,Urbana,"(6.17760103, -75.58948258)"
2172953,07/10/2017,3:50 p.m.,Sábado,Automovil,Particular,Conductor,Femenino,NO,Sin Registro,Solo Daños,Choque,Impericia en el manejo,Calle 32  Sur Carrera 47,El Portal,Urbana,"(6.17760103, -75.58948258)"
2172967,08/10/2017,5:00 a.m.,Domingo,Automovil,Particular,Conductor,Masculino,NO,Sin Registro,Herido,Choque,No respetar pelacion de interseccion o giros,Carrera 48 Calle 37  Sur,Las Vegas,Urbana,"(6.172859211, -75.59276992)"
2173038,10/13/2017,2:45 p.m.,Viernes,Automovil,Publico,Conductor,Masculino,NO,Sin Registro,Solo Daños,Choque,Adelantar por la derecha,Tramo 372 Kilometro  16,Vereda Palmas,Rural,
2172967,08/10/2017,5:00 a.m.,Domingo,Motocicleta,Particular,Motociclista,Masculino,NO,Sin Registro,Herido,Choque,No respetar pelacion de interseccion o giros,Carrera 48 Calle 37  Sur,Las Vegas,Urbana,"(6.172859211, -75.59276992)"
2172977,08/10/2017,6:00 p.m.,Domingo,Automovil,Publico,Conductor,Masculino,NO,Sin Registro,Solo Daños,Choque,Adelantar cerrando,Calle 25  Sur Carrera 43,Las Orquideas,Urbana,"(6.181560189, -75.58201649)"
2172977,08/10/2017,6:00 p.m.,Domingo,Motocicleta,Particular,Motociclista,Masculino,NO,Sin Registro,Solo Daños,Choque,Adelantar cerrando,Calle 25  Sur Carrera 43,Las Orquideas,Urbana,"(6.181560189, -75.58201649)"
2172950,08/10/2017,3:00 p.m.,Domingo,Camioneta,Particular,Conductor,Masculino,NO,Sin Registro,Solo Daños,Choque,Impericia en el manejo,Diagonal 32 D Transversal 31  Sur,La Magnolia,Urbana,"(6.176384961, -75.58429424)"
2172950,08/10/2017,3:00 p.m.,Domingo,Motocicleta,Particular,Motociclista,Masculino,NO,Sin Registro,Solo Daños,Choque,Impericia en el manejo,Diagonal 32 D Transversal 31  Sur,La Magnolia,Urbana,"(6.176384961, -75.58429424)"
2172985,08/10/2017,1:15 p.m.,Domingo,Automovil,Particular,Conductor,Femenino,NO,Sin Registro,Herido,Choque,No respetar prelacion,Tramo 373 Kilometro  10,Vereda Palmas,Rural,
2172985,08/10/2017,1:15 p.m.,Domingo,Motocicleta,Particular,Motociclista,Masculino,NO,Sin Registro,Herido,Choque,No respetar prelacion,Tramo 373 Kilometro  10,Vereda Palmas,Rural,
2172993,08/10/2017,12:20 p.m.,Domingo,Camioneta,Particular,Conductor,Masculino,NO,Sin Registro,Solo Daños,Choque,No mantener distancia de seguridad,Tramo 372 Kilometro  15,Vereda Palmas,Rural,
2172993,08/10/2017,12:20 p.m.,Domingo,Automovil,Particular,Conductor,Femenino,NO,Sin Registro,Solo Daños,Choque,No mantener distancia de seguridad,Tramo 372 Kilometro  15,Vereda Palmas,Rural,
2172952,08/10/2017,1:30 p.m.,Domingo,Automovil,Diplomatico,Conductor,Masculino,NO,Sin Registro,Solo Daños,Choque,Reverso imprudente,Calle 36  Sur Carrera 43 A,San Marcos,Urbana,"(6.171868319, -75.58774823)"
2172952,08/10/2017,1:30 p.m.,Domingo,Camioneta,Particular,Conductor,Masculino,NO,Sin Registro,Solo Daños,Choque,Reverso imprudente,Calle 36  Sur Carrera 43 A,San Marcos,Urbana,"(6.171868319, -75.58774823)"
2172958,08/10/2017,6:40 a.m.,Domingo,Motocicleta,Particular,Motociclista,Masculino,NO,Sin Registro,Herido,Choque,Semaforo en rojo,Carrera 40 Calle 39  Sur,Zona Centro,Urbana,"(6.16729029, -75.58669133)"
2172958,08/10/2017,6:40 a.m.,Domingo,Automovil,Particular,Conductor,Masculino,NO,Sin Registro,Herido,Choque,Semaforo en rojo,Carrera 40 Calle 39  Sur,Zona Centro,Urbana,"(6.16729029, -75.58669133)"
2172958,08/10/2017,6:40 a.m.,Domingo,Motocicleta,Particular,Motociclista,Masculino,NO,Sin Registro,Herido,Choque,Semaforo en rojo,Carrera 40 Calle 39  Sur,Zona Centro,Urbana,"(6.16729029, -75.58669133)"
2172963,08/10/2017,8:30 a.m.,Domingo,Automovil,Particular,Conductor,Femenino,NO,Sin Registro,Solo Daños,Choque,No mantener distancia de seguridad,Carrera 43 A Calle 48 C Sur,Las Casitas,Urbana,"(6.162218777, -75.59764446)"
2172963,08/10/2017,8:30 a.m.,Domingo,Motocicleta,Particular,Motociclista,Masculino,NO,Sin Registro,Solo Daños,Choque,No mantener distancia de seguridad,Carrera 43 A Calle 48 C Sur,Las Casitas,Urbana,"(6.162218777, -75.59764446)"
2172975,08/10/2017,5:40 p.m.,Domingo,Automovil,Particular,Conductor,Masculino,NO,Sin Registro,Herido,Choque,Adelantar por la derecha,Carrera 29 A Calle 38  Sur,San Jose,Urbana,"(6.16496822, -75.58082836)"
2172975,08/10/2017,5:40 p.m.,Domingo,Motocicleta,Particular,Motociclista,Masculino,NO,Sin Registro,Herido,Choque,Adelantar por la derecha,Carrera 29 A Calle 38  Sur,San Jose,Urbana,"(6.16496822, -75.58082836)"
2172974,08/10/2017,10:55 p.m.,Domingo,Motocicleta,Particular,Motociclista,Masculino,NO,Sin Registro,Herido,Choque,Adelantar por la derecha,Carrera 48 Calle 25 A Sur,Las Vegas,Urbana,"(6.184740152, -75.58365742)"
2172974,08/10/2017,10:55 p.m.,Domingo,Automovil,Particular,Conductor,Masculino,NO,Sin Registro,Herido,Choque,Adelantar por la derecha,Carrera 48 Calle 25 A Sur,Las Vegas,Urbana,"(6.184740152, -75.58365742)"
2172991,08/10/2017,11:50 p.m.,Domingo,Motocicleta,Particular,Motociclista,Masculino,NO,Sin Registro,Solo Daños,Choque,Exceso de velocidad,Carrera 43 A Calle 50  Sur,Las Casitas,Urbana,"(6.160125495, -75.60207899)"
2172991,08/10/2017,11:50 p.m.,Domingo,Automovil,Particular,Conductor,Masculino,NO,Sin Registro,Solo Daños,Choque,No mantener distancia de seguridad,Carrera 43 A Calle 50  Sur,Las Casitas,Urbana,"(6.160125495, -75.60207899)"
2173108,10/20/2017,9:10 p.m.,Viernes,Motocicleta,Particular,Motociclista,Femenino,NO,Sin Registro,Herido,Choque,Desobedecer senales,Carrera 50 Calle 37  Sur,Las Vegas,Urbana,
2172991,08/10/2017,11:50 p.m.,Domingo,Automovil,Particular,Conductor,Masculino,NO,Sin Registro,Solo Daños,Choque,Exceso de velocidad,Carrera 43 A Calle 50  Sur,Las Casitas,Urbana,"(6.160125495, -75.60207899)"
2172991,08/10/2017,11:50 p.m.,Domingo,Motocicleta,Particular,Motociclista,Masculino,NO,Sin Registro,Solo Daños,Choque,No mantener distancia de seguridad,Carrera 43 A Calle 50  Sur,Las Casitas,Urbana,"(6.160125495, -75.60207899)"
2172991,08/10/2017,11:50 p.m.,Domingo,Motocicleta,Particular,Motociclista,Masculino,NO,Sin Registro,Solo Daños,Choque,Exceso de velocidad,Carrera 43 A Calle 50  Sur,Las Casitas,Urbana,"(6.160125495, -75.60207899)"
2172991,08/10/2017,11:50 p.m.,Domingo,Motocicleta,Particular,Motociclista,Masculino,NO,Sin Registro,Solo Daños,Choque,No mantener distancia de seguridad,Carrera 43 A Calle 50  Sur,Las Casitas,Urbana,"(6.160125495, -75.60207899)"
2172990,09/10/2017,7:00 p.m.,Lunes,Camion,Oficial,Conductor,Masculino,NO,Sin Registro,Herido,Choque,No respetar prelacion,Calle 38 A Sur Carrera 40,Zona Centro,Urbana,"(6.168097144, -75.58630781)"
2172990,09/10/2017,7:00 p.m.,Lunes,Motocicleta,Particular,Motociclista,Masculino,NO,Sin Registro,Herido,Choque,No respetar pelacion de interseccion o giros,Calle 38 A Sur Carrera 40,Zona Centro,Urbana,"(6.168097144, -75.58630781)"
2172990,09/10/2017,7:00 p.m.,Lunes,Motocicleta,Particular,Motociclista,Masculino,NO,Sin Registro,Herido,Choque,No respetar prelacion,Calle 38 A Sur Carrera 40,Zona Centro,Urbana,"(6.168097144, -75.58630781)"
2172990,09/10/2017,7:00 p.m.,Lunes,Camion,Oficial,Conductor,Masculino,NO,Sin Registro,Herido,Choque,No respetar pelacion de interseccion o giros,Calle 38 A Sur Carrera 40,Zona Centro,Urbana,"(6.168097144, -75.58630781)"
2172996,09/10/2017,8:00 a.m.,Lunes,Campero,Particular,Conductor,Femenino,NO,Sin Registro,Solo Daños,Choque,Desobedecer senales,Carrera 45 A Calle 36  Sur,San Marcos,Urbana,"(6.172729696, -75.58933958)"
2172996,09/10/2017,8:00 a.m.,Lunes,Automovil,Particular,Conductor,Masculino,NO,Sin Registro,Solo Daños,Choque,Desobedecer senales,Carrera 45 A Calle 36  Sur,San Marcos,Urbana,"(6.172729696, -75.58933958)"
2172983,09/10/2017,6:05 p.m.,Lunes,Camioneta,Particular,Conductor,Masculino,NO,Sin Registro,Solo Daños,Choque,Reverso imprudente,Carrera 39 D Calle 45 A Sur,Las Antillas,Urbana,"(6.161179491, -75.59142563)"
2172983,09/10/2017,6:05 p.m.,Lunes,Automovil,Particular,Conductor,Masculino,NO,Sin Registro,Solo Daños,Choque,Reverso imprudente,Carrera 39 D Calle 45 A Sur,Las Antillas,Urbana,"(6.161179491, -75.59142563)"
2172978,09/10/2017,6:30 a.m.,Lunes,Camion,Publico,Conductor,Masculino,NO,Sin Registro,Solo Daños,Choque,No mantener distancia de seguridad,Calle 37  Sur Carrera 49,Las Vegas,Urbana,"(6.174789471, -75.59420424)"
2172978,09/10/2017,6:30 a.m.,Lunes,Automovil,Publico,Conductor,Masculino,NO,Sin Registro,Solo Daños,Choque,No mantener distancia de seguridad,Calle 37  Sur Carrera 49,Las Vegas,Urbana,"(6.174789471, -75.59420424)"
2172989,09/10/2017,5:20 p.m.,Lunes,Camioneta,Particular,Conductor,Femenino,NO,Sin Registro,Solo Daños,Choque,No mantener distancia de seguridad,Diagonal 31 E Transversal 34  Sur,Los Naranjos,Urbana,"(6.172689669, -75.57882729)"
2172989,09/10/2017,5:20 p.m.,Lunes,Motocicleta,Particular,Motociclista,Masculino,NO,Sin Registro,Solo Daños,Choque,No mantener distancia de seguridad,Diagonal 31 E Transversal 34  Sur,Los Naranjos,Urbana,"(6.172689669, -75.57882729)"
2173000,09/10/2017,11:30 a.m.,Lunes,Bus,Publico,Conductor,Masculino,NO,Sin Registro,Herido,Choque,Adelantar cerrando,Carrera 43 A Calle 40  Sur,Alcala,Urbana,"(6.168044687, -75.59026877)"
2173000,09/10/2017,11:30 a.m.,Lunes,Motocicleta,Particular,Motociclista,Masculino,NO,Sin Registro,Herido,Choque,Adelantar cerrando,Carrera 43 A Calle 40  Sur,Alcala,Urbana,"(6.168044687, -75.59026877)"
2172980,09/10/2017,3:30 p.m.,Lunes,Camioneta,Particular,Conductor,Masculino,NO,Sin Registro,Solo Daños,Choque,No mantener distancia de seguridad,Carrera 50 Calle 43  Sur,Las Vegas,Urbana,
2172980,09/10/2017,3:30 p.m.,Lunes,Camioneta,Publico,Conductor,Masculino,NO,Sin Registro,Solo Daños,Choque,No mantener distancia de seguridad,Carrera 50 Calle 43  Sur,Las Vegas,Urbana,
2172980,09/10/2017,3:30 p.m.,Lunes,Automovil,Particular,Conductor,Masculino,NO,Sin Registro,Solo Daños,Choque,No mantener distancia de seguridad,Carrera 50 Calle 43  Sur,Las Vegas,Urbana,
2172987,09/10/2017,4:30 p.m.,Lunes,Automovil,Particular,Conductor,Femenino,NO,Sin Registro,Solo Daños,Choque,Adelantar en zona prohibida,Carrera 43 A Calle 29  Sur,San Marcos,Urbana,"(6.177803112, -75.5845555)"
2172987,09/10/2017,4:30 p.m.,Lunes,Automovil,Particular,Conductor,Masculino,NO,Sin Registro,Solo Daños,Choque,Adelantar en zona prohibida,Carrera 43 A Calle 29  Sur,San Marcos,Urbana,"(6.177803112, -75.5845555)"
2172976,09/10/2017,9:40 p.m.,Lunes,Camioneta,Publico,Conductor,Masculino,NO,Sin Registro,Solo Daños,Choque,Reverso imprudente,Calle 40 B Sur Carrera 38,El Dorado,Urbana,"(6.16165565, -75.58337936)"
2172976,09/10/2017,9:40 p.m.,Lunes,Bus,Publico,Conductor,Masculino,NO,Sin Registro,Solo Daños,Choque,Reverso imprudente,Calle 40 B Sur Carrera 38,El Dorado,Urbana,"(6.16165565, -75.58337936)"
2172994,09/10/2017,9:40 p.m.,Lunes,Motocicleta,Particular,Motociclista,Masculino,NO,Sin Registro,Solo Daños,Choque,Adelantar en zona prohibida,Calle 36 D Sur Carrera 27,Vereda El Escobero,Urbana,"(6.162479576, -75.57022257)"
2172994,09/10/2017,9:40 p.m.,Lunes,Camioneta,Particular,Conductor,Femenino,NO,Sin Registro,Solo Daños,Choque,Adelantar en zona prohibida,Calle 36 D Sur Carrera 27,Vereda El Escobero,Urbana,"(6.162479576, -75.57022257)"
2172979,09/10/2017,9:40 a.m.,Lunes,Camion,Particular,Conductor,Masculino,NO,Sin Registro,Solo Daños,Choque,Reverso imprudente,Carrera 27 B Calle 37 B Sur,Loma De Las Brujas,Urbana,"(6.16039455, -75.57544421)"
2172979,09/10/2017,9:40 a.m.,Lunes,Camioneta,Particular,Conductor,Masculino,NO,Sin Registro,Solo Daños,Choque,Reverso imprudente,Carrera 27 B Calle 37 B Sur,Loma De Las Brujas,Urbana,"(6.16039455, -75.57544421)"
2172982,09/10/2017,10:42 a.m.,Lunes,Automovil,Particular,Conductor,Femenino,NO,Sin Registro,Herido,Choque,Desobedecer senales,Transversal 32 C Sur Diagonal 33,La Magnolia,Urbana,"(6.174173828, -75.58525837)"
2172982,09/10/2017,10:42 a.m.,Lunes,Motocicleta,Particular,Motociclista,Femenino,NO,Sin Registro,Herido,Choque,Desobedecer senales,Transversal 32 C Sur Diagonal 33,La Magnolia,Urbana,"(6.174173828, -75.58525837)"
2172981,09/10/2017,4:50 p.m.,Lunes,Bus,Publico,Conductor,Masculino,NO,Sin Registro,Solo Daños,Choque,Girar bruscamente,Carrera 43 A Calle 45 B Sur,La Paz,Urbana,"(6.164786739, -75.59493527)"
2172981,09/10/2017,4:50 p.m.,Lunes,Automovil,Publico,Conductor,Masculino,NO,Sin Registro,Solo Daños,Choque,Adelantar cerrando,Carrera 43 A Calle 45 B Sur,La Paz,Urbana,"(6.164786739, -75.59493527)"
2172981,09/10/2017,4:50 p.m.,Lunes,Automovil,Publico,Conductor,Masculino,NO,Sin Registro,Solo Daños,Choque,Girar bruscamente,Carrera 43 A Calle 45 B Sur,La Paz,Urbana,"(6.164786739, -75.59493527)"
2172981,09/10/2017,4:50 p.m.,Lunes,Bus,Publico,Conductor,Masculino,NO,Sin Registro,Solo Daños,Choque,Adelantar cerrando,Carrera 43 A Calle 45 B Sur,La Paz,Urbana,"(6.164786739, -75.59493527)"
2172998,10/10/2017,8:00 a.m.,Martes,Motocicleta,Particular,Motociclista,Masculino,NO,Sin Registro,Solo Daños,Choque,Adelantar por la derecha,Tramo 372 Kilometro  14,Vereda Palmas,Rural,
2172998,10/10/2017,8:00 a.m.,Martes,Camioneta,Publico,Conductor,Masculino,NO,Sin Registro,Solo Daños,Choque,Adelantar por la derecha,Tramo 372 Kilometro  14,Vereda Palmas,Rural,
2172988,10/10/2017,9:00 a.m.,Martes,Bicicleta,Sin Registro,Ciclista,Masculino,NO,Sin Registro,Herido,Choque,Impericia en el manejo,Transversal 36  Sur Diagonal 32,Los Naranjos,Urbana,"(6.168381521, -75.58064456)"
2172988,10/10/2017,9:00 a.m.,Martes,Automovil,Particular,Conductor,Masculino,NO,Sin Registro,Herido,Choque,Impericia en el manejo,Transversal 36  Sur Diagonal 32,Los Naranjos,Urbana,"(6.168381521, -75.58064456)"
2173001,10/10/2017,4:00 p.m.,Martes,Camion,Particular,Conductor,Masculino,NO,Sin Registro,Solo Daños,Choque,Impericia en el manejo,Calle 37  Sur Carrera 43 A,Zona Centro,Urbana,"(6.171151654, -75.58815663)"