RADICADO,FECHA,HORA,DÍA DE LA SEMANA,CLASE DE VEHICULO,TIPO DE SERVICIO,TIPO DE VICTIMA,SEXO,ESTADO DE BEODEZ,RESULTADO DE BEODEZ,GRAVEDAD,CLASE DE ACCIDENTE,CAUSA,DIRECCIÓN,BARRIO,AREA,Coordenadas
2173084,10/15/2017,4:33 p.m.,Domingo,Motocicleta,Particular,Motociclista,Femenino,NO,Sin Registro,Herido,Choque,Desobedecer senales,Carrera 48 Calle 34  Sur,Las Vegas,Urbana,"(6.175414344, -75.59078218)"
2173084,10/15/2017,4:33 p.m.,Domingo,Automovil,Publico,Conductor,Masculino,NO,Sin Registro,Herido,Choque,Girar bruscamente,Carrera 48 Calle 34  Sur,Las Vegas,Urbana,"(6.175414344, -75.59078218)"
2173037,10/15/2017,5:30 p.m.,Domingo,Automovil,Particular,Conductor,Masculino,NO,Sin Registro,Solo Daños,Choque,No mantener distancia de seguridad,Calle 37  Sur Carrera 48,Alcala,Urbana,"(6.17412211, -75.59306111)"
2173037,10/15/2017,5:30 p.m.,Domingo,Motocicleta,Particular,Motociclista,Masculino,NO,Sin Registro,Solo Daños,Choque,No mantener distancia de seguridad,Calle 37  Sur Carrera 48,Alcala,Urbana,"(6.17412211, -75.59306111)"
2173029,10/15/2017,12:50 p.m.,Domingo,Buseta,Publico,Conductor,Masculino,NO,Sin Registro,Muerto,Choque,Exceso de velocidad,Calle 48 EE Sur Carrera 42 BB,Loma Del Barro,Urbana,
2173029,10/15/2017,12:50 p.m.,Domingo,Motocicleta,Oficial,Motociclista,Masculino,NO,Sin Registro,Muerto,Choque,Adelantar invadiendo carril del mismo sentido en zigzag,Calle 48 EE Sur Carrera 42 BB,Loma Del Barro,Urbana,
2173029,10/15/2017,12:50 p.m.,Domingo,Motocicleta,Oficial,Motociclista,Masculino,NO,Sin Registro,Muerto,Choque,Exceso de velocidad,Calle 48 EE Sur Carrera 42 BB,Loma Del Barro,Urbana,
2173029,10/15/2017,12:50 p.m.,Domingo,Buseta,Publico,Conductor,Masculino,NO,Sin Registro,Muerto,Choque,Adelantar invadiendo carril del mismo sentido en zigzag,Calle 48 EE Sur Carrera 42 BB,Loma Del Barro,Urbana,
2173100,10/16/2017,1:00 p.m.,Lunes,Automovil,Particular,Conductor,Femenino,NO,Sin Registro,Solo Daños,Choque,Desobedecer senales,Tramo 373 Kilometro  8,Vereda Palmas,Rural,
2173100,10/16/2017,1:00 p.m.,Lunes,Campero,Particular,Conductor,Masculino,NO,Sin Registro,Solo Daños,Choque,Desobedecer senales,Tramo 373 Kilometro  8,Vereda Palmas,Rural,
2173065,10/16/2017,11:00 a.m.,Lunes,Motocicleta,Particular,Motociclista,Masculino,NO,Sin Registro,Herido,Caida Ocupante,Impericia en el manejo,Carrera 50 Calle 30  Sur,Las Vegas,Urbana,
2173064,10/16/2017,4:15 p.m.,Lunes,Bus,Publico,Conductor,Masculino,NO,Sin Registro,Herido,Caida Ocupante,Poner en marcha un vehiculo sin precauci,Diagonal 40 Transversal 33  Sur,La Magnolia,Urbana,"(6.173507784, -75.58545751)"
2173028,10/16/2017,2:15 p.m.,Lunes,Automovil,Particular,Conductor,Masculino,NO,Sin Registro,Solo Daños,Choque,Adelantar cerrando,Diagonal 31 Transversal 36 A,La Sebastiana,Urbana,"(6.167967817, -75.58028177)"
2173028,10/16/2017,2:15 p.m.,Lunes,Automovil,Particular,Conductor,Femenino,NO,Sin Registro,Solo Daños,Choque,Impericia en el manejo,Diagonal 31 Transversal 36 A,La Sebastiana,Urbana,"(6.167967817, -75.58028177)"
2173028,10/16/2017,2:15 p.m.,Lunes,Automovil,Particular,Conductor,Femenino,NO,Sin Registro,Solo Daños,Choque,Adelantar cerrando,Diagonal 31 Transversal 36 A,La Sebastiana,Urbana,"(6.167967817, -75.58028177)"
2173028,10/16/2017,2:15 p.m.,Lunes,Automovil,Particular,Conductor,Masculino,NO,Sin Registro,Solo Daños,Choque,Impericia en el manejo,Diagonal 31 Transversal 36 A,La Sebastiana,Urbana,"(6.167967817, -75.58028177)"
2173028,10/16/2017,2:15 p.m.,Lunes,Automovil,Particular,Conductor,Masculino,NO,Sin Registro,Solo Daños,Choque,Adelantar cerrando,Diagonal 31 Transversal 36 A,La Sebastiana,Urbana,"(6.167967817, -75.58028177)"
2173028,10/16/2017,2:15 p.m.,Lunes,Automovil,Particular,Conductor,Masculino,NO,Sin Registro,Solo Daños,Choque,Impericia en el manejo,Diagonal 31 Transversal 36 A,La Sebastiana,Urbana,"(6.167967817, -75.58028177)"
2173034,10/16/2017,10:16 a.m.,Lunes,Microbus,Publico,Conductor,Masculino,NO,Sin Registro,Solo Daños,Choque,No respetar pelacion de interseccion o giros,Calle 38  Sur Carrera 48,Glorieta Exito,Urbana,
2173034,10/16/2017,10:16 a.m.,Lunes,Camioneta,Particular,Conductor,Masculino,NO,Sin Registro,Solo Daños,Choque,No respetar prelacion,Calle 38  Sur Carrera 48,Glorieta Exito,Urbana,
2173034,10/16/2017,10:16 a.m.,Lunes,Camioneta,Particular,Conductor,Masculino,NO,Sin Registro,Solo Daños,Choque,No respetar pelacion de interseccion o giros,Calle 38  Sur Carrera 48,Glorieta Exito,Urbana,
2173034,10/16/2017,10:16 a.m.,Lunes,Microbus,Publico,Conductor,Masculino,NO,Sin Registro,Solo Daños,Choque,No respetar prelacion,Calle 38  Sur Carrera 48,Glorieta Exito,Urbana,
2173079,10/16/2017,8:35 p.m.,Lunes,Campero,Particular,Conductor,Femenino,NO,Sin Registro,Solo Daños,Choque,Adelantar en curva,Calle 36  Sur Carrera 27 A,Vereda El Escobero,Urbana,"(6.167592229, -75.57065459)"
2173071,10/16/2017,4:20 p.m.,Lunes,Automovil,Particular,Conductor,Masculino,NO,Sin Registro,Solo Daños,Choque,No mantener distancia de seguridad,Calle 38  Sur Carrera 31,Mesa,Urbana,"(6.165577674, -75.58112182)"
2173071,10/16/2017,4:20 p.m.,Lunes,Campero,Publico,Conductor,Masculino,NO,Sin Registro,Solo Daños,Choque,No mantener distancia de seguridad,Calle 38  Sur Carrera 31,Mesa,Urbana,"(6.165577674, -75.58112182)"
2173079,10/16/2017,8:35 p.m.,Lunes,Motocicleta,Particular,Motociclista,Masculino,NO,Sin Registro,Solo Daños,Choque,Adelantar en curva,Calle 36  Sur Carrera 27 A,Vereda El Escobero,Urbana,"(6.167592229, -75.57065459)"
2173117,10/20/2017,4:40 p.m.,Viernes,Automovil,Particular,Conductor,Femenino,NO,Sin Registro,Solo Daños,Choque,No respetar prelacion,Carrera 50 Calle 37  Sur,Las Vegas,Urbana,
2173077,10/16/2017,6:45 a.m.,Lunes,Automovil,Publico,Conductor,Masculino,NO,Sin Registro,Solo Daños,Choque,Semaforo en rojo,Carrera 48 Calle 30  Sur,Las Vegas,Urbana,"(6.179366643, -75.5880841)"
2173077,10/16/2017,6:45 a.m.,Lunes,Automovil,Diplomatico,Conductor,Masculino,NO,Sin Registro,Solo Daños,Choque,Semaforo en rojo,Carrera 48 Calle 30  Sur,Las Vegas,Urbana,"(6.179366643, -75.5880841)"
2173078,10/16/2017,5:50 p.m.,Lunes,Automovil,Publico,Conductor,Masculino,NO,Sin Registro,Solo Daños,Choque,No mantener distancia de seguridad,Carrera 48 Calle 25 AA Sur,Las Vegas,Urbana,"(6.183765745, -75.58469035)"
2173078,10/16/2017,5:50 p.m.,Lunes,Automovil,Particular,Conductor,Masculino,NO,Sin Registro,Solo Daños,Choque,No mantener distancia de seguridad,Carrera 48 Calle 25 AA Sur,Las Vegas,Urbana,"(6.183765745, -75.58469035)"
2173058,10/17/2017,6:00 a.m.,Martes,Automovil,Publico,Conductor,Masculino,NO,Sin Registro,Solo Daños,Choque,Reverso imprudente,Carrera 36 D Calle 43  Sur,Las Antillas,Urbana,"(6.156550022, -75.58835781)"
2173058,10/17/2017,6:00 a.m.,Martes,Camioneta,Particular,Conductor,Masculino,NO,Sin Registro,Solo Daños,Choque,Reverso imprudente,Carrera 36 D Calle 43  Sur,Las Antillas,Urbana,"(6.156550022, -75.58835781)"
2173056,10/17/2017,7:18 p.m.,Martes,Motocicleta,Particular,Motociclista,Masculino,NO,Sin Registro,Solo Daños,Choque,Adelantar cerrando,Carrera 48 Calle 19  Sur,Las Vegas,Urbana,"(6.187349001, -75.58153568)"
2173056,10/17/2017,7:18 p.m.,Martes,Automovil,Particular,Conductor,Masculino,NO,Sin Registro,Solo Daños,Choque,Adelantar cerrando,Carrera 48 Calle 19  Sur,Las Vegas,Urbana,"(6.187349001, -75.58153568)"
2173080,10/17/2017,1:05 p.m.,Martes,Automovil,Particular,Conductor,Femenino,NO,Sin Registro,Solo Daños,Choque,No mantener distancia de seguridad,Carrera 50 Calle 30  Sur,Las Vegas,Urbana,
2173080,10/17/2017,1:05 p.m.,Martes,Motocicleta,Particular,Motociclista,Masculino,NO,Sin Registro,Solo Daños,Choque,No mantener distancia de seguridad,Carrera 50 Calle 30  Sur,Las Vegas,Urbana,
2173070,10/17/2017,11:00 a.m.,Martes,Camioneta,Particular,Conductor,Femenino,NO,Sin Registro,Solo Daños,Choque,Transitar con las puertas abiertas,Carrera 48 Calle 32  Sur,Las Vegas,Urbana,"(6.177503621, -75.58948538)"
2173070,10/17/2017,11:00 a.m.,Martes,Camion,Publico,Conductor,Masculino,NO,Sin Registro,Solo Daños,Choque,Transitar con las puertas abiertas,Carrera 48 Calle 32  Sur,Las Vegas,Urbana,"(6.177503621, -75.58948538)"
2173080,10/17/2017,1:05 p.m.,Martes,Motocicleta,Particular,Motociclista,Masculino,NO,Sin Registro,Solo Daños,Choque,No mantener distancia de seguridad,Carrera 50 Calle 30  Sur,Las Vegas,Urbana,
2173063,10/17/2017,7:05 a.m.,Martes,Automovil,Particular,Conductor,Femenino,NO,Sin Registro,Solo Daños,Choque,Girar bruscamente,Carrera 48 Calle 26  Sur,Las Vegas,Urbana,"(6.183318111, -75.58553718)"
2173063,10/17/2017,7:05 a.m.,Martes,Campero,Particular,Conductor,Femenino,NO,Sin Registro,Solo Daños,Choque,No respetar prelacion,Carrera 48 Calle 26  Sur,Las Vegas,Urbana,"(6.183318111, -75.58553718)"
2173063,10/17/2017,7:05 a.m.,Martes,Campero,Particular,Conductor,Femenino,NO,Sin Registro,Solo Daños,Choque,Girar bruscamente,Carrera 48 Calle 26  Sur,Las Vegas,Urbana,"(6.183318111, -75.58553718)"
2173063,10/17/2017,7:05 a.m.,Martes,Automovil,Particular,Conductor,Femenino,NO,Sin Registro,Solo Daños,Choque,No respetar prelacion,Carrera 48 Calle 26  Sur,Las Vegas,Urbana,"(6.183318111, -75.58553718)"
2173066,10/17/2017,7:05 a.m.,Martes,Bus,Publico,Conductor,Masculino,NO,Sin Registro,Solo Daños,Choque,Desobedecer senales,Calle 39  Sur Carrera 29 A,Mesa,Urbana,"(6.164019418, -75.58120807)"
2173066,10/17/2017,7:05 a.m.,Martes,Automovil,Particular,Conductor,Masculino,NO,Sin Registro,Solo Daños,Choque,No respetar pelacion de interseccion o giros,Calle 39  Sur Carrera 29 A,Mesa,Urbana,"(6.164019418, -75.58120807)"
2173066,10/17/2017,7:05 a.m.,Martes,Automovil,Particular,Conductor,Masculino,NO,Sin Registro,Solo Daños,Choque,Desobedecer senales,Calle 39  Sur Carrera 29 A,Mesa,Urbana,"(6.164019418, -75.58120807)"
2173066,10/17/2017,7:05 a.m.,Martes,Bus,Publico,Conductor,Masculino,NO,Sin Registro,Solo Daños,Choque,No respetar pelacion de interseccion o giros,Calle 39  Sur Carrera 29 A,Mesa,Urbana,"(6.164019418, -75.58120807)"
2173073,10/17/2017,11:10 a.m.,Martes,Motocicleta,Particular,Motociclista,Femenino,NO,Sin Registro,Herido,Choque,Adelantar por la derecha,Calle 40 F Sur Carrera 36 B,El Dorado,Urbana,"(6.162643008, -75.58590704)"
2173117,10/20/2017,4:40 p.m.,Viernes,Camion,Publico,Conductor,Masculino,NO,Sin Registro,Solo Daños,Choque,No respetar prelacion,Carrera 50 Calle 37  Sur,Las Vegas,Urbana,
2173073,10/17/2017,11:10 a.m.,Martes,Motocicleta,Particular,Motociclista,Masculino,NO,Sin Registro,Herido,Choque,Adelantar por la derecha,Calle 40 F Sur Carrera 36 B,El Dorado,Urbana,"(6.162643008, -75.58590704)"
2173081,10/17/2017,8:15 a.m.,Martes,Motocicleta,Particular,Motociclista,Masculino,NO,Sin Registro,Solo Daños,Choque,No mantener distancia de seguridad,Tramo 372 Kilometro  15,Vereda Palmas,Rural,
2173081,10/17/2017,8:15 a.m.,Martes,Automovil,Particular,Conductor,Masculino,NO,Sin Registro,Solo Daños,Choque,No mantener distancia de seguridad,Tramo 372 Kilometro  15,Vereda Palmas,Rural,
2173057,10/17/2017,6:30 a.m.,Martes,Automovil,Particular,Conductor,Masculino,NO,Sin Registro,Solo Daños,Choque,No mantener distancia de seguridad,Tramo 372 Kilometro  15,Vereda Palmas,Rural,
2173057,10/17/2017,6:30 a.m.,Martes,Campero,Particular,Conductor,Masculino,NO,Sin Registro,Solo Daños,Choque,No mantener distancia de seguridad,Tramo 372 Kilometro  15,Vereda Palmas,Rural,
2173062,10/17/2017,8:20 a.m.,Martes,Automovil,Particular,Conductor,Masculino,NO,Sin Registro,Solo Daños,Choque,Adelantar cerrando,Tramo 371 Kilometro  4,Vereda El Escobero,Rural,
2173062,10/17/2017,8:20 a.m.,Martes,Camioneta,Publico,Conductor,Masculino,NO,Sin Registro,Solo Daños,Choque,Adelantar cerrando,Tramo 371 Kilometro  4,Vereda El Escobero,Rural,
2173068,10/17/2017,5:35 a.m.,Martes,Automovil,Publico,Conductor,Masculino,NO,Sin Registro,Solo Daños,Choque,Impericia en el manejo,Calle 23  Sur Carrera 43 A,Avenida El Poblado,Urbana,"(6.182706228, -75.58032996)"
2173068,10/17/2017,5:35 a.m.,Martes,Automovil,Particular,Conductor,Masculino,NO,Sin Registro,Solo Daños,Choque,Impericia en el manejo,Calle 23  Sur Carrera 43 A,Avenida El Poblado,Urbana,"(6.182706228, -75.58032996)"
2173067,10/17/2017,6:20 p.m.,Martes,Motocicleta,Particular,Motociclista,Masculino,NO,Sin Registro,Herido,Choque,Transitar entre vehiculos,Calle 24  Sur Carrera 43 A,Las Orquideas,Urbana,
2173067,10/17/2017,6:20 p.m.,Martes,Automovil,Particular,Conductor,Femenino,NO,Sin Registro,Herido,Choque,Transitar entre vehiculos,Calle 24  Sur Carrera 43 A,Las Orquideas,Urbana,
2173061,10/17/2017,9:30 a.m.,Martes,Camion,Publico,Conductor,Masculino,NO,Sin Registro,Solo Daños,Choque,Arrancar sin precaucion,Carrera 50 Diagonal 29  Sur,Las Vegas,Urbana,"(6.182760672, -75.58882785)"
2173061,10/17/2017,9:30 a.m.,Martes,Camioneta,Particular,Conductor,Masculino,NO,Sin Registro,Solo Daños,Choque,Arrancar sin precaucion,Carrera 50 Diagonal 29  Sur,Las Vegas,Urbana,"(6.182760672, -75.58882785)"
2173074,10/17/2017,8:40 a.m.,Martes,Bicicleta,Sin Registro,Ciclista,Masculino,NO,Sin Registro,Herido,Choque,Adelantar invadiendo carril de sentido contrario,Carrera 48 Calle 31  Sur,Las Vegas,Urbana,"(6.178537792, -75.58885189)"
2173074,10/17/2017,8:40 a.m.,Martes,Motocicleta,Particular,Motociclista,Masculino,NO,Sin Registro,Herido,Choque,Adelantar invadiendo carril de sentido contrario,Carrera 48 Calle 31  Sur,Las Vegas,Urbana,"(6.178537792, -75.58885189)"
2173060,10/17/2017,4:50 p.m.,Martes,Campero,Particular,Conductor,Masculino,NO,Sin Registro,Herido,Choque,No mantener distancia de seguridad,Carrera 48 Calle 19  Sur,Zuñiga,Urbana,"(6.187349001, -75.58153568)"
2173060,10/17/2017,4:50 p.m.,Martes,Automovil,Particular,Conductor,Masculino,NO,Sin Registro,Herido,Choque,No mantener distancia de seguridad,Carrera 48 Calle 19  Sur,Zuñiga,Urbana,"(6.187349001, -75.58153568)"
2173088,10/17/2017,10:50 a.m.,Martes,Motocicleta,Particular,Motociclista,Masculino,NO,Sin Registro,Solo Daños,Choque,Adelantar en zona prohibida,Carrera 45 Calle 35  Sur,El Portal,Urbana,"(6.17309921, -75.58848885)"
2173088,10/17/2017,10:50 a.m.,Martes,Camioneta,Particular,Conductor,Femenino,NO,Sin Registro,Solo Daños,Choque,Girar bruscamente,Carrera 45 Calle 35  Sur,El Portal,Urbana,"(6.17309921, -75.58848885)"
2173088,10/17/2017,10:50 a.m.,Martes,Camioneta,Particular,Conductor,Femenino,NO,Sin Registro,Solo Daños,Choque,Adelantar en zona prohibida,Carrera 45 Calle 35  Sur,El Portal,Urbana,"(6.17309921, -75.58848885)"
2173088,10/17/2017,10:50 a.m.,Martes,Motocicleta,Particular,Motociclista,Masculino,NO,Sin Registro,Solo Daños,Choque,Girar bruscamente,Carrera 45 Calle 35  Sur,El Portal,Urbana,"(6.17309921, -75.58848885)"
2173091,10/18/2017,6:00 p.m.,Miércoles,Bus,Publico,Conductor,Masculino,NO,Sin Registro,Solo Daños,Choque,No mantener distancia de seguridad,Calle 36 A Sur Carrera 26 B,La Inmaculada,Urbana,"(6.167621297, -75.5785241)"
2173076,10/18/2017,7:20 p.m.,Miércoles,Motocicleta,Particular,Motociclista,Masculino,NO,Sin Registro,Herido,Caida Ocupante,Ausencia o deficencia en demarcacion,Carrera 42 B Calle 48 C Sur,Loma Del Barro,Urbana,"(6.159923617, -75.59625533)"
2173091,10/18/2017,6:00 p.m.,Miércoles,Automovil,Particular,Conductor,Femenino,NO,Sin Registro,Solo Daños,Choque,No mantener distancia de seguridad,Calle 36 A Sur Carrera 26 B,La Inmaculada,Urbana,"(6.167621297, -75.5785241)"
2173090,10/18/2017,9:10 a.m.,Miércoles,Campero,Diplomatico,Conductor,Masculino,NO,Sin Registro,Solo Daños,Choque,No mantener distancia de seguridad,Carrera 48 Calle 30  Sur,Las Vegas,Urbana,"(6.179366643, -75.5880841)"
2173090,10/18/2017,9:10 a.m.,Miércoles,Motocicleta,Particular,Motociclista,Masculino,NO,Sin Registro,Solo Daños,Choque,No mantener distancia de seguridad,Carrera 48 Calle 30  Sur,Las Vegas,Urbana,"(6.179366643, -75.5880841)"
2173119,10/18/2017,12:10 p.m.,Miércoles,Motocicleta,Particular,Motociclista,Masculino,NO,Sin Registro,Solo Daños,Choque,Reverso imprudente,Carrera 49 Calle 37  Sur,Las Vegas,Urbana,
2173119,10/18/2017,12:10 p.m.,Miércoles,Buseta,Publico,Conductor,Masculino,NO,Sin Registro,Solo Daños,Choque,Reverso imprudente,Carrera 49 Calle 37  Sur,Las Vegas,Urbana,
2173082,10/18/2017,6:20 p.m.,Miércoles,Camioneta,Particular,Conductor,Masculino,NO,Sin Registro,Herido,Choque,Exceso de velocidad,Calle 36 E Sur Carrera 28,Vereda El Escobero,Urbana,
2173082,10/18/2017,6:20 p.m.,Miércoles,Camioneta,Particular,Conductor,Masculino,NO,Sin Registro,Herido,Choque,Impericia en el manejo,Calle 36 E Sur Carrera 28,Vereda El Escobero,Urbana,
2173147,10/24/2017,6:50 a.m.,Martes,Bicicleta,Sin Registro,Ciclista,Masculino,NO,Sin Registro,Herido,Choque,Transitar uno al lado del otro,Tramo 373 Kilometro  12,Vereda Palmas,Rural,
2173140,10/18/2017,2:30 p.m.,Miércoles,Automovil,Diplomatico,Conductor,Masculino,NO,Sin Registro,Solo Daños,Choque,No respetar pelacion de interseccion o giros,Calle 36 D Sur Carrera 27,Vereda El Escobero,Urbana,"(6.162479576, -75.57022257)"
2173140,10/18/2017,2:30 p.m.,Miércoles,Automovil,Particular,Conductor,Femenino,NO,Sin Registro,Solo Daños,Choque,No respetar pelacion de interseccion o giros,Calle 36 D Sur Carrera 27,Vereda El Escobero,Urbana,"(6.162479576, -75.57022257)"
2173089,10/18/2017,12:40 p.m.,Miércoles,Buseta,Publico,Conductor,Masculino,NO,Sin Registro,Herido,Caida Ocupante,Frenar bruscamente,Calle 36 D Sur Carrera 26 A,Vereda El Escobero,Urbana,"(6.161435642, -75.56848949)"
2173075,10/18/2017,11:40 a.m.,Miércoles,Motocicleta,Particular,Motociclista,Masculino,NO,Sin Registro,Herido,Choque,Semaforo en rojo,Carrera 48 Calle 30  Sur,Las Vegas,Urbana,"(6.179366643, -75.5880841)"
2173127,10/18/2017,5:30 p.m.,Miércoles,Automovil,Particular,Conductor,Masculino,NO,Sin Registro,Solo Daños,Choque,Realizar giro en U,Carrera 45 B Calle 32 B Sur,El Portal,Urbana,"(6.175932338, -75.58813484)"
2173075,10/18/2017,11:40 a.m.,Miércoles,Motocicleta,Diplomatico,Motociclista,Masculino,NO,Sin Registro,Herido,Choque,Semaforo en rojo,Carrera 48 Calle 30  Sur,Las Vegas,Urbana,"(6.179366643, -75.5880841)"
2173127,10/18/2017,5:30 p.m.,Miércoles,Automovil,Particular,Conductor,Femenino,NO,Sin Registro,Solo Daños,Choque,Realizar giro en U,Carrera 45 B Calle 32 B Sur,El Portal,Urbana,"(6.175932338, -75.58813484)"
2173083,10/18/2017,4:40 p.m.,Miércoles,Automovil,Particular,Conductor,Femenino,NO,Sin Registro,Herido,Choque,Adelantar invadiendo carril del mismo sentido en zigzag,Carrera 50 Calle 36  Sur,Las Vegas,Urbana,
2173083,10/18/2017,4:40 p.m.,Miércoles,Motocicleta,Particular,Motociclista,Masculino,NO,Sin Registro,Herido,Choque,Adelantar invadiendo carril del mismo sentido en zigzag,Carrera 50 Calle 36  Sur,Las Vegas,Urbana,
2173086,10/18/2017,4:40 p.m.,Miércoles,Camioneta,Particular,Conductor,Masculino,NO,Sin Registro,Solo Daños,Choque,No mantener distancia de seguridad,Carrera 50 Calle 37  Sur,Las Vegas,Urbana,
2173086,10/18/2017,4:40 p.m.,Miércoles,Automovil,Particular,Conductor,Masculino,NO,Sin Registro,Solo Daños,Choque,No mantener distancia de seguridad,Carrera 50 Calle 37  Sur,Las Vegas,Urbana,
2173095,10/18/2017,7:50 a.m.,Miércoles,Automovil,Particular,Conductor,Masculino,NO,Sin Registro,Solo Daños,Choque,No mantener distancia de seguridad,Calle 25  Sur Carrera 42,Las Orquideas,Urbana,"(6.179561127, -75.57986633)"
2173095,10/18/2017,7:50 a.m.,Miércoles,Motocicleta,Particular,Motociclista,Masculino,NO,Sin Registro,Solo Daños,Choque,No mantener distancia de seguridad,Calle 25  Sur Carrera 42,Las Orquideas,Urbana,"(6.179561127, -75.57986633)"
2173087,10/18/2017,10:40 p.m.,Miércoles,Automovil,Particular,Conductor,Masculino,NO,Sin Registro,Solo Daños,Choque,Semaforo en rojo,Carrera 43 A Calle 25 A Sur,Zuñiga,Urbana,"(6.181504184, -75.5817415)"
2173087,10/18/2017,10:40 p.m.,Miércoles,Automovil,Publico,Conductor,Masculino,NO,Sin Registro,Solo Daños,Choque,Semaforo en rojo,Carrera 43 A Calle 25 A Sur,Zuñiga,Urbana,"(6.181504184, -75.5817415)"
2173130,10/19/2017,4:00 p.m.,Jueves,Automovil,Particular,Conductor,Femenino,NO,Sin Registro,Solo Daños,Choque,Impericia en el manejo,Calle 33 B Sur Carrera 44,San Marcos,Urbana,"(6.173779627, -75.5873404)"
2173130,10/19/2017,4:00 p.m.,Jueves,Camion,Publico,Conductor,Masculino,NO,Sin Registro,Solo Daños,Choque,Impericia en el manejo,Calle 33 B Sur Carrera 44,San Marcos,Urbana,"(6.173779627, -75.5873404)"
2173111,10/19/2017,6:00 p.m.,Jueves,Automovil,Publico,Conductor,Masculino,NO,Sin Registro,Herido,Atropello,Desobedecer senales,Carrera 42 Calle 33 B Sur,Zona Centro,Urbana,"(6.172431982, -75.58552861)"
2173099,10/19/2017,2:00 p.m.,Jueves,Automovil,Particular,Conductor,Femenino,NO,Sin Registro,Herido,Choque,Adelantar cerrando,Calle 37  Sur Carrera 48,Las Vegas,Urbana,"(6.17412211, -75.59306111)"
2173099,10/19/2017,2:00 p.m.,Jueves,Motocicleta,Particular,Motociclista,Femenino,NO,Sin Registro,Herido,Choque,Adelantar cerrando,Calle 37  Sur Carrera 48,Las Vegas,Urbana,"(6.17412211, -75.59306111)"
2173113,10/19/2017,5:15 a.m.,Jueves,Motocicleta,Particular,Motociclista,Masculino,NO,Sin Registro,Herido,Choque,Adelantar invadiendo carril del mismo sentido en zigzag,Tramo 372 Kilometro  14,Vereda Palmas,Rural,
2173113,10/19/2017,5:15 a.m.,Jueves,Camioneta,Particular,Conductor,Masculino,NO,Sin Registro,Herido,Choque,Adelantar invadiendo carril del mismo sentido en zigzag,Tramo 372 Kilometro  14,Vereda Palmas,Rural,
2173129,10/19/2017,11:05 a.m.,Jueves,Automovil,Particular,Conductor,Masculino,NO,Sin Registro,Solo Daños,Choque,No mantener distancia de seguridad,Carrera 43 A Calle 40  Sur,Zona Centro,Urbana,"(6.168044687, -75.59026877)"
2173129,10/19/2017,11:05 a.m.,Jueves,Motocicleta,Particular,Motociclista,Masculino,NO,Sin Registro,Solo Daños,Choque,No mantener distancia de seguridad,Carrera 43 A Calle 40  Sur,Zona Centro,Urbana,"(6.168044687, -75.59026877)"
2173092,10/19/2017,6:10 p.m.,Jueves,Motocicleta,Particular,Motociclista,Masculino,NO,Sin Registro,Herido,Choque,Girar bruscamente,Carrera 50 Calle 46 A Sur,Las Vegas,Urbana,"(6.16131219, -75.60319818)"
2173092,10/19/2017,6:10 p.m.,Jueves,Camioneta,Particular,Conductor,Masculino,NO,Sin Registro,Herido,Choque,Girar bruscamente,Carrera 50 Calle 46 A Sur,Las Vegas,Urbana,"(6.16131219, -75.60319818)"
2173093,10/19/2017,9:20 a.m.,Jueves,Camioneta,Publico,Conductor,Masculino,NO,Sin Registro,Solo Daños,Choque,Subirse al anden o vias peatonales,Calle 32 B Sur Carrera 48,Las Vegas,Urbana,"(6.177255701, -75.59003137)"
2173093,10/19/2017,9:20 a.m.,Jueves,Camioneta,Publico,Conductor,Masculino,NO,Sin Registro,Solo Daños,Choque,Subirse al anden o vias peatonales,Calle 32 B Sur Carrera 48,Las Vegas,Urbana,"(6.177255701, -75.59003137)"
2173121,10/19/2017,4:30 p.m.,Jueves,Automovil,Particular,Conductor,Masculino,NO,Sin Registro,Solo Daños,Choque,Impericia en el manejo,Calle 40 B Sur Carrera 28 B,La Mina,Urbana,"(6.160163672, -75.58198351)"
2173121,10/19/2017,4:30 p.m.,Jueves,Camioneta,Particular,Conductor,Masculino,NO,Sin Registro,Solo Daños,Choque,Impericia en el manejo,Calle 40 B Sur Carrera 28 B,La Mina,Urbana,"(6.160163672, -75.58198351)"
2173112,10/19/2017,9:20 p.m.,Jueves,Motocicleta,Particular,Motociclista,Masculino,NO,Sin Registro,Herido,Atropello,Semaforo en rojo,Carrera 48 Calle 37  Sur,Glorieta Exito,Urbana,"(6.172859211, -75.59276992)"
2173098,10/19/2017,3:40 p.m.,Jueves,Automovil,Particular,Conductor,Femenino,NO,Sin Registro,Herido,Atropello,Impericia en el manejo,Calle 37  Sur Carrera 28,Vereda El Escobero,Urbana,"(6.165679454, -75.57834042)"
2173125,10/19/2017,8:45 a.m.,Jueves,Automovil,Particular,Conductor,Femenino,NO,Sin Registro,Solo Daños,Choque,Adelantar invadiendo carril del mismo sentido en zigzag,Carrera 48 Calle 37  Sur,Las Vegas,Urbana,"(6.172859211, -75.59276992)"
2173135,10/19/2017,3:40 p.m.,Jueves,Motocicleta,Particular,Motociclista,Masculino,NO,Sin Registro,Herido,Atropello,Desobedecer senales,Transversal 34 D Sur Diagonal 33,Obrero,Urbana,"(6.170932416, -75.5832469)"
2173125,10/19/2017,8:45 a.m.,Jueves,Motocicleta,Particular,Motociclista,Masculino,NO,Sin Registro,Solo Daños,Choque,Adelantar invadiendo carril del mismo sentido en zigzag,Carrera 48 Calle 37  Sur,Las Vegas,Urbana,"(6.172859211, -75.59276992)"