RADICADO,FECHA,HORA,DÍA DE LA SEMANA,CLASE DE VEHICULO,TIPO DE SERVICIO,TIPO DE VICTIMA,SEXO,ESTADO DE BEODEZ,RESULTADO DE BEODEZ,GRAVEDAD,CLASE DE ACCIDENTE,CAUSA,DIRECCIÓN,BARRIO,AREA,Coordenadas
2173096,10/19/2017,9:50 a.m.,Jueves,Camion,Publico,Conductor,Masculino,NO,Sin Registro,Solo Daños,Choque,Adelantar por la derecha,Calle 38 A Sur Carrera 48,Las Vegas,Urbana,"(6.168560755, -75.58701537)"
2173096,10/19/2017,9:50 a.m.,Jueves,Camioneta,Particular,Conductor,Masculino,NO,Sin Registro,Solo Daños,Choque,Adelantar por la derecha,Calle 38 A Sur Carrera 48,Las Vegas,Urbana,"(6.168560755, -75.58701537)"
2173101,10/19/2017,4:50 p.m.,Jueves,Camioneta,Particular,Conductor,Masculino,NO,Sin Registro,Solo Daños,Choque,No mantener distancia de seguridad,Carrera 38 Calle 38  Sur,Mesa,Urbana,"(6.167921341, -75.58467168)"
2173101,10/19/2017,4:50 p.m.,Jueves,Automovil,Publico,Conductor,Masculino,NO,Sin Registro,Solo Daños,Choque,No mantener distancia de seguridad,Carrera 38 Calle 38  Sur,Mesa,Urbana,"(6.167921341, -75.58467168)"
2173097,10/19/2017,2:50 p.m.,Jueves,Camioneta,Publico,Conductor,Masculino,NO,Sin Registro,Solo Daños,Choque,Impericia en el manejo,Carrera 36 Calle 36  Sur,Zona Centro,Urbana,"(6.168442018, -75.58305401)"
2173097,10/19/2017,2:50 p.m.,Jueves,Motocicleta,Particular,Motociclista,Femenino,NO,Sin Registro,Solo Daños,Choque,Impericia en el manejo,Carrera 36 Calle 36  Sur,Zona Centro,Urbana,"(6.168442018, -75.58305401)"
2173104,10/20/2017,1:00 p.m.,Viernes,Automovil,Particular,Conductor,Femenino,NO,Sin Registro,Solo Daños,Choque,Desobedecer senales,Calle 39  Sur Carrera 37,Mesa,Urbana,"(6.166324664, -75.58503975)"
2173104,10/20/2017,1:00 p.m.,Viernes,Motocicleta,Particular,Motociclista,Masculino,NO,Sin Registro,Solo Daños,Choque,Desobedecer senales,Calle 39  Sur Carrera 37,Mesa,Urbana,"(6.166324664, -75.58503975)"
2173105,10/20/2017,1:00 p.m.,Viernes,Motocicleta,Particular,Motociclista,Femenino,NO,Sin Registro,Solo Daños,Choque,Reverso imprudente,Calle 44  Sur Carrera 43 A,Alcala,Urbana,"(6.165598746, -75.59402113)"
2173105,10/20/2017,1:00 p.m.,Viernes,Camioneta,Particular,Conductor,Masculino,NO,Sin Registro,Solo Daños,Choque,Reverso imprudente,Calle 44  Sur Carrera 43 A,Alcala,Urbana,"(6.165598746, -75.59402113)"
2173123,10/20/2017,7:00 a.m.,Viernes,Automovil,Publico,Conductor,Masculino,NO,Sin Registro,Solo Daños,Choque,Poner en marcha un vehiculo sin precauci,Carrera 38 Calle 38 A Sur,Mesa,Urbana,"(6.167222359, -75.58511361)"
2173123,10/20/2017,7:00 a.m.,Viernes,Automovil,Particular,Conductor,Femenino,NO,Sin Registro,Solo Daños,Choque,Poner en marcha un vehiculo sin precauci,Carrera 38 Calle 38 A Sur,Mesa,Urbana,"(6.167222359, -75.58511361)"
2173107,10/20/2017,3:00 p.m.,Viernes,Automovil,Particular,Conductor,Masculino,NO,Sin Registro,Solo Daños,Choque,Adelantar cerrando,Calle 37  Sur Carrera 29 A,La Pradera,Urbana,"(6.166159821, -75.58061864)"
2173107,10/20/2017,3:00 p.m.,Viernes,Motocicleta,Particular,Motociclista,Masculino,NO,Sin Registro,Solo Daños,Choque,Adelantar cerrando,Calle 37  Sur Carrera 29 A,La Pradera,Urbana,"(6.166159821, -75.58061864)"
2173115,10/20/2017,4:00 p.m.,Viernes,Bus,Publico,Conductor,Femenino,NO,Sin Registro,Solo Daños,Choque,Desobedecer senales,Carrera 41 Calle 40  Sur,El Dorado,Urbana,"(6.166920833, -75.58799502)"
2173115,10/20/2017,4:00 p.m.,Viernes,Camioneta,Particular,Conductor,Masculino,NO,Sin Registro,Solo Daños,Choque,Desobedecer senales,Carrera 41 Calle 40  Sur,El Dorado,Urbana,"(6.166920833, -75.58799502)"
2173102,10/20/2017,12:10 p.m.,Viernes,Motocicleta,Particular,Motociclista,Femenino,NO,Sin Registro,Herido,Choque,Reverso imprudente,Calle 40  Sur Carrera 38,El Dorado,Urbana,"(6.168682985, -75.58587025)"
2173102,10/20/2017,12:10 p.m.,Viernes,Automovil,Particular,Conductor,Femenino,NO,Sin Registro,Herido,Choque,Reverso imprudente,Calle 40  Sur Carrera 38,El Dorado,Urbana,"(6.168682985, -75.58587025)"
2173103,10/20/2017,6:30 a.m.,Viernes,Automovil,Particular,Conductor,Masculino,NO,Sin Registro,Herido,Choque,Adelantar cerrando,Carrera 48 Calle 27 A Sur,Las Vegas,Urbana,"(6.181312425, -75.58688511)"
2173103,10/20/2017,6:30 a.m.,Viernes,Motocicleta,Particular,Motociclista,Femenino,NO,Sin Registro,Herido,Choque,Adelantar cerrando,Carrera 48 Calle 27 A Sur,Las Vegas,Urbana,"(6.181312425, -75.58688511)"
2173103,10/20/2017,6:30 a.m.,Viernes,Motocicleta,Particular,Conductor,Masculino,NO,Sin Registro,Herido,Choque,Adelantar cerrando,Carrera 48 Calle 27 A Sur,Las Vegas,Urbana,"(6.181312425, -75.58688511)"
2173133,10/20/2017,2:15 p.m.,Viernes,Automovil,Particular,Conductor,Femenino,NO,Sin Registro,Solo Daños,Choque,Adelantar por la derecha,Carrera 48 Calle 50  Sur,Las Casitas,Urbana,
2173133,10/20/2017,2:15 p.m.,Viernes,Motocicleta,Particular,Motociclista,Femenino,NO,Sin Registro,Solo Daños,Choque,Adelantar por la derecha,Carrera 48 Calle 50  Sur,Las Casitas,Urbana,
2173109,10/20/2017,1:30 p.m.,Viernes,Camioneta,Particular,Conductor,Femenino,NO,Sin Registro,Herido,Choque,No respetar prelacion,Diagonal 31 Transversal 35 B Sur,La Sebastiana,Urbana,"(6.169485787, -75.57974501)"
2173109,10/20/2017,1:30 p.m.,Viernes,Motocicleta,Particular,Motociclista,Masculino,NO,Sin Registro,Herido,Choque,No respetar prelacion,Diagonal 31 Transversal 35 B Sur,La Sebastiana,Urbana,"(6.169485787, -75.57974501)"
2173118,10/20/2017,12:40 p.m.,Viernes,Bus,Publico,Conductor,Masculino,NO,Sin Registro,Solo Daños,Choque,No mantener distancia de seguridad,Calle 37  Sur Carrera 28,Vereda El Escobero,Urbana,"(6.165679454, -75.57834042)"
2173118,10/20/2017,12:40 p.m.,Viernes,Automovil,Particular,Conductor,Masculino,NO,Sin Registro,Solo Daños,Choque,No mantener distancia de seguridad,Calle 37  Sur Carrera 28,Vereda El Escobero,Urbana,"(6.165679454, -75.57834042)"
2173110,10/21/2017,7:45 p.m.,Sábado,Motocicleta,Particular,Motociclista,Masculino,NO,Sin Registro,Herido,Choque,Desobedecer senales,Calle 38 A Sur Carrera 41,Zona Centro,Urbana,"(6.168560755, -75.58701537)"
2173110,10/21/2017,7:45 p.m.,Sábado,Motocicleta,Particular,Motociclista,Masculino,NO,Sin Registro,Herido,Choque,Desobedecer senales,Calle 38 A Sur Carrera 41,Zona Centro,Urbana,"(6.168560755, -75.58701537)"
2173126,10/21/2017,2:40 p.m.,Sábado,Motocicleta,Particular,Motociclista,Masculino,NO,Sin Registro,Herido,Choque,Fallas en los frenos,Calle 36 D Sur Carrera 27 D,Vereda El Escobero,Urbana,"(6.164970853, -75.57463727)"
2173126,10/21/2017,2:40 p.m.,Sábado,Automovil,Particular,Conductor,Masculino,NO,Sin Registro,Herido,Choque,Fallas en los frenos,Calle 36 D Sur Carrera 27 D,Vereda El Escobero,Urbana,"(6.164970853, -75.57463727)"
2173122,10/21/2017,9:50 p.m.,Sábado,Automovil,Particular,Conductor,Masculino,NO,Sin Registro,Solo Daños,Choque,Desobedecer senales,Calle 25  Sur Carrera 48,Las Vegas,Urbana,
2173122,10/21/2017,9:50 p.m.,Sábado,Automovil,Publico,Conductor,Masculino,NO,Sin Registro,Solo Daños,Choque,Desobedecer senales,Calle 25  Sur Carrera 48,Las Vegas,Urbana,
2173120,10/22/2017,2:10 p.m.,Domingo,Automovil,Particular,Conductor,Femenino,NO,Sin Registro,Solo Daños,Choque,No mantener distancia de seguridad,Carrera 43 A Calle 21  Sur,Villa Grande,Urbana,"(6.183599544, -75.57940986)"
2173120,10/22/2017,2:10 p.m.,Domingo,Motocicleta,Particular,Motociclista,Masculino,NO,Sin Registro,Solo Daños,Choque,No mantener distancia de seguridad,Carrera 43 A Calle 21  Sur,Villa Grande,Urbana,"(6.183599544, -75.57940986)"
2173132,10/22/2017,2:30 p.m.,Domingo,Automovil,Particular,Conductor,Masculino,NO,Sin Registro,Solo Daños,Choque,No respetar prelacion,Calle 25  Sur Carrera 43 A,Villa Grande,Urbana,"(6.181560189, -75.58201649)"
2173132,10/22/2017,2:30 p.m.,Domingo,Automovil,Particular,Conductor,Femenino,NO,Sin Registro,Solo Daños,Choque,No respetar prelacion,Calle 25  Sur Carrera 43 A,Villa Grande,Urbana,"(6.181560189, -75.58201649)"
2173114,10/22/2017,10:15 p.m.,Domingo,Automovil,Particular,Conductor,Masculino,NO,Sin Registro,Solo Daños,Choque,Reverso imprudente,Calle 40 C Sur Carrera 42,El Dorado,Urbana,"(6.166819606, -75.58912364)"
2173114,10/22/2017,10:15 p.m.,Domingo,Camioneta,Particular,Conductor,Masculino,NO,Sin Registro,Solo Daños,Choque,Reverso imprudente,Calle 40 C Sur Carrera 42,El Dorado,Urbana,"(6.166819606, -75.58912364)"
2173116,10/22/2017,3:50 p.m.,Domingo,Automovil,Particular,Conductor,Masculino,NO,Sin Registro,Solo Daños,Choque,No mantener distancia de seguridad,Carrera 43 A Calle 48 C Sur,Loma Del Barro,Urbana,"(6.162218777, -75.59764446)"
2173116,10/22/2017,3:50 p.m.,Domingo,Motocicleta,Particular,Motociclista,Masculino,NO,Sin Registro,Solo Daños,Choque,No mantener distancia de seguridad,Carrera 43 A Calle 48 C Sur,Loma Del Barro,Urbana,"(6.162218777, -75.59764446)"
2173134,10/23/2017,6:00 a.m.,Lunes,Automovil,Particular,Conductor,Femenino,NO,Sin Registro,Herido,Choque,No mantener distancia de seguridad,Carrera 50 Calle 32 B Sur,Las Vegas,Urbana,"(6.178248378, -75.59168828)"
2173134,10/23/2017,6:00 a.m.,Lunes,Motocicleta,Particular,Motociclista,Masculino,NO,Sin Registro,Herido,Choque,No mantener distancia de seguridad,Carrera 50 Calle 32 B Sur,Las Vegas,Urbana,"(6.178248378, -75.59168828)"
2173149,10/23/2017,7:05 p.m.,Lunes,Automovil,Particular,Conductor,Masculino,NO,Sin Registro,Solo Daños,Choque,Adelantar invadiendo carril del mismo sentido en zigzag,Calle 50  Sur Carrera 48,Las Vegas,Urbana,
2173149,10/23/2017,7:05 p.m.,Lunes,Automovil,Particular,Conductor,Masculino,NO,Sin Registro,Solo Daños,Choque,Adelantar invadiendo carril del mismo sentido en zigzag,Calle 50  Sur Carrera 48,Las Vegas,Urbana,
2173152,10/23/2017,10:05 a.m.,Lunes,Camioneta,Particular,Conductor,Masculino,NO,Sin Registro,Solo Daños,Choque,Impericia en el manejo,Carrera 50 Calle 29  Sur,Las Vegas,Urbana,"(6.182760672, -75.58882785)"
2173152,10/23/2017,10:05 a.m.,Lunes,Automovil,Particular,Conductor,Masculino,NO,Sin Registro,Solo Daños,Choque,Impericia en el manejo,Carrera 50 Calle 29  Sur,Las Vegas,Urbana,"(6.182760672, -75.58882785)"
2173152,10/23/2017,10:05 a.m.,Lunes,Automovil,Particular,Conductor,Masculino,NO,Sin Registro,Solo Daños,Choque,Impericia en el manejo,Carrera 50 Calle 29  Sur,Las Vegas,Urbana,"(6.182760672, -75.58882785)"
2173142,10/23/2017,5:05 p.m.,Lunes,Bus,Publico,Conductor,Masculino,NO,Sin Registro,Herido,Choque,No respetar prelacion,Carrera 48 Calle 38  Sur,Las Vegas,Urbana,"(6.172747818, -75.59269817)"
2173142,10/23/2017,5:05 p.m.,Lunes,Motocicleta,Particular,Motociclista,Masculino,NO,Sin Registro,Herido,Choque,No respetar prelacion,Carrera 48 Calle 38  Sur,Las Vegas,Urbana,"(6.172747818, -75.59269817)"
2173137,10/23/2017,7:10 a.m.,Lunes,Camion,Publico,Conductor,Masculino,NO,Sin Registro,Solo Daños,Choque,Desobedecer senales,Diagonal 30 Transversal 36  Sur,La Pradera,Urbana,
2173137,10/23/2017,7:10 a.m.,Lunes,Automovil,Particular,Conductor,Femenino,NO,Sin Registro,Solo Daños,Choque,Desobedecer senales,Diagonal 30 Transversal 36  Sur,La Pradera,Urbana,
2173148,10/23/2017,7:50 p.m.,Lunes,Automovil,Publico,Conductor,Masculino,NO,Sin Registro,Herido,Atropello,Poner en marcha un vehiculo sin precauci,Carrera 48 Calle 50  Sur,Las Casitas,Urbana,
2173139,10/23/2017,8:15 a.m.,Lunes,Motocicleta,Particular,Motociclista,Masculino,NO,Sin Registro,Herido,Choque,Exceso de velocidad,Calle 39  Sur Carrera 25 B,El Chinguí,Urbana,"(6.157563812, -75.57922413)"
2173139,10/23/2017,8:15 a.m.,Lunes,Motocicleta,Particular,Motociclista,Masculino,NO,Sin Registro,Herido,Choque,Exceso de velocidad,Calle 39  Sur Carrera 25 B,El Chinguí,Urbana,"(6.157563812, -75.57922413)"
2173143,10/23/2017,3:20 p.m.,Lunes,Motocicleta,Particular,Motociclista,Masculino,NO,Sin Registro,Herido,Atropello,Transitar por la calzada,Carrera 48 Calle 49 B Sur,Las Vegas,Urbana,"(6.162599027, -75.60278747)"
2173146,10/23/2017,7:20 a.m.,Lunes,Motocicleta,Particular,Motociclista,Masculino,NO,Sin Registro,Herido,Atropello,Semaforo en rojo,Calle 37  Sur Carrera 39,Zona Centro,Urbana,"(6.169035546, -75.58484755)"
2173144,10/23/2017,12:27 p.m.,Lunes,Automovil,Publico,Conductor,Masculino,NO,Sin Registro,Solo Daños,Choque,No mantener distancia de seguridad,Calle 40 C Sur Carrera 28,La Mina,Urbana,"(6.15995956, -75.58196619)"
2173144,10/23/2017,12:27 p.m.,Lunes,Motocicleta,Particular,Motociclista,Femenino,NO,Sin Registro,Solo Daños,Choque,No mantener distancia de seguridad,Calle 40 C Sur Carrera 28,La Mina,Urbana,"(6.15995956, -75.58196619)"
2173128,10/23/2017,8:40 p.m.,Lunes,Motocicleta,Particular,Motociclista,Masculino,NO,Sin Registro,Muerto,Choque,Exceso de velocidad,Carrera 50 Calle 29  Sur,Las Vegas,Urbana,"(6.182760672, -75.58882785)"
2173162,10/23/2017,6:25 p.m.,Lunes,Bus,Publico,Conductor,Masculino,NO,Sin Registro,Herido,Choque,Exceso de velocidad,Carrera 43 Transversal 32 C Sur,La Magnolia,Urbana,"(6.174013578, -75.58538989)"
2173162,10/23/2017,6:25 p.m.,Lunes,Motocicleta,Particular,Motociclista,Masculino,NO,Sin Registro,Herido,Choque,Exceso de velocidad,Carrera 43 Transversal 32 C Sur,La Magnolia,Urbana,"(6.174013578, -75.58538989)"
2173131,10/23/2017,7:30 a.m.,Lunes,Automovil,Particular,Conductor,Femenino,NO,Sin Registro,Solo Daños,Choque,No mantener distancia de seguridad,Tramo 373 Kilometro  12,Vereda Palmas,Rural,
2173131,10/23/2017,7:30 a.m.,Lunes,Motocicleta,Particular,Motociclista,Femenino,NO,Sin Registro,Solo Daños,Choque,No mantener distancia de seguridad,Tramo 373 Kilometro  12,Vereda Palmas,Rural,
2173138,10/23/2017,9:53 p.m.,Lunes,Automovil,Particular,Conductor,Masculino,NO,Sin Registro,Solo Daños,Choque,No mantener distancia de seguridad,Carrera 45 Calle 33 B Sur,San Marcos,Urbana,"(6.174064011, -75.58796072)"
2173138,10/23/2017,9:53 p.m.,Lunes,Automovil,Particular,Conductor,Masculino,NO,Sin Registro,Solo Daños,Choque,No mantener distancia de seguridad,Carrera 45 Calle 33 B Sur,San Marcos,Urbana,"(6.174064011, -75.58796072)"
2173136,10/23/2017,7:50 a.m.,Lunes,Automovil,Publico,Conductor,Masculino,NO,Sin Registro,Solo Daños,Choque,Adelantar cerrando,Carrera 48 Calle 25 B Sur,Las Vegas,Urbana,"(6.182713275, -75.58578089)"
2173136,10/23/2017,7:50 a.m.,Lunes,Automovil,Particular,Conductor,Masculino,NO,Sin Registro,Solo Daños,Choque,Adelantar cerrando,Carrera 48 Calle 25 B Sur,Las Vegas,Urbana,"(6.182713275, -75.58578089)"
2173161,10/23/2017,6:50 p.m.,Lunes,Motocicleta,Diplomatico,Motociclista,Masculino,NO,Sin Registro,Herido,Choque,No respetar pelacion de interseccion o giros,Calle 40 D Sur Carrera 40 A,La Inmaculada,Urbana,"(6.165612827, -75.5883405)"
2173161,10/23/2017,6:50 p.m.,Lunes,Motocicleta,Particular,Motociclista,Masculino,NO,Sin Registro,Herido,Choque,No respetar pelacion de interseccion o giros,Calle 40 D Sur Carrera 40 A,La Inmaculada,Urbana,"(6.165612827, -75.5883405)"
2173160,10/24/2017,7:30 p.m.,Martes,Camioneta,Particular,Conductor,Masculino,NO,Sin Registro,Herido,Choque,Arrancar sin precaucion,Carrera 50 Calle 39  Sur,Las Vegas,Urbana,
2173160,10/24/2017,7:30 p.m.,Martes,Motocicleta,Particular,Motociclista,Masculino,NO,Sin Registro,Herido,Choque,Arrancar sin precaucion,Carrera 50 Calle 39  Sur,Las Vegas,Urbana,
2173153,10/24/2017,2:00 p.m.,Martes,Camion,Publico,Conductor,Masculino,NO,Sin Registro,Solo Daños,Choque,Arrancar sin precaucion,Calle 24  Sur Carrera 38,Sin Registro,Urbana,"(6.177798131, -75.5727217)"
2173153,10/24/2017,2:00 p.m.,Martes,Automovil,Particular,Conductor,Femenino,NO,Sin Registro,Solo Daños,Choque,Arrancar sin precaucion,Calle 24  Sur Carrera 38,Sin Registro,Urbana,"(6.177798131, -75.5727217)"
2173150,10/24/2017,4:10 p.m.,Martes,Camion,Publico,Conductor,Masculino,NO,Sin Registro,Herido,Choque,Reverso imprudente,Carrera 49 Calle 29  Sur,Las Vegas,Urbana,
2173150,10/24/2017,4:10 p.m.,Martes,Camion,Publico,Conductor,Masculino,NO,Sin Registro,Herido,Choque,Reverso imprudente,Carrera 49 Calle 29  Sur,Las Vegas,Urbana,
2173154,10/24/2017,6:10 p.m.,Martes,Bus,Publico,Conductor,Masculino,NO,Sin Registro,Solo Daños,Choque,No mantener distancia de seguridad,Calle 37  Sur Carrera 29 A,Mesa,Urbana,"(6.166159821, -75.58061864)"
2173154,10/24/2017,6:10 p.m.,Martes,Camioneta,Particular,Conductor,Masculino,NO,Sin Registro,Solo Daños,Choque,No mantener distancia de seguridad,Calle 37  Sur Carrera 29 A,Mesa,Urbana,"(6.166159821, -75.58061864)"
2173151,10/24/2017,6:30 a.m.,Martes,Microbus,Publico,Conductor,Masculino,NO,Sin Registro,Solo Daños,Choque,No mantener distancia de seguridad,Calle 38  Sur Carrera 43 A,Zona Centro,Urbana,"(6.170537577, -75.58862514)"
2173151,10/24/2017,6:30 a.m.,Martes,Automovil,Publico,Conductor,Masculino,NO,Sin Registro,Solo Daños,Choque,No mantener distancia de seguridad,Calle 38  Sur Carrera 43 A,Zona Centro,Urbana,"(6.170537577, -75.58862514)"
2173159,10/24/2017,6:15 p.m.,Martes,Automovil,Particular,Conductor,Femenino,NO,Sin Registro,Solo Daños,Choque,No mantener distancia de seguridad,Carrera 48 Calle 37  Sur,Glorieta Exito,Urbana,"(6.172859211, -75.59276992)"
2173159,10/24/2017,6:15 p.m.,Martes,Camion,Publico,Conductor,Masculino,NO,Sin Registro,Solo Daños,Choque,No mantener distancia de seguridad,Carrera 48 Calle 37  Sur,Glorieta Exito,Urbana,"(6.172859211, -75.59276992)"
2173156,10/24/2017,5:20 p.m.,Martes,Automovil,Particular,Conductor,Femenino,NO,Sin Registro,Herido,Choque,Adelantar invadiendo carril del mismo sentido en zigzag,Carrera 42 Calle 41 B,El Dorado,Urbana,"(6.165452222, -75.59156991)"
2173156,10/24/2017,5:20 p.m.,Martes,Motocicleta,Particular,Motociclista,Masculino,NO,Sin Registro,Herido,Choque,Adelantar invadiendo carril del mismo sentido en zigzag,Carrera 42 Calle 41 B,El Dorado,Urbana,"(6.165452222, -75.59156991)"
2173147,10/24/2017,6:50 a.m.,Martes,Campero,Particular,Conductor,Femenino,NO,Sin Registro,Herido,Choque,Transitar uno al lado del otro,Tramo 373 Kilometro  12,Vereda Palmas,Rural,
2173147,10/24/2017,6:50 a.m.,Martes,Bicicleta,Sin Registro,Ciclista,Masculino,NO,Sin Registro,Herido,Choque,Impericia en el manejo,Tramo 373 Kilometro  12,Vereda Palmas,Rural,
2173141,10/24/2017,7:40 a.m.,Martes,Automovil,Particular,Conductor,Masculino,NO,Sin Registro,Herido,Choque,Adelantar invadiendo carril del mismo sentido en zigzag,Carrera 48 Calle 27 A,Las Vegas,Urbana,"(6.181312425, -75.58688511)"
2173141,10/24/2017,7:40 a.m.,Martes,Automovil,Particular,Conductor,Masculino,NO,Sin Registro,Herido,Choque,Adelantar invadiendo carril del mismo sentido en zigzag,Carrera 48 Calle 27 A,Las Vegas,Urbana,"(6.181312425, -75.58688511)"
2173141,10/24/2017,7:40 a.m.,Martes,Motocicleta,Particular,Motociclista,Masculino,NO,Sin Registro,Herido,Choque,Adelantar invadiendo carril del mismo sentido en zigzag,Carrera 48 Calle 27 A,Las Vegas,Urbana,"(6.181312425, -75.58688511)"
2173155,10/24/2017,4:45 p.m.,Martes,Camioneta,Particular,Conductor,Masculino,NO,Sin Registro,Solo Daños,Choque,No mantener distancia de seguridad,Carrera 50 Calle 37  Sur,Las Vegas,Urbana,
2173155,10/24/2017,4:45 p.m.,Martes,Motocicleta,Particular,Motociclista,Masculino,NO,Sin Registro,Solo Daños,Choque,No mantener distancia de seguridad,Carrera 50 Calle 37  Sur,Las Vegas,Urbana,
2173177,10/27/2017,5:40 p.m.,Viernes,Campero,Particular,Conductor,Masculino,NO,Sin Registro,Solo Daños,Choque,Impericia en el manejo,Carrera 24 B Calle 40 A Sur,La Mina,Urbana,
2173168,10/24/2017,8:50 a.m.,Martes,Automovil,Particular,Conductor,Masculino,NO,Sin Registro,Solo Daños,Choque,Desobedecer senales,Diagonal 31 Transversal 35,La Sebastiana,Urbana,"(6.170095297, -75.57961208)"
2173168,10/24/2017,8:50 a.m.,Martes,Automovil,Particular,Conductor,Masculino,NO,Sin Registro,Solo Daños,Choque,Desobedecer senales,Diagonal 31 Transversal 35,La Sebastiana,Urbana,"(6.170095297, -75.57961208)"
2173145,10/24/2017,7:50 a.m.,Martes,Bus,Publico,Conductor,Masculino,NO,Sin Registro,Herido,Choque,No mantener distancia de seguridad,Carrera 48 Calle 39  Sur,Las Vegas,Urbana,"(6.17163722, -75.59364999)"
2173145,10/24/2017,7:50 a.m.,Martes,Motocicleta,Particular,Motociclista,Masculino,NO,Sin Registro,Herido,Choque,No mantener distancia de seguridad,Carrera 48 Calle 39  Sur,Las Vegas,Urbana,"(6.17163722, -75.59364999)"
2173157,10/24/2017,11:50 a.m.,Martes,Camioneta,Particular,Conductor,Masculino,NO,Sin Registro,Solo Daños,Choque,Reverso imprudente,Calle 25 B Sur Carrera 45,Villa Grande,Urbana,"(6.182085855, -75.58502925)"
2173157,10/24/2017,11:50 a.m.,Martes,Automovil,Particular,Conductor,Femenino,NO,Sin Registro,Solo Daños,Choque,Reverso imprudente,Calle 25 B Sur Carrera 45,Villa Grande,Urbana,"(6.182085855, -75.58502925)"
2173200,10/25/2017,6:17 a.m.,Miércoles,Bus,Publico,Conductor,Masculino,NO,Sin Registro,Solo Daños,Choque,Desobedecer senales,Carrera 49 Calle 39  Sur,Las Vegas,Urbana,"(6.173609359, -75.59707057)"
2173200,10/25/2017,6:17 a.m.,Miércoles,Motocicleta,Particular,Conductor,Masculino,NO,Sin Registro,Solo Daños,Choque,Desobedecer senales,Carrera 49 Calle 39  Sur,Las Vegas,Urbana,"(6.173609359, -75.59707057)"
2173200,10/25/2017,6:17 a.m.,Miércoles,Camion,Publico,Conductor,Masculino,NO,Sin Registro,Solo Daños,Choque,Desobedecer senales,Carrera 49 Calle 39  Sur,Las Vegas,Urbana,"(6.173609359, -75.59707057)"
2173163,10/25/2017,2:15 p.m.,Miércoles,Automovil,Particular,Conductor,Masculino,NO,Sin Registro,Solo Daños,Choque,Adelantar en zona prohibida,Carrera 38 Calle 38  Sur,Mesa,Urbana,"(6.167921341, -75.58467168)"
2173163,10/25/2017,2:15 p.m.,Miércoles,Motocicleta,Particular,Motociclista,Masculino,NO,Sin Registro,Solo Daños,Choque,Girar bruscamente,Carrera 38 Calle 38  Sur,Mesa,Urbana,"(6.167921341, -75.58467168)"
2173163,10/25/2017,2:15 p.m.,Miércoles,Motocicleta,Particular,Motociclista,Masculino,NO,Sin Registro,Solo Daños,Choque,Adelantar en zona prohibida,Carrera 38 Calle 38  Sur,Mesa,Urbana,"(6.167921341, -75.58467168)"
2173163,10/25/2017,2:15 p.m.,Miércoles,Motocicleta,Particular,Motociclista,Masculino,NO,Sin Registro,Solo Daños,Choque,Girar bruscamente,Carrera 38 Calle 38  Sur,Mesa,Urbana,"(6.167921341, -75.58467168)"
2173163,10/25/2017,2:15 p.m.,Miércoles,Motocicleta,Particular,Motociclista,Masculino,NO,Sin Registro,Solo Daños,Choque,Adelantar en zona prohibida,Carrera 38 Calle 38  Sur,Mesa,Urbana,"(6.167921341, -75.58467168)"
2173163,10/25/2017,2:15 p.m.,Miércoles,Automovil,Publico,Conductor,Masculino,NO,Sin Registro,Solo Daños,Choque,Girar bruscamente,Carrera 38 Calle 38  Sur,Mesa,Urbana,"(6.167921341, -75.58467168)"
2173163,10/25/2017,2:15 p.m.,Miércoles,Automovil,Publico,Conductor,Masculino,NO,Sin Registro,Solo Daños,Choque,Adelantar en zona prohibida,Carrera 38 Calle 38  Sur,Mesa,Urbana,"(6.167921341, -75.58467168)"
2173163,10/25/2017,2:15 p.m.,Miércoles,Automovil,Particular,Conductor,Masculino,NO,Sin Registro,Solo Daños,Choque,Girar bruscamente,Carrera 38 Calle 38  Sur,Mesa,Urbana,"(6.167921341, -75.58467168)"
2173163,10/25/2017,2:15 p.m.,Miércoles,Automovil,Particular,Conductor,Masculino,NO,Sin Registro,Solo Daños,Choque,Adelantar en zona prohibida,Carrera 38 Calle 38  Sur,Mesa,Urbana,"(6.167921341, -75.58467168)"
2173163,10/25/2017,2:15 p.m.,Miércoles,Automovil,Particular,Conductor,Masculino,NO,Sin Registro,Solo Daños,Choque,Girar bruscamente,Carrera 38 Calle 38  Sur,Mesa,Urbana,"(6.167921341, -75.58467168)"
2173167,10/25/2017,12:20 p.m.,Miércoles,Motocicleta,Particular,Motociclista,Masculino,NO,Sin Registro,Solo Daños,Choque,Adelantar por la derecha,Calle 39  Sur Carrera 46,Alcala,Urbana,"(6.170549172, -75.59241821)"
2173167,10/25/2017,12:20 p.m.,Miércoles,Automovil,Particular,Conductor,Femenino,NO,Sin Registro,Solo Daños,Choque,Adelantar por la derecha,Calle 39  Sur Carrera 46,Alcala,Urbana,"(6.170549172, -75.59241821)"
2173172,10/25/2017,5:15 p.m.,Miércoles,Automovil,Particular,Conductor,Masculino,NO,Sin Registro,Solo Daños,Choque,Transitar en contravia,Calle 39 A Sur Carrera 29 A,Mesa,Urbana,"(6.163394225, -75.5812818)"
2173171,10/25/2017,7:20 a.m.,Miércoles,Bus,Publico,Conductor,Masculino,NO,Sin Registro,Solo Daños,Choque,Adelantar cerrando,Carrera 48 Calle 37  Sur,Glorieta Exito,Urbana,"(6.172859211, -75.59276992)"