RADICADO,FECHA,HORA,DÍA DE LA SEMANA,CLASE DE VEHICULO,TIPO DE SERVICIO,TIPO DE VICTIMA,SEXO,ESTADO DE BEODEZ,RESULTADO DE BEODEZ,GRAVEDAD,CLASE DE ACCIDENTE,CAUSA,DIRECCIÓN,BARRIO,AREA,Coordenadas
2173209,10/29/2017,4:30 p.m.,Domingo,Automovil,Particular,Conductor,Masculino,NO,Sin Registro,Solo Daños,Choque,Impericia en el manejo,Carrera 48 Calle 32 B Sur,Las Vegas,Urbana,"(6.176994311, -75.58984119)"
2173237,10/29/2017,10:30 a.m.,Domingo,Camioneta,Particular,Conductor,Masculino,NO,Sin Registro,Solo Daños,Choque,Reverso imprudente,Carrera 45 B Calle 36  Sur,El Portal,Urbana,"(6.17265934, -75.5900216)"
2173237,10/29/2017,10:30 a.m.,Domingo,Automovil,Publico,Conductor,Masculino,NO,Sin Registro,Solo Daños,Choque,Reverso imprudente,Carrera 45 B Calle 36  Sur,El Portal,Urbana,"(6.17265934, -75.5900216)"
2173211,10/29/2017,11:50 a.m.,Domingo,Automovil,Particular,Conductor,Masculino,NO,Sin Registro,Solo Daños,Choque,Desobedecer senales,Transversal 33  Sur Diagonal 31 E,La Magnolia,Urbana,"(6.174189158, -75.57888419)"
2173211,10/29/2017,11:50 a.m.,Domingo,Automovil,Publico,Conductor,Masculino,NO,Sin Registro,Solo Daños,Choque,Desobedecer senales,Transversal 33  Sur Diagonal 31 E,La Magnolia,Urbana,"(6.174189158, -75.57888419)"
2173241,10/30/2017,11:00 a.m.,Lunes,Automovil,Particular,Conductor,Femenino,NO,Sin Registro,Herido,Choque,Impericia en el manejo,Calle 25 A Sur Carrera 43 A,Zuñiga,Urbana,"(6.181689385, -75.58241799)"
2173241,10/30/2017,11:00 a.m.,Lunes,Automovil,Particular,Conductor,Femenino,NO,Sin Registro,Herido,Choque,Impericia en el manejo,Calle 25 A Sur Carrera 43 A,Zuñiga,Urbana,"(6.181689385, -75.58241799)"
2173234,10/30/2017,3:00 p.m.,Lunes,Bus,Publico,Conductor,Masculino,NO,Sin Registro,Solo Daños,Choque,No respetar pelacion de interseccion o giros,Carrera 43 A Transversal 29  Sur,Avenida El Poblado,Urbana,"(6.177803112, -75.5845555)"
2173234,10/30/2017,3:00 p.m.,Lunes,Automovil,Particular,Conductor,Femenino,NO,Sin Registro,Solo Daños,Choque,No respetar pelacion de interseccion o giros,Carrera 43 A Transversal 29  Sur,Avenida El Poblado,Urbana,"(6.177803112, -75.5845555)"
2173241,10/30/2017,11:00 a.m.,Lunes,Motocicleta,Particular,Motociclista,Masculino,NO,Sin Registro,Herido,Choque,Impericia en el manejo,Calle 25 A Sur Carrera 43 A,Zuñiga,Urbana,"(6.181689385, -75.58241799)"
2173215,10/30/2017,9:05 a.m.,Lunes,Automovil,Particular,Conductor,Masculino,NO,Sin Registro,Solo Daños,Choque,Adelantar en zona prohibida,Calle 33 B Sur Carrera 43,Zona Centro,Urbana,"(6.172981087, -75.58607623)"
2173215,10/30/2017,9:05 a.m.,Lunes,Camion,Particular,Conductor,Masculino,NO,Sin Registro,Solo Daños,Choque,Adelantar en zona prohibida,Calle 33 B Sur Carrera 43,Zona Centro,Urbana,"(6.172981087, -75.58607623)"
2173219,10/30/2017,10:00 a.m.,Lunes,Camioneta,Particular,Conductor,Masculino,NO,Sin Registro,Solo Daños,Choque,No respetar pelacion de interseccion o giros,Carrera 39  Sur Calle 36  Sur,Zona Centro,Urbana,"(6.169632254, -75.58433773)"
2173219,10/30/2017,10:00 a.m.,Lunes,Camioneta,Particular,Conductor,Femenino,NO,Sin Registro,Solo Daños,Choque,No respetar pelacion de interseccion o giros,Carrera 39  Sur Calle 36  Sur,Zona Centro,Urbana,"(6.169632254, -75.58433773)"
2173270,10/30/2017,2:00 p.m.,Lunes,Automovil,Particular,Conductor,Masculino,NO,Sin Registro,Solo Daños,Choque,No mantener distancia de seguridad,Carrera 48 Calle 39  Sur,Las Vegas,Urbana,"(6.17163722, -75.59364999)"
2173270,10/30/2017,2:00 p.m.,Lunes,Motocicleta,Particular,Motociclista,Masculino,NO,Sin Registro,Solo Daños,Choque,No mantener distancia de seguridad,Carrera 48 Calle 39  Sur,Las Vegas,Urbana,"(6.17163722, -75.59364999)"
2173248,10/30/2017,5:00 p.m.,Lunes,Camioneta,Particular,Conductor,Femenino,NO,Sin Registro,Solo Daños,Choque,No mantener distancia de seguridad,Carrera 48 Calle 31  Sur,Las Vegas,Urbana,"(6.178537792, -75.58885189)"
2173297,02/11/2017,7:45 a.m.,Jueves,Motocicleta,Particular,Motociclista,Masculino,NO,Sin Registro,Solo Daños,Choque,Desobedecer senales,Tramo 373 Kilometro  15,Vereda Palmas,Rural,
2173248,10/30/2017,5:00 p.m.,Lunes,Automovil,Particular,Conductor,Masculino,NO,Sin Registro,Solo Daños,Choque,No mantener distancia de seguridad,Carrera 48 Calle 31  Sur,Las Vegas,Urbana,"(6.178537792, -75.58885189)"
2173213,10/30/2017,7:10 a.m.,Lunes,Automovil,Particular,Conductor,Masculino,NO,Sin Registro,Solo Daños,Choque,No mantener distancia de seguridad,Calle 37  Sur Carrera 50,Las Vegas,Urbana,
2173213,10/30/2017,7:10 a.m.,Lunes,Camioneta,Particular,Conductor,Masculino,NO,Sin Registro,Solo Daños,Choque,No mantener distancia de seguridad,Calle 37  Sur Carrera 50,Las Vegas,Urbana,
2173251,10/30/2017,8:00 p.m.,Lunes,Automovil,Particular,Conductor,Masculino,NO,Sin Registro,Solo Daños,Choque,No mantener distancia de seguridad,Diagonal 39 Transversal 34 A Sur,Obrero,Urbana,"(6.171956921, -75.58429679)"
2173251,10/30/2017,8:00 p.m.,Lunes,Automovil,Particular,Conductor,Masculino,NO,Sin Registro,Solo Daños,Choque,No mantener distancia de seguridad,Diagonal 39 Transversal 34 A Sur,Obrero,Urbana,"(6.171956921, -75.58429679)"
2173227,10/30/2017,4:15 p.m.,Lunes,Motocicleta,Particular,Motociclista,Masculino,NO,Sin Registro,Herido,Caida Ocupante,Impericia en el manejo,Calle 27 D Sur Carrera 27 B,El Chocho,Urbana,"(6.169224506, -75.57173816)"
2173218,10/30/2017,6:30 a.m.,Lunes,Automovil,Particular,Conductor,Femenino,NO,Sin Registro,Solo Daños,Choque,No mantener distancia de seguridad,Calle 25  Sur Carrera 48,Las Vegas,Urbana,
2173218,10/30/2017,6:30 a.m.,Lunes,Automovil,Publico,Conductor,Masculino,NO,Sin Registro,Solo Daños,Choque,No mantener distancia de seguridad,Calle 25  Sur Carrera 48,Las Vegas,Urbana,
2173244,10/30/2017,8:20 a.m.,Lunes,Motocicleta,Particular,Motociclista,Femenino,NO,Sin Registro,Herido,Choque,No mantener distancia de seguridad,Carrera 50 Calle 26  Sur,Las Vegas,Urbana,"(6.184812544, -75.58691109)"
2173244,10/30/2017,8:20 a.m.,Lunes,Camioneta,Particular,Conductor,Masculino,NO,Sin Registro,Herido,Choque,Girar bruscamente,Carrera 50 Calle 26  Sur,Las Vegas,Urbana,"(6.184812544, -75.58691109)"
2173244,10/30/2017,8:20 a.m.,Lunes,Camioneta,Particular,Conductor,Masculino,NO,Sin Registro,Herido,Choque,No mantener distancia de seguridad,Carrera 50 Calle 26  Sur,Las Vegas,Urbana,"(6.184812544, -75.58691109)"
2173244,10/30/2017,8:20 a.m.,Lunes,Motocicleta,Particular,Motociclista,Femenino,NO,Sin Registro,Herido,Choque,Girar bruscamente,Carrera 50 Calle 26  Sur,Las Vegas,Urbana,"(6.184812544, -75.58691109)"
2173225,10/30/2017,1:30 p.m.,Lunes,Motocicleta,Particular,Motociclista,Masculino,NO,Sin Registro,Herido,Choque,No respetar pelacion de interseccion o giros,Transversal 34 D Sur Diagonal 32 B,Los Naranjos,Urbana,"(6.171519971, -75.58179878)"
2173225,10/30/2017,1:30 p.m.,Lunes,Automovil,Particular,Conductor,Masculino,NO,Sin Registro,Herido,Choque,No respetar pelacion de interseccion o giros,Transversal 34 D Sur Diagonal 32 B,Los Naranjos,Urbana,"(6.171519971, -75.58179878)"
2173246,10/30/2017,2:30 p.m.,Lunes,Automovil,Particular,Conductor,Femenino,NO,Sin Registro,Solo Daños,Choque,Desobedecer senales,Diagonal 31 E Transversal 32 A Sur,La Sebastiana,Urbana,"(6.174681134, -75.57847104)"
2173246,10/30/2017,2:30 p.m.,Lunes,Camion,Publico,Conductor,Masculino,NO,Sin Registro,Solo Daños,Choque,Desobedecer senales,Diagonal 31 E Transversal 32 A Sur,La Sebastiana,Urbana,"(6.174681134, -75.57847104)"
2173242,10/30/2017,6:30 p.m.,Lunes,Automovil,Particular,Conductor,Femenino,NO,Sin Registro,Solo Daños,Choque,Desobedecer senales,Carrera 50 Calle 43  Sur,Las Vegas,Urbana,
2173242,10/30/2017,6:30 p.m.,Lunes,Motocicleta,Particular,Motociclista,Femenino,NO,Sin Registro,Solo Daños,Choque,Desobedecer senales,Carrera 50 Calle 43  Sur,Las Vegas,Urbana,
2173208,10/30/2017,10:30 a.m.,Lunes,Camioneta,Particular,Conductor,Masculino,NO,Sin Registro,Solo Daños,Choque,No mantener distancia de seguridad,Carrera 50 Calle 37  Sur,Las Vegas,Urbana,
2173208,10/30/2017,10:30 a.m.,Lunes,Camioneta,Publico,Conductor,Masculino,NO,Sin Registro,Solo Daños,Choque,No mantener distancia de seguridad,Carrera 50 Calle 37  Sur,Las Vegas,Urbana,
2173216,10/30/2017,7:40 a.m.,Lunes,Camioneta,Particular,Conductor,Masculino,NO,Sin Registro,Solo Daños,Choque,No mantener distancia de seguridad,Tramo 372 Kilometro  16,Vereda Palmas,Rural,
2173216,10/30/2017,7:40 a.m.,Lunes,Camioneta,Particular,Conductor,Masculino,NO,Sin Registro,Solo Daños,Choque,No mantener distancia de seguridad,Tramo 372 Kilometro  16,Vereda Palmas,Rural,
2173243,10/30/2017,4:40 p.m.,Lunes,Automovil,Particular,Conductor,Masculino,NO,Sin Registro,Solo Daños,Choque,No mantener distancia de seguridad,Carrera 50 Calle 43  Sur,Las Vegas,Urbana,
2173243,10/30/2017,4:40 p.m.,Lunes,Automovil,Particular,Conductor,Masculino,NO,Sin Registro,Solo Daños,Choque,No mantener distancia de seguridad,Carrera 50 Calle 43  Sur,Las Vegas,Urbana,
2173250,10/30/2017,1:55 p.m.,Lunes,Automovil,Particular,Conductor,Masculino,NO,Sin Registro,Solo Daños,Choque,No mantener distancia de seguridad,Calle 39  Sur Carrera 41,Zona Centro,Urbana,"(6.167870042, -75.58744871)"
2173250,10/30/2017,1:55 p.m.,Lunes,Automovil,Particular,Conductor,Masculino,NO,Sin Registro,Solo Daños,Choque,No mantener distancia de seguridad,Calle 39  Sur Carrera 41,Zona Centro,Urbana,"(6.167870042, -75.58744871)"
2173259,10/30/2017,5:40 p.m.,Lunes,Automovil,Publico,Conductor,Masculino,NO,Sin Registro,Solo Daños,Choque,Desobedecer senales,Calle 36  Sur Carrera 39,Zona Centro,Urbana,"(6.169751787, -75.58435113)"
2173259,10/30/2017,5:40 p.m.,Lunes,Motocicleta,Particular,Motociclista,Masculino,NO,Sin Registro,Solo Daños,Choque,Desobedecer senales,Calle 36  Sur Carrera 39,Zona Centro,Urbana,"(6.169751787, -75.58435113)"
2173268,10/31/2017,7:00 p.m.,Martes,Automovil,Particular,Conductor,Masculino,NO,Sin Registro,Solo Daños,Choque,Impericia en el manejo,Calle 39 A Carrera 27 B,San Jose,Urbana,"(6.159066, -75.57988094)"
2173268,10/31/2017,7:00 p.m.,Martes,Automovil,Particular,Conductor,Femenino,NO,Sin Registro,Solo Daños,Choque,Impericia en el manejo,Calle 39 A Carrera 27 B,San Jose,Urbana,"(6.159066, -75.57988094)"
2173272,10/31/2017,6:00 p.m.,Martes,Motocicleta,Particular,Motociclista,Masculino,NO,Sin Registro,Herido,Atropello,Cruzar sin observar,Carrera 41 Calle 38 A Sur,Zona Centro,Urbana,"(6.168440346, -75.58698806)"
2173252,10/31/2017,6:20 a.m.,Martes,Buseta,Publico,Conductor,Masculino,NO,Sin Registro,Solo Daños,Choque,Poner en marcha un vehiculo sin precauci,Carrera 43 A Calle 31  Sur,Jardines,Urbana,"(6.176754685, -75.58546897)"
2173252,10/31/2017,6:20 a.m.,Martes,Automovil,Particular,Conductor,Femenino,NO,Sin Registro,Solo Daños,Choque,Poner en marcha un vehiculo sin precauci,Carrera 43 A Calle 31  Sur,Jardines,Urbana,"(6.176754685, -75.58546897)"
2173267,10/31/2017,7:10 a.m.,Martes,Automovil,Publico,Conductor,Masculino,NO,Sin Registro,Solo Daños,Choque,Falta de precaucion niebla,Sin Registro,Sin Registro,Sin Registro,
2173274,10/31/2017,7:10 a.m.,Martes,Camioneta,Publico,Conductor,Masculino,NO,Sin Registro,Solo Daños,Choque,Adelantar invadiendo carril de sentido contrario,Carrera 50 Calle 37  Sur,Las Vegas,Urbana,
2173274,10/31/2017,7:10 a.m.,Martes,Automovil,Particular,Conductor,Masculino,NO,Sin Registro,Solo Daños,Choque,Adelantar invadiendo carril de sentido contrario,Carrera 50 Calle 37  Sur,Las Vegas,Urbana,
2173266,10/31/2017,2:10 p.m.,Martes,Automovil,Particular,Conductor,Femenino,NO,Sin Registro,Solo Daños,Choque,Desobedecer senales,Calle 33 B Sur Carrera 45,El Portal,Urbana,"(6.174167802, -75.58799211)"
2173266,10/31/2017,2:10 p.m.,Martes,Automovil,Particular,Conductor,Masculino,NO,Sin Registro,Solo Daños,Choque,Desobedecer senales,Calle 33 B Sur Carrera 45,El Portal,Urbana,"(6.174167802, -75.58799211)"
2173300,10/31/2017,12:10 a.m.,Martes,Motocicleta,Particular,Motociclista,Masculino,NO,Sin Registro,Herido,Choque,Transitar en contravia,Carrera 25 Calle 29  Sur,El Chocho,Urbana,
2173300,10/31/2017,12:10 a.m.,Martes,Motocicleta,Particular,Motociclista,Masculino,NO,Sin Registro,Herido,Choque,Transitar en contravia,Carrera 25 Calle 29  Sur,El Chocho,Urbana,
2173253,10/31/2017,5:15 p.m.,Martes,Campero,Particular,Conductor,Masculino,NO,Sin Registro,Solo Daños,Choque,No mantener distancia de seguridad,Carrera 26 D Calle 35  Sur,La Inmaculada,Urbana,"(6.166128574, -75.56958352)"
2173253,10/31/2017,5:15 p.m.,Martes,Camioneta,Particular,Conductor,Femenino,NO,Sin Registro,Solo Daños,Choque,No mantener distancia de seguridad,Carrera 26 D Calle 35  Sur,La Inmaculada,Urbana,"(6.166128574, -75.56958352)"
2173249,10/31/2017,12:30 p.m.,Martes,Motocicleta,Particular,Motociclista,Femenino,NO,Sin Registro,Herido,Caida Ocupante,Impericia en el manejo,Carrera 42 Calle 40  Sur,El Dorado,Urbana,"(6.167092824, -75.58881112)"
2173265,10/31/2017,11:30 a.m.,Martes,Automovil,Particular,Conductor,Masculino,NO,Sin Registro,Solo Daños,Choque,Desobedecer senales,Calle 25  Sur Carrera 45,Zuñiga,Urbana,"(6.182658265, -75.58204251)"
2173265,10/31/2017,11:30 a.m.,Martes,Automovil,Particular,Conductor,Masculino,NO,Sin Registro,Solo Daños,Choque,Desobedecer senales,Calle 25  Sur Carrera 45,Zuñiga,Urbana,"(6.182658265, -75.58204251)"
2173232,10/31/2017,6:30 p.m.,Martes,Bus,Publico,Conductor,Masculino,NO,Sin Registro,Solo Daños,Choque,Impericia en el manejo,Calle 25  Sur Carrera 20,El Chocho,Urbana,
2173245,10/31/2017,5:30 p.m.,Martes,Motocicleta,Particular,Motociclista,Masculino,NO,Sin Registro,Herido,Atropello,Salir por delante de un vehiculo,Carrera 48 Calle 27 A Sur,Las Vegas,Urbana,"(6.181312425, -75.58688511)"
2173247,10/31/2017,9:50 p.m.,Martes,Automovil,Particular,Conductor,Masculino,NO,Sin Registro,Herido,Atropello,Girar bruscamente,Calle 38  Sur Carrera 41,Zona Centro,Urbana,"(6.169244976, -75.58658807)"
2173271,10/31/2017,4:50 p.m.,Martes,Camioneta,Particular,Conductor,Femenino,NO,Sin Registro,Solo Daños,Choque,No mantener distancia de seguridad,Carrera 43 A Calle 21  Sur,Zuñiga,Urbana,"(6.183599544, -75.57940986)"
2173271,10/31/2017,4:50 p.m.,Martes,Automovil,Particular,Conductor,Masculino,NO,Sin Registro,Solo Daños,Choque,No mantener distancia de seguridad,Carrera 43 A Calle 21  Sur,Zuñiga,Urbana,"(6.183599544, -75.57940986)"
2173258,10/31/2017,11:52 a.m.,Martes,Automovil,Particular,Conductor,Femenino,NO,Sin Registro,Herido,Choque,No mantener distancia de seguridad,Carrera 48 Calle 40  Sur,Las Vegas,Urbana,"(6.168855316, -75.59688767)"
2173258,10/31/2017,11:52 a.m.,Martes,Motocicleta,Particular,Motociclista,Masculino,NO,Sin Registro,Herido,Choque,No mantener distancia de seguridad,Carrera 48 Calle 40  Sur,Las Vegas,Urbana,"(6.168855316, -75.59688767)"
2173257,01/11/2017,1:00 p.m.,Miércoles,Bus,Publico,Conductor,Masculino,NO,Sin Registro,Solo Daños,Choque,Desobedecer senales,Calle 38  Sur Carrera 29 A,La Magnolia,Urbana,"(6.165022576, -75.58071311)"
2173257,01/11/2017,1:00 p.m.,Miércoles,Automovil,Publico,Conductor,Masculino,NO,Sin Registro,Solo Daños,Choque,Desobedecer senales,Calle 38  Sur Carrera 29 A,La Magnolia,Urbana,"(6.165022576, -75.58071311)"
2173261,01/11/2017,7:00 a.m.,Miércoles,Bus,Publico,Conductor,Masculino,NO,Sin Registro,Solo Daños,Choque,Impericia en el manejo,Calle 39  Sur Carrera 39,Mesa,Urbana,"(6.166978259, -75.58604492)"
2173261,01/11/2017,7:00 a.m.,Miércoles,Automovil,Particular,Conductor,Masculino,NO,Sin Registro,Solo Daños,Choque,Impericia en el manejo,Calle 39  Sur Carrera 39,Mesa,Urbana,"(6.166978259, -75.58604492)"
2173280,01/11/2017,9:00 a.m.,Miércoles,Motocicleta,Particular,Motociclista,Femenino,NO,Sin Registro,Solo Daños,Choque,No mantener distancia de seguridad,Carrera 50 Calle 26  Sur,Las Vegas,Urbana,"(6.184812544, -75.58691109)"
2173280,01/11/2017,9:00 a.m.,Miércoles,Motocicleta,Particular,Motociclista,Masculino,NO,Sin Registro,Solo Daños,Choque,No mantener distancia de seguridad,Carrera 50 Calle 26  Sur,Las Vegas,Urbana,"(6.184812544, -75.58691109)"
2173280,01/11/2017,9:00 a.m.,Miércoles,Motocicleta,Particular,Motociclista,Masculino,NO,Sin Registro,Solo Daños,Choque,No mantener distancia de seguridad,Carrera 50 Calle 26  Sur,Las Vegas,Urbana,"(6.184812544, -75.58691109)"
2173260,01/11/2017,3:00 p.m.,Miércoles,Automovil,Particular,Conductor,Masculino,NO,Sin Registro,Solo Daños,Choque,Desobedecer senales,Carrera 43 A Calle 31  Sur,San Marcos,Urbana,"(6.176754685, -75.58546897)"
2173260,01/11/2017,3:00 p.m.,Miércoles,Buseta,Publico,Conductor,Masculino,NO,Sin Registro,Solo Daños,Choque,Desobedecer senales,Carrera 43 A Calle 31  Sur,San Marcos,Urbana,"(6.176754685, -75.58546897)"
2173298,01/11/2017,5:00 p.m.,Miércoles,Bus,Publico,Conductor,Masculino,NO,Sin Registro,Solo Daños,Choque,Adelantar en curva,Carrera 24 E Calle 40  Sur,Vereda El Vallano,Urbana,
2173298,01/11/2017,5:00 p.m.,Miércoles,Campero,Publico,Conductor,Masculino,NO,Sin Registro,Solo Daños,Choque,Adelantar en curva,Carrera 24 E Calle 40  Sur,Vereda El Vallano,Urbana,
2173269,01/11/2017,8:10 a.m.,Miércoles,Automovil,Particular,Conductor,Masculino,NO,Sin Registro,Solo Daños,Choque,Adelantar por la derecha,Calle 39  Sur Carrera 39,Mesa,Urbana,"(6.166978259, -75.58604492)"
2173269,01/11/2017,8:10 a.m.,Miércoles,Motocicleta,Particular,Motociclista,Masculino,NO,Sin Registro,Solo Daños,Choque,Adelantar por la derecha,Calle 39  Sur Carrera 39,Mesa,Urbana,"(6.166978259, -75.58604492)"
2173262,01/11/2017,4:30 p.m.,Miércoles,Automovil,Particular,Conductor,Masculino,NO,Sin Registro,Solo Daños,Choque,Adelantar invadiendo carril del mismo sentido en zigzag,Carrera 43 A Calle 38 A Sur,Zona Centro,Urbana,"(6.169698887, -75.58905877)"
2173262,01/11/2017,4:30 p.m.,Miércoles,Camion,Oficial,Conductor,Masculino,NO,Sin Registro,Solo Daños,Choque,Adelantar invadiendo carril del mismo sentido en zigzag,Carrera 43 A Calle 38 A Sur,Zona Centro,Urbana,"(6.169698887, -75.58905877)"
2173263,01/11/2017,10:30 a.m.,Miércoles,Automovil,Particular,Conductor,Masculino,NO,Sin Registro,Solo Daños,Choque,No mantener distancia de seguridad,Calle 36 D Sur Carrera 27,Vereda El Escobero,Urbana,"(6.162479576, -75.57022257)"
2173263,01/11/2017,10:30 a.m.,Miércoles,Camioneta,Particular,Conductor,Masculino,NO,Sin Registro,Solo Daños,Choque,No mantener distancia de seguridad,Calle 36 D Sur Carrera 27,Vereda El Escobero,Urbana,"(6.162479576, -75.57022257)"
2173256,01/11/2017,5:30 p.m.,Miércoles,Motocicleta,Particular,Motociclista,Femenino,NO,Sin Registro,Herido,Choque,Impericia en el manejo,Calle 31 A Sur Carrera 43 A,San Marcos,Urbana,"(6.17641909, -75.58556133)"
2173256,01/11/2017,5:30 p.m.,Miércoles,Camioneta,Particular,Conductor,Femenino,NO,Sin Registro,Herido,Choque,Impericia en el manejo,Calle 31 A Sur Carrera 43 A,San Marcos,Urbana,"(6.17641909, -75.58556133)"
2173289,01/11/2017,8:55 a.m.,Miércoles,Automovil,Publico,Conductor,Masculino,NO,Sin Registro,Solo Daños,Choque,Desobedecer senales,Carrera 48 Calle 38  Sur,Las Vegas,Urbana,"(6.172747818, -75.59269817)"
2173289,01/11/2017,8:55 a.m.,Miércoles,Automovil,Particular,Conductor,Masculino,NO,Sin Registro,Solo Daños,Choque,Desobedecer senales,Carrera 48 Calle 38  Sur,Las Vegas,Urbana,"(6.172747818, -75.59269817)"
2173264,01/11/2017,6:50 p.m.,Miércoles,Camioneta,Publico,Conductor,Masculino,NO,Sin Registro,Solo Daños,Choque,No mantener distancia de seguridad,Carrera 48 Calle 30  Sur,Las Vegas,Urbana,"(6.179366643, -75.5880841)"
2173264,01/11/2017,6:50 p.m.,Miércoles,Automovil,Particular,Conductor,Masculino,NO,Sin Registro,Solo Daños,Choque,No mantener distancia de seguridad,Carrera 48 Calle 30  Sur,Las Vegas,Urbana,"(6.179366643, -75.5880841)"
2173335,02/11/2017,5:00 p.m.,Jueves,Automovil,Particular,Conductor,Femenino,NO,Sin Registro,Solo Daños,Choque,No respetar prelacion,Calle 37  Sur Carrera 49,Las Vegas,Urbana,"(6.174789471, -75.59420424)"
2173335,02/11/2017,5:00 p.m.,Jueves,Automovil,Particular,Conductor,Masculino,NO,Sin Registro,Solo Daños,Choque,No respetar prelacion,Calle 37  Sur Carrera 49,Las Vegas,Urbana,"(6.174789471, -75.59420424)"
2173283,02/11/2017,8:10 a.m.,Jueves,Automovil,Particular,Conductor,Femenino,NO,Sin Registro,Solo Daños,Choque,Impericia en el manejo,Carrera 24 B Calle 40 A Sur,La Mina,Urbana,
2173283,02/11/2017,8:10 a.m.,Jueves,Motocicleta,Particular,Motociclista,Masculino,NO,Sin Registro,Solo Daños,Choque,Impericia en el manejo,Carrera 24 B Calle 40 A Sur,La Mina,Urbana,
2173285,02/11/2017,4:15 p.m.,Jueves,Automovil,Publico,Conductor,Masculino,NO,Sin Registro,Solo Daños,Choque,Adelantar por la derecha,Carrera 43 Calle 39  Sur,Alcala,Urbana,"(6.168568436, -75.58872296)"
2173285,02/11/2017,4:15 p.m.,Jueves,Automovil,Particular,Conductor,Masculino,NO,Sin Registro,Solo Daños,Choque,Adelantar por la derecha,Carrera 43 Calle 39  Sur,Alcala,Urbana,"(6.168568436, -75.58872296)"
2173278,02/11/2017,8:20 a.m.,Jueves,Automovil,Particular,Conductor,Masculino,NO,Sin Registro,Solo Daños,Choque,Adelantar en curva,Tramo 12 Kilometro  14,Vereda Palmas,Rural,
2173278,02/11/2017,8:20 a.m.,Jueves,Motocicleta,Particular,Motociclista,Masculino,NO,Sin Registro,Solo Daños,Choque,Adelantar en curva,Tramo 12 Kilometro  14,Vereda Palmas,Rural,
2173279,02/11/2017,3:30 p.m.,Jueves,Bus,Publico,Conductor,Masculino,NO,Sin Registro,Solo Daños,Choque,Adelantar en zona prohibida,Calle 40 Carrera 43 A,Alcala,Urbana,"(6.167965983, -75.59024215)"
2173279,02/11/2017,3:30 p.m.,Jueves,Campero,Particular,Conductor,Masculino,NO,Sin Registro,Solo Daños,Choque,Adelantar en zona prohibida,Calle 40 Carrera 43 A,Alcala,Urbana,"(6.167965983, -75.59024215)"
2173281,02/11/2017,4:30 p.m.,Jueves,Camioneta,Particular,Conductor,Masculino,NO,Sin Registro,Solo Daños,Choque,Reverso imprudente,Transversal 32 A Sur Diagonal 31 D,La Sebastiana,Urbana,"(6.176205136, -75.58100596)"
2173281,02/11/2017,4:30 p.m.,Jueves,Campero,Particular,Conductor,Femenino,NO,Sin Registro,Solo Daños,Choque,Reverso imprudente,Transversal 32 A Sur Diagonal 31 D,La Sebastiana,Urbana,"(6.176205136, -75.58100596)"
2173276,02/11/2017,8:45 a.m.,Jueves,Automovil,Particular,Conductor,Femenino,NO,Sin Registro,Solo Daños,Choque,No mantener distancia de seguridad,Carrera 48 Calle 25  Sur,Las Vegas,Urbana,"(6.185059174, -75.58329333)"
2173276,02/11/2017,8:45 a.m.,Jueves,Automovil,Particular,Conductor,Femenino,NO,Sin Registro,Solo Daños,Choque,No mantener distancia de seguridad,Carrera 48 Calle 25  Sur,Las Vegas,Urbana,"(6.185059174, -75.58329333)"
2173301,02/11/2017,9:40 a.m.,Jueves,Automovil,Particular,Conductor,Masculino,NO,Sin Registro,Herido,Atropello,Impericia en el manejo,Carrera 48 Calle 37  Sur,Alcala,Urbana,"(6.172859211, -75.59276992)"
2173297,02/11/2017,7:45 a.m.,Jueves,Camioneta,Particular,Conductor,Masculino,NO,Sin Registro,Solo Daños,Choque,Desobedecer senales,Tramo 373 Kilometro  15,Vereda Palmas,Rural,
2173297,02/11/2017,7:45 a.m.,Jueves,Automovil,Particular,Conductor,Masculino,NO,Sin Registro,Solo Daños,Choque,Desobedecer senales,Tramo 373 Kilometro  15,Vereda Palmas,Rural,
2173282,02/11/2017,6:45 p.m.,Jueves,Automovil,Particular,Conductor,Femenino,NO,Sin Registro,Solo Daños,Choque,No respetar prelacion,Calle 38 A Sur Carrera 43,Zona Centro,Urbana,"(6.169370628, -75.5883151)"
2173282,02/11/2017,6:45 p.m.,Jueves,Buseta,Publico,Conductor,Masculino,NO,Sin Registro,Solo Daños,Choque,No respetar prelacion,Calle 38 A Sur Carrera 43,Zona Centro,Urbana,"(6.169370628, -75.5883151)"
2173313,02/11/2017,6:45 p.m.,Jueves,Campero,Particular,Conductor,Masculino,NO,Sin Registro,Solo Daños,Choque,Adelantar invadiendo carril de sentido contrario,Calle 30  Sur Carrera 46 A,Jardines,Urbana,"(6.179166125, -75.58749587)"
2173313,02/11/2017,6:45 p.m.,Jueves,Camion,Oficial,Conductor,Masculino,NO,Sin Registro,Solo Daños,Choque,Adelantar invadiendo carril de sentido contrario,Calle 30  Sur Carrera 46 A,Jardines,Urbana,"(6.179166125, -75.58749587)"
2173275,02/11/2017,10:00 p.m.,Jueves,Automovil,Particular,Conductor,Femenino,NO,Sin Registro,Herido,Choque,Adelantar invadiendo carril del mismo sentido en zigzag,Calle 25  Sur Carrera 42 B,Ponte Vedra,Urbana,"(6.179561127, -75.57986633)"