RADICADO,FECHA,HORA,DÍA DE LA SEMANA,CLASE DE VEHICULO,TIPO DE SERVICIO,TIPO DE VICTIMA,SEXO,ESTADO DE BEODEZ,RESULTADO DE BEODEZ,GRAVEDAD,CLASE DE ACCIDENTE,CAUSA,DIRECCIÓN,BARRIO,AREA,Coordenadas
2173331,08/11/2017,3:00 p.m.,Miércoles,Camioneta,Particular,Conductor,Masculino,NO,Sin Registro,Solo Daños,Choque,Reverso imprudente,Calle 38  Sur Carrera 40,Zona Centro,Urbana,"(6.16879573, -75.58588978)"
2173356,08/11/2017,6:00 p.m.,Miércoles,Bus,Publico,Conductor,Masculino,NO,Sin Registro,Solo Daños,Choque,No mantener distancia de seguridad,Calle 37  Sur Carrera 28,Vereda El Escobero,Urbana,"(6.165679454, -75.57834042)"
2173356,08/11/2017,6:00 p.m.,Miércoles,Automovil,Particular,Conductor,Masculino,NO,Sin Registro,Solo Daños,Choque,No mantener distancia de seguridad,Calle 37  Sur Carrera 28,Vereda El Escobero,Urbana,"(6.165679454, -75.57834042)"
2173357,08/11/2017,7:40 p.m.,Miércoles,Automovil,Particular,Conductor,Masculino,NO,Sin Registro,Herido,Atropello,Cruzar sin observar,Carrera 40 Calle 40 DD Sur,El Dorado,Urbana,"(6.164571512, -75.58897126)"
2173357,08/11/2017,7:40 p.m.,Miércoles,Automovil,Particular,Conductor,Masculino,NO,Sin Registro,Herido,Atropello,Impericia en el manejo,Carrera 40 Calle 40 DD Sur,El Dorado,Urbana,"(6.164571512, -75.58897126)"
2173329,08/11/2017,6:10 p.m.,Miércoles,Automovil,Particular,Conductor,Masculino,NO,Sin Registro,Solo Daños,Choque,No mantener distancia de seguridad,Calle 50  Sur Carrera 48,Las Casitas,Urbana,
2173329,08/11/2017,6:10 p.m.,Miércoles,Bus,Publico,Conductor,Masculino,NO,Sin Registro,Solo Daños,Choque,No mantener distancia de seguridad,Calle 50  Sur Carrera 48,Las Casitas,Urbana,
2173341,08/11/2017,7:11 a.m.,Miércoles,Camioneta,Particular,Conductor,Femenino,NO,Sin Registro,Solo Daños,Choque,No mantener distancia de seguridad,Calle 37 Carrera 50,Glorieta Exito,Urbana,
2173341,08/11/2017,7:11 a.m.,Miércoles,Camioneta,Particular,Conductor,Masculino,NO,Sin Registro,Solo Daños,Choque,No mantener distancia de seguridad,Calle 37 Carrera 50,Glorieta Exito,Urbana,
2173359,08/11/2017,2:15 p.m.,Miércoles,Camioneta,Particular,Conductor,Masculino,NO,Sin Registro,Herido,Choque,No respetar prelacion,Calle 37  Sur Carrera 50,Las Vegas,Urbana,
2173359,08/11/2017,2:15 p.m.,Miércoles,Camion,Publico,Conductor,Masculino,NO,Sin Registro,Herido,Choque,No respetar prelacion,Calle 37  Sur Carrera 50,Las Vegas,Urbana,
2173359,08/11/2017,2:15 p.m.,Miércoles,Motocicleta,Particular,Motociclista,Femenino,NO,Sin Registro,Herido,Choque,No respetar prelacion,Calle 37  Sur Carrera 50,Las Vegas,Urbana,
2173360,08/11/2017,8:50 p.m.,Miércoles,Camioneta,Particular,Conductor,Masculino,NO,Sin Registro,Herido,Choque,Exceso de velocidad,Tramo 371 Kilometro  5,Vereda El Escobero,Rural,
2173360,08/11/2017,8:50 p.m.,Miércoles,Camioneta,Particular,Conductor,Masculino,NO,Sin Registro,Herido,Choque,Impericia en el manejo,Tramo 371 Kilometro  5,Vereda El Escobero,Rural,
2173333,08/11/2017,12:40 p.m.,Miércoles,Automovil,Publico,Conductor,Masculino,NO,Sin Registro,Herido,Choque,Poner en marcha un vehiculo sin precauci,Carrera 42 Calle 35  Sur,Zona Centro,Urbana,"(6.171623749, -75.58604338)"
2173333,08/11/2017,12:40 p.m.,Miércoles,Motocicleta,Particular,Motociclista,Femenino,NO,Sin Registro,Herido,Choque,Poner en marcha un vehiculo sin precauci,Carrera 42 Calle 35  Sur,Zona Centro,Urbana,"(6.171623749, -75.58604338)"
2173355,08/11/2017,5:30 p.m.,Miércoles,Bus,Publico,Conductor,Masculino,NO,Sin Registro,Solo Daños,Choque,No mantener distancia de seguridad,Carrera 43 A Calle 36  Sur,Zona Centro,Urbana,"(6.171753325, -75.58772767)"
2173355,08/11/2017,5:30 p.m.,Miércoles,Automovil,Publico,Conductor,Masculino,NO,Sin Registro,Solo Daños,Choque,No mantener distancia de seguridad,Carrera 43 A Calle 36  Sur,Zona Centro,Urbana,"(6.171753325, -75.58772767)"
2173351,08/11/2017,11:50 a.m.,Miércoles,Camion,Publico,Conductor,Masculino,NO,Sin Registro,Solo Daños,Choque,Adelantar cerrando,Calle 37  Sur Carrera 50,Las Vegas,Urbana,
2173351,08/11/2017,11:50 a.m.,Miércoles,Automovil,Particular,Conductor,Femenino,NO,Sin Registro,Solo Daños,Choque,Adelantar cerrando,Calle 37  Sur Carrera 50,Las Vegas,Urbana,
2173366,08/11/2017,9:55 a.m.,Miércoles,Automovil,Particular,Conductor,Masculino,NO,Sin Registro,Solo Daños,Choque,No mantener distancia de seguridad,Carrera 50 Calle 30  Sur,Las Vegas,Urbana,
2173366,08/11/2017,9:55 a.m.,Miércoles,Automovil,Particular,Conductor,Masculino,NO,Sin Registro,Solo Daños,Choque,No mantener distancia de seguridad,Carrera 50 Calle 30  Sur,Las Vegas,Urbana,
2173366,08/11/2017,9:55 a.m.,Miércoles,Campero,Particular,Conductor,Masculino,NO,Sin Registro,Solo Daños,Choque,No mantener distancia de seguridad,Carrera 50 Calle 30  Sur,Las Vegas,Urbana,
2173366,08/11/2017,9:55 a.m.,Miércoles,Camioneta,Particular,Conductor,Masculino,NO,Sin Registro,Solo Daños,Choque,No mantener distancia de seguridad,Carrera 50 Calle 30  Sur,Las Vegas,Urbana,
2173349,08/11/2017,10:50 a.m.,Miércoles,Bus,Publico,Conductor,Masculino,NO,Sin Registro,Solo Daños,Choque,Impericia en el manejo,Carrera 43 A Calle 36  Sur,Zona Centro,Urbana,"(6.171753325, -75.58772767)"
2173349,08/11/2017,10:50 a.m.,Miércoles,Camioneta,Particular,Conductor,Masculino,NO,Sin Registro,Solo Daños,Choque,Impericia en el manejo,Carrera 43 A Calle 36  Sur,Zona Centro,Urbana,"(6.171753325, -75.58772767)"
2173332,08/11/2017,5:50 p.m.,Miércoles,Camioneta,Oficial,Conductor,Masculino,NO,Sin Registro,Solo Daños,Choque,No mantener distancia de seguridad,Calle 38 A Sur Carrera 46,Alcala,Urbana,"(6.171457357, -75.59157663)"
2173332,08/11/2017,5:50 p.m.,Miércoles,Motocicleta,Particular,Motociclista,Masculino,NO,Sin Registro,Solo Daños,Choque,No mantener distancia de seguridad,Calle 38 A Sur Carrera 46,Alcala,Urbana,"(6.171457357, -75.59157663)"
2173363,09/11/2017,3:00 p.m.,Jueves,Automovil,Particular,Conductor,Masculino,NO,Sin Registro,Solo Daños,Choque,Exceso de velocidad,Transversal 36 Diagonal 30,La Sebastiana,Urbana,"(6.168076323, -75.57994415)"
2173363,09/11/2017,3:00 p.m.,Jueves,Motocicleta,Particular,Motociclista,Masculino,NO,Sin Registro,Solo Daños,Choque,No mantener distancia de seguridad,Transversal 36 Diagonal 30,La Sebastiana,Urbana,"(6.168076323, -75.57994415)"
2173363,09/11/2017,3:00 p.m.,Jueves,Motocicleta,Particular,Motociclista,Masculino,NO,Sin Registro,Solo Daños,Choque,Exceso de velocidad,Transversal 36 Diagonal 30,La Sebastiana,Urbana,"(6.168076323, -75.57994415)"
2173363,09/11/2017,3:00 p.m.,Jueves,Automovil,Particular,Conductor,Masculino,NO,Sin Registro,Solo Daños,Choque,No mantener distancia de seguridad,Transversal 36 Diagonal 30,La Sebastiana,Urbana,"(6.168076323, -75.57994415)"
2173372,09/11/2017,6:15 a.m.,Jueves,Automovil,Particular,Conductor,Masculino,NO,Sin Registro,Solo Daños,Choque,Adelantar cerrando,Calle 25  Sur Carrera 47,Zuñiga,Urbana,
2173372,09/11/2017,6:15 a.m.,Jueves,Campero,Particular,Conductor,Femenino,NO,Sin Registro,Solo Daños,Choque,Adelantar cerrando,Calle 25  Sur Carrera 47,Zuñiga,Urbana,
2173354,09/11/2017,6:00 p.m.,Jueves,Campero,Particular,Conductor,Femenino,NO,Sin Registro,Solo Daños,Choque,No mantener distancia de seguridad,Carrera 48 Calle 36  Sur,Las Vegas,Urbana,"(6.173906662, -75.59187541)"
2173354,09/11/2017,6:00 p.m.,Jueves,Automovil,Particular,Conductor,Masculino,NO,Sin Registro,Solo Daños,Choque,No mantener distancia de seguridad,Carrera 48 Calle 36  Sur,Las Vegas,Urbana,"(6.173906662, -75.59187541)"
2173364,09/11/2017,1:40 p.m.,Jueves,Camion,Publico,Conductor,Masculino,NO,Sin Registro,Solo Daños,Choque,Adelantar cerrando,Carrera 43 A Calle 38  Sur,Zona Centro,Urbana,"(6.170421178, -75.58859877)"
2173364,09/11/2017,1:40 p.m.,Jueves,Camioneta,Particular,Conductor,Masculino,NO,Sin Registro,Solo Daños,Choque,Adelantar cerrando,Carrera 43 A Calle 38  Sur,Zona Centro,Urbana,"(6.170421178, -75.58859877)"
2173362,09/11/2017,9:50 p.m.,Jueves,Motocicleta,Particular,Motociclista,Femenino,NO,Sin Registro,Herido,Choque,Semaforo en rojo,Carrera 48 Calle 25  Sur,Las Vegas,Urbana,"(6.185059174, -75.58329333)"
2173362,09/11/2017,9:50 p.m.,Jueves,Motocicleta,Particular,Motociclista,Femenino,NO,Sin Registro,Herido,Choque,Semaforo en rojo,Carrera 48 Calle 25  Sur,Las Vegas,Urbana,"(6.185059174, -75.58329333)"
2173367,09/11/2017,9:50 p.m.,Jueves,Campero,Particular,Conductor,Masculino,NO,Sin Registro,Herido,Choque,Transitar entre vehiculos,Calle 40 B Sur Carrera 40 A,El Dorado,Urbana,"(6.165969162, -75.58780013)"
2173367,09/11/2017,9:50 p.m.,Jueves,Motocicleta,Particular,Motociclista,Masculino,NO,Sin Registro,Herido,Choque,Transitar entre vehiculos,Calle 40 B Sur Carrera 40 A,El Dorado,Urbana,"(6.165969162, -75.58780013)"
2173350,09/11/2017,9:57 p.m.,Jueves,Automovil,Particular,Conductor,Masculino,NO,Sin Registro,Solo Daños,Choque,Impericia en el manejo,Calle 31 A Sur Carrera 43 A,San Marcos,Urbana,"(6.17641909, -75.58556133)"
2173350,09/11/2017,9:57 p.m.,Jueves,Automovil,Particular,Conductor,Femenino,NO,Sin Registro,Solo Daños,Choque,Impericia en el manejo,Calle 31 A Sur Carrera 43 A,San Marcos,Urbana,"(6.17641909, -75.58556133)"
2173361,09/11/2017,5:40 p.m.,Jueves,Automovil,Particular,Conductor,Masculino,NO,Sin Registro,Herido,Choque,Exceso de velocidad,Tramo 372 Kilometro  13,Vereda Palmas,Rural,
2173361,09/11/2017,5:40 p.m.,Jueves,Automovil,Particular,Conductor,Masculino,NO,Sin Registro,Herido,Choque,Impericia en el manejo,Tramo 372 Kilometro  13,Vereda Palmas,Rural,
2173374,10/11/2017,4:00 p.m.,Viernes,Automovil,Particular,Conductor,Masculino,NO,Sin Registro,Solo Daños,Choque,No mantener distancia de seguridad,Carrera 48 Calle 35  Sur,Glorieta Exito,Urbana,"(6.174910353, -75.59114403)"
2173374,10/11/2017,4:00 p.m.,Viernes,Camioneta,Particular,Conductor,Masculino,NO,Sin Registro,Solo Daños,Choque,No mantener distancia de seguridad,Carrera 48 Calle 35  Sur,Glorieta Exito,Urbana,"(6.174910353, -75.59114403)"
2173382,10/11/2017,12:00 p.m.,Viernes,Automovil,Particular,Conductor,Masculino,NO,Sin Registro,Solo Daños,Choque,Transitar entre vehiculos,Carrera 41 Calle 39  Sur,El Dorado,Urbana,"(6.167744498, -75.5874224)"
2173382,10/11/2017,12:00 p.m.,Viernes,Motocicleta,Particular,Motociclista,Masculino,NO,Sin Registro,Solo Daños,Choque,Transitar entre vehiculos,Carrera 41 Calle 39  Sur,El Dorado,Urbana,"(6.167744498, -75.5874224)"
2173384,10/11/2017,12:00 p.m.,Viernes,Bus,Publico,Conductor,Masculino,NO,Sin Registro,Solo Daños,Choque,Poner en marcha un vehiculo sin precauci,Calle 39  Sur Carrera 43,Zona Centro,Urbana,"(6.168678771, -75.58876156)"
2173384,10/11/2017,12:00 p.m.,Viernes,Automovil,Particular,Conductor,Femenino,NO,Sin Registro,Solo Daños,Choque,Poner en marcha un vehiculo sin precauci,Calle 39  Sur Carrera 43,Zona Centro,Urbana,"(6.168678771, -75.58876156)"
2173430,10/11/2017,12:00 p.m.,Viernes,Bus,Publico,Conductor,Masculino,NO,Sin Registro,Solo Daños,Choque,No respetar pelacion de interseccion o giros,Calle 46 E Sur Carrera 42,El Trianon,Urbana,"(6.161931332, -75.59358495)"
2173430,10/11/2017,12:00 p.m.,Viernes,Motocicleta,Particular,Motociclista,Masculino,NO,Sin Registro,Solo Daños,Choque,No respetar prelacion,Calle 46 E Sur Carrera 42,El Trianon,Urbana,"(6.161931332, -75.59358495)"
2173430,10/11/2017,12:00 p.m.,Viernes,Motocicleta,Particular,Motociclista,Masculino,NO,Sin Registro,Solo Daños,Choque,No respetar pelacion de interseccion o giros,Calle 46 E Sur Carrera 42,El Trianon,Urbana,"(6.161931332, -75.59358495)"
2173430,10/11/2017,12:00 p.m.,Viernes,Bus,Publico,Conductor,Masculino,NO,Sin Registro,Solo Daños,Choque,No respetar prelacion,Calle 46 E Sur Carrera 42,El Trianon,Urbana,"(6.161931332, -75.59358495)"
2173416,10/11/2017,10:05 a.m.,Viernes,Camioneta,Particular,Conductor,Masculino,NO,Sin Registro,Solo Daños,Choque,No mantener distancia de seguridad,Tramo 372 Kilometro  13,Vereda Palmas,Rural,
2173416,10/11/2017,10:05 a.m.,Viernes,Camioneta,Particular,Conductor,Masculino,NO,Sin Registro,Solo Daños,Choque,No mantener distancia de seguridad,Tramo 372 Kilometro  13,Vereda Palmas,Rural,
2173369,10/11/2017,12:10 p.m.,Viernes,Automovil,Particular,Conductor,Masculino,NO,Sin Registro,Solo Daños,Choque,Transitar entre vehiculos,Calle 38 A Sur Carrera 41,Zona Centro,Urbana,"(6.168560755, -75.58701537)"
2173369,10/11/2017,12:10 p.m.,Viernes,Motocicleta,Particular,Motociclista,Masculino,NO,Sin Registro,Solo Daños,Choque,Transitar entre vehiculos,Calle 38 A Sur Carrera 41,Zona Centro,Urbana,"(6.168560755, -75.58701537)"
2173383,10/11/2017,9:16 a.m.,Viernes,Automovil,Particular,Conductor,Masculino,NO,Sin Registro,Solo Daños,Choque,No mantener distancia de seguridad,Calle 48 C Sur Carrera 46,Las Casitas,Urbana,"(6.162854875, -75.59974437)"
2173383,10/11/2017,9:16 a.m.,Viernes,Camioneta,Particular,Conductor,Femenino,NO,Sin Registro,Solo Daños,Choque,No mantener distancia de seguridad,Calle 48 C Sur Carrera 46,Las Casitas,Urbana,"(6.162854875, -75.59974437)"
2173375,10/11/2017,5:20 p.m.,Viernes,Motocicleta,Particular,Motociclista,Masculino,NO,Sin Registro,Solo Daños,Choque,Transitar entre vehiculos,Calle 32  Sur Carrera 47,El Portal,Urbana,"(6.17760103, -75.58948258)"
2173375,10/11/2017,5:20 p.m.,Viernes,Automovil,Publico,Conductor,Masculino,NO,Sin Registro,Solo Daños,Choque,Adelantar en zona prohibida,Calle 32  Sur Carrera 47,El Portal,Urbana,"(6.17760103, -75.58948258)"
2173375,10/11/2017,5:20 p.m.,Viernes,Automovil,Publico,Conductor,Masculino,NO,Sin Registro,Solo Daños,Choque,Transitar entre vehiculos,Calle 32  Sur Carrera 47,El Portal,Urbana,"(6.17760103, -75.58948258)"
2173381,10/11/2017,8:30 a.m.,Viernes,Motocicleta,Particular,Motociclista,Masculino,NO,Sin Registro,Herido,Choque,No mantener distancia de seguridad,Carrera 50 Calle 37  Sur,Las Vegas,Urbana,
2173375,10/11/2017,5:20 p.m.,Viernes,Motocicleta,Particular,Motociclista,Masculino,NO,Sin Registro,Solo Daños,Choque,Adelantar en zona prohibida,Calle 32  Sur Carrera 47,El Portal,Urbana,"(6.17760103, -75.58948258)"
2173381,10/11/2017,8:30 a.m.,Viernes,Automovil,Publico,Conductor,Masculino,NO,Sin Registro,Herido,Choque,No mantener distancia de seguridad,Carrera 50 Calle 37  Sur,Las Vegas,Urbana,
2173394,10/11/2017,6:30 p.m.,Viernes,Automovil,Particular,Conductor,Masculino,NO,Sin Registro,Herido,Choque,Desobedecer senales,Transversal 35  Sur Diagonal 31,La Sebastiana,Urbana,"(6.170190736, -75.57967219)"
2173394,10/11/2017,6:30 p.m.,Viernes,Motocicleta,Particular,Motociclista,Femenino,NO,Sin Registro,Herido,Choque,Desobedecer senales,Transversal 35  Sur Diagonal 31,La Sebastiana,Urbana,"(6.170190736, -75.57967219)"
2173443,10/11/2017,6:30 p.m.,Viernes,Camion,Publico,Conductor,Masculino,NO,Sin Registro,Solo Daños,Choque,No respetar prelacion,Carrera 42 Calle 33 B Sur,Zona Centro,Urbana,"(6.172431982, -75.58552861)"
2173443,10/11/2017,6:30 p.m.,Viernes,Automovil,Particular,Conductor,Femenino,NO,Sin Registro,Solo Daños,Choque,No respetar prelacion,Carrera 42 Calle 33 B Sur,Zona Centro,Urbana,"(6.172431982, -75.58552861)"
2173399,10/11/2017,9:40 a.m.,Viernes,Camioneta,Publico,Conductor,Masculino,NO,Sin Registro,Solo Daños,Choque,Impericia en el manejo,Calle 38  Sur Carrera 45 A,Alcala,Urbana,"(6.17126287, -75.59030689)"
2173399,10/11/2017,9:40 a.m.,Viernes,Camioneta,Publico,Conductor,Masculino,NO,Sin Registro,Solo Daños,Choque,Carga sobresaliente sin autorizacion,Calle 38  Sur Carrera 45 A,Alcala,Urbana,"(6.17126287, -75.59030689)"
2173399,10/11/2017,9:40 a.m.,Viernes,Camioneta,Publico,Conductor,Masculino,NO,Sin Registro,Solo Daños,Choque,Impericia en el manejo,Calle 38  Sur Carrera 45 A,Alcala,Urbana,"(6.17126287, -75.59030689)"
2173397,10/11/2017,4:40 p.m.,Viernes,Automovil,Particular,Conductor,Masculino,NO,Sin Registro,Solo Daños,Choque,Impericia en el manejo,Calle 37  Sur Carrera 49,Glorieta De Peldar,Urbana,"(6.174789471, -75.59420424)"
2173397,10/11/2017,4:40 p.m.,Viernes,Buseta,Publico,Conductor,Masculino,NO,Sin Registro,Solo Daños,Choque,Impericia en el manejo,Calle 37  Sur Carrera 49,Glorieta De Peldar,Urbana,"(6.174789471, -75.59420424)"
2173399,10/11/2017,9:40 a.m.,Viernes,Camioneta,Publico,Conductor,Masculino,NO,Sin Registro,Solo Daños,Choque,Carga sobresaliente sin autorizacion,Calle 38  Sur Carrera 45 A,Alcala,Urbana,"(6.17126287, -75.59030689)"
2173400,10/11/2017,10:02 p.m.,Viernes,Automovil,Particular,Conductor,Femenino,NO,Sin Registro,Herido,Choque,No mantener distancia de seguridad,Carrera 27 G Calle 28  Sur,Vereda El Escobero,Urbana,
2173400,10/11/2017,10:02 p.m.,Viernes,Bicicleta,Sin Registro,Ciclista,Masculino,NO,Sin Registro,Herido,Choque,No mantener distancia de seguridad,Carrera 27 G Calle 28  Sur,Vereda El Escobero,Urbana,
2173365,10/11/2017,10:30 p.m.,Viernes,Campero,Particular,Conductor,Femenino,NO,Sin Registro,Solo Daños,Choque,Poner en marcha un vehiculo sin precauci,Tramo 372 Kilometro  13,Vereda Palmas,Rural,
2173365,10/11/2017,10:30 p.m.,Viernes,Motocicleta,Particular,Motociclista,Masculino,NO,Sin Registro,Solo Daños,Choque,Poner en marcha un vehiculo sin precauci,Tramo 372 Kilometro  13,Vereda Palmas,Rural,
2173371,11/11/2017,1:00 p.m.,Sábado,Motocicleta,Particular,Motociclista,Masculino,NO,Sin Registro,Solo Daños,Choque,Poner en marcha un vehiculo sin precauci,Transversal 36  Sur Diagonal 32,Los Naranjos,Urbana,"(6.168381521, -75.58064456)"
2173371,11/11/2017,1:00 p.m.,Sábado,Automovil,Particular,Conductor,Masculino,NO,Sin Registro,Solo Daños,Choque,Poner en marcha un vehiculo sin precauci,Transversal 36  Sur Diagonal 32,Los Naranjos,Urbana,"(6.168381521, -75.58064456)"
2173427,11/14/2017,7:10 a.m.,Martes,Bus,Publico,Conductor,Masculino,NO,Sin Registro,Solo Daños,Choque,Desobedecer senales,Carrera 50 Calle 37  Sur,Las Vegas,Urbana,
2173403,11/11/2017,1:00 p.m.,Sábado,Automovil,Particular,Conductor,Femenino,NO,Sin Registro,Solo Daños,Choque,No mantener distancia de seguridad,Carrera 27 Calle 23  Sur,La Inmaculada,Urbana,"(6.176588834, -75.56744599)"
2173403,11/11/2017,1:00 p.m.,Sábado,Automovil,Particular,Conductor,Femenino,NO,Sin Registro,Solo Daños,Choque,No mantener distancia de seguridad,Carrera 27 Calle 23  Sur,La Inmaculada,Urbana,"(6.176588834, -75.56744599)"
2173391,11/11/2017,1:00 a.m.,Sábado,Motocicleta,Particular,Motociclista,Masculino,NO,Sin Registro,Herido,Caida Ocupante,Impericia en el manejo,Carrera 48 Calle 50  Sur,Las Vegas,Urbana,
2173389,11/11/2017,8:00 a.m.,Sábado,Automovil,Particular,Conductor,Masculino,NO,Sin Registro,Solo Daños,Choque,No mantener distancia de seguridad,Diagonal 31 Transversal 33 A Sur,Las Flores,Urbana,"(6.173761816, -75.5789197)"
2173389,11/11/2017,8:00 a.m.,Sábado,Automovil,Particular,Conductor,Femenino,NO,Sin Registro,Solo Daños,Choque,No mantener distancia de seguridad,Diagonal 31 Transversal 33 A Sur,Las Flores,Urbana,"(6.173761816, -75.5789197)"
2173401,11/11/2017,2:00 p.m.,Sábado,Motocicleta,Particular,Motociclista,Femenino,NO,Sin Registro,Solo Daños,Choque,Adelantar cerrando,Carrera 39 Calle 34 D Sur,Los Naranjos,Urbana,"(6.170341462, -75.58402941)"
2173401,11/11/2017,2:00 p.m.,Sábado,Camioneta,Particular,Conductor,Masculino,NO,Sin Registro,Solo Daños,Choque,Adelantar invadiendo carril del mismo sentido en zigzag,Carrera 39 Calle 34 D Sur,Los Naranjos,Urbana,"(6.170341462, -75.58402941)"
2173401,11/11/2017,2:00 p.m.,Sábado,Camioneta,Particular,Conductor,Masculino,NO,Sin Registro,Solo Daños,Choque,Adelantar cerrando,Carrera 39 Calle 34 D Sur,Los Naranjos,Urbana,"(6.170341462, -75.58402941)"
2173401,11/11/2017,2:00 p.m.,Sábado,Motocicleta,Particular,Motociclista,Femenino,NO,Sin Registro,Solo Daños,Choque,Adelantar invadiendo carril del mismo sentido en zigzag,Carrera 39 Calle 34 D Sur,Los Naranjos,Urbana,"(6.170341462, -75.58402941)"
2173396,11/11/2017,7:50 p.m.,Sábado,Automovil,Particular,Conductor,Masculino,NO,Sin Registro,Solo Daños,Choque,No respetar pelacion de interseccion o giros,Carrera 48 Calle 38 A Sur,Las Vegas,Urbana,"(6.172315595, -75.59309025)"
2173396,11/11/2017,7:50 p.m.,Sábado,Buseta,Publico,Conductor,Masculino,NO,Sin Registro,Solo Daños,Choque,Adelantar invadiendo carril del mismo sentido en zigzag,Carrera 48 Calle 38 A Sur,Las Vegas,Urbana,"(6.172315595, -75.59309025)"
2173396,11/11/2017,7:50 p.m.,Sábado,Buseta,Publico,Conductor,Masculino,NO,Sin Registro,Solo Daños,Choque,No respetar pelacion de interseccion o giros,Carrera 48 Calle 38 A Sur,Las Vegas,Urbana,"(6.172315595, -75.59309025)"
2173396,11/11/2017,7:50 p.m.,Sábado,Automovil,Particular,Conductor,Masculino,NO,Sin Registro,Solo Daños,Choque,Adelantar invadiendo carril del mismo sentido en zigzag,Carrera 48 Calle 38 A Sur,Las Vegas,Urbana,"(6.172315595, -75.59309025)"
2173405,11/11/2017,6:30 a.m.,Sábado,Bus,Publico,Conductor,Masculino,NO,Sin Registro,Solo Daños,Choque,No respetar prelacion,Carrera 49 A Calle 46 A Sur,Las Vegas,Urbana,"(6.167871749, -75.60213877)"
2173405,11/11/2017,6:30 a.m.,Sábado,Motocicleta,Particular,Motociclista,Masculino,NO,Sin Registro,Solo Daños,Choque,No respetar prelacion,Carrera 49 A Calle 46 A Sur,Las Vegas,Urbana,"(6.167871749, -75.60213877)"
2173379,11/11/2017,2:20 p.m.,Sábado,Camion,Publico,Conductor,Masculino,NO,Sin Registro,Solo Daños,Choque,Desobedecer senales,Transversal 34 A Sur Diagonal 33,La Magnolia,Urbana,"(6.172257269, -75.58375627)"
2173379,11/11/2017,2:20 p.m.,Sábado,Motocicleta,Particular,Motociclista,Masculino,NO,Sin Registro,Solo Daños,Choque,Desobedecer senales,Transversal 34 A Sur Diagonal 33,La Magnolia,Urbana,"(6.172257269, -75.58375627)"
2173388,11/11/2017,12:30 p.m.,Sábado,Camion,Publico,Conductor,Masculino,NO,Sin Registro,Solo Daños,Choque,Adelantar cerrando,Carrera 48 Calle 30  Sur,Las Vegas,Urbana,"(6.179366643, -75.5880841)"
2173388,11/11/2017,12:30 p.m.,Sábado,Automovil,Particular,Conductor,Masculino,NO,Sin Registro,Solo Daños,Choque,Adelantar cerrando,Carrera 48 Calle 30  Sur,Las Vegas,Urbana,"(6.179366643, -75.5880841)"
2173413,11/11/2017,2:30 p.m.,Sábado,Bus,Publico,Conductor,Masculino,NO,Sin Registro,Solo Daños,Choque,Desobedecer senales,Calle 40 C Sur Carrera 30 A,La Mina,Urbana,"(6.161689933, -75.58340472)"
2173413,11/11/2017,2:30 p.m.,Sábado,Automovil,Publico,Conductor,Masculino,NO,Sin Registro,Solo Daños,Choque,Desobedecer senales,Calle 40 C Sur Carrera 30 A,La Mina,Urbana,"(6.161689933, -75.58340472)"
2173427,11/14/2017,7:10 a.m.,Martes,Camion,Publico,Conductor,Masculino,NO,Sin Registro,Solo Daños,Choque,Desobedecer senales,Carrera 50 Calle 37  Sur,Las Vegas,Urbana,
2173436,11/11/2017,9:40 p.m.,Sábado,Motocicleta,Particular,Motociclista,Masculino,NO,Sin Registro,Solo Daños,Choque,Exceso de velocidad,Calle 40  Sur Carrera 25,El Salado,Urbana,"(6.153533784, -75.5786843)"
2173436,11/11/2017,9:40 p.m.,Sábado,Motocicleta,Particular,Motociclista,Masculino,NO,Sin Registro,Solo Daños,Choque,Exceso de velocidad,Calle 40  Sur Carrera 25,El Salado,Urbana,"(6.153533784, -75.5786843)"
2173368,11/11/2017,5:30 p.m.,Sábado,Camioneta,Particular,Conductor,Masculino,NO,Sin Registro,Solo Daños,Choque,No mantener distancia de seguridad,Tramo 372 Kilometro  14,Vereda Palmas,Rural,
2173368,11/11/2017,5:30 p.m.,Sábado,Camioneta,Particular,Conductor,Masculino,NO,Sin Registro,Solo Daños,Choque,No mantener distancia de seguridad,Tramo 372 Kilometro  14,Vereda Palmas,Rural,
2173417,11/11/2017,2:45 p.m.,Sábado,Motocicleta,Particular,Motociclista,Masculino,NO,Sin Registro,Herido,Atropello,Cruzar sin observar,Calle 48 C Sur Carrera 46,Primavera,Urbana,"(6.162854875, -75.59974437)"
2173417,11/11/2017,2:45 p.m.,Sábado,Motocicleta,Particular,Motociclista,Masculino,NO,Sin Registro,Herido,Atropello,Exceso de velocidad,Calle 48 C Sur Carrera 46,Primavera,Urbana,"(6.162854875, -75.59974437)"
2173378,11/11/2017,10:45 a.m.,Sábado,Camioneta,Particular,Conductor,Masculino,NO,Sin Registro,Solo Daños,Choque,No respetar pelacion de interseccion o giros,Carrera 50 Calle 26  Sur,Las Vegas,Urbana,"(6.184812544, -75.58691109)"
2173378,11/11/2017,10:45 a.m.,Sábado,Automovil,Particular,Conductor,Femenino,NO,Sin Registro,Solo Daños,Choque,No respetar pelacion de interseccion o giros,Carrera 50 Calle 26  Sur,Las Vegas,Urbana,"(6.184812544, -75.58691109)"