RADICADO,FECHA,HORA,DÍA DE LA SEMANA,CLASE DE VEHICULO,TIPO DE SERVICIO,TIPO DE VICTIMA,SEXO,ESTADO DE BEODEZ,RESULTADO DE BEODEZ,GRAVEDAD,CLASE DE ACCIDENTE,CAUSA,DIRECCIÓN,BARRIO,AREA,Coordenadas
2173402,11/11/2017,4:50 p.m.,Sábado,Automovil,Particular,Conductor,Masculino,NO,Sin Registro,Solo Daños,Choque,Impericia en el manejo,Carrera 42 Calle 40 C Sur,El Dorado,Urbana,"(6.16670504, -75.58914119)"
2173402,11/11/2017,4:50 p.m.,Sábado,Automovil,Particular,Conductor,Masculino,NO,Sin Registro,Solo Daños,Choque,Poner en marcha un vehiculo sin precauci,Carrera 42 Calle 40 C Sur,El Dorado,Urbana,"(6.16670504, -75.58914119)"
2173402,11/11/2017,4:50 p.m.,Sábado,Automovil,Particular,Conductor,Masculino,NO,Sin Registro,Solo Daños,Choque,Impericia en el manejo,Carrera 42 Calle 40 C Sur,El Dorado,Urbana,"(6.16670504, -75.58914119)"
2173402,11/11/2017,4:50 p.m.,Sábado,Automovil,Particular,Conductor,Masculino,NO,Sin Registro,Solo Daños,Choque,Poner en marcha un vehiculo sin precauci,Carrera 42 Calle 40 C Sur,El Dorado,Urbana,"(6.16670504, -75.58914119)"
2173377,11/11/2017,2:40 a.m.,Sábado,Camioneta,Publico,Conductor,Masculino,NO,Sin Registro,Solo Daños,Choque,Desobedecer senales,Carrera 41 Calle 38  Sur,Zona Centro,Urbana,"(6.169124429, -75.58656013)"
2173377,11/11/2017,2:40 a.m.,Sábado,Automovil,Particular,Conductor,Masculino,NO,Sin Registro,Solo Daños,Choque,Desobedecer senales,Carrera 41 Calle 38  Sur,Zona Centro,Urbana,"(6.169124429, -75.58656013)"
2173380,12/11/2017,1:10 p.m.,Domingo,Campero,Particular,Conductor,Femenino,NO,Sin Registro,Solo Daños,Choque,No mantener distancia de seguridad,Carrera 50 Calle 43  Sur,Las Vegas,Urbana,
2173380,12/11/2017,1:10 p.m.,Domingo,Automovil,Publico,Conductor,Masculino,NO,Sin Registro,Solo Daños,Choque,No mantener distancia de seguridad,Carrera 50 Calle 43  Sur,Las Vegas,Urbana,
2173395,12/11/2017,8:30 p.m.,Domingo,Motocicleta,Particular,Motociclista,Masculino,NO,Sin Registro,Solo Daños,Choque,No mantener distancia de seguridad,Transversal 33 A Sur Diagonal 31,Las Flores,Urbana,"(6.173844844, -75.57902317)"
2173395,12/11/2017,8:30 p.m.,Domingo,Automovil,Particular,Conductor,Femenino,NO,Sin Registro,Solo Daños,Choque,No mantener distancia de seguridad,Transversal 33 A Sur Diagonal 31,Las Flores,Urbana,"(6.173844844, -75.57902317)"
2173393,12/11/2017,6:20 p.m.,Domingo,Automovil,Particular,Conductor,Masculino,NO,Sin Registro,Solo Daños,Choque,No mantener distancia de seguridad,Transversal 31  Sur Diagonal 32 D,La Magnolia,Urbana,"(6.176477274, -75.5843757)"
2173393,12/11/2017,6:20 p.m.,Domingo,Automovil,Particular,Conductor,Masculino,NO,Sin Registro,Solo Daños,Choque,No mantener distancia de seguridad,Transversal 31  Sur Diagonal 32 D,La Magnolia,Urbana,"(6.176477274, -75.5843757)"
2173435,12/11/2017,9:30 a.m.,Domingo,Camioneta,Publico,Conductor,Masculino,NO,Sin Registro,Solo Daños,Choque,No mantener distancia de seguridad,Tramo 372 Kilometro  120,Vereda Palmas,Rural,
2173435,12/11/2017,9:30 a.m.,Domingo,Bus,Publico,Conductor,Masculino,NO,Sin Registro,Solo Daños,Choque,No mantener distancia de seguridad,Tramo 372 Kilometro  120,Vereda Palmas,Rural,
2173470,11/14/2017,4:10 p.m.,Martes,Automovil,Particular,Conductor,Masculino,NO,Sin Registro,Solo Daños,Choque,Arrancar sin precaucion,Tramo 372 Kilometro  16,Vereda Palmas,Rural,
2173390,12/11/2017,2:30 p.m.,Domingo,Automovil,Particular,Conductor,Masculino,NO,Sin Registro,Solo Daños,Choque,Poner en marcha un vehiculo sin precauci,Calle 37  Sur Carrera 28,Vereda El Escobero,Urbana,"(6.165679454, -75.57834042)"
2173390,12/11/2017,2:30 p.m.,Domingo,Automovil,Particular,Conductor,Masculino,NO,Sin Registro,Solo Daños,Choque,Poner en marcha un vehiculo sin precauci,Calle 37  Sur Carrera 28,Vereda El Escobero,Urbana,"(6.165679454, -75.57834042)"
2173392,12/11/2017,2:30 p.m.,Domingo,Motocicleta,Particular,Motociclista,Masculino,NO,Sin Registro,Herido,Atropello,Cruzar sin observar,Carrera 42 A Calle 48 C Sur,Loma Del Barro,Urbana,"(6.159133247, -75.59638309)"
2173392,12/11/2017,2:30 p.m.,Domingo,Motocicleta,Particular,Motociclista,Masculino,NO,Sin Registro,Herido,Atropello,Impericia en el manejo,Carrera 42 A Calle 48 C Sur,Loma Del Barro,Urbana,"(6.159133247, -75.59638309)"
2173406,12/11/2017,9:50 p.m.,Domingo,Automovil,Particular,Conductor,Femenino,NO,Sin Registro,Herido,Choque,Desobedecer senales,Calle 30  Sur Carrera 46 A,Jardines,Urbana,"(6.179166125, -75.58749587)"
2173406,12/11/2017,9:50 p.m.,Domingo,Motocicleta,Particular,Motociclista,Masculino,NO,Sin Registro,Herido,Choque,Desobedecer senales,Calle 30  Sur Carrera 46 A,Jardines,Urbana,"(6.179166125, -75.58749587)"
2173373,12/11/2017,6:45 p.m.,Domingo,Bus,Publico,Conductor,Masculino,NO,Sin Registro,Herido,Choque,No respetar pelacion de interseccion o giros,Carrera 25 Calle 40 G Sur,La Mina,Urbana,"(6.153503423, -75.58064182)"
2173373,12/11/2017,6:45 p.m.,Domingo,Motocicleta,Particular,Motociclista,Masculino,NO,Sin Registro,Herido,Choque,No respetar pelacion de interseccion o giros,Carrera 25 Calle 40 G Sur,La Mina,Urbana,"(6.153503423, -75.58064182)"
2173404,12/11/2017,10:50 p.m.,Domingo,Automovil,Publico,Conductor,Masculino,NO,Sin Registro,Herido,Choque,Desobedecer senales,Calle 38  Sur Carrera 33,Mesa,Urbana,"(6.166254397, -75.58212883)"
2173404,12/11/2017,10:50 p.m.,Domingo,Automovil,Particular,Conductor,Femenino,NO,Sin Registro,Herido,Choque,Desobedecer senales,Calle 38  Sur Carrera 33,Mesa,Urbana,"(6.166254397, -75.58212883)"
2173385,11/13/2017,2:00 a.m.,Lunes,Automovil,Particular,Conductor,Masculino,NO,Sin Registro,Herido,Choque,Impericia en el manejo,Tramo 372 Kilometro  13,Vereda Palmas,Rural,
2173385,11/13/2017,2:00 a.m.,Lunes,Automovil,Particular,Conductor,Masculino,NO,Sin Registro,Herido,Choque,Exceso de velocidad,Tramo 372 Kilometro  13,Vereda Palmas,Rural,
2173407,11/14/2017,7:00 a.m.,Martes,Automovil,Particular,Conductor,Masculino,NO,Sin Registro,Herido,Choque,Adelantar invadiendo carril del mismo sentido en zigzag,Carrera 27 Calle 23  Sur,La Inmaculada,Urbana,"(6.176588834, -75.56744599)"
2173421,11/14/2017,6:10 a.m.,Martes,Automovil,Particular,Conductor,Femenino,NO,Sin Registro,Herido,Choque,Transitar entre vehiculos,Carrera 50 Calle 46 A Sur,Las Vegas,Urbana,"(6.16131219, -75.60319818)"
2173407,11/14/2017,7:00 a.m.,Martes,Automovil,Particular,Conductor,Masculino,NO,Sin Registro,Herido,Choque,Adelantar invadiendo carril del mismo sentido en zigzag,Carrera 27 Calle 23  Sur,La Inmaculada,Urbana,"(6.176588834, -75.56744599)"
2173407,11/14/2017,7:00 a.m.,Martes,Automovil,Publico,Conductor,Masculino,NO,Sin Registro,Herido,Choque,Adelantar invadiendo carril del mismo sentido en zigzag,Carrera 27 Calle 23  Sur,La Inmaculada,Urbana,"(6.176588834, -75.56744599)"
2173421,11/14/2017,6:10 a.m.,Martes,Motocicleta,Particular,Motociclista,Masculino,NO,Sin Registro,Herido,Choque,Transitar entre vehiculos,Carrera 50 Calle 46 A Sur,Las Vegas,Urbana,"(6.16131219, -75.60319818)"
2173421,11/14/2017,6:10 a.m.,Martes,Motocicleta,Particular,Motociclista,Masculino,NO,Sin Registro,Herido,Choque,Transitar entre vehiculos,Carrera 50 Calle 46 A Sur,Las Vegas,Urbana,"(6.16131219, -75.60319818)"
2173418,11/14/2017,3:00 p.m.,Martes,Motocicleta,Particular,Motociclista,Masculino,NO,Sin Registro,Herido,Atropello,Impericia en el manejo,Calle 40  Sur Carrera 27 A,San Jose,Urbana,"(6.158366235, -75.58080793)"
2173386,11/14/2017,11:00 a.m.,Martes,Camion,Publico,Conductor,Masculino,NO,Sin Registro,Herido,Atropello,Arrancar sin precaucion,Calle 37  Sur Carrera 39,Zona Centro,Urbana,"(6.169035546, -75.58484755)"
2173433,11/14/2017,1:10 p.m.,Martes,Campero,Particular,Conductor,Femenino,NO,Sin Registro,Solo Daños,Choque,No mantener distancia de seguridad,Carrera 48 Calle 25  Sur,Las Vegas,Urbana,"(6.185059174, -75.58329333)"
2173433,11/14/2017,1:10 p.m.,Martes,Motocicleta,Particular,Motociclista,Masculino,NO,Sin Registro,Solo Daños,Choque,No mantener distancia de seguridad,Carrera 48 Calle 25  Sur,Las Vegas,Urbana,"(6.185059174, -75.58329333)"
2173470,11/14/2017,4:10 p.m.,Martes,Automovil,Particular,Conductor,Femenino,NO,Sin Registro,Solo Daños,Choque,Arrancar sin precaucion,Tramo 372 Kilometro  16,Vereda Palmas,Rural,
2173470,11/14/2017,4:10 p.m.,Martes,Camion,Publico,Conductor,Masculino,NO,Sin Registro,Solo Daños,Choque,Arrancar sin precaucion,Tramo 372 Kilometro  16,Vereda Palmas,Rural,
2173387,11/14/2017,6:20 p.m.,Martes,Bus,Publico,Conductor,Masculino,NO,Sin Registro,Herido,Caida Ocupante,Transitar con las puertas abiertas,Carrera 42 Calle 40  Sur,El Dorado,Urbana,"(6.167092824, -75.58881112)"
2173387,11/14/2017,6:20 p.m.,Martes,Bus,Publico,Conductor,Masculino,NO,Sin Registro,Herido,Caida Ocupante,Arrancar sin precaucion,Carrera 42 Calle 40  Sur,El Dorado,Urbana,"(6.167092824, -75.58881112)"
2173398,11/14/2017,8:50 p.m.,Martes,Automovil,Particular,Conductor,Masculino,NO,Sin Registro,Solo Daños,Choque,No mantener distancia de seguridad,Carrera 48 Calle 25  Sur,Las Vegas,Urbana,"(6.185059174, -75.58329333)"
2173398,11/14/2017,8:50 p.m.,Martes,Campero,Particular,Conductor,Femenino,NO,Sin Registro,Solo Daños,Choque,No mantener distancia de seguridad,Carrera 48 Calle 25  Sur,Las Vegas,Urbana,"(6.185059174, -75.58329333)"
2173434,11/14/2017,7:30 a.m.,Martes,Camion,Publico,Conductor,Masculino,NO,Sin Registro,Solo Daños,Choque,Reverso imprudente,Tramo 372 Kilometro  12,Vereda Palmas,Rural,
2173434,11/14/2017,7:30 a.m.,Martes,Bus,Publico,Conductor,Masculino,NO,Sin Registro,Solo Daños,Choque,Reverso imprudente,Tramo 372 Kilometro  12,Vereda Palmas,Rural,
2173419,11/14/2017,9:45 a.m.,Martes,Automovil,Diplomatico,Conductor,Femenino,NO,Sin Registro,Herido,Choque,No mantener distancia de seguridad,Carrera 48 Calle 32 B Sur,Las Vegas,Urbana,"(6.176994311, -75.58984119)"
2173419,11/14/2017,9:45 a.m.,Martes,Motocicleta,Particular,Motociclista,Masculino,NO,Sin Registro,Herido,Choque,No mantener distancia de seguridad,Carrera 48 Calle 32 B Sur,Las Vegas,Urbana,"(6.176994311, -75.58984119)"
2173424,11/15/2017,7:44 p.m.,Miércoles,Automovil,Particular,Conductor,Masculino,NO,Sin Registro,Solo Daños,Choque,No mantener distancia de seguridad,Carrera 48 Calle 25 A Sur,Villa Grande,Urbana,"(6.184740152, -75.58365742)"
2173424,11/15/2017,7:44 p.m.,Miércoles,Camioneta,Particular,Conductor,Masculino,NO,Sin Registro,Solo Daños,Choque,No mantener distancia de seguridad,Carrera 48 Calle 25 A Sur,Villa Grande,Urbana,"(6.184740152, -75.58365742)"
2173410,11/15/2017,12:25 p.m.,Miércoles,Automovil,Particular,Conductor,Masculino,NO,Sin Registro,Solo Daños,Choque,No mantener distancia de seguridad,Carrera 43 A Calle 21  Sur,Zuñiga,Urbana,"(6.183599544, -75.57940986)"
2173410,11/15/2017,12:25 p.m.,Miércoles,Motocicleta,Particular,Motociclista,Masculino,NO,Sin Registro,Solo Daños,Choque,No mantener distancia de seguridad,Carrera 43 A Calle 21  Sur,Zuñiga,Urbana,"(6.183599544, -75.57940986)"
2173412,11/15/2017,10:20 a.m.,Miércoles,Bus,Publico,Conductor,Masculino,NO,Sin Registro,Solo Daños,Choque,No mantener distancia de seguridad,Carrera 42 Calle 41 B Sur,El Dorado,Urbana,"(6.165452222, -75.59156991)"
2173412,11/15/2017,10:20 a.m.,Miércoles,Camioneta,Particular,Conductor,Masculino,NO,Sin Registro,Solo Daños,Choque,No mantener distancia de seguridad,Carrera 42 Calle 41 B Sur,El Dorado,Urbana,"(6.165452222, -75.59156991)"
2173422,11/15/2017,12:40 p.m.,Miércoles,Bus,Publico,Conductor,Masculino,NO,Sin Registro,Herido,Caida Ocupante,Poner en marcha un vehiculo sin precauci,Calle 39  Sur Carrera 43,Zona Centro,Urbana,"(6.168678771, -75.58876156)"
2173432,11/15/2017,5:40 p.m.,Miércoles,Camioneta,Particular,Conductor,Masculino,NO,Sin Registro,Solo Daños,Choque,No mantener distancia de seguridad,Calle 25  Sur Carrera 43 A,Zuñiga,Urbana,"(6.181560189, -75.58201649)"
2173432,11/15/2017,5:40 p.m.,Miércoles,Automovil,Particular,Conductor,Masculino,NO,Sin Registro,Solo Daños,Choque,No mantener distancia de seguridad,Calle 25  Sur Carrera 43 A,Zuñiga,Urbana,"(6.181560189, -75.58201649)"
2173473,11/15/2017,5:45 p.m.,Miércoles,Automovil,Particular,Conductor,Femenino,NO,Sin Registro,Solo Daños,Choque,Reverso imprudente,Calle 36 A Sur Carrera 26 D,La Inmaculada,Urbana,"(6.167621297, -75.5785241)"
2173473,11/15/2017,5:45 p.m.,Miércoles,Campero,Particular,Conductor,Masculino,NO,Sin Registro,Solo Daños,Choque,Reverso imprudente,Calle 36 A Sur Carrera 26 D,La Inmaculada,Urbana,"(6.167621297, -75.5785241)"
2173420,11/16/2017,5:06 a.m.,Jueves,Bus,Publico,Conductor,Masculino,NO,Sin Registro,Herido,Choque,Semaforo en rojo,Calle 38  Sur Carrera 39,Zona Centro,Urbana,"(6.16839174, -75.5852478)"
2173420,11/16/2017,5:06 a.m.,Jueves,Motocicleta,Particular,Motociclista,Masculino,NO,Sin Registro,Herido,Choque,Semaforo en rojo,Calle 38  Sur Carrera 39,Zona Centro,Urbana,"(6.16839174, -75.5852478)"
2173429,11/16/2017,7:10 p.m.,Jueves,Automovil,Particular,Conductor,Masculino,NO,Sin Registro,Solo Daños,Choque,No mantener distancia de seguridad,Carrera 48 Calle 40  Sur,Las Vegas,Urbana,"(6.168855316, -75.59688767)"
2173429,11/16/2017,7:10 p.m.,Jueves,Automovil,Particular,Conductor,Masculino,NO,Sin Registro,Solo Daños,Choque,No mantener distancia de seguridad,Carrera 48 Calle 40  Sur,Las Vegas,Urbana,"(6.168855316, -75.59688767)"
2173423,11/16/2017,11:00 a.m.,Jueves,Motocicleta,Particular,Motociclista,Femenino,NO,Sin Registro,Herido,Caida Ocupante,Impericia en el manejo,Calle 41 B Sur Carrera 25,San Rafael,Urbana,"(6.15389729, -75.58609956)"
2173454,11/16/2017,11:20 a.m.,Jueves,Automovil,Particular,Conductor,Masculino,NO,Sin Registro,Solo Daños,Choque,No mantener distancia de seguridad,Calle 39  Sur Carrera 31,Mesa,Urbana,"(6.164350999, -75.58194251)"
2173454,11/16/2017,11:20 a.m.,Jueves,Automovil,Particular,Conductor,Masculino,NO,Sin Registro,Solo Daños,Choque,No mantener distancia de seguridad,Calle 39  Sur Carrera 31,Mesa,Urbana,"(6.164350999, -75.58194251)"
2173411,11/16/2017,8:20 a.m.,Jueves,Motocicleta,Particular,Motociclista,Masculino,NO,Sin Registro,Solo Daños,Choque,Adelantar cerrando,Carrera 50 Calle 30  Sur,Las Vegas,Urbana,
2173411,11/16/2017,8:20 a.m.,Jueves,Automovil,Publico,Conductor,Masculino,NO,Sin Registro,Solo Daños,Choque,Adelantar cerrando,Carrera 50 Calle 30  Sur,Las Vegas,Urbana,
2173415,11/16/2017,1:30 p.m.,Jueves,Automovil,Particular,Conductor,Femenino,NO,Sin Registro,Solo Daños,Choque,Adelantar en zona prohibida,Calle 32  Sur Carrera 48,Las Vegas,Urbana,
2173415,11/16/2017,1:30 p.m.,Jueves,Automovil,Particular,Conductor,Masculino,NO,Sin Registro,Solo Daños,Choque,Adelantar en zona prohibida,Calle 32  Sur Carrera 48,Las Vegas,Urbana,
2173414,11/16/2017,8:50 p.m.,Jueves,Automovil,Particular,Conductor,Femenino,NO,Sin Registro,Solo Daños,Choque,Desobedecer senales,Carrera 43 Calle 40 H Sur,El Dorado,Urbana,"(6.166951299, -75.59088678)"
2173414,11/16/2017,8:50 p.m.,Jueves,Automovil,Particular,Conductor,Masculino,NO,Sin Registro,Solo Daños,Choque,Desobedecer senales,Carrera 43 Calle 40 H Sur,El Dorado,Urbana,"(6.166951299, -75.59088678)"
2173414,11/16/2017,8:50 p.m.,Jueves,Automovil,Particular,Conductor,Masculino,NO,Sin Registro,Solo Daños,Choque,Desobedecer senales,Carrera 43 Calle 40 H Sur,El Dorado,Urbana,"(6.166951299, -75.59088678)"
2173474,11/16/2017,7:30 a.m.,Jueves,Campero,Particular,Conductor,Femenino,NO,Sin Registro,Solo Daños,Choque,No mantener distancia de seguridad,Tramo 372 Kilometro  14,Vereda Palmas,Rural,
2173474,11/16/2017,7:30 a.m.,Jueves,Automovil,Particular,Conductor,Masculino,NO,Sin Registro,Solo Daños,Choque,No mantener distancia de seguridad,Tramo 372 Kilometro  14,Vereda Palmas,Rural,
2173474,11/16/2017,7:30 a.m.,Jueves,Automovil,Particular,Conductor,Masculino,NO,Sin Registro,Solo Daños,Choque,No mantener distancia de seguridad,Tramo 372 Kilometro  14,Vereda Palmas,Rural,
2173408,11/16/2017,12:40 p.m.,Jueves,Camioneta,Particular,Conductor,Masculino,NO,Sin Registro,Solo Daños,Choque,Poner en marcha un vehiculo sin precauci,Carrera 43 A Calle 27 A Sur,Avenida El Poblado,Urbana,"(6.178993539, -75.58360591)"
2173408,11/16/2017,12:40 p.m.,Jueves,Motocicleta,Particular,Motociclista,Masculino,NO,Sin Registro,Solo Daños,Choque,Poner en marcha un vehiculo sin precauci,Carrera 43 A Calle 27 A Sur,Avenida El Poblado,Urbana,"(6.178993539, -75.58360591)"
2173426,11/16/2017,10:40 a.m.,Jueves,Automovil,Particular,Conductor,Femenino,NO,Sin Registro,Solo Daños,Choque,Desobedecer senales,Calle 39  Sur Carrera 29 B,San Jose,Urbana,"(6.162977847, -75.58055846)"
2173426,11/16/2017,10:40 a.m.,Jueves,Automovil,Particular,Conductor,Femenino,NO,Sin Registro,Solo Daños,Choque,No respetar prelacion,Calle 39  Sur Carrera 29 B,San Jose,Urbana,"(6.162977847, -75.58055846)"
2173426,11/16/2017,10:40 a.m.,Jueves,Automovil,Particular,Conductor,Femenino,NO,Sin Registro,Solo Daños,Choque,Desobedecer senales,Calle 39  Sur Carrera 29 B,San Jose,Urbana,"(6.162977847, -75.58055846)"
2173426,11/16/2017,10:40 a.m.,Jueves,Automovil,Particular,Conductor,Femenino,NO,Sin Registro,Solo Daños,Choque,No respetar prelacion,Calle 39  Sur Carrera 29 B,San Jose,Urbana,"(6.162977847, -75.58055846)"
2173455,11/17/2017,9:00 a.m.,Viernes,Camion,Publico,Conductor,Masculino,NO,Sin Registro,Solo Daños,Choque,Desobedecer senales,Carrera 50 Calle 37  Sur,Las Vegas,Urbana,
2173455,11/17/2017,9:00 a.m.,Viernes,Automovil,Particular,Conductor,Masculino,NO,Sin Registro,Solo Daños,Choque,Desobedecer senales,Carrera 50 Calle 37  Sur,Las Vegas,Urbana,
2173447,11/17/2017,11:06 a.m.,Viernes,Motocicleta,Particular,Motociclista,Masculino,NO,Sin Registro,Herido,Choque,Desobedecer senales,Carrera 43 A Calle 49 D Sur,Las Casitas,Urbana,"(6.160795834, -75.60064798)"
2173447,11/17/2017,11:06 a.m.,Viernes,Automovil,Publico,Conductor,Masculino,NO,Sin Registro,Herido,Choque,Desobedecer senales,Carrera 43 A Calle 49 D Sur,Las Casitas,Urbana,"(6.160795834, -75.60064798)"
2173475,11/17/2017,6:20 a.m.,Viernes,Automovil,Particular,Conductor,Masculino,NO,Sin Registro,Solo Daños,Choque,No mantener distancia de seguridad,Carrera 50 Calle 49  Sur,Las Vegas,Urbana,
2173475,11/17/2017,6:20 a.m.,Viernes,Automovil,Particular,Conductor,Femenino,NO,Sin Registro,Solo Daños,Choque,No mantener distancia de seguridad,Carrera 50 Calle 49  Sur,Las Vegas,Urbana,
2173440,11/17/2017,8:00 p.m.,Viernes,Automovil,Particular,Conductor,Femenino,NO,Sin Registro,Solo Daños,Choque,Impericia en el manejo,Calle 45 B Sur Carrera 43,La Paz,Urbana,"(6.164485785, -75.59467842)"
2173440,11/17/2017,8:00 p.m.,Viernes,Bus,Publico,Conductor,Masculino,NO,Sin Registro,Solo Daños,Choque,Impericia en el manejo,Calle 45 B Sur Carrera 43,La Paz,Urbana,"(6.164485785, -75.59467842)"
2173451,11/17/2017,3:20 p.m.,Viernes,Automovil,Particular,Conductor,Masculino,NO,Sin Registro,Solo Daños,Choque,No mantener distancia de seguridad,Carrera 48 Calle 39  Sur,Las Vegas,Urbana,"(6.17163722, -75.59364999)"
2173451,11/17/2017,3:20 p.m.,Viernes,Camioneta,Particular,Conductor,Femenino,NO,Sin Registro,Solo Daños,Choque,No mantener distancia de seguridad,Carrera 48 Calle 39  Sur,Las Vegas,Urbana,"(6.17163722, -75.59364999)"
2173462,11/17/2017,6:15 p.m.,Viernes,Automovil,Particular,Conductor,Masculino,NO,Sin Registro,Herido,Choque,Desobedecer senales,Carrera 42 B Calle 46 A Sur,La Paz,Urbana,"(6.162028226, -75.59449555)"
2173462,11/17/2017,6:15 p.m.,Viernes,Motocicleta,Particular,Motociclista,Masculino,NO,Sin Registro,Herido,Choque,Desobedecer senales,Carrera 42 B Calle 46 A Sur,La Paz,Urbana,"(6.162028226, -75.59449555)"
2173477,11/17/2017,9:20 a.m.,Viernes,Automovil,Particular,Conductor,Masculino,NO,Sin Registro,Solo Daños,Choque,Adelantar por la derecha,Carrera 48 Calle 34  Sur,El Portal,Urbana,"(6.175414344, -75.59078218)"
2173477,11/17/2017,9:20 a.m.,Viernes,Motocicleta,Particular,Motociclista,Masculino,NO,Sin Registro,Solo Daños,Choque,Adelantar por la derecha,Carrera 48 Calle 34  Sur,El Portal,Urbana,"(6.175414344, -75.59078218)"
2173476,11/17/2017,6:20 p.m.,Viernes,Automovil,Publico,Conductor,Masculino,NO,Sin Registro,Solo Daños,Choque,No mantener distancia de seguridad,Tramo 372 Kilometro  12,Vereda Palmas,Rural,
2173476,11/17/2017,6:20 p.m.,Viernes,Campero,Particular,Conductor,Masculino,NO,Sin Registro,Solo Daños,Choque,No mantener distancia de seguridad,Tramo 372 Kilometro  12,Vereda Palmas,Rural,
2173476,11/17/2017,6:20 p.m.,Viernes,Campero,Particular,Conductor,Femenino,NO,Sin Registro,Solo Daños,Choque,No mantener distancia de seguridad,Tramo 372 Kilometro  12,Vereda Palmas,Rural,
2173428,11/17/2017,8:50 p.m.,Viernes,Bus,Publico,Conductor,Masculino,NO,Sin Registro,Herido,Choque,Exceso de velocidad,Carrera 48 Calle 39  Sur,Las Vegas,Urbana,"(6.17163722, -75.59364999)"
2173428,11/17/2017,8:50 p.m.,Viernes,Bus,Publico,Conductor,Masculino,NO,Sin Registro,Herido,Choque,Impericia en el manejo,Carrera 48 Calle 39  Sur,Las Vegas,Urbana,"(6.17163722, -75.59364999)"
2173437,11/17/2017,7:30 a.m.,Viernes,Campero,Particular,Conductor,Masculino,NO,Sin Registro,Solo Daños,Choque,Impericia en el manejo,Tramo 373 Kilometro  8,Vereda Palmas,Rural,
2173437,11/17/2017,7:30 a.m.,Viernes,Camioneta,Particular,Conductor,Masculino,NO,Sin Registro,Solo Daños,Choque,Exceso de velocidad,Tramo 373 Kilometro  8,Vereda Palmas,Rural,
2173437,11/17/2017,7:30 a.m.,Viernes,Camioneta,Particular,Conductor,Masculino,NO,Sin Registro,Solo Daños,Choque,Impericia en el manejo,Tramo 373 Kilometro  8,Vereda Palmas,Rural,
2173437,11/17/2017,7:30 a.m.,Viernes,Campero,Particular,Conductor,Masculino,NO,Sin Registro,Solo Daños,Choque,Exceso de velocidad,Tramo 373 Kilometro  8,Vereda Palmas,Rural,
2173452,11/17/2017,8:40 a.m.,Viernes,Bus,Publico,Conductor,Masculino,NO,Sin Registro,Solo Daños,Choque,Adelantar en curva,Carrera 48 Calle 37  Sur,Glorieta Exito,Urbana,"(6.172859211, -75.59276992)"
2173452,11/17/2017,8:40 a.m.,Viernes,Camioneta,Particular,Conductor,Masculino,NO,Sin Registro,Solo Daños,Choque,Adelantar en curva,Carrera 48 Calle 37  Sur,Glorieta Exito,Urbana,"(6.172859211, -75.59276992)"
2173446,11/17/2017,9:45 p.m.,Viernes,Automovil,Particular,Conductor,Femenino,NO,Sin Registro,Solo Daños,Choque,Adelantar cerrando,Calle 39  Sur Carrera 47 A,Alcala,Urbana,"(6.171457478, -75.593353)"
2173446,11/17/2017,9:45 p.m.,Viernes,Automovil,Particular,Conductor,Femenino,NO,Sin Registro,Solo Daños,Choque,Adelantar cerrando,Calle 39  Sur Carrera 47 A,Alcala,Urbana,"(6.171457478, -75.593353)"
2173438,11/17/2017,6:45 p.m.,Viernes,Campero,Publico,Conductor,Masculino,NO,Sin Registro,Solo Daños,Choque,No mantener distancia de seguridad,Calle 37  Sur Carrera 49,Alcala,Urbana,"(6.174789471, -75.59420424)"
2173438,11/17/2017,6:45 p.m.,Viernes,Automovil,Particular,Conductor,Masculino,NO,Sin Registro,Solo Daños,Choque,No mantener distancia de seguridad,Calle 37  Sur Carrera 49,Alcala,Urbana,"(6.174789471, -75.59420424)"
2173453,11/17/2017,9:50 a.m.,Viernes,Camion,Publico,Conductor,Masculino,NO,Sin Registro,Solo Daños,Choque,Reverso imprudente,Calle 43  Sur Carrera 48,Las Vegas,Urbana,"(6.168592602, -75.597529)"
2173453,11/17/2017,9:50 a.m.,Viernes,Tractocamion,Publico,Conductor,Masculino,NO,Sin Registro,Solo Daños,Choque,Reverso imprudente,Calle 43  Sur Carrera 48,Las Vegas,Urbana,"(6.168592602, -75.597529)"
2173439,11/18/2017,3:00 p.m.,Sábado,Automovil,Publico,Conductor,Masculino,NO,Sin Registro,Solo Daños,Choque,No mantener distancia de seguridad,Carrera 50 Calle 46 A Sur,Las Vegas,Urbana,"(6.16131219, -75.60319818)"
2173439,11/18/2017,3:00 p.m.,Sábado,Motocicleta,Particular,Motociclista,Masculino,NO,Sin Registro,Solo Daños,Choque,No mantener distancia de seguridad,Carrera 50 Calle 46 A Sur,Las Vegas,Urbana,"(6.16131219, -75.60319818)"
2173459,11/18/2017,3:00 p.m.,Sábado,Automovil,Particular,Conductor,Femenino,NO,Sin Registro,Solo Daños,Choque,No respetar pelacion de interseccion o giros,Calle 37  Sur Carrera 42,Zona Centro,Urbana,"(6.17029993, -75.58693548)"
2173459,11/18/2017,3:00 p.m.,Sábado,Bus,Publico,Conductor,Masculino,NO,Sin Registro,Solo Daños,Choque,Adelantar cerrando,Calle 37  Sur Carrera 42,Zona Centro,Urbana,"(6.17029993, -75.58693548)"