RADICADO,FECHA,HORA,DÍA DE LA SEMANA,CLASE DE VEHICULO,TIPO DE SERVICIO,TIPO DE VICTIMA,SEXO,ESTADO DE BEODEZ,RESULTADO DE BEODEZ,GRAVEDAD,CLASE DE ACCIDENTE,CAUSA,DIRECCIÓN,BARRIO,AREA,Coordenadas
2173516,11/23/2017,8:45 a.m.,Jueves,Camion,Publico,Conductor,Masculino,NO,Sin Registro,Solo Daños,Choque,Poner en marcha un vehiculo sin precauci,Carrera 49 Calle 48  Sur,Las Vegas,Urbana,"(6.163238618, -75.60250718)"
2173491,11/23/2017,1:55 p.m.,Jueves,Camioneta,Particular,Conductor,Masculino,NO,Sin Registro,Herido,Choque,Semaforo en rojo,Calle 38  Sur Carrera 41,Zona Centro,Urbana,"(6.169244976, -75.58658807)"
2173491,11/23/2017,1:55 p.m.,Jueves,Motocicleta,Particular,Motociclista,Masculino,NO,Sin Registro,Herido,Choque,Semaforo en rojo,Calle 38  Sur Carrera 41,Zona Centro,Urbana,"(6.169244976, -75.58658807)"
2173490,11/23/2017,4:50 p.m.,Jueves,Automovil,Particular,Conductor,Masculino,NO,Sin Registro,Herido,Choque,No mantener distancia de seguridad,Carrera 50 Calle 25 A Sur,Las Vegas,Urbana,"(6.186515998, -75.58512541)"
2173490,11/23/2017,4:50 p.m.,Jueves,Motocicleta,Particular,Motociclista,Masculino,NO,Sin Registro,Herido,Choque,No mantener distancia de seguridad,Carrera 50 Calle 25 A Sur,Las Vegas,Urbana,"(6.186515998, -75.58512541)"
2173505,11/23/2017,5:45 p.m.,Jueves,Automovil,Publico,Conductor,Masculino,NO,Sin Registro,Solo Daños,Choque,Arrancar sin precaucion,Carrera 38 Calle 38  Sur,Zona Centro,Urbana,"(6.167921341, -75.58467168)"
2173505,11/23/2017,5:45 p.m.,Jueves,Camioneta,Particular,Conductor,Masculino,NO,Sin Registro,Solo Daños,Choque,Arrancar sin precaucion,Carrera 38 Calle 38  Sur,Zona Centro,Urbana,"(6.167921341, -75.58467168)"
2173511,11/24/2017,7:10 p.m.,Viernes,Camioneta,Particular,Conductor,Masculino,NO,Sin Registro,Solo Daños,Choque,Adelantar cerrando,Calle 37  Sur Diagonal 31,Manuel Uribe Angel,Urbana,"(6.166120684, -75.58074061)"
2173511,11/24/2017,7:10 p.m.,Viernes,Automovil,Particular,Conductor,Femenino,NO,Sin Registro,Solo Daños,Choque,No respetar pelacion de interseccion o giros,Calle 37  Sur Diagonal 31,Manuel Uribe Angel,Urbana,"(6.166120684, -75.58074061)"
2173511,11/24/2017,7:10 p.m.,Viernes,Automovil,Particular,Conductor,Femenino,NO,Sin Registro,Solo Daños,Choque,Adelantar cerrando,Calle 37  Sur Diagonal 31,Manuel Uribe Angel,Urbana,"(6.166120684, -75.58074061)"
2173511,11/24/2017,7:10 p.m.,Viernes,Camioneta,Particular,Conductor,Masculino,NO,Sin Registro,Solo Daños,Choque,No respetar pelacion de interseccion o giros,Calle 37  Sur Diagonal 31,Manuel Uribe Angel,Urbana,"(6.166120684, -75.58074061)"
2173579,11/24/2017,8:05 a.m.,Viernes,Motocicleta,Particular,Motociclista,Femenino,NO,Sin Registro,Herido,Caida Ocupante,Huecos,Calle 38 A Sur Carrera 43 A,Zona Centro,Urbana,"(6.169807343, -75.58912536)"
2173520,11/24/2017,12:00 p.m.,Viernes,Automovil,Publico,Conductor,Masculino,NO,Sin Registro,Solo Daños,Choque,Girar bruscamente,Carrera 48 Calle 44  Sur,Las Vegas,Urbana,"(6.167284881, -75.59824543)"
2173520,11/24/2017,12:00 p.m.,Viernes,Motocicleta,Particular,Motociclista,Masculino,NO,Sin Registro,Solo Daños,Choque,Girar bruscamente,Carrera 48 Calle 44  Sur,Las Vegas,Urbana,"(6.167284881, -75.59824543)"
2173526,11/24/2017,8:00 p.m.,Viernes,Automovil,Particular,Conductor,Femenino,NO,Sin Registro,Solo Daños,Choque,No mantener distancia de seguridad,Diagonal 32 B Transversal 32  Sur,La Magnolia,Urbana,"(6.175921286, -75.58342085)"
2173526,11/24/2017,8:00 p.m.,Viernes,Automovil,Particular,Conductor,Masculino,NO,Sin Registro,Solo Daños,Choque,No mantener distancia de seguridad,Diagonal 32 B Transversal 32  Sur,La Magnolia,Urbana,"(6.175921286, -75.58342085)"
2173529,11/24/2017,6:38 a.m.,Viernes,Automovil,Particular,Conductor,Femenino,NO,Sin Registro,Herido,Atropello,Transitar entre vehiculos,Carrera 48 Calle 25  Sur,Las Vegas,Urbana,"(6.185059174, -75.58329333)"
2173529,11/24/2017,6:38 a.m.,Viernes,Motocicleta,Particular,Motociclista,Masculino,NO,Sin Registro,Herido,Atropello,Transitar entre vehiculos,Carrera 48 Calle 25  Sur,Las Vegas,Urbana,"(6.185059174, -75.58329333)"
2173537,11/24/2017,8:45 p.m.,Viernes,Motocicleta,Particular,Motociclista,Masculino,NO,Sin Registro,Herido,Choque,No respetar prelacion,Carrera 42 Calle 48 C Sur,Loma Del Barro,Urbana,
2173537,11/24/2017,8:45 p.m.,Viernes,Motocicleta,Particular,Motociclista,Masculino,NO,Sin Registro,Herido,Choque,No respetar prelacion,Carrera 42 Calle 48 C Sur,Loma Del Barro,Urbana,
2173517,11/24/2017,8:50 p.m.,Viernes,Automovil,Particular,Conductor,Masculino,NO,Sin Registro,Solo Daños,Choque,Girar bruscamente,Carrera 48 Calle 32 B Sur,Las Vegas,Urbana,"(6.176994311, -75.58984119)"
2173517,11/24/2017,8:50 p.m.,Viernes,Motocicleta,Particular,Motociclista,Masculino,NO,Sin Registro,Solo Daños,Choque,Adelantar por la derecha,Carrera 48 Calle 32 B Sur,Las Vegas,Urbana,"(6.176994311, -75.58984119)"
2173517,11/24/2017,8:50 p.m.,Viernes,Motocicleta,Particular,Motociclista,Masculino,NO,Sin Registro,Solo Daños,Choque,Girar bruscamente,Carrera 48 Calle 32 B Sur,Las Vegas,Urbana,"(6.176994311, -75.58984119)"
2173517,11/24/2017,8:50 p.m.,Viernes,Automovil,Particular,Conductor,Masculino,NO,Sin Registro,Solo Daños,Choque,Adelantar por la derecha,Carrera 48 Calle 32 B Sur,Las Vegas,Urbana,"(6.176994311, -75.58984119)"
2173519,11/24/2017,5:20 p.m.,Viernes,Automovil,Particular,Conductor,Femenino,NO,Sin Registro,Solo Daños,Choque,Adelantar en zona prohibida,Carrera 27 Calle 27  Sur,El Esmeraldal,Urbana,"(6.172298689, -75.56780953)"
2173519,11/24/2017,5:20 p.m.,Viernes,Motocicleta,Particular,Motociclista,Masculino,NO,Sin Registro,Solo Daños,Choque,Desobedecer senales,Carrera 27 Calle 27  Sur,El Esmeraldal,Urbana,"(6.172298689, -75.56780953)"
2173519,11/24/2017,5:20 p.m.,Viernes,Motocicleta,Particular,Motociclista,Masculino,NO,Sin Registro,Solo Daños,Choque,Adelantar en zona prohibida,Carrera 27 Calle 27  Sur,El Esmeraldal,Urbana,"(6.172298689, -75.56780953)"
2173519,11/24/2017,5:20 p.m.,Viernes,Automovil,Particular,Conductor,Femenino,NO,Sin Registro,Solo Daños,Choque,Desobedecer senales,Carrera 27 Calle 27  Sur,El Esmeraldal,Urbana,"(6.172298689, -75.56780953)"
2173533,11/24/2017,11:35 a.m.,Viernes,Camioneta,Particular,Conductor,Femenino,NO,Sin Registro,Solo Daños,Choque,Girar bruscamente,Carrera 43 A Calle 37  Sur,Zona Centro,Urbana,"(6.171024704, -75.5881647)"
2173533,11/24/2017,11:35 a.m.,Viernes,Camioneta,Publico,Conductor,Masculino,NO,Sin Registro,Solo Daños,Choque,Adelantar cerrando,Carrera 43 A Calle 37  Sur,Zona Centro,Urbana,"(6.171024704, -75.5881647)"
2173527,11/24/2017,4:30 p.m.,Viernes,Automovil,Particular,Conductor,Masculino,NO,Sin Registro,Solo Daños,Choque,No mantener distancia de seguridad,Tramo 372 Kilometro  12,Vereda Palmas,Rural,
2173527,11/24/2017,4:30 p.m.,Viernes,Automovil,Particular,Conductor,Masculino,NO,Sin Registro,Solo Daños,Choque,No mantener distancia de seguridad,Tramo 372 Kilometro  12,Vereda Palmas,Rural,
2173533,11/24/2017,11:35 a.m.,Viernes,Camioneta,Publico,Conductor,Masculino,NO,Sin Registro,Solo Daños,Choque,Girar bruscamente,Carrera 43 A Calle 37  Sur,Zona Centro,Urbana,"(6.171024704, -75.5881647)"
2173564,11/28/2017,4:20 p.m.,Martes,Automovil,Particular,Conductor,Masculino,NO,Sin Registro,Solo Daños,Choque,Adelantar cerrando,Carrera 50 Calle 48 C Sur,Las Vegas,Urbana,
2173533,11/24/2017,11:35 a.m.,Viernes,Camioneta,Particular,Conductor,Femenino,NO,Sin Registro,Solo Daños,Choque,Adelantar cerrando,Carrera 43 A Calle 37  Sur,Zona Centro,Urbana,"(6.171024704, -75.5881647)"
2173503,11/24/2017,7:40 a.m.,Viernes,Automovil,Particular,Conductor,Femenino,NO,Sin Registro,Herido,Atropello,Salirse de la calzada,Tramo 372 Kilometro  14,Vereda Palmas,Rural,
2173503,11/24/2017,7:40 a.m.,Viernes,Automovil,Particular,Conductor,Femenino,NO,Sin Registro,Herido,Atropello,Impericia en el manejo,Tramo 372 Kilometro  14,Vereda Palmas,Rural,
2173512,11/24/2017,10:00 p.m.,Viernes,Automovil,Publico,Conductor,Masculino,NO,Sin Registro,Solo Daños,Choque,No mantener distancia de seguridad,Calle 37  Sur Carrera 50,Las Vegas,Urbana,
2173512,11/24/2017,10:00 p.m.,Viernes,Automovil,Particular,Conductor,Masculino,NO,Sin Registro,Solo Daños,Choque,No mantener distancia de seguridad,Calle 37  Sur Carrera 50,Las Vegas,Urbana,
2173538,11/24/2017,9:50 a.m.,Viernes,Motocicleta,Particular,Motociclista,Masculino,NO,Sin Registro,Herido,Choque,Transitar entre vehiculos,Calle 46  Sur Carrera 46 A,Primavera,Urbana,"(6.164633401, -75.59668961)"
2173538,11/24/2017,9:50 a.m.,Viernes,Motocicleta,Particular,Motociclista,Masculino,NO,Sin Registro,Herido,Choque,Transitar entre vehiculos,Calle 46  Sur Carrera 46 A,Primavera,Urbana,"(6.164633401, -75.59668961)"
2173531,11/24/2017,6:50 p.m.,Viernes,Automovil,Particular,Conductor,Femenino,NO,Sin Registro,Solo Daños,Choque,No mantener distancia de seguridad,Carrera 43 A Calle 48 C Sur,Loma Del Barro,Urbana,"(6.162218777, -75.59764446)"
2173531,11/24/2017,6:50 p.m.,Viernes,Automovil,Particular,Conductor,Masculino,NO,Sin Registro,Solo Daños,Choque,No mantener distancia de seguridad,Carrera 43 A Calle 48 C Sur,Loma Del Barro,Urbana,"(6.162218777, -75.59764446)"
2173534,11/25/2017,11:00 a.m.,Sábado,Camioneta,Particular,Conductor,Masculino,NO,Sin Registro,Solo Daños,Choque,Girar bruscamente,Carrera 29 Calle 37 A Sur,Loma De Las Brujas,Urbana,"(6.165745516, -75.57953638)"
2173534,11/25/2017,11:00 a.m.,Sábado,Campero,Particular,Conductor,Masculino,NO,Sin Registro,Solo Daños,Choque,Adelantar cerrando,Carrera 29 Calle 37 A Sur,Loma De Las Brujas,Urbana,"(6.165745516, -75.57953638)"
2173535,11/25/2017,3:00 p.m.,Sábado,Camioneta,Particular,Conductor,Masculino,NO,Sin Registro,Solo Daños,Choque,No mantener distancia de seguridad,Tramo 372 Kilometro  6,Vereda Palmas,Rural,
2173534,11/25/2017,11:00 a.m.,Sábado,Campero,Particular,Conductor,Masculino,NO,Sin Registro,Solo Daños,Choque,Girar bruscamente,Carrera 29 Calle 37 A Sur,Loma De Las Brujas,Urbana,"(6.165745516, -75.57953638)"
2173534,11/25/2017,11:00 a.m.,Sábado,Camioneta,Particular,Conductor,Masculino,NO,Sin Registro,Solo Daños,Choque,Adelantar cerrando,Carrera 29 Calle 37 A Sur,Loma De Las Brujas,Urbana,"(6.165745516, -75.57953638)"
2173535,11/25/2017,3:00 p.m.,Sábado,Automovil,Particular,Conductor,Masculino,NO,Sin Registro,Solo Daños,Choque,No mantener distancia de seguridad,Tramo 372 Kilometro  6,Vereda Palmas,Rural,
2173522,11/25/2017,4:00 p.m.,Sábado,Buseta,Publico,Conductor,Masculino,NO,Sin Registro,Solo Daños,Choque,Girar bruscamente,Calle 39  Sur Carrera 47 A,Alcala,Urbana,"(6.171457478, -75.593353)"
2173522,11/25/2017,4:00 p.m.,Sábado,Buseta,Publico,Conductor,Masculino,NO,Sin Registro,Solo Daños,Choque,Adelantar cerrando,Calle 39  Sur Carrera 47 A,Alcala,Urbana,"(6.171457478, -75.593353)"
2173522,11/25/2017,4:00 p.m.,Sábado,Buseta,Publico,Conductor,Masculino,NO,Sin Registro,Solo Daños,Choque,Girar bruscamente,Calle 39  Sur Carrera 47 A,Alcala,Urbana,"(6.171457478, -75.593353)"
2173563,11/25/2017,12:05 p.m.,Sábado,Automovil,Particular,Conductor,Masculino,NO,Sin Registro,Solo Daños,Choque,Adelantar por la derecha,Carrera 48 Calle 34  Sur,El Portal,Urbana,"(6.175414344, -75.59078218)"
2173563,11/25/2017,12:05 p.m.,Sábado,Motocicleta,Particular,Motociclista,Masculino,NO,Sin Registro,Solo Daños,Choque,Adelantar por la derecha,Carrera 48 Calle 34  Sur,El Portal,Urbana,"(6.175414344, -75.59078218)"
2173498,11/25/2017,3:05 p.m.,Sábado,Automovil,Particular,Conductor,Femenino,NO,Sin Registro,Solo Daños,Choque,No mantener distancia de seguridad,Carrera 48 Calle 25 AA Sur,Las Vegas,Urbana,"(6.183765745, -75.58469035)"
2173498,11/25/2017,3:05 p.m.,Sábado,Camioneta,Particular,Conductor,Femenino,NO,Sin Registro,Solo Daños,Choque,No mantener distancia de seguridad,Carrera 48 Calle 25 AA Sur,Las Vegas,Urbana,"(6.183765745, -75.58469035)"
2173514,11/25/2017,10:10 a.m.,Sábado,Automovil,Particular,Conductor,Masculino,NO,Sin Registro,Solo Daños,Choque,No mantener distancia de seguridad,Diagonal 40 Transversal 33  Sur,La Magnolia,Urbana,"(6.173507784, -75.58545751)"
2173514,11/25/2017,10:10 a.m.,Sábado,Camioneta,Publico,Conductor,Masculino,NO,Sin Registro,Solo Daños,Choque,No mantener distancia de seguridad,Diagonal 40 Transversal 33  Sur,La Magnolia,Urbana,"(6.173507784, -75.58545751)"
2173543,11/25/2017,9:26 a.m.,Sábado,Automovil,Particular,Conductor,Femenino,NO,Sin Registro,Solo Daños,Choque,Impericia en el manejo,Carrera 48 Calle 30  Sur,Las Vegas,Urbana,"(6.179366643, -75.5880841)"
2173543,11/25/2017,9:26 a.m.,Sábado,Automovil,Particular,Conductor,Femenino,NO,Sin Registro,Solo Daños,Choque,Exceso de velocidad,Carrera 48 Calle 30  Sur,Las Vegas,Urbana,"(6.179366643, -75.5880841)"
2173545,11/25/2017,3:30 p.m.,Sábado,Automovil,Particular,Conductor,Masculino,NO,Sin Registro,Herido,Choque,Adelantar en zona prohibida,Calle 40 F Sur Carrera 34,San Jose,Urbana,"(6.162749546, -75.58582407)"
2173545,11/25/2017,3:30 p.m.,Sábado,Motocicleta,Particular,Motociclista,Femenino,NO,Sin Registro,Herido,Choque,Adelantar en zona prohibida,Calle 40 F Sur Carrera 34,San Jose,Urbana,"(6.162749546, -75.58582407)"
2173499,11/25/2017,2:30 a.m.,Sábado,Camioneta,Particular,Conductor,Masculino,NO,Sin Registro,Herido,Choque,Impericia en el manejo,Tramo 372 Kilometro  12,Vereda Palmas,Rural,
2173499,11/25/2017,2:30 a.m.,Sábado,Camioneta,Particular,Conductor,Masculino,NO,Sin Registro,Herido,Choque,Exceso de velocidad,Tramo 372 Kilometro  12,Vereda Palmas,Rural,
2173523,11/25/2017,12:40 p.m.,Sábado,Camioneta,Particular,Conductor,Femenino,NO,Sin Registro,Solo Daños,Choque,Girar bruscamente,Carrera 46 A Calle 30  Sur,San Marcos,Urbana,"(6.174306692, -75.59026078)"
2173523,11/25/2017,12:40 p.m.,Sábado,Automovil,Publico,Conductor,Masculino,NO,Sin Registro,Solo Daños,Choque,Girar bruscamente,Carrera 46 A Calle 30  Sur,San Marcos,Urbana,"(6.174306692, -75.59026078)"
2173518,11/25/2017,5:40 p.m.,Sábado,Automovil,Particular,Conductor,Masculino,NO,Sin Registro,Solo Daños,Choque,Exceso de velocidad,Calle 25  Sur Carrera 48,Las Vegas,Urbana,
2173518,11/25/2017,5:40 p.m.,Sábado,Campero,Particular,Conductor,Masculino,NO,Sin Registro,Solo Daños,Choque,No respetar pelacion de interseccion o giros,Calle 25  Sur Carrera 48,Las Vegas,Urbana,
2173518,11/25/2017,5:40 p.m.,Sábado,Campero,Particular,Conductor,Masculino,NO,Sin Registro,Solo Daños,Choque,Exceso de velocidad,Calle 25  Sur Carrera 48,Las Vegas,Urbana,
2173518,11/25/2017,5:40 p.m.,Sábado,Automovil,Particular,Conductor,Masculino,NO,Sin Registro,Solo Daños,Choque,No respetar pelacion de interseccion o giros,Calle 25  Sur Carrera 48,Las Vegas,Urbana,
2173524,11/25/2017,11:00 p.m.,Sábado,Motocicleta,Particular,Motociclista,Masculino,NO,Sin Registro,Solo Daños,Choque,No respetar pelacion de interseccion o giros,Calle 37  Sur Carrera 41,Zona Centro,Urbana,"(6.169855492, -75.58619601)"
2173524,11/25/2017,11:00 p.m.,Sábado,Motocicleta,Particular,Motociclista,Masculino,NO,Sin Registro,Solo Daños,Choque,Desobedecer senales,Calle 37  Sur Carrera 41,Zona Centro,Urbana,"(6.169855492, -75.58619601)"
2173524,11/25/2017,11:00 p.m.,Sábado,Motocicleta,Particular,Motociclista,Masculino,NO,Sin Registro,Solo Daños,Choque,No respetar pelacion de interseccion o giros,Calle 37  Sur Carrera 41,Zona Centro,Urbana,"(6.169855492, -75.58619601)"
2173524,11/25/2017,11:00 p.m.,Sábado,Motocicleta,Particular,Motociclista,Masculino,NO,Sin Registro,Solo Daños,Choque,Desobedecer senales,Calle 37  Sur Carrera 41,Zona Centro,Urbana,"(6.169855492, -75.58619601)"
2173500,11/26/2017,9:00 a.m.,Domingo,Automovil,Particular,Conductor,Masculino,NO,Sin Registro,Herido,Choque,Adelantar por la derecha,Calle 38  Sur Carrera 36,Mesa,Urbana,"(6.167371692, -75.58367367)"
2173500,11/26/2017,9:00 a.m.,Domingo,Motocicleta,Particular,Motociclista,Masculino,NO,Sin Registro,Herido,Choque,Adelantar por la derecha,Calle 38  Sur Carrera 36,Mesa,Urbana,"(6.167371692, -75.58367367)"
2173510,11/26/2017,9:00 a.m.,Domingo,Automovil,Particular,Conductor,Masculino,NO,Sin Registro,Herido,Atropello,Cruzar sin observar,Calle 38  Sur Carrera 31,Mesa,Urbana,"(6.165577674, -75.58112182)"
2173546,11/26/2017,1:00 a.m.,Domingo,Bus,Publico,Conductor,Masculino,NO,Sin Registro,Solo Daños,Choque,Impericia en el manejo,Carrera 24 D Calle 40  Sur,El Salado,Urbana,
2173540,11/26/2017,1:10 p.m.,Domingo,Camion,Publico,Conductor,Masculino,NO,Sin Registro,Solo Daños,Choque,No mantener distancia de seguridad,Carrera 48 Calle 25 AA Sur,Las Vegas,Urbana,"(6.183765745, -75.58469035)"
2173513,11/26/2017,6:00 p.m.,Domingo,Automovil,Publico,Conductor,Femenino,NO,Sin Registro,Solo Daños,Choque,No mantener distancia de seguridad,Carrera 48 Calle 50  Sur,Las Casitas,Urbana,
2173513,11/26/2017,6:00 p.m.,Domingo,Automovil,Particular,Conductor,Masculino,NO,Sin Registro,Solo Daños,Choque,No mantener distancia de seguridad,Carrera 48 Calle 50  Sur,Las Casitas,Urbana,
2173540,11/26/2017,1:10 p.m.,Domingo,Campero,Particular,Conductor,Masculino,NO,Sin Registro,Solo Daños,Choque,No mantener distancia de seguridad,Carrera 48 Calle 25 AA Sur,Las Vegas,Urbana,"(6.183765745, -75.58469035)"
2173540,11/26/2017,1:10 p.m.,Domingo,Camioneta,Particular,Conductor,Masculino,NO,Sin Registro,Solo Daños,Choque,No mantener distancia de seguridad,Carrera 48 Calle 25 AA Sur,Las Vegas,Urbana,"(6.183765745, -75.58469035)"
2173550,11/26/2017,6:20 p.m.,Domingo,Automovil,Particular,Conductor,Masculino,NO,Sin Registro,Solo Daños,Choque,Adelantar invadiendo carril del mismo sentido en zigzag,Carrera 50 Calle 25  Sur,Las Vegas,Urbana,"(6.186515998, -75.58512541)"
2173550,11/26/2017,6:20 p.m.,Domingo,Camioneta,Publico,Conductor,Masculino,NO,Sin Registro,Solo Daños,Choque,Adelantar invadiendo carril del mismo sentido en zigzag,Carrera 50 Calle 25  Sur,Las Vegas,Urbana,"(6.186515998, -75.58512541)"
2173552,11/26/2017,11:50 a.m.,Domingo,Motocicleta,Particular,Motociclista,Masculino,NO,Sin Registro,Solo Daños,Choque,Desobedecer senales,Calle 25  Sur Carrera 48,Las Vegas,Urbana,
2173552,11/26/2017,11:50 a.m.,Domingo,Camioneta,Particular,Conductor,Femenino,NO,Sin Registro,Solo Daños,Choque,Adelantar en zona prohibida,Calle 25  Sur Carrera 48,Las Vegas,Urbana,
2173552,11/26/2017,11:50 a.m.,Domingo,Camioneta,Particular,Conductor,Femenino,NO,Sin Registro,Solo Daños,Choque,Desobedecer senales,Calle 25  Sur Carrera 48,Las Vegas,Urbana,
2173552,11/26/2017,11:50 a.m.,Domingo,Motocicleta,Particular,Motociclista,Masculino,NO,Sin Registro,Solo Daños,Choque,Adelantar en zona prohibida,Calle 25  Sur Carrera 48,Las Vegas,Urbana,
2173501,11/26/2017,4:55 p.m.,Domingo,Automovil,Particular,Conductor,Femenino,NO,Sin Registro,Herido,Volcamiento,Impericia en el manejo,Tramo 373 Kilometro  14,Vereda Palmas,Rural,
2173528,11/27/2017,6:00 a.m.,Lunes,Automovil,Publico,Conductor,Masculino,NO,Sin Registro,Herido,Atropello,Exceso de velocidad,Calle 39  Sur Carrera 27 B,El Chinguí,Urbana,"(6.159217585, -75.57883462)"
2173528,11/27/2017,6:00 a.m.,Lunes,Automovil,Particular,Conductor,Masculino,NO,Sin Registro,Herido,Atropello,No mantener distancia de seguridad,Calle 39  Sur Carrera 27 B,El Chinguí,Urbana,"(6.159217585, -75.57883462)"
2173528,11/27/2017,6:00 a.m.,Lunes,Automovil,Particular,Conductor,Masculino,NO,Sin Registro,Herido,Atropello,Exceso de velocidad,Calle 39  Sur Carrera 27 B,El Chinguí,Urbana,"(6.159217585, -75.57883462)"
2173528,11/27/2017,6:00 a.m.,Lunes,Automovil,Publico,Conductor,Masculino,NO,Sin Registro,Herido,Atropello,No mantener distancia de seguridad,Calle 39  Sur Carrera 27 B,El Chinguí,Urbana,"(6.159217585, -75.57883462)"
2173536,11/27/2017,8:00 a.m.,Lunes,Automovil,Publico,Conductor,Masculino,NO,Sin Registro,Solo Daños,Choque,No mantener distancia de seguridad,Carrera 48 Calle 19  Sur,Las Vegas,Urbana,"(6.187349001, -75.58153568)"
2173536,11/27/2017,8:00 a.m.,Lunes,Camioneta,Particular,Conductor,Masculino,NO,Sin Registro,Solo Daños,Choque,No mantener distancia de seguridad,Carrera 48 Calle 19  Sur,Las Vegas,Urbana,"(6.187349001, -75.58153568)"
2173574,11/27/2017,4:00 p.m.,Lunes,Automovil,Particular,Conductor,Femenino,NO,Sin Registro,Solo Daños,Choque,No mantener distancia de seguridad,Carrera 50 Calle 43  Sur,Las Vegas,Urbana,
2173574,11/27/2017,4:00 p.m.,Lunes,Tractocamion,Publico,Conductor,Masculino,NO,Sin Registro,Solo Daños,Choque,No mantener distancia de seguridad,Carrera 50 Calle 43  Sur,Las Vegas,Urbana,
2173544,11/27/2017,9:10 a.m.,Lunes,Camioneta,Particular,Conductor,Femenino,NO,Sin Registro,Solo Daños,Choque,Poner en marcha un vehiculo sin precauci,Tramo 373 Kilometro  2,Vereda Palmas,Rural,
2173544,11/27/2017,9:10 a.m.,Lunes,Motocicleta,Particular,Motociclista,Masculino,NO,Sin Registro,Solo Daños,Choque,Poner en marcha un vehiculo sin precauci,Tramo 373 Kilometro  2,Vereda Palmas,Rural,
2173532,11/27/2017,3:20 p.m.,Lunes,Bus,Publico,Conductor,Masculino,NO,Sin Registro,Solo Daños,Choque,Adelantar cerrando,Calle 38  Sur Carrera 43 A,Zona Centro,Urbana,"(6.170537577, -75.58862514)"
2173532,11/27/2017,3:20 p.m.,Lunes,Camioneta,Particular,Conductor,Femenino,NO,Sin Registro,Solo Daños,Choque,Adelantar cerrando,Calle 38  Sur Carrera 43 A,Zona Centro,Urbana,"(6.170537577, -75.58862514)"
2173539,11/27/2017,9:20 a.m.,Lunes,Motocicleta,Particular,Motociclista,Masculino,NO,Sin Registro,Solo Daños,Choque,Remolque sin precaucion,Tramo 373 Kilometro  8,Vereda Palmas,Rural,
2173539,11/27/2017,9:20 a.m.,Lunes,Automovil,Particular,Conductor,Femenino,NO,Sin Registro,Solo Daños,Choque,Remolque sin precaucion,Tramo 373 Kilometro  8,Vereda Palmas,Rural,
2173541,11/27/2017,9:20 a.m.,Lunes,Automovil,Publico,Conductor,Masculino,NO,Sin Registro,Solo Daños,Choque,Adelantar cerrando,Carrera 44 Calle 38  Sur,Zona Centro,Urbana,"(6.170525061, -75.58895361)"
2173541,11/27/2017,9:20 a.m.,Lunes,Automovil,Particular,Conductor,Masculino,NO,Sin Registro,Solo Daños,Choque,Adelantar cerrando,Carrera 44 Calle 38  Sur,Zona Centro,Urbana,"(6.170525061, -75.58895361)"
2173547,11/27/2017,7:45 a.m.,Lunes,Automovil,Particular,Conductor,Masculino,NO,Sin Registro,Solo Daños,Choque,No mantener distancia de seguridad,Calle 30  Sur Carrera 50,Las Vegas,Urbana,
2173547,11/27/2017,7:45 a.m.,Lunes,Automovil,Particular,Conductor,Femenino,NO,Sin Registro,Solo Daños,Choque,No mantener distancia de seguridad,Calle 30  Sur Carrera 50,Las Vegas,Urbana,
2173566,11/28/2017,7:05 p.m.,Martes,Motocicleta,Particular,Motociclista,Femenino,NO,Sin Registro,Herido,Choque,Desobedecer senales,Calle 38 A Sur Carrera 32,Mesa,Urbana,"(6.165315433, -75.58202949)"
2173566,11/28/2017,7:05 p.m.,Martes,Automovil,Particular,Conductor,Femenino,NO,Sin Registro,Herido,Choque,Desobedecer senales,Calle 38 A Sur Carrera 32,Mesa,Urbana,"(6.165315433, -75.58202949)"
2173583,11/28/2017,7:10 p.m.,Martes,Camioneta,Particular,Conductor,Masculino,NO,Sin Registro,Solo Daños,Choque,No mantener distancia de seguridad,Carrera 41 Calle 22  Sur,Las Orquideas,Urbana,"(6.181126008, -75.57675166)"
2173583,11/28/2017,7:10 p.m.,Martes,Bus,Publico,Conductor,Masculino,NO,Sin Registro,Solo Daños,Choque,No mantener distancia de seguridad,Carrera 41 Calle 22  Sur,Las Orquideas,Urbana,"(6.181126008, -75.57675166)"
2173581,11/28/2017,12:00 p.m.,Martes,Motocicleta,Particular,Motociclista,Masculino,NO,Sin Registro,Herido,Choque,No respetar prelacion,Carrera 27 Calle 23  Sur,Zuñiga,Urbana,"(6.176588834, -75.56744599)"
2173581,11/28/2017,12:00 p.m.,Martes,Automovil,Particular,Conductor,Femenino,NO,Sin Registro,Herido,Choque,No respetar prelacion,Carrera 27 Calle 23  Sur,Zuñiga,Urbana,"(6.176588834, -75.56744599)"
2173558,11/28/2017,1:00 a.m.,Martes,Automovil,Publico,Conductor,Masculino,NO,Sin Registro,Solo Daños,Choque,Impericia en el manejo,Carrera 29 Calle 40  Sur,San Jose,Urbana,"(6.161100766, -75.58171655)"
2173568,11/28/2017,7:30 p.m.,Martes,Automovil,Particular,Conductor,Masculino,NO,Sin Registro,Solo Daños,Choque,Impericia en el manejo,Carrera 29 Calle 40 F Sur,San Jose,Urbana,"(6.161100766, -75.58171655)"
2173568,11/28/2017,7:30 p.m.,Martes,Bus,Publico,Conductor,Masculino,NO,Sin Registro,Solo Daños,Choque,Impericia en el manejo,Carrera 29 Calle 40 F Sur,San Jose,Urbana,"(6.161100766, -75.58171655)"