RADICADO,FECHA,HORA,DÍA DE LA SEMANA,CLASE DE VEHICULO,TIPO DE SERVICIO,TIPO DE VICTIMA,SEXO,ESTADO DE BEODEZ,RESULTADO DE BEODEZ,GRAVEDAD,CLASE DE ACCIDENTE,CAUSA,DIRECCIÓN,BARRIO,AREA,Coordenadas
2173558,11/28/2017,1:00 a.m.,Martes,Camioneta,Particular,Conductor,Femenino,NO,Sin Registro,Solo Daños,Choque,Impericia en el manejo,Carrera 29 Calle 40  Sur,San Jose,Urbana,"(6.161100766, -75.58171655)"
2173569,11/28/2017,5:00 p.m.,Martes,Automovil,Publico,Conductor,Masculino,NO,Sin Registro,Solo Daños,Choque,Poner en marcha un vehiculo sin precauci,Diagonal 31 Transversal 33 A Sur,Las Flores,Urbana,"(6.173761816, -75.5789197)"
2173569,11/28/2017,5:00 p.m.,Martes,Automovil,Publico,Conductor,Masculino,NO,Sin Registro,Solo Daños,Choque,Poner en marcha un vehiculo sin precauci,Diagonal 31 Transversal 33 A Sur,Las Flores,Urbana,"(6.173761816, -75.5789197)"
2173553,11/28/2017,8:10 a.m.,Martes,Campero,Particular,Conductor,Femenino,NO,Sin Registro,Herido,Choque,Impericia en el manejo,Calle 53 C Sur Carrera 40 B,Las Flores,Urbana,
2173553,11/28/2017,8:10 a.m.,Martes,Bicicleta,Sin Registro,Ciclista,Masculino,NO,Sin Registro,Herido,Choque,Adelantar cerrando,Calle 53 C Sur Carrera 40 B,Las Flores,Urbana,
2173553,11/28/2017,8:10 a.m.,Martes,Bicicleta,Sin Registro,Ciclista,Masculino,NO,Sin Registro,Herido,Choque,Impericia en el manejo,Calle 53 C Sur Carrera 40 B,Las Flores,Urbana,
2173553,11/28/2017,8:10 a.m.,Martes,Campero,Particular,Conductor,Femenino,NO,Sin Registro,Herido,Choque,Adelantar cerrando,Calle 53 C Sur Carrera 40 B,Las Flores,Urbana,
2173551,11/28/2017,12:10 p.m.,Martes,Motocicleta,Oficial,Motociclista,Masculino,NO,Sin Registro,Herido,Caida Ocupante,Impericia en el manejo,Tramo 373 Kilometro  170,Vereda Palmas,Rural,
2173572,11/28/2017,3:20 p.m.,Martes,Motocicleta,Particular,Motociclista,Femenino,NO,Sin Registro,Solo Daños,Choque,No mantener distancia de seguridad,Calle 36 D Sur Carrera 50,Vereda El Escobero,Urbana,
2173572,11/28/2017,3:20 p.m.,Martes,Campero,Particular,Conductor,Masculino,NO,Sin Registro,Solo Daños,Choque,No mantener distancia de seguridad,Calle 36 D Sur Carrera 50,Vereda El Escobero,Urbana,
2173564,11/28/2017,4:20 p.m.,Martes,Automovil,Particular,Conductor,Masculino,NO,Sin Registro,Solo Daños,Choque,Girar bruscamente,Carrera 50 Calle 48 C Sur,Las Vegas,Urbana,
2173564,11/28/2017,4:20 p.m.,Martes,Automovil,Particular,Conductor,Masculino,NO,Sin Registro,Solo Daños,Choque,Girar bruscamente,Carrera 50 Calle 48 C Sur,Las Vegas,Urbana,
2173564,11/28/2017,4:20 p.m.,Martes,Automovil,Particular,Conductor,Masculino,NO,Sin Registro,Solo Daños,Choque,Adelantar cerrando,Carrera 50 Calle 48 C Sur,Las Vegas,Urbana,
2173548,11/28/2017,9:30 a.m.,Martes,Bus,Publico,Conductor,Masculino,NO,Sin Registro,Herido,Choque,No mantener distancia de seguridad,Carrera 48 Calle 47  Sur,Las Vegas,Urbana,
2173548,11/28/2017,9:30 a.m.,Martes,Motocicleta,Particular,Motociclista,Femenino,NO,Sin Registro,Herido,Choque,No mantener distancia de seguridad,Carrera 48 Calle 47  Sur,Las Vegas,Urbana,
2173562,11/28/2017,11:30 a.m.,Martes,Campero,Particular,Conductor,Masculino,NO,Sin Registro,Solo Daños,Choque,Reverso imprudente,Tramo 373 Kilometro  7,Vereda Palmas,Rural,
2173562,11/28/2017,11:30 a.m.,Martes,Motocicleta,Particular,Motociclista,Masculino,NO,Sin Registro,Solo Daños,Choque,Reverso imprudente,Tramo 373 Kilometro  7,Vereda Palmas,Rural,
2173542,11/28/2017,5:50 a.m.,Martes,Automovil,Particular,Conductor,Femenino,NO,Sin Registro,Solo Daños,Choque,No mantener distancia de seguridad,Carrera 50 Calle 46 A Sur,Las Vegas,Urbana,"(6.16131219, -75.60319818)"
2173542,11/28/2017,5:50 a.m.,Martes,Motocicleta,Particular,Motociclista,Masculino,NO,Sin Registro,Solo Daños,Choque,No mantener distancia de seguridad,Carrera 50 Calle 46 A Sur,Las Vegas,Urbana,"(6.16131219, -75.60319818)"
2173567,11/28/2017,10:30 a.m.,Martes,Automovil,Particular,Conductor,Femenino,NO,Sin Registro,Solo Daños,Choque,No mantener distancia de seguridad,Carrera 49 Calle 25  Sur,Las Vegas,Urbana,"(6.18641241, -75.58506296)"
2173567,11/28/2017,10:30 a.m.,Martes,Automovil,Particular,Conductor,Masculino,NO,Sin Registro,Solo Daños,Choque,No mantener distancia de seguridad,Carrera 49 Calle 25  Sur,Las Vegas,Urbana,"(6.18641241, -75.58506296)"
2173556,11/28/2017,11:50 a.m.,Martes,Camioneta,Publico,Conductor,Masculino,NO,Sin Registro,Herido,Choque,Adelantar cerrando,Carrera 43 A Calle 46 A Sur,Primavera,Urbana,"(6.163261247, -75.59645283)"
2173556,11/28/2017,11:50 a.m.,Martes,Motocicleta,Particular,Motociclista,Femenino,NO,Sin Registro,Herido,Choque,Adelantar cerrando,Carrera 43 A Calle 46 A Sur,Primavera,Urbana,"(6.163261247, -75.59645283)"
2173557,11/29/2017,3:00 p.m.,Miércoles,Automovil,Particular,Conductor,Femenino,NO,Sin Registro,Solo Daños,Choque,Desobedecer senales,Calle 39 B Sur Carrera 29 A,San Jose,Urbana,"(6.163042511, -75.58152744)"
2173557,11/29/2017,3:00 p.m.,Miércoles,Automovil,Particular,Conductor,Femenino,NO,Sin Registro,Solo Daños,Choque,Desobedecer senales,Calle 39 B Sur Carrera 29 A,San Jose,Urbana,"(6.163042511, -75.58152744)"
2173560,11/29/2017,1:10 p.m.,Miércoles,Automovil,Particular,Conductor,Femenino,NO,Sin Registro,Solo Daños,Choque,No respetar pelacion de interseccion o giros,Calle 38 B Sur Carrera 26,El Chinguí,Urbana,
2173560,11/29/2017,1:10 p.m.,Miércoles,Camioneta,Particular,Conductor,Masculino,NO,Sin Registro,Solo Daños,Choque,No respetar pelacion de interseccion o giros,Calle 38 B Sur Carrera 26,El Chinguí,Urbana,
2173554,11/29/2017,10:00 a.m.,Miércoles,Motocicleta,Particular,Motociclista,Masculino,NO,Sin Registro,Herido,Atropello,Impericia en el manejo,Carrera 24 F Calle 40  Sur,El Salado,Urbana,"(6.150574304, -75.57767045)"
2173561,11/29/2017,12:30 p.m.,Miércoles,Automovil,Particular,Conductor,Femenino,NO,Sin Registro,Solo Daños,Choque,Reverso imprudente,Carrera 24 Calle 36 D Sur,Vereda El Escobero,Urbana,"(6.168197806, -75.56327057)"
2173561,11/29/2017,12:30 p.m.,Miércoles,Automovil,Particular,Conductor,Masculino,NO,Sin Registro,Solo Daños,Choque,Reverso imprudente,Carrera 24 Calle 36 D Sur,Vereda El Escobero,Urbana,"(6.168197806, -75.56327057)"
2173555,11/29/2017,7:30 a.m.,Miércoles,Motocicleta,Particular,Motociclista,Masculino,NO,Sin Registro,Herido,Choque,No mantener distancia de seguridad,Calle 39  Sur Carrera 29 A,Mesa,Urbana,"(6.164019418, -75.58120807)"
2173555,11/29/2017,7:30 a.m.,Miércoles,Automovil,Particular,Conductor,Masculino,NO,Sin Registro,Herido,Choque,No mantener distancia de seguridad,Calle 39  Sur Carrera 29 A,Mesa,Urbana,"(6.164019418, -75.58120807)"
2173576,11/29/2017,7:30 a.m.,Miércoles,Bus,Publico,Conductor,Masculino,NO,Sin Registro,Solo Daños,Choque,No mantener distancia de seguridad,Carrera 43 A Calle 39  Sur,Alcala,Urbana,"(6.169011071, -75.5894849)"
2173576,11/29/2017,7:30 a.m.,Miércoles,Bus,Publico,Conductor,Masculino,NO,Sin Registro,Solo Daños,Choque,No mantener distancia de seguridad,Carrera 43 A Calle 39  Sur,Alcala,Urbana,"(6.169011071, -75.5894849)"
2173571,11/29/2017,4:30 p.m.,Miércoles,Automovil,Publico,Conductor,Masculino,NO,Sin Registro,Solo Daños,Choque,No respetar pelacion de interseccion o giros,Carrera 44 Calle 38 B Sur,Alcala,Urbana,"(6.169637003, -75.58980987)"
2173571,11/29/2017,4:30 p.m.,Miércoles,Camion,Publico,Conductor,Masculino,NO,Sin Registro,Solo Daños,Choque,No respetar pelacion de interseccion o giros,Carrera 44 Calle 38 B Sur,Alcala,Urbana,"(6.169637003, -75.58980987)"
2173592,11/29/2017,4:30 p.m.,Miércoles,Motocicleta,Particular,Motociclista,Masculino,NO,Sin Registro,Solo Daños,Choque,No mantener distancia de seguridad,Carrera 48 Calle 31  Sur,Las Vegas,Urbana,"(6.178537792, -75.58885189)"
2173592,11/29/2017,4:30 p.m.,Miércoles,Campero,Particular,Conductor,Femenino,NO,Sin Registro,Solo Daños,Choque,No mantener distancia de seguridad,Carrera 48 Calle 31  Sur,Las Vegas,Urbana,"(6.178537792, -75.58885189)"
2173592,11/29/2017,4:30 p.m.,Miércoles,Automovil,Particular,Conductor,Femenino,NO,Sin Registro,Solo Daños,Choque,No mantener distancia de seguridad,Carrera 48 Calle 31  Sur,Las Vegas,Urbana,"(6.178537792, -75.58885189)"
2173570,11/29/2017,6:50 a.m.,Miércoles,Automovil,Particular,Conductor,Femenino,NO,Sin Registro,Solo Daños,Choque,No respetar prelacion,Calle 39 B Sur Carrera 29 A,Mesa,Urbana,"(6.163042511, -75.58152744)"
2173570,11/29/2017,6:50 a.m.,Miércoles,Automovil,Particular,Conductor,Masculino,NO,Sin Registro,Solo Daños,Choque,No respetar prelacion,Calle 39 B Sur Carrera 29 A,Mesa,Urbana,"(6.163042511, -75.58152744)"
2173559,11/29/2017,9:40 a.m.,Miércoles,Camion,Publico,Conductor,Masculino,NO,Sin Registro,Solo Daños,Otro,Impericia en el manejo,Carrera 49 Calle 39  Sur,Las Vegas,Urbana,"(6.173609359, -75.59707057)"
2173582,11/30/2017,7:20 p.m.,Jueves,Camioneta,Particular,Conductor,Masculino,NO,Sin Registro,Solo Daños,Choque,No mantener distancia de seguridad,Carrera 43 Transversal 33  Sur,La Magnolia,Urbana,"(6.173540656, -75.58568337)"
2173582,11/30/2017,7:20 p.m.,Jueves,Campero,Particular,Conductor,Masculino,NO,Sin Registro,Solo Daños,Choque,No mantener distancia de seguridad,Carrera 43 Transversal 33  Sur,La Magnolia,Urbana,"(6.173540656, -75.58568337)"
2173565,11/30/2017,7:00 a.m.,Jueves,Automovil,Particular,Conductor,Masculino,NO,Sin Registro,Herido,Choque,Adelantar por la derecha,Carrera 49 Calle 43  Sur,Las Vegas,Urbana,"(6.160925818, -75.59998009)"
2173565,11/30/2017,7:00 a.m.,Jueves,Motocicleta,Particular,Motociclista,Masculino,NO,Sin Registro,Herido,Choque,Adelantar por la derecha,Carrera 49 Calle 43  Sur,Las Vegas,Urbana,"(6.160925818, -75.59998009)"
2173582,11/30/2017,7:20 p.m.,Jueves,Automovil,Particular,Conductor,Femenino,NO,Sin Registro,Solo Daños,Choque,No mantener distancia de seguridad,Carrera 43 Transversal 33  Sur,La Magnolia,Urbana,"(6.173540656, -75.58568337)"
2173585,11/30/2017,7:30 p.m.,Jueves,Bus,Publico,Conductor,Masculino,NO,Sin Registro,Solo Daños,Choque,Girar bruscamente,Calle 21  Sur Carrera 41,El Esmeraldal,Urbana,"(6.182165945, -75.57677668)"
2173585,11/30/2017,7:30 p.m.,Jueves,Campero,Diplomatico,Conductor,Masculino,NO,Sin Registro,Solo Daños,Choque,Adelantar cerrando,Calle 21  Sur Carrera 41,El Esmeraldal,Urbana,"(6.182165945, -75.57677668)"
2173585,11/30/2017,7:30 p.m.,Jueves,Campero,Diplomatico,Conductor,Masculino,NO,Sin Registro,Solo Daños,Choque,Girar bruscamente,Calle 21  Sur Carrera 41,El Esmeraldal,Urbana,"(6.182165945, -75.57677668)"
2173585,11/30/2017,7:30 p.m.,Jueves,Bus,Publico,Conductor,Masculino,NO,Sin Registro,Solo Daños,Choque,Adelantar cerrando,Calle 21  Sur Carrera 41,El Esmeraldal,Urbana,"(6.182165945, -75.57677668)"
2173584,11/30/2017,10:00 a.m.,Jueves,Automovil,Particular,Conductor,Femenino,NO,Sin Registro,Solo Daños,Choque,No mantener distancia de seguridad,Carrera 41 Diagonal 40,Zona Centro,Urbana,"(6.166920833, -75.58799502)"
2173584,11/30/2017,10:00 a.m.,Jueves,Camioneta,Particular,Conductor,Masculino,NO,Sin Registro,Solo Daños,Choque,No mantener distancia de seguridad,Carrera 41 Diagonal 40,Zona Centro,Urbana,"(6.166920833, -75.58799502)"
2173573,11/30/2017,9:10 a.m.,Jueves,Camioneta,Particular,Conductor,Masculino,NO,Sin Registro,Solo Daños,Choque,Girar bruscamente,Calle 36  Sur Carrera 25,El Chocho,Urbana,"(6.167194335, -75.56482628)"
2173573,11/30/2017,9:10 a.m.,Jueves,Camioneta,Particular,Conductor,Femenino,NO,Sin Registro,Solo Daños,Choque,Adelantar cerrando,Calle 36  Sur Carrera 25,El Chocho,Urbana,"(6.167194335, -75.56482628)"
2173573,11/30/2017,9:10 a.m.,Jueves,Camioneta,Particular,Conductor,Femenino,NO,Sin Registro,Solo Daños,Choque,Girar bruscamente,Calle 36  Sur Carrera 25,El Chocho,Urbana,"(6.167194335, -75.56482628)"
2173573,11/30/2017,9:10 a.m.,Jueves,Camioneta,Particular,Conductor,Masculino,NO,Sin Registro,Solo Daños,Choque,Adelantar cerrando,Calle 36  Sur Carrera 25,El Chocho,Urbana,"(6.167194335, -75.56482628)"
2173580,11/30/2017,2:50 p.m.,Jueves,Camioneta,Particular,Conductor,Masculino,NO,Sin Registro,Herido,Choque,Remolque sin precaucion,Tramo 372 Kilometro  12,Vereda Palmas,Rural,
2173580,11/30/2017,2:50 p.m.,Jueves,Motocicleta,Particular,Motociclista,Masculino,NO,Sin Registro,Herido,Choque,Remolque sin precaucion,Tramo 372 Kilometro  12,Vereda Palmas,Rural,
2173578,11/30/2017,11:00 p.m.,Jueves,Campero,Particular,Conductor,Masculino,NO,Sin Registro,Solo Daños,Choque,Impericia en el manejo,Carrera 27 G Calle 36 D Sur,Vereda El Escobero,Urbana,"(6.166212839, -75.57691411)"
2173617,01/12/2017,1:00 p.m.,Viernes,Motocicleta,Oficial,Motociclista,Masculino,NO,Sin Registro,Herido,Choque,Adelantar en zona prohibida,Calle 36 D Sur Carrera 27,Vereda El Escobero,Urbana,"(6.162479576, -75.57022257)"
2173617,01/12/2017,1:00 p.m.,Viernes,Automovil,Particular,Conductor,Masculino,NO,Sin Registro,Herido,Choque,Adelantar en zona prohibida,Calle 36 D Sur Carrera 27,Vereda El Escobero,Urbana,"(6.162479576, -75.57022257)"
2173590,01/12/2017,8:00 a.m.,Viernes,Bus,Publico,Conductor,Masculino,NO,Sin Registro,Herido,Choque,No respetar prelacion,Tramo 372 Kilometro  11,Vereda Palmas,Rural,
2173590,01/12/2017,8:00 a.m.,Viernes,Motocicleta,Particular,Motociclista,Masculino,NO,Sin Registro,Herido,Choque,No respetar prelacion,Tramo 372 Kilometro  11,Vereda Palmas,Rural,
2173588,01/12/2017,3:00 p.m.,Viernes,Motocicleta,Particular,Motociclista,Masculino,NO,Sin Registro,Herido,Choque,Desobedecer senales,Transversal 27 A Sur Carrera 42 B,Jardines,Urbana,"(6.158218327, -75.58174111)"
2173588,01/12/2017,3:00 p.m.,Viernes,Camion,Publico,Conductor,Masculino,NO,Sin Registro,Herido,Choque,Desobedecer senales,Transversal 27 A Sur Carrera 42 B,Jardines,Urbana,"(6.158218327, -75.58174111)"
2173606,01/12/2017,4:10 a.m.,Viernes,Automovil,Publico,Conductor,Masculino,NO,Sin Registro,Solo Daños,Choque,Poner en marcha un vehiculo sin precauci,Carrera 48 Calle 25  Sur,Las Vegas,Urbana,"(6.185059174, -75.58329333)"
2173606,01/12/2017,4:10 a.m.,Viernes,Automovil,Particular,Conductor,Masculino,NO,Sin Registro,Solo Daños,Choque,Poner en marcha un vehiculo sin precauci,Carrera 48 Calle 25  Sur,Las Vegas,Urbana,"(6.185059174, -75.58329333)"
2173575,01/12/2017,12:05 a.m.,Viernes,Camioneta,Particular,Conductor,Masculino,NO,Sin Registro,Solo Daños,Choque,Impericia en el manejo,Calle 36  Sur Carrera 24,El Chocho,Urbana,"(6.167448218, -75.56378508)"
2173575,01/12/2017,12:05 a.m.,Viernes,Camioneta,Particular,Conductor,Femenino,NO,Sin Registro,Solo Daños,Choque,Impericia en el manejo,Calle 36  Sur Carrera 24,El Chocho,Urbana,"(6.167448218, -75.56378508)"
2173610,01/12/2017,7:40 p.m.,Viernes,Campero,Particular,Conductor,Femenino,NO,Sin Registro,Herido,Choque,No mantener distancia de seguridad,Calle 26 B Sur Carrera 42 B,Las Orquideas,Urbana,"(6.176911315, -75.58005899)"
2173610,01/12/2017,7:40 p.m.,Viernes,Automovil,Particular,Conductor,Femenino,NO,Sin Registro,Herido,Choque,No mantener distancia de seguridad,Calle 26 B Sur Carrera 42 B,Las Orquideas,Urbana,"(6.176911315, -75.58005899)"
2173603,01/12/2017,7:50 p.m.,Viernes,Automovil,Particular,Conductor,Femenino,NO,Sin Registro,Solo Daños,Choque,Adelantar cerrando,Carrera 43 A Calle 48 C Sur,Las Casitas,Urbana,"(6.162218777, -75.59764446)"
2173603,01/12/2017,7:50 p.m.,Viernes,Bus,Publico,Conductor,Masculino,NO,Sin Registro,Solo Daños,Choque,Adelantar cerrando,Carrera 43 A Calle 48 C Sur,Las Casitas,Urbana,"(6.162218777, -75.59764446)"
2173596,01/12/2017,6:10 p.m.,Viernes,Bus,Publico,Conductor,Masculino,NO,Sin Registro,Solo Daños,Choque,Girar bruscamente,Carrera 43 A Calle 37  Sur,Zona Centro,Urbana,"(6.171024704, -75.5881647)"
2173596,01/12/2017,6:10 p.m.,Viernes,Automovil,Particular,Conductor,Femenino,NO,Sin Registro,Solo Daños,Choque,Adelantar cerrando,Carrera 43 A Calle 37  Sur,Zona Centro,Urbana,"(6.171024704, -75.5881647)"
2173596,01/12/2017,6:10 p.m.,Viernes,Automovil,Particular,Conductor,Femenino,NO,Sin Registro,Solo Daños,Choque,Girar bruscamente,Carrera 43 A Calle 37  Sur,Zona Centro,Urbana,"(6.171024704, -75.5881647)"
2173596,01/12/2017,6:10 p.m.,Viernes,Bus,Publico,Conductor,Masculino,NO,Sin Registro,Solo Daños,Choque,Adelantar cerrando,Carrera 43 A Calle 37  Sur,Zona Centro,Urbana,"(6.171024704, -75.5881647)"
2173635,01/12/2017,8:10 p.m.,Viernes,Automovil,Particular,Conductor,Femenino,NO,Sin Registro,Solo Daños,Choque,Adelantar cerrando,Carrera 48 Calle 44 B Sur,Las Vegas,Urbana,"(6.167284881, -75.59824543)"
2173635,01/12/2017,8:10 p.m.,Viernes,Motocicleta,Particular,Motociclista,Masculino,NO,Sin Registro,Solo Daños,Choque,Adelantar cerrando,Carrera 48 Calle 44 B Sur,Las Vegas,Urbana,"(6.167284881, -75.59824543)"
2173598,01/12/2017,4:20 p.m.,Viernes,Camioneta,Particular,Conductor,Masculino,NO,Sin Registro,Solo Daños,Choque,No mantener distancia de seguridad,Tramo 372 Kilometro  15,Vereda Palmas,Rural,
2173598,01/12/2017,4:20 p.m.,Viernes,Camioneta,Publico,Conductor,Masculino,NO,Sin Registro,Solo Daños,Choque,No mantener distancia de seguridad,Tramo 372 Kilometro  15,Vereda Palmas,Rural,
2173622,01/12/2017,4:20 p.m.,Viernes,Automovil,Particular,Conductor,Femenino,NO,Sin Registro,Herido,Choque,No mantener distancia de seguridad,Carrera 43 A Calle 29 A Sur,Jardines,Urbana,"(6.177008969, -75.58509681)"
2173622,01/12/2017,4:20 p.m.,Viernes,Motocicleta,Particular,Motociclista,Masculino,NO,Sin Registro,Herido,Choque,No mantener distancia de seguridad,Carrera 43 A Calle 29 A Sur,Jardines,Urbana,"(6.177008969, -75.58509681)"
2180497,01/12/2017,4:35 p.m.,Viernes,Automovil,Particular,Conductor,Femenino,NO,Sin Registro,Solo Daños,Choque,Transitar entre vehiculos,Carrera 49 Calle 32  Sur,Las Vegas,Urbana,
2180497,01/12/2017,4:35 p.m.,Viernes,Motocicleta,Particular,Motociclista,Masculino,NO,Sin Registro,Solo Daños,Choque,Transitar entre vehiculos,Carrera 49 Calle 32  Sur,Las Vegas,Urbana,
2173644,01/12/2017,2:35 p.m.,Viernes,Automovil,Particular,Conductor,Femenino,NO,Sin Registro,Solo Daños,Choque,No respetar pelacion de interseccion o giros,Carrera 48 Calle 37  Sur,Las Vegas,Urbana,"(6.172859211, -75.59276992)"
2173644,01/12/2017,2:35 p.m.,Viernes,Motocicleta,Particular,Motociclista,Masculino,NO,Sin Registro,Solo Daños,Choque,No respetar prelacion,Carrera 48 Calle 37  Sur,Las Vegas,Urbana,"(6.172859211, -75.59276992)"
2173644,01/12/2017,2:35 p.m.,Viernes,Motocicleta,Particular,Motociclista,Masculino,NO,Sin Registro,Solo Daños,Choque,No respetar pelacion de interseccion o giros,Carrera 48 Calle 37  Sur,Las Vegas,Urbana,"(6.172859211, -75.59276992)"
2173644,01/12/2017,2:35 p.m.,Viernes,Automovil,Particular,Conductor,Femenino,NO,Sin Registro,Solo Daños,Choque,No respetar prelacion,Carrera 48 Calle 37  Sur,Las Vegas,Urbana,"(6.172859211, -75.59276992)"
2173645,01/12/2017,2:40 p.m.,Viernes,Buseta,Publico,Conductor,Masculino,NO,Sin Registro,Solo Daños,Choque,No mantener distancia de seguridad,Tramo 372 Kilometro  12,Vereda Palmas,Rural,
2173645,01/12/2017,2:40 p.m.,Viernes,Automovil,Particular,Conductor,Masculino,NO,Sin Registro,Solo Daños,Choque,No mantener distancia de seguridad,Tramo 372 Kilometro  12,Vereda Palmas,Rural,
2173608,01/12/2017,9:45 a.m.,Viernes,Motocicleta,Particular,Motociclista,Masculino,NO,Sin Registro,Solo Daños,Choque,Transitar entre vehiculos,Carrera 50 Calle 26  Sur,Las Vegas,Urbana,"(6.184812544, -75.58691109)"
2173608,01/12/2017,9:45 a.m.,Viernes,Automovil,Particular,Conductor,Masculino,NO,Sin Registro,Solo Daños,Choque,Transitar entre vehiculos,Carrera 50 Calle 26  Sur,Las Vegas,Urbana,"(6.184812544, -75.58691109)"
2173577,01/12/2017,1:50 a.m.,Viernes,Camioneta,Particular,Conductor,Masculino,NO,Sin Registro,Solo Daños,Choque,Impericia en el manejo,Tramo 373 Kilometro  13,Vereda Palmas,Rural,
2173577,01/12/2017,1:50 a.m.,Viernes,Automovil,Particular,Conductor,Masculino,NO,Sin Registro,Solo Daños,Choque,Embriaguez o droga,Tramo 373 Kilometro  13,Vereda Palmas,Rural,
2173577,01/12/2017,1:50 a.m.,Viernes,Automovil,Particular,Conductor,Masculino,NO,Sin Registro,Solo Daños,Choque,Impericia en el manejo,Tramo 373 Kilometro  13,Vereda Palmas,Rural,
2173577,01/12/2017,1:50 a.m.,Viernes,Camioneta,Particular,Conductor,Masculino,NO,Sin Registro,Solo Daños,Choque,Embriaguez o droga,Tramo 373 Kilometro  13,Vereda Palmas,Rural,
2173577,01/12/2017,1:50 a.m.,Viernes,Camioneta,Particular,Conductor,Masculino,NO,Sin Registro,Solo Daños,Choque,Impericia en el manejo,Tramo 373 Kilometro  13,Vereda Palmas,Rural,
2173577,01/12/2017,1:50 a.m.,Viernes,Camioneta,Particular,Conductor,Masculino,NO,Sin Registro,Solo Daños,Choque,Embriaguez o droga,Tramo 373 Kilometro  13,Vereda Palmas,Rural,
2173612,01/12/2017,11:40 p.m.,Viernes,Automovil,Publico,Conductor,Masculino,NO,Sin Registro,Solo Daños,Choque,No mantener distancia de seguridad,Calle 47 C Sur Carrera 43 A,Loma Del Barro,Urbana,
2173612,01/12/2017,11:40 p.m.,Viernes,Automovil,Particular,Conductor,Masculino,NO,Sin Registro,Solo Daños,Choque,No mantener distancia de seguridad,Calle 47 C Sur Carrera 43 A,Loma Del Barro,Urbana,
2173609,02/12/2017,1:00 p.m.,Sábado,Motocicleta,Particular,Motociclista,Masculino,NO,Sin Registro,Solo Daños,Choque,Poner en marcha un vehiculo sin precauci,Calle 40 B Sur Carrera 39,El Dorado,Urbana,"(6.165386968, -75.58718501)"
2173609,02/12/2017,1:00 p.m.,Sábado,Automovil,Publico,Conductor,Masculino,NO,Sin Registro,Solo Daños,Choque,Poner en marcha un vehiculo sin precauci,Calle 40 B Sur Carrera 39,El Dorado,Urbana,"(6.165386968, -75.58718501)"
2173611,02/12/2017,1:00 a.m.,Sábado,Automovil,Publico,Conductor,Masculino,NO,Sin Registro,Solo Daños,Choque,Semaforo en rojo,Calle 38  Sur Carrera 41,Zona Centro,Urbana,"(6.169244976, -75.58658807)"
2173611,02/12/2017,1:00 a.m.,Sábado,Automovil,Publico,Conductor,Masculino,NO,Sin Registro,Solo Daños,Choque,Semaforo en rojo,Calle 38  Sur Carrera 41,Zona Centro,Urbana,"(6.169244976, -75.58658807)"
2173591,02/12/2017,6:00 p.m.,Sábado,Motocicleta,Particular,Motociclista,Masculino,NO,Sin Registro,Herido,Atropello,Cruzar sin observar,Calle 32 B Sur Carrera 48,Las Vegas,Urbana,"(6.177255701, -75.59003137)"
2173594,02/12/2017,1:15 p.m.,Sábado,Automovil,Particular,Conductor,Femenino,NO,Sin Registro,Solo Daños,Choque,No mantener distancia de seguridad,Carrera 41 A Calle 42  Sur,El Dorado,Urbana,"(6.164077119, -75.59158204)"
2173594,02/12/2017,1:15 p.m.,Sábado,Camioneta,Particular,Conductor,Masculino,NO,Sin Registro,Solo Daños,Choque,No mantener distancia de seguridad,Carrera 41 A Calle 42  Sur,El Dorado,Urbana,"(6.164077119, -75.59158204)"
2173616,02/12/2017,11:10 a.m.,Sábado,Automovil,Particular,Conductor,Femenino,NO,Sin Registro,Solo Daños,Choque,Transitar entre vehiculos,Carrera 49 Calle 19  Sur,Las Vegas,Urbana,
2173616,02/12/2017,11:10 a.m.,Sábado,Motocicleta,Particular,Motociclista,Masculino,NO,Sin Registro,Solo Daños,Choque,Transitar entre vehiculos,Carrera 49 Calle 19  Sur,Las Vegas,Urbana,
2173605,02/12/2017,2:10 p.m.,Sábado,Automovil,Particular,Conductor,Masculino,NO,Sin Registro,Solo Daños,Choque,Estacionar sin seguridad,Carrera 49 Calle 39 A Sur,Las Vegas,Urbana,"(6.173609359, -75.59707057)"
2173605,02/12/2017,2:10 p.m.,Sábado,Buseta,Publico,Conductor,Masculino,NO,Sin Registro,Solo Daños,Choque,Estacionar sin seguridad,Carrera 49 Calle 39 A Sur,Las Vegas,Urbana,"(6.173609359, -75.59707057)"
2173614,02/12/2017,4:15 p.m.,Sábado,Automovil,Particular,Conductor,Masculino,NO,Sin Registro,Solo Daños,Choque,No mantener distancia de seguridad,Calle 40 H Sur Carrera 43 A,El Dorado,Urbana,"(6.167061568, -75.59080663)"
2173597,02/12/2017,8:10 p.m.,Sábado,Automovil,Publico,Conductor,Masculino,NO,Sin Registro,Solo Daños,Choque,No respetar prelacion,Carrera 40 A Calle 37  Sur,Zona Centro,Urbana,"(6.169546916, -75.58585723)"
2173597,02/12/2017,8:10 p.m.,Sábado,Motocicleta,Particular,Motociclista,Masculino,NO,Sin Registro,Solo Daños,Choque,No respetar prelacion,Carrera 40 A Calle 37  Sur,Zona Centro,Urbana,"(6.169546916, -75.58585723)"
2173614,02/12/2017,4:15 p.m.,Sábado,Automovil,Publico,Conductor,Masculino,NO,Sin Registro,Solo Daños,Choque,No mantener distancia de seguridad,Calle 40 H Sur Carrera 43 A,El Dorado,Urbana,"(6.167061568, -75.59080663)"