RADICADO,FECHA,HORA,DÍA DE LA SEMANA,CLASE DE VEHICULO,TIPO DE SERVICIO,TIPO DE VICTIMA,SEXO,ESTADO DE BEODEZ,RESULTADO DE BEODEZ,GRAVEDAD,CLASE DE ACCIDENTE,CAUSA,DIRECCIÓN,BARRIO,AREA,Coordenadas
2173595,02/12/2017,8:40 a.m.,Sábado,Camioneta,Particular,Conductor,Femenino,NO,Sin Registro,Solo Daños,Choque,No mantener distancia de seguridad,Carrera 43 A Calle 32 A Sur,San Marcos,Urbana,"(6.175019606, -75.58592917)"
2173595,02/12/2017,8:40 a.m.,Sábado,Automovil,Particular,Conductor,Masculino,NO,Sin Registro,Solo Daños,Choque,No mantener distancia de seguridad,Carrera 43 A Calle 32 A Sur,San Marcos,Urbana,"(6.175019606, -75.58592917)"
2173586,02/12/2017,12:30 p.m.,Sábado,Bus,Publico,Conductor,Masculino,NO,Sin Registro,Herido,Choque,No mantener distancia de seguridad,Carrera 50 Calle 43  Sur,Las Vegas,Urbana,
2173586,02/12/2017,12:30 p.m.,Sábado,Camioneta,Particular,Conductor,Masculino,NO,Sin Registro,Herido,Choque,No mantener distancia de seguridad,Carrera 50 Calle 43  Sur,Las Vegas,Urbana,
2173586,02/12/2017,12:30 p.m.,Sábado,Automovil,Particular,Conductor,Femenino,NO,Sin Registro,Herido,Choque,No mantener distancia de seguridad,Carrera 50 Calle 43  Sur,Las Vegas,Urbana,
2173586,02/12/2017,12:30 p.m.,Sábado,Camioneta,Particular,Conductor,Masculino,NO,Sin Registro,Herido,Choque,No mantener distancia de seguridad,Carrera 50 Calle 43  Sur,Las Vegas,Urbana,
2173586,02/12/2017,12:30 p.m.,Sábado,Automovil,Publico,Conductor,Masculino,NO,Sin Registro,Herido,Choque,No mantener distancia de seguridad,Carrera 50 Calle 43  Sur,Las Vegas,Urbana,
2173589,02/12/2017,10:10 p.m.,Sábado,Motocicleta,Particular,Motociclista,Masculino,NO,Sin Registro,Herido,Atropello,Cruzar sin observar,Calle 37  Sur Carrera 49,Las Vegas,Urbana,"(6.174789471, -75.59420424)"
2173604,03/12/2017,3:05 p.m.,Domingo,Campero,Particular,Conductor,Femenino,NO,Sin Registro,Herido,Atropello,Cruzar sin observar,Carrera 32 B Calle 40 F Sur,El Dorado,Urbana,"(6.162538385, -75.58471789)"
2173587,03/12/2017,3:20 p.m.,Domingo,Automovil,Particular,Conductor,Masculino,NO,Sin Registro,Herido,Choque,No mantener distancia de seguridad,Calle 38  Sur Carrera 45 A,Alcala,Urbana,"(6.17126287, -75.59030689)"
2173587,03/12/2017,3:20 p.m.,Domingo,Automovil,Particular,Conductor,Masculino,NO,Sin Registro,Herido,Choque,No mantener distancia de seguridad,Calle 38  Sur Carrera 45 A,Alcala,Urbana,"(6.17126287, -75.59030689)"
2173587,03/12/2017,3:20 p.m.,Domingo,Automovil,Publico,Conductor,Masculino,NO,Sin Registro,Herido,Choque,No mantener distancia de seguridad,Calle 38  Sur Carrera 45 A,Alcala,Urbana,"(6.17126287, -75.59030689)"
2173607,03/12/2017,3:20 p.m.,Domingo,Microbus,Publico,Conductor,Masculino,NO,Sin Registro,Solo Daños,Choque,Poner en marcha un vehiculo sin precauci,Calle 38  Sur Carrera 44,Zona Centro,Urbana,"(6.170783841, -75.58925878)"
2173607,03/12/2017,3:20 p.m.,Domingo,Automovil,Particular,Conductor,Masculino,NO,Sin Registro,Solo Daños,Choque,Poner en marcha un vehiculo sin precauci,Calle 38  Sur Carrera 44,Zona Centro,Urbana,"(6.170783841, -75.58925878)"
2173641,03/12/2017,12:15 a.m.,Domingo,Automovil,Particular,Conductor,Masculino,NO,Sin Registro,Solo Daños,Choque,No mantener distancia de seguridad,Carrera 50 Calle 43  Sur,Las Vegas,Urbana,
2173641,03/12/2017,12:15 a.m.,Domingo,Motocicleta,Particular,Motociclista,Masculino,NO,Sin Registro,Solo Daños,Choque,No mantener distancia de seguridad,Carrera 50 Calle 43  Sur,Las Vegas,Urbana,
2173613,03/12/2017,3:30 p.m.,Domingo,Automovil,Particular,Conductor,Masculino,NO,Sin Registro,Solo Daños,Choque,Reverso imprudente,Calle 36 D Sur Carrera 27 A,Vereda El Escobero,Urbana,"(6.164831751, -75.57423497)"
2173613,03/12/2017,3:30 p.m.,Domingo,Automovil,Particular,Conductor,Femenino,NO,Sin Registro,Solo Daños,Choque,Reverso imprudente,Calle 36 D Sur Carrera 27 A,Vereda El Escobero,Urbana,"(6.164831751, -75.57423497)"
2173593,03/12/2017,11:30 a.m.,Domingo,Automovil,Particular,Conductor,Masculino,NO,Sin Registro,Herido,Choque,No respetar prelacion,Calle 36 D Sur Carrera 25,Vereda El Escobero,Urbana,"(6.157838588, -75.56652157)"
2173593,03/12/2017,11:30 a.m.,Domingo,Automovil,Particular,Conductor,Masculino,NO,Sin Registro,Herido,Choque,No respetar pelacion de interseccion o giros,Calle 36 D Sur Carrera 25,Vereda El Escobero,Urbana,"(6.157838588, -75.56652157)"
2173593,03/12/2017,11:30 a.m.,Domingo,Automovil,Particular,Conductor,Masculino,NO,Sin Registro,Herido,Choque,No respetar prelacion,Calle 36 D Sur Carrera 25,Vereda El Escobero,Urbana,"(6.157838588, -75.56652157)"
2173593,03/12/2017,11:30 a.m.,Domingo,Automovil,Particular,Conductor,Masculino,NO,Sin Registro,Herido,Choque,No respetar pelacion de interseccion o giros,Calle 36 D Sur Carrera 25,Vereda El Escobero,Urbana,"(6.157838588, -75.56652157)"
2173641,03/12/2017,12:15 a.m.,Domingo,Camioneta,Particular,Conductor,Masculino,NO,Sin Registro,Solo Daños,Choque,No mantener distancia de seguridad,Carrera 50 Calle 43  Sur,Las Vegas,Urbana,
2173637,04/12/2017,7:10 p.m.,Lunes,Automovil,Publico,Conductor,Masculino,NO,Sin Registro,Herido,Atropello,Cruzar sin observar,Carrera 48 Calle 37  Sur,Las Vegas,Urbana,"(6.172859211, -75.59276992)"
2173600,04/12/2017,8:00 a.m.,Lunes,Automovil,Particular,Conductor,Masculino,NO,Sin Registro,Solo Daños,Choque,No mantener distancia de seguridad,Carrera 50 Calle 30  Sur,Las Vegas,Urbana,
2173600,04/12/2017,8:00 a.m.,Lunes,Motocicleta,Particular,Motociclista,Masculino,NO,Sin Registro,Solo Daños,Choque,No mantener distancia de seguridad,Carrera 50 Calle 30  Sur,Las Vegas,Urbana,
2173601,04/12/2017,10:00 a.m.,Lunes,Bus,Publico,Conductor,Masculino,NO,Sin Registro,Solo Daños,Choque,Girar bruscamente,Calle 38 A Sur Carrera 42,Zona Centro,Urbana,"(6.169022232, -75.58772239)"
2173601,04/12/2017,10:00 a.m.,Lunes,Automovil,Particular,Conductor,Femenino,NO,Sin Registro,Solo Daños,Choque,Girar bruscamente,Calle 38 A Sur Carrera 42,Zona Centro,Urbana,"(6.169022232, -75.58772239)"
2173615,04/12/2017,5:00 p.m.,Lunes,Camion,Publico,Conductor,Masculino,NO,Sin Registro,Solo Daños,Choque,Reverso imprudente,Carrera 45 A Calle 42 B Sur,La Paz,Urbana,"(6.164010693, -75.59395211)"
2173615,04/12/2017,5:00 p.m.,Lunes,Maq. Agricola,Publico,Conductor,Masculino,NO,Sin Registro,Solo Daños,Choque,Reverso imprudente,Carrera 45 A Calle 42 B Sur,La Paz,Urbana,"(6.164010693, -75.59395211)"
2173618,04/12/2017,5:00 p.m.,Lunes,Motocicleta,Particular,Motociclista,Masculino,NO,Sin Registro,Herido,Choque,Adelantar invadiendo carril de sentido contrario,Carrera 27 D Calle 34 DD Sur,La Inmaculada,Urbana,"(6.170304561, -75.57558236)"
2173758,12/14/2017,2:40 p.m.,Jueves,Camion,Publico,Conductor,Masculino,NO,Sin Registro,Solo Daños,Choque,No respetar prelacion,Tramo 379 Kilometro  7,Vereda El Vallano,Rural,
2173618,04/12/2017,5:00 p.m.,Lunes,Motocicleta,Particular,Motociclista,Masculino,NO,Sin Registro,Herido,Choque,Adelantar invadiendo carril de sentido contrario,Carrera 27 D Calle 34 DD Sur,La Inmaculada,Urbana,"(6.170304561, -75.57558236)"
2173624,04/12/2017,5:00 p.m.,Lunes,Motocicleta,Particular,Motociclista,Masculino,NO,Sin Registro,Herido,Atropello,Cruzar sin observar,Calle 38  Sur Carrera 44,Zona Centro,Urbana,"(6.170783841, -75.58925878)"
2173626,04/12/2017,5:00 p.m.,Lunes,Camion,Publico,Conductor,Masculino,NO,Sin Registro,Solo Daños,Choque,Reverso imprudente,Calle 49  Sur Carrera 48,Las Vegas,Urbana,"(6.163238618, -75.60250718)"
2173626,04/12/2017,5:00 p.m.,Lunes,Camioneta,Oficial,Conductor,Masculino,NO,Sin Registro,Solo Daños,Choque,Reverso imprudente,Calle 49  Sur Carrera 48,Las Vegas,Urbana,"(6.163238618, -75.60250718)"
2173629,04/12/2017,7:50 p.m.,Lunes,Bus,Publico,Conductor,Masculino,NO,Sin Registro,Solo Daños,Choque,No mantener distancia de seguridad,Carrera 43 A Calle 25 A Sur,Avenida El Poblado,Urbana,"(6.181504184, -75.5817415)"
2173629,04/12/2017,7:50 p.m.,Lunes,Automovil,Particular,Conductor,Masculino,NO,Sin Registro,Solo Daños,Choque,No mantener distancia de seguridad,Carrera 43 A Calle 25 A Sur,Avenida El Poblado,Urbana,"(6.181504184, -75.5817415)"
2173602,04/12/2017,11:15 a.m.,Lunes,Automovil,Particular,Conductor,Masculino,NO,Sin Registro,Solo Daños,Choque,Reverso imprudente,Carrera 47 Calle 37  Sur,Alcala,Urbana,"(6.173027325, -75.59156031)"
2173602,04/12/2017,11:15 a.m.,Lunes,Automovil,Particular,Conductor,Masculino,NO,Sin Registro,Solo Daños,Choque,Reverso imprudente,Carrera 47 Calle 37  Sur,Alcala,Urbana,"(6.173027325, -75.59156031)"
2173599,04/12/2017,5:15 p.m.,Lunes,Campero,Particular,Conductor,Femenino,NO,Sin Registro,Herido,Atropello,No respetar prelacion,Carrera 48 Calle 44  Sur,Las Vegas,Urbana,"(6.167284881, -75.59824543)"
2173632,04/12/2017,4:25 p.m.,Lunes,Camioneta,Particular,Conductor,Masculino,NO,Sin Registro,Solo Daños,Choque,No mantener distancia de seguridad,Carrera 42 Calle 25 A Sur,Las Orquideas,Urbana,
2173632,04/12/2017,4:25 p.m.,Lunes,Camioneta,Publico,Conductor,Masculino,NO,Sin Registro,Solo Daños,Choque,No mantener distancia de seguridad,Carrera 42 Calle 25 A Sur,Las Orquideas,Urbana,
2173638,04/12/2017,8:50 p.m.,Lunes,Motocicleta,Particular,Motociclista,Masculino,NO,Sin Registro,Solo Daños,Choque,Desobedecer senales,Calle 37  Sur Carrera 28,Vereda El Escobero,Urbana,"(6.165679454, -75.57834042)"
2173638,04/12/2017,8:50 p.m.,Lunes,Automovil,Particular,Conductor,Femenino,NO,Sin Registro,Solo Daños,Choque,Desobedecer senales,Calle 37  Sur Carrera 28,Vereda El Escobero,Urbana,"(6.165679454, -75.57834042)"
2173630,04/12/2017,2:30 p.m.,Lunes,Bus,Publico,Conductor,Masculino,NO,Sin Registro,Solo Daños,Choque,No mantener distancia de seguridad,Calle 49  Sur Carrera 48,Las Vegas,Urbana,"(6.163238618, -75.60250718)"
2173630,04/12/2017,2:30 p.m.,Lunes,Camioneta,Particular,Conductor,Femenino,NO,Sin Registro,Solo Daños,Choque,No mantener distancia de seguridad,Calle 49  Sur Carrera 48,Las Vegas,Urbana,"(6.163238618, -75.60250718)"
2173630,04/12/2017,2:30 p.m.,Lunes,Automovil,Publico,Conductor,Masculino,NO,Sin Registro,Solo Daños,Choque,No mantener distancia de seguridad,Calle 49  Sur Carrera 48,Las Vegas,Urbana,"(6.163238618, -75.60250718)"
2173692,04/12/2017,5:50 a.m.,Lunes,Bus,Publico,Conductor,Masculino,NO,Sin Registro,Solo Daños,Choque,Arrancar sin precaucion,Carrera 49 Calle 37  Sur,Las Vegas,Urbana,
2173692,04/12/2017,5:50 a.m.,Lunes,Bus,Publico,Conductor,Masculino,NO,Sin Registro,Solo Daños,Choque,Arrancar sin precaucion,Carrera 49 Calle 37  Sur,Las Vegas,Urbana,
2173636,04/12/2017,11:40 a.m.,Lunes,Motocicleta,Particular,Motociclista,Masculino,NO,Sin Registro,Herido,Caida Ocupante,Exceso de velocidad,Carrera 48 Calle 36  Sur,Las Vegas,Urbana,"(6.173906662, -75.59187541)"
2173648,04/12/2017,11:40 a.m.,Lunes,Camioneta,Particular,Conductor,Masculino,NO,Sin Registro,Solo Daños,Choque,Transitar con las puertas abiertas,Diagonal 30 A Transversal 34 DD Sur,La Sebastiana,Urbana,"(6.171449044, -75.57884375)"
2173648,04/12/2017,11:40 a.m.,Lunes,Automovil,Particular,Conductor,Masculino,NO,Sin Registro,Solo Daños,Choque,Transitar con las puertas abiertas,Diagonal 30 A Transversal 34 DD Sur,La Sebastiana,Urbana,"(6.171449044, -75.57884375)"
2173623,04/12/2017,5:30 p.m.,Lunes,Motocicleta,Particular,Motociclista,Masculino,NO,Sin Registro,Herido,Atropello,Cruzar sin observar,Calle 37  Sur Diagonal 31,La Pradera,Urbana,"(6.166120684, -75.58074061)"
2153678,09/01/2016,2:40 p.m.,Sábado,Automovil,Particular,Conductor,Masculino,No,Sin Registro,Solo Daños,Choque,Adelantar cerrando,Calle 37  Sur Carrera 50,Las Vegas,Urbana,
2173623,04/12/2017,5:30 p.m.,Lunes,Motocicleta,Particular,Motociclista,Masculino,NO,Sin Registro,Herido,Atropello,Exceso de velocidad,Calle 37  Sur Diagonal 31,La Pradera,Urbana,"(6.166120684, -75.58074061)"
2173619,04/12/2017,1:50 p.m.,Lunes,Camioneta,Publico,Conductor,Masculino,NO,Sin Registro,Solo Daños,Choque,No mantener distancia de seguridad,Carrera 50 Calle 30  Sur,Las Vegas,Urbana,
2173646,04/12/2017,9:40 a.m.,Lunes,Automovil,Particular,Conductor,Femenino,NO,Sin Registro,Solo Daños,Choque,Adelantar cerrando,Calle 25  Sur Carrera 43 A,Villa Grande,Urbana,"(6.181560189, -75.58201649)"
2173646,04/12/2017,9:40 a.m.,Lunes,Camion,Publico,Conductor,Masculino,NO,Sin Registro,Solo Daños,Choque,Adelantar cerrando,Calle 25  Sur Carrera 43 A,Villa Grande,Urbana,"(6.181560189, -75.58201649)"
2173619,04/12/2017,1:50 p.m.,Lunes,Automovil,Publico,Conductor,Masculino,NO,Sin Registro,Solo Daños,Choque,No mantener distancia de seguridad,Carrera 50 Calle 30  Sur,Las Vegas,Urbana,
2173650,04/12/2017,11:50 a.m.,Lunes,Motocicleta,Particular,Motociclista,Masculino,NO,Sin Registro,Solo Daños,Choque,Exceso de velocidad,Calle 36 AA Sur Carrera 26 A,La Sebastiana,Urbana,"(6.164449671, -75.56797106)"
2173650,04/12/2017,11:50 a.m.,Lunes,Camioneta,Particular,Conductor,Femenino,NO,Sin Registro,Solo Daños,Choque,Exceso de velocidad,Calle 36 AA Sur Carrera 26 A,La Sebastiana,Urbana,"(6.164449671, -75.56797106)"
2173627,05/12/2017,5:00 a.m.,Martes,Automovil,Publico,Conductor,Masculino,NO,Sin Registro,Solo Daños,Choque,Obstaculos en la via,Calle 38  Sur Carrera 43 A,Zona Centro,Urbana,"(6.170537577, -75.58862514)"
2173627,05/12/2017,5:00 a.m.,Martes,Camion,Publico,Conductor,Masculino,NO,Sin Registro,Solo Daños,Choque,Obstaculos en la via,Calle 38  Sur Carrera 43 A,Zona Centro,Urbana,"(6.170537577, -75.58862514)"
2173647,05/12/2017,7:00 a.m.,Martes,Automovil,Publico,Conductor,Masculino,NO,Sin Registro,Solo Daños,Choque,No mantener distancia de seguridad,Carrera 32 Calle 37  Sur,Mesa,Urbana,"(6.1665774, -75.58116341)"
2173647,05/12/2017,7:00 a.m.,Martes,Automovil,Particular,Conductor,Femenino,NO,Sin Registro,Solo Daños,Choque,No mantener distancia de seguridad,Carrera 32 Calle 37  Sur,Mesa,Urbana,"(6.1665774, -75.58116341)"
2173621,05/12/2017,9:00 a.m.,Martes,Motocicleta,Particular,Motociclista,Masculino,NO,Sin Registro,Herido,Atropello,Cruzar sin observar,Carrera 43 A Calle 21  Sur,Zuñiga,Urbana,"(6.183599544, -75.57940986)"
2173621,05/12/2017,9:00 a.m.,Martes,Motocicleta,Particular,Motociclista,Masculino,NO,Sin Registro,Herido,Atropello,No respetar prelacion,Carrera 43 A Calle 21  Sur,Zuñiga,Urbana,"(6.183599544, -75.57940986)"
2173651,05/12/2017,9:00 a.m.,Martes,Camioneta,Particular,Conductor,Femenino,NO,Sin Registro,Solo Daños,Choque,No mantener distancia de seguridad,Calle 25  Sur Carrera 46,Zuñiga,Urbana,"(6.183044029, -75.5826185)"
2173651,05/12/2017,9:00 a.m.,Martes,Campero,Particular,Conductor,Masculino,NO,Sin Registro,Solo Daños,Choque,No mantener distancia de seguridad,Calle 25  Sur Carrera 46,Zuñiga,Urbana,"(6.183044029, -75.5826185)"
2173631,05/12/2017,4:00 p.m.,Martes,Motocicleta,Particular,Motociclista,Femenino,NO,Sin Registro,Solo Daños,Choque,No mantener distancia de seguridad,Carrera 48 Calle 25  Sur,Las Vegas,Urbana,"(6.185059174, -75.58329333)"
2173631,05/12/2017,4:00 p.m.,Martes,Automovil,Publico,Conductor,Masculino,NO,Sin Registro,Solo Daños,Choque,No mantener distancia de seguridad,Carrera 48 Calle 25  Sur,Las Vegas,Urbana,"(6.185059174, -75.58329333)"
2173668,05/12/2017,4:00 p.m.,Martes,Automovil,Publico,Conductor,Masculino,NO,Sin Registro,Solo Daños,Choque,Adelantar cerrando,Calle 25  Sur Carrera 48,Las Vegas,Urbana,
2173668,05/12/2017,4:00 p.m.,Martes,Camion,Publico,Conductor,Masculino,NO,Sin Registro,Solo Daños,Choque,Adelantar por la derecha,Calle 25  Sur Carrera 48,Las Vegas,Urbana,
2173668,05/12/2017,4:00 p.m.,Martes,Camion,Publico,Conductor,Masculino,NO,Sin Registro,Solo Daños,Choque,Adelantar cerrando,Calle 25  Sur Carrera 48,Las Vegas,Urbana,
2173668,05/12/2017,4:00 p.m.,Martes,Automovil,Publico,Conductor,Masculino,NO,Sin Registro,Solo Daños,Choque,Adelantar por la derecha,Calle 25  Sur Carrera 48,Las Vegas,Urbana,
2173639,05/12/2017,6:00 p.m.,Martes,Automovil,Particular,Conductor,Masculino,NO,Sin Registro,Solo Daños,Choque,Reverso imprudente,Carrera 43 A Calle 21  Sur,Avenida El Poblado,Urbana,"(6.183599544, -75.57940986)"
2173639,05/12/2017,6:00 p.m.,Martes,Automovil,Particular,Conductor,Femenino,NO,Sin Registro,Solo Daños,Choque,Reverso imprudente,Carrera 43 A Calle 21  Sur,Avenida El Poblado,Urbana,"(6.183599544, -75.57940986)"
2173634,05/12/2017,3:10 p.m.,Martes,Automovil,Particular,Conductor,Femenino,NO,Sin Registro,Solo Daños,Choque,Exceso de velocidad,Carrera 42 D Calle 45 B Sur,La Paz,Urbana,"(6.164797613, -75.59490137)"
2173634,05/12/2017,3:10 p.m.,Martes,Automovil,Particular,Conductor,Femenino,NO,Sin Registro,Solo Daños,Choque,Impericia en el manejo,Carrera 42 D Calle 45 B Sur,La Paz,Urbana,"(6.164797613, -75.59490137)"
2173640,05/12/2017,3:15 p.m.,Martes,Campero,Particular,Conductor,Masculino,NO,Sin Registro,Solo Daños,Choque,Girar bruscamente,Carrera 42 Calle 38 A Sur,Zona Centro,Urbana,"(6.168903475, -75.58769578)"
2173640,05/12/2017,3:15 p.m.,Martes,Camioneta,Particular,Conductor,Femenino,NO,Sin Registro,Solo Daños,Choque,Girar bruscamente,Carrera 42 Calle 38 A Sur,Zona Centro,Urbana,"(6.168903475, -75.58769578)"
2173633,05/12/2017,11:20 a.m.,Martes,Bicicleta,Sin Registro,Ciclista,Masculino,NO,Sin Registro,Solo Daños,Choque,No mantener distancia de seguridad,Carrera 40 Calle 36  Sur,Zona Centro,Urbana,"(6.17006539, -75.58502916)"
2173633,05/12/2017,11:20 a.m.,Martes,Campero,Particular,Conductor,Masculino,NO,Sin Registro,Solo Daños,Choque,No mantener distancia de seguridad,Carrera 40 Calle 36  Sur,Zona Centro,Urbana,"(6.17006539, -75.58502916)"
2173620,05/12/2017,9:30 a.m.,Martes,Camion,Publico,Conductor,Masculino,NO,Sin Registro,Solo Daños,Otro,Dejar obstaculos en la via,Carrera 49 Calle 29  Sur,Las Vegas,Urbana,
2173663,05/12/2017,4:30 p.m.,Martes,Automovil,Particular,Conductor,Masculino,NO,Sin Registro,Solo Daños,Choque,Semaforo en rojo,Carrera 43 A Calle 25  Sur,Las Orquideas,Urbana,"(6.181616833, -75.58185727)"
2173663,05/12/2017,4:30 p.m.,Martes,Motocicleta,Particular,Motociclista,Masculino,NO,Sin Registro,Solo Daños,Choque,Semaforo en rojo,Carrera 43 A Calle 25  Sur,Las Orquideas,Urbana,"(6.181616833, -75.58185727)"
2173649,05/12/2017,9:20 p.m.,Martes,Automovil,Particular,Conductor,Masculino,NO,Sin Registro,Solo Daños,Choque,No respetar pelacion de interseccion o giros,Carrera 48 Calle 50  Sur,Las Vegas,Urbana,
2173649,05/12/2017,9:20 p.m.,Martes,Campero,Particular,Conductor,Masculino,NO,Sin Registro,Solo Daños,Choque,No respetar pelacion de interseccion o giros,Carrera 48 Calle 50  Sur,Las Vegas,Urbana,
2173652,05/12/2017,7:50 a.m.,Martes,Automovil,Publico,Conductor,Masculino,NO,Sin Registro,Solo Daños,Choque,No respetar prelacion,Carrera 48 Calle 48 C Sur,Las Vegas,Urbana,"(6.163662083, -75.60174973)"
2173652,05/12/2017,7:50 a.m.,Martes,Motocicleta,Particular,Motociclista,Masculino,NO,Sin Registro,Solo Daños,Choque,No respetar prelacion,Carrera 48 Calle 48 C Sur,Las Vegas,Urbana,"(6.163662083, -75.60174973)"
2173642,05/12/2017,10:50 a.m.,Martes,Automovil,Publico,Conductor,Masculino,NO,Sin Registro,Solo Daños,Choque,No mantener distancia de seguridad,Calle 37  Sur Carrera 47,Alcala,Urbana,"(6.173046979, -75.59165286)"
2173642,05/12/2017,10:50 a.m.,Martes,Camioneta,Particular,Conductor,Masculino,NO,Sin Registro,Solo Daños,Choque,No mantener distancia de seguridad,Calle 37  Sur Carrera 47,Alcala,Urbana,"(6.173046979, -75.59165286)"
2173628,05/12/2017,6:50 p.m.,Martes,Camioneta,Particular,Conductor,Femenino,NO,Sin Registro,Solo Daños,Choque,No mantener distancia de seguridad,Carrera 27 Calle 36  Sur,La Inmaculada,Urbana,"(6.167009975, -75.56927808)"
2173628,05/12/2017,6:50 p.m.,Martes,Automovil,Particular,Conductor,Masculino,NO,Sin Registro,Solo Daños,Choque,No mantener distancia de seguridad,Carrera 27 Calle 36  Sur,La Inmaculada,Urbana,"(6.167009975, -75.56927808)"
2173670,05/12/2017,5:40 p.m.,Martes,Automovil,Particular,Conductor,Femenino,NO,Sin Registro,Solo Daños,Choque,No respetar prelacion,Carrera 48 Calle 50  Sur,Las Vegas,Urbana,
2173670,05/12/2017,5:40 p.m.,Martes,Tractocamion,Publico,Conductor,Masculino,NO,Sin Registro,Solo Daños,Choque,No respetar pelacion de interseccion o giros,Carrera 48 Calle 50  Sur,Las Vegas,Urbana,
2173670,05/12/2017,5:40 p.m.,Martes,Tractocamion,Publico,Conductor,Masculino,NO,Sin Registro,Solo Daños,Choque,No respetar prelacion,Carrera 48 Calle 50  Sur,Las Vegas,Urbana,
2173670,05/12/2017,5:40 p.m.,Martes,Automovil,Particular,Conductor,Femenino,NO,Sin Registro,Solo Daños,Choque,No respetar pelacion de interseccion o giros,Carrera 48 Calle 50  Sur,Las Vegas,Urbana,
2173625,05/12/2017,10:40 p.m.,Martes,Automovil,Diplomatico,Conductor,Masculino,NO,Sin Registro,Herido,Choque,Adelantar en zona prohibida,Carrera 48 Calle 30  Sur,Las Vegas,Urbana,"(6.179366643, -75.5880841)"
2173625,05/12/2017,10:40 p.m.,Martes,Motocicleta,Particular,Motociclista,Masculino,NO,Sin Registro,Herido,Choque,Adelantar cerrando,Carrera 48 Calle 30  Sur,Las Vegas,Urbana,"(6.179366643, -75.5880841)"
2173625,05/12/2017,10:40 p.m.,Martes,Motocicleta,Particular,Motociclista,Masculino,NO,Sin Registro,Herido,Choque,Adelantar en zona prohibida,Carrera 48 Calle 30  Sur,Las Vegas,Urbana,"(6.179366643, -75.5880841)"
2173625,05/12/2017,10:40 p.m.,Martes,Automovil,Diplomatico,Conductor,Masculino,NO,Sin Registro,Herido,Choque,Adelantar cerrando,Carrera 48 Calle 30  Sur,Las Vegas,Urbana,"(6.179366643, -75.5880841)"
2173643,05/12/2017,11:30 p.m.,Martes,Automovil,Particular,Conductor,Femenino,NO,Sin Registro,Solo Daños,Choque,Desobedecer senales,Calle 39 B Sur Carrera 30,San Jose,Urbana,"(6.16327841, -75.58191643)"
2173643,05/12/2017,11:30 p.m.,Martes,Automovil,Particular,Conductor,Masculino,NO,Sin Registro,Solo Daños,Choque,Desobedecer senales,Calle 39 B Sur Carrera 30,San Jose,Urbana,"(6.16327841, -75.58191643)"
2173661,06/12/2017,12:10 p.m.,Miércoles,Camioneta,Particular,Conductor,Femenino,NO,Sin Registro,Solo Daños,Choque,Poner en marcha un vehiculo sin precauci,Calle 2  Sur Carrera 46 A,El Portal,Urbana,
2173661,06/12/2017,12:10 p.m.,Miércoles,Automovil,Particular,Conductor,Femenino,NO,Sin Registro,Solo Daños,Choque,Poner en marcha un vehiculo sin precauci,Calle 2  Sur Carrera 46 A,El Portal,Urbana,
2173685,06/12/2017,4:10 p.m.,Miércoles,Camion,Publico,Conductor,Masculino,NO,Sin Registro,Solo Daños,Choque,Reverso imprudente,Carrera 25 AA Calle 48,Zuñiga,Urbana,"(6.154915971, -75.58294167)"
2173685,06/12/2017,4:10 p.m.,Miércoles,Camion,Publico,Conductor,Masculino,NO,Sin Registro,Solo Daños,Choque,Reverso imprudente,Carrera 25 AA Calle 48,Zuñiga,Urbana,"(6.154915971, -75.58294167)"
2180730,06/12/2017,4:15 p.m.,Miércoles,Campero,Particular,Conductor,Sin Registro,NO,Sin Registro,Solo Daños,Choque,Reverso imprudente,Tramo 375 Kilometro  2,Vereda Palmas,Rural,
2180730,06/12/2017,4:15 p.m.,Miércoles,Automovil,Particular,Conductor,Masculino,NO,Sin Registro,Solo Daños,Choque,Reverso imprudente,Tramo 375 Kilometro  2,Vereda Palmas,Rural,
2173666,06/12/2017,6:35 a.m.,Miércoles,Camioneta,Particular,Conductor,Masculino,NO,Sin Registro,Solo Daños,Choque,No mantener distancia de seguridad,Tramo 372 Kilometro  15,Vereda Palmas,Rural,
2173666,06/12/2017,6:35 a.m.,Miércoles,Automovil,Particular,Conductor,Masculino,NO,Sin Registro,Solo Daños,Choque,No mantener distancia de seguridad,Tramo 372 Kilometro  15,Vereda Palmas,Rural,
2173671,06/12/2017,8:15 p.m.,Miércoles,Motocicleta,Particular,Motociclista,Masculino,NO,Sin Registro,Herido,Atropello,Cruzar sin observar,Diagonal 33 Transversal 35 A Sur,Los Naranjos,Urbana,"(6.169487409, -75.58204684)"
2173665,06/12/2017,7:30 a.m.,Miércoles,Buseta,Publico,Conductor,Masculino,NO,Sin Registro,Herido,Choque,No respetar prelacion,Calle 45 B Sur Carrera 42 B,La Paz,Urbana,"(6.163155121, -75.59370839)"
2173665,06/12/2017,7:30 a.m.,Miércoles,Motocicleta,Particular,Motociclista,Masculino,NO,Sin Registro,Herido,Choque,Desobedecer senales,Calle 45 B Sur Carrera 42 B,La Paz,Urbana,"(6.163155121, -75.59370839)"
2173665,06/12/2017,7:30 a.m.,Miércoles,Motocicleta,Particular,Motociclista,Masculino,NO,Sin Registro,Herido,Choque,No respetar prelacion,Calle 45 B Sur Carrera 42 B,La Paz,Urbana,"(6.163155121, -75.59370839)"