RADICADO,FECHA,HORA,DÍA DE LA SEMANA,CLASE DE VEHICULO,TIPO DE SERVICIO,TIPO DE VICTIMA,SEXO,ESTADO DE BEODEZ,RESULTADO DE BEODEZ,GRAVEDAD,CLASE DE ACCIDENTE,CAUSA,DIRECCIÓN,BARRIO,AREA,Coordenadas
2173665,06/12/2017,7:30 a.m.,Miércoles,Buseta,Publico,Conductor,Masculino,NO,Sin Registro,Herido,Choque,Desobedecer senales,Calle 45 B Sur Carrera 42 B,La Paz,Urbana,"(6.163155121, -75.59370839)"
2173686,06/12/2017,6:30 p.m.,Miércoles,Automovil,Particular,Conductor,Masculino,NO,Sin Registro,Solo Daños,Choque,No mantener distancia de seguridad,Carrera 48 Calle 32  Sur,Las Vegas,Urbana,"(6.177503621, -75.58948538)"
2173686,06/12/2017,6:30 p.m.,Miércoles,Automovil,Publico,Conductor,Masculino,NO,Sin Registro,Solo Daños,Choque,No mantener distancia de seguridad,Carrera 48 Calle 32  Sur,Las Vegas,Urbana,"(6.177503621, -75.58948538)"
2173686,06/12/2017,6:30 p.m.,Miércoles,Automovil,Diplomatico,Conductor,Masculino,NO,Sin Registro,Solo Daños,Choque,No mantener distancia de seguridad,Carrera 48 Calle 32  Sur,Las Vegas,Urbana,"(6.177503621, -75.58948538)"
2173662,06/12/2017,6:50 p.m.,Miércoles,Microbus,Publico,Conductor,Masculino,NO,Sin Registro,Solo Daños,Choque,No respetar pelacion de interseccion o giros,Calle 38  Sur Carrera 46,Alcala,Urbana,"(6.171966643, -75.59136974)"
2173662,06/12/2017,6:50 p.m.,Miércoles,Automovil,Particular,Conductor,Masculino,NO,Sin Registro,Solo Daños,Choque,No respetar pelacion de interseccion o giros,Calle 38  Sur Carrera 46,Alcala,Urbana,"(6.171966643, -75.59136974)"
2173682,06/12/2017,11:30 p.m.,Miércoles,Automovil,Particular,Conductor,Masculino,NO,Sin Registro,Solo Daños,Choque,No respetar prelacion,Calle 45  Sur Carrera 43,La Paz,Urbana,"(6.164788767, -75.59421113)"
2173682,06/12/2017,11:30 p.m.,Miércoles,Motocicleta,Particular,Motociclista,Masculino,NO,Sin Registro,Solo Daños,Choque,Exceso de velocidad,Calle 45  Sur Carrera 43,La Paz,Urbana,"(6.164788767, -75.59421113)"
2173682,06/12/2017,11:30 p.m.,Miércoles,Motocicleta,Particular,Motociclista,Masculino,NO,Sin Registro,Solo Daños,Choque,No respetar prelacion,Calle 45  Sur Carrera 43,La Paz,Urbana,"(6.164788767, -75.59421113)"
2173682,06/12/2017,11:30 p.m.,Miércoles,Automovil,Particular,Conductor,Masculino,NO,Sin Registro,Solo Daños,Choque,Exceso de velocidad,Calle 45  Sur Carrera 43,La Paz,Urbana,"(6.164788767, -75.59421113)"
2173688,07/12/2017,1:00 p.m.,Jueves,Camioneta,Publico,Conductor,Masculino,NO,Sin Registro,Solo Daños,Choque,Reverso imprudente,Diagonal 39 Transversal 34 A Sur,Obrero,Urbana,"(6.171956921, -75.58429679)"
2173688,07/12/2017,1:00 p.m.,Jueves,Automovil,Particular,Conductor,Masculino,NO,Sin Registro,Solo Daños,Choque,Reverso imprudente,Diagonal 39 Transversal 34 A Sur,Obrero,Urbana,"(6.171956921, -75.58429679)"
2173679,07/12/2017,7:10 p.m.,Jueves,Motocicleta,Particular,Motociclista,Masculino,NO,Sin Registro,Solo Daños,Choque,No hacer uso de senales reflectivas o luminosas,Calle 38  Sur Carrera 32,Mesa,Urbana,"(6.166011939, -75.58158121)"
2173679,07/12/2017,7:10 p.m.,Jueves,Campero,Particular,Conductor,Masculino,NO,Sin Registro,Solo Daños,Choque,Desobedecer senales,Calle 38  Sur Carrera 32,Mesa,Urbana,"(6.166011939, -75.58158121)"
2173679,07/12/2017,7:10 p.m.,Jueves,Campero,Particular,Conductor,Masculino,NO,Sin Registro,Solo Daños,Choque,No hacer uso de senales reflectivas o luminosas,Calle 38  Sur Carrera 32,Mesa,Urbana,"(6.166011939, -75.58158121)"
2173679,07/12/2017,7:10 p.m.,Jueves,Motocicleta,Particular,Motociclista,Masculino,NO,Sin Registro,Solo Daños,Choque,Desobedecer senales,Calle 38  Sur Carrera 32,Mesa,Urbana,"(6.166011939, -75.58158121)"
2173690,07/12/2017,7:30 p.m.,Jueves,Automovil,Particular,Conductor,Femenino,NO,Sin Registro,Solo Daños,Choque,Impericia en el manejo,Calle 37 B Sur Carrera 27 E,Loma De Las Brujas,Urbana,"(6.159428343, -75.57378869)"
2173690,07/12/2017,7:30 p.m.,Jueves,Automovil,Particular,Conductor,Femenino,NO,Sin Registro,Solo Daños,Choque,Impericia en el manejo,Calle 37 B Sur Carrera 27 E,Loma De Las Brujas,Urbana,"(6.159428343, -75.57378869)"
2173689,07/12/2017,5:00 p.m.,Jueves,Automovil,Publico,Conductor,Masculino,NO,Sin Registro,Solo Daños,Choque,No mantener distancia de seguridad,Carrera 43 A Calle 50 D Sur,Las Casitas,Urbana,"(6.160125495, -75.60207899)"
2173689,07/12/2017,5:00 p.m.,Jueves,Automovil,Particular,Conductor,Masculino,NO,Sin Registro,Solo Daños,Choque,No mantener distancia de seguridad,Carrera 43 A Calle 50 D Sur,Las Casitas,Urbana,"(6.160125495, -75.60207899)"
2173660,07/12/2017,7:50 p.m.,Jueves,Automovil,Publico,Conductor,Masculino,NO,Sin Registro,Solo Daños,Choque,Exceso de velocidad,Calle 38  Sur Carrera 48,Puente Fundadores,Urbana,
2173660,07/12/2017,7:50 p.m.,Jueves,Automovil,Particular,Conductor,Masculino,NO,Sin Registro,Solo Daños,Choque,Girar bruscamente,Calle 38  Sur Carrera 48,Puente Fundadores,Urbana,
2173660,07/12/2017,7:50 p.m.,Jueves,Automovil,Particular,Conductor,Masculino,NO,Sin Registro,Solo Daños,Choque,Exceso de velocidad,Calle 38  Sur Carrera 48,Puente Fundadores,Urbana,
2173660,07/12/2017,7:50 p.m.,Jueves,Automovil,Publico,Conductor,Masculino,NO,Sin Registro,Solo Daños,Choque,Girar bruscamente,Calle 38  Sur Carrera 48,Puente Fundadores,Urbana,
2173684,07/12/2017,11:15 a.m.,Jueves,Automovil,Publico,Conductor,Masculino,NO,Sin Registro,Solo Daños,Choque,Desobedecer senales,Calle 30  Sur Carrera 27 A,Jardines,Urbana,
2173684,07/12/2017,11:15 a.m.,Jueves,Motocicleta,Particular,Motociclista,Masculino,NO,Sin Registro,Solo Daños,Choque,Desobedecer senales,Calle 30  Sur Carrera 27 A,Jardines,Urbana,
2173659,07/12/2017,4:15 p.m.,Jueves,Automovil,Particular,Conductor,Masculino,NO,Sin Registro,Solo Daños,Choque,No respetar pelacion de interseccion o giros,Calle 36  Sur Carrera 40,Zona Centro,Urbana,"(6.170187625, -75.58505766)"
2173659,07/12/2017,4:15 p.m.,Jueves,Automovil,Publico,Conductor,Masculino,NO,Sin Registro,Solo Daños,Choque,Adelantar cerrando,Calle 36  Sur Carrera 40,Zona Centro,Urbana,"(6.170187625, -75.58505766)"
2173659,07/12/2017,4:15 p.m.,Jueves,Automovil,Publico,Conductor,Masculino,NO,Sin Registro,Solo Daños,Choque,No respetar pelacion de interseccion o giros,Calle 36  Sur Carrera 40,Zona Centro,Urbana,"(6.170187625, -75.58505766)"
2173659,07/12/2017,4:15 p.m.,Jueves,Automovil,Particular,Conductor,Masculino,NO,Sin Registro,Solo Daños,Choque,Adelantar cerrando,Calle 36  Sur Carrera 40,Zona Centro,Urbana,"(6.170187625, -75.58505766)"
2173672,07/12/2017,2:20 p.m.,Jueves,Motocicleta,Particular,Motociclista,Masculino,NO,Sin Registro,Herido,Atropello,Cruzar sin observar,Calle 37  Sur Carrera 45 B,El Portal,Urbana,"(6.172791889, -75.59071155)"
2180509,07/12/2017,12:28 p.m.,Jueves,Automovil,Particular,Conductor,Femenino,NO,Sin Registro,Solo Daños,Choque,No mantener distancia de seguridad,Carrera 49 Calle 32 B Sur,Las Vegas,Urbana,
2180509,07/12/2017,12:28 p.m.,Jueves,Motocicleta,Particular,Motociclista,Masculino,NO,Sin Registro,Solo Daños,Choque,No mantener distancia de seguridad,Carrera 49 Calle 32 B Sur,Las Vegas,Urbana,
2173653,07/12/2017,8:40 a.m.,Jueves,Volqueta,Publico,Conductor,Masculino,NO,Sin Registro,Solo Daños,Choque,No respetar prelacion,Carrera 27 Calle 28  Sur,La Inmaculada,Urbana,"(6.171086787, -75.569081)"
2173653,07/12/2017,8:40 a.m.,Jueves,Automovil,Particular,Conductor,Masculino,NO,Sin Registro,Solo Daños,Choque,No respetar prelacion,Carrera 27 Calle 28  Sur,La Inmaculada,Urbana,"(6.171086787, -75.569081)"
2173669,07/12/2017,8:40 a.m.,Jueves,Automovil,Publico,Conductor,Masculino,NO,Sin Registro,Herido,Choque,No respetar prelacion,Diagonal 31 F Transversal 34 D Sur,Los Naranjos,Urbana,"(6.171847931, -75.58061921)"
2173669,07/12/2017,8:40 a.m.,Jueves,Bicicleta,Sin Registro,Ciclista,Masculino,NO,Sin Registro,Herido,Choque,No respetar prelacion,Diagonal 31 F Transversal 34 D Sur,Los Naranjos,Urbana,"(6.171847931, -75.58061921)"
2173674,07/12/2017,4:30 p.m.,Jueves,Automovil,Publico,Conductor,Masculino,NO,Sin Registro,Herido,Choque,Adelantar cerrando,Tramo 372 Kilometro  15,Vereda Palmas,Rural,
2173674,07/12/2017,4:30 p.m.,Jueves,Motocicleta,Particular,Motociclista,Masculino,NO,Sin Registro,Herido,Choque,Adelantar cerrando,Tramo 372 Kilometro  15,Vereda Palmas,Rural,
2173667,07/12/2017,2:35 p.m.,Jueves,Campero,Particular,Conductor,Masculino,NO,Sin Registro,Herido,Choque,No mantener distancia de seguridad,Carrera 50 Calle 30  Sur,Las Vegas,Urbana,
2173667,07/12/2017,2:35 p.m.,Jueves,Motocicleta,Particular,Motociclista,Masculino,NO,Sin Registro,Herido,Choque,No mantener distancia de seguridad,Carrera 50 Calle 30  Sur,Las Vegas,Urbana,
2173703,07/12/2017,6:50 a.m.,Jueves,Automovil,Particular,Conductor,Masculino,NO,Sin Registro,Solo Daños,Choque,No mantener distancia de seguridad,Carrera 23 Calle 25  Sur,El Esmeraldal,Urbana,"(6.172945607, -75.56345168)"
2173703,07/12/2017,6:50 a.m.,Jueves,Camioneta,Diplomatico,Conductor,Masculino,NO,Sin Registro,Solo Daños,Choque,Exceso de velocidad,Carrera 23 Calle 25  Sur,El Esmeraldal,Urbana,"(6.172945607, -75.56345168)"
2173703,07/12/2017,6:50 a.m.,Jueves,Camioneta,Diplomatico,Conductor,Masculino,NO,Sin Registro,Solo Daños,Choque,No mantener distancia de seguridad,Carrera 23 Calle 25  Sur,El Esmeraldal,Urbana,"(6.172945607, -75.56345168)"
2173703,07/12/2017,6:50 a.m.,Jueves,Automovil,Particular,Conductor,Masculino,NO,Sin Registro,Solo Daños,Choque,Exceso de velocidad,Carrera 23 Calle 25  Sur,El Esmeraldal,Urbana,"(6.172945607, -75.56345168)"
2173702,07/12/2017,1:50 p.m.,Jueves,Bus,Publico,Conductor,Masculino,NO,Sin Registro,Solo Daños,Choque,Adelantar cerrando,Transversal 34 A Sur Diagonal 32 B,La Magnolia,Urbana,"(6.172816912, -75.58234732)"
2173702,07/12/2017,1:50 p.m.,Jueves,Camioneta,Publico,Conductor,Masculino,NO,Sin Registro,Solo Daños,Choque,No respetar pelacion de interseccion o giros,Transversal 34 A Sur Diagonal 32 B,La Magnolia,Urbana,"(6.172816912, -75.58234732)"
2173702,07/12/2017,1:50 p.m.,Jueves,Camioneta,Publico,Conductor,Masculino,NO,Sin Registro,Solo Daños,Choque,Adelantar cerrando,Transversal 34 A Sur Diagonal 32 B,La Magnolia,Urbana,"(6.172816912, -75.58234732)"
2173702,07/12/2017,1:50 p.m.,Jueves,Bus,Publico,Conductor,Masculino,NO,Sin Registro,Solo Daños,Choque,No respetar pelacion de interseccion o giros,Transversal 34 A Sur Diagonal 32 B,La Magnolia,Urbana,"(6.172816912, -75.58234732)"
2173680,07/12/2017,2:40 p.m.,Jueves,Automovil,Particular,Conductor,Masculino,NO,Sin Registro,Solo Daños,Choque,Exceso de velocidad,Transversal 35 A Sur Diagonal 33,Los Naranjos,Urbana,"(6.16952246, -75.58215429)"
2173680,07/12/2017,2:40 p.m.,Jueves,Automovil,Particular,Conductor,Femenino,NO,Sin Registro,Solo Daños,Choque,No mantener distancia de seguridad,Transversal 35 A Sur Diagonal 33,Los Naranjos,Urbana,"(6.16952246, -75.58215429)"
2173680,07/12/2017,2:40 p.m.,Jueves,Automovil,Particular,Conductor,Femenino,NO,Sin Registro,Solo Daños,Choque,Exceso de velocidad,Transversal 35 A Sur Diagonal 33,Los Naranjos,Urbana,"(6.16952246, -75.58215429)"
2173680,07/12/2017,2:40 p.m.,Jueves,Automovil,Particular,Conductor,Masculino,NO,Sin Registro,Solo Daños,Choque,No mantener distancia de seguridad,Transversal 35 A Sur Diagonal 33,Los Naranjos,Urbana,"(6.16952246, -75.58215429)"
2173664,07/12/2017,9:50 a.m.,Jueves,Camion,Publico,Conductor,Masculino,NO,Sin Registro,Solo Daños,Choque,Poner en marcha un vehiculo sin precauci,Calle 37  Sur Carrera 38,Zona Centro,Urbana,"(6.168685416, -75.58429124)"
2173664,07/12/2017,9:50 a.m.,Jueves,Automovil,Particular,Conductor,Masculino,NO,Sin Registro,Solo Daños,Choque,Impericia en el manejo,Calle 37  Sur Carrera 38,Zona Centro,Urbana,"(6.168685416, -75.58429124)"
2173664,07/12/2017,9:50 a.m.,Jueves,Automovil,Particular,Conductor,Masculino,NO,Sin Registro,Solo Daños,Choque,Poner en marcha un vehiculo sin precauci,Calle 37  Sur Carrera 38,Zona Centro,Urbana,"(6.168685416, -75.58429124)"
2173664,07/12/2017,9:50 a.m.,Jueves,Camion,Publico,Conductor,Masculino,NO,Sin Registro,Solo Daños,Choque,Impericia en el manejo,Calle 37  Sur Carrera 38,Zona Centro,Urbana,"(6.168685416, -75.58429124)"
2173683,07/12/2017,10:50 a.m.,Jueves,Campero,Particular,Conductor,Masculino,NO,Sin Registro,Solo Daños,Choque,Reverso imprudente,Calle 30  Sur Carrera 43 A,Jardines,Urbana,"(6.177126039, -75.5852509)"
2173683,07/12/2017,10:50 a.m.,Jueves,Automovil,Particular,Conductor,Masculino,NO,Sin Registro,Solo Daños,Choque,Reverso imprudente,Calle 30  Sur Carrera 43 A,Jardines,Urbana,"(6.177126039, -75.5852509)"
2173691,07/12/2017,11:45 p.m.,Jueves,Automovil,Particular,Conductor,Femenino,NO,Sin Registro,Solo Daños,Choque,No mantener distancia de seguridad,Carrera 27 Calle 23  Sur,El Esmeraldal,Urbana,"(6.176588834, -75.56744599)"
2173691,07/12/2017,11:45 p.m.,Jueves,Automovil,Particular,Conductor,Masculino,NO,Sin Registro,Solo Daños,Choque,No mantener distancia de seguridad,Carrera 27 Calle 23  Sur,El Esmeraldal,Urbana,"(6.176588834, -75.56744599)"
2173675,08/12/2017,7:00 p.m.,Viernes,Automovil,Particular,Conductor,Masculino,NO,Sin Registro,Solo Daños,Choque,No mantener distancia de seguridad,Carrera 43 A Calle 26  Sur,Avenida El Poblado,Urbana,"(6.180756284, -75.58295442)"
2173675,08/12/2017,7:00 p.m.,Viernes,Automovil,Particular,Conductor,Masculino,NO,Sin Registro,Solo Daños,Choque,No mantener distancia de seguridad,Carrera 43 A Calle 26  Sur,Avenida El Poblado,Urbana,"(6.180756284, -75.58295442)"
2173695,08/12/2017,8:00 a.m.,Viernes,Automovil,Particular,Conductor,Femenino,NO,Sin Registro,Herido,Choque,Embriaguez o droga,Transversal 33 A Sur Diagonal 31,Las Flores,Urbana,"(6.173844844, -75.57902317)"
2173695,08/12/2017,8:00 a.m.,Viernes,Automovil,Particular,Conductor,Femenino,NO,Sin Registro,Herido,Choque,Semaforo en rojo,Transversal 33 A Sur Diagonal 31,Las Flores,Urbana,"(6.173844844, -75.57902317)"
2173695,08/12/2017,8:00 a.m.,Viernes,Automovil,Particular,Conductor,Femenino,NO,Sin Registro,Herido,Choque,Embriaguez o droga,Transversal 33 A Sur Diagonal 31,Las Flores,Urbana,"(6.173844844, -75.57902317)"
2173695,08/12/2017,8:00 a.m.,Viernes,Automovil,Particular,Conductor,Femenino,NO,Sin Registro,Herido,Choque,Semaforo en rojo,Transversal 33 A Sur Diagonal 31,Las Flores,Urbana,"(6.173844844, -75.57902317)"
2173681,08/12/2017,5:00 p.m.,Viernes,Automovil,Particular,Conductor,Masculino,NO,Sin Registro,Solo Daños,Choque,Desobedecer senales,Carrera 2 B Calle 27 A Sur,La Magnolia,Urbana,
2173681,08/12/2017,5:00 p.m.,Viernes,Automovil,Particular,Conductor,Femenino,NO,Sin Registro,Solo Daños,Choque,Desobedecer senales,Carrera 2 B Calle 27 A Sur,La Magnolia,Urbana,
2173657,08/12/2017,2:15 p.m.,Viernes,Automovil,Particular,Conductor,Femenino,NO,Sin Registro,Solo Daños,Choque,No mantener distancia de seguridad,Calle 37  Sur Carrera 28,Vereda El Escobero,Urbana,"(6.165679454, -75.57834042)"
2173657,08/12/2017,2:15 p.m.,Viernes,Campero,Particular,Conductor,Masculino,NO,Sin Registro,Solo Daños,Choque,No mantener distancia de seguridad,Calle 37  Sur Carrera 28,Vereda El Escobero,Urbana,"(6.165679454, -75.57834042)"
2173699,08/12/2017,10:15 a.m.,Viernes,Motocicleta,Particular,Motociclista,Masculino,NO,Sin Registro,Herido,Choque,Exceso de velocidad,Carrera 48 Calle 25 A Sur,Las Vegas,Urbana,"(6.184740152, -75.58365742)"
2173699,08/12/2017,10:15 a.m.,Viernes,Automovil,Sin Registro,Conductor,Masculino,NO,Sin Registro,Herido,Choque,No mantener distancia de seguridad,Carrera 48 Calle 25 A Sur,Las Vegas,Urbana,"(6.184740152, -75.58365742)"
2173699,08/12/2017,10:15 a.m.,Viernes,Automovil,Sin Registro,Conductor,Masculino,NO,Sin Registro,Herido,Choque,Exceso de velocidad,Carrera 48 Calle 25 A Sur,Las Vegas,Urbana,"(6.184740152, -75.58365742)"
2173699,08/12/2017,10:15 a.m.,Viernes,Motocicleta,Particular,Motociclista,Masculino,NO,Sin Registro,Herido,Choque,No mantener distancia de seguridad,Carrera 48 Calle 25 A Sur,Las Vegas,Urbana,"(6.184740152, -75.58365742)"
2173676,08/12/2017,8:30 p.m.,Viernes,Automovil,Publico,Conductor,Masculino,NO,Sin Registro,Herido,Caida Ocupante,Arrancar sin precaucion,Carrera 47 A Calle 39 A Sur,Alcala,Urbana,"(6.170729695, -75.59394704)"
2173658,08/12/2017,11:30 a.m.,Viernes,Automovil,Publico,Conductor,Masculino,NO,Sin Registro,Solo Daños,Choque,Impericia en el manejo,Transversal 34 DD Sur Diagonal 32,Los Naranjos,Urbana,"(6.170838578, -75.58187896)"
2173658,08/12/2017,11:30 a.m.,Viernes,Automovil,Particular,Conductor,Masculino,NO,Sin Registro,Solo Daños,Choque,Impericia en el manejo,Transversal 34 DD Sur Diagonal 32,Los Naranjos,Urbana,"(6.170838578, -75.58187896)"
2173693,09/12/2017,6:15 a.m.,Sábado,Automovil,Particular,Conductor,Masculino,NO,Sin Registro,Solo Daños,Choque,Exceso de velocidad,Tramo 372 Kilometro  14,Vereda Palmas,Rural,
2173693,09/12/2017,6:15 a.m.,Sábado,Automovil,Particular,Conductor,Masculino,NO,Sin Registro,Solo Daños,Choque,Impericia en el manejo,Tramo 372 Kilometro  14,Vereda Palmas,Rural,
2173693,09/12/2017,6:15 a.m.,Sábado,Automovil,Particular,Conductor,Masculino,NO,Sin Registro,Solo Daños,Choque,Exceso de velocidad,Tramo 372 Kilometro  14,Vereda Palmas,Rural,
2173693,09/12/2017,6:15 a.m.,Sábado,Automovil,Particular,Conductor,Masculino,NO,Sin Registro,Solo Daños,Choque,Impericia en el manejo,Tramo 372 Kilometro  14,Vereda Palmas,Rural,
2173706,09/12/2017,7:35 p.m.,Sábado,Motocicleta,Particular,Motociclista,Masculino,NO,Sin Registro,Solo Daños,Choque,Desobedecer senales,Calle 39 B Sur Carrera 32,Mesa,Urbana,"(6.163909636, -75.5829262)"
2173706,09/12/2017,7:35 p.m.,Sábado,Motocicleta,Particular,Motociclista,Masculino,NO,Sin Registro,Solo Daños,Choque,Desobedecer senales,Calle 39 B Sur Carrera 32,Mesa,Urbana,"(6.163909636, -75.5829262)"
2173705,09/12/2017,8:40 p.m.,Sábado,Automovil,Particular,Conductor,Femenino,NO,Sin Registro,Solo Daños,Choque,Exceso de velocidad,Carrera 25 A Calle 38 D Sur,El Chinguí,Urbana,"(6.158679025, -75.56664425)"
2173705,09/12/2017,8:40 p.m.,Sábado,Campero,Particular,Conductor,Masculino,NO,Sin Registro,Solo Daños,Choque,No respetar pelacion de interseccion o giros,Carrera 25 A Calle 38 D Sur,El Chinguí,Urbana,"(6.158679025, -75.56664425)"
2173705,09/12/2017,8:40 p.m.,Sábado,Campero,Particular,Conductor,Masculino,NO,Sin Registro,Solo Daños,Choque,Exceso de velocidad,Carrera 25 A Calle 38 D Sur,El Chinguí,Urbana,"(6.158679025, -75.56664425)"
2173705,09/12/2017,8:40 p.m.,Sábado,Automovil,Particular,Conductor,Femenino,NO,Sin Registro,Solo Daños,Choque,No respetar pelacion de interseccion o giros,Carrera 25 A Calle 38 D Sur,El Chinguí,Urbana,"(6.158679025, -75.56664425)"
2173687,09/12/2017,4:30 a.m.,Sábado,Automovil,Particular,Conductor,Masculino,NO,Sin Registro,Herido,Choque,Exceso de velocidad,Tramo 371 Kilometro  6,Vereda El Escobero,Rural,
2173687,09/12/2017,4:30 a.m.,Sábado,Automovil,Particular,Conductor,Masculino,NO,Sin Registro,Herido,Choque,Impericia en el manejo,Tramo 371 Kilometro  6,Vereda El Escobero,Rural,
2173701,09/12/2017,1:50 p.m.,Sábado,Campero,Particular,Conductor,Masculino,NO,Sin Registro,Solo Daños,Choque,No mantener distancia de seguridad,Carrera 50 Calle 37  Sur,Las Vegas,Urbana,
2173701,09/12/2017,1:50 p.m.,Sábado,Automovil,Particular,Conductor,Masculino,NO,Sin Registro,Solo Daños,Choque,No mantener distancia de seguridad,Carrera 50 Calle 37  Sur,Las Vegas,Urbana,
2173678,09/12/2017,7:50 a.m.,Sábado,Buseta,Publico,Conductor,Masculino,NO,Sin Registro,Herido,Caida Ocupante,Frenar bruscamente,Calle 39  Sur Carrera 33,Mesa,Urbana,"(6.164989355, -75.58296685)"
2173712,09/12/2017,10:50 p.m.,Sábado,Automovil,Particular,Conductor,Masculino,NO,Sin Registro,Solo Daños,Choque,Adelantar cerrando,Calle 37  Sur Carrera 50,Las Vegas,Urbana,
2173712,09/12/2017,10:50 p.m.,Sábado,Motocicleta,Particular,Motociclista,Masculino,NO,Sin Registro,Solo Daños,Choque,No respetar pelacion de interseccion o giros,Calle 37  Sur Carrera 50,Las Vegas,Urbana,
2173712,09/12/2017,10:50 p.m.,Sábado,Motocicleta,Particular,Motociclista,Masculino,NO,Sin Registro,Solo Daños,Choque,Adelantar cerrando,Calle 37  Sur Carrera 50,Las Vegas,Urbana,
2173712,09/12/2017,10:50 p.m.,Sábado,Automovil,Particular,Conductor,Masculino,NO,Sin Registro,Solo Daños,Choque,No respetar pelacion de interseccion o giros,Calle 37  Sur Carrera 50,Las Vegas,Urbana,
2173715,09/12/2017,11:56 p.m.,Sábado,Automovil,Publico,Conductor,Masculino,NO,Sin Registro,Solo Daños,Choque,Impericia en el manejo,Calle 36 D Sur Carrera 27,Vereda El Escobero,Urbana,"(6.162479576, -75.57022257)"
2173673,10/12/2017,11:00 a.m.,Domingo,Automovil,Particular,Conductor,Femenino,NO,Sin Registro,Solo Daños,Choque,Reverso imprudente,Carrera 40 Calle 38  Sur,Zona Centro,Urbana,"(6.168682985, -75.58587025)"
2173673,10/12/2017,11:00 a.m.,Domingo,Camioneta,Particular,Conductor,Masculino,NO,Sin Registro,Solo Daños,Choque,Reverso imprudente,Carrera 40 Calle 38  Sur,Zona Centro,Urbana,"(6.168682985, -75.58587025)"
2173656,10/12/2017,5:00 p.m.,Domingo,Camioneta,Particular,Conductor,Masculino,NO,Sin Registro,Solo Daños,Choque,Reverso imprudente,Carrera 38 Calle 40 B Sur,El Dorado,Urbana,"(6.16879573, -75.58588978)"
2173656,10/12/2017,5:00 p.m.,Domingo,Automovil,Particular,Conductor,Masculino,NO,Sin Registro,Solo Daños,Choque,Reverso imprudente,Carrera 38 Calle 40 B Sur,El Dorado,Urbana,"(6.16879573, -75.58588978)"
2173708,10/12/2017,5:00 p.m.,Domingo,Automovil,Particular,Conductor,Femenino,NO,Sin Registro,Herido,Choque,Desobedecer senales,Transversal 34 A Sur Diagonal 39,Obrero,Urbana,"(6.171998055, -75.5844044)"
2173708,10/12/2017,5:00 p.m.,Domingo,Motocicleta,Particular,Motociclista,Masculino,NO,Sin Registro,Herido,Choque,Desobedecer senales,Transversal 34 A Sur Diagonal 39,Obrero,Urbana,"(6.171998055, -75.5844044)"
2173654,10/12/2017,7:50 p.m.,Domingo,Camioneta,Particular,Conductor,Masculino,NO,Sin Registro,Solo Daños,Choque,No respetar pelacion de interseccion o giros,Carrera 48 Calle 50  Sur,Las Vegas,Urbana,
2173654,10/12/2017,7:50 p.m.,Domingo,Bus,Publico,Conductor,Masculino,NO,Sin Registro,Solo Daños,Choque,Adelantar cerrando,Carrera 48 Calle 50  Sur,Las Vegas,Urbana,
2173654,10/12/2017,7:50 p.m.,Domingo,Bus,Publico,Conductor,Masculino,NO,Sin Registro,Solo Daños,Choque,No respetar pelacion de interseccion o giros,Carrera 48 Calle 50  Sur,Las Vegas,Urbana,
2173654,10/12/2017,7:50 p.m.,Domingo,Camioneta,Particular,Conductor,Masculino,NO,Sin Registro,Solo Daños,Choque,Adelantar cerrando,Carrera 48 Calle 50  Sur,Las Vegas,Urbana,
2173655,10/12/2017,1:38 p.m.,Domingo,Automovil,Diplomatico,Conductor,Masculino,NO,Sin Registro,Solo Daños,Choque,Desobedecer senales,Calle 38  Sur Carrera 36,Mesa,Urbana,"(6.167371692, -75.58367367)"
2173655,10/12/2017,1:38 p.m.,Domingo,Automovil,Particular,Conductor,Masculino,NO,Sin Registro,Solo Daños,Choque,Desobedecer senales,Calle 38  Sur Carrera 36,Mesa,Urbana,"(6.167371692, -75.58367367)"
2173704,10/12/2017,12:30 a.m.,Domingo,Automovil,Particular,Conductor,Masculino,NO,Sin Registro,Solo Daños,Choque,Adelantar cerrando,Calle 25  Sur Carrera 46,Zuñiga,Urbana,"(6.183044029, -75.5826185)"
2173704,10/12/2017,12:30 a.m.,Domingo,Camioneta,Particular,Conductor,Masculino,NO,Sin Registro,Solo Daños,Choque,Adelantar cerrando,Calle 25  Sur Carrera 46,Zuñiga,Urbana,"(6.183044029, -75.5826185)"
2173677,10/12/2017,12:35 a.m.,Domingo,Motocicleta,Particular,Motociclista,Masculino,NO,Sin Registro,Solo Daños,Choque,Desobedecer senales,Calle 38  Sur Carrera 43 A,Zona Centro,Urbana,"(6.170537577, -75.58862514)"
2173677,10/12/2017,12:35 a.m.,Domingo,Automovil,Particular,Conductor,Masculino,NO,Sin Registro,Solo Daños,Choque,Desobedecer senales,Calle 38  Sur Carrera 43 A,Zona Centro,Urbana,"(6.170537577, -75.58862514)"
2173711,11/12/2017,1:00 p.m.,Lunes,Camion,Publico,Conductor,Masculino,NO,Sin Registro,Solo Daños,Choque,Impericia en el manejo,Diagonal 32 B Transversal 34 A Sur,Obrero,Urbana,"(6.172777915, -75.58223786)"
2173711,11/12/2017,1:00 p.m.,Lunes,Bus,Publico,Conductor,Masculino,NO,Sin Registro,Solo Daños,Choque,Impericia en el manejo,Diagonal 32 B Transversal 34 A Sur,Obrero,Urbana,"(6.172777915, -75.58223786)"