RADICADO,FECHA,HORA,DÍA DE LA SEMANA,CLASE DE VEHICULO,TIPO DE SERVICIO,TIPO DE VICTIMA,SEXO,ESTADO DE BEODEZ,RESULTADO DE BEODEZ,GRAVEDAD,CLASE DE ACCIDENTE,CAUSA,DIRECCIÓN,BARRIO,AREA,Coordenadas
2173697,11/12/2017,3:00 p.m.,Lunes,Bus,Publico,Conductor,Masculino,NO,Sin Registro,Herido,Atropello,Exceso de velocidad,Carrera 39 Calle 39  Sur,Mesa,Urbana,"(6.166878046, -75.58605322)"
2173697,11/12/2017,3:00 p.m.,Lunes,Bus,Publico,Conductor,Masculino,NO,Sin Registro,Herido,Atropello,Cruzar sin observar,Carrera 39 Calle 39  Sur,Mesa,Urbana,"(6.166878046, -75.58605322)"
2173709,11/12/2017,7:05 a.m.,Lunes,Motocicleta,Particular,Motociclista,Masculino,NO,Sin Registro,Herido,Choque,Adelantar en zona prohibida,Carrera 50 Calle 46 A Sur,Las Vegas,Urbana,"(6.16131219, -75.60319818)"
2173709,11/12/2017,7:05 a.m.,Lunes,Motocicleta,Particular,Motociclista,Masculino,NO,Sin Registro,Herido,Choque,Adelantar cerrando,Carrera 50 Calle 46 A Sur,Las Vegas,Urbana,"(6.16131219, -75.60319818)"
2173709,11/12/2017,7:05 a.m.,Lunes,Motocicleta,Particular,Motociclista,Masculino,NO,Sin Registro,Herido,Choque,Adelantar en zona prohibida,Carrera 50 Calle 46 A Sur,Las Vegas,Urbana,"(6.16131219, -75.60319818)"
2173709,11/12/2017,7:05 a.m.,Lunes,Motocicleta,Particular,Motociclista,Masculino,NO,Sin Registro,Herido,Choque,Adelantar cerrando,Carrera 50 Calle 46 A Sur,Las Vegas,Urbana,"(6.16131219, -75.60319818)"
2173696,11/12/2017,9:20 a.m.,Lunes,Bus,Publico,Conductor,Masculino,NO,Sin Registro,Solo Daños,Choque,Desobedecer senales,Carrera 42 Calle 35  Sur,Zona Centro,Urbana,"(6.171623749, -75.58604338)"
2173696,11/12/2017,9:20 a.m.,Lunes,Campero,Particular,Conductor,Femenino,NO,Sin Registro,Solo Daños,Choque,Desobedecer senales,Carrera 42 Calle 35  Sur,Zona Centro,Urbana,"(6.171623749, -75.58604338)"
2173698,11/12/2017,7:25 a.m.,Lunes,Automovil,Particular,Conductor,Femenino,NO,Sin Registro,Solo Daños,Choque,No mantener distancia de seguridad,Carrera 48 Calle 25 AA Sur,Las Vegas,Urbana,"(6.183765745, -75.58469035)"
2173698,11/12/2017,7:25 a.m.,Lunes,Motocicleta,Particular,Motociclista,Masculino,NO,Sin Registro,Solo Daños,Choque,No mantener distancia de seguridad,Carrera 48 Calle 25 AA Sur,Las Vegas,Urbana,"(6.183765745, -75.58469035)"
2173694,11/12/2017,4:30 p.m.,Lunes,Camioneta,Particular,Conductor,Masculino,NO,Sin Registro,Solo Daños,Choque,No mantener distancia de seguridad,Calle 40  Sur Carrera 43 A,Alcala,Urbana,"(6.167965983, -75.59024215)"
2173694,11/12/2017,4:30 p.m.,Lunes,Automovil,Particular,Conductor,Masculino,NO,Sin Registro,Solo Daños,Choque,No mantener distancia de seguridad,Calle 40  Sur Carrera 43 A,Alcala,Urbana,"(6.167965983, -75.59024215)"
2173700,11/12/2017,11:10 p.m.,Lunes,Automovil,Particular,Conductor,Masculino,NO,Sin Registro,Solo Daños,Choque,Exceso de velocidad,Tramo 371 Kilometro  5,Vereda El Escobero,Rural,
2173700,11/12/2017,11:10 p.m.,Lunes,Automovil,Particular,Conductor,Masculino,NO,Sin Registro,Solo Daños,Choque,Impericia en el manejo,Tramo 371 Kilometro  5,Vereda El Escobero,Rural,
2173721,12/12/2017,6:10 a.m.,Martes,Automovil,Particular,Conductor,Masculino,NO,Sin Registro,Solo Daños,Choque,Transitar entre vehiculos,Carrera 50 Calle 30  Sur,Las Vegas,Urbana,
2173721,12/12/2017,6:10 a.m.,Martes,Motocicleta,Particular,Motociclista,Masculino,NO,Sin Registro,Solo Daños,Choque,Transitar entre vehiculos,Carrera 50 Calle 30  Sur,Las Vegas,Urbana,
2173713,12/12/2017,8:10 a.m.,Martes,Bus,Publico,Conductor,Masculino,NO,Sin Registro,Solo Daños,Choque,Desobedecer senales,Calle 26 B Sur Carrera 42 B,Las Orquideas,Urbana,"(6.176911315, -75.58005899)"
2173713,12/12/2017,8:10 a.m.,Martes,Automovil,Particular,Conductor,Masculino,NO,Sin Registro,Solo Daños,Choque,Desobedecer senales,Calle 26 B Sur Carrera 42 B,Las Orquideas,Urbana,"(6.176911315, -75.58005899)"
2173724,12/12/2017,7:50 p.m.,Martes,Automovil,Particular,Conductor,Masculino,NO,Sin Registro,Solo Daños,Choque,No mantener distancia de seguridad,Carrera 43 A Calle 32 D,San Marcos,Urbana,"(6.175494708, -75.58575737)"
2173724,12/12/2017,7:50 p.m.,Martes,Automovil,Particular,Conductor,Femenino,NO,Sin Registro,Solo Daños,Choque,No mantener distancia de seguridad,Carrera 43 A Calle 32 D,San Marcos,Urbana,"(6.175494708, -75.58575737)"
2173710,12/12/2017,2:20 p.m.,Martes,Bus,Publico,Conductor,Masculino,NO,Sin Registro,Solo Daños,Choque,No respetar prelacion,Calle 40  Sur Carrera 42,Zona Centro,Urbana,
2173710,12/12/2017,2:20 p.m.,Martes,Campero,Particular,Conductor,Masculino,NO,Sin Registro,Solo Daños,Choque,No respetar pelacion de interseccion o giros,Calle 40  Sur Carrera 42,Zona Centro,Urbana,
2173710,12/12/2017,2:20 p.m.,Martes,Campero,Particular,Conductor,Masculino,NO,Sin Registro,Solo Daños,Choque,No respetar prelacion,Calle 40  Sur Carrera 42,Zona Centro,Urbana,
2173710,12/12/2017,2:20 p.m.,Martes,Bus,Publico,Conductor,Masculino,NO,Sin Registro,Solo Daños,Choque,No respetar pelacion de interseccion o giros,Calle 40  Sur Carrera 42,Zona Centro,Urbana,
2173717,12/12/2017,5:15 p.m.,Martes,Motocicleta,Particular,Motociclista,Masculino,NO,Sin Registro,Herido,Choque,No mantener distancia de seguridad,Carrera 50 Calle 48  Sur,Las Vegas,Urbana,
2173717,12/12/2017,5:15 p.m.,Martes,Motocicleta,Particular,Motociclista,Masculino,NO,Sin Registro,Herido,Choque,No mantener distancia de seguridad,Carrera 50 Calle 48  Sur,Las Vegas,Urbana,
2173707,12/12/2017,4:30 a.m.,Martes,Motocicleta,Particular,Motociclista,Masculino,NO,Sin Registro,Herido,Choque,Exceso de velocidad,Carrera 43 A Calle 25  Sur,Zuñiga,Urbana,"(6.181616833, -75.58185727)"
2173707,12/12/2017,4:30 a.m.,Martes,Motocicleta,Particular,Motociclista,Masculino,NO,Sin Registro,Herido,Choque,Impericia en el manejo,Carrera 43 A Calle 25  Sur,Zuñiga,Urbana,"(6.181616833, -75.58185727)"
2173727,12/12/2017,12:40 p.m.,Martes,Automovil,Particular,Conductor,Masculino,NO,Sin Registro,Solo Daños,Choque,Poner en marcha un vehiculo sin precauci,Carrera 47 Calle 32  Sur,El Portal,Urbana,"(6.177043355, -75.5888062)"
2173781,12/14/2017,2:40 p.m.,Jueves,Bus,Publico,Conductor,Masculino,NO,Sin Registro,Herido,Choque,No respetar pelacion de interseccion o giros,Tramo 372 Kilometro  16,Vereda Palmas,Rural,
2173727,12/12/2017,12:40 p.m.,Martes,Automovil,Particular,Conductor,Masculino,NO,Sin Registro,Solo Daños,Choque,Poner en marcha un vehiculo sin precauci,Carrera 47 Calle 32  Sur,El Portal,Urbana,"(6.177043355, -75.5888062)"
2173726,12/12/2017,3:45 p.m.,Martes,Automovil,Particular,Conductor,Masculino,NO,Sin Registro,Solo Daños,Choque,No mantener distancia de seguridad,Tramo 373 Kilometro  7,Vereda Palmas,Rural,
2173726,12/12/2017,3:45 p.m.,Martes,Automovil,Publico,Conductor,Masculino,NO,Sin Registro,Solo Daños,Choque,No mantener distancia de seguridad,Tramo 373 Kilometro  7,Vereda Palmas,Rural,
2173714,12/12/2017,6:55 a.m.,Martes,Motocicleta,Particular,Motociclista,Masculino,NO,Sin Registro,Solo Daños,Choque,Adelantar por la derecha,Carrera 50 Calle 30  Sur,Las Vegas,Urbana,
2173714,12/12/2017,6:55 a.m.,Martes,Automovil,Particular,Conductor,Femenino,NO,Sin Registro,Solo Daños,Choque,Adelantar por la derecha,Carrera 50 Calle 30  Sur,Las Vegas,Urbana,
2173725,12/13/2017,3:00 p.m.,Miércoles,Automovil,Particular,Conductor,Masculino,NO,Sin Registro,Solo Daños,Choque,Desobedecer senales,Carrera 50 Calle 37  Sur,Las Vegas,Urbana,
2173725,12/13/2017,3:00 p.m.,Miércoles,Camion,Publico,Conductor,Masculino,NO,Sin Registro,Solo Daños,Choque,Desobedecer senales,Carrera 50 Calle 37  Sur,Las Vegas,Urbana,
2173752,12/13/2017,6:00 p.m.,Miércoles,Automovil,Particular,Conductor,Femenino,NO,Sin Registro,Herido,Choque,No respetar pelacion de interseccion o giros,Tramo 372 Kilometro  13,Vereda Palmas,Rural,
2173752,12/13/2017,6:00 p.m.,Miércoles,Motocicleta,Particular,Motociclista,Masculino,NO,Sin Registro,Herido,Choque,No respetar pelacion de interseccion o giros,Tramo 372 Kilometro  13,Vereda Palmas,Rural,
2173719,12/13/2017,9:10 a.m.,Miércoles,Automovil,Publico,Conductor,Masculino,NO,Sin Registro,Herido,Choque,Exceso de velocidad,Calle 25  Sur Carrera 42 A,Las Orquideas,Urbana,"(6.179682683, -75.57985756)"
2173719,12/13/2017,9:10 a.m.,Miércoles,Campero,Particular,Conductor,Femenino,NO,Sin Registro,Herido,Choque,No mantener distancia de seguridad,Calle 25  Sur Carrera 42 A,Las Orquideas,Urbana,"(6.179682683, -75.57985756)"
2173719,12/13/2017,9:10 a.m.,Miércoles,Campero,Particular,Conductor,Femenino,NO,Sin Registro,Herido,Choque,Exceso de velocidad,Calle 25  Sur Carrera 42 A,Las Orquideas,Urbana,"(6.179682683, -75.57985756)"
2173719,12/13/2017,9:10 a.m.,Miércoles,Camion,Publico,Conductor,Masculino,NO,Sin Registro,Herido,Choque,No mantener distancia de seguridad,Calle 25  Sur Carrera 42 A,Las Orquideas,Urbana,"(6.179682683, -75.57985756)"
2173719,12/13/2017,9:10 a.m.,Miércoles,Camion,Publico,Conductor,Masculino,NO,Sin Registro,Herido,Choque,Exceso de velocidad,Calle 25  Sur Carrera 42 A,Las Orquideas,Urbana,"(6.179682683, -75.57985756)"
2173719,12/13/2017,9:10 a.m.,Miércoles,Automovil,Publico,Conductor,Masculino,NO,Sin Registro,Herido,Choque,No mantener distancia de seguridad,Calle 25  Sur Carrera 42 A,Las Orquideas,Urbana,"(6.179682683, -75.57985756)"
2173722,12/13/2017,9:15 a.m.,Miércoles,Automovil,Particular,Conductor,Femenino,NO,Sin Registro,Solo Daños,Choque,Transitar entre vehiculos,Calle 37  Sur Carrera 45 B,El Portal,Urbana,"(6.172791889, -75.59071155)"
2173722,12/13/2017,9:15 a.m.,Miércoles,Motocicleta,Particular,Motociclista,Femenino,NO,Sin Registro,Solo Daños,Choque,Transitar entre vehiculos,Calle 37  Sur Carrera 45 B,El Portal,Urbana,"(6.172791889, -75.59071155)"
2173731,12/13/2017,3:15 p.m.,Miércoles,Motocicleta,Particular,Motociclista,Masculino,NO,Sin Registro,Herido,Atropello,Exceso de velocidad,Calle 37  Sur Carrera 45 B,Alcala,Urbana,"(6.172791889, -75.59071155)"
2173731,12/13/2017,3:15 p.m.,Miércoles,Motocicleta,Particular,Motociclista,Masculino,NO,Sin Registro,Herido,Atropello,Cruzar sin observar,Calle 37  Sur Carrera 45 B,Alcala,Urbana,"(6.172791889, -75.59071155)"
2173720,12/13/2017,3:30 p.m.,Miércoles,Automovil,Publico,Conductor,Masculino,NO,Sin Registro,Solo Daños,Choque,Transitar entre vehiculos,Carrera 48 Calle 47  Sur,Las Vegas,Urbana,
2173720,12/13/2017,3:30 p.m.,Miércoles,Bicicleta,Sin Registro,Ciclista,Masculino,NO,Sin Registro,Solo Daños,Choque,No mantener distancia de seguridad,Carrera 48 Calle 47  Sur,Las Vegas,Urbana,
2173720,12/13/2017,3:30 p.m.,Miércoles,Bicicleta,Sin Registro,Ciclista,Masculino,NO,Sin Registro,Solo Daños,Choque,Transitar entre vehiculos,Carrera 48 Calle 47  Sur,Las Vegas,Urbana,
2173720,12/13/2017,3:30 p.m.,Miércoles,Automovil,Publico,Conductor,Masculino,NO,Sin Registro,Solo Daños,Choque,No mantener distancia de seguridad,Carrera 48 Calle 47  Sur,Las Vegas,Urbana,
2173730,12/13/2017,10:30 a.m.,Miércoles,Bus,Publico,Conductor,Masculino,NO,Sin Registro,Herido,Caida Ocupante,Poner en marcha un vehiculo sin precauci,Carrera 43 A Calle 40  Sur,Alcala,Urbana,"(6.168044687, -75.59026877)"
2173723,12/13/2017,5:30 p.m.,Miércoles,Automovil,Particular,Conductor,Masculino,NO,Sin Registro,Solo Daños,Choque,Estacionar sin seguridad,Calle 38  Sur Carrera 39,Zona Centro,Urbana,"(6.16839174, -75.5852478)"
2173723,12/13/2017,5:30 p.m.,Miércoles,Camioneta,Particular,Conductor,Femenino,NO,Sin Registro,Solo Daños,Choque,Estacionar sin seguridad,Calle 38  Sur Carrera 39,Zona Centro,Urbana,"(6.16839174, -75.5852478)"
2173723,12/13/2017,5:30 p.m.,Miércoles,Automovil,Particular,Conductor,Masculino,NO,Sin Registro,Solo Daños,Choque,Estacionar sin seguridad,Calle 38  Sur Carrera 39,Zona Centro,Urbana,"(6.16839174, -75.5852478)"
2173723,12/13/2017,5:30 p.m.,Miércoles,Automovil,Particular,Conductor,Femenino,NO,Sin Registro,Solo Daños,Choque,Estacionar sin seguridad,Calle 38  Sur Carrera 39,Zona Centro,Urbana,"(6.16839174, -75.5852478)"
2173723,12/13/2017,5:30 p.m.,Miércoles,Campero,Particular,Conductor,Masculino,NO,Sin Registro,Solo Daños,Choque,Estacionar sin seguridad,Calle 38  Sur Carrera 39,Zona Centro,Urbana,"(6.16839174, -75.5852478)"
2173749,12/14/2017,12:00 p.m.,Jueves,Automovil,Publico,Conductor,Masculino,NO,Sin Registro,Solo Daños,Choque,No mantener distancia de seguridad,Carrera 50 Calle 30  Sur,Las Vegas,Urbana,
2173749,12/14/2017,12:00 p.m.,Jueves,Automovil,Particular,Conductor,Femenino,NO,Sin Registro,Solo Daños,Choque,No mantener distancia de seguridad,Carrera 50 Calle 30  Sur,Las Vegas,Urbana,
2173749,12/14/2017,12:00 p.m.,Jueves,Camioneta,Particular,Conductor,Masculino,NO,Sin Registro,Solo Daños,Choque,No mantener distancia de seguridad,Carrera 50 Calle 30  Sur,Las Vegas,Urbana,
2173768,12/14/2017,5:10 p.m.,Jueves,Automovil,Particular,Conductor,Femenino,NO,Sin Registro,Solo Daños,Choque,Desobedecer senales,Transversal 33  Sur Diagonal 31 E,La Magnolia,Urbana,"(6.174189158, -75.57888419)"
2173768,12/14/2017,5:10 p.m.,Jueves,Automovil,Particular,Conductor,Masculino,NO,Sin Registro,Solo Daños,Choque,Desobedecer senales,Transversal 33  Sur Diagonal 31 E,La Magnolia,Urbana,"(6.174189158, -75.57888419)"
2173732,12/14/2017,8:17 p.m.,Jueves,Automovil,Particular,Conductor,Femenino,NO,Sin Registro,Solo Daños,Choque,Transitar entre vehiculos,Carrera 43 Calle 33 B Sur,Zona Centro,Urbana,"(6.172873357, -75.5860846)"
2173732,12/14/2017,8:17 p.m.,Jueves,Motocicleta,Particular,Motociclista,Masculino,NO,Sin Registro,Solo Daños,Choque,Poner en marcha un vehiculo sin precauci,Carrera 43 Calle 33 B Sur,Zona Centro,Urbana,"(6.172873357, -75.5860846)"
2173732,12/14/2017,8:17 p.m.,Jueves,Motocicleta,Particular,Motociclista,Masculino,NO,Sin Registro,Solo Daños,Choque,Transitar entre vehiculos,Carrera 43 Calle 33 B Sur,Zona Centro,Urbana,"(6.172873357, -75.5860846)"
2173732,12/14/2017,8:17 p.m.,Jueves,Automovil,Particular,Conductor,Femenino,NO,Sin Registro,Solo Daños,Choque,Poner en marcha un vehiculo sin precauci,Carrera 43 Calle 33 B Sur,Zona Centro,Urbana,"(6.172873357, -75.5860846)"
2173733,12/14/2017,1:30 p.m.,Jueves,Automovil,Particular,Conductor,Masculino,NO,Sin Registro,Solo Daños,Choque,Adelantar por la derecha,Carrera 27 A Calle 36 D Sur,Loma De Las Brujas,Urbana,"(6.162396832, -75.57323111)"
2173733,12/14/2017,1:30 p.m.,Jueves,Motocicleta,Particular,Motociclista,Masculino,NO,Sin Registro,Solo Daños,Choque,Adelantar por la derecha,Carrera 27 A Calle 36 D Sur,Loma De Las Brujas,Urbana,"(6.162396832, -75.57323111)"
2173729,12/14/2017,10:30 a.m.,Jueves,Automovil,Publico,Conductor,Masculino,NO,Sin Registro,Herido,Atropello,Reverso imprudente,Calle 48 F Sur Carrera 39 E,Loma Del Barro,Urbana,"(6.156024221, -75.59807255)"
2173729,12/14/2017,10:30 a.m.,Jueves,Automovil,Publico,Conductor,Masculino,NO,Sin Registro,Herido,Atropello,Impericia en el manejo,Calle 48 F Sur Carrera 39 E,Loma Del Barro,Urbana,"(6.156024221, -75.59807255)"
2173783,12/14/2017,6:30 p.m.,Jueves,Motocicleta,Particular,Motociclista,Femenino,NO,Sin Registro,Herido,Choque,Transitar entre vehiculos,Carrera 48 Calle 34  Sur,Las Vegas,Urbana,"(6.175414344, -75.59078218)"
2173783,12/14/2017,6:30 p.m.,Jueves,Automovil,Particular,Conductor,Masculino,NO,Sin Registro,Herido,Choque,Transitar entre vehiculos,Carrera 48 Calle 34  Sur,Las Vegas,Urbana,"(6.175414344, -75.59078218)"
2173783,12/14/2017,6:30 p.m.,Jueves,Motocicleta,Particular,Motociclista,Masculino,NO,Sin Registro,Herido,Choque,Transitar entre vehiculos,Carrera 48 Calle 34  Sur,Las Vegas,Urbana,"(6.175414344, -75.59078218)"
2173758,12/14/2017,2:40 p.m.,Jueves,Automovil,Particular,Conductor,Masculino,NO,Sin Registro,Solo Daños,Choque,No respetar prelacion,Tramo 379 Kilometro  7,Vereda El Vallano,Rural,
2173781,12/14/2017,2:40 p.m.,Jueves,Motocicleta,Particular,Motociclista,Masculino,NO,Sin Registro,Herido,Choque,Adelantar en zona prohibida,Tramo 372 Kilometro  16,Vereda Palmas,Rural,
2173781,12/14/2017,2:40 p.m.,Jueves,Motocicleta,Particular,Motociclista,Masculino,NO,Sin Registro,Herido,Choque,No respetar pelacion de interseccion o giros,Tramo 372 Kilometro  16,Vereda Palmas,Rural,
2173781,12/14/2017,2:40 p.m.,Jueves,Bus,Publico,Conductor,Masculino,NO,Sin Registro,Herido,Choque,Adelantar en zona prohibida,Tramo 372 Kilometro  16,Vereda Palmas,Rural,
2173736,12/14/2017,2:50 a.m.,Jueves,Automovil,Publico,Conductor,Masculino,NO,Sin Registro,Solo Daños,Choque,Impericia en el manejo,Carrera 43 A Calle 25  Sur,Zuñiga,Urbana,"(6.181616833, -75.58185727)"
2173772,12/15/2017,1:00 p.m.,Viernes,Automovil,Particular,Conductor,Femenino,NO,Sin Registro,Herido,Choque,Girar bruscamente,Calle 38  Sur Carrera 42,Zona Centro,Urbana,"(6.16961293, -75.58738469)"
2173772,12/15/2017,1:00 p.m.,Viernes,Motocicleta,Oficial,Motociclista,Masculino,NO,Sin Registro,Herido,Choque,Adelantar cerrando,Calle 38  Sur Carrera 42,Zona Centro,Urbana,"(6.16961293, -75.58738469)"
2173772,12/15/2017,1:00 p.m.,Viernes,Motocicleta,Oficial,Motociclista,Masculino,NO,Sin Registro,Herido,Choque,Girar bruscamente,Calle 38  Sur Carrera 42,Zona Centro,Urbana,"(6.16961293, -75.58738469)"
2173772,12/15/2017,1:00 p.m.,Viernes,Automovil,Particular,Conductor,Femenino,NO,Sin Registro,Herido,Choque,Adelantar cerrando,Calle 38  Sur Carrera 42,Zona Centro,Urbana,"(6.16961293, -75.58738469)"
2173760,12/15/2017,4:00 p.m.,Viernes,Camioneta,Particular,Conductor,Masculino,NO,Sin Registro,Solo Daños,Choque,No respetar prelacion,Calle 36  Sur Carrera 27,El Chocho,Urbana,"(6.167154903, -75.56933697)"
2173760,12/15/2017,4:00 p.m.,Viernes,Camioneta,Particular,Conductor,Masculino,NO,Sin Registro,Solo Daños,Choque,No respetar prelacion,Calle 36  Sur Carrera 27,El Chocho,Urbana,"(6.167154903, -75.56933697)"
2173769,12/15/2017,3:00 p.m.,Viernes,Motocicleta,Particular,Motociclista,Masculino,NO,Sin Registro,Herido,Atropello,Impericia en el manejo,Carrera 48 Calle 25 AA Sur,Las Vegas,Urbana,"(6.183765745, -75.58469035)"
2173743,12/15/2017,7:30 p.m.,Viernes,Bicicleta,Sin Registro,Ciclista,Masculino,NO,Sin Registro,Herido,Choque,No mantener distancia de seguridad,Calle 39  Sur Carrera 40,Zona Centro,Urbana,"(6.167409609, -75.58672098)"
2173743,12/15/2017,7:30 p.m.,Viernes,Automovil,Particular,Conductor,Femenino,NO,Sin Registro,Herido,Choque,No mantener distancia de seguridad,Calle 39  Sur Carrera 40,Zona Centro,Urbana,"(6.167409609, -75.58672098)"
2173763,12/15/2017,1:15 p.m.,Viernes,Automovil,Particular,Conductor,Femenino,NO,Sin Registro,Solo Daños,Choque,Transitar entre vehiculos,Calle 25 A Sur Carrera 42 B,Villa Grande,Urbana,"(6.181402463, -75.58167941)"
2173763,12/15/2017,1:15 p.m.,Viernes,Bicicleta,Sin Registro,Ciclista,Masculino,NO,Sin Registro,Solo Daños,Choque,Transitar entre vehiculos,Calle 25 A Sur Carrera 42 B,Villa Grande,Urbana,"(6.181402463, -75.58167941)"
2173734,12/15/2017,10:05 a.m.,Viernes,Automovil,Particular,Conductor,Masculino,NO,Sin Registro,Solo Daños,Choque,Adelantar por la derecha,Carrera 48 Calle 30  Sur,Las Vegas,Urbana,"(6.179366643, -75.5880841)"
2173770,12/15/2017,5:00 p.m.,Viernes,Camion,Publico,Conductor,Masculino,NO,Sin Registro,Solo Daños,Choque,Impericia en el manejo,Calle 34  Sur Carrera 43 B,El Portal,Urbana,"(6.173371827, -75.58753902)"
2173770,12/15/2017,5:00 p.m.,Viernes,Automovil,Particular,Conductor,Femenino,NO,Sin Registro,Solo Daños,Choque,Impericia en el manejo,Calle 34  Sur Carrera 43 B,El Portal,Urbana,"(6.173371827, -75.58753902)"
2173734,12/15/2017,10:05 a.m.,Viernes,Tractocamion,Publico,Conductor,Masculino,NO,Sin Registro,Solo Daños,Choque,Adelantar por la derecha,Carrera 48 Calle 30  Sur,Las Vegas,Urbana,"(6.179366643, -75.5880841)"
2173742,12/15/2017,10:05 a.m.,Viernes,Automovil,Particular,Conductor,Masculino,NO,Sin Registro,Solo Daños,Choque,Girar bruscamente,Carrera 43 A Calle 25 B Sur,Jardines,Urbana,"(6.180259996, -75.5829402)"
2173742,12/15/2017,10:05 a.m.,Viernes,Camioneta,Particular,Conductor,Femenino,NO,Sin Registro,Solo Daños,Choque,Girar bruscamente,Carrera 43 A Calle 25 B Sur,Jardines,Urbana,"(6.180259996, -75.5829402)"
2173745,12/15/2017,8:15 a.m.,Viernes,Automovil,Particular,Conductor,Masculino,NO,Sin Registro,Herido,Choque,Desobedecer senales,Carrera 40 A Calle 40 D Sur,El Dorado,Urbana,"(6.165496028, -75.58835721)"
2173745,12/15/2017,8:15 a.m.,Viernes,Motocicleta,Particular,Motociclista,Masculino,NO,Sin Registro,Herido,Choque,Desobedecer senales,Carrera 40 A Calle 40 D Sur,El Dorado,Urbana,"(6.165496028, -75.58835721)"
2173778,12/15/2017,8:00 p.m.,Viernes,Motocicleta,Particular,Motociclista,Masculino,NO,Sin Registro,Herido,Choque,Transitar entre vehiculos,Calle 38  Sur Carrera 45 A,Alcala,Urbana,"(6.17126287, -75.59030689)"
2173778,12/15/2017,8:00 p.m.,Viernes,Motocicleta,Particular,Motociclista,Masculino,NO,Sin Registro,Herido,Choque,Transitar entre vehiculos,Calle 38  Sur Carrera 45 A,Alcala,Urbana,"(6.17126287, -75.59030689)"
2173735,12/15/2017,2:15 p.m.,Viernes,Motocicleta,Particular,Motociclista,Masculino,NO,Sin Registro,Herido,Atropello,Cruzar sin observar,Carrera 43 Calle 33  Sur,Zona Centro,Urbana,"(6.173540656, -75.58568337)"
2173735,12/15/2017,2:15 p.m.,Viernes,Motocicleta,Particular,Motociclista,Masculino,NO,Sin Registro,Herido,Atropello,Transitar entre vehiculos,Carrera 43 Calle 33  Sur,Zona Centro,Urbana,"(6.173540656, -75.58568337)"
2173776,12/15/2017,6:40 a.m.,Viernes,Camioneta,Particular,Conductor,Masculino,NO,Sin Registro,Solo Daños,Choque,Girar bruscamente,Calle 27  Sur Carrera 27 D,El Esmeraldal,Urbana,"(6.174986227, -75.57228403)"
2173776,12/15/2017,6:40 a.m.,Viernes,Camioneta,Particular,Conductor,Femenino,NO,Sin Registro,Solo Daños,Choque,Girar bruscamente,Calle 27  Sur Carrera 27 D,El Esmeraldal,Urbana,"(6.174986227, -75.57228403)"
2173757,12/15/2017,6:20 p.m.,Viernes,Camioneta,Publico,Conductor,Masculino,NO,Sin Registro,Solo Daños,Choque,Adelantar cerrando,Carrera 43 A Calle 40  Sur,Alcala,Urbana,"(6.168044687, -75.59026877)"
2173757,12/15/2017,6:20 p.m.,Viernes,Automovil,Publico,Conductor,Masculino,NO,Sin Registro,Solo Daños,Choque,Adelantar cerrando,Carrera 43 A Calle 40  Sur,Alcala,Urbana,"(6.168044687, -75.59026877)"
2173741,12/15/2017,9:02 p.m.,Viernes,Bus,Publico,Conductor,Masculino,NO,Sin Registro,Solo Daños,Choque,No respetar prelacion,Calle 30  Sur Carrera 47,Jardines,Urbana,
2173741,12/15/2017,9:02 p.m.,Viernes,Automovil,Particular,Conductor,Masculino,NO,Sin Registro,Solo Daños,Choque,No respetar prelacion,Calle 30  Sur Carrera 47,Jardines,Urbana,
2173746,12/15/2017,12:30 p.m.,Viernes,Motocicleta,Particular,Motociclista,Masculino,NO,Sin Registro,Herido,Choque,Transitar entre vehiculos,Carrera 50 Calle 25  Sur,Las Vegas,Urbana,"(6.186515998, -75.58512541)"
2173746,12/15/2017,12:30 p.m.,Viernes,Motocicleta,Particular,Motociclista,Masculino,NO,Sin Registro,Herido,Choque,Transitar entre vehiculos,Carrera 50 Calle 25  Sur,Las Vegas,Urbana,"(6.186515998, -75.58512541)"
2173750,12/15/2017,10:30 a.m.,Viernes,Automovil,Particular,Conductor,Femenino,NO,Sin Registro,Solo Daños,Choque,No mantener distancia de seguridad,Calle 26 B Sur Carrera 42 B,Las Orquideas,Urbana,"(6.176911315, -75.58005899)"
2173750,12/15/2017,10:30 a.m.,Viernes,Buseta,Publico,Conductor,Masculino,NO,Sin Registro,Solo Daños,Choque,No mantener distancia de seguridad,Calle 26 B Sur Carrera 42 B,Las Orquideas,Urbana,"(6.176911315, -75.58005899)"
2173784,12/15/2017,1:50 p.m.,Viernes,Automovil,Particular,Conductor,Femenino,NO,Sin Registro,Solo Daños,Choque,Reverso imprudente,Calle 37  Sur Carrera 48,Glorieta De Peldar,Urbana,"(6.17412211, -75.59306111)"
2173784,12/15/2017,1:50 p.m.,Viernes,Automovil,Particular,Conductor,Masculino,NO,Sin Registro,Solo Daños,Choque,Reverso imprudente,Calle 37  Sur Carrera 48,Glorieta De Peldar,Urbana,"(6.17412211, -75.59306111)"
2173748,12/15/2017,9:50 a.m.,Viernes,Automovil,Particular,Conductor,Masculino,NO,Sin Registro,Solo Daños,Choque,Reverso imprudente,Carrera 43 A Calle 27 A Sur,Ponte Vedra,Urbana,"(6.178993539, -75.58360591)"
2173748,12/15/2017,9:50 a.m.,Viernes,Camioneta,Particular,Conductor,Femenino,NO,Sin Registro,Solo Daños,Choque,Reverso imprudente,Carrera 43 A Calle 27 A Sur,Ponte Vedra,Urbana,"(6.178993539, -75.58360591)"