RADICADO,FECHA,HORA,DÍA DE LA SEMANA,CLASE DE VEHICULO,TIPO DE SERVICIO,TIPO DE VICTIMA,SEXO,ESTADO DE BEODEZ,RESULTADO DE BEODEZ,GRAVEDAD,CLASE DE ACCIDENTE,CAUSA,DIRECCIÓN,BARRIO,AREA,Coordenadas
2173754,12/15/2017,9:50 a.m.,Viernes,Motocicleta,Particular,Motociclista,Masculino,NO,Sin Registro,Herido,Atropello,Impericia en el manejo,Carrera 40 Calle 40 D Sur,El Dorado,Urbana,"(6.164884335, -75.58862016)"
2173753,12/16/2017,2:00 p.m.,Sábado,Automovil,Particular,Conductor,Femenino,NO,Sin Registro,Solo Daños,Choque,No mantener distancia de seguridad,Tramo 373 Kilometro  5,Vereda Palmas,Rural,
2173753,12/16/2017,2:00 p.m.,Sábado,Automovil,Particular,Conductor,Masculino,NO,Sin Registro,Solo Daños,Choque,No mantener distancia de seguridad,Tramo 373 Kilometro  5,Vereda Palmas,Rural,
2173737,12/16/2017,5:05 p.m.,Sábado,Motocicleta,Particular,Motociclista,Masculino,NO,Sin Registro,Herido,Atropello,Embriaguez aparente,Carrera 43 Calle 32 A Sur,San Marcos,Urbana,"(6.174730521, -75.58521526)"
2173821,12/19/2017,5:20 p.m.,Martes,Camioneta,Particular,Conductor,Femenino,NO,Sin Registro,Solo Daños,Choque,Reverso imprudente,Calle 25  Sur Carrera 47,Zuñiga,Urbana,
2173786,12/16/2017,3:15 p.m.,Sábado,Motocicleta,Particular,Motociclista,Masculino,NO,Sin Registro,Solo Daños,Choque,No mantener distancia de seguridad,Calle 37  Sur Carrera 41,Zona Centro,Urbana,"(6.169855492, -75.58619601)"
2173786,12/16/2017,3:15 p.m.,Sábado,Camioneta,Particular,Conductor,Masculino,NO,Sin Registro,Solo Daños,Choque,No mantener distancia de seguridad,Calle 37  Sur Carrera 41,Zona Centro,Urbana,"(6.169855492, -75.58619601)"
2173771,12/16/2017,12:15 p.m.,Sábado,Microbus,Publico,Conductor,Masculino,NO,Sin Registro,Solo Daños,Choque,Desobedecer senales,Carrera 49 Calle 25 AA Sur,Las Vegas,Urbana,"(6.18641241, -75.58506296)"
2173771,12/16/2017,12:15 p.m.,Sábado,Automovil,Publico,Conductor,Masculino,NO,Sin Registro,Solo Daños,Choque,Desobedecer senales,Carrera 49 Calle 25 AA Sur,Las Vegas,Urbana,"(6.18641241, -75.58506296)"
2173739,12/16/2017,8:15 p.m.,Sábado,Motocicleta,Particular,Motociclista,Masculino,NO,Sin Registro,Herido,Atropello,Impericia en el manejo,Carrera 24 DD Calle 41  Sur,La Mina,Urbana,
2173755,12/16/2017,3:22 p.m.,Sábado,Automovil,Particular,Conductor,Masculino,NO,Sin Registro,Solo Daños,Choque,Adelantar invadiendo carril del mismo sentido en zigzag,Carrera 50 Calle 25  Sur,Las Vegas,Urbana,"(6.186515998, -75.58512541)"
2173755,12/16/2017,3:22 p.m.,Sábado,Automovil,Particular,Conductor,Femenino,NO,Sin Registro,Solo Daños,Choque,Adelantar invadiendo carril del mismo sentido en zigzag,Carrera 50 Calle 25  Sur,Las Vegas,Urbana,"(6.186515998, -75.58512541)"
2173744,12/16/2017,2:20 p.m.,Sábado,Campero,Particular,Conductor,Masculino,NO,Sin Registro,Solo Daños,Choque,Adelantar en zona prohibida,Calle 30  Sur Carrera 43 A,Jardines,Urbana,"(6.177126039, -75.5852509)"
2173744,12/16/2017,2:20 p.m.,Sábado,Motocicleta,Particular,Motociclista,Masculino,NO,Sin Registro,Solo Daños,Choque,Adelantar en zona prohibida,Calle 30  Sur Carrera 43 A,Jardines,Urbana,"(6.177126039, -75.5852509)"
2173740,12/16/2017,6:40 a.m.,Sábado,Tractocamion,Publico,Conductor,Masculino,NO,Sin Registro,Herido,Choque,Adelantar por la derecha,Carrera 48 Calle 25 AA Sur,Las Vegas,Urbana,"(6.183765745, -75.58469035)"
2173740,12/16/2017,6:40 a.m.,Sábado,Motocicleta,Particular,Motociclista,Masculino,NO,Sin Registro,Herido,Choque,Adelantar por la derecha,Carrera 48 Calle 25 AA Sur,Las Vegas,Urbana,"(6.183765745, -75.58469035)"
2173765,12/16/2017,3:30 p.m.,Sábado,Camion,Publico,Conductor,Masculino,NO,Sin Registro,Solo Daños,Choque,Poner en marcha un vehiculo sin precauci,Calle 41 B Sur Carrera 25 A,San Rafael,Urbana,"(6.155059952, -75.58486141)"
2173765,12/16/2017,3:30 p.m.,Sábado,Motocicleta,Diplomatico,Motociclista,Femenino,NO,Sin Registro,Solo Daños,Choque,Poner en marcha un vehiculo sin precauci,Calle 41 B Sur Carrera 25 A,San Rafael,Urbana,"(6.155059952, -75.58486141)"
2173798,12/16/2017,2:30 p.m.,Sábado,Motocicleta,Particular,Motociclista,Masculino,NO,Sin Registro,Herido,Atropello,Cruzar sin observar,Carrera 29 Calle 40 C Sur,La Mina,Urbana,"(6.160442724, -75.58265577)"
2173798,12/16/2017,2:30 p.m.,Sábado,Motocicleta,Particular,Motociclista,Masculino,NO,Sin Registro,Herido,Atropello,Jugar en la via,Carrera 29 Calle 40 C Sur,La Mina,Urbana,"(6.160442724, -75.58265577)"
2173761,12/16/2017,6:30 p.m.,Sábado,Camioneta,Particular,Conductor,Masculino,NO,Sin Registro,Solo Daños,Choque,No respetar prelacion,Carrera 48 Calle 50  Sur,Las Vegas,Urbana,
2173761,12/16/2017,6:30 p.m.,Sábado,Automovil,Publico,Conductor,Masculino,NO,Sin Registro,Solo Daños,Choque,Girar bruscamente,Carrera 48 Calle 50  Sur,Las Vegas,Urbana,
2173761,12/16/2017,6:30 p.m.,Sábado,Automovil,Publico,Conductor,Masculino,NO,Sin Registro,Solo Daños,Choque,No respetar prelacion,Carrera 48 Calle 50  Sur,Las Vegas,Urbana,
2173761,12/16/2017,6:30 p.m.,Sábado,Camioneta,Particular,Conductor,Masculino,NO,Sin Registro,Solo Daños,Choque,Girar bruscamente,Carrera 48 Calle 50  Sur,Las Vegas,Urbana,
2173762,12/16/2017,9:40 p.m.,Sábado,Automovil,Particular,Conductor,Masculino,NO,Sin Registro,Solo Daños,Choque,Girar bruscamente,Carrera 42 Calle 41 B Sur,El Dorado,Urbana,"(6.165452222, -75.59156991)"
2173762,12/16/2017,9:40 p.m.,Sábado,Automovil,Particular,Conductor,Masculino,NO,Sin Registro,Solo Daños,Choque,Embriaguez o droga,Carrera 42 Calle 41 B Sur,El Dorado,Urbana,"(6.165452222, -75.59156991)"
2173762,12/16/2017,9:40 p.m.,Sábado,Automovil,Particular,Conductor,Masculino,NO,Sin Registro,Solo Daños,Choque,Girar bruscamente,Carrera 42 Calle 41 B Sur,El Dorado,Urbana,"(6.165452222, -75.59156991)"
2173762,12/16/2017,9:40 p.m.,Sábado,Automovil,Particular,Conductor,Masculino,NO,Sin Registro,Solo Daños,Choque,Embriaguez o droga,Carrera 42 Calle 41 B Sur,El Dorado,Urbana,"(6.165452222, -75.59156991)"
2173759,12/16/2017,10:40 a.m.,Sábado,Camioneta,Particular,Conductor,Masculino,NO,Sin Registro,Solo Daños,Choque,No respetar prelacion,Calle 25 AA Sur Carrera 48,Las Vegas,Urbana,"(6.18405129, -75.58478383)"
2173759,12/16/2017,10:40 a.m.,Sábado,Campero,Particular,Conductor,Femenino,NO,Sin Registro,Solo Daños,Choque,Poner en marcha un vehiculo sin precauci,Calle 25 AA Sur Carrera 48,Las Vegas,Urbana,"(6.18405129, -75.58478383)"
2173759,12/16/2017,10:40 a.m.,Sábado,Campero,Particular,Conductor,Femenino,NO,Sin Registro,Solo Daños,Choque,No respetar prelacion,Calle 25 AA Sur Carrera 48,Las Vegas,Urbana,"(6.18405129, -75.58478383)"
2173759,12/16/2017,10:40 a.m.,Sábado,Camioneta,Particular,Conductor,Masculino,NO,Sin Registro,Solo Daños,Choque,Poner en marcha un vehiculo sin precauci,Calle 25 AA Sur Carrera 48,Las Vegas,Urbana,"(6.18405129, -75.58478383)"
2173789,12/16/2017,11:50 a.m.,Sábado,Automovil,Particular,Conductor,Masculino,NO,Sin Registro,Solo Daños,Choque,No mantener distancia de seguridad,Calle 25 AA Sur Carrera 48,Las Vegas,Urbana,"(6.18405129, -75.58478383)"
2173789,12/16/2017,11:50 a.m.,Sábado,Automovil,Publico,Conductor,Masculino,NO,Sin Registro,Solo Daños,Choque,No mantener distancia de seguridad,Calle 25 AA Sur Carrera 48,Las Vegas,Urbana,"(6.18405129, -75.58478383)"
2173789,12/16/2017,11:50 a.m.,Sábado,Automovil,Particular,Conductor,Masculino,NO,Sin Registro,Solo Daños,Choque,No mantener distancia de seguridad,Calle 25 AA Sur Carrera 48,Las Vegas,Urbana,"(6.18405129, -75.58478383)"
2173751,12/17/2017,4:00 p.m.,Domingo,Motocicleta,Particular,Motociclista,Masculino,NO,Sin Registro,Solo Daños,Choque,Embriaguez o droga,Carrera 48 Calle 50  Sur,Las Vegas,Urbana,
2173751,12/17/2017,4:00 p.m.,Domingo,Automovil,Particular,Conductor,Masculino,NO,Sin Registro,Solo Daños,Choque,Transitar entre vehiculos,Carrera 48 Calle 50  Sur,Las Vegas,Urbana,
2173751,12/17/2017,4:00 p.m.,Domingo,Automovil,Particular,Conductor,Masculino,NO,Sin Registro,Solo Daños,Choque,Embriaguez o droga,Carrera 48 Calle 50  Sur,Las Vegas,Urbana,
2173751,12/17/2017,4:00 p.m.,Domingo,Motocicleta,Particular,Motociclista,Masculino,NO,Sin Registro,Solo Daños,Choque,Transitar entre vehiculos,Carrera 48 Calle 50  Sur,Las Vegas,Urbana,
2173780,12/17/2017,7:30 p.m.,Domingo,Camioneta,Particular,Conductor,Masculino,NO,Sin Registro,Solo Daños,Choque,No mantener distancia de seguridad,Tramo 373 Kilometro  7,Vereda Palmas,Rural,
2173780,12/17/2017,7:30 p.m.,Domingo,Automovil,Particular,Conductor,Masculino,NO,Sin Registro,Solo Daños,Choque,No mantener distancia de seguridad,Tramo 373 Kilometro  7,Vereda Palmas,Rural,
2173764,12/17/2017,6:00 p.m.,Domingo,Motocicleta,Particular,Motociclista,Masculino,NO,Sin Registro,Herido,Caida Ocupante,Impericia en el manejo,Carrera 42 D Calle 45  Sur,La Paz,Urbana,"(6.163916613, -75.59400248)"
2173738,12/17/2017,12:10 p.m.,Domingo,Campero,Particular,Conductor,Femenino,NO,Sin Registro,Solo Daños,Choque,No mantener distancia de seguridad,Calle 38 A Sur Carrera 44,Zona Centro,Urbana,"(6.170343187, -75.58995471)"
2173738,12/17/2017,12:10 p.m.,Domingo,Camioneta,Diplomatico,Conductor,Masculino,NO,Sin Registro,Solo Daños,Choque,Exceso de velocidad,Calle 38 A Sur Carrera 44,Zona Centro,Urbana,"(6.170343187, -75.58995471)"
2173738,12/17/2017,12:10 p.m.,Domingo,Camioneta,Diplomatico,Conductor,Masculino,NO,Sin Registro,Solo Daños,Choque,No mantener distancia de seguridad,Calle 38 A Sur Carrera 44,Zona Centro,Urbana,"(6.170343187, -75.58995471)"
2173738,12/17/2017,12:10 p.m.,Domingo,Campero,Particular,Conductor,Femenino,NO,Sin Registro,Solo Daños,Choque,Exceso de velocidad,Calle 38 A Sur Carrera 44,Zona Centro,Urbana,"(6.170343187, -75.58995471)"
2173756,12/17/2017,9:00 p.m.,Domingo,Automovil,Publico,Conductor,Masculino,NO,Sin Registro,Solo Daños,Choque,Arrancar sin precaucion,Carrera 28 Calle 27 D Sur,Alto De Misael,Urbana,"(6.175270544, -75.57368693)"
2173756,12/17/2017,9:00 p.m.,Domingo,Automovil,Particular,Conductor,Femenino,NO,Sin Registro,Solo Daños,Choque,Arrancar sin precaucion,Carrera 28 Calle 27 D Sur,Alto De Misael,Urbana,"(6.175270544, -75.57368693)"
2173792,12/17/2017,9:15 p.m.,Domingo,Motocicleta,Particular,Motociclista,Masculino,NO,Sin Registro,Solo Daños,Choque,No mantener distancia de seguridad,Carrera 50 Calle 30  Sur,Las Vegas,Urbana,
2173792,12/17/2017,9:15 p.m.,Domingo,Automovil,Particular,Conductor,Femenino,NO,Sin Registro,Solo Daños,Choque,No mantener distancia de seguridad,Carrera 50 Calle 30  Sur,Las Vegas,Urbana,
2173747,12/17/2017,3:50 p.m.,Domingo,Automovil,Particular,Conductor,Masculino,NO,Sin Registro,Solo Daños,Choque,Impericia en el manejo,Carrera 42 Calle 36  Sur,Zona Centro,Urbana,"(6.170966181, -75.5864635)"
2173747,12/17/2017,3:50 p.m.,Domingo,Motocicleta,Particular,Motociclista,Masculino,NO,Sin Registro,Solo Daños,Choque,Impericia en el manejo,Carrera 42 Calle 36  Sur,Zona Centro,Urbana,"(6.170966181, -75.5864635)"
2173775,12/17/2017,5:50 p.m.,Domingo,Motocicleta,Particular,Motociclista,Masculino,NO,Sin Registro,Herido,Caida Ocupante,Impericia en el manejo,Tramo 371 Kilometro  3,Vereda El Escobero,Rural,
2173810,12/18/2017,7:00 p.m.,Lunes,Campero,Particular,Conductor,Masculino,NO,Sin Registro,Solo Daños,Choque,Impericia en el manejo,Tramo 371 Kilometro  5,Vereda El Escobero,Rural,
2173773,12/18/2017,11:00 a.m.,Lunes,Camioneta,Particular,Conductor,Masculino,NO,Sin Registro,Solo Daños,Choque,Adelantar por la derecha,Carrera 48 Calle 30  Sur,Las Vegas,Urbana,"(6.179366643, -75.5880841)"
2173773,12/18/2017,11:00 a.m.,Lunes,Automovil,Particular,Conductor,Masculino,NO,Sin Registro,Solo Daños,Choque,Adelantar cerrando,Carrera 48 Calle 30  Sur,Las Vegas,Urbana,"(6.179366643, -75.5880841)"
2173773,12/18/2017,11:00 a.m.,Lunes,Automovil,Particular,Conductor,Masculino,NO,Sin Registro,Solo Daños,Choque,Adelantar por la derecha,Carrera 48 Calle 30  Sur,Las Vegas,Urbana,"(6.179366643, -75.5880841)"
2173773,12/18/2017,11:00 a.m.,Lunes,Camioneta,Particular,Conductor,Masculino,NO,Sin Registro,Solo Daños,Choque,Adelantar cerrando,Carrera 48 Calle 30  Sur,Las Vegas,Urbana,"(6.179366643, -75.5880841)"
2173777,12/18/2017,2:05 p.m.,Lunes,Campero,Particular,Conductor,Masculino,NO,Sin Registro,Solo Daños,Choque,Girar bruscamente,Carrera 43 A Calle 21  Sur,Avenida El Poblado,Urbana,"(6.183599544, -75.57940986)"
2173777,12/18/2017,2:05 p.m.,Lunes,Camioneta,Particular,Conductor,Masculino,NO,Sin Registro,Solo Daños,Choque,Girar bruscamente,Carrera 43 A Calle 21  Sur,Avenida El Poblado,Urbana,"(6.183599544, -75.57940986)"
2173801,12/18/2017,1:20 p.m.,Lunes,Campero,Particular,Conductor,Masculino,NO,Sin Registro,Solo Daños,Choque,No mantener distancia de seguridad,Carrera 48 Calle 38  Sur,Las Vegas,Urbana,"(6.172747818, -75.59269817)"
2173801,12/18/2017,1:20 p.m.,Lunes,Camioneta,Publico,Conductor,Masculino,NO,Sin Registro,Solo Daños,Choque,No mantener distancia de seguridad,Carrera 48 Calle 38  Sur,Las Vegas,Urbana,"(6.172747818, -75.59269817)"
2173806,12/20/2017,6:15 a.m.,Miércoles,Bus,Publico,Conductor,Masculino,NO,Sin Registro,Herido,Choque,No mantener distancia de seguridad,Carrera 50 Calle 27  Sur,Las Vegas,Urbana,
2173779,12/18/2017,5:13 p.m.,Lunes,Campero,Particular,Conductor,Femenino,NO,Sin Registro,Solo Daños,Choque,Transitar entre vehiculos,Carrera 43 A Calle 49 B Sur,Avenida El Poblado,Urbana,"(6.160914202, -75.60002299)"
2173779,12/18/2017,5:13 p.m.,Lunes,Motocicleta,Particular,Motociclista,Masculino,NO,Sin Registro,Solo Daños,Choque,Transitar entre vehiculos,Carrera 43 A Calle 49 B Sur,Avenida El Poblado,Urbana,"(6.160914202, -75.60002299)"
2173788,12/18/2017,9:20 a.m.,Lunes,Camion,Particular,Conductor,Masculino,NO,Sin Registro,Solo Daños,Choque,No mantener distancia de seguridad,Carrera 50 Calle 37  Sur,Las Vegas,Urbana,
2173788,12/18/2017,9:20 a.m.,Lunes,Automovil,Particular,Conductor,Masculino,NO,Sin Registro,Solo Daños,Choque,No mantener distancia de seguridad,Carrera 50 Calle 37  Sur,Las Vegas,Urbana,
2173800,12/18/2017,6:45 a.m.,Lunes,Camion,Publico,Conductor,Masculino,NO,Sin Registro,Herido,Choque,No respetar pelacion de interseccion o giros,Carrera 25 A Calle 36 D Sur,Vereda El Escobero,Urbana,"(6.158679025, -75.56664425)"
2173800,12/18/2017,6:45 a.m.,Lunes,Motocicleta,Particular,Motociclista,Masculino,NO,Sin Registro,Herido,Choque,No respetar pelacion de interseccion o giros,Carrera 25 A Calle 36 D Sur,Vereda El Escobero,Urbana,"(6.158679025, -75.56664425)"
2173782,12/18/2017,3:35 p.m.,Lunes,Automovil,Particular,Conductor,Femenino,NO,Sin Registro,Solo Daños,Choque,No mantener distancia de seguridad,Tramo 372 Kilometro  13,Vereda Palmas,Rural,
2173782,12/18/2017,3:35 p.m.,Lunes,Automovil,Particular,Conductor,Masculino,NO,Sin Registro,Solo Daños,Choque,No mantener distancia de seguridad,Tramo 372 Kilometro  13,Vereda Palmas,Rural,
2173767,12/18/2017,9:30 p.m.,Lunes,Motocicleta,Particular,Motociclista,Masculino,NO,Sin Registro,Solo Daños,Choque,Transitar entre vehiculos,Calle 37  Sur Carrera 43 A,Zona Centro,Urbana,"(6.171151654, -75.58815663)"
2173774,12/18/2017,10:35 a.m.,Lunes,Automovil,Particular,Conductor,Femenino,NO,Sin Registro,Solo Daños,Choque,No mantener distancia de seguridad,Calle 36 D Sur Carrera 27 A,Vereda El Escobero,Urbana,"(6.164831751, -75.57423497)"
2173774,12/18/2017,10:35 a.m.,Lunes,Camioneta,Particular,Conductor,Masculino,NO,Sin Registro,Solo Daños,Choque,No mantener distancia de seguridad,Calle 36 D Sur Carrera 27 A,Vereda El Escobero,Urbana,"(6.164831751, -75.57423497)"
2173793,12/19/2017,10:45 p.m.,Martes,Automovil,Particular,Conductor,Femenino,NO,Sin Registro,Solo Daños,Choque,Desobedecer senales,Calle 39 B Sur Carrera 36,Mesa,Urbana,"(6.165295179, -75.5850387)"
2173767,12/18/2017,9:30 p.m.,Lunes,Campero,Particular,Conductor,Masculino,NO,Sin Registro,Solo Daños,Choque,Transitar entre vehiculos,Calle 37  Sur Carrera 43 A,Zona Centro,Urbana,"(6.171151654, -75.58815663)"
2173766,12/18/2017,3:40 p.m.,Lunes,Motocicleta,Particular,Motociclista,Femenino,NO,Sin Registro,Herido,Choque,Transitar entre vehiculos,Calle 40  Sur Carrera 27,San Jose,Urbana,"(6.158366235, -75.58080793)"
2173766,12/18/2017,3:40 p.m.,Lunes,Bicicleta,Sin Registro,Ciclista,Masculino,NO,Sin Registro,Herido,Choque,Impericia en el manejo,Calle 40  Sur Carrera 27,San Jose,Urbana,"(6.158366235, -75.58080793)"
2173766,12/18/2017,3:40 p.m.,Lunes,Bicicleta,Sin Registro,Ciclista,Masculino,NO,Sin Registro,Herido,Choque,Transitar entre vehiculos,Calle 40  Sur Carrera 27,San Jose,Urbana,"(6.158366235, -75.58080793)"
2173766,12/18/2017,3:40 p.m.,Lunes,Motocicleta,Particular,Motociclista,Femenino,NO,Sin Registro,Herido,Choque,Impericia en el manejo,Calle 40  Sur Carrera 27,San Jose,Urbana,"(6.158366235, -75.58080793)"
2173795,12/18/2017,9:50 a.m.,Lunes,Camioneta,Publico,Conductor,Masculino,NO,Sin Registro,Herido,Volcamiento,Transporte de carga sin seguridad,Carrera 50 Calle 25 AA Sur,Las Vegas,Urbana,"(6.18564452, -75.58633891)"
2173795,12/18/2017,9:50 a.m.,Lunes,Motocicleta,Particular,Motociclista,Masculino,NO,Sin Registro,Herido,Volcamiento,Transporte de carga sin seguridad,Carrera 50 Calle 25 AA Sur,Las Vegas,Urbana,"(6.18564452, -75.58633891)"
2173795,12/18/2017,9:50 a.m.,Lunes,Motocicleta,Particular,Motociclista,Masculino,NO,Sin Registro,Herido,Volcamiento,Transporte de carga sin seguridad,Carrera 50 Calle 25 AA Sur,Las Vegas,Urbana,"(6.18564452, -75.58633891)"
2173795,12/18/2017,9:50 a.m.,Lunes,Automovil,Particular,Conductor,Masculino,NO,Sin Registro,Herido,Volcamiento,Transporte de carga sin seguridad,Carrera 50 Calle 25 AA Sur,Las Vegas,Urbana,"(6.18564452, -75.58633891)"
2173795,12/18/2017,9:50 a.m.,Lunes,Motocicleta,Particular,Motociclista,Masculino,NO,Sin Registro,Herido,Volcamiento,Transporte de carga sin seguridad,Carrera 50 Calle 25 AA Sur,Las Vegas,Urbana,"(6.18564452, -75.58633891)"
2173796,12/18/2017,3:50 p.m.,Lunes,Motocicleta,Diplomatico,Motociclista,Masculino,NO,Sin Registro,Herido,Choque,Semaforo en rojo,Carrera 48 Calle 46  Sur,Las Vegas,Urbana,"(6.166195386, -75.59928549)"
2173796,12/18/2017,3:50 p.m.,Lunes,Motocicleta,Particular,Motociclista,Masculino,NO,Sin Registro,Herido,Choque,Semaforo en rojo,Carrera 48 Calle 46  Sur,Las Vegas,Urbana,"(6.166195386, -75.59928549)"
2173791,12/19/2017,8:10 a.m.,Martes,Automovil,Particular,Conductor,Femenino,NO,Sin Registro,Solo Daños,Choque,No mantener distancia de seguridad,Carrera 48 Calle 30  Sur,Las Vegas,Urbana,"(6.179366643, -75.5880841)"
2173791,12/19/2017,8:10 a.m.,Martes,Automovil,Publico,Conductor,Masculino,NO,Sin Registro,Solo Daños,Choque,No mantener distancia de seguridad,Carrera 48 Calle 30  Sur,Las Vegas,Urbana,"(6.179366643, -75.5880841)"
2173805,12/19/2017,12:15 p.m.,Martes,Automovil,Particular,Conductor,Masculino,NO,Sin Registro,Herido,Atropello,Poner en marcha un vehiculo sin precauci,Calle 38  Sur Carrera 42,Zona Centro,Urbana,"(6.16961293, -75.58738469)"
2173812,12/19/2017,8:20 p.m.,Martes,Camioneta,Oficial,Conductor,Femenino,NO,Sin Registro,Solo Daños,Choque,Adelantar por la derecha,Calle 38 A Sur Carrera 48,Alcala,Urbana,"(6.168560755, -75.58701537)"
2173812,12/19/2017,8:20 p.m.,Martes,Automovil,Particular,Conductor,Masculino,NO,Sin Registro,Solo Daños,Choque,Adelantar por la derecha,Calle 38 A Sur Carrera 48,Alcala,Urbana,"(6.168560755, -75.58701537)"
2173790,12/19/2017,7:20 a.m.,Martes,Bus,Publico,Conductor,Femenino,NO,Sin Registro,Solo Daños,Choque,Obstaculos en la via,Carrera 50 Calle 25 A Sur,Las Vegas,Urbana,"(6.186515998, -75.58512541)"
2173790,12/19/2017,7:20 a.m.,Martes,Motocicleta,Particular,Motociclista,Masculino,NO,Sin Registro,Solo Daños,Choque,No mantener distancia de seguridad,Carrera 50 Calle 25 A Sur,Las Vegas,Urbana,"(6.186515998, -75.58512541)"
2173790,12/19/2017,7:20 a.m.,Martes,Motocicleta,Particular,Motociclista,Masculino,NO,Sin Registro,Solo Daños,Choque,Obstaculos en la via,Carrera 50 Calle 25 A Sur,Las Vegas,Urbana,"(6.186515998, -75.58512541)"
2173790,12/19/2017,7:20 a.m.,Martes,Bus,Publico,Conductor,Femenino,NO,Sin Registro,Solo Daños,Choque,No mantener distancia de seguridad,Carrera 50 Calle 25 A Sur,Las Vegas,Urbana,"(6.186515998, -75.58512541)"
2173821,12/19/2017,5:20 p.m.,Martes,Camioneta,Particular,Conductor,Masculino,NO,Sin Registro,Solo Daños,Choque,Reverso imprudente,Calle 25  Sur Carrera 47,Zuñiga,Urbana,
2173822,12/19/2017,8:50 p.m.,Martes,Automovil,Particular,Conductor,Masculino,NO,Sin Registro,Solo Daños,Choque,Transitar entre vehiculos,Calle 21  Sur Carrera 41 B,Zuñiga,Urbana,"(6.183370967, -75.57885465)"
2173822,12/19/2017,8:50 p.m.,Martes,Motocicleta,Particular,Motociclista,Masculino,NO,Sin Registro,Solo Daños,Choque,Transitar entre vehiculos,Calle 21  Sur Carrera 41 B,Zuñiga,Urbana,"(6.183370967, -75.57885465)"
2173803,12/19/2017,9:00 p.m.,Martes,Motocicleta,Particular,Motociclista,Masculino,NO,Sin Registro,Herido,Caida Ocupante,Impericia en el manejo,Carrera 50 Calle 26  Sur,Las Vegas,Urbana,"(6.184812544, -75.58691109)"
2173811,12/19/2017,9:00 p.m.,Martes,Bus,Publico,Conductor,Masculino,NO,Sin Registro,Solo Daños,Choque,Adelantar cerrando,Calle 46  Sur Carrera 44,Primavera,Urbana,"(6.164371719, -75.59631716)"
2173811,12/19/2017,9:00 p.m.,Martes,Automovil,Particular,Conductor,Masculino,NO,Sin Registro,Solo Daños,Choque,Adelantar cerrando,Calle 46  Sur Carrera 44,Primavera,Urbana,"(6.164371719, -75.59631716)"
2173794,12/19/2017,9:30 a.m.,Martes,Automovil,Particular,Conductor,Masculino,NO,Sin Registro,Solo Daños,Choque,No mantener distancia de seguridad,Carrera 50 Calle 30  Sur,Las Vegas,Urbana,
2173794,12/19/2017,9:30 a.m.,Martes,Camioneta,Particular,Conductor,Masculino,NO,Sin Registro,Solo Daños,Choque,No mantener distancia de seguridad,Carrera 50 Calle 30  Sur,Las Vegas,Urbana,
2173799,12/19/2017,7:30 a.m.,Martes,Motocicleta,Particular,Motociclista,Femenino,NO,Sin Registro,Herido,Choque,Impericia en el manejo,Carrera 43 A Calle 23  Sur,Las Orquideas,Urbana,"(6.182555831, -75.58017793)"
2173799,12/19/2017,7:30 a.m.,Martes,Camioneta,Sin Registro,Conductor,Masculino,NO,Sin Registro,Herido,Choque,Impericia en el manejo,Carrera 43 A Calle 23  Sur,Las Orquideas,Urbana,"(6.182555831, -75.58017793)"
2173813,12/19/2017,4:30 p.m.,Martes,Camioneta,Particular,Conductor,Masculino,NO,Sin Registro,Solo Daños,Choque,Adelantar cerrando,Tramo 371 Kilometro  8,Vereda El Escobero,Rural,
2173813,12/19/2017,4:30 p.m.,Martes,Automovil,Particular,Conductor,Masculino,NO,Sin Registro,Solo Daños,Choque,Adelantar cerrando,Tramo 371 Kilometro  8,Vereda El Escobero,Rural,
2173785,12/19/2017,11:40 a.m.,Martes,Automovil,Particular,Conductor,Masculino,NO,Sin Registro,Solo Daños,Choque,No mantener distancia de seguridad,Carrera 48 Calle 46  Sur,Las Vegas,Urbana,"(6.166195386, -75.59928549)"
2173785,12/19/2017,11:40 a.m.,Martes,Camion,Publico,Conductor,Masculino,NO,Sin Registro,Solo Daños,Choque,No mantener distancia de seguridad,Carrera 48 Calle 46  Sur,Las Vegas,Urbana,"(6.166195386, -75.59928549)"
2173787,12/19/2017,12:45 p.m.,Martes,Automovil,Particular,Conductor,Femenino,NO,Sin Registro,Solo Daños,Choque,No mantener distancia de seguridad,Carrera 50 Calle 47 A Sur,Las Vegas,Urbana,
2173787,12/19/2017,12:45 p.m.,Martes,Camioneta,Publico,Conductor,Masculino,NO,Sin Registro,Solo Daños,Choque,No mantener distancia de seguridad,Carrera 50 Calle 47 A Sur,Las Vegas,Urbana,
2173809,12/19/2017,10:40 a.m.,Martes,Motocicleta,Particular,Motociclista,Femenino,NO,Sin Registro,Herido,Choque,No mantener distancia de seguridad,Carrera 41 Calle 38  Sur,Zona Centro,Urbana,"(6.169124429, -75.58656013)"
2173809,12/19/2017,10:40 a.m.,Martes,Camion,Publico,Conductor,Masculino,NO,Sin Registro,Herido,Choque,No mantener distancia de seguridad,Carrera 41 Calle 38  Sur,Zona Centro,Urbana,"(6.169124429, -75.58656013)"
2173814,12/19/2017,11:55 a.m.,Martes,Camioneta,Particular,Conductor,Masculino,NO,Sin Registro,Solo Daños,Choque,Adelantar cerrando,Carrera 48 Calle 33 B Sur,Las Vegas,Urbana,"(6.175955833, -75.59046195)"