RADICADO,FECHA,HORA,DÍA DE LA SEMANA,CLASE DE VEHICULO,TIPO DE SERVICIO,TIPO DE VICTIMA,SEXO,ESTADO DE BEODEZ,RESULTADO DE BEODEZ,GRAVEDAD,CLASE DE ACCIDENTE,CAUSA,DIRECCIÓN,BARRIO,AREA,Coordenadas
2173814,12/19/2017,11:55 a.m.,Martes,Automovil,Particular,Conductor,Masculino,NO,Sin Registro,Solo Daños,Choque,No respetar prelacion,Carrera 48 Calle 33 B Sur,Las Vegas,Urbana,"(6.175955833, -75.59046195)"
2173814,12/19/2017,11:55 a.m.,Martes,Automovil,Particular,Conductor,Masculino,NO,Sin Registro,Solo Daños,Choque,Adelantar cerrando,Carrera 48 Calle 33 B Sur,Las Vegas,Urbana,"(6.175955833, -75.59046195)"
2173814,12/19/2017,11:55 a.m.,Martes,Camioneta,Particular,Conductor,Masculino,NO,Sin Registro,Solo Daños,Choque,No respetar prelacion,Carrera 48 Calle 33 B Sur,Las Vegas,Urbana,"(6.175955833, -75.59046195)"
2173797,12/19/2017,4:50 p.m.,Martes,Automovil,Publico,Conductor,Masculino,NO,Sin Registro,Herido,Atropello,Cruzar sin observar,Calle 41 AA Sur Carrera 29 A,San Rafael,Urbana,"(6.158466841, -75.5852206)"
2173793,12/19/2017,10:45 p.m.,Martes,Campero,Particular,Conductor,Masculino,NO,Sin Registro,Solo Daños,Choque,Desobedecer senales,Calle 39 B Sur Carrera 36,Mesa,Urbana,"(6.165295179, -75.5850387)"
2173815,12/20/2017,9:00 a.m.,Miércoles,Automovil,Particular,Conductor,Masculino,NO,Sin Registro,Solo Daños,Choque,Poner en marcha un vehiculo sin precauci,Calle 19  Sur Carrera 48,Zuñiga,Urbana,
2173815,12/20/2017,9:00 a.m.,Miércoles,Camion,Publico,Conductor,Masculino,NO,Sin Registro,Solo Daños,Choque,Impericia en el manejo,Calle 19  Sur Carrera 48,Zuñiga,Urbana,
2173815,12/20/2017,9:00 a.m.,Miércoles,Camion,Publico,Conductor,Masculino,NO,Sin Registro,Solo Daños,Choque,Poner en marcha un vehiculo sin precauci,Calle 19  Sur Carrera 48,Zuñiga,Urbana,
2173815,12/20/2017,9:00 a.m.,Miércoles,Automovil,Particular,Conductor,Masculino,NO,Sin Registro,Solo Daños,Choque,Impericia en el manejo,Calle 19  Sur Carrera 48,Zuñiga,Urbana,
2173806,12/20/2017,6:15 a.m.,Miércoles,Motocicleta,Particular,Motociclista,Masculino,NO,Sin Registro,Herido,Choque,No mantener distancia de seguridad,Carrera 50 Calle 27  Sur,Las Vegas,Urbana,
2173848,12/20/2017,1:20 p.m.,Miércoles,Automovil,Particular,Conductor,Masculino,NO,Sin Registro,Herido,Choque,Desobedecer senales,Diagonal 33 Transversal 34  Sur,La Magnolia,Urbana,"(6.172651904, -75.58382242)"
2173848,12/20/2017,1:20 p.m.,Miércoles,Motocicleta,Particular,Motociclista,Femenino,NO,Sin Registro,Herido,Choque,Desobedecer senales,Diagonal 33 Transversal 34  Sur,La Magnolia,Urbana,"(6.172651904, -75.58382242)"
2173819,12/20/2017,8:21 p.m.,Miércoles,Motocicleta,Particular,Motociclista,Masculino,NO,Sin Registro,Herido,Atropello,Cruzar sin observar,Calle 39  Sur Carrera 39,Mesa,Urbana,"(6.166978259, -75.58604492)"
2173819,12/20/2017,8:21 p.m.,Miércoles,Motocicleta,Particular,Motociclista,Masculino,NO,Sin Registro,Herido,Atropello,Exceso de velocidad,Calle 39  Sur Carrera 39,Mesa,Urbana,"(6.166978259, -75.58604492)"
2173818,12/20/2017,4:20 p.m.,Miércoles,Motocicleta,Particular,Motociclista,Masculino,NO,Sin Registro,Solo Daños,Choque,Semaforo en rojo,Carrera 48 Calle 30  Sur,Las Vegas,Urbana,"(6.179366643, -75.5880841)"
2173818,12/20/2017,4:20 p.m.,Miércoles,Motocicleta,Particular,Motociclista,Masculino,NO,Sin Registro,Solo Daños,Choque,Semaforo en rojo,Carrera 48 Calle 30  Sur,Las Vegas,Urbana,"(6.179366643, -75.5880841)"
2173817,12/20/2017,5:20 p.m.,Miércoles,Buseta,Publico,Conductor,Masculino,NO,Sin Registro,Solo Daños,Choque,Impericia en el manejo,Diagonal 32 Transversal 36  Sur,Los Naranjos,Urbana,"(6.168258576, -75.58067017)"
2173824,12/20/2017,3:30 p.m.,Miércoles,Automovil,Particular,Conductor,Masculino,NO,Sin Registro,Solo Daños,Choque,Adelantar cerrando,Carrera 48 Calle 37  Sur,Las Vegas,Urbana,"(6.172859211, -75.59276992)"
2173824,12/20/2017,3:30 p.m.,Miércoles,Automovil,Particular,Conductor,Femenino,NO,Sin Registro,Solo Daños,Choque,Adelantar cerrando,Carrera 48 Calle 37  Sur,Las Vegas,Urbana,"(6.172859211, -75.59276992)"
2173804,12/20/2017,1:40 p.m.,Miércoles,Motocicleta,Particular,Motociclista,Masculino,NO,Sin Registro,Herido,Choque,Desobedecer senales,Transversal 32 A Sur Diagonal 32 B,La Magnolia,Urbana,"(6.175421467, -75.58335367)"
2173804,12/20/2017,1:40 p.m.,Miércoles,Automovil,Particular,Conductor,Masculino,NO,Sin Registro,Herido,Choque,Desobedecer senales,Transversal 32 A Sur Diagonal 32 B,La Magnolia,Urbana,"(6.175421467, -75.58335367)"
2173807,12/20/2017,5:30 p.m.,Miércoles,Automovil,Publico,Conductor,Masculino,NO,Sin Registro,Herido,Choque,Desobedecer senales,Transversal 33  Sur Diagonal 32 B,La Magnolia,Urbana,"(6.174391563, -75.58297356)"
2173807,12/20/2017,5:30 p.m.,Miércoles,Motocicleta,Particular,Motociclista,Masculino,NO,Sin Registro,Herido,Choque,Desobedecer senales,Transversal 33  Sur Diagonal 32 B,La Magnolia,Urbana,"(6.174391563, -75.58297356)"
2173820,12/20/2017,2:40 p.m.,Miércoles,Automovil,Publico,Conductor,Masculino,NO,Sin Registro,Herido,Atropello,Cruzar sin observar,Carrera 43 A Transversal 27 A Sur,Ponte Vedra,Urbana,"(6.178993539, -75.58360591)"
2173816,12/20/2017,9:50 p.m.,Miércoles,Automovil,Publico,Conductor,Masculino,NO,Sin Registro,Solo Daños,Choque,No respetar pelacion de interseccion o giros,Carrera 48 Calle 50  Sur,Las Vegas,Urbana,
2173816,12/20/2017,9:50 p.m.,Miércoles,Camioneta,Particular,Conductor,Masculino,NO,Sin Registro,Solo Daños,Choque,Adelantar invadiendo carril del mismo sentido en zigzag,Carrera 48 Calle 50  Sur,Las Vegas,Urbana,
2173816,12/20/2017,9:50 p.m.,Miércoles,Camioneta,Particular,Conductor,Masculino,NO,Sin Registro,Solo Daños,Choque,No respetar pelacion de interseccion o giros,Carrera 48 Calle 50  Sur,Las Vegas,Urbana,
2173816,12/20/2017,9:50 p.m.,Miércoles,Automovil,Publico,Conductor,Masculino,NO,Sin Registro,Solo Daños,Choque,Adelantar invadiendo carril del mismo sentido en zigzag,Carrera 48 Calle 50  Sur,Las Vegas,Urbana,
2173808,12/20/2017,4:50 p.m.,Miércoles,Automovil,Particular,Conductor,Masculino,NO,Sin Registro,Herido,Choque,No mantener distancia de seguridad,Tramo 373 Kilometro  12,Vereda Palmas,Rural,
2173808,12/20/2017,4:50 p.m.,Miércoles,Motocicleta,Particular,Motociclista,Masculino,NO,Sin Registro,Herido,Choque,No mantener distancia de seguridad,Tramo 373 Kilometro  12,Vereda Palmas,Rural,
2173831,12/21/2017,7:00 p.m.,Jueves,Bus,Publico,Conductor,Masculino,NO,Sin Registro,Solo Daños,Choque,Desobedecer senales,Carrera 42 Calle 33 B Sur,Zona Centro,Urbana,"(6.172431982, -75.58552861)"
2173831,12/21/2017,7:00 p.m.,Jueves,Automovil,Particular,Conductor,Femenino,NO,Sin Registro,Solo Daños,Choque,Desobedecer senales,Carrera 42 Calle 33 B Sur,Zona Centro,Urbana,"(6.172431982, -75.58552861)"
2173826,12/21/2017,8:10 a.m.,Jueves,Motocicleta,Particular,Motociclista,Femenino,NO,Sin Registro,Herido,Choque,Impericia en el manejo,Tramo 371 Kilometro  8,Vereda El Escobero,Rural,
2173826,12/21/2017,8:10 a.m.,Jueves,Motocicleta,Particular,Motociclista,Masculino,NO,Sin Registro,Herido,Choque,Impericia en el manejo,Tramo 371 Kilometro  8,Vereda El Escobero,Rural,
2173863,12/21/2017,8:00 p.m.,Jueves,Automovil,Particular,Conductor,Masculino,NO,Sin Registro,Solo Daños,Choque,No respetar prelacion,Calle 25  Sur Carrera 43 A,Zuñiga,Urbana,"(6.181560189, -75.58201649)"
2173863,12/21/2017,8:00 p.m.,Jueves,Campero,Particular,Conductor,Femenino,NO,Sin Registro,Solo Daños,Choque,No respetar prelacion,Calle 25  Sur Carrera 43 A,Zuñiga,Urbana,"(6.181560189, -75.58201649)"
2173802,12/21/2017,5:45 a.m.,Jueves,Motocicleta,Particular,Motociclista,Masculino,NO,Sin Registro,Herido,Caida Ocupante,Impericia en el manejo,Carrera 50 Calle 30  Sur,Las Vegas,Urbana,
2173860,12/21/2017,5:50 a.m.,Jueves,Automovil,Sin Registro,Conductor,Masculino,NO,Sin Registro,Herido,Choque,No mantener distancia de seguridad,Carrera 50 Calle 39  Sur,Las Vegas,Urbana,
2173860,12/21/2017,5:50 a.m.,Jueves,Motocicleta,Particular,Motociclista,Masculino,NO,Sin Registro,Herido,Choque,No mantener distancia de seguridad,Carrera 50 Calle 39  Sur,Las Vegas,Urbana,
2173860,12/21/2017,5:50 a.m.,Jueves,Motocicleta,Particular,Motociclista,Masculino,NO,Sin Registro,Herido,Choque,No mantener distancia de seguridad,Carrera 50 Calle 39  Sur,Las Vegas,Urbana,
2173832,12/21/2017,4:40 p.m.,Jueves,Bus,Publico,Conductor,Masculino,NO,Sin Registro,Solo Daños,Choque,Impericia en el manejo,Carrera 48 Calle 43  Sur,Las Vegas,Urbana,"(6.168335134, -75.59723358)"
2173832,12/21/2017,4:40 p.m.,Jueves,Motocicleta,Particular,Motociclista,Masculino,NO,Sin Registro,Solo Daños,Choque,Falta de señales en vehiculo varado,Carrera 48 Calle 43  Sur,Las Vegas,Urbana,"(6.168335134, -75.59723358)"
2173832,12/21/2017,4:40 p.m.,Jueves,Motocicleta,Particular,Motociclista,Masculino,NO,Sin Registro,Solo Daños,Choque,Impericia en el manejo,Carrera 48 Calle 43  Sur,Las Vegas,Urbana,"(6.168335134, -75.59723358)"
2173832,12/21/2017,4:40 p.m.,Jueves,Bus,Publico,Conductor,Masculino,NO,Sin Registro,Solo Daños,Choque,Falta de señales en vehiculo varado,Carrera 48 Calle 43  Sur,Las Vegas,Urbana,"(6.168335134, -75.59723358)"
2173841,12/21/2017,5:35 p.m.,Jueves,Camioneta,Particular,Conductor,Masculino,NO,Sin Registro,Solo Daños,Choque,Desobedecer senales,Diagonal 32 Transversal 34  Sur,La Magnolia,Urbana,"(6.173484731, -75.58169049)"
2173841,12/21/2017,5:35 p.m.,Jueves,Motocicleta,Particular,Motociclista,Masculino,NO,Sin Registro,Solo Daños,Choque,Desobedecer senales,Diagonal 32 Transversal 34  Sur,La Magnolia,Urbana,"(6.173484731, -75.58169049)"
2173827,12/21/2017,9:50 a.m.,Jueves,Motocicleta,Particular,Motociclista,Masculino,NO,Sin Registro,Solo Daños,Choque,Adelantar por la derecha,Calle 39  Sur Carrera 39,Mesa,Urbana,"(6.166978259, -75.58604492)"
2173827,12/21/2017,9:50 a.m.,Jueves,Automovil,Particular,Conductor,Masculino,NO,Sin Registro,Solo Daños,Choque,Adelantar por la derecha,Calle 39  Sur Carrera 39,Mesa,Urbana,"(6.166978259, -75.58604492)"
2173870,12/21/2017,5:50 p.m.,Jueves,Motocicleta,Particular,Motociclista,Masculino,NO,Sin Registro,Herido,Caida Ocupante,Impericia en el manejo,Carrera 27 D Calle 39 A Sur,El Chinguí,Urbana,"(6.160488462, -75.57920439)"
2173844,12/22/2017,1:00 p.m.,Viernes,Camioneta,Particular,Conductor,Masculino,NO,Sin Registro,Solo Daños,Choque,No mantener distancia de seguridad,Carrera 48 Calle 25 A Sur,Las Vegas,Urbana,"(6.184740152, -75.58365742)"
2173844,12/22/2017,1:00 p.m.,Viernes,Camioneta,Publico,Conductor,Masculino,NO,Sin Registro,Solo Daños,Choque,No mantener distancia de seguridad,Carrera 48 Calle 25 A Sur,Las Vegas,Urbana,"(6.184740152, -75.58365742)"
2173829,12/22/2017,7:20 p.m.,Viernes,Automovil,Particular,Conductor,Masculino,NO,Sin Registro,Solo Daños,Choque,Adelantar por la derecha,Carrera 43 A Calle 38  Sur,Zona Centro,Urbana,"(6.170421178, -75.58859877)"
2173829,12/22/2017,7:20 p.m.,Viernes,Motocicleta,Particular,Motociclista,Masculino,NO,Sin Registro,Solo Daños,Choque,Adelantar por la derecha,Carrera 43 A Calle 38  Sur,Zona Centro,Urbana,"(6.170421178, -75.58859877)"
2173845,12/22/2017,4:00 p.m.,Viernes,Automovil,Particular,Conductor,Masculino,NO,Sin Registro,Solo Daños,Choque,No mantener distancia de seguridad,Transversal 35 C Sur Diagonal 33,Los Naranjos,Urbana,"(6.169022177, -75.58192195)"
2173845,12/22/2017,4:00 p.m.,Viernes,Automovil,Particular,Conductor,Femenino,NO,Sin Registro,Solo Daños,Choque,No mantener distancia de seguridad,Transversal 35 C Sur Diagonal 33,Los Naranjos,Urbana,"(6.169022177, -75.58192195)"
2173835,12/22/2017,5:05 p.m.,Viernes,Camioneta,Particular,Conductor,Masculino,NO,Sin Registro,Solo Daños,Choque,No mantener distancia de seguridad,Carrera 45 Calle 46  Sur,Las Vegas,Urbana,
2173835,12/22/2017,5:05 p.m.,Viernes,Campero,Particular,Conductor,Masculino,NO,Sin Registro,Solo Daños,Choque,No mantener distancia de seguridad,Carrera 45 Calle 46  Sur,Las Vegas,Urbana,
2173830,12/22/2017,1:25 p.m.,Viernes,Bus,Publico,Conductor,Masculino,NO,Sin Registro,Herido,Atropello,Pasar semaforo en rojo,Carrera 43 A Calle 38  Sur,Zona Centro,Urbana,"(6.170421178, -75.58859877)"
2173823,12/22/2017,9:30 a.m.,Viernes,Motocicleta,Particular,Motociclista,Masculino,NO,Sin Registro,Herido,Choque,Exceso de velocidad,Tramo 371 Kilometro  0,Vereda El Escobero,Rural,
2173823,12/22/2017,9:30 a.m.,Viernes,Motocicleta,Particular,Motociclista,Masculino,NO,Sin Registro,Herido,Choque,Exceso de velocidad,Tramo 371 Kilometro  0,Vereda El Escobero,Rural,
2173847,12/22/2017,9:30 a.m.,Viernes,Motocicleta,Particular,Motociclista,Femenino,NO,Sin Registro,Herido,Caida Ocupante,Impericia en el manejo,Calle 21  Sur Carrera 43 A,Avenida El Poblado,Urbana,"(6.18399286, -75.57959764)"
2173833,12/22/2017,2:40 p.m.,Viernes,Motocicleta,Particular,Motociclista,Masculino,NO,Sin Registro,Solo Daños,Choque,No mantener distancia de seguridad,Carrera 48 Calle 25 AA Sur,Las Vegas,Urbana,"(6.183765745, -75.58469035)"
2173833,12/22/2017,2:40 p.m.,Viernes,Automovil,Particular,Conductor,Masculino,NO,Sin Registro,Solo Daños,Choque,No mantener distancia de seguridad,Carrera 48 Calle 25 AA Sur,Las Vegas,Urbana,"(6.183765745, -75.58469035)"
2173869,12/22/2017,2:45 p.m.,Viernes,Automovil,Particular,Conductor,Femenino,NO,Sin Registro,Solo Daños,Choque,Reverso imprudente,Carrera 43 A Calle 24  Sur,Avenida El Poblado,Urbana,"(6.181523119, -75.58079162)"
2173869,12/22/2017,2:45 p.m.,Viernes,Campero,Particular,Conductor,Masculino,NO,Sin Registro,Solo Daños,Choque,Reverso imprudente,Carrera 43 A Calle 24  Sur,Avenida El Poblado,Urbana,"(6.181523119, -75.58079162)"
2173855,12/22/2017,9:50 a.m.,Viernes,Camioneta,Particular,Conductor,Femenino,NO,Sin Registro,Herido,Choque,No mantener distancia de seguridad,Calle 37  Noreste Carrera 28,La Magnolia,Urbana,"(6.165679454, -75.57834042)"
2173855,12/22/2017,9:50 a.m.,Viernes,Automovil,Particular,Conductor,Femenino,NO,Sin Registro,Herido,Choque,No mantener distancia de seguridad,Calle 37  Noreste Carrera 28,La Magnolia,Urbana,"(6.165679454, -75.57834042)"
2173855,12/22/2017,9:50 a.m.,Viernes,Campero,Publico,Conductor,Masculino,NO,Sin Registro,Herido,Choque,No mantener distancia de seguridad,Calle 37  Noreste Carrera 28,La Magnolia,Urbana,"(6.165679454, -75.57834042)"
2173839,12/23/2017,8:00 p.m.,Sábado,Bicicleta,Sin Registro,Ciclista,Masculino,NO,Sin Registro,Herido,Atropello,Impericia en el manejo,Calle 40 F Sur Carrera 36,San Jose,Urbana,"(6.16111564, -75.58477008)"
2173868,12/23/2017,1:10 a.m.,Sábado,Motocicleta,Particular,Motociclista,Masculino,NO,Sin Registro,Herido,Choque,Semaforo en rojo,Calle 36  Sur Carrera 40,Zona Centro,Urbana,"(6.170187625, -75.58505766)"
2173868,12/23/2017,1:10 a.m.,Sábado,Automovil,Particular,Conductor,Masculino,NO,Sin Registro,Herido,Choque,Semaforo en rojo,Calle 36  Sur Carrera 40,Zona Centro,Urbana,"(6.170187625, -75.58505766)"
2173828,12/23/2017,10:10 a.m.,Sábado,Campero,Particular,Conductor,Masculino,NO,Sin Registro,Solo Daños,Choque,Arrancar sin precaucion,Diagonal 31 E Transversal 34 C Sur,Los Naranjos,Urbana,"(6.17232973, -75.57930222)"
2173828,12/23/2017,10:10 a.m.,Sábado,Automovil,Particular,Conductor,Masculino,NO,Sin Registro,Solo Daños,Choque,Arrancar sin precaucion,Diagonal 31 E Transversal 34 C Sur,Los Naranjos,Urbana,"(6.17232973, -75.57930222)"
2173836,12/23/2017,10:20 a.m.,Sábado,Campero,Particular,Conductor,Masculino,NO,Sin Registro,Solo Daños,Choque,Impericia en el manejo,Calle 41 A Sur Carrera 27 A,San Rafael,Urbana,"(6.157635996, -75.5832756)"
2173836,12/23/2017,10:20 a.m.,Sábado,Automovil,Particular,Conductor,Masculino,NO,Sin Registro,Solo Daños,Choque,Impericia en el manejo,Calle 41 A Sur Carrera 27 A,San Rafael,Urbana,"(6.157635996, -75.5832756)"
2173840,12/23/2017,1:30 p.m.,Sábado,Automovil,Particular,Conductor,Femenino,NO,Sin Registro,Solo Daños,Choque,Desobedecer senales,Calle 30 A Sur Carrera 44 A,Jardines,Urbana,"(6.177125457, -75.58608593)"
2173861,12/23/2017,1:35 p.m.,Sábado,Automovil,Publico,Conductor,Masculino,NO,Sin Registro,Solo Daños,Choque,No mantener distancia de seguridad,Carrera 40 Calle 35  Sur,Zona Centro,Urbana,"(6.170776136, -75.58458325)"
2173861,12/23/2017,1:35 p.m.,Sábado,Motocicleta,Particular,Motociclista,Masculino,NO,Sin Registro,Solo Daños,Choque,No mantener distancia de seguridad,Carrera 40 Calle 35  Sur,Zona Centro,Urbana,"(6.170776136, -75.58458325)"
2173862,12/23/2017,9:30 a.m.,Sábado,Camion,Publico,Conductor,Masculino,NO,Sin Registro,Solo Daños,Choque,Exceso de peso,Calle 25  Sur Carrera 46,Zuñiga,Urbana,"(6.183044029, -75.5826185)"
2173854,12/23/2017,4:30 p.m.,Sábado,Camioneta,Particular,Conductor,Masculino,NO,Sin Registro,Solo Daños,Choque,No mantener distancia de seguridad,Tramo 373 Kilometro  7,Vereda Palmas,Rural,
2173854,12/23/2017,4:30 p.m.,Sábado,Automovil,Particular,Conductor,Masculino,NO,Sin Registro,Solo Daños,Choque,No mantener distancia de seguridad,Tramo 373 Kilometro  7,Vereda Palmas,Rural,
2173865,12/23/2017,9:30 p.m.,Sábado,Motocicleta,Particular,Motociclista,Masculino,NO,Sin Registro,Solo Daños,Choque,No mantener distancia de seguridad,Carrera 43 A Calle 30  Sur,Avenida El Poblado,Urbana,"(6.177072638, -75.58533615)"
2173865,12/23/2017,9:30 p.m.,Sábado,Automovil,Publico,Conductor,Masculino,NO,Sin Registro,Solo Daños,Choque,No mantener distancia de seguridad,Carrera 43 A Calle 30  Sur,Avenida El Poblado,Urbana,"(6.177072638, -75.58533615)"
2173857,12/23/2017,6:50 a.m.,Sábado,Camioneta,Particular,Conductor,Masculino,NO,Sin Registro,Solo Daños,Choque,No mantener distancia de seguridad,Carrera 50 Calle 32  Sur,Las Vegas,Urbana,"(6.178248378, -75.59168828)"
2173857,12/23/2017,6:50 a.m.,Sábado,Camioneta,Particular,Conductor,Masculino,NO,Sin Registro,Solo Daños,Choque,No mantener distancia de seguridad,Carrera 50 Calle 32  Sur,Las Vegas,Urbana,"(6.178248378, -75.59168828)"
2173866,12/23/2017,12:45 p.m.,Sábado,Camioneta,Particular,Conductor,Masculino,NO,Sin Registro,Solo Daños,Choque,Impericia en el manejo,Carrera 45 Calle 33  Sur,San Marcos,Urbana,"(6.174473083, -75.58768354)"
2173866,12/23/2017,12:45 p.m.,Sábado,Automovil,Particular,Conductor,Masculino,NO,Sin Registro,Solo Daños,Choque,Impericia en el manejo,Carrera 45 Calle 33  Sur,San Marcos,Urbana,"(6.174473083, -75.58768354)"
2173825,12/23/2017,1:30 a.m.,Sábado,Automovil,Particular,Conductor,Masculino,NO,Sin Registro,Solo Daños,Choque,No mantener distancia de seguridad,Carrera 43 A Calle 16 A Sur,Avenida El Poblado,Urbana,
2173825,12/23/2017,1:30 a.m.,Sábado,Motocicleta,Particular,Motociclista,Masculino,NO,Sin Registro,Solo Daños,Choque,No mantener distancia de seguridad,Carrera 43 A Calle 16 A Sur,Avenida El Poblado,Urbana,
2173842,12/23/2017,3:50 p.m.,Sábado,Automovil,Particular,Conductor,Masculino,NO,Sin Registro,Solo Daños,Choque,Impericia en el manejo,Calle 45 B Sur Carrera 42 B,La Paz,Urbana,"(6.163155121, -75.59370839)"
2173842,12/23/2017,3:50 p.m.,Sábado,Automovil,Particular,Conductor,Masculino,NO,Sin Registro,Solo Daños,Choque,No mantener distancia de seguridad,Calle 45 B Sur Carrera 42 B,La Paz,Urbana,"(6.163155121, -75.59370839)"
2173842,12/23/2017,3:50 p.m.,Sábado,Automovil,Particular,Conductor,Masculino,NO,Sin Registro,Solo Daños,Choque,Impericia en el manejo,Calle 45 B Sur Carrera 42 B,La Paz,Urbana,"(6.163155121, -75.59370839)"
2173842,12/23/2017,3:50 p.m.,Sábado,Automovil,Particular,Conductor,Masculino,NO,Sin Registro,Solo Daños,Choque,No mantener distancia de seguridad,Calle 45 B Sur Carrera 42 B,La Paz,Urbana,"(6.163155121, -75.59370839)"
2173874,12/23/2017,3:50 p.m.,Sábado,Automovil,Publico,Conductor,Masculino,NO,Sin Registro,Solo Daños,Choque,Desobedecer senales,Carrera 42 Calle 35  Sur,Zona Centro,Urbana,"(6.171623749, -75.58604338)"
2173874,12/23/2017,3:50 p.m.,Sábado,Automovil,Particular,Conductor,Masculino,NO,Sin Registro,Solo Daños,Choque,Desobedecer senales,Carrera 42 Calle 35  Sur,Zona Centro,Urbana,"(6.171623749, -75.58604338)"
2173837,12/24/2017,12:30 p.m.,Domingo,Motocicleta,Particular,Motociclista,Masculino,NO,Sin Registro,Herido,Caida Ocupante,Impericia en el manejo,Tramo 371 Kilometro  3,Vereda El Escobero,Rural,
2173834,12/24/2017,9:20 p.m.,Domingo,Motocicleta,Particular,Motociclista,Masculino,NO,Sin Registro,Herido,Choque,Exceso de velocidad,Calle 40 C Sur Carrera 24,El Salado,Urbana,"(6.160404351, -75.58251503)"
2173834,12/24/2017,9:20 p.m.,Domingo,Motocicleta,Particular,Motociclista,Masculino,NO,Sin Registro,Herido,Choque,Exceso de velocidad,Calle 40 C Sur Carrera 24,El Salado,Urbana,"(6.160404351, -75.58251503)"
2173838,12/24/2017,2:30 a.m.,Domingo,Automovil,Particular,Conductor,Masculino,NO,Sin Registro,Solo Daños,Choque,No mantener distancia de seguridad,Carrera 50 Calle 39  Sur,Las Vegas,Urbana,
2173838,12/24/2017,2:30 a.m.,Domingo,Campero,Particular,Conductor,Masculino,NO,Sin Registro,Solo Daños,Choque,No mantener distancia de seguridad,Carrera 50 Calle 39  Sur,Las Vegas,Urbana,
2173859,12/25/2017,1:00 p.m.,Lunes,Motocicleta,Particular,Motociclista,Femenino,NO,Sin Registro,Herido,Choque,Salirse de la calzada,Tramo 12 Kilometro  17,Vereda Palmas,Rural,
2173864,12/25/2017,1:10 a.m.,Lunes,Motocicleta,Particular,Motociclista,Masculino,NO,Sin Registro,Herido,Choque,Transitar en contravia,Diagonal 31 Calle 35 B Sur,Manuel Uribe Angel,Urbana,"(6.169485787, -75.57974501)"
2173864,12/25/2017,1:10 a.m.,Lunes,Motocicleta,Diplomatico,Motociclista,Masculino,NO,Sin Registro,Herido,Choque,Transitar en contravia,Diagonal 31 Calle 35 B Sur,Manuel Uribe Angel,Urbana,"(6.169485787, -75.57974501)"
2173864,12/25/2017,1:10 a.m.,Lunes,Automovil,Publico,Conductor,Masculino,NO,Sin Registro,Herido,Choque,Transitar en contravia,Diagonal 31 Calle 35 B Sur,Manuel Uribe Angel,Urbana,"(6.169485787, -75.57974501)"
2173852,12/25/2017,8:15 p.m.,Lunes,Automovil,Particular,Conductor,Masculino,NO,Sin Registro,Solo Daños,Choque,No mantener distancia de seguridad,Calle 46  Sur Carrera 42 B,La Paz,Urbana,"(6.162405159, -75.59434952)"
2173852,12/25/2017,8:15 p.m.,Lunes,Automovil,Particular,Conductor,Masculino,NO,Sin Registro,Solo Daños,Choque,No mantener distancia de seguridad,Calle 46  Sur Carrera 42 B,La Paz,Urbana,"(6.162405159, -75.59434952)"
2173872,12/25/2017,7:20 a.m.,Lunes,Motocicleta,Particular,Motociclista,Masculino,SI,2,Herido,Atropello,Impericia en el manejo,Carrera 28 Calle 40 E Sur,San Jose,Urbana,"(6.160203178, -75.58134067)"
2173872,12/25/2017,7:20 a.m.,Lunes,Motocicleta,Particular,Motociclista,Masculino,SI,2,Herido,Atropello,Embriaguez o droga,Carrera 28 Calle 40 E Sur,San Jose,Urbana,"(6.160203178, -75.58134067)"
2180085,12/26/2017,7:00 p.m.,Martes,Automovil,Particular,Conductor,Masculino,NO,Sin Registro,Solo Daños,Choque,Adelantar invadiendo carril del mismo sentido en zigzag,Calle 38  Sur Carrera 42,Zona Centro,Urbana,"(6.16961293, -75.58738469)"
2180085,12/26/2017,7:00 p.m.,Martes,Automovil,Particular,Conductor,Masculino,NO,Sin Registro,Solo Daños,Choque,Adelantar invadiendo carril del mismo sentido en zigzag,Calle 38  Sur Carrera 42,Zona Centro,Urbana,"(6.16961293, -75.58738469)"
2173853,12/26/2017,7:00 a.m.,Martes,Motocicleta,Particular,Motociclista,Masculino,NO,Sin Registro,Solo Daños,Choque,No respetar pelacion de interseccion o giros,Carrera 27 Calle 36 D Sur,Vereda El Escobero,Urbana,"(6.167009975, -75.56927808)"
2173853,12/26/2017,7:00 a.m.,Martes,Campero,Particular,Conductor,Masculino,NO,Sin Registro,Solo Daños,Choque,No respetar pelacion de interseccion o giros,Carrera 27 Calle 36 D Sur,Vereda El Escobero,Urbana,"(6.167009975, -75.56927808)"
2173858,12/26/2017,11:00 a.m.,Martes,Motocicleta,Particular,Motociclista,Masculino,NO,Sin Registro,Solo Daños,Choque,Fallas en la tapa del motor,Calle 37  Sur Carrera 49,Las Vegas,Urbana,"(6.174789471, -75.59420424)"
2173858,12/26/2017,11:00 a.m.,Martes,Motocicleta,Particular,Motociclista,Masculino,NO,Sin Registro,Solo Daños,Choque,Fallas en la tapa del motor,Calle 37  Sur Carrera 49,Las Vegas,Urbana,"(6.174789471, -75.59420424)"
2173843,12/26/2017,2:20 a.m.,Martes,Automovil,Particular,Conductor,Masculino,NO,Sin Registro,Solo Daños,Choque,Impericia en el manejo,Carrera 40 Calle 37  Sur,Zona Centro,Urbana,"(6.169323846, -75.58548622)"