RADICADO,FECHA,HORA,DÍA DE LA SEMANA,CLASE DE VEHICULO,TIPO DE SERVICIO,TIPO DE VICTIMA,SEXO,ESTADO DE BEODEZ,RESULTADO DE BEODEZ,GRAVEDAD,CLASE DE ACCIDENTE,CAUSA,DIRECCIÓN,BARRIO,AREA,Coordenadas
2153619,02/01/2016,7:20 p.m.,Sábado,Motocicleta,Particular,Motociclista,Masculino,No,Sin Registro,Herido,Caida Ocupante,Otra,Tramo 371 Kilometro  11,Vereda El Escobero,Rural,
2173877,12/26/2017,8:30 p.m.,Martes,Automovil,Particular,Conductor,Masculino,NO,Sin Registro,Solo Daños,Choque,No mantener distancia de seguridad,Carrera 48 Calle 43  Sur,Las Vegas,Urbana,"(6.168335134, -75.59723358)"
2173877,12/26/2017,8:30 p.m.,Martes,Camioneta,Particular,Conductor,Masculino,NO,Sin Registro,Solo Daños,Choque,No mantener distancia de seguridad,Carrera 48 Calle 43  Sur,Las Vegas,Urbana,"(6.168335134, -75.59723358)"
2173867,12/26/2017,8:50 p.m.,Martes,Bus,Publico,Conductor,Masculino,NO,Sin Registro,Herido,Caida Ocupante,Poner en marcha un vehiculo sin precauci,Carrera 43 A Calle 35  Sur,Zona Centro,Urbana,"(6.172381022, -75.58730875)"
2173875,12/26/2017,3:30 p.m.,Martes,Motocicleta,Particular,Motociclista,Masculino,NO,Sin Registro,Herido,Atropello,Impericia en el manejo,Carrera 26 Calle 41  Sur,San Rafael,Urbana,"(6.156404508, -75.58304441)"
2173846,12/26/2017,8:41 a.m.,Martes,Bus,Publico,Conductor,Masculino,NO,Sin Registro,Muerto,Choque,Desobedecer senales,Calle 39 B Sur Carrera 29,San Jose,Urbana,"(6.161392412, -75.58070734)"
2173846,12/26/2017,8:41 a.m.,Martes,Bicicleta,Sin Registro,Ciclista,Masculino,NO,Sin Registro,Muerto,Choque,Desobedecer senales,Calle 39 B Sur Carrera 29,San Jose,Urbana,"(6.161392412, -75.58070734)"
2173851,12/26/2017,6:30 p.m.,Martes,Camioneta,Particular,Conductor,Masculino,NO,Sin Registro,Solo Daños,Choque,Impericia en el manejo,Carrera 48 Calle 25 AA Sur,Las Vegas,Urbana,"(6.183765745, -75.58469035)"
2173851,12/26/2017,6:30 p.m.,Martes,Camioneta,Particular,Conductor,Femenino,NO,Sin Registro,Solo Daños,Choque,Impericia en el manejo,Carrera 48 Calle 25 AA Sur,Las Vegas,Urbana,"(6.183765745, -75.58469035)"
2173850,12/26/2017,4:45 p.m.,Martes,Camion,Publico,Conductor,Masculino,NO,Sin Registro,Solo Daños,Choque,Reverso imprudente,Calle 39  Sur Carrera 48,Las Vegas,Urbana,"(6.17373153, -75.59688397)"
2173850,12/26/2017,4:45 p.m.,Martes,Tractocamion,Publico,Conductor,Masculino,NO,Sin Registro,Solo Daños,Choque,No respetar pelacion de interseccion o giros,Calle 39  Sur Carrera 48,Las Vegas,Urbana,"(6.17373153, -75.59688397)"
2173850,12/26/2017,4:45 p.m.,Martes,Tractocamion,Publico,Conductor,Masculino,NO,Sin Registro,Solo Daños,Choque,Reverso imprudente,Calle 39  Sur Carrera 48,Las Vegas,Urbana,"(6.17373153, -75.59688397)"
2173850,12/26/2017,4:45 p.m.,Martes,Camion,Publico,Conductor,Masculino,NO,Sin Registro,Solo Daños,Choque,No respetar pelacion de interseccion o giros,Calle 39  Sur Carrera 48,Las Vegas,Urbana,"(6.17373153, -75.59688397)"
2173873,12/26/2017,10:05 p.m.,Martes,Automovil,Particular,Conductor,Masculino,NO,Sin Registro,Solo Daños,Choque,Adelantar en zona prohibida,Calle 40 AA Sur Carrera 32,San Jose,Urbana,"(6.164232301, -75.58527826)"
2173873,12/26/2017,10:05 p.m.,Martes,Motocicleta,Particular,Motociclista,Masculino,NO,Sin Registro,Solo Daños,Choque,Adelantar en zona prohibida,Calle 40 AA Sur Carrera 32,San Jose,Urbana,"(6.164232301, -75.58527826)"
2173856,12/26/2017,9:50 a.m.,Martes,Motocicleta,Particular,Motociclista,Masculino,NO,Sin Registro,Solo Daños,Choque,No mantener distancia de seguridad,Carrera 43 A Calle 23  Sur,Zuñiga,Urbana,"(6.182555831, -75.58017793)"
2173856,12/26/2017,9:50 a.m.,Martes,Automovil,Diplomatico,Conductor,Masculino,NO,Sin Registro,Solo Daños,Choque,No mantener distancia de seguridad,Carrera 43 A Calle 23  Sur,Zuñiga,Urbana,"(6.182555831, -75.58017793)"
2173849,12/26/2017,11:50 a.m.,Martes,Automovil,Particular,Conductor,Masculino,NO,Sin Registro,Solo Daños,Choque,Arrancar sin precaucion,Calle 21  Sur Carrera 41 B,Zuñiga,Urbana,"(6.183370967, -75.57885465)"
2173849,12/26/2017,11:50 a.m.,Martes,Camioneta,Particular,Conductor,Femenino,NO,Sin Registro,Solo Daños,Choque,No mantener distancia de seguridad,Calle 21  Sur Carrera 41 B,Zuñiga,Urbana,"(6.183370967, -75.57885465)"
2173849,12/26/2017,11:50 a.m.,Martes,Camioneta,Particular,Conductor,Femenino,NO,Sin Registro,Solo Daños,Choque,Arrancar sin precaucion,Calle 21  Sur Carrera 41 B,Zuñiga,Urbana,"(6.183370967, -75.57885465)"
2173849,12/26/2017,11:50 a.m.,Martes,Automovil,Particular,Conductor,Masculino,NO,Sin Registro,Solo Daños,Choque,No mantener distancia de seguridad,Calle 21  Sur Carrera 41 B,Zuñiga,Urbana,"(6.183370967, -75.57885465)"
2173871,12/26/2017,3:50 p.m.,Martes,Automovil,Particular,Conductor,Femenino,NO,Sin Registro,Solo Daños,Choque,No mantener distancia de seguridad,Carrera 48 Calle 50  Sur,Las Vegas,Urbana,
2173871,12/26/2017,3:50 p.m.,Martes,Automovil,Particular,Conductor,Masculino,NO,Sin Registro,Solo Daños,Choque,No mantener distancia de seguridad,Carrera 48 Calle 50  Sur,Las Vegas,Urbana,
2173881,12/27/2017,12:30 p.m.,Miércoles,Automovil,Particular,Conductor,Masculino,NO,Sin Registro,Solo Daños,Choque,No mantener distancia de seguridad,Carrera 50 Calle 37  Sur,Las Vegas,Urbana,
2173881,12/27/2017,12:30 p.m.,Miércoles,Motocicleta,Particular,Motociclista,Masculino,NO,Sin Registro,Solo Daños,Choque,No mantener distancia de seguridad,Carrera 50 Calle 37  Sur,Las Vegas,Urbana,
2173882,12/27/2017,11:45 a.m.,Miércoles,Automovil,Publico,Conductor,Masculino,NO,Sin Registro,Solo Daños,Choque,Desobedecer senales,Calle 38  Sur Carrera 36,Mesa,Urbana,"(6.167371692, -75.58367367)"
2173882,12/27/2017,11:45 a.m.,Miércoles,Camioneta,Publico,Conductor,Masculino,NO,Sin Registro,Solo Daños,Choque,Desobedecer senales,Calle 38  Sur Carrera 36,Mesa,Urbana,"(6.167371692, -75.58367367)"
2173879,12/27/2017,2:45 p.m.,Miércoles,Automovil,Particular,Conductor,Femenino,NO,Sin Registro,Solo Daños,Choque,No mantener distancia de seguridad,Calle 25 AA Sur Carrera 49,Las Vegas,Urbana,"(6.182478523, -75.58331336)"
2173879,12/27/2017,2:45 p.m.,Miércoles,Automovil,Particular,Conductor,Masculino,NO,Sin Registro,Solo Daños,Choque,No mantener distancia de seguridad,Calle 25 AA Sur Carrera 49,Las Vegas,Urbana,"(6.182478523, -75.58331336)"
2173876,12/27/2017,10:10 p.m.,Miércoles,Motocicleta,Particular,Motociclista,Masculino,NO,Sin Registro,Solo Daños,Choque,Adelantar por la derecha,Carrera 49 Calle 25  Sur,Zuñiga,Urbana,"(6.18641241, -75.58506296)"
2173876,12/27/2017,10:10 p.m.,Miércoles,Campero,Particular,Conductor,Masculino,NO,Sin Registro,Solo Daños,Choque,Adelantar por la derecha,Carrera 49 Calle 25  Sur,Zuñiga,Urbana,"(6.18641241, -75.58506296)"
2173903,12/28/2017,7:10 p.m.,Jueves,Automovil,Particular,Conductor,Masculino,NO,Sin Registro,Solo Daños,Choque,No mantener distancia de seguridad,Calle 37  Sur Carrera 32,Mesa,Urbana,"(6.166691719, -75.58118599)"
2173903,12/28/2017,7:10 p.m.,Jueves,Automovil,Particular,Conductor,Femenino,NO,Sin Registro,Solo Daños,Choque,No mantener distancia de seguridad,Calle 37  Sur Carrera 32,Mesa,Urbana,"(6.166691719, -75.58118599)"
2173886,12/28/2017,2:00 p.m.,Jueves,Automovil,Publico,Conductor,Masculino,NO,Sin Registro,Solo Daños,Choque,Reverso imprudente,Calle 40  Sur Carrera 25 AA,El Salado,Urbana,"(6.154521155, -75.57912616)"
2180016,12/28/2017,2:00 p.m.,Jueves,Motocicleta,Particular,Motociclista,Masculino,NO,Sin Registro,Herido,Choque,Girar bruscamente,Carrera 49 Calle 43  Sur,Las Vegas,Urbana,"(6.160925818, -75.59998009)"
2180016,12/28/2017,2:00 p.m.,Jueves,Motocicleta,Particular,Motociclista,Masculino,NO,Sin Registro,Herido,Choque,Girar bruscamente,Carrera 49 Calle 43  Sur,Las Vegas,Urbana,"(6.160925818, -75.59998009)"
2173883,12/28/2017,7:10 a.m.,Jueves,Bus,Publico,Conductor,Masculino,NO,Sin Registro,Solo Daños,Choque,No mantener distancia de seguridad,Calle 25  Sur Carrera 48,Zuñiga,Urbana,
2173883,12/28/2017,7:10 a.m.,Jueves,Automovil,Publico,Conductor,Masculino,NO,Sin Registro,Solo Daños,Choque,No mantener distancia de seguridad,Calle 25  Sur Carrera 48,Zuñiga,Urbana,
2173902,12/28/2017,7:55 p.m.,Jueves,Bus,Publico,Conductor,Masculino,NO,Sin Registro,Solo Daños,Choque,Adelantar en curva,Calle 40  Sur Carrera 24 B,El Salado,Urbana,"(6.144233183, -75.57634343)"
2173902,12/28/2017,7:55 p.m.,Jueves,Bus,Publico,Conductor,Masculino,NO,Sin Registro,Solo Daños,Choque,Adelantar en curva,Calle 40  Sur Carrera 24 B,El Salado,Urbana,"(6.144233183, -75.57634343)"
2181866,12/28/2017,8:30 p.m.,Jueves,Automovil,Particular,Conductor,Femenino,NO,Sin Registro,Solo Daños,Choque,Reverso imprudente,Carrera 43 Calle 43  Sur,San Marcos,Urbana,
2181866,12/28/2017,8:30 p.m.,Jueves,Automovil,Sin Registro,Conductor,Sin Registro,NO,Sin Registro,Solo Daños,Choque,Reverso imprudente,Carrera 43 Calle 43  Sur,San Marcos,Urbana,
2173887,12/28/2017,8:40 p.m.,Jueves,Camioneta,Particular,Conductor,Masculino,NO,Sin Registro,Solo Daños,Choque,Desobedecer senales,Transversal 32 A Sur Diagonal 32 D,La Magnolia,Urbana,"(6.175175529, -75.58409116)"
2173887,12/28/2017,8:40 p.m.,Jueves,Campero,Particular,Conductor,Masculino,NO,Sin Registro,Solo Daños,Choque,Desobedecer senales,Transversal 32 A Sur Diagonal 32 D,La Magnolia,Urbana,"(6.175175529, -75.58409116)"
2173904,12/28/2017,4:40 p.m.,Jueves,Bus,Publico,Conductor,Masculino,NO,Sin Registro,Solo Daños,Choque,Desobedecer senales,Carrera 43 Calle 33  Sur,La Magnolia,Urbana,"(6.173540656, -75.58568337)"
2173904,12/28/2017,4:40 p.m.,Jueves,Automovil,Particular,Conductor,Femenino,NO,Sin Registro,Solo Daños,Choque,Desobedecer senales,Carrera 43 Calle 33  Sur,La Magnolia,Urbana,"(6.173540656, -75.58568337)"
2173905,12/28/2017,9:45 a.m.,Jueves,Bus,Publico,Conductor,Masculino,NO,Sin Registro,Solo Daños,Choque,Reverso imprudente,Diagonal 31 Transversal 36 A Sur,La Pradera,Urbana,"(6.167967817, -75.58028177)"
2173905,12/28/2017,9:45 a.m.,Jueves,Automovil,Particular,Conductor,Femenino,NO,Sin Registro,Solo Daños,Choque,Reverso imprudente,Diagonal 31 Transversal 36 A Sur,La Pradera,Urbana,"(6.167967817, -75.58028177)"
2173885,12/28/2017,10:50 a.m.,Jueves,Automovil,Particular,Conductor,Masculino,NO,Sin Registro,Solo Daños,Choque,Impericia en el manejo,Calle 40  Sur Carrera 27,San Jose,Urbana,"(6.158366235, -75.58080793)"
2173885,12/28/2017,10:50 a.m.,Jueves,Automovil,Particular,Conductor,Femenino,NO,Sin Registro,Solo Daños,Choque,Impericia en el manejo,Calle 40  Sur Carrera 27,San Jose,Urbana,"(6.158366235, -75.58080793)"
2173885,12/28/2017,10:50 a.m.,Jueves,Motocicleta,Particular,Motociclista,Masculino,NO,Sin Registro,Solo Daños,Choque,Impericia en el manejo,Calle 40  Sur Carrera 27,San Jose,Urbana,"(6.158366235, -75.58080793)"
2173890,12/29/2017,7:25 p.m.,Viernes,Bus,Publico,Conductor,Masculino,NO,Sin Registro,Solo Daños,Choque,Impericia en el manejo,Calle 40  Sur Carrera 24 EE,El Salado,Urbana,"(6.14985354, -75.57706044)"
2173890,12/29/2017,7:25 p.m.,Viernes,Motocicleta,Particular,Motociclista,Masculino,NO,Sin Registro,Solo Daños,Choque,Impericia en el manejo,Calle 40  Sur Carrera 24 EE,El Salado,Urbana,"(6.14985354, -75.57706044)"
2173900,12/29/2017,3:00 p.m.,Viernes,Automovil,Particular,Conductor,Masculino,NO,Sin Registro,Herido,Choque,Adelantar cerrando,Carrera 48 Calle 43  Sur,Las Vegas,Urbana,"(6.168335134, -75.59723358)"
2173900,12/29/2017,3:00 p.m.,Viernes,Motocicleta,Particular,Motociclista,Masculino,NO,Sin Registro,Herido,Choque,Adelantar cerrando,Carrera 48 Calle 43  Sur,Las Vegas,Urbana,"(6.168335134, -75.59723358)"
2173900,12/29/2017,3:00 p.m.,Viernes,Automovil,Particular,Conductor,Masculino,NO,Sin Registro,Herido,Choque,Adelantar cerrando,Carrera 48 Calle 43  Sur,Las Vegas,Urbana,"(6.168335134, -75.59723358)"
2173907,12/29/2017,10:00 a.m.,Viernes,Automovil,Particular,Conductor,Masculino,NO,Sin Registro,Solo Daños,Choque,Impericia en el manejo,Carrera 43 A Calle 21  Sur,Zuñiga,Urbana,"(6.183599544, -75.57940986)"
2173907,12/29/2017,10:00 a.m.,Viernes,Motocicleta,Particular,Motociclista,Masculino,NO,Sin Registro,Solo Daños,Choque,Impericia en el manejo,Carrera 43 A Calle 21  Sur,Zuñiga,Urbana,"(6.183599544, -75.57940986)"
2173888,12/29/2017,7:40 p.m.,Viernes,Bus,Publico,Conductor,Masculino,NO,Sin Registro,Solo Daños,Choque,Subirse al anden o vias peatonales,Carrera 46 Calle 49 D Sur,Las Casitas,Urbana,"(6.161790214, -75.60250156)"
2173888,12/29/2017,7:40 p.m.,Viernes,Automovil,Particular,Conductor,Masculino,NO,Sin Registro,Solo Daños,Choque,Subirse al anden o vias peatonales,Carrera 46 Calle 49 D Sur,Las Casitas,Urbana,"(6.161790214, -75.60250156)"
2173880,12/29/2017,7:10 a.m.,Viernes,Motocicleta,Particular,Motociclista,Masculino,NO,Sin Registro,Herido,Choque,Poner en marcha un vehiculo sin precauci,Calle 38  Sur Carrera 41,Zona Centro,Urbana,"(6.169244976, -75.58658807)"
2173880,12/29/2017,7:10 a.m.,Viernes,Motocicleta,Particular,Motociclista,Masculino,NO,Sin Registro,Herido,Choque,Poner en marcha un vehiculo sin precauci,Calle 38  Sur Carrera 41,Zona Centro,Urbana,"(6.169244976, -75.58658807)"
2180004,12/29/2017,8:30 p.m.,Viernes,Automovil,Publico,Conductor,Masculino,NO,Sin Registro,Herido,Choque,Adelantar en zona prohibida,Carrera 48 Calle 39  Sur,Las Vegas,Urbana,"(6.17163722, -75.59364999)"
2180004,12/29/2017,8:30 p.m.,Viernes,Motocicleta,Particular,Motociclista,Masculino,NO,Sin Registro,Herido,Choque,Adelantar en zona prohibida,Carrera 48 Calle 39  Sur,Las Vegas,Urbana,"(6.17163722, -75.59364999)"
2173906,12/29/2017,3:35 p.m.,Viernes,Campero,Particular,Conductor,Masculino,NO,Sin Registro,Solo Daños,Choque,Adelantar invadiendo carril del mismo sentido en zigzag,Calle 38  Sur Carrera 43,Zona Centro,Urbana,"(6.170061667, -75.58783913)"
2173891,12/29/2017,9:30 a.m.,Viernes,Automovil,Particular,Conductor,Masculino,NO,Sin Registro,Solo Daños,Choque,Adelantar cerrando,Carrera 43 A Calle 41 B Sur,El Dorado,Urbana,"(6.16628795, -75.59295223)"
2173906,12/29/2017,3:35 p.m.,Viernes,Camioneta,Particular,Conductor,Masculino,NO,Sin Registro,Solo Daños,Choque,Adelantar invadiendo carril del mismo sentido en zigzag,Calle 38  Sur Carrera 43,Zona Centro,Urbana,"(6.170061667, -75.58783913)"
2173891,12/29/2017,9:30 a.m.,Viernes,Camioneta,Particular,Conductor,Masculino,NO,Sin Registro,Solo Daños,Choque,Adelantar cerrando,Carrera 43 A Calle 41 B Sur,El Dorado,Urbana,"(6.16628795, -75.59295223)"
2173892,12/29/2017,11:45 a.m.,Viernes,Automovil,Publico,Conductor,Masculino,NO,Sin Registro,Solo Daños,Choque,No mantener distancia de seguridad,Calle 38  Sur Carrera 39,Zona Centro,Urbana,"(6.16839174, -75.5852478)"
2173892,12/29/2017,11:45 a.m.,Viernes,Camioneta,Particular,Conductor,Masculino,NO,Sin Registro,Solo Daños,Choque,No mantener distancia de seguridad,Calle 38  Sur Carrera 39,Zona Centro,Urbana,"(6.16839174, -75.5852478)"
2173916,12/29/2017,10:40 a.m.,Viernes,Camioneta,Particular,Conductor,Femenino,NO,Sin Registro,Solo Daños,Choque,Impericia en el manejo,Tramo 12 Kilometro  0,Vereda Palmas,Rural,
2173916,12/29/2017,10:40 a.m.,Viernes,Camioneta,Particular,Conductor,Masculino,NO,Sin Registro,Solo Daños,Choque,Impericia en el manejo,Tramo 12 Kilometro  0,Vereda Palmas,Rural,
2173916,12/29/2017,10:40 a.m.,Viernes,Automovil,Particular,Conductor,Masculino,NO,Sin Registro,Solo Daños,Choque,Impericia en el manejo,Tramo 12 Kilometro  0,Vereda Palmas,Rural,
2173894,12/29/2017,4:50 p.m.,Viernes,Bus,Publico,Conductor,Masculino,NO,Sin Registro,Solo Daños,Choque,No mantener distancia de seguridad,Calle 40  Sur Carrera 44,Alcala,Urbana,"(6.168120304, -75.59095621)"
2173894,12/29/2017,4:50 p.m.,Viernes,Campero,Particular,Conductor,Masculino,NO,Sin Registro,Solo Daños,Choque,No mantener distancia de seguridad,Calle 40  Sur Carrera 44,Alcala,Urbana,"(6.168120304, -75.59095621)"
2173915,12/30/2017,12:00 p.m.,Sábado,Automovil,Particular,Conductor,Masculino,NO,Sin Registro,Solo Daños,Choque,Estacionar sin seguridad,Carrera 42 D Calle 46  Sur,El Trianon,Urbana,"(6.162815564, -75.59543879)"
2173915,12/30/2017,12:00 p.m.,Sábado,Camion,Particular,Conductor,Masculino,NO,Sin Registro,Solo Daños,Choque,Estacionar sin seguridad,Carrera 42 D Calle 46  Sur,El Trianon,Urbana,"(6.162815564, -75.59543879)"
2173908,12/30/2017,2:00 p.m.,Sábado,Camion,Particular,Conductor,Masculino,NO,Sin Registro,Solo Daños,Choque,Adelantar cerrando,Tramo 12 Kilometro  0,Vereda Palmas,Rural,
2173908,12/30/2017,2:00 p.m.,Sábado,Automovil,Particular,Conductor,Masculino,NO,Sin Registro,Solo Daños,Choque,Adelantar cerrando,Tramo 12 Kilometro  0,Vereda Palmas,Rural,
2173884,12/30/2017,2:00 a.m.,Sábado,Automovil,Publico,Conductor,Masculino,NO,Sin Registro,Herido,Atropello,Cruzar en estado de embriaguez,Calle 38  Sur Carrera 45 A,Alcala,Urbana,"(6.17126287, -75.59030689)"
2173889,12/30/2017,1:15 p.m.,Sábado,Motocicleta,Particular,Motociclista,Masculino,NO,Sin Registro,Herido,Choque,Impericia en el manejo,Calle 25  Sur Carrera 48,Las Vegas,Urbana,
2173889,12/30/2017,1:15 p.m.,Sábado,Motocicleta,Particular,Motociclista,Masculino,NO,Sin Registro,Herido,Choque,Impericia en el manejo,Calle 25  Sur Carrera 48,Las Vegas,Urbana,
2173895,12/30/2017,6:10 p.m.,Sábado,Camioneta,Particular,Conductor,Masculino,NO,Sin Registro,Solo Daños,Choque,Impericia en el manejo,Tramo 372 Kilometro  14,Vereda Palmas,Rural,
2173911,12/30/2017,3:15 a.m.,Sábado,Camioneta,Particular,Conductor,Masculino,NO,Sin Registro,Solo Daños,Choque,No mantener distancia de seguridad,Carrera 43 A Calle 30  Sur,Jardines,Urbana,"(6.177072638, -75.58533615)"
2173911,12/30/2017,3:15 a.m.,Sábado,Automovil,Publico,Conductor,Masculino,NO,Sin Registro,Solo Daños,Choque,No mantener distancia de seguridad,Carrera 43 A Calle 30  Sur,Jardines,Urbana,"(6.177072638, -75.58533615)"
2173896,12/30/2017,9:00 p.m.,Sábado,Automovil,Publico,Conductor,Masculino,NO,Sin Registro,Solo Daños,Choque,No mantener distancia de seguridad,Carrera 43 A Calle 38  Sur,Zona Centro,Urbana,"(6.170421178, -75.58859877)"
2173896,12/30/2017,9:00 p.m.,Sábado,Automovil,Particular,Conductor,Masculino,NO,Sin Registro,Solo Daños,Choque,No mantener distancia de seguridad,Carrera 43 A Calle 38  Sur,Zona Centro,Urbana,"(6.170421178, -75.58859877)"
2173909,12/30/2017,9:00 p.m.,Sábado,Camioneta,Particular,Conductor,Masculino,NO,Sin Registro,Solo Daños,Choque,Desobedecer senales,Calle 40 F Sur Carrera 36,El Dorado,Urbana,"(6.16111564, -75.58477008)"
2173909,12/30/2017,9:00 p.m.,Sábado,Automovil,Particular,Conductor,Masculino,NO,Sin Registro,Solo Daños,Choque,Desobedecer senales,Calle 40 F Sur Carrera 36,El Dorado,Urbana,"(6.16111564, -75.58477008)"
2173910,12/30/2017,12:30 p.m.,Sábado,Camioneta,Particular,Conductor,Masculino,NO,Sin Registro,Solo Daños,Choque,Fallas en las llantas,Carrera 50 Calle 46 A Sur,Las Vegas,Urbana,"(6.16131219, -75.60319818)"
2173910,12/30/2017,12:30 p.m.,Sábado,Motocarro,Particular,Motociclista,Masculino,NO,Sin Registro,Solo Daños,Choque,Fallas en las llantas,Carrera 50 Calle 46 A Sur,Las Vegas,Urbana,"(6.16131219, -75.60319818)"
2173912,12/30/2017,10:30 a.m.,Sábado,Motocicleta,Particular,Motociclista,Masculino,NO,Sin Registro,Solo Daños,Choque,No mantener distancia de seguridad,Carrera 43 A Calle 21  Sur,Avenida El Poblado,Urbana,"(6.183599544, -75.57940986)"
2173912,12/30/2017,10:30 a.m.,Sábado,Automovil,Particular,Conductor,Masculino,NO,Sin Registro,Solo Daños,Choque,No mantener distancia de seguridad,Carrera 43 A Calle 21  Sur,Avenida El Poblado,Urbana,"(6.183599544, -75.57940986)"
2173914,12/31/2017,3:00 p.m.,Domingo,Automovil,Particular,Conductor,Masculino,NO,Sin Registro,Solo Daños,Choque,No mantener distancia de seguridad,Carrera 48 Calle 50  Sur,Las Casitas,Urbana,
2173914,12/31/2017,3:00 p.m.,Domingo,Automovil,Particular,Conductor,Femenino,NO,Sin Registro,Solo Daños,Choque,No mantener distancia de seguridad,Carrera 48 Calle 50  Sur,Las Casitas,Urbana,
2173898,12/31/2017,4:05 p.m.,Domingo,Automovil,Particular,Conductor,Femenino,NO,Sin Registro,Solo Daños,Choque,Desobedecer senales,Transversal 34 D Sur Diagonal 31 E,Los Naranjos,Urbana,"(6.172106631, -75.57927512)"
2173898,12/31/2017,4:05 p.m.,Domingo,Automovil,Publico,Conductor,Masculino,NO,Sin Registro,Solo Daños,Choque,Desobedecer senales,Transversal 34 D Sur Diagonal 31 E,Los Naranjos,Urbana,"(6.172106631, -75.57927512)"
2173899,12/31/2017,3:30 a.m.,Domingo,Bus,Publico,Conductor,Masculino,NO,Sin Registro,Solo Daños,Choque,Desobedecer senales,Calle 37  Sur Carrera 48,Las Vegas,Urbana,"(6.17412211, -75.59306111)"
2173899,12/31/2017,3:30 a.m.,Domingo,Camioneta,Particular,Conductor,Masculino,NO,Sin Registro,Solo Daños,Choque,Desobedecer senales,Calle 37  Sur Carrera 48,Las Vegas,Urbana,"(6.17412211, -75.59306111)"
2173897,12/31/2017,12:40 p.m.,Domingo,Automovil,Particular,Conductor,Femenino,NO,Sin Registro,Herido,Atropello,Cruzar sin observar,Calle 38  Sur Carrera 41,Zona Centro,Urbana,"(6.169244976, -75.58658807)"
2173893,12/31/2017,11:00 p.m.,Domingo,Motocicleta,Particular,Motociclista,Masculino,NO,Sin Registro,Herido,Choque,Transitar en contravia,Tramo 371 Kilometro  0,Vereda El Escobero,Rural,
2173893,12/31/2017,11:00 p.m.,Domingo,Automovil,Particular,Conductor,Masculino,NO,Sin Registro,Herido,Choque,Transitar en contravia,Tramo 371 Kilometro  0,Vereda El Escobero,Rural,
2153594,01/01/2016,1:40 p.m.,Viernes,Camioneta,Particular,Conductor,Masculino,No,Sin Registro,Herido,Choque,Desobedecer senales,Diagonal 32 D Transversal 33,La Magnolia,Urbana,"(6.174101275, -75.58360607)"
2153594,01/01/2016,1:40 p.m.,Viernes,Automovil,Particular,Conductor,Masculino,No,Sin Registro,Herido,Choque,Desobedecer senales,Diagonal 32 D Transversal 33,La Magnolia,Urbana,"(6.174101275, -75.58360607)"
2153614,01/01/2016,3:30 p.m.,Viernes,Camioneta,Particular,Conductor,Masculino,No,Sin Registro,Solo Daños,Choque,Otra,Calle 49  Sur Carrera 48,Sin Registro,Urbana,"(6.163238618, -75.60250718)"
2153614,01/01/2016,3:30 p.m.,Viernes,Camion,Publico,Conductor,Masculino,No,Sin Registro,Solo Daños,Choque,Otra,Calle 49  Sur Carrera 48,Sin Registro,Urbana,"(6.163238618, -75.60250718)"
2153614,01/01/2016,3:30 p.m.,Viernes,Campero,Particular,Conductor,Sin registro,No,Sin Registro,Solo Daños,Choque,Otra,Calle 49  Sur Carrera 48,Sin Registro,Urbana,"(6.163238618, -75.60250718)"
2153628,02/01/2016,1:30 p.m.,Sábado,Camioneta,Particular,Conductor,Masculino,No,Sin Registro,Solo Daños,Choque,No mantener distancia de seguridad,Calle 36 D Sur Carrera 27 D,Vereda El Escobero,Urbana,"(6.164970853, -75.57463727)"
2153628,02/01/2016,1:30 p.m.,Sábado,Automovil,Particular,Conductor,Masculino,No,Sin Registro,Solo Daños,Choque,No mantener distancia de seguridad,Calle 36 D Sur Carrera 27 D,Vereda El Escobero,Urbana,"(6.164970853, -75.57463727)"
2153631,02/01/2016,1:50 p.m.,Sábado,Automovil,Particular,Conductor,Masculino,No,Sin Registro,Solo Daños,Choque,Exceso de velocidad,Tramo 181 Kilometro  2,Sin Registro,Rural,
2153629,02/01/2016,3:25 p.m.,Sábado,Automovil,Particular,Conductor,Femenino,No,Sin Registro,Solo Daños,Choque,Otra,Carrera 42 D Calle 46 D Sur,El Trianon,Urbana,"(6.161230751, -75.59580607)"
2153629,02/01/2016,3:25 p.m.,Sábado,Motocicleta,Particular,Motociclista,Masculino,No,Sin Registro,Solo Daños,Choque,Otra,Carrera 42 D Calle 46 D Sur,El Trianon,Urbana,"(6.161230751, -75.59580607)"
2153610,02/01/2016,7:20 p.m.,Sábado,Motocicleta,Particular,Motociclista,Masculino,No,Sin Registro,Herido,Caida Ocupante,Otra,Tramo 371 Kilometro  11,Vereda El Escobero,Rural,
2153630,03/01/2016,2:30 p.m.,Domingo,Automovil,Particular,Conductor,Masculino,No,Sin Registro,Solo Daños,Choque,No mantener distancia de seguridad,Calle 39  Sur Carrera 42,Zona Centro,Urbana,"(6.168300638, -75.58815927)"
2153630,03/01/2016,2:30 p.m.,Domingo,Bus,Publico,Conductor,Masculino,No,Sin Registro,Solo Daños,Choque,No mantener distancia de seguridad,Calle 39  Sur Carrera 42,Zona Centro,Urbana,"(6.168300638, -75.58815927)"
2153605,03/01/2016,4:40 p.m.,Domingo,Motocicleta,Particular,Motociclista,Masculino,No,Sin Registro,Herido,Atropello,Exceso de velocidad,Diagonal 31 Transversal 34 DD,La Sebastiana,Urbana,"(6.171548906, -75.57932035)"