RADICADO,FECHA,HORA,DÍA DE LA SEMANA,CLASE DE VEHICULO,TIPO DE SERVICIO,TIPO DE VICTIMA,SEXO,ESTADO DE BEODEZ,RESULTADO DE BEODEZ,GRAVEDAD,CLASE DE ACCIDENTE,CAUSA,DIRECCIÓN,BARRIO,AREA,Coordenadas
2153665,10/01/2016,12:10 p.m.,Domingo,Automovil,Particular,Conductor,Masculino,No,Sin Registro,Solo Daños,Choque,No mantener distancia de seguridad,Tramo 372 Kilometro  15,Vereda Palmas,Rural,
2153665,10/01/2016,12:10 p.m.,Domingo,Automovil,Particular,Conductor,Masculino,No,Sin Registro,Solo Daños,Choque,No mantener distancia de seguridad,Tramo 372 Kilometro  15,Vereda Palmas,Rural,
2153687,10/01/2016,1:10 p.m.,Domingo,Automovil,Particular,Conductor,Femenino,No,Sin Registro,Solo Daños,Choque,Desobedecer senales,Calle 38  Sur Carrera 29 A,La Pradera,Urbana,"(6.165022576, -75.58071311)"
2153687,10/01/2016,1:10 p.m.,Domingo,Camioneta,Particular,Conductor,Masculino,No,Sin Registro,Solo Daños,Choque,Desobedecer senales,Calle 38  Sur Carrera 29 A,La Pradera,Urbana,"(6.165022576, -75.58071311)"
2153686,10/01/2016,10:20 p.m.,Domingo,Automovil,Publico,Conductor,Masculino,No,Sin Registro,Solo Daños,Choque,Adelantar cerrando,Calle 38  Sur Carrera 42,Zona Centro,Urbana,"(6.16961293, -75.58738469)"
2153686,10/01/2016,10:20 p.m.,Domingo,Automovil,Particular,Conductor,Masculino,No,Sin Registro,Solo Daños,Choque,Adelantar cerrando,Calle 38  Sur Carrera 42,Zona Centro,Urbana,"(6.16961293, -75.58738469)"
2153771,11/01/2016,6:30 a.m.,Lunes,Camioneta,Publico,Conductor,Masculino,No,Sin Registro,Solo Daños,Choque,Adelantar en zona prohibida,Calle 37 B Sur Carrera 28,Loma De Las Brujas,Urbana,"(6.164360036, -75.57879461)"
2153771,11/01/2016,6:30 a.m.,Lunes,Motocicleta,Particular,Motociclista,Masculino,No,Sin Registro,Solo Daños,Choque,Adelantar en zona prohibida,Calle 37 B Sur Carrera 28,Loma De Las Brujas,Urbana,"(6.164360036, -75.57879461)"
2153659,11/01/2016,12:30 p.m.,Lunes,Automovil,Particular,Conductor,Masculino,No,Sin Registro,Herido,Choque,Desobedecer senales,Transversal 32 C Sur Diagonal 31,La Magnolia,Urbana,"(6.174738982, -75.57858186)"
2153659,11/01/2016,12:30 p.m.,Lunes,Motocicleta,Particular,Motociclista,Masculino,No,Sin Registro,Herido,Choque,Desobedecer senales,Transversal 32 C Sur Diagonal 31,La Magnolia,Urbana,"(6.174738982, -75.57858186)"
2153692,11/01/2016,2:00 p.m.,Lunes,Camioneta,Publico,Conductor,Masculino,No,Sin Registro,Solo Daños,Choque,Transitar con las puertas abiertas,Carrera 32 B Calle 40 F Sur,Sin Registro,Urbana,"(6.162538385, -75.58471789)"
2153692,11/01/2016,2:00 p.m.,Lunes,Automovil,Publico,Conductor,Masculino,No,Sin Registro,Solo Daños,Choque,Transitar con las puertas abiertas,Carrera 32 B Calle 40 F Sur,Sin Registro,Urbana,"(6.162538385, -75.58471789)"
2153680,11/01/2016,2:30 p.m.,Lunes,Automovil,Publico,Conductor,Masculino,No,Sin Registro,Solo Daños,Choque,Semaforo en rojo,Calle 38  Sur Carrera 31,Mesa,Urbana,"(6.165577674, -75.58112182)"
2153680,11/01/2016,2:30 p.m.,Lunes,Motocicleta,Particular,Motociclista,Masculino,No,Sin Registro,Solo Daños,Choque,Semaforo en rojo,Calle 38  Sur Carrera 31,Mesa,Urbana,"(6.165577674, -75.58112182)"
2153655,11/01/2016,4:40 p.m.,Lunes,Automovil,Particular,Conductor,Femenino,No,Sin Registro,Herido,Choque,Otra,Calle 36  Sur Carrera 43,Zona Centro,Urbana,"(6.171434076, -75.58704007)"
2153655,11/01/2016,4:40 p.m.,Lunes,Camioneta,Particular,Conductor,Femenino,No,Sin Registro,Herido,Choque,Otra,Calle 36  Sur Carrera 43,Zona Centro,Urbana,"(6.171434076, -75.58704007)"
2153655,11/01/2016,4:40 p.m.,Lunes,Motocicleta,Particular,Motociclista,Masculino,No,Sin Registro,Herido,Choque,Otra,Calle 36  Sur Carrera 43,Zona Centro,Urbana,"(6.171434076, -75.58704007)"
2153691,11/01/2016,6:00 p.m.,Lunes,Automovil,Publico,Conductor,Masculino,No,Sin Registro,Solo Daños,Choque,No mantener distancia de seguridad,Tramo 372 Kilometro  11,Vereda Palmas,Rural,
2153691,11/01/2016,6:00 p.m.,Lunes,Campero,Particular,Conductor,Masculino,No,Sin Registro,Solo Daños,Choque,No mantener distancia de seguridad,Tramo 372 Kilometro  11,Vereda Palmas,Rural,
2153689,11/01/2016,7:00 p.m.,Lunes,Motocicleta,Particular,Motociclista,Masculino,No,Sin Registro,Solo Daños,Choque,Desobedecer senales,Transversal 33  Sur Diagonal 32 B,La Magnolia,Urbana,"(6.174391563, -75.58297356)"
2153689,11/01/2016,7:00 p.m.,Lunes,Camioneta,Particular,Conductor,Masculino,No,Sin Registro,Solo Daños,Choque,Desobedecer senales,Transversal 33  Sur Diagonal 32 B,La Magnolia,Urbana,"(6.174391563, -75.58297356)"
2153700,11/01/2016,9:35 p.m.,Lunes,Motocicleta,Particular,Motociclista,Masculino,No,Sin Registro,Solo Daños,Choque,Adelantar invadiendo carril de sentido contrario,Carrera 27 Calle 27  Sur,La Inmaculada,Urbana,"(6.172298689, -75.56780953)"
2153700,11/01/2016,9:35 p.m.,Lunes,Automovil,Particular,Conductor,Femenino,No,Sin Registro,Solo Daños,Choque,Adelantar invadiendo carril de sentido contrario,Carrera 27 Calle 27  Sur,La Inmaculada,Urbana,"(6.172298689, -75.56780953)"
2153688,11/01/2016,10:40 p.m.,Lunes,Motocicleta,Particular,Motociclista,Femenino,No,Sin Registro,Solo Daños,Otro,Otra,Carrera 43 A Transversal 27 A,Jardines,Urbana,"(6.178993539, -75.58360591)"
2153663,12/01/2016,7:15 a.m.,Martes,Motocicleta,Particular,Motociclista,Masculino,No,Sin Registro,Herido,Choque,Transitar entre vehiculos,Carrera 48 Calle 39  Sur,Las Vegas,Urbana,"(6.17163722, -75.59364999)"
2153663,12/01/2016,7:15 a.m.,Martes,Motocicleta,Particular,Motociclista,Masculino,No,Sin Registro,Herido,Choque,Transitar entre vehiculos,Carrera 48 Calle 39  Sur,Las Vegas,Urbana,"(6.17163722, -75.59364999)"
2153697,01/13/2016,11:45 a.m.,Miércoles,Camioneta,Publico,Conductor,Masculino,No,Sin Registro,Herido,Choque,Semaforo en rojo,Carrera 43 A Calle 38  Sur,Zona Centro,Urbana,"(6.170421178, -75.58859877)"
2153704,12/01/2016,7:20 a.m.,Martes,Motocicleta,Particular,Motociclista,Masculino,No,Sin Registro,Solo Daños,Choque,No mantener distancia de seguridad,Carrera 49 Calle 39 B Sur,Las Vegas,Urbana,"(6.173609359, -75.59707057)"
2153704,12/01/2016,7:20 a.m.,Martes,Camioneta,Particular,Conductor,Masculino,No,Sin Registro,Solo Daños,Choque,No mantener distancia de seguridad,Carrera 49 Calle 39 B Sur,Las Vegas,Urbana,"(6.173609359, -75.59707057)"
2153674,12/01/2016,8:00 a.m.,Martes,Motocicleta,Particular,Motociclista,Femenino,No,Sin Registro,Herido,Caida Ocupante,Otra,Calle 37  Sur Carrera 49  Sur,Sin Registro,Urbana,"(6.174789471, -75.59420424)"
2153703,12/01/2016,8:00 a.m.,Martes,Motocicleta,Particular,Motociclista,Femenino,No,Sin Registro,Herido,Caida Ocupante,Otra,Calle 37  Sur Carrera 49,Sin Registro,Urbana,"(6.174789471, -75.59420424)"
2153721,12/01/2016,10:00 a.m.,Martes,Bus,Publico,Conductor,Masculino,No,Sin Registro,Solo Daños,Choque,No mantener distancia de seguridad,Carrera 43 A Calle 25  Sur,Zuñiga,Urbana,"(6.181616833, -75.58185727)"
2153721,12/01/2016,10:00 a.m.,Martes,Automovil,Particular,Conductor,Femenino,No,Sin Registro,Solo Daños,Choque,No mantener distancia de seguridad,Carrera 43 A Calle 25  Sur,Zuñiga,Urbana,"(6.181616833, -75.58185727)"
2153721,12/01/2016,10:00 a.m.,Martes,Automovil,Particular,Conductor,Femenino,No,Sin Registro,Solo Daños,Choque,No mantener distancia de seguridad,Carrera 43 A Calle 25  Sur,Zuñiga,Urbana,"(6.181616833, -75.58185727)"
2153699,12/01/2016,10:10 a.m.,Martes,Automovil,Publico,Conductor,Masculino,No,Sin Registro,Solo Daños,Choque,Adelantar cerrando,Calle 38  Sur Carrera 41,Zona Centro,Urbana,"(6.169244976, -75.58658807)"
2153699,12/01/2016,10:10 a.m.,Martes,Buseta,Publico,Conductor,Masculino,No,Sin Registro,Solo Daños,Choque,Adelantar cerrando,Calle 38  Sur Carrera 41,Zona Centro,Urbana,"(6.169244976, -75.58658807)"
2153681,12/01/2016,12:15 p.m.,Martes,Camioneta,Particular,Conductor,Masculino,No,Sin Registro,Solo Daños,Choque,No respetar prelacion,Calle 38 C Sur Carrera 39,Zona Centro,Urbana,
2153681,12/01/2016,12:15 p.m.,Martes,Automovil,Particular,Conductor,Masculino,No,Sin Registro,Solo Daños,Choque,No respetar prelacion,Calle 38 C Sur Carrera 39,Zona Centro,Urbana,
2153675,12/01/2016,1:40 p.m.,Martes,Camion,Publico,Conductor,Masculino,No,Sin Registro,Herido,Choque,Poner en marcha un vehiculo sin precauci,Carrera 49 Calle 30  Sur,Las Vegas,Urbana,"(6.180311437, -75.59033303)"
2153675,12/01/2016,1:40 p.m.,Martes,Automovil,Particular,Conductor,Masculino,No,Sin Registro,Herido,Choque,Poner en marcha un vehiculo sin precauci,Carrera 49 Calle 30  Sur,Las Vegas,Urbana,"(6.180311437, -75.59033303)"
2153675,12/01/2016,1:40 p.m.,Martes,Motocicleta,Particular,Motociclista,Masculino,No,Sin Registro,Herido,Choque,Poner en marcha un vehiculo sin precauci,Carrera 49 Calle 30  Sur,Las Vegas,Urbana,"(6.180311437, -75.59033303)"
2153722,12/01/2016,1:50 p.m.,Martes,Automovil,Particular,Conductor,Masculino,No,Sin Registro,Solo Daños,Choque,Subirse al anden o vias peatonales,Carrera 43 A Transversal 27  Sur,Sin Registro,Urbana,"(6.179697995, -75.58317722)"
2153706,12/01/2016,2:20 p.m.,Martes,Motocicleta,Particular,Motociclista,Masculino,No,Sin Registro,Solo Daños,Choque,Adelantar cerrando,Calle 38  Sur Carrera 46,Alcala,Urbana,"(6.171966643, -75.59136974)"
2153706,12/01/2016,2:20 p.m.,Martes,Camion,Publico,Conductor,Masculino,No,Sin Registro,Solo Daños,Choque,Adelantar cerrando,Calle 38  Sur Carrera 46,Alcala,Urbana,"(6.171966643, -75.59136974)"
2153705,12/01/2016,5:20 p.m.,Martes,Automovil,Particular,Conductor,Masculino,No,Sin Registro,Solo Daños,Choque,No mantener distancia de seguridad,Calle 37  Sur Carrera 49,Sin Registro,Urbana,"(6.174789471, -75.59420424)"
2153705,12/01/2016,5:20 p.m.,Martes,Automovil,Particular,Conductor,Masculino,No,Sin Registro,Solo Daños,Choque,No mantener distancia de seguridad,Calle 37  Sur Carrera 49,Sin Registro,Urbana,"(6.174789471, -75.59420424)"
2153720,12/01/2016,6:15 p.m.,Martes,Camioneta,Particular,Conductor,Femenino,No,Sin Registro,Solo Daños,Choque,No mantener distancia de seguridad,Tramo 372 Kilometro  12,Vereda Palmas,Rural,
2153720,12/01/2016,6:15 p.m.,Martes,Automovil,Particular,Conductor,Masculino,No,Sin Registro,Solo Daños,Choque,No mantener distancia de seguridad,Tramo 372 Kilometro  12,Vereda Palmas,Rural,
2153694,01/13/2016,7:00 a.m.,Miércoles,Camion,Publico,Conductor,Masculino,No,Sin Registro,Solo Daños,Choque,No respetar prelacion,Carrera 24 B Calle 40 A Sur,La Mina,Urbana,
2153694,01/13/2016,7:00 a.m.,Miércoles,Campero,Particular,Conductor,Femenino,No,Sin Registro,Solo Daños,Choque,No respetar prelacion,Carrera 24 B Calle 40 A Sur,La Mina,Urbana,
2153694,01/13/2016,7:00 a.m.,Miércoles,Motocicleta,Particular,Motociclista,Masculino,No,Sin Registro,Solo Daños,Choque,No respetar prelacion,Carrera 24 B Calle 40 A Sur,La Mina,Urbana,
2153698,01/13/2016,9:45 a.m.,Miércoles,Automovil,Particular,Conductor,Masculino,No,Sin Registro,Solo Daños,Choque,No mantener distancia de seguridad,Carrera 43 A Calle 25 B Sur,Sin Registro,Urbana,"(6.180259996, -75.5829402)"
2153698,01/13/2016,9:45 a.m.,Miércoles,Camioneta,Particular,Conductor,Femenino,No,Sin Registro,Solo Daños,Choque,No mantener distancia de seguridad,Carrera 43 A Calle 25 B Sur,Sin Registro,Urbana,"(6.180259996, -75.5829402)"
2153698,01/13/2016,9:45 a.m.,Miércoles,Camioneta,Particular,Conductor,Masculino,No,Sin Registro,Solo Daños,Choque,No mantener distancia de seguridad,Carrera 43 A Calle 25 B Sur,Sin Registro,Urbana,"(6.180259996, -75.5829402)"
2153696,01/13/2016,11:00 a.m.,Miércoles,Motocicleta,Particular,Motociclista,Masculino,No,Sin Registro,Herido,Caida Ocupante,Otra,Carrera 43 A Calle 40  Sur,Alcala,Urbana,"(6.168044687, -75.59026877)"
2153732,01/13/2016,11:15 a.m.,Miércoles,Automovil,Particular,Conductor,Masculino,No,Sin Registro,Solo Daños,Choque,No mantener distancia de seguridad,Carrera 50 Calle 37  Sur,Las Vegas,Urbana,
2153732,01/13/2016,11:15 a.m.,Miércoles,Camioneta,Particular,Conductor,Masculino,No,Sin Registro,Solo Daños,Choque,No mantener distancia de seguridad,Carrera 50 Calle 37  Sur,Las Vegas,Urbana,
2153697,01/13/2016,11:45 a.m.,Miércoles,Motocicleta,Particular,Motociclista,Femenino,No,Sin Registro,Herido,Choque,Semaforo en rojo,Carrera 43 A Calle 38  Sur,Zona Centro,Urbana,"(6.170421178, -75.58859877)"
2153766,01/13/2016,12:30 p.m.,Miércoles,Camioneta,Particular,Conductor,Masculino,No,Sin Registro,Solo Daños,Choque,No mantener distancia de seguridad,Carrera 32 Calle 36  Sur,Los Naranjos,Urbana,"(6.168258576, -75.58067017)"
2153766,01/13/2016,12:30 p.m.,Miércoles,Automovil,Particular,Conductor,Femenino,No,Sin Registro,Solo Daños,Choque,No mantener distancia de seguridad,Carrera 32 Calle 36  Sur,Los Naranjos,Urbana,"(6.168258576, -75.58067017)"
2153724,01/13/2016,4:25 p.m.,Miércoles,Camioneta,Particular,Conductor,Masculino,No,Sin Registro,Solo Daños,Choque,No mantener distancia de seguridad,Tramo 372 Kilometro  5,Vereda Palmas,Rural,
2153724,01/13/2016,4:25 p.m.,Miércoles,Motocicleta,Particular,Motociclista,Masculino,No,Sin Registro,Solo Daños,Choque,No mantener distancia de seguridad,Tramo 372 Kilometro  5,Vereda Palmas,Rural,
2153723,01/13/2016,5:45 p.m.,Miércoles,Camioneta,Publico,Conductor,Masculino,No,Sin Registro,Solo Daños,Choque,No mantener distancia de seguridad,Carrera 46 Calle 38 B Sur,Alcala,Urbana,"(6.171029331, -75.59179814)"
2153723,01/13/2016,5:45 p.m.,Miércoles,Automovil,Publico,Conductor,Masculino,No,Sin Registro,Solo Daños,Choque,No mantener distancia de seguridad,Carrera 46 Calle 38 B Sur,Alcala,Urbana,"(6.171029331, -75.59179814)"
2153695,01/14/2016,6:30 a.m.,Jueves,Motocicleta,Particular,Motociclista,Masculino,No,Sin Registro,Herido,Choque,Adelantar en zona prohibida,Tramo 372 Kilometro  11,Vereda Palmas,Rural,
2153695,01/14/2016,6:30 a.m.,Jueves,Camioneta,Particular,Conductor,Femenino,No,Sin Registro,Herido,Choque,Adelantar en zona prohibida,Tramo 372 Kilometro  11,Vereda Palmas,Rural,
2153690,01/14/2016,7:00 a.m.,Jueves,Automovil,Particular,Conductor,Femenino,No,Sin Registro,Herido,Choque,Adelantar en zona prohibida,Calle 50  Sur Carrera 48,Las Casitas,Urbana,
2153690,01/14/2016,7:00 a.m.,Jueves,Motocicleta,Particular,Motociclista,Femenino,No,Sin Registro,Herido,Choque,Adelantar en zona prohibida,Calle 50  Sur Carrera 48,Las Casitas,Urbana,
2153714,01/14/2016,8:50 a.m.,Jueves,Motocicleta,Particular,Motociclista,Masculino,No,Sin Registro,Herido,Choque,Adelantar en zona prohibida,Calle 36  Sur Carrera 47,Las Vegas,Urbana,
2153714,01/14/2016,8:50 a.m.,Jueves,Camion,Publico,Conductor,Masculino,No,Sin Registro,Herido,Choque,Adelantar en zona prohibida,Calle 36  Sur Carrera 47,Las Vegas,Urbana,
2153788,01/14/2016,10:20 a.m.,Jueves,Automovil,Particular,Conductor,Femenino,No,Sin Registro,Solo Daños,Choque,Otra,Carrera 45 Calle 33 B Sur,El Portal,Urbana,"(6.174064011, -75.58796072)"
2153788,01/14/2016,10:20 a.m.,Jueves,Camioneta,Particular,Conductor,Masculino,No,Sin Registro,Solo Daños,Choque,Otra,Carrera 45 Calle 33 B Sur,El Portal,Urbana,"(6.174064011, -75.58796072)"
2153788,01/14/2016,10:20 a.m.,Jueves,Automovil,Particular,Conductor,Masculino,No,Sin Registro,Solo Daños,Choque,Otra,Carrera 45 Calle 33 B Sur,El Portal,Urbana,"(6.174064011, -75.58796072)"
2153693,01/14/2016,11:00 a.m.,Jueves,Camioneta,Particular,Conductor,Masculino,No,Sin Registro,Herido,Choque,Desobedecer senales,Transversal 33  Sur Diagonal 32 D,La Magnolia,Urbana,"(6.174147159, -75.58371144)"
2153693,01/14/2016,11:00 a.m.,Jueves,Motocicleta,Particular,Motociclista,Masculino,No,Sin Registro,Herido,Choque,Desobedecer senales,Transversal 33  Sur Diagonal 32 D,La Magnolia,Urbana,"(6.174147159, -75.58371144)"
2153708,01/14/2016,11:30 a.m.,Jueves,Camioneta,Publico,Conductor,Masculino,No,Sin Registro,Herido,Choque,No mantener distancia de seguridad,Diagonal 32 D Transversal 34 A Sur,Los Naranjos,Urbana,"(6.172486186, -75.58297782)"
2153708,01/14/2016,11:30 a.m.,Jueves,Motocicleta,Particular,Motociclista,Masculino,No,Sin Registro,Herido,Choque,No mantener distancia de seguridad,Diagonal 32 D Transversal 34 A Sur,Los Naranjos,Urbana,"(6.172486186, -75.58297782)"
2153713,01/14/2016,11:50 a.m.,Jueves,Camioneta,Particular,Conductor,Masculino,No,Sin Registro,Herido,Atropello,Otra,Calle 36  Sur Carrera 43,Zona Centro,Urbana,"(6.171434076, -75.58704007)"
2153725,01/14/2016,1:00 p.m.,Jueves,Camioneta,Particular,Conductor,Masculino,No,Sin Registro,Solo Daños,Choque,No mantener distancia de seguridad,Calle 36  Sur Carrera 39,Los Naranjos,Urbana,"(6.169751787, -75.58435113)"
2153725,01/14/2016,1:00 p.m.,Jueves,Automovil,Particular,Conductor,Femenino,No,Sin Registro,Solo Daños,Choque,No mantener distancia de seguridad,Calle 36  Sur Carrera 39,Los Naranjos,Urbana,"(6.169751787, -75.58435113)"
2153702,01/14/2016,1:30 p.m.,Jueves,Camion,Publico,Conductor,Masculino,No,Sin Registro,Solo Daños,Choque,Otra,Carrera 27 D Calle 36 D Sur,Vereda El Escobero,Urbana,"(6.167418485, -75.57375488)"
2153787,01/14/2016,4:50 p.m.,Jueves,Automovil,Particular,Conductor,Masculino,No,Sin Registro,Solo Daños,Choque,No respetar prelacion,Carrera 46 Calle 20  Sur,Zuñiga,Urbana,"(6.18397309, -75.58203869)"
2153787,01/14/2016,4:50 p.m.,Jueves,Motocicleta,Particular,Motociclista,Masculino,No,Sin Registro,Solo Daños,Choque,No respetar prelacion,Carrera 46 Calle 20  Sur,Zuñiga,Urbana,"(6.18397309, -75.58203869)"
2153735,01/14/2016,7:30 p.m.,Jueves,Automovil,Publico,Conductor,Masculino,No,Sin Registro,Solo Daños,Choque,Poner en marcha un vehiculo sin precauci,Carrera 40 Calle 39 B Sur,Zona Centro,Urbana,"(6.166616571, -75.58710343)"
2153735,01/14/2016,7:30 p.m.,Jueves,Automovil,Particular,Conductor,Masculino,No,Sin Registro,Solo Daños,Choque,Poner en marcha un vehiculo sin precauci,Carrera 40 Calle 39 B Sur,Zona Centro,Urbana,"(6.166616571, -75.58710343)"
2153734,01/14/2016,9:50 p.m.,Jueves,Motocicleta,Particular,Motociclista,Masculino,No,Sin Registro,Solo Daños,Choque,Exceso de velocidad,Carrera 31 Calle 37  Sur,Mesa,Urbana,"(6.166081055, -75.58064217)"
2153734,01/14/2016,9:50 p.m.,Jueves,Automovil,Particular,Conductor,Femenino,No,Sin Registro,Solo Daños,Choque,Exceso de velocidad,Carrera 31 Calle 37  Sur,Mesa,Urbana,"(6.166081055, -75.58064217)"
2153792,01/15/2016,6:20 a.m.,Viernes,Microbus,Publico,Conductor,Masculino,No,Sin Registro,Solo Daños,Choque,Otra,Calle 37  Sur Carrera 32,Manuel Uribe Angel,Urbana,"(6.166691719, -75.58118599)"
2153792,01/15/2016,6:20 a.m.,Viernes,Automovil,Particular,Conductor,Femenino,No,Sin Registro,Solo Daños,Choque,Otra,Calle 37  Sur Carrera 32,Manuel Uribe Angel,Urbana,"(6.166691719, -75.58118599)"
2153736,01/15/2016,6:30 a.m.,Viernes,Microbus,Publico,Conductor,Masculino,No,Sin Registro,Solo Daños,Choque,Semaforo en rojo,Calle 37  Sur Carrera 43 A,Zona Centro,Urbana,"(6.171151654, -75.58815663)"
2153736,01/15/2016,6:30 a.m.,Viernes,Motocicleta,Particular,Motociclista,Masculino,No,Sin Registro,Solo Daños,Choque,Semaforo en rojo,Calle 37  Sur Carrera 43 A,Zona Centro,Urbana,"(6.171151654, -75.58815663)"
2153716,01/15/2016,6:50 a.m.,Viernes,Sin Registro,Publico,Conductor,Masculino,No,Sin Registro,Solo Daños,Choque,No respetar prelacion,Carrera 48 Calle 38  Sur,Glorieta Exito,Urbana,"(6.172747818, -75.59269817)"
2153716,01/15/2016,6:50 a.m.,Viernes,Automovil,Particular,Conductor,Masculino,No,Sin Registro,Solo Daños,Choque,No respetar prelacion,Carrera 48 Calle 38  Sur,Glorieta Exito,Urbana,"(6.172747818, -75.59269817)"
2153789,01/15/2016,7:40 a.m.,Viernes,Automovil,Particular,Conductor,Masculino,No,Sin Registro,Solo Daños,Choque,Otra,Tramo 372 Kilometro  7,Vereda Palmas,Rural,
2153789,01/15/2016,7:40 a.m.,Viernes,Camioneta,Publico,Conductor,Masculino,No,Sin Registro,Solo Daños,Choque,Otra,Tramo 372 Kilometro  7,Vereda Palmas,Rural,
2153789,01/15/2016,7:40 a.m.,Viernes,Automovil,Particular,Conductor,Femenino,No,Sin Registro,Solo Daños,Choque,Otra,Tramo 372 Kilometro  7,Vereda Palmas,Rural,
2153719,01/15/2016,9:25 a.m.,Viernes,Camioneta,Publico,Conductor,Masculino,No,Sin Registro,Herido,Choque,Desobedecer senales,Carrera 43 A Calle 33  Sur,San Marcos,Urbana,"(6.173661976, -75.58650365)"
2153719,01/15/2016,9:25 a.m.,Viernes,Motocicleta,Particular,Motociclista,Masculino,No,Sin Registro,Herido,Choque,Desobedecer senales,Carrera 43 A Calle 33  Sur,San Marcos,Urbana,"(6.173661976, -75.58650365)"
2153799,01/15/2016,10:20 a.m.,Viernes,Campero,Particular,Conductor,Femenino,No,Sin Registro,Solo Daños,Choque,No mantener distancia de seguridad,Tramo 372 Kilometro  8,Vereda Palmas,Rural,
2153799,01/15/2016,10:20 a.m.,Viernes,Motocicleta,Particular,Motociclista,Masculino,No,Sin Registro,Solo Daños,Choque,No mantener distancia de seguridad,Tramo 372 Kilometro  8,Vereda Palmas,Rural,
2153743,01/15/2016,10:45 a.m.,Viernes,Bus,Publico,Conductor,Masculino,No,Sin Registro,Solo Daños,Choque,Adelantar cerrando,Carrera 40 Calle 37  Sur,Zona Centro,Urbana,"(6.169323846, -75.58548622)"
2153743,01/15/2016,10:45 a.m.,Viernes,Automovil,Particular,Conductor,Femenino,No,Sin Registro,Solo Daños,Choque,Adelantar cerrando,Carrera 40 Calle 37  Sur,Zona Centro,Urbana,"(6.169323846, -75.58548622)"
2153701,01/15/2016,11:30 a.m.,Viernes,Automovil,Particular,Conductor,Femenino,No,Sin Registro,Herido,Choque,Otra,Transversal 34  Sur Diagonal 31 E,Las Flores,Urbana,"(6.173807152, -75.58108329)"
2153701,01/15/2016,11:30 a.m.,Viernes,Motocicleta,Particular,Motociclista,Femenino,No,Sin Registro,Herido,Choque,Otra,Transversal 34  Sur Diagonal 31 E,Las Flores,Urbana,"(6.173807152, -75.58108329)"
2153741,01/15/2016,1:50 p.m.,Viernes,Automovil,Particular,Conductor,Masculino,No,Sin Registro,Solo Daños,Choque,Adelantar cerrando,Calle 38 A Sur Carrera 48,Alcala,Urbana,"(6.168560755, -75.58701537)"
2153741,01/15/2016,1:50 p.m.,Viernes,Camioneta,Particular,Conductor,Masculino,No,Sin Registro,Solo Daños,Choque,Adelantar cerrando,Calle 38 A Sur Carrera 48,Alcala,Urbana,"(6.168560755, -75.58701537)"
2153790,01/15/2016,2:10 p.m.,Viernes,Camioneta,Particular,Conductor,Femenino,No,Sin Registro,Solo Daños,Choque,No mantener distancia de seguridad,Carrera 43 A Calle 25  Sur,Las Orquideas,Urbana,"(6.181616833, -75.58185727)"
2153790,01/15/2016,2:10 p.m.,Viernes,Automovil,Particular,Conductor,Masculino,No,Sin Registro,Solo Daños,Choque,No mantener distancia de seguridad,Carrera 43 A Calle 25  Sur,Las Orquideas,Urbana,"(6.181616833, -75.58185727)"
2153745,01/15/2016,3:00 p.m.,Viernes,Camion,Particular,Conductor,Masculino,No,Sin Registro,Solo Daños,Choque,No mantener distancia de seguridad,Carrera 50 Calle 30  Sur,Las Vegas,Urbana,
2153745,01/15/2016,3:00 p.m.,Viernes,Camion,Publico,Conductor,Masculino,No,Sin Registro,Solo Daños,Choque,No mantener distancia de seguridad,Carrera 50 Calle 30  Sur,Las Vegas,Urbana,
2153711,01/15/2016,3:45 p.m.,Viernes,Camion,Publico,Conductor,Masculino,No,Sin Registro,Herido,Choque,No mantener distancia de seguridad,Carrera 50 Calle 30  Sur,Las Vegas,Urbana,
2153711,01/15/2016,3:45 p.m.,Viernes,Motocicleta,Particular,Motociclista,Masculino,No,Sin Registro,Herido,Choque,No mantener distancia de seguridad,Carrera 50 Calle 30  Sur,Las Vegas,Urbana,
2153740,01/15/2016,3:45 p.m.,Viernes,Campero,Particular,Conductor,Masculino,No,Sin Registro,Solo Daños,Choque,Desobedecer senales,Calle 32 B Sur Carrera 46 A,El Portal,Urbana,"(6.174951112, -75.58603947)"
2153740,01/15/2016,3:45 p.m.,Viernes,Automovil,Particular,Conductor,Femenino,No,Sin Registro,Solo Daños,Choque,Desobedecer senales,Calle 32 B Sur Carrera 46 A,El Portal,Urbana,"(6.174951112, -75.58603947)"
2153791,01/15/2016,4:15 p.m.,Viernes,Camioneta,Particular,Conductor,Masculino,No,Sin Registro,Solo Daños,Choque,Desobedecer senales,Calle 30  Sur Carrera 44 A,Jardines,Urbana,"(6.177491165, -75.58577495)"
2153791,01/15/2016,4:15 p.m.,Viernes,Automovil,Particular,Conductor,Femenino,No,Sin Registro,Solo Daños,Choque,Desobedecer senales,Calle 30  Sur Carrera 44 A,Jardines,Urbana,"(6.177491165, -75.58577495)"
2153728,01/15/2016,4:20 p.m.,Viernes,Motocicleta,Particular,Motociclista,Masculino,No,Sin Registro,Solo Daños,Choque,Transitar entre vehiculos,Carrera 50 Calle 39  Sur,Las Vegas,Urbana,