RADICADO,FECHA,HORA,DÍA DE LA SEMANA,CLASE DE VEHICULO,TIPO DE SERVICIO,TIPO DE VICTIMA,SEXO,ESTADO DE BEODEZ,RESULTADO DE BEODEZ,GRAVEDAD,CLASE DE ACCIDENTE,CAUSA,DIRECCIÓN,BARRIO,AREA,Coordenadas
2153762,01/23/2016,3:20 p.m.,Sábado,Motocicleta,Particular,Motociclista,Masculino,No,Sin Registro,Herido,Caida Ocupante,Otra,Carrera 50 Calle 49  Sur,Las Vegas,Urbana,
2153772,01/23/2016,6:00 p.m.,Sábado,Automovil,Particular,Conductor,Masculino,No,Sin Registro,Solo Daños,Choque,Exceso de velocidad,Transversal 35 Calle 33  Sur,Los Naranjos,Urbana,
2153772,01/23/2016,6:00 p.m.,Sábado,Motocicleta,Particular,Motociclista,Masculino,No,Sin Registro,Solo Daños,Choque,Exceso de velocidad,Transversal 35 Calle 33  Sur,Los Naranjos,Urbana,
2153805,01/24/2016,9:40 a.m.,Domingo,Automovil,Particular,Conductor,Masculino,No,Sin Registro,Solo Daños,Choque,Exceso de velocidad,Tramo 371 Kilometro  11,Vereda El Escobero,Rural,
2153777,01/24/2016,1:40 p.m.,Domingo,Automovil,Particular,Conductor,Masculino,No,Sin Registro,Solo Daños,Choque,Adelantar en zona prohibida,Carrera 43 A Calle 41 A Sur,El Dorado,Urbana,"(6.166401394, -75.59238411)"
2153777,01/24/2016,1:40 p.m.,Domingo,Motocicleta,Particular,Motociclista,Masculino,No,Sin Registro,Solo Daños,Choque,Adelantar en zona prohibida,Carrera 43 A Calle 41 A Sur,El Dorado,Urbana,"(6.166401394, -75.59238411)"
2153776,01/24/2016,7:00 p.m.,Domingo,Automovil,Particular,Conductor,Femenino,No,Sin Registro,Solo Daños,Choque,No mantener distancia de seguridad,Tramo 372 Kilometro  8,Vereda Palmas,Rural,
2153776,01/24/2016,7:00 p.m.,Domingo,Automovil,Particular,Conductor,Masculino,No,Sin Registro,Solo Daños,Choque,No mantener distancia de seguridad,Tramo 372 Kilometro  8,Vereda Palmas,Rural,
2153811,01/24/2016,7:40 p.m.,Domingo,Automovil,Particular,Conductor,Masculino,No,Sin Registro,Solo Daños,Choque,Adelantar en zona prohibida,Tramo 372 Kilometro  7,Vereda Palmas,Rural,
2153811,01/24/2016,7:40 p.m.,Domingo,Motocicleta,Particular,Motociclista,Masculino,No,Sin Registro,Solo Daños,Choque,Adelantar en zona prohibida,Tramo 372 Kilometro  7,Vereda Palmas,Rural,
2153783,01/24/2016,9:25 p.m.,Domingo,Automovil,Publico,Conductor,Masculino,No,Sin Registro,Solo Daños,Choque,No mantener distancia de seguridad,Calle 25 A Sur Carrera 43 A,Villa Grande,Urbana,"(6.181689385, -75.58241799)"
2153783,01/24/2016,9:25 p.m.,Domingo,Campero,Particular,Conductor,Femenino,No,Sin Registro,Solo Daños,Choque,No mantener distancia de seguridad,Calle 25 A Sur Carrera 43 A,Villa Grande,Urbana,"(6.181689385, -75.58241799)"
2153810,01/25/2016,9:20 a.m.,Lunes,Automovil,Particular,Conductor,Femenino,No,Sin Registro,Solo Daños,Choque,No mantener distancia de seguridad,Carrera 41 Calle 21  Sur,Sin Registro,Urbana,"(6.182090327, -75.57670346)"
2153810,01/25/2016,9:20 a.m.,Lunes,Automovil,Particular,Conductor,Masculino,No,Sin Registro,Solo Daños,Choque,No mantener distancia de seguridad,Carrera 41 Calle 21  Sur,Sin Registro,Urbana,"(6.182090327, -75.57670346)"
2153819,01/25/2016,10:10 a.m.,Lunes,Sin Registro,Publico,Conductor,Masculino,No,Sin Registro,Solo Daños,Choque,Adelantar cerrando,Calle 37  Sur Carrera 39,Zona Centro,Urbana,"(6.169035546, -75.58484755)"
2153819,01/25/2016,10:10 a.m.,Lunes,Camioneta,Particular,Conductor,Masculino,No,Sin Registro,Solo Daños,Choque,Adelantar cerrando,Calle 37  Sur Carrera 39,Zona Centro,Urbana,"(6.169035546, -75.58484755)"
2153819,01/25/2016,10:10 a.m.,Lunes,Camion,Publico,Conductor,Masculino,No,Sin Registro,Solo Daños,Choque,Adelantar cerrando,Calle 37  Sur Carrera 39,Zona Centro,Urbana,"(6.169035546, -75.58484755)"
2153822,01/25/2016,11:50 a.m.,Lunes,Camion,Publico,Conductor,Masculino,No,Sin Registro,Solo Daños,Choque,Adelantar cerrando,Carrera 48 Calle 37  Sur,Las Vegas,Urbana,"(6.172859211, -75.59276992)"
2153822,01/25/2016,11:50 a.m.,Lunes,Automovil,Particular,Conductor,Masculino,No,Sin Registro,Solo Daños,Choque,Adelantar cerrando,Carrera 48 Calle 37  Sur,Las Vegas,Urbana,"(6.172859211, -75.59276992)"
2153800,01/25/2016,12:50 p.m.,Lunes,Buseta,Publico,Conductor,Masculino,No,Sin Registro,Solo Daños,Choque,Otra,Calle 48 E Sur Carrera 42 BB,El Trianon,Urbana,"(6.159800047, -75.59509533)"
2153800,01/25/2016,12:50 p.m.,Lunes,Camioneta,Particular,Conductor,Masculino,No,Sin Registro,Solo Daños,Choque,Otra,Calle 48 E Sur Carrera 42 BB,El Trianon,Urbana,"(6.159800047, -75.59509533)"
2153796,01/25/2016,1:35 p.m.,Lunes,Motocicleta,Particular,Motociclista,Masculino,No,Sin Registro,Herido,Choque,Adelantar cerrando,Calle 38  Sur Carrera 42,Zona Centro,Urbana,"(6.16961293, -75.58738469)"
2153796,01/25/2016,1:35 p.m.,Lunes,Motocicleta,Particular,Motociclista,Masculino,No,Sin Registro,Herido,Choque,Adelantar cerrando,Calle 38  Sur Carrera 42,Zona Centro,Urbana,"(6.16961293, -75.58738469)"
2153820,01/25/2016,1:40 p.m.,Lunes,Automovil,Particular,Conductor,Femenino,No,Sin Registro,Solo Daños,Choque,No mantener distancia de seguridad,Carrera 48 Calle 30  Sur,Las Vegas,Urbana,"(6.179366643, -75.5880841)"
2153820,01/25/2016,1:40 p.m.,Lunes,Automovil,Particular,Conductor,Masculino,No,Sin Registro,Solo Daños,Choque,No mantener distancia de seguridad,Carrera 48 Calle 30  Sur,Las Vegas,Urbana,"(6.179366643, -75.5880841)"
2153809,01/25/2016,2:50 p.m.,Lunes,Automovil,Publico,Conductor,Masculino,No,Sin Registro,Solo Daños,Choque,Adelantar cerrando,Carrera 43 A Calle 25  Sur,Las Orquideas,Urbana,"(6.181616833, -75.58185727)"
2153809,01/25/2016,2:50 p.m.,Lunes,Bus,Publico,Conductor,Masculino,No,Sin Registro,Solo Daños,Choque,Adelantar cerrando,Carrera 43 A Calle 25  Sur,Las Orquideas,Urbana,"(6.181616833, -75.58185727)"
2153824,01/25/2016,3:20 p.m.,Lunes,Sin Registro,Publico,Conductor,Masculino,No,Sin Registro,Solo Daños,Choque,Adelantar cerrando,Carrera 43 A Calle 21  Sur,Zuñiga,Urbana,"(6.183599544, -75.57940986)"
2153824,01/25/2016,3:20 p.m.,Lunes,Bus,Publico,Conductor,Masculino,No,Sin Registro,Solo Daños,Choque,Adelantar cerrando,Carrera 43 A Calle 21  Sur,Zuñiga,Urbana,"(6.183599544, -75.57940986)"
2153804,01/25/2016,4:40 p.m.,Lunes,Automovil,Particular,Conductor,Masculino,No,Sin Registro,Solo Daños,Choque,Adelantar cerrando,Calle 37  Sur Carrera 50,Las Vegas,Urbana,
2153804,01/25/2016,4:40 p.m.,Lunes,Automovil,Particular,Conductor,Femenino,No,Sin Registro,Solo Daños,Choque,Adelantar cerrando,Calle 37  Sur Carrera 50,Las Vegas,Urbana,
2153801,01/25/2016,4:45 p.m.,Lunes,Automovil,Particular,Conductor,Femenino,No,Sin Registro,Solo Daños,Choque,Adelantar en zona prohibida,Calle 37  Sur Carrera 50,Las Vegas,Urbana,
2153801,01/25/2016,4:45 p.m.,Lunes,Motocicleta,Particular,Motociclista,Femenino,No,Sin Registro,Solo Daños,Choque,Adelantar en zona prohibida,Calle 37  Sur Carrera 50,Las Vegas,Urbana,
2153823,01/25/2016,5:35 p.m.,Lunes,Automovil,Publico,Conductor,Masculino,No,Sin Registro,Solo Daños,Choque,Otra,Carrera 29 A Calle 38  Sur,Sin Registro,Urbana,"(6.16496822, -75.58082836)"
2153802,01/25/2016,6:50 p.m.,Lunes,Camion,Particular,Conductor,Masculino,No,Sin Registro,Solo Daños,Choque,Adelantar en zona prohibida,Calle 37  Sur Carrera 49,Las Vegas,Urbana,"(6.174789471, -75.59420424)"
2153802,01/25/2016,6:50 p.m.,Lunes,Automovil,Particular,Conductor,Femenino,No,Sin Registro,Solo Daños,Choque,Adelantar en zona prohibida,Calle 37  Sur Carrera 49,Las Vegas,Urbana,"(6.174789471, -75.59420424)"
2153793,01/25/2016,7:40 p.m.,Lunes,Automovil,Particular,Conductor,Masculino,No,Sin Registro,Solo Daños,Choque,No mantener distancia de seguridad,Carrera 42 Calle 44  Sur,La Paz,Urbana,
2153793,01/25/2016,7:40 p.m.,Lunes,Automovil,Particular,Conductor,Masculino,No,Sin Registro,Solo Daños,Choque,No mantener distancia de seguridad,Carrera 42 Calle 44  Sur,La Paz,Urbana,
2153860,01/28/2016,8:40 a.m.,Jueves,Automovil,Particular,Conductor,Masculino,No,Sin Registro,Solo Daños,Choque,Otra,Calle 37  Sur Carrera 50,Las Vegas,Urbana,
2153798,01/25/2016,8:00 p.m.,Lunes,Camioneta,Particular,Conductor,Masculino,No,Sin Registro,Solo Daños,Choque,Otra,Diagonal 29 Calle 32 A Sur,Manuel Uribe Angel,Urbana,"(6.175050214, -75.57789094)"
2153798,01/25/2016,8:00 p.m.,Lunes,Microbus,Publico,Conductor,Masculino,No,Sin Registro,Solo Daños,Choque,Otra,Diagonal 29 Calle 32 A Sur,Manuel Uribe Angel,Urbana,"(6.175050214, -75.57789094)"
2153829,01/26/2016,5:30 a.m.,Martes,Automovil,Particular,Conductor,Masculino,No,Sin Registro,Solo Daños,Choque,Exceso de velocidad,Carrera 30 Calle 40  Sur,San Jose,Urbana,"(6.162460007, -75.58236019)"
2153815,01/26/2016,7:10 a.m.,Martes,Automovil,Publico,Conductor,Masculino,No,Sin Registro,Solo Daños,Choque,No mantener distancia de seguridad,Carrera 27 Calle 23  Sur,Sin Registro,Urbana,"(6.176588834, -75.56744599)"
2153815,01/26/2016,7:10 a.m.,Martes,Automovil,Particular,Conductor,Masculino,No,Sin Registro,Solo Daños,Choque,No mantener distancia de seguridad,Carrera 27 Calle 23  Sur,Sin Registro,Urbana,"(6.176588834, -75.56744599)"
2153815,01/26/2016,7:10 a.m.,Martes,Automovil,Particular,Conductor,Masculino,No,Sin Registro,Solo Daños,Choque,No mantener distancia de seguridad,Carrera 27 Calle 23  Sur,Sin Registro,Urbana,"(6.176588834, -75.56744599)"
2153825,01/26/2016,11:15 a.m.,Martes,Camioneta,Particular,Conductor,Femenino,No,Sin Registro,Solo Daños,Choque,Otra,Carrera 35 Calle 38  Sur,Mesa,Urbana,"(6.166929031, -75.58314676)"
2153825,01/26/2016,11:15 a.m.,Martes,Automovil,Particular,Conductor,Masculino,No,Sin Registro,Solo Daños,Choque,Otra,Carrera 35 Calle 38  Sur,Mesa,Urbana,"(6.166929031, -75.58314676)"
2153833,01/26/2016,1:45 p.m.,Martes,Campero,Particular,Conductor,Masculino,No,Sin Registro,Solo Daños,Choque,Otra,Carrera 41 Calle 21  Sur,Sin Registro,Urbana,"(6.182090327, -75.57670346)"
2153833,01/26/2016,1:45 p.m.,Martes,Automovil,Particular,Conductor,Femenino,No,Sin Registro,Solo Daños,Choque,Otra,Carrera 41 Calle 21  Sur,Sin Registro,Urbana,"(6.182090327, -75.57670346)"
2153833,01/26/2016,1:45 p.m.,Martes,Automovil,Particular,Conductor,Femenino,No,Sin Registro,Solo Daños,Choque,Otra,Carrera 41 Calle 21  Sur,Sin Registro,Urbana,"(6.182090327, -75.57670346)"
2153839,01/26/2016,1:45 p.m.,Martes,Campero,Particular,Conductor,Femenino,No,Sin Registro,Solo Daños,Choque,No respetar prelacion,Calle 22  Sur Carrera 40,Sin Registro,Urbana,"(6.18123897, -75.57675149)"
2153839,01/26/2016,1:45 p.m.,Martes,Camioneta,Publico,Conductor,Masculino,No,Sin Registro,Solo Daños,Choque,No respetar prelacion,Calle 22  Sur Carrera 40,Sin Registro,Urbana,"(6.18123897, -75.57675149)"
2153839,01/26/2016,1:45 p.m.,Martes,Motocicleta,Particular,Motociclista,Masculino,No,Sin Registro,Solo Daños,Choque,No respetar prelacion,Calle 22  Sur Carrera 40,Sin Registro,Urbana,"(6.18123897, -75.57675149)"
2153817,01/26/2016,2:20 p.m.,Martes,Bus,Publico,Conductor,Masculino,No,Sin Registro,Solo Daños,Choque,No mantener distancia de seguridad,Calle 22  Sur Carrera 40,Sin Registro,Urbana,"(6.18123897, -75.57675149)"
2153817,01/26/2016,2:20 p.m.,Martes,Automovil,Particular,Conductor,Femenino,No,Sin Registro,Solo Daños,Choque,No mantener distancia de seguridad,Calle 22  Sur Carrera 40,Sin Registro,Urbana,"(6.18123897, -75.57675149)"
2153828,01/26/2016,2:45 p.m.,Martes,Automovil,Particular,Conductor,Masculino,No,Sin Registro,Solo Daños,Choque,Adelantar por la derecha,Calle 37  Sur Carrera 49,Glorieta De Peldar,Urbana,"(6.174789471, -75.59420424)"
2153828,01/26/2016,2:45 p.m.,Martes,Motocicleta,Particular,Motociclista,Masculino,No,Sin Registro,Solo Daños,Choque,Adelantar por la derecha,Calle 37  Sur Carrera 49,Glorieta De Peldar,Urbana,"(6.174789471, -75.59420424)"
2153832,01/26/2016,3:30 p.m.,Martes,Camion,Publico,Conductor,Masculino,No,Sin Registro,Solo Daños,Choque,No respetar prelacion,Calle 37  Sur Carrera 48,Glorieta Peldar,Urbana,"(6.17412211, -75.59306111)"
2153832,01/26/2016,3:30 p.m.,Martes,Automovil,Particular,Conductor,Masculino,No,Sin Registro,Solo Daños,Choque,No respetar prelacion,Calle 37  Sur Carrera 48,Glorieta Peldar,Urbana,"(6.17412211, -75.59306111)"
2153818,01/26/2016,3:40 p.m.,Martes,Camioneta,Particular,Conductor,Masculino,No,Sin Registro,Herido,Choque,No mantener distancia de seguridad,Carrera 48 Calle 49 B Sur,Las Vegas,Urbana,"(6.162599027, -75.60278747)"
2153818,01/26/2016,3:40 p.m.,Martes,Camioneta,Particular,Conductor,Masculino,No,Sin Registro,Herido,Choque,No mantener distancia de seguridad,Carrera 48 Calle 49 B Sur,Las Vegas,Urbana,"(6.162599027, -75.60278747)"
2153860,01/28/2016,8:40 a.m.,Jueves,Camion,Publico,Conductor,Masculino,No,Sin Registro,Solo Daños,Choque,Otra,Calle 37  Sur Carrera 50,Las Vegas,Urbana,
2153834,01/26/2016,5:00 p.m.,Martes,Campero,Particular,Conductor,Femenino,No,Sin Registro,Herido,Choque,Desobedecer senales,Carrera 43 A Calle 35  Sur,Zona Centro,Urbana,"(6.172381022, -75.58730875)"
2153834,01/26/2016,5:00 p.m.,Martes,Motocicleta,Particular,Motociclista,Masculino,No,Sin Registro,Herido,Choque,Desobedecer senales,Carrera 43 A Calle 35  Sur,Zona Centro,Urbana,"(6.172381022, -75.58730875)"
2153821,01/26/2016,5:30 p.m.,Martes,Automovil,Particular,Conductor,Femenino,No,Sin Registro,Solo Daños,Choque,No mantener distancia de seguridad,Tramo 372 Kilometro  11,Vereda Palmas,Rural,
2153821,01/26/2016,5:30 p.m.,Martes,Motocicleta,Particular,Motociclista,Masculino,No,Sin Registro,Solo Daños,Choque,No mantener distancia de seguridad,Tramo 372 Kilometro  11,Vereda Palmas,Rural,
2153795,01/26/2016,9:15 p.m.,Martes,Motocicleta,Particular,Motociclista,Masculino,No,Sin Registro,Herido,Choque,Poner en marcha un vehiculo sin precauci,Transversal 32 A Sur Diagonal 31 E,La Magnolia,Urbana,"(6.176205136, -75.58100596)"
2153795,01/26/2016,9:15 p.m.,Martes,Automovil,Particular,Conductor,Femenino,No,Sin Registro,Herido,Choque,Poner en marcha un vehiculo sin precauci,Transversal 32 A Sur Diagonal 31 E,La Magnolia,Urbana,"(6.176205136, -75.58100596)"
2153836,01/27/2016,6:25 a.m.,Miércoles,Bus,Publico,Conductor,Masculino,No,Sin Registro,Solo Daños,Choque,Otra,Carrera 46 Calle 48 C Sur,Las Casitas,Urbana,"(6.162824447, -75.59968661)"
2153836,01/27/2016,6:25 a.m.,Miércoles,Campero,Particular,Conductor,Masculino,No,Sin Registro,Solo Daños,Choque,Otra,Carrera 46 Calle 48 C Sur,Las Casitas,Urbana,"(6.162824447, -75.59968661)"
2153835,01/27/2016,9:05 a.m.,Miércoles,Camion,Publico,Conductor,Masculino,No,Sin Registro,Solo Daños,Choque,No mantener distancia de seguridad,Calle 37  Sur Carrera 50,Las Vegas,Urbana,
2153835,01/27/2016,9:05 a.m.,Miércoles,Automovil,Particular,Conductor,Masculino,No,Sin Registro,Solo Daños,Choque,No mantener distancia de seguridad,Calle 37  Sur Carrera 50,Las Vegas,Urbana,
2153831,01/27/2016,9:30 a.m.,Miércoles,Automovil,Particular,Conductor,Masculino,No,Sin Registro,Solo Daños,Choque,Adelantar cerrando,Calle 36 A Sur Carrera 48,El Portal,Urbana,"(6.173604362, -75.59128493)"
2153831,01/27/2016,9:30 a.m.,Miércoles,Camioneta,Particular,Conductor,Femenino,No,Sin Registro,Solo Daños,Choque,Adelantar cerrando,Calle 36 A Sur Carrera 48,El Portal,Urbana,"(6.173604362, -75.59128493)"
2153837,01/27/2016,10:35 a.m.,Miércoles,Motocicleta,Particular,Motociclista,Masculino,No,Sin Registro,Herido,Choque,Desobedecer senales,Calle 37  Sur Carrera 32,Mesa,Urbana,"(6.166691719, -75.58118599)"
2153837,01/27/2016,10:35 a.m.,Miércoles,Motocicleta,Particular,Motociclista,Masculino,No,Sin Registro,Herido,Choque,Desobedecer senales,Calle 37  Sur Carrera 32,Mesa,Urbana,"(6.166691719, -75.58118599)"
2153830,01/27/2016,1:00 p.m.,Miércoles,Motocicleta,Particular,Motociclista,Masculino,No,Sin Registro,Solo Daños,Choque,Impericia en el manejo,Tramo 372 Kilometro  16,Vereda Palmas,Rural,
2153830,01/27/2016,1:00 p.m.,Miércoles,Camioneta,Publico,Conductor,Masculino,No,Sin Registro,Solo Daños,Choque,Impericia en el manejo,Tramo 372 Kilometro  16,Vereda Palmas,Rural,
2153816,01/27/2016,4:00 p.m.,Miércoles,Motocicleta,Particular,Motociclista,Masculino,No,Sin Registro,Muerto,Atropello,Cruzar sin observar,Carrera 43 A Calle 27  Sur,Zuñiga,Urbana,"(6.179697995, -75.58317722)"
2153816,01/27/2016,4:00 p.m.,Miércoles,Motocicleta,Particular,Motociclista,Masculino,No,Sin Registro,Muerto,Atropello,Exceso de velocidad,Carrera 43 A Calle 27  Sur,Zuñiga,Urbana,"(6.179697995, -75.58317722)"
2153826,01/27/2016,5:45 p.m.,Miércoles,Camioneta,Particular,Conductor,Femenino,No,Sin Registro,Solo Daños,Choque,No mantener distancia de seguridad,Tramo 372 Kilometro  12,Vereda Palmas,Rural,
2153826,01/27/2016,5:45 p.m.,Miércoles,Camioneta,Particular,Conductor,Femenino,No,Sin Registro,Solo Daños,Choque,No mantener distancia de seguridad,Tramo 372 Kilometro  12,Vereda Palmas,Rural,
2153827,01/27/2016,6:50 p.m.,Miércoles,Automovil,Particular,Conductor,Masculino,No,Sin Registro,Solo Daños,Choque,Adelantar cerrando,Carrera 40 Calle 38  Sur,Zona Centro,Urbana,"(6.168682985, -75.58587025)"
2153827,01/27/2016,6:50 p.m.,Miércoles,Bus,Publico,Conductor,Masculino,No,Sin Registro,Solo Daños,Choque,Adelantar cerrando,Carrera 40 Calle 38  Sur,Zona Centro,Urbana,"(6.168682985, -75.58587025)"
2153841,01/28/2016,5:30 a.m.,Jueves,Automovil,Particular,Conductor,Masculino,No,Sin Registro,Herido,Choque,Otra,Carrera 41 Calle 24  Sur,Sin Registro,Urbana,"(6.179819678, -75.57714123)"
2153838,01/28/2016,1:35 p.m.,Jueves,Automovil,Publico,Conductor,Masculino,No,Sin Registro,Solo Daños,Choque,Semaforo en rojo,Calle 25  Sur Carrera 43 A,Villa Grande,Urbana,"(6.181560189, -75.58201649)"
2153838,01/28/2016,1:35 p.m.,Jueves,Motocicleta,Particular,Motociclista,Femenino,No,Sin Registro,Solo Daños,Choque,Semaforo en rojo,Calle 25  Sur Carrera 43 A,Villa Grande,Urbana,"(6.181560189, -75.58201649)"
2153864,01/28/2016,5:00 p.m.,Jueves,Automovil,Publico,Conductor,Masculino,No,Sin Registro,Herido,Choque,No mantener distancia de seguridad,Diagonal 31 Transversal 32 A Sur,La Magnolia,Urbana,"(6.174681134, -75.57847104)"
2153864,01/28/2016,5:00 p.m.,Jueves,Motocicleta,Particular,Motociclista,Masculino,No,Sin Registro,Herido,Choque,No mantener distancia de seguridad,Diagonal 31 Transversal 32 A Sur,La Magnolia,Urbana,"(6.174681134, -75.57847104)"
2153864,01/28/2016,5:00 p.m.,Jueves,Motocicleta,Particular,Motociclista,Masculino,No,Sin Registro,Herido,Choque,No mantener distancia de seguridad,Diagonal 31 Transversal 32 A Sur,La Magnolia,Urbana,"(6.174681134, -75.57847104)"
2153852,01/28/2016,6:10 p.m.,Jueves,Camioneta,Particular,Conductor,Femenino,No,Sin Registro,Solo Daños,Choque,Poner en marcha un vehiculo sin precauci,Carrera 43 A Calle 49  Sur,Sin Registro,Urbana,"(6.160914202, -75.60002299)"
2153852,01/28/2016,6:10 p.m.,Jueves,Automovil,Publico,Conductor,Masculino,No,Sin Registro,Solo Daños,Choque,Poner en marcha un vehiculo sin precauci,Carrera 43 A Calle 49  Sur,Sin Registro,Urbana,"(6.160914202, -75.60002299)"
2153842,01/28/2016,7:30 p.m.,Jueves,Motocicleta,Particular,Motociclista,Masculino,No,Sin Registro,Herido,Choque,Otra,Carrera 27 Calle 35  Sur,La Inmaculada,Urbana,
2153842,01/28/2016,7:30 p.m.,Jueves,Automovil,Particular,Conductor,Femenino,No,Sin Registro,Herido,Choque,Otra,Carrera 27 Calle 35  Sur,La Inmaculada,Urbana,
2153854,01/29/2016,12:30 a.m.,Viernes,Automovil,Particular,Conductor,Masculino,No,Sin Registro,Herido,Volcamiento,Exceso de velocidad,Tramo 372 Kilometro  13,Vereda Palmas,Rural,
2153862,01/29/2016,4:20 a.m.,Viernes,Motocicleta,Particular,Motociclista,Masculino,No,Sin Registro,Herido,Caida Ocupante,Otra,Carrera 42 B Calle 25 A Sur,Ponte Vedra,Urbana,"(6.179670916, -75.58148675)"
2153859,01/29/2016,7:15 a.m.,Viernes,Motocicleta,Particular,Motociclista,Femenino,No,Sin Registro,Herido,Choque,Transitar entre vehiculos,Tramo 372 Kilometro  13,Vereda Palmas,Rural,
2153859,01/29/2016,7:15 a.m.,Viernes,Campero,Particular,Conductor,Femenino,No,Sin Registro,Herido,Choque,Transitar entre vehiculos,Tramo 372 Kilometro  13,Vereda Palmas,Rural,
2153859,01/29/2016,7:15 a.m.,Viernes,Motocicleta,Particular,Motociclista,Masculino,No,Sin Registro,Herido,Choque,Transitar entre vehiculos,Tramo 372 Kilometro  13,Vereda Palmas,Rural,
2153858,01/29/2016,10:56 a.m.,Viernes,Automovil,Publico,Conductor,Masculino,No,Sin Registro,Solo Daños,Choque,Otra,Diagonal 31 Calle 36 A Sur,La Pradera,Urbana,"(6.167967817, -75.58028177)"
2153858,01/29/2016,10:56 a.m.,Viernes,Camioneta,Particular,Conductor,Masculino,No,Sin Registro,Solo Daños,Choque,Otra,Diagonal 31 Calle 36 A Sur,La Pradera,Urbana,"(6.167967817, -75.58028177)"
2153840,01/29/2016,11:20 a.m.,Viernes,Sin Registro,Publico,Conductor,Masculino,No,Sin Registro,Solo Daños,Choque,Otra,Calle 37  Sur Carrera 49,Las Vegas,Urbana,"(6.174789471, -75.59420424)"
2153840,01/29/2016,11:20 a.m.,Viernes,Automovil,Particular,Conductor,Masculino,No,Sin Registro,Solo Daños,Choque,Otra,Calle 37  Sur Carrera 49,Las Vegas,Urbana,"(6.174789471, -75.59420424)"
2153849,01/29/2016,1:00 p.m.,Viernes,Camioneta,Particular,Conductor,Femenino,No,Sin Registro,Solo Daños,Choque,Impericia en el manejo,Calle 46 C Sur Carrera 38,El Trianon,Urbana,"(6.157772487, -75.59094079)"
2153849,01/29/2016,1:00 p.m.,Viernes,Automovil,Particular,Conductor,Femenino,No,Sin Registro,Solo Daños,Choque,Impericia en el manejo,Calle 46 C Sur Carrera 38,El Trianon,Urbana,"(6.157772487, -75.59094079)"
2153847,01/29/2016,2:00 p.m.,Viernes,Automovil,Particular,Conductor,Masculino,No,Sin Registro,Solo Daños,Choque,No mantener distancia de seguridad,Carrera 50 Calle 39 A Sur,Las Vegas,Urbana,
2153847,01/29/2016,2:00 p.m.,Viernes,Camion,Publico,Conductor,Masculino,No,Sin Registro,Solo Daños,Choque,No mantener distancia de seguridad,Carrera 50 Calle 39 A Sur,Las Vegas,Urbana,
2153847,01/29/2016,2:00 p.m.,Viernes,Camioneta,Publico,Conductor,Masculino,No,Sin Registro,Solo Daños,Choque,No mantener distancia de seguridad,Carrera 50 Calle 39 A Sur,Las Vegas,Urbana,
2153843,01/29/2016,3:40 p.m.,Viernes,Tractocamion,Publico,Conductor,Masculino,No,Sin Registro,Solo Daños,Choque,No mantener distancia de seguridad,Carrera 50 Calle 37  Sur,Las Vegas,Urbana,
2153843,01/29/2016,3:40 p.m.,Viernes,Camion,Publico,Conductor,Masculino,No,Sin Registro,Solo Daños,Choque,No mantener distancia de seguridad,Carrera 50 Calle 37  Sur,Las Vegas,Urbana,
2153844,01/29/2016,5:10 p.m.,Viernes,Microbus,Publico,Conductor,Masculino,No,Sin Registro,Solo Daños,Choque,Impericia en el manejo,Calle 40  Sur Carrera 24,Vereda El Escobero,Urbana,"(6.147263187, -75.57633575)"
2153844,01/29/2016,5:10 p.m.,Viernes,Automovil,Publico,Conductor,Masculino,No,Sin Registro,Solo Daños,Choque,Impericia en el manejo,Calle 40  Sur Carrera 24,Vereda El Escobero,Urbana,"(6.147263187, -75.57633575)"
2153855,01/29/2016,8:15 p.m.,Viernes,Automovil,Particular,Conductor,Femenino,No,Sin Registro,Solo Daños,Choque,Impericia en el manejo,Carrera 48 Calle 30  Sur,Las Vegas,Urbana,"(6.179366643, -75.5880841)"
2153855,01/29/2016,8:15 p.m.,Viernes,Automovil,Particular,Conductor,Masculino,No,Sin Registro,Solo Daños,Choque,Impericia en el manejo,Carrera 48 Calle 30  Sur,Las Vegas,Urbana,"(6.179366643, -75.5880841)"
2160622,01/30/2016,9:00 a.m.,Sábado,Automovil,Publico,Conductor,Masculino,No,Sin Registro,Solo Daños,Choque,Otra,Diagonal 34 C Sur Transversal 14,Sin Registro,Urbana,
2160622,01/30/2016,9:00 a.m.,Sábado,Automovil,Diplomatico,Conductor,Sin registro,No,Sin Registro,Solo Daños,Choque,Otra,Diagonal 34 C Sur Transversal 14,Sin Registro,Urbana,
2153863,01/30/2016,9:40 a.m.,Sábado,Motocicleta,Particular,Motociclista,Masculino,No,Sin Registro,Herido,Atropello,Cruzar sin observar,Carrera 43 A Calle 46  Sur,Primavera,Urbana,"(6.164030981, -75.59599263)"
2153872,01/30/2016,10:08 a.m.,Sábado,Motocicleta,Particular,Motociclista,Masculino,No,Sin Registro,Solo Daños,Choque,Poner en marcha un vehiculo sin precauci,Transversal 34  Sur Diagonal 32,La Magnolia,Urbana,"(6.173524185, -75.58179942)"
2153872,01/30/2016,10:08 a.m.,Sábado,Motocicleta,Particular,Motociclista,Masculino,No,Sin Registro,Solo Daños,Choque,Poner en marcha un vehiculo sin precauci,Transversal 34  Sur Diagonal 32,La Magnolia,Urbana,"(6.173524185, -75.58179942)"