RADICADO,FECHA,HORA,DÍA DE LA SEMANA,CLASE DE VEHICULO,TIPO DE SERVICIO,TIPO DE VICTIMA,SEXO,ESTADO DE BEODEZ,RESULTADO DE BEODEZ,GRAVEDAD,CLASE DE ACCIDENTE,CAUSA,DIRECCIÓN,BARRIO,AREA,Coordenadas
2153848,01/30/2016,10:30 a.m.,Sábado,Camioneta,Publico,Conductor,Sin registro,No,Sin Registro,Solo Daños,Choque,Otra,Carrera 25 Calle 39  Sur,Sin Registro,Urbana,"(6.153814535, -75.57582574)"
2153870,01/30/2016,10:40 a.m.,Sábado,Automovil,Particular,Conductor,Masculino,No,Sin Registro,Solo Daños,Choque,No mantener distancia de seguridad,Calle 37  Sur Carrera 38,Zona Centro,Urbana,"(6.168685416, -75.58429124)"
2153870,01/30/2016,10:40 a.m.,Sábado,Motocicleta,Particular,Motociclista,Masculino,No,Sin Registro,Solo Daños,Choque,No mantener distancia de seguridad,Calle 37  Sur Carrera 38,Zona Centro,Urbana,"(6.168685416, -75.58429124)"
2153857,01/30/2016,1:00 p.m.,Sábado,Automovil,Particular,Conductor,Masculino,No,Sin Registro,Herido,Choque,Transitar entre vehiculos,Carrera 50 Calle 25 AA Sur,Las Vegas,Urbana,"(6.18564452, -75.58633891)"
2153857,01/30/2016,1:00 p.m.,Sábado,Motocicleta,Particular,Motociclista,Masculino,No,Sin Registro,Herido,Choque,Transitar entre vehiculos,Carrera 50 Calle 25 AA Sur,Las Vegas,Urbana,"(6.18564452, -75.58633891)"
2153846,01/30/2016,2:00 p.m.,Sábado,Automovil,Particular,Conductor,Masculino,No,Sin Registro,Solo Daños,Choque,No mantener distancia de seguridad,Carrera 50 Calle 48  Sur,Las Vegas,Urbana,
2153846,01/30/2016,2:00 p.m.,Sábado,Camioneta,Particular,Conductor,Masculino,No,Sin Registro,Solo Daños,Choque,No mantener distancia de seguridad,Carrera 50 Calle 48  Sur,Las Vegas,Urbana,
2153851,01/30/2016,2:10 p.m.,Sábado,Motocicleta,Particular,Motociclista,Masculino,No,Sin Registro,Solo Daños,Choque,No mantener distancia de seguridad,Calle 37 A Sur Carrera 33,Los Naranjos,Urbana,"(6.166332677, -75.58203718)"
2153851,01/30/2016,2:10 p.m.,Sábado,Automovil,Particular,Conductor,Masculino,No,Sin Registro,Solo Daños,Choque,No mantener distancia de seguridad,Calle 37 A Sur Carrera 33,Los Naranjos,Urbana,"(6.166332677, -75.58203718)"
2153853,01/30/2016,2:30 p.m.,Sábado,Automovil,Publico,Conductor,Masculino,No,Sin Registro,Solo Daños,Choque,No mantener distancia de seguridad,Carrera 48 Calle 27 A Sur,Las Vegas,Urbana,"(6.181312425, -75.58688511)"
2153853,01/30/2016,2:30 p.m.,Sábado,Automovil,Particular,Conductor,Femenino,No,Sin Registro,Solo Daños,Choque,No mantener distancia de seguridad,Carrera 48 Calle 27 A Sur,Las Vegas,Urbana,"(6.181312425, -75.58688511)"
2153856,01/30/2016,2:50 p.m.,Sábado,Automovil,Publico,Conductor,Masculino,No,Sin Registro,Solo Daños,Choque,Otra,Calle 40 F Sur Carrera 24,La Mina,Urbana,"(6.153189897, -75.58381114)"
2153856,01/30/2016,2:50 p.m.,Sábado,Automovil,Particular,Conductor,Femenino,No,Sin Registro,Solo Daños,Choque,Otra,Calle 40 F Sur Carrera 24,La Mina,Urbana,"(6.153189897, -75.58381114)"
2153850,01/30/2016,3:10 p.m.,Sábado,Automovil,Particular,Conductor,Femenino,No,Sin Registro,Solo Daños,Choque,Adelantar en zona prohibida,Calle 38  Sur Carrera 46,Alcala,Urbana,"(6.171966643, -75.59136974)"
2153850,01/30/2016,3:10 p.m.,Sábado,Motocicleta,Particular,Motociclista,Femenino,No,Sin Registro,Solo Daños,Choque,Adelantar en zona prohibida,Calle 38  Sur Carrera 46,Alcala,Urbana,"(6.171966643, -75.59136974)"
2153873,01/30/2016,4:00 p.m.,Sábado,Camioneta,Particular,Conductor,Masculino,No,Sin Registro,Solo Daños,Choque,No mantener distancia de seguridad,Tramo 372 Kilometro  13,Vereda Palmas,Rural,
2153873,01/30/2016,4:00 p.m.,Sábado,Automovil,Particular,Conductor,Masculino,No,Sin Registro,Solo Daños,Choque,No mantener distancia de seguridad,Tramo 372 Kilometro  13,Vereda Palmas,Rural,
2153869,01/30/2016,8:30 p.m.,Sábado,Automovil,Publico,Conductor,Masculino,No,Sin Registro,Herido,Choque,No respetar prelacion,Calle 45 B Sur Carrera 30,Las Antillas,Urbana,"(6.156508956, -75.58987661)"
2153869,01/30/2016,8:30 p.m.,Sábado,Motocicleta,Particular,Motociclista,Masculino,No,Sin Registro,Herido,Choque,No respetar prelacion,Calle 45 B Sur Carrera 30,Las Antillas,Urbana,"(6.156508956, -75.58987661)"
2153861,01/30/2016,9:05 p.m.,Sábado,Motocicleta,Particular,Motociclista,Masculino,No,Sin Registro,Herido,Choque,Transitar entre vehiculos,Calle 25 A Sur Carrera 42 B,Sin Registro,Urbana,"(6.181402463, -75.58167941)"
2153861,01/30/2016,9:05 p.m.,Sábado,Automovil,Particular,Conductor,Masculino,No,Sin Registro,Herido,Choque,Transitar entre vehiculos,Calle 25 A Sur Carrera 42 B,Sin Registro,Urbana,"(6.181402463, -75.58167941)"
2153845,01/30/2016,11:55 p.m.,Sábado,Campero,Particular,Conductor,Masculino,No,Sin Registro,Solo Daños,Volcamiento,Exceso de velocidad,Tramo 372 Kilometro  11,Vereda Palmas,Rural,
2153871,01/31/2016,12:20 p.m.,Domingo,Automovil,Particular,Conductor,Masculino,No,Sin Registro,Solo Daños,Choque,Desobedecer senales,Calle 38 A Sur Carrera 33,Mesa,Urbana,"(6.165645413, -75.58254878)"
2153871,01/31/2016,12:20 p.m.,Domingo,Camioneta,Particular,Conductor,Masculino,No,Sin Registro,Solo Daños,Choque,Desobedecer senales,Calle 38 A Sur Carrera 33,Mesa,Urbana,"(6.165645413, -75.58254878)"
2153865,01/02/2016,12:41 a.m.,Lunes,Motocicleta,Particular,Motociclista,Masculino,No,Sin Registro,Herido,Otro,Otra,Transversal 32 C Sur Diagonal 31,Las Flores,Urbana,"(6.174738982, -75.57858186)"
2153867,01/02/2016,5:50 a.m.,Lunes,Motocicleta,Particular,Motociclista,Masculino,No,Sin Registro,Herido,Choque,Adelantar invadiendo carril de sentido contrario,Carrera 45 B Calle 32 C Sur,El Portal,Urbana,"(6.175172645, -75.58870698)"
2153867,01/02/2016,5:50 a.m.,Lunes,Camioneta,Publico,Conductor,Masculino,No,Sin Registro,Herido,Choque,Adelantar invadiendo carril de sentido contrario,Carrera 45 B Calle 32 C Sur,El Portal,Urbana,"(6.175172645, -75.58870698)"
2153891,01/02/2016,6:50 a.m.,Lunes,Camioneta,Particular,Conductor,Femenino,No,Sin Registro,Solo Daños,Choque,Otra,Calle 36 D Sur Carrera 27 D,Vereda El Escobero,Urbana,"(6.164970853, -75.57463727)"
2153891,01/02/2016,6:50 a.m.,Lunes,Automovil,Particular,Conductor,Masculino,No,Sin Registro,Solo Daños,Choque,Otra,Calle 36 D Sur Carrera 27 D,Vereda El Escobero,Urbana,"(6.164970853, -75.57463727)"
2153883,01/02/2016,7:15 a.m.,Lunes,Camioneta,Particular,Conductor,Femenino,No,Sin Registro,Solo Daños,Choque,No mantener distancia de seguridad,Carrera 48 Calle 30  Sur,Las Vegas,Urbana,"(6.179366643, -75.5880841)"
2153883,01/02/2016,7:15 a.m.,Lunes,Automovil,Particular,Conductor,Masculino,No,Sin Registro,Solo Daños,Choque,No mantener distancia de seguridad,Carrera 48 Calle 30  Sur,Las Vegas,Urbana,"(6.179366643, -75.5880841)"
2153878,01/02/2016,9:00 a.m.,Lunes,Camion,Publico,Conductor,Masculino,No,Sin Registro,Solo Daños,Choque,Subirse al anden o vias peatonales,Carrera 29 A Calle 36 E Sur,Sin Registro,Urbana,"(6.167057794, -75.57827392)"
2153878,01/02/2016,9:00 a.m.,Lunes,Automovil,Publico,Conductor,Masculino,No,Sin Registro,Solo Daños,Choque,Subirse al anden o vias peatonales,Carrera 29 A Calle 36 E Sur,Sin Registro,Urbana,"(6.167057794, -75.57827392)"
2153880,01/02/2016,10:00 a.m.,Lunes,Microbus,Publico,Conductor,Masculino,No,Sin Registro,Solo Daños,Choque,No respetar prelacion,Carrera 25 A Calle 38 D Sur,El Chinguí,Urbana,"(6.158679025, -75.56664425)"
2153880,01/02/2016,10:00 a.m.,Lunes,Sin Registro,Publico,Conductor,Masculino,No,Sin Registro,Solo Daños,Choque,No respetar prelacion,Carrera 25 A Calle 38 D Sur,El Chinguí,Urbana,"(6.158679025, -75.56664425)"
2153886,02/02/2016,8:10 a.m.,Martes,Automovil,Particular,Conductor,Femenino,No,Sin Registro,Solo Daños,Choque,Otra,Carrera 50 Calle 37  Sur,Las Vegas,Urbana,
2153885,01/02/2016,12:50 p.m.,Lunes,Camion,Publico,Conductor,Masculino,No,Sin Registro,Solo Daños,Choque,Otra,Carrera 43 A Calle 38  Sur,Zona Centro,Urbana,"(6.170421178, -75.58859877)"
2153885,01/02/2016,12:50 p.m.,Lunes,Camion,Publico,Conductor,Masculino,No,Sin Registro,Solo Daños,Choque,Otra,Carrera 43 A Calle 38  Sur,Zona Centro,Urbana,"(6.170421178, -75.58859877)"
2153866,01/02/2016,1:50 p.m.,Lunes,Bus,Publico,Conductor,Masculino,No,Sin Registro,Herido,Caida Ocupante,Frenar bruscamente,Calle 39  Sur Carrera 43 A,Zona Centro,Urbana,"(6.169120914, -75.58953036)"
2153868,01/02/2016,2:20 p.m.,Lunes,Microbus,Publico,Conductor,Masculino,No,Sin Registro,Herido,Choque,Desobedecer senales,Carrera 33 Calle 38 A Sur,Mesa,Urbana,"(6.165529346, -75.58252676)"
2153868,01/02/2016,2:20 p.m.,Lunes,Motocicleta,Particular,Motociclista,Masculino,No,Sin Registro,Herido,Choque,Desobedecer senales,Carrera 33 Calle 38 A Sur,Mesa,Urbana,"(6.165529346, -75.58252676)"
2153892,01/02/2016,3:35 p.m.,Lunes,Bus,Publico,Conductor,Masculino,No,Sin Registro,Solo Daños,Choque,Otra,Carrera 43 A Calle 22  Sur,Avenida El Poblado,Urbana,"(6.183599544, -75.57940986)"
2153892,01/02/2016,3:35 p.m.,Lunes,Campero,Particular,Conductor,Masculino,No,Sin Registro,Solo Daños,Choque,Otra,Carrera 43 A Calle 22  Sur,Avenida El Poblado,Urbana,"(6.183599544, -75.57940986)"
2153887,01/02/2016,5:01 p.m.,Lunes,Automovil,Publico,Conductor,Masculino,No,Sin Registro,Solo Daños,Choque,Otra,Calle 24  Sur Carrera 34,Zuñiga,Urbana,
2153881,01/02/2016,5:30 p.m.,Lunes,Bus,Publico,Conductor,Masculino,No,Sin Registro,Solo Daños,Choque,Adelantar cerrando,Calle 39  Sur Carrera 43,Zona Centro,Urbana,"(6.168678771, -75.58876156)"
2153881,01/02/2016,5:30 p.m.,Lunes,Camioneta,Particular,Conductor,Masculino,No,Sin Registro,Solo Daños,Choque,Adelantar cerrando,Calle 39  Sur Carrera 43,Zona Centro,Urbana,"(6.168678771, -75.58876156)"
2153877,01/02/2016,6:30 p.m.,Lunes,Camioneta,Particular,Conductor,Masculino,No,Sin Registro,Solo Daños,Choque,Adelantar cerrando,Carrera 43 A Calle 32  Sur,San Marcos,Urbana,"(6.175494708, -75.58575737)"
2153877,01/02/2016,6:30 p.m.,Lunes,Automovil,Particular,Conductor,Masculino,No,Sin Registro,Solo Daños,Choque,Adelantar cerrando,Carrera 43 A Calle 32  Sur,San Marcos,Urbana,"(6.175494708, -75.58575737)"
2153882,01/02/2016,7:30 p.m.,Lunes,Campero,Particular,Conductor,Masculino,No,Sin Registro,Solo Daños,Choque,Otra,Carrera 48 Calle 37  Sur,Las Vegas,Urbana,"(6.172859211, -75.59276992)"
2153882,01/02/2016,7:30 p.m.,Lunes,Automovil,Particular,Conductor,Masculino,No,Sin Registro,Solo Daños,Choque,Otra,Carrera 48 Calle 37  Sur,Las Vegas,Urbana,"(6.172859211, -75.59276992)"
2153876,01/02/2016,9:45 p.m.,Lunes,Automovil,Particular,Conductor,Masculino,No,Sin Registro,Solo Daños,Choque,Transitar entre vehiculos,Calle 37  Sur Carrera 49,Sin Registro,Urbana,"(6.174789471, -75.59420424)"
2153876,01/02/2016,9:45 p.m.,Lunes,Motocicleta,Particular,Motociclista,Femenino,No,Sin Registro,Solo Daños,Choque,Transitar entre vehiculos,Calle 37  Sur Carrera 49,Sin Registro,Urbana,"(6.174789471, -75.59420424)"
2153889,02/02/2016,6:50 a.m.,Martes,Automovil,Particular,Conductor,Femenino,No,Sin Registro,Solo Daños,Choque,Adelantar en zona prohibida,Transversal 34  Sur Diagonal 39,Sin Registro,Urbana,"(6.172372683, -75.58455474)"
2153889,02/02/2016,6:50 a.m.,Martes,Motocicleta,Particular,Motociclista,Masculino,No,Sin Registro,Solo Daños,Choque,Adelantar en zona prohibida,Transversal 34  Sur Diagonal 39,Sin Registro,Urbana,"(6.172372683, -75.58455474)"
2153875,02/02/2016,7:00 a.m.,Martes,Motocicleta,Particular,Motociclista,Masculino,No,Sin Registro,Herido,Choque,Transitar entre vehiculos,Calle 48 C Sur Carrera 46,Sin Registro,Urbana,"(6.162854875, -75.59974437)"
2153875,02/02/2016,7:00 a.m.,Martes,Automovil,Particular,Conductor,Femenino,No,Sin Registro,Herido,Choque,Transitar entre vehiculos,Calle 48 C Sur Carrera 46,Sin Registro,Urbana,"(6.162854875, -75.59974437)"
2153874,02/02/2016,7:15 a.m.,Martes,Camioneta,Publico,Conductor,Masculino,No,Sin Registro,Herido,Choque,Transitar entre vehiculos,Carrera 50 Calle 25 AA Sur,Las Vegas,Urbana,"(6.18564452, -75.58633891)"
2153874,02/02/2016,7:15 a.m.,Martes,Motocicleta,Particular,Motociclista,Masculino,No,Sin Registro,Herido,Choque,Transitar entre vehiculos,Carrera 50 Calle 25 AA Sur,Las Vegas,Urbana,"(6.18564452, -75.58633891)"
2153886,02/02/2016,8:10 a.m.,Martes,Buseta,Publico,Conductor,Masculino,No,Sin Registro,Solo Daños,Choque,Otra,Carrera 50 Calle 37  Sur,Las Vegas,Urbana,
2153888,02/02/2016,9:00 a.m.,Martes,Automovil,Particular,Conductor,Femenino,No,Sin Registro,Solo Daños,Choque,Exceso de velocidad,Calle 36  Sur Carrera 27 A,El Chocho,Urbana,"(6.167592229, -75.57065459)"
2153890,02/02/2016,9:45 a.m.,Martes,Buseta,Publico,Conductor,Masculino,No,Sin Registro,Solo Daños,Choque,No respetar prelacion,Carrera 48 Calle 30  Sur,Las Vegas,Urbana,"(6.179366643, -75.5880841)"
2153890,02/02/2016,9:45 a.m.,Martes,Automovil,Particular,Conductor,Masculino,No,Sin Registro,Solo Daños,Choque,No respetar prelacion,Carrera 48 Calle 30  Sur,Las Vegas,Urbana,"(6.179366643, -75.5880841)"
2160041,04/02/2016,7:10 p.m.,Jueves,Motocicleta,Particular,Motociclista,Femenino,No,Sin Registro,Herido,Choque,Otra,Carrera 41 Calle 33 B Sur,Zona Centro,Urbana,"(6.171618698, -75.5850044)"
2153909,02/02/2016,1:30 p.m.,Martes,Automovil,Particular,Conductor,Femenino,No,Sin Registro,Herido,Choque,Adelantar en zona prohibida,Calle 39  Sur Carrera 29 A,San Jose,Urbana,"(6.164019418, -75.58120807)"
2153909,02/02/2016,1:30 p.m.,Martes,Motocicleta,Particular,Motociclista,Masculino,No,Sin Registro,Herido,Choque,Adelantar en zona prohibida,Calle 39  Sur Carrera 29 A,San Jose,Urbana,"(6.164019418, -75.58120807)"
2153912,02/02/2016,2:00 p.m.,Martes,Sin Registro,Publico,Conductor,Masculino,No,Sin Registro,Solo Daños,Choque,Adelantar cerrando,Diagonal 31 A Transversal 34 E Sur,La Sebastiana,Urbana,"(6.171171404, -75.57984945)"
2153912,02/02/2016,2:00 p.m.,Martes,Camioneta,Publico,Conductor,Masculino,No,Sin Registro,Solo Daños,Choque,Adelantar cerrando,Diagonal 31 A Transversal 34 E Sur,La Sebastiana,Urbana,"(6.171171404, -75.57984945)"
2153884,02/02/2016,2:15 p.m.,Martes,Automovil,Publico,Conductor,Masculino,No,Sin Registro,Solo Daños,Choque,Otra,Carrera 41 Calle 21  Sur,Sin Registro,Urbana,"(6.182090327, -75.57670346)"
2153884,02/02/2016,2:15 p.m.,Martes,Camioneta,Particular,Conductor,Masculino,No,Sin Registro,Solo Daños,Choque,Otra,Carrera 41 Calle 21  Sur,Sin Registro,Urbana,"(6.182090327, -75.57670346)"
2160383,02/02/2016,6:10 p.m.,Martes,Motocicleta,Particular,Motociclista,Masculino,No,Sin Registro,Solo Daños,Choque,Otra,Carrera 50 Calle 29  Sur,Sin Registro,Urbana,"(6.182760672, -75.58882785)"
2160383,02/02/2016,6:10 p.m.,Martes,Motocicleta,Particular,Motociclista,Masculino,No,Sin Registro,Solo Daños,Choque,Otra,Carrera 50 Calle 29  Sur,Sin Registro,Urbana,"(6.182760672, -75.58882785)"
2153903,02/02/2016,8:10 p.m.,Martes,Automovil,Particular,Conductor,Femenino,No,Sin Registro,Solo Daños,Choque,Desobedecer senales,Carrera 47 A Calle 39  Sur,Alcala,Urbana,"(6.171342349, -75.59336145)"
2153903,02/02/2016,8:10 p.m.,Martes,Automovil,Particular,Conductor,Femenino,No,Sin Registro,Solo Daños,Choque,Desobedecer senales,Carrera 47 A Calle 39  Sur,Alcala,Urbana,"(6.171342349, -75.59336145)"
2153910,02/02/2016,10:32 p.m.,Martes,Motocicleta,Particular,Motociclista,Masculino,No,Sin Registro,Herido,Caida Ocupante,Otra,Tramo 372 Kilometro  14,Vereda Palmas,Rural,
2153894,03/02/2016,5:20 a.m.,Miércoles,Camioneta,Particular,Conductor,Femenino,No,Sin Registro,Herido,Atropello,Cruzar sin observar,Carrera 48 Calle 25 AA Sur,Las Vegas,Urbana,"(6.183765745, -75.58469035)"
2153907,03/02/2016,5:45 a.m.,Miércoles,Automovil,Particular,Conductor,Masculino,No,Sin Registro,Herido,Choque,Otra,Carrera 50 Calle 29  Sur,Las Vegas,Urbana,"(6.182760672, -75.58882785)"
2153907,03/02/2016,5:45 a.m.,Miércoles,Motocicleta,Particular,Motociclista,Masculino,No,Sin Registro,Herido,Choque,Otra,Carrera 50 Calle 29  Sur,Las Vegas,Urbana,"(6.182760672, -75.58882785)"
2153907,03/02/2016,5:45 a.m.,Miércoles,Motocicleta,Particular,Motociclista,Femenino,No,Sin Registro,Herido,Choque,Otra,Carrera 50 Calle 29  Sur,Las Vegas,Urbana,"(6.182760672, -75.58882785)"
2153879,03/02/2016,5:50 a.m.,Miércoles,Motocicleta,Particular,Motociclista,Masculino,No,Sin Registro,Herido,Choque,Otra,Carrera 50 Calle 43  Sur,Las Vegas,Urbana,
2153879,03/02/2016,5:50 a.m.,Miércoles,Motocicleta,Particular,Motociclista,Masculino,No,Sin Registro,Herido,Choque,Otra,Carrera 50 Calle 43  Sur,Las Vegas,Urbana,
2153900,03/02/2016,6:30 a.m.,Miércoles,Camioneta,Particular,Conductor,Femenino,No,Sin Registro,Solo Daños,Choque,No mantener distancia de seguridad,Calle 25  Sur Carrera 42 B,Las Orquideas,Urbana,"(6.179561127, -75.57986633)"
2153900,03/02/2016,6:30 a.m.,Miércoles,Automovil,Particular,Conductor,Femenino,No,Sin Registro,Solo Daños,Choque,No mantener distancia de seguridad,Calle 25  Sur Carrera 42 B,Las Orquideas,Urbana,"(6.179561127, -75.57986633)"
2153905,03/02/2016,8:00 a.m.,Miércoles,Automovil,Particular,Conductor,Femenino,No,Sin Registro,Herido,Choque,Otra,Carrera 50 Calle 46 A Sur,Las Vegas,Urbana,"(6.16131219, -75.60319818)"
2153905,03/02/2016,8:00 a.m.,Miércoles,Motocicleta,Particular,Motociclista,Femenino,No,Sin Registro,Herido,Choque,Otra,Carrera 50 Calle 46 A Sur,Las Vegas,Urbana,"(6.16131219, -75.60319818)"
2153893,03/02/2016,11:15 a.m.,Miércoles,Automovil,Particular,Conductor,Masculino,No,Sin Registro,Solo Daños,Choque,Otra,Carrera 48 Calle 34  Sur,Las Vegas,Urbana,"(6.175414344, -75.59078218)"
2153893,03/02/2016,11:15 a.m.,Miércoles,Automovil,Particular,Conductor,Masculino,No,Sin Registro,Solo Daños,Choque,Otra,Carrera 48 Calle 34  Sur,Las Vegas,Urbana,"(6.175414344, -75.59078218)"
2153899,03/02/2016,11:40 a.m.,Miércoles,Buseta,Publico,Conductor,Masculino,No,Sin Registro,Solo Daños,Choque,Poner en marcha un vehiculo sin precauci,Carrera 43 Calle 32  Sur,San Marcos,Urbana,"(6.175345679, -75.58512506)"
2153899,03/02/2016,11:40 a.m.,Miércoles,Automovil,Publico,Conductor,Masculino,No,Sin Registro,Solo Daños,Choque,Poner en marcha un vehiculo sin precauci,Carrera 43 Calle 32  Sur,San Marcos,Urbana,"(6.175345679, -75.58512506)"
2153906,03/02/2016,2:10 p.m.,Miércoles,Motocicleta,Particular,Motociclista,Masculino,No,Sin Registro,Herido,Caida Ocupante,Otra,Calle 37  Sur Carrera 50,Las Vegas,Urbana,
2153902,03/02/2016,4:40 p.m.,Miércoles,Motocicleta,Particular,Motociclista,Masculino,No,Sin Registro,Solo Daños,Choque,No mantener distancia de seguridad,Calle 40 B Sur Carrera 37,El Dorado,Urbana,"(6.164256506, -75.58642)"
2153902,03/02/2016,4:40 p.m.,Miércoles,Automovil,Publico,Conductor,Masculino,No,Sin Registro,Solo Daños,Choque,No mantener distancia de seguridad,Calle 40 B Sur Carrera 37,El Dorado,Urbana,"(6.164256506, -75.58642)"
2153904,03/02/2016,4:40 p.m.,Miércoles,Motocicleta,Particular,Motociclista,Masculino,No,Sin Registro,Herido,Choque,No respetar prelacion,Calle 37  Sur Diagonal 31,La Pradera,Urbana,"(6.166120684, -75.58074061)"
2153904,03/02/2016,4:40 p.m.,Miércoles,Campero,Particular,Conductor,Femenino,No,Sin Registro,Herido,Choque,No respetar prelacion,Calle 37  Sur Diagonal 31,La Pradera,Urbana,"(6.166120684, -75.58074061)"
2153898,03/02/2016,4:50 p.m.,Miércoles,Microbus,Publico,Conductor,Masculino,No,Sin Registro,Solo Daños,Choque,No respetar prelacion,Calle 38  Sur Carrera 38,Zona Centro,Urbana,"(6.16803936, -75.58469435)"
2153898,03/02/2016,4:50 p.m.,Miércoles,Automovil,Publico,Conductor,Masculino,No,Sin Registro,Solo Daños,Choque,No respetar prelacion,Calle 38  Sur Carrera 38,Zona Centro,Urbana,"(6.16803936, -75.58469435)"
2153901,03/02/2016,6:10 p.m.,Miércoles,Automovil,Particular,Conductor,Masculino,No,Sin Registro,Solo Daños,Choque,Exceso de velocidad,Carrera 45 B Calle 35  Sur,El Portal,Urbana,"(6.173887537, -75.58970195)"
2153908,03/02/2016,7:30 p.m.,Miércoles,Automovil,Particular,Conductor,Femenino,No,Sin Registro,Herido,Choque,No mantener distancia de seguridad,Carrera 50 Calle 25  Sur,Las Vegas,Urbana,"(6.186515998, -75.58512541)"
2153908,03/02/2016,7:30 p.m.,Miércoles,Motocicleta,Particular,Motociclista,Masculino,No,Sin Registro,Herido,Choque,No mantener distancia de seguridad,Carrera 50 Calle 25  Sur,Las Vegas,Urbana,"(6.186515998, -75.58512541)"
2153908,03/02/2016,7:30 p.m.,Miércoles,Automovil,Particular,Conductor,Masculino,No,Sin Registro,Herido,Choque,No mantener distancia de seguridad,Carrera 50 Calle 25  Sur,Las Vegas,Urbana,"(6.186515998, -75.58512541)"
2153897,04/02/2016,8:00 a.m.,Jueves,Buseta,Publico,Conductor,Masculino,No,Sin Registro,Solo Daños,Choque,No respetar prelacion,Calle 25  Sur Carrera 42 B,Las Orquideas,Urbana,"(6.179561127, -75.57986633)"
2153897,04/02/2016,8:00 a.m.,Jueves,Camioneta,Particular,Conductor,Femenino,No,Sin Registro,Solo Daños,Choque,No respetar prelacion,Calle 25  Sur Carrera 42 B,Las Orquideas,Urbana,"(6.179561127, -75.57986633)"
2153895,04/02/2016,9:00 a.m.,Jueves,Automovil,Particular,Conductor,Masculino,No,Sin Registro,Solo Daños,Choque,No mantener distancia de seguridad,Calle 25  Sur Carrera 43 A,Zuñiga,Urbana,"(6.181560189, -75.58201649)"
2153895,04/02/2016,9:00 a.m.,Jueves,Sin Registro,Publico,Conductor,Masculino,No,Sin Registro,Solo Daños,Choque,No mantener distancia de seguridad,Calle 25  Sur Carrera 43 A,Zuñiga,Urbana,"(6.181560189, -75.58201649)"
2153896,04/02/2016,9:50 a.m.,Jueves,Automovil,Particular,Conductor,Femenino,No,Sin Registro,Solo Daños,Choque,Otra,Transversal 35 A Sur Carrera 33 A,Los Naranjos,Urbana,"(6.16952246, -75.58215429)"
2153896,04/02/2016,9:50 a.m.,Jueves,Campero,Particular,Conductor,Masculino,No,Sin Registro,Solo Daños,Choque,Otra,Transversal 35 A Sur Carrera 33 A,Los Naranjos,Urbana,"(6.16952246, -75.58215429)"
2153916,04/02/2016,3:10 p.m.,Jueves,Automovil,Particular,Conductor,Masculino,No,Sin Registro,Solo Daños,Choque,No mantener distancia de seguridad,Carrera 50 Calle 46 A Sur,Las Vegas,Urbana,"(6.16131219, -75.60319818)"
2160007,05/02/2016,8:10 p.m.,Viernes,Microbus,Publico,Conductor,Masculino,No,Sin Registro,Herido,Choque,No respetar prelacion,Tramo 372 Kilometro  16,Vereda Palmas,Rural,
2153916,04/02/2016,3:10 p.m.,Jueves,Automovil,Particular,Conductor,Femenino,No,Sin Registro,Solo Daños,Choque,No mantener distancia de seguridad,Carrera 50 Calle 46 A Sur,Las Vegas,Urbana,"(6.16131219, -75.60319818)"
2153916,04/02/2016,3:10 p.m.,Jueves,Camion,Publico,Conductor,Masculino,No,Sin Registro,Solo Daños,Choque,No mantener distancia de seguridad,Carrera 50 Calle 46 A Sur,Las Vegas,Urbana,"(6.16131219, -75.60319818)"
2160006,04/02/2016,3:15 p.m.,Jueves,Buseta,Publico,Conductor,Masculino,No,Sin Registro,Solo Daños,Choque,Exceso de velocidad,Tramo 371 Kilometro  2,Vereda El Escobero,Rural,
2160006,04/02/2016,3:15 p.m.,Jueves,Automovil,Particular,Conductor,Femenino,No,Sin Registro,Solo Daños,Choque,Exceso de velocidad,Tramo 371 Kilometro  2,Vereda El Escobero,Rural,
2160000,04/02/2016,3:30 p.m.,Jueves,Automovil,Particular,Conductor,Femenino,No,Sin Registro,Solo Daños,Choque,No mantener distancia de seguridad,Carrera 43 A Calle 25 A Sur,Zuñiga,Urbana,"(6.181504184, -75.5817415)"
2160000,04/02/2016,3:30 p.m.,Jueves,Camion,Publico,Conductor,Masculino,No,Sin Registro,Solo Daños,Choque,No mantener distancia de seguridad,Carrera 43 A Calle 25 A Sur,Zuñiga,Urbana,"(6.181504184, -75.5817415)"
2160001,04/02/2016,6:00 p.m.,Jueves,Motocicleta,Particular,Motociclista,Masculino,No,Sin Registro,Solo Daños,Choque,No mantener distancia de seguridad,Carrera 43 A Calle 21  Sur,Zuñiga,Urbana,"(6.183599544, -75.57940986)"
2160001,04/02/2016,6:00 p.m.,Jueves,Automovil,Particular,Conductor,Masculino,No,Sin Registro,Solo Daños,Choque,No mantener distancia de seguridad,Carrera 43 A Calle 21  Sur,Zuñiga,Urbana,"(6.183599544, -75.57940986)"
2160014,04/02/2016,6:30 p.m.,Jueves,Automovil,Particular,Conductor,Femenino,No,Sin Registro,Solo Daños,Choque,Adelantar cerrando,Carrera 50 Calle 19  Sur,Las Vegas,Urbana,
2160014,04/02/2016,6:30 p.m.,Jueves,Camion,Publico,Conductor,Masculino,No,Sin Registro,Solo Daños,Choque,Adelantar cerrando,Carrera 50 Calle 19  Sur,Las Vegas,Urbana,
2160041,04/02/2016,7:10 p.m.,Jueves,Automovil,Particular,Conductor,Masculino,No,Sin Registro,Herido,Choque,Otra,Carrera 41 Calle 33 B Sur,Zona Centro,Urbana,"(6.171618698, -75.5850044)"