RADICADO,FECHA,HORA,DÍA DE LA SEMANA,CLASE DE VEHICULO,TIPO DE SERVICIO,TIPO DE VICTIMA,SEXO,ESTADO DE BEODEZ,RESULTADO DE BEODEZ,GRAVEDAD,CLASE DE ACCIDENTE,CAUSA,DIRECCIÓN,BARRIO,AREA,Coordenadas
2160033,04/02/2016,10:00 p.m.,Jueves,Motocicleta,Particular,Motociclista,Femenino,No,Sin Registro,Solo Daños,Choque,No mantener distancia de seguridad,Carrera 43 A Calle 48 C Sur,Sin Registro,Urbana,"(6.162218777, -75.59764446)"
2160033,04/02/2016,10:00 p.m.,Jueves,Automovil,Particular,Conductor,Masculino,No,Sin Registro,Solo Daños,Choque,No mantener distancia de seguridad,Carrera 43 A Calle 48 C Sur,Sin Registro,Urbana,"(6.162218777, -75.59764446)"
2153918,05/02/2016,3:00 a.m.,Viernes,Motocicleta,Particular,Motociclista,Sin registro,No,Sin Registro,Herido,Caida Ocupante,Otra,Tramo 372 Kilometro  12,Vereda Palmas,Rural,
2160013,05/02/2016,7:00 a.m.,Viernes,Tractocamion,Publico,Conductor,Masculino,No,Sin Registro,Herido,Choque,Transitar entre vehiculos,Carrera 50 Calle 43  Sur,Las Vegas,Urbana,
2160013,05/02/2016,7:00 a.m.,Viernes,Camioneta,Publico,Conductor,Masculino,No,Sin Registro,Herido,Choque,Transitar entre vehiculos,Carrera 50 Calle 43  Sur,Las Vegas,Urbana,
2160013,05/02/2016,7:00 a.m.,Viernes,Motocicleta,Particular,Motociclista,Masculino,No,Sin Registro,Herido,Choque,Transitar entre vehiculos,Carrera 50 Calle 43  Sur,Las Vegas,Urbana,
2160024,05/02/2016,8:20 a.m.,Viernes,Automovil,Particular,Conductor,Masculino,No,Sin Registro,Herido,Volcamiento,Exceso de velocidad,Tramo 371 Kilometro  4,Vereda El Escobero,Rural,
2160004,05/02/2016,10:20 a.m.,Viernes,Motocicleta,Particular,Motociclista,Masculino,No,Sin Registro,Solo Daños,Choque,No mantener distancia de seguridad,Carrera 50 Calle 39  Sur,Las Vegas,Urbana,
2160004,05/02/2016,10:20 a.m.,Viernes,Automovil,Particular,Conductor,Masculino,No,Sin Registro,Solo Daños,Choque,No mantener distancia de seguridad,Carrera 50 Calle 39  Sur,Las Vegas,Urbana,
2153914,05/02/2016,11:00 a.m.,Viernes,Motocicleta,Particular,Motociclista,Masculino,No,Sin Registro,Solo Daños,Choque,Fallas en los frenos,Calle 38 D Sur Carrera 25,Vereda El Escobero,Urbana,
2153914,05/02/2016,11:00 a.m.,Viernes,Automovil,Publico,Conductor,Masculino,No,Sin Registro,Solo Daños,Choque,Fallas en los frenos,Calle 38 D Sur Carrera 25,Vereda El Escobero,Urbana,
2153920,05/02/2016,2:20 p.m.,Viernes,Automovil,Publico,Conductor,Masculino,No,Sin Registro,Solo Daños,Choque,Subirse al anden o vias peatonales,Carrera 27 Calle 27  Sur,El Esmeraldal,Urbana,"(6.172298689, -75.56780953)"
2153920,05/02/2016,2:20 p.m.,Viernes,Motocicleta,Particular,Motociclista,Masculino,No,Sin Registro,Solo Daños,Choque,Subirse al anden o vias peatonales,Carrera 27 Calle 27  Sur,El Esmeraldal,Urbana,"(6.172298689, -75.56780953)"
2160016,05/02/2016,3:00 p.m.,Viernes,Buseta,Publico,Conductor,Masculino,No,Sin Registro,Solo Daños,Choque,Otra,Calle 38 B Sur Carrera 30,Mesa,Urbana,
2160016,05/02/2016,3:00 p.m.,Viernes,Motocicleta,Particular,Motociclista,Masculino,No,Sin Registro,Solo Daños,Choque,Otra,Calle 38 B Sur Carrera 30,Mesa,Urbana,
2160016,05/02/2016,3:00 p.m.,Viernes,Motocicleta,Particular,Motociclista,Masculino,No,Sin Registro,Solo Daños,Choque,Otra,Calle 38 B Sur Carrera 30,Mesa,Urbana,
2160016,05/02/2016,3:00 p.m.,Viernes,Motocicleta,Particular,Motociclista,Masculino,No,Sin Registro,Solo Daños,Choque,Otra,Calle 38 B Sur Carrera 30,Mesa,Urbana,
2153913,05/02/2016,5:40 p.m.,Viernes,Motocicleta,Particular,Motociclista,Femenino,No,Sin Registro,Herido,Choque,No mantener distancia de seguridad,Carrera 50 Calle 49  Sur,Sin Registro,Urbana,
2153913,05/02/2016,5:40 p.m.,Viernes,Camioneta,Particular,Conductor,Masculino,No,Sin Registro,Herido,Choque,No mantener distancia de seguridad,Carrera 50 Calle 49  Sur,Sin Registro,Urbana,
2153917,05/02/2016,6:00 p.m.,Viernes,Microbus,Publico,Conductor,Masculino,No,Sin Registro,Solo Daños,Choque,Adelantar en zona prohibida,Carrera 48 Calle 38 B Sur,Alcala,Urbana,"(6.172021384, -75.59327898)"
2153917,05/02/2016,6:00 p.m.,Viernes,Motocicleta,Particular,Motociclista,Masculino,No,Sin Registro,Solo Daños,Choque,Adelantar en zona prohibida,Carrera 48 Calle 38 B Sur,Alcala,Urbana,"(6.172021384, -75.59327898)"
2160007,05/02/2016,8:10 p.m.,Viernes,Motocicleta,Particular,Motociclista,Masculino,No,Sin Registro,Herido,Choque,No respetar prelacion,Tramo 372 Kilometro  16,Vereda Palmas,Rural,
2153915,05/02/2016,8:16 p.m.,Viernes,Camion,Publico,Conductor,Masculino,No,Sin Registro,Solo Daños,Choque,No mantener distancia de seguridad,Carrera 43 A Calle 33 B Sur,Zona Centro,Urbana,"(6.173325428, -75.5866772)"
2160005,05/02/2016,9:45 p.m.,Viernes,Automovil,Particular,Conductor,Femenino,No,Sin Registro,Solo Daños,Choque,No respetar prelacion,Calle 40 A Sur Carrera 42,El Dorado,Urbana,"(6.168801152, -75.59444901)"
2160005,05/02/2016,9:45 p.m.,Viernes,Automovil,Particular,Conductor,Masculino,No,Sin Registro,Solo Daños,Choque,No respetar prelacion,Calle 40 A Sur Carrera 42,El Dorado,Urbana,"(6.168801152, -75.59444901)"
2153911,06/02/2016,7:00 a.m.,Sábado,Automovil,Particular,Conductor,Femenino,No,Sin Registro,Solo Daños,Choque,Adelantar invadiendo carril de sentido contrario,Calle 50  Sur Carrera 49,Sin Registro,Urbana,
2153911,06/02/2016,7:00 a.m.,Sábado,Automovil,Particular,Conductor,Femenino,No,Sin Registro,Solo Daños,Choque,Adelantar invadiendo carril de sentido contrario,Calle 50  Sur Carrera 49,Sin Registro,Urbana,
2160017,06/02/2016,9:25 a.m.,Sábado,Automovil,Particular,Conductor,Masculino,No,Sin Registro,Solo Daños,Choque,No mantener distancia de seguridad,Carrera 50 Calle 37  Sur,Las Vegas,Urbana,
2160017,06/02/2016,9:25 a.m.,Sábado,Camion,Publico,Conductor,Masculino,No,Sin Registro,Solo Daños,Choque,No mantener distancia de seguridad,Carrera 50 Calle 37  Sur,Las Vegas,Urbana,
2160737,06/02/2016,11:40 a.m.,Sábado,Motocicleta,Particular,Motociclista,Masculino,No,Sin Registro,Solo Daños,Choque,Otra,Carrera 48 Calle 34  Sur,Sin Registro,Urbana,"(6.175414344, -75.59078218)"
2160737,06/02/2016,11:40 a.m.,Sábado,Motocicleta,Particular,Motociclista,Sin registro,No,Sin Registro,Solo Daños,Choque,Otra,Carrera 48 Calle 34  Sur,Sin Registro,Urbana,"(6.175414344, -75.59078218)"
2160038,06/02/2016,2:20 p.m.,Sábado,Camioneta,Particular,Conductor,Femenino,No,Sin Registro,Solo Daños,Choque,No mantener distancia de seguridad,Tramo 372 Kilometro  13,Vereda Palmas,Rural,
2160038,06/02/2016,2:20 p.m.,Sábado,Automovil,Particular,Conductor,Masculino,No,Sin Registro,Solo Daños,Choque,No mantener distancia de seguridad,Tramo 372 Kilometro  13,Vereda Palmas,Rural,
2160002,06/02/2016,2:45 p.m.,Sábado,Campero,Particular,Conductor,Masculino,No,Sin Registro,Solo Daños,Choque,No respetar prelacion,Carrera 43 Calle 37  Sur,Zona Centro,Urbana,"(6.170611802, -75.58752592)"
2160002,06/02/2016,2:45 p.m.,Sábado,Camioneta,Publico,Conductor,Masculino,No,Sin Registro,Solo Daños,Choque,No respetar prelacion,Carrera 43 Calle 37  Sur,Zona Centro,Urbana,"(6.170611802, -75.58752592)"
2160003,06/02/2016,3:30 p.m.,Sábado,Campero,Particular,Conductor,Masculino,No,Sin Registro,Solo Daños,Choque,No mantener distancia de seguridad,Carrera 50 Calle 25  Sur,Sin Registro,Urbana,"(6.186515998, -75.58512541)"
2160003,06/02/2016,3:30 p.m.,Sábado,Tractocamion,Publico,Conductor,Masculino,No,Sin Registro,Solo Daños,Choque,No mantener distancia de seguridad,Carrera 50 Calle 25  Sur,Sin Registro,Urbana,"(6.186515998, -75.58512541)"
2160008,06/02/2016,4:20 p.m.,Sábado,Automovil,Particular,Conductor,Masculino,No,Sin Registro,Herido,Choque,Transitar entre vehiculos,Calle 21  Sur Carrera 41,Sin Registro,Urbana,"(6.182165945, -75.57677668)"
2160008,06/02/2016,4:20 p.m.,Sábado,Motocicleta,Particular,Motociclista,Masculino,No,Sin Registro,Herido,Choque,Transitar entre vehiculos,Calle 21  Sur Carrera 41,Sin Registro,Urbana,"(6.182165945, -75.57677668)"
2153919,06/02/2016,6:00 p.m.,Sábado,Bus,Publico,Conductor,Masculino,No,Sin Registro,Solo Daños,Choque,Desobedecer senales,Calle 40  Sur Carrera 29,San Jose,Urbana,"(6.159832302, -75.5825953)"
2153919,06/02/2016,6:00 p.m.,Sábado,Automovil,Publico,Conductor,Masculino,No,Sin Registro,Solo Daños,Choque,Desobedecer senales,Calle 40  Sur Carrera 29,San Jose,Urbana,"(6.159832302, -75.5825953)"
2153921,06/02/2016,6:20 p.m.,Sábado,Motocicleta,Particular,Motociclista,Masculino,No,Sin Registro,Solo Daños,Choque,Otra,Carrera 43 A Calle 36  Sur,Zona Centro,Urbana,"(6.171753325, -75.58772767)"
2153921,06/02/2016,6:20 p.m.,Sábado,Campero,Diplomatico,Conductor,Masculino,No,Sin Registro,Solo Daños,Choque,Otra,Carrera 43 A Calle 36  Sur,Zona Centro,Urbana,"(6.171753325, -75.58772767)"
2160021,06/02/2016,9:30 p.m.,Sábado,Microbus,Publico,Conductor,Masculino,No,Sin Registro,Herido,Choque,Adelantar en zona prohibida,Transversal 34 D Sur Diagonal 31,Las Flores,Urbana,"(6.172106631, -75.57927512)"
2160021,06/02/2016,9:30 p.m.,Sábado,Motocicleta,Particular,Motociclista,Masculino,No,Sin Registro,Herido,Choque,Adelantar en zona prohibida,Transversal 34 D Sur Diagonal 31,Las Flores,Urbana,"(6.172106631, -75.57927512)"
2153922,07/02/2016,11:20 a.m.,Domingo,Motocicleta,Particular,Motociclista,Masculino,No,Sin Registro,Solo Daños,Choque,Otra,Tramo 372 Kilometro  14,Vereda Palmas,Rural,
2160022,07/02/2016,12:00 p.m.,Domingo,Automovil,Particular,Conductor,Masculino,No,Sin Registro,Herido,Choque,No mantener distancia de seguridad,Calle 25  Sur Carrera 43 A,Zuñiga,Urbana,"(6.181560189, -75.58201649)"
2160022,07/02/2016,12:00 p.m.,Domingo,Motocicleta,Particular,Motociclista,Masculino,No,Sin Registro,Herido,Choque,No mantener distancia de seguridad,Calle 25  Sur Carrera 43 A,Zuñiga,Urbana,"(6.181560189, -75.58201649)"
2160009,07/02/2016,7:20 p.m.,Domingo,Automovil,Particular,Conductor,Masculino,No,Sin Registro,Solo Daños,Choque,No mantener distancia de seguridad,Calle 36  Sur Carrera 23,Vereda El Escobero,Urbana,"(6.167434238, -75.56295895)"
2160009,07/02/2016,7:20 p.m.,Domingo,Automovil,Particular,Conductor,Masculino,No,Sin Registro,Solo Daños,Choque,No mantener distancia de seguridad,Calle 36  Sur Carrera 23,Vereda El Escobero,Urbana,"(6.167434238, -75.56295895)"
2160018,07/02/2016,11:15 p.m.,Domingo,Automovil,Publico,Conductor,Masculino,No,Sin Registro,Solo Daños,Choque,Semaforo en rojo,Diagonal 31 Calle 37  Sur,La Magnolia,Urbana,"(6.165165175, -75.58026896)"
2160018,07/02/2016,11:15 p.m.,Domingo,Automovil,Particular,Conductor,Masculino,No,Sin Registro,Solo Daños,Choque,Semaforo en rojo,Diagonal 31 Calle 37  Sur,La Magnolia,Urbana,"(6.165165175, -75.58026896)"
2160010,08/02/2016,7:15 a.m.,Lunes,Camioneta,Publico,Conductor,Femenino,No,Sin Registro,Solo Daños,Choque,Poner en marcha un vehiculo sin precauci,Calle 45 B Sur Carrera 42 B,La Paz,Urbana,"(6.163155121, -75.59370839)"
2160010,08/02/2016,7:15 a.m.,Lunes,Automovil,Particular,Conductor,Femenino,No,Sin Registro,Solo Daños,Choque,Poner en marcha un vehiculo sin precauci,Calle 45 B Sur Carrera 42 B,La Paz,Urbana,"(6.163155121, -75.59370839)"
2160012,08/02/2016,9:10 a.m.,Lunes,Camioneta,Particular,Conductor,Femenino,No,Sin Registro,Solo Daños,Choque,No mantener distancia de seguridad,Calle 36 D Sur Carrera 23,Vereda El Escobero,Urbana,"(6.162479576, -75.57022257)"
2160012,08/02/2016,9:10 a.m.,Lunes,Automovil,Particular,Conductor,Masculino,No,Sin Registro,Solo Daños,Choque,No mantener distancia de seguridad,Calle 36 D Sur Carrera 23,Vereda El Escobero,Urbana,"(6.162479576, -75.57022257)"
2160031,08/02/2016,4:35 p.m.,Lunes,Microbus,Publico,Conductor,Masculino,No,Sin Registro,Solo Daños,Choque,Adelantar cerrando,Carrera 39 Calle 38 A Sur,Mesa,Urbana,"(6.16756055, -75.58564318)"
2160031,08/02/2016,4:35 p.m.,Lunes,Automovil,Particular,Conductor,Masculino,No,Sin Registro,Solo Daños,Choque,Adelantar cerrando,Carrera 39 Calle 38 A Sur,Mesa,Urbana,"(6.16756055, -75.58564318)"
2160015,08/02/2016,4:50 p.m.,Lunes,Motocicleta,Particular,Motociclista,Masculino,No,Sin Registro,Solo Daños,Choque,No mantener distancia de seguridad,Carrera 48 Calle 48  Sur,Las Vegas,Urbana,"(6.164595282, -75.60138041)"
2160015,08/02/2016,4:50 p.m.,Lunes,Automovil,Particular,Conductor,Masculino,No,Sin Registro,Solo Daños,Choque,No mantener distancia de seguridad,Carrera 48 Calle 48  Sur,Las Vegas,Urbana,"(6.164595282, -75.60138041)"
2160023,08/02/2016,5:00 p.m.,Lunes,Camion,Publico,Conductor,Masculino,No,Sin Registro,Solo Daños,Choque,Otra,Carrera 48 Calle 27 A Sur,Las Vegas,Urbana,"(6.181312425, -75.58688511)"
2160023,08/02/2016,5:00 p.m.,Lunes,Camioneta,Publico,Conductor,Masculino,No,Sin Registro,Solo Daños,Choque,Otra,Carrera 48 Calle 27 A Sur,Las Vegas,Urbana,"(6.181312425, -75.58688511)"
2160034,08/02/2016,5:00 p.m.,Lunes,Automovil,Publico,Conductor,Masculino,No,Sin Registro,Solo Daños,Choque,No mantener distancia de seguridad,Carrera 50 Calle 42  Sur,Las Vegas,Urbana,
2160034,08/02/2016,5:00 p.m.,Lunes,Campero,Particular,Conductor,Masculino,No,Sin Registro,Solo Daños,Choque,No mantener distancia de seguridad,Carrera 50 Calle 42  Sur,Las Vegas,Urbana,
2160034,08/02/2016,5:00 p.m.,Lunes,Automovil,Particular,Conductor,Masculino,No,Sin Registro,Solo Daños,Choque,No mantener distancia de seguridad,Carrera 50 Calle 42  Sur,Las Vegas,Urbana,
2160019,08/02/2016,6:30 p.m.,Lunes,Automovil,Particular,Conductor,Masculino,No,Sin Registro,Solo Daños,Choque,Desobedecer senales,Transversal 32 C Sur Diagonal 32,La Magnolia,Urbana,"(6.175116463, -75.58238464)"
2160019,08/02/2016,6:30 p.m.,Lunes,Camioneta,Particular,Conductor,Masculino,No,Sin Registro,Solo Daños,Choque,Desobedecer senales,Transversal 32 C Sur Diagonal 32,La Magnolia,Urbana,"(6.175116463, -75.58238464)"
2160011,08/02/2016,7:00 p.m.,Lunes,Automovil,Particular,Conductor,Masculino,No,Sin Registro,Solo Daños,Choque,No mantener distancia de seguridad,Carrera 48 Calle 38 A Sur,Las Vegas,Urbana,"(6.172315595, -75.59309025)"
2160011,08/02/2016,7:00 p.m.,Lunes,Automovil,Publico,Conductor,Masculino,No,Sin Registro,Solo Daños,Choque,No mantener distancia de seguridad,Carrera 48 Calle 38 A Sur,Las Vegas,Urbana,"(6.172315595, -75.59309025)"
2160026,08/02/2016,7:30 p.m.,Lunes,Automovil,Particular,Conductor,Masculino,No,Sin Registro,Herido,Choque,No respetar prelacion,Calle 36 D Sur Carrera 27 D,Vereda El Escobero,Urbana,"(6.164970853, -75.57463727)"
2160026,08/02/2016,7:30 p.m.,Lunes,Motocicleta,Particular,Motociclista,Masculino,No,Sin Registro,Herido,Choque,No respetar prelacion,Calle 36 D Sur Carrera 27 D,Vereda El Escobero,Urbana,"(6.164970853, -75.57463727)"
2160020,08/02/2016,10:45 p.m.,Lunes,Automovil,Particular,Conductor,Femenino,No,Sin Registro,Solo Daños,Choque,Adelantar por la derecha,Diagonal 31 E Transversal 34 C Sur,Sin Registro,Urbana,"(6.17232973, -75.57930222)"
2160020,08/02/2016,10:45 p.m.,Lunes,Motocicleta,Particular,Motociclista,Masculino,No,Sin Registro,Solo Daños,Choque,Adelantar por la derecha,Diagonal 31 E Transversal 34 C Sur,Sin Registro,Urbana,"(6.17232973, -75.57930222)"
2160047,09/02/2016,6:40 a.m.,Martes,Automovil,Particular,Conductor,Masculino,No,Sin Registro,Solo Daños,Choque,No mantener distancia de seguridad,Carrera 48 Calle 50  Sur,Sin Registro,Urbana,
2160047,09/02/2016,6:40 a.m.,Martes,Bus,Publico,Conductor,Masculino,No,Sin Registro,Solo Daños,Choque,No mantener distancia de seguridad,Carrera 48 Calle 50  Sur,Sin Registro,Urbana,
2160048,09/02/2016,10:08 a.m.,Martes,Automovil,Particular,Conductor,Masculino,No,Sin Registro,Solo Daños,Choque,Poner en marcha un vehiculo sin precauci,Calle 38  Sur Carrera 43,Zona Centro,Urbana,"(6.170061667, -75.58783913)"
2160048,09/02/2016,10:08 a.m.,Martes,Automovil,Particular,Conductor,Masculino,No,Sin Registro,Solo Daños,Choque,Poner en marcha un vehiculo sin precauci,Calle 38  Sur Carrera 43,Zona Centro,Urbana,"(6.170061667, -75.58783913)"
2160039,09/02/2016,11:00 a.m.,Martes,Motocicleta,Particular,Motociclista,Masculino,No,Sin Registro,Solo Daños,Choque,Adelantar en zona prohibida,Calle 38 A Sur Carrera 45,Alcala,Urbana,"(6.168560755, -75.58701537)"
2160039,09/02/2016,11:00 a.m.,Martes,Automovil,Particular,Conductor,Femenino,No,Sin Registro,Solo Daños,Choque,Adelantar en zona prohibida,Calle 38 A Sur Carrera 45,Alcala,Urbana,"(6.168560755, -75.58701537)"
2160027,09/02/2016,12:00 p.m.,Martes,Automovil,Publico,Conductor,Masculino,No,Sin Registro,Herido,Atropello,Cruzar sin observar,Calle 37  Sur Carrera 38,Mesa,Urbana,"(6.168685416, -75.58429124)"
2160030,09/02/2016,3:30 p.m.,Martes,Automovil,Particular,Conductor,Masculino,No,Sin Registro,Solo Daños,Choque,No mantener distancia de seguridad,Carrera 43 A Calle 50  Sur,Las Casitas,Urbana,"(6.160125495, -75.60207899)"
2160030,09/02/2016,3:30 p.m.,Martes,Automovil,Particular,Conductor,Masculino,No,Sin Registro,Solo Daños,Choque,No mantener distancia de seguridad,Carrera 43 A Calle 50  Sur,Las Casitas,Urbana,"(6.160125495, -75.60207899)"
2160035,09/02/2016,3:40 p.m.,Martes,Bicicleta,Particular,Ciclista,Masculino,No,Sin Registro,Herido,Caida Ocupante,Otra,Carrera 43 A Calle 25  Sur,Avenida El Poblado,Urbana,"(6.181616833, -75.58185727)"
2160029,09/02/2016,4:00 p.m.,Martes,Motocicleta,Particular,Motociclista,Masculino,No,Sin Registro,Herido,Choque,No respetar prelacion,Carrera 27 Calle 22  Sur,La Inmaculada,Urbana,
2160029,09/02/2016,4:00 p.m.,Martes,Automovil,Particular,Conductor,Masculino,No,Sin Registro,Herido,Choque,No respetar prelacion,Carrera 27 Calle 22  Sur,La Inmaculada,Urbana,
2160042,09/02/2016,4:30 p.m.,Martes,Automovil,Particular,Conductor,Femenino,No,Sin Registro,Solo Daños,Choque,No mantener distancia de seguridad,Tramo 372 Kilometro  9,Vereda Palmas,Rural,
2160042,09/02/2016,4:30 p.m.,Martes,Automovil,Publico,Conductor,Masculino,No,Sin Registro,Solo Daños,Choque,No mantener distancia de seguridad,Tramo 372 Kilometro  9,Vereda Palmas,Rural,
2160028,09/02/2016,5:15 p.m.,Martes,Motocicleta,Particular,Motociclista,Masculino,No,Sin Registro,Herido,Choque,Transitar entre vehiculos,Calle 37  Sur Carrera 45 A,El Portal,Urbana,"(6.172226705, -75.5897566)"
2160028,09/02/2016,5:15 p.m.,Martes,Motocicleta,Particular,Motociclista,Masculino,No,Sin Registro,Herido,Choque,Transitar entre vehiculos,Calle 37  Sur Carrera 45 A,El Portal,Urbana,"(6.172226705, -75.5897566)"
2160037,09/02/2016,5:20 p.m.,Martes,Motocicleta,Particular,Motociclista,Masculino,No,Sin Registro,Solo Daños,Choque,No respetar prelacion,Carrera 27 B Calle 39  Sur,Sin Registro,Urbana,"(6.159176964, -75.57891107)"
2160037,09/02/2016,5:20 p.m.,Martes,Automovil,Particular,Conductor,Femenino,No,Sin Registro,Solo Daños,Choque,No respetar prelacion,Carrera 27 B Calle 39  Sur,Sin Registro,Urbana,"(6.159176964, -75.57891107)"
2160045,09/02/2016,5:45 p.m.,Martes,Motocicleta,Particular,Motociclista,Masculino,No,Sin Registro,Herido,Choque,Exceso de velocidad,Tramo 372 Kilometro  15,Vereda Palmas,Rural,
2160036,10/02/2016,6:50 a.m.,Miércoles,Motocicleta,Particular,Motociclista,Masculino,No,Sin Registro,Solo Daños,Choque,Adelantar cerrando,Carrera 48 Calle 23  Sur,Las Vegas,Urbana,
2160036,10/02/2016,6:50 a.m.,Miércoles,Automovil,Particular,Conductor,Masculino,No,Sin Registro,Solo Daños,Choque,Adelantar cerrando,Carrera 48 Calle 23  Sur,Las Vegas,Urbana,
2160032,10/02/2016,7:40 a.m.,Miércoles,Camioneta,Particular,Conductor,Masculino,No,Sin Registro,Solo Daños,Choque,No mantener distancia de seguridad,Calle 36  Sur Carrera 39,Sin Registro,Urbana,"(6.169751787, -75.58435113)"
2160032,10/02/2016,7:40 a.m.,Miércoles,Camion,Publico,Conductor,Masculino,No,Sin Registro,Solo Daños,Choque,No mantener distancia de seguridad,Calle 36  Sur Carrera 39,Sin Registro,Urbana,"(6.169751787, -75.58435113)"
2160056,10/02/2016,9:50 a.m.,Miércoles,Motocicleta,Particular,Motociclista,Masculino,No,Sin Registro,Herido,Choque,Exceso de velocidad,Tramo 371 Kilometro  1,Vereda El Escobero,Rural,
2160056,10/02/2016,9:50 a.m.,Miércoles,Camioneta,Particular,Conductor,Masculino,No,Sin Registro,Herido,Choque,Exceso de velocidad,Tramo 371 Kilometro  1,Vereda El Escobero,Rural,
2160040,10/02/2016,12:15 p.m.,Miércoles,Automovil,Particular,Conductor,Masculino,No,Sin Registro,Solo Daños,Choque,No mantener distancia de seguridad,Calle 39  Sur Carrera 45,Alcala,Urbana,"(6.169637616, -75.59102301)"
2160040,10/02/2016,12:15 p.m.,Miércoles,Automovil,Particular,Conductor,Masculino,No,Sin Registro,Solo Daños,Choque,No mantener distancia de seguridad,Calle 39  Sur Carrera 45,Alcala,Urbana,"(6.169637616, -75.59102301)"
2160053,10/02/2016,1:00 p.m.,Miércoles,Camioneta,Particular,Conductor,Masculino,No,Sin Registro,Solo Daños,Choque,No mantener distancia de seguridad,Carrera 48 Calle 38  Sur,Las Vegas,Urbana,"(6.172747818, -75.59269817)"
2160053,10/02/2016,1:00 p.m.,Miércoles,Camioneta,Particular,Conductor,Femenino,No,Sin Registro,Solo Daños,Choque,No mantener distancia de seguridad,Carrera 48 Calle 38  Sur,Las Vegas,Urbana,"(6.172747818, -75.59269817)"
2160043,10/02/2016,1:05 p.m.,Miércoles,Campero,Particular,Conductor,Masculino,No,Sin Registro,Solo Daños,Choque,Adelantar cerrando,Calle 38  Sur Carrera 48,Alcala,Urbana,
2160043,10/02/2016,1:05 p.m.,Miércoles,Camioneta,Publico,Conductor,Masculino,No,Sin Registro,Solo Daños,Choque,Adelantar cerrando,Calle 38  Sur Carrera 48,Alcala,Urbana,
2160384,10/02/2016,1:30 p.m.,Miércoles,Camion,Publico,Conductor,Sin registro,No,Sin Registro,Solo Daños,Choque,Otra,Calle 45  Sur Carrera 39 A Sur,Milan Vallejuelos,Urbana,"(6.169521683, -75.59098806)"
2160044,10/02/2016,4:10 p.m.,Miércoles,Motocicleta,Particular,Motociclista,Masculino,No,Sin Registro,Herido,Choque,Exceso de velocidad,Carrera 50 Calle 37  Sur,Las Vegas,Urbana,
2160044,10/02/2016,4:10 p.m.,Miércoles,Motocicleta,Particular,Motociclista,Masculino,No,Sin Registro,Herido,Choque,Exceso de velocidad,Carrera 50 Calle 37  Sur,Las Vegas,Urbana,
2160046,10/02/2016,5:30 p.m.,Miércoles,Motocicleta,Particular,Motociclista,Masculino,No,Sin Registro,Herido,Choque,Desobedecer senales,Calle 37  Sur Carrera 45 B,El Portal,Urbana,"(6.172791889, -75.59071155)"
2160046,10/02/2016,5:30 p.m.,Miércoles,Bicicleta,Particular,Ciclista,Masculino,No,Sin Registro,Herido,Choque,Desobedecer senales,Calle 37  Sur Carrera 45 B,El Portal,Urbana,"(6.172791889, -75.59071155)"
2160055,10/02/2016,6:30 p.m.,Miércoles,Automovil,Particular,Conductor,Masculino,No,Sin Registro,Solo Daños,Choque,Adelantar cerrando,Calle 39  Sur Carrera 28,Sin Registro,Urbana,"(6.160790572, -75.57942846)"
2160055,10/02/2016,6:30 p.m.,Miércoles,Motocicleta,Particular,Motociclista,Masculino,No,Sin Registro,Solo Daños,Choque,Adelantar cerrando,Calle 39  Sur Carrera 28,Sin Registro,Urbana,"(6.160790572, -75.57942846)"
2160054,11/02/2016,5:30 a.m.,Jueves,Motocicleta,Particular,Motociclista,Masculino,No,Sin Registro,Solo Daños,Choque,Semaforo en rojo,Calle 39  Sur Carrera 41,Zona Centro,Urbana,"(6.167870042, -75.58744871)"
2160054,11/02/2016,5:30 a.m.,Jueves,Automovil,Publico,Conductor,Masculino,No,Sin Registro,Solo Daños,Choque,Semaforo en rojo,Calle 39  Sur Carrera 41,Zona Centro,Urbana,"(6.167870042, -75.58744871)"
2160060,11/02/2016,6:50 a.m.,Jueves,Automovil,Particular,Conductor,Femenino,No,Sin Registro,Solo Daños,Choque,Exceso de velocidad,Tramo 372 Kilometro  14,Vereda Palmas,Rural,
2160050,11/02/2016,10:15 a.m.,Jueves,Automovil,Publico,Conductor,Masculino,No,Sin Registro,Herido,Atropello,Otra,Carrera 43 A Calle 32 A Sur,San Marcos,Urbana,"(6.175019606, -75.58592917)"
2160058,11/02/2016,11:15 a.m.,Jueves,Automovil,Particular,Conductor,Femenino,No,Sin Registro,Solo Daños,Choque,Desobedecer senales,Carrera 43 Calle 35  Sur,Zona Centro,Urbana,"(6.171975228, -75.58662264)"
2160058,11/02/2016,11:15 a.m.,Jueves,Automovil,Particular,Conductor,Masculino,No,Sin Registro,Solo Daños,Choque,Desobedecer senales,Carrera 43 Calle 35  Sur,Zona Centro,Urbana,"(6.171975228, -75.58662264)"
2160052,11/02/2016,3:00 p.m.,Jueves,Automovil,Particular,Conductor,Masculino,No,Sin Registro,Herido,Choque,Otra,Carrera 50 Calle 25 A Sur,Las Vegas,Urbana,"(6.186515998, -75.58512541)"