RADICADO,FECHA,HORA,DÍA DE LA SEMANA,CLASE DE VEHICULO,TIPO DE SERVICIO,TIPO DE VICTIMA,SEXO,ESTADO DE BEODEZ,RESULTADO DE BEODEZ,GRAVEDAD,CLASE DE ACCIDENTE,CAUSA,DIRECCIÓN,BARRIO,AREA,Coordenadas
2160052,11/02/2016,3:00 p.m.,Jueves,Motocicleta,Particular,Motociclista,Masculino,No,Sin Registro,Herido,Choque,Otra,Carrera 50 Calle 25 A Sur,Las Vegas,Urbana,"(6.186515998, -75.58512541)"
2160051,11/02/2016,6:40 p.m.,Jueves,Automovil,Particular,Conductor,Masculino,No,Sin Registro,Herido,Choque,No respetar prelacion,Calle 40  Sur Carrera 27,San Jose,Urbana,"(6.158366235, -75.58080793)"
2160051,11/02/2016,6:40 p.m.,Jueves,Motocicleta,Particular,Motociclista,Masculino,No,Sin Registro,Herido,Choque,No respetar prelacion,Calle 40  Sur Carrera 27,San Jose,Urbana,"(6.158366235, -75.58080793)"
2160064,11/02/2016,7:15 p.m.,Jueves,Motocicleta,Particular,Motociclista,Masculino,No,Sin Registro,Solo Daños,Choque,Semaforo en rojo,Carrera 43 A Calle 30  Sur,Avenida El Poblado,Urbana,"(6.177072638, -75.58533615)"
2160064,11/02/2016,7:15 p.m.,Jueves,Automovil,Particular,Conductor,Masculino,No,Sin Registro,Solo Daños,Choque,Semaforo en rojo,Carrera 43 A Calle 30  Sur,Avenida El Poblado,Urbana,"(6.177072638, -75.58533615)"
2160057,11/02/2016,7:20 p.m.,Jueves,Automovil,Particular,Conductor,Masculino,No,Sin Registro,Solo Daños,Choque,Otra,Carrera 50 Calle 37  Sur,Las Vegas,Urbana,
2160049,11/02/2016,9:50 p.m.,Jueves,Motocicleta,Particular,Motociclista,Masculino,No,Sin Registro,Herido,Choque,Exceso de velocidad,Carrera 50 Calle 25  Sur,Las Vegas,Urbana,"(6.186515998, -75.58512541)"
2160084,12/02/2016,12:40 a.m.,Viernes,Automovil,Particular,Conductor,Masculino,No,Sin Registro,Solo Daños,Choque,Exceso de velocidad,Tramo 372 Kilometro  13,Vereda Palmas,Rural,
2160095,12/02/2016,11:30 a.m.,Viernes,Camioneta,Particular,Conductor,Masculino,No,Sin Registro,Herido,Choque,No mantener distancia de seguridad,Carrera 50 Calle 19  Sur,Las Vegas,Urbana,
2160095,12/02/2016,11:30 a.m.,Viernes,Motocicleta,Particular,Motociclista,Masculino,No,Sin Registro,Herido,Choque,No mantener distancia de seguridad,Carrera 50 Calle 19  Sur,Las Vegas,Urbana,
2160097,12/02/2016,1:40 p.m.,Viernes,Motocicleta,Particular,Motociclista,Masculino,No,Sin Registro,Herido,Choque,Adelantar en zona prohibida,Diagonal 31 A Transversal 34 E Sur,La Sebastiana,Urbana,"(6.171171404, -75.57984945)"
2160097,12/02/2016,1:40 p.m.,Viernes,Campero,Particular,Conductor,Masculino,No,Sin Registro,Herido,Choque,Adelantar en zona prohibida,Diagonal 31 A Transversal 34 E Sur,La Sebastiana,Urbana,"(6.171171404, -75.57984945)"
2160066,12/02/2016,1:55 p.m.,Viernes,Automovil,Particular,Conductor,Masculino,No,Sin Registro,Solo Daños,Choque,Adelantar en zona prohibida,Carrera 43 A Calle 39  Sur,Zona Centro,Urbana,"(6.169011071, -75.5894849)"
2160066,12/02/2016,1:55 p.m.,Viernes,Motocicleta,Particular,Motociclista,Masculino,No,Sin Registro,Solo Daños,Choque,Adelantar en zona prohibida,Carrera 43 A Calle 39  Sur,Zona Centro,Urbana,"(6.169011071, -75.5894849)"
2160063,12/02/2016,3:30 p.m.,Viernes,Automovil,Particular,Conductor,Femenino,No,Sin Registro,Solo Daños,Choque,Otra,Carrera 49 Calle 35  Sur,Sin Registro,Urbana,
2160063,12/02/2016,3:30 p.m.,Viernes,Campero,Particular,Conductor,Masculino,No,Sin Registro,Solo Daños,Choque,Otra,Carrera 49 Calle 35  Sur,Sin Registro,Urbana,
2160094,12/02/2016,3:30 p.m.,Viernes,Motocicleta,Particular,Motociclista,Femenino,No,Sin Registro,Herido,Choque,Adelantar cerrando,Calle 37  Sur Carrera 48,Sin Registro,Urbana,"(6.17412211, -75.59306111)"
2160061,12/02/2016,5:45 p.m.,Viernes,Automovil,Particular,Conductor,Masculino,No,Sin Registro,Solo Daños,Choque,Otra,Carrera 25 Calle 39 D Sur,El Salado,Urbana,"(6.153912219, -75.57742371)"
2160061,12/02/2016,5:45 p.m.,Viernes,Automovil,Particular,Conductor,Femenino,No,Sin Registro,Solo Daños,Choque,Otra,Carrera 25 Calle 39 D Sur,El Salado,Urbana,"(6.153912219, -75.57742371)"
2160093,12/02/2016,7:20 p.m.,Viernes,Motocicleta,Particular,Motociclista,Masculino,No,Sin Registro,Herido,Choque,No respetar prelacion,Calle 40  Sur Carrera 24 D,Sin Registro,Urbana,"(6.147263187, -75.57633575)"
2160093,12/02/2016,7:20 p.m.,Viernes,Bicicleta,Particular,Ciclista,Masculino,No,Sin Registro,Herido,Choque,No respetar prelacion,Calle 40  Sur Carrera 24 D,Sin Registro,Urbana,"(6.147263187, -75.57633575)"
2160059,12/02/2016,8:30 p.m.,Viernes,Bus,Publico,Conductor,Masculino,No,Sin Registro,Solo Daños,Choque,Otra,Calle 39  Sur Carrera 40,Zona Centro,Urbana,"(6.167409609, -75.58672098)"
2160065,12/02/2016,11:40 p.m.,Viernes,Automovil,Particular,Conductor,Femenino,No,Sin Registro,Solo Daños,Choque,Desobedecer senales,Carrera 27 Calle 36  Sur,El Chocho,Urbana,"(6.167009975, -75.56927808)"
2160065,12/02/2016,11:40 p.m.,Viernes,Automovil,Particular,Conductor,Masculino,No,Sin Registro,Solo Daños,Choque,Desobedecer senales,Carrera 27 Calle 36  Sur,El Chocho,Urbana,"(6.167009975, -75.56927808)"
2160067,02/13/2016,12:40 a.m.,Sábado,Automovil,Particular,Conductor,Masculino,No,Sin Registro,Herido,Choque,Embriaguez o droga,Carrera 28 Calle 27  Sur,El Esmeraldal,Urbana,"(6.175270544, -75.57368693)"
2160067,02/13/2016,12:40 a.m.,Sábado,Motocicleta,Particular,Motociclista,Masculino,Si,3,Herido,Choque,Embriaguez o droga,Carrera 28 Calle 27  Sur,El Esmeraldal,Urbana,"(6.175270544, -75.57368693)"
2160092,02/13/2016,1:30 a.m.,Sábado,Automovil,Particular,Conductor,Masculino,No,Sin Registro,Herido,Choque,Exceso de velocidad,Tramo 372 Kilometro  15,Vereda Palmas,Rural,
2160070,02/13/2016,6:20 a.m.,Sábado,Microbus,Publico,Conductor,Masculino,No,Sin Registro,Solo Daños,Choque,No mantener distancia de seguridad,Carrera 48 Calle 25 AA Sur,Las Vegas,Urbana,"(6.183765745, -75.58469035)"
2160070,02/13/2016,6:20 a.m.,Sábado,Camioneta,Particular,Conductor,Masculino,No,Sin Registro,Solo Daños,Choque,No mantener distancia de seguridad,Carrera 48 Calle 25 AA Sur,Las Vegas,Urbana,"(6.183765745, -75.58469035)"
2160089,02/13/2016,7:40 a.m.,Sábado,Motocicleta,Particular,Motociclista,Masculino,No,Sin Registro,Solo Daños,Choque,No respetar prelacion,Carrera 46 A Calle 45  Sur,Milan Vallejuelos,Urbana,"(6.16586797, -75.59553964)"
2160089,02/13/2016,7:40 a.m.,Sábado,Automovil,Particular,Conductor,Femenino,No,Sin Registro,Solo Daños,Choque,No respetar prelacion,Carrera 46 A Calle 45  Sur,Milan Vallejuelos,Urbana,"(6.16586797, -75.59553964)"
2160072,02/13/2016,7:50 a.m.,Sábado,Automovil,Particular,Conductor,Masculino,No,Sin Registro,Solo Daños,Choque,No mantener distancia de seguridad,Carrera 48 Calle 30  Sur,Las Vegas,Urbana,"(6.179366643, -75.5880841)"
2160072,02/13/2016,7:50 a.m.,Sábado,Automovil,Particular,Conductor,Femenino,No,Sin Registro,Solo Daños,Choque,No mantener distancia de seguridad,Carrera 48 Calle 30  Sur,Las Vegas,Urbana,"(6.179366643, -75.5880841)"
2160071,02/13/2016,10:00 a.m.,Sábado,Automovil,Publico,Conductor,Masculino,No,Sin Registro,Solo Daños,Choque,No mantener distancia de seguridad,Calle 38 A Sur Carrera 37,Mesa,Urbana,"(6.167015309, -75.58462069)"
2160071,02/13/2016,10:00 a.m.,Sábado,Camioneta,Particular,Conductor,Masculino,No,Sin Registro,Solo Daños,Choque,No mantener distancia de seguridad,Calle 38 A Sur Carrera 37,Mesa,Urbana,"(6.167015309, -75.58462069)"
2160077,02/13/2016,12:00 p.m.,Sábado,Camioneta,Publico,Conductor,Masculino,No,Sin Registro,Solo Daños,Choque,Adelantar cerrando,Calle 36 D Sur Carrera 27,La Magnolia,Urbana,"(6.162479576, -75.57022257)"
2160077,02/13/2016,12:00 p.m.,Sábado,Camion,Publico,Conductor,Masculino,No,Sin Registro,Solo Daños,Choque,Adelantar cerrando,Calle 36 D Sur Carrera 27,La Magnolia,Urbana,"(6.162479576, -75.57022257)"
2160077,02/13/2016,12:00 p.m.,Sábado,Motocicleta,Particular,Motociclista,Masculino,No,Sin Registro,Solo Daños,Choque,Adelantar cerrando,Calle 36 D Sur Carrera 27,La Magnolia,Urbana,"(6.162479576, -75.57022257)"
2160062,02/13/2016,12:15 p.m.,Sábado,Camion,Publico,Conductor,Masculino,No,Sin Registro,Solo Daños,Choque,No mantener distancia de seguridad,Carrera 48 Calle 48  Sur,Las Vegas,Urbana,"(6.164595282, -75.60138041)"
2160062,02/13/2016,12:15 p.m.,Sábado,Camion,Publico,Conductor,Masculino,No,Sin Registro,Solo Daños,Choque,No mantener distancia de seguridad,Carrera 48 Calle 48  Sur,Las Vegas,Urbana,"(6.164595282, -75.60138041)"
2160079,02/13/2016,12:50 p.m.,Sábado,Motocicleta,Particular,Motociclista,Masculino,No,Sin Registro,Solo Daños,Choque,Otra,Calle 39 B Sur Carrera 39,Mesa,Urbana,"(6.166296351, -75.58649896)"
2160079,02/13/2016,12:50 p.m.,Sábado,Automovil,Particular,Conductor,Femenino,No,Sin Registro,Solo Daños,Choque,Otra,Calle 39 B Sur Carrera 39,Mesa,Urbana,"(6.166296351, -75.58649896)"
2160098,02/14/2016,10:45 a.m.,Domingo,Motocicleta,Particular,Motociclista,Masculino,No,Sin Registro,Herido,Choque,No respetar prelacion,Calle 39  Sur Carrera 38,Mesa,Urbana,"(6.166656476, -75.58555336)"
2160098,02/14/2016,10:45 a.m.,Domingo,Bicicleta,Particular,Ciclista,Masculino,No,Sin Registro,Herido,Choque,No respetar prelacion,Calle 39  Sur Carrera 38,Mesa,Urbana,"(6.166656476, -75.58555336)"
2160110,02/14/2016,11:40 a.m.,Domingo,Automovil,Particular,Conductor,Masculino,No,Sin Registro,Solo Daños,Choque,No mantener distancia de seguridad,Carrera 48 Calle 39  Sur,Las Vegas,Urbana,"(6.17163722, -75.59364999)"
2160110,02/14/2016,11:40 a.m.,Domingo,Automovil,Particular,Conductor,Femenino,No,Sin Registro,Solo Daños,Choque,No mantener distancia de seguridad,Carrera 48 Calle 39  Sur,Las Vegas,Urbana,"(6.17163722, -75.59364999)"
2160433,02/14/2016,12:20 p.m.,Domingo,Motocicleta,Particular,Motociclista,Masculino,No,Sin Registro,Solo Daños,Choque,Otra,Calle 37  Sur Carrera 43 A,Zona Centro,Urbana,"(6.171151654, -75.58815663)"
2160088,02/14/2016,2:00 p.m.,Domingo,Motocicleta,Particular,Motociclista,Masculino,No,Sin Registro,Solo Daños,Choque,Otra,Calle 40  Sur Carrera 24 DD,El Salado,Urbana,"(6.148659703, -75.57724059)"
2160088,02/14/2016,2:00 p.m.,Domingo,Microbus,Publico,Conductor,Masculino,No,Sin Registro,Solo Daños,Choque,Otra,Calle 40  Sur Carrera 24 DD,El Salado,Urbana,"(6.148659703, -75.57724059)"
2160085,02/14/2016,4:25 p.m.,Domingo,Motocicleta,Particular,Motociclista,Masculino,No,Sin Registro,Solo Daños,Choque,No mantener distancia de seguridad,Tramo 372 Kilometro  11,Vereda Palmas,Rural,
2160085,02/14/2016,4:25 p.m.,Domingo,Automovil,Particular,Conductor,Masculino,No,Sin Registro,Solo Daños,Choque,No mantener distancia de seguridad,Tramo 372 Kilometro  11,Vereda Palmas,Rural,
2160069,02/14/2016,5:00 p.m.,Domingo,Automovil,Particular,Conductor,Masculino,No,Sin Registro,Solo Daños,Choque,Otra,Calle 40  Sur Carrera 24,El Salado,Urbana,"(6.147263187, -75.57633575)"
2160069,02/14/2016,5:00 p.m.,Domingo,Automovil,Publico,Conductor,Masculino,No,Sin Registro,Solo Daños,Choque,Otra,Calle 40  Sur Carrera 24,El Salado,Urbana,"(6.147263187, -75.57633575)"
2160068,02/14/2016,7:05 p.m.,Domingo,Buseta,Publico,Conductor,Masculino,No,Sin Registro,Solo Daños,Choque,Otra,Carrera 31 Calle 38 A Sur,Mesa,Urbana,"(6.164876858, -75.58150583)"
2160068,02/14/2016,7:05 p.m.,Domingo,Automovil,Particular,Conductor,Femenino,No,Sin Registro,Solo Daños,Choque,Otra,Carrera 31 Calle 38 A Sur,Mesa,Urbana,"(6.164876858, -75.58150583)"
2160096,02/14/2016,7:30 p.m.,Domingo,Camioneta,Particular,Conductor,Masculino,No,Sin Registro,Herido,Choque,Exceso de velocidad,Tramo 372 Kilometro  11,Vereda Palmas,Rural,
2160096,02/14/2016,7:30 p.m.,Domingo,Motocicleta,Particular,Motociclista,Masculino,No,Sin Registro,Herido,Choque,Exceso de velocidad,Tramo 372 Kilometro  11,Vereda Palmas,Rural,
2160080,02/15/2016,5:00 a.m.,Lunes,Automovil,Particular,Conductor,Masculino,Si,3,Solo Daños,Choque,Otra,Calle 39  Sur Carrera 25,Sin Registro,Urbana,"(6.157563812, -75.57922413)"
2160078,02/15/2016,7:00 a.m.,Lunes,Motocicleta,Particular,Motociclista,Masculino,Si,3,Herido,Caida Ocupante,Embriaguez o droga,Calle 40  Sur Carrera 26,San Jose,Urbana,"(6.156750804, -75.58052105)"
2160081,02/15/2016,8:30 a.m.,Lunes,Camioneta,Particular,Conductor,Masculino,No,Sin Registro,Solo Daños,Choque,Otra,Calle 38  Sur Carrera 31,Sin Registro,Urbana,"(6.165577674, -75.58112182)"
2160082,02/15/2016,8:45 a.m.,Lunes,Camion,Publico,Conductor,Masculino,No,Sin Registro,Solo Daños,Choque,Otra,Transversal 33 A Sur Diagonal 33,La Magnolia,Urbana,"(6.173413303, -75.58420659)"
2160076,02/15/2016,11:10 a.m.,Lunes,Automovil,Particular,Conductor,Femenino,No,Sin Registro,Solo Daños,Choque,No mantener distancia de seguridad,Tramo 372 Kilometro  12,Vereda Palmas,Rural,
2160076,02/15/2016,11:10 a.m.,Lunes,Campero,Particular,Conductor,Masculino,No,Sin Registro,Solo Daños,Choque,No mantener distancia de seguridad,Tramo 372 Kilometro  12,Vereda Palmas,Rural,
2160073,02/15/2016,11:20 a.m.,Lunes,Camion,Publico,Conductor,Masculino,No,Sin Registro,Solo Daños,Choque,Otra,Calle 43  Sur Carrera 48,Sin Registro,Urbana,"(6.168592602, -75.597529)"
2160073,02/15/2016,11:20 a.m.,Lunes,Tractocamion,Publico,Conductor,Masculino,No,Sin Registro,Solo Daños,Choque,Otra,Calle 43  Sur Carrera 48,Sin Registro,Urbana,"(6.168592602, -75.597529)"
2160075,02/15/2016,12:00 p.m.,Lunes,Motocicleta,Particular,Motociclista,Masculino,No,Sin Registro,Herido,Atropello,Exceso de velocidad,Carrera 43 A Calle 44  Sur,La Paz,Urbana,"(6.1654766, -75.59401722)"
2160100,02/15/2016,12:40 p.m.,Lunes,Motocicleta,Particular,Motociclista,Masculino,No,Sin Registro,Solo Daños,Choque,Desobedecer senales,Calle 31  Sur Carrera 45,San Marcos,Urbana,"(6.17732964, -75.58702584)"
2160100,02/15/2016,12:40 p.m.,Lunes,Automovil,Particular,Conductor,Masculino,No,Sin Registro,Solo Daños,Choque,Desobedecer senales,Calle 31  Sur Carrera 45,San Marcos,Urbana,"(6.17732964, -75.58702584)"
2160105,02/15/2016,1:00 p.m.,Lunes,Automovil,Particular,Conductor,Masculino,No,Sin Registro,Herido,Atropello,Otra,Carrera 42 Calle 45 C Sur,La Paz,Urbana,"(6.16614278, -75.59440441)"
2160114,02/15/2016,1:30 p.m.,Lunes,Motocicleta,Particular,Motociclista,Masculino,No,Sin Registro,Solo Daños,Choque,Adelantar por la derecha,Carrera 45 A Calle 34  Sur,El Portal,Urbana,"(6.173950698, -75.58864971)"
2160114,02/15/2016,1:30 p.m.,Lunes,Automovil,Particular,Conductor,Masculino,No,Sin Registro,Solo Daños,Choque,Adelantar por la derecha,Carrera 45 A Calle 34  Sur,El Portal,Urbana,"(6.173950698, -75.58864971)"
2160087,02/15/2016,2:00 p.m.,Lunes,Buseta,Publico,Conductor,Masculino,No,Sin Registro,Solo Daños,Choque,Otra,Calle 39  Sur Carrera 43,Zona Centro,Urbana,"(6.168678771, -75.58876156)"
2160074,02/15/2016,2:34 p.m.,Lunes,Automovil,Particular,Conductor,Femenino,No,Sin Registro,Solo Daños,Choque,No mantener distancia de seguridad,Carrera 41 Calle 39  Sur,Zona Centro,Urbana,"(6.167744498, -75.5874224)"
2160074,02/15/2016,2:34 p.m.,Lunes,Automovil,Particular,Conductor,Masculino,No,Sin Registro,Solo Daños,Choque,No mantener distancia de seguridad,Carrera 41 Calle 39  Sur,Zona Centro,Urbana,"(6.167744498, -75.5874224)"
2160091,02/15/2016,2:50 p.m.,Lunes,Motocicleta,Particular,Motociclista,Masculino,No,Sin Registro,Herido,Atropello,Cruzar sin observar,Carrera 48 Calle 26  Sur,Las Vegas,Urbana,"(6.183318111, -75.58553718)"
2160086,02/15/2016,3:25 p.m.,Lunes,Automovil,Particular,Conductor,Femenino,No,Sin Registro,Solo Daños,Choque,No mantener distancia de seguridad,Calle 40  Sur Carrera 40 A,El Dorado,Urbana,"(6.166958927, -75.58785403)"
2160090,02/15/2016,5:00 p.m.,Lunes,Automovil,Particular,Conductor,Sin registro,No,Sin Registro,Herido,Atropello,No respetar prelacion,Carrera 42 B Calle 46 A Sur,La Paz,Urbana,"(6.162028226, -75.59449555)"
2160103,02/15/2016,8:00 p.m.,Lunes,Automovil,Particular,Conductor,Femenino,No,Sin Registro,Solo Daños,Choque,Desobedecer senales,Calle 40 H Sur Carrera 43,El Dorado,Urbana,"(6.167061568, -75.59080663)"
2160103,02/15/2016,8:00 p.m.,Lunes,Automovil,Particular,Conductor,Masculino,No,Sin Registro,Solo Daños,Choque,Desobedecer senales,Calle 40 H Sur Carrera 43,El Dorado,Urbana,"(6.167061568, -75.59080663)"
2160083,02/15/2016,11:30 p.m.,Lunes,Camioneta,Particular,Conductor,Masculino,No,Sin Registro,Herido,Choque,No respetar prelacion,Carrera 42 B Calle 45  Sur,La Paz,Urbana,"(6.163500062, -75.59344957)"
2160083,02/15/2016,11:30 p.m.,Lunes,Automovil,Particular,Conductor,Masculino,No,Sin Registro,Herido,Choque,No respetar prelacion,Carrera 42 B Calle 45  Sur,La Paz,Urbana,"(6.163500062, -75.59344957)"
2160083,02/15/2016,11:30 p.m.,Lunes,Motocicleta,Particular,Motociclista,Masculino,No,Sin Registro,Herido,Choque,No respetar prelacion,Carrera 42 B Calle 45  Sur,La Paz,Urbana,"(6.163500062, -75.59344957)"
2160117,02/16/2016,6:10 a.m.,Martes,Automovil,Particular,Conductor,Masculino,No,Sin Registro,Solo Daños,Choque,Desobedecer senales,Calle 38 A Sur Carrera 44,Alcala,Urbana,"(6.170343187, -75.58995471)"
2160117,02/16/2016,6:10 a.m.,Martes,Automovil,Diplomatico,Conductor,Masculino,No,Sin Registro,Solo Daños,Choque,Desobedecer senales,Calle 38 A Sur Carrera 44,Alcala,Urbana,"(6.170343187, -75.58995471)"
2160115,02/16/2016,7:30 a.m.,Martes,Camion,Publico,Conductor,Masculino,No,Sin Registro,Solo Daños,Choque,No respetar prelacion,Tramo 372 Kilometro  16,Vereda Palmas,Rural,
2160115,02/16/2016,7:30 a.m.,Martes,Automovil,Particular,Conductor,Masculino,No,Sin Registro,Solo Daños,Choque,No respetar prelacion,Tramo 372 Kilometro  16,Vereda Palmas,Rural,
2160101,02/16/2016,8:35 a.m.,Martes,Camioneta,Particular,Conductor,Femenino,No,Sin Registro,Solo Daños,Choque,No mantener distancia de seguridad,Tramo 372 Kilometro  16,Vereda Palmas,Rural,
2160101,02/16/2016,8:35 a.m.,Martes,Campero,Publico,Conductor,Masculino,No,Sin Registro,Solo Daños,Choque,No mantener distancia de seguridad,Tramo 372 Kilometro  16,Vereda Palmas,Rural,
2160113,02/16/2016,11:40 a.m.,Martes,Tractocamion,Publico,Conductor,Masculino,No,Sin Registro,Solo Daños,Choque,Adelantar cerrando,Carrera 50 Calle 32 B Sur,Avenida El Poblado,Urbana,"(6.178248378, -75.59168828)"
2160113,02/16/2016,11:40 a.m.,Martes,Motocicleta,Particular,Motociclista,Masculino,No,Sin Registro,Solo Daños,Choque,Adelantar cerrando,Carrera 50 Calle 32 B Sur,Avenida El Poblado,Urbana,"(6.178248378, -75.59168828)"
2160102,02/16/2016,12:40 p.m.,Martes,Automovil,Particular,Conductor,Femenino,No,Sin Registro,Solo Daños,Choque,Desobedecer senales,Carrera 42 B Calle 45 B Sur,La Paz,Urbana,"(6.163036146, -75.59370602)"
2160102,02/16/2016,12:40 p.m.,Martes,Motocicleta,Particular,Motociclista,Masculino,No,Sin Registro,Solo Daños,Choque,Desobedecer senales,Carrera 42 B Calle 45 B Sur,La Paz,Urbana,"(6.163036146, -75.59370602)"
2160106,02/16/2016,2:00 p.m.,Martes,Buseta,Publico,Conductor,Masculino,No,Sin Registro,Solo Daños,Choque,Desobedecer senales,Calle 38  Sur Carrera 46,Alcala,Urbana,"(6.171966643, -75.59136974)"
2160106,02/16/2016,2:00 p.m.,Martes,Automovil,Particular,Conductor,Femenino,No,Sin Registro,Solo Daños,Choque,Desobedecer senales,Calle 38  Sur Carrera 46,Alcala,Urbana,"(6.171966643, -75.59136974)"
2160106,02/16/2016,2:00 p.m.,Martes,Motocicleta,Particular,Motociclista,Femenino,No,Sin Registro,Solo Daños,Choque,Desobedecer senales,Calle 38  Sur Carrera 46,Alcala,Urbana,"(6.171966643, -75.59136974)"
2170451,02/16/2016,3:20 p.m.,Martes,Motocicleta,Particular,Motociclista,Masculino,No,Sin Registro,Solo Daños,Choque,No respetar prelacion,Carrera 48 Calle 37  Sur,Las Vegas,Urbana,"(6.172859211, -75.59276992)"
2170451,02/16/2016,3:20 p.m.,Martes,Automovil,Particular,Conductor,Masculino,No,Sin Registro,Solo Daños,Choque,No respetar prelacion,Carrera 48 Calle 37  Sur,Las Vegas,Urbana,"(6.172859211, -75.59276992)"
2160104,02/16/2016,3:45 p.m.,Martes,Automovil,Particular,Conductor,Masculino,No,Sin Registro,Herido,Choque,No respetar prelacion,Calle 39  Sur Carrera 27 B,Sin Registro,Urbana,"(6.159217585, -75.57883462)"
2160104,02/16/2016,3:45 p.m.,Martes,Motocicleta,Particular,Motociclista,Masculino,No,Sin Registro,Herido,Choque,No respetar prelacion,Calle 39  Sur Carrera 27 B,Sin Registro,Urbana,"(6.159217585, -75.57883462)"
2160108,02/16/2016,4:40 p.m.,Martes,Microbus,Publico,Conductor,Masculino,No,Sin Registro,Solo Daños,Choque,Adelantar cerrando,Carrera 43 Transversal 32  Sur,La Magnolia,Urbana,"(6.175345679, -75.58512506)"
2160108,02/16/2016,4:40 p.m.,Martes,Bus,Publico,Conductor,Masculino,No,Sin Registro,Solo Daños,Choque,Adelantar cerrando,Carrera 43 Transversal 32  Sur,La Magnolia,Urbana,"(6.175345679, -75.58512506)"
2160107,02/16/2016,8:06 p.m.,Martes,Buseta,Publico,Conductor,Masculino,No,Sin Registro,Solo Daños,Choque,Adelantar cerrando,Carrera 48 Calle 35  Sur,Las Vegas,Urbana,"(6.174910353, -75.59114403)"
2160112,02/16/2016,9:55 p.m.,Martes,Automovil,Particular,Conductor,Masculino,No,Sin Registro,Solo Daños,Choque,Adelantar en zona prohibida,Carrera 43 A Calle 38 A Sur,Zona Centro,Urbana,"(6.169698887, -75.58905877)"
2160112,02/16/2016,9:55 p.m.,Martes,Motocicleta,Particular,Motociclista,Femenino,No,Sin Registro,Solo Daños,Choque,Adelantar en zona prohibida,Carrera 43 A Calle 38 A Sur,Zona Centro,Urbana,"(6.169698887, -75.58905877)"
2160133,02/17/2016,6:20 a.m.,Miércoles,Automovil,Particular,Conductor,Masculino,No,Sin Registro,Solo Daños,Choque,Exceso de velocidad,Tramo 371 Kilometro  1,Vereda El Escobero,Rural,
2160133,02/17/2016,6:20 a.m.,Miércoles,Automovil,Particular,Conductor,Femenino,No,Sin Registro,Solo Daños,Choque,Exceso de velocidad,Tramo 371 Kilometro  1,Vereda El Escobero,Rural,
2160133,02/17/2016,6:20 a.m.,Miércoles,Automovil,Particular,Conductor,Femenino,No,Sin Registro,Solo Daños,Choque,Exceso de velocidad,Tramo 371 Kilometro  1,Vereda El Escobero,Rural,
2160118,02/17/2016,7:40 a.m.,Miércoles,Motocicleta,Particular,Motociclista,Masculino,No,Sin Registro,Herido,Caida Ocupante,No respetar prelacion,Carrera 43 A Calle 25  Sur,Las Orquideas,Urbana,"(6.181616833, -75.58185727)"
2160122,02/17/2016,7:40 a.m.,Miércoles,Automovil,Publico,Conductor,Masculino,No,Sin Registro,Solo Daños,Choque,No respetar prelacion,Calle 37  Sur Carrera 50,Las Vegas,Urbana,
2160122,02/17/2016,7:40 a.m.,Miércoles,Motocicleta,Particular,Motociclista,Masculino,No,Sin Registro,Solo Daños,Choque,No respetar prelacion,Calle 37  Sur Carrera 50,Las Vegas,Urbana,
2160126,02/17/2016,8:00 a.m.,Miércoles,Automovil,Particular,Conductor,Femenino,No,Sin Registro,Solo Daños,Choque,Desobedecer senales,Calle 38 A Sur Carrera 46,Alcala,Urbana,"(6.171457357, -75.59157663)"
2160126,02/17/2016,8:00 a.m.,Miércoles,Motocicleta,Particular,Motociclista,Masculino,No,Sin Registro,Solo Daños,Choque,Desobedecer senales,Calle 38 A Sur Carrera 46,Alcala,Urbana,"(6.171457357, -75.59157663)"
2160128,02/17/2016,8:35 a.m.,Miércoles,Microbus,Publico,Conductor,Masculino,No,Sin Registro,Solo Daños,Choque,No mantener distancia de seguridad,Carrera 48 Calle 25  Sur,Las Vegas,Urbana,"(6.185059174, -75.58329333)"
2160128,02/17/2016,8:35 a.m.,Miércoles,Bus,Publico,Conductor,Masculino,No,Sin Registro,Solo Daños,Choque,No mantener distancia de seguridad,Carrera 48 Calle 25  Sur,Las Vegas,Urbana,"(6.185059174, -75.58329333)"
2160127,02/17/2016,8:45 a.m.,Miércoles,Camioneta,Particular,Conductor,Masculino,No,Sin Registro,Solo Daños,Choque,No mantener distancia de seguridad,Tramo 372 Kilometro  12,Vereda Palmas,Rural,
2160127,02/17/2016,8:45 a.m.,Miércoles,Automovil,Publico,Conductor,Masculino,No,Sin Registro,Solo Daños,Choque,No mantener distancia de seguridad,Tramo 372 Kilometro  12,Vereda Palmas,Rural,
2160119,02/17/2016,11:20 a.m.,Miércoles,Motocicleta,Particular,Motociclista,Masculino,No,Sin Registro,Solo Daños,Choque,No respetar prelacion,Calle 36  Sur Carrera 24,El Chocho,Urbana,"(6.167448218, -75.56378508)"
2160119,02/17/2016,11:20 a.m.,Miércoles,Automovil,Particular,Conductor,Masculino,No,Sin Registro,Solo Daños,Choque,No respetar prelacion,Calle 36  Sur Carrera 24,El Chocho,Urbana,"(6.167448218, -75.56378508)"
2160120,02/17/2016,12:42 p.m.,Miércoles,Bus,Publico,Conductor,Masculino,No,Sin Registro,Solo Daños,Choque,Otra,Calle 40  Sur Carrera 21,El Salado,Urbana,
2160120,02/17/2016,12:42 p.m.,Miércoles,Camion,Oficial,Conductor,Masculino,No,Sin Registro,Solo Daños,Choque,Otra,Calle 40  Sur Carrera 21,El Salado,Urbana,