RADICADO,FECHA,HORA,DÍA DE LA SEMANA,CLASE DE VEHICULO,TIPO DE SERVICIO,TIPO DE VICTIMA,SEXO,ESTADO DE BEODEZ,RESULTADO DE BEODEZ,GRAVEDAD,CLASE DE ACCIDENTE,CAUSA,DIRECCIÓN,BARRIO,AREA,Coordenadas
2160192,02/23/2016,6:25 a.m.,Martes,Motocicleta,Particular,Motociclista,Masculino,No,Sin Registro,Solo Daños,Choque,No mantener distancia de seguridad,Carrera 50 Calle 39  Sur,Las Vegas,Urbana,
2160184,02/23/2016,7:15 a.m.,Martes,Automovil,Particular,Conductor,Femenino,No,Sin Registro,Solo Daños,Choque,Desobedecer senales,Carrera 32 Calle 38 A Sur,Mesa,Urbana,"(6.165198458, -75.58200793)"
2160184,02/23/2016,7:15 a.m.,Martes,Motocicleta,Particular,Motociclista,Masculino,No,Sin Registro,Solo Daños,Choque,Desobedecer senales,Carrera 32 Calle 38 A Sur,Mesa,Urbana,"(6.165198458, -75.58200793)"
2160189,02/23/2016,7:30 a.m.,Martes,Camioneta,Particular,Conductor,Femenino,No,Sin Registro,Herido,Choque,No mantener distancia de seguridad,Carrera 43 A Calle 37  Sur,Zona Centro,Urbana,"(6.171024704, -75.5881647)"
2160189,02/23/2016,7:30 a.m.,Martes,Motocicleta,Particular,Motociclista,Masculino,No,Sin Registro,Herido,Choque,No mantener distancia de seguridad,Carrera 43 A Calle 37  Sur,Zona Centro,Urbana,"(6.171024704, -75.5881647)"
2160188,02/23/2016,7:55 a.m.,Martes,Motocicleta,Particular,Motociclista,Masculino,No,Sin Registro,Solo Daños,Choque,No mantener distancia de seguridad,Carrera 48 Calle 25 AA Sur,Las Vegas,Urbana,"(6.183765745, -75.58469035)"
2160188,02/23/2016,7:55 a.m.,Martes,Motocicleta,Particular,Motociclista,Femenino,No,Sin Registro,Solo Daños,Choque,No mantener distancia de seguridad,Carrera 48 Calle 25 AA Sur,Las Vegas,Urbana,"(6.183765745, -75.58469035)"
2160188,02/23/2016,7:55 a.m.,Martes,Camioneta,Particular,Conductor,Masculino,No,Sin Registro,Solo Daños,Choque,No mantener distancia de seguridad,Carrera 48 Calle 25 AA Sur,Las Vegas,Urbana,"(6.183765745, -75.58469035)"
2160191,02/23/2016,8:30 a.m.,Martes,Motocicleta,Particular,Motociclista,Femenino,No,Sin Registro,Herido,Choque,Transitar entre vehiculos,Carrera 50 Calle 35  Sur,Las Vegas,Urbana,
2160191,02/23/2016,8:30 a.m.,Martes,Tractocamion,Publico,Conductor,Masculino,No,Sin Registro,Herido,Choque,Transitar entre vehiculos,Carrera 50 Calle 35  Sur,Las Vegas,Urbana,
2160197,02/23/2016,11:30 a.m.,Martes,Bus,Publico,Conductor,Masculino,No,Sin Registro,Herido,Caida Ocupante,Poner en marcha un vehiculo sin precauci,Carrera 40 Calle 38 A Sur,Zona Centro,Urbana,"(6.167977811, -75.5862794)"
2160194,02/23/2016,8:40 p.m.,Martes,Motocicleta,Particular,Motociclista,Masculino,No,Sin Registro,Herido,Choque,No respetar prelacion,Transversal 34 A Sur Diagonal 32 B,La Magnolia,Urbana,"(6.172816912, -75.58234732)"
2160194,02/23/2016,8:40 p.m.,Martes,Motocicleta,Particular,Motociclista,Masculino,No,Sin Registro,Herido,Choque,No respetar prelacion,Transversal 34 A Sur Diagonal 32 B,La Magnolia,Urbana,"(6.172816912, -75.58234732)"
2160204,02/24/2016,4:30 a.m.,Miércoles,Motocicleta,Particular,Motociclista,Masculino,No,Sin Registro,Herido,Choque,No mantener distancia de seguridad,Carrera 49 Calle 25  Sur,Las Vegas,Urbana,"(6.18641241, -75.58506296)"
2160204,02/24/2016,4:30 a.m.,Miércoles,Motocicleta,Particular,Motociclista,Masculino,No,Sin Registro,Herido,Choque,No mantener distancia de seguridad,Carrera 49 Calle 25  Sur,Las Vegas,Urbana,"(6.18641241, -75.58506296)"
2160200,02/24/2016,6:00 a.m.,Miércoles,Campero,Particular,Conductor,Masculino,No,Sin Registro,Solo Daños,Choque,Otra,Calle 38 A Sur Carrera 46,Alcala,Urbana,"(6.171457357, -75.59157663)"
2160200,02/24/2016,6:00 a.m.,Miércoles,Camioneta,Particular,Conductor,Femenino,No,Sin Registro,Solo Daños,Choque,Otra,Calle 38 A Sur Carrera 46,Alcala,Urbana,"(6.171457357, -75.59157663)"
2160198,02/24/2016,6:20 a.m.,Miércoles,Motocicleta,Particular,Motociclista,Masculino,No,Sin Registro,Solo Daños,Choque,No respetar prelacion,Carrera 27 B Calle 39  Sur,San Jose,Urbana,"(6.159176964, -75.57891107)"
2160198,02/24/2016,6:20 a.m.,Miércoles,Camioneta,Particular,Conductor,Masculino,No,Sin Registro,Solo Daños,Choque,No respetar prelacion,Carrera 27 B Calle 39  Sur,San Jose,Urbana,"(6.159176964, -75.57891107)"
2160196,02/24/2016,6:40 a.m.,Miércoles,Automovil,Particular,Conductor,Masculino,No,Sin Registro,Herido,Choque,No mantener distancia de seguridad,Carrera 48 Calle 37  Sur,Glorieta Peldar,Urbana,"(6.172859211, -75.59276992)"
2160196,02/24/2016,6:40 a.m.,Miércoles,Motocicleta,Particular,Motociclista,Masculino,No,Sin Registro,Herido,Choque,No mantener distancia de seguridad,Carrera 48 Calle 37  Sur,Glorieta Peldar,Urbana,"(6.172859211, -75.59276992)"
2160209,02/24/2016,6:49 a.m.,Miércoles,Automovil,Particular,Conductor,Femenino,No,Sin Registro,Herido,Choque,No mantener distancia de seguridad,Tramo 372 Kilometro  11,Vereda Palmas,Rural,
2160209,02/24/2016,6:49 a.m.,Miércoles,Campero,Publico,Conductor,Masculino,No,Sin Registro,Herido,Choque,No mantener distancia de seguridad,Tramo 372 Kilometro  11,Vereda Palmas,Rural,
2160209,02/24/2016,6:49 a.m.,Miércoles,Campero,Publico,Conductor,Masculino,No,Sin Registro,Herido,Choque,No mantener distancia de seguridad,Tramo 372 Kilometro  11,Vereda Palmas,Rural,
2160203,02/24/2016,5:15 p.m.,Miércoles,Motocicleta,Particular,Motociclista,Masculino,No,Sin Registro,Herido,Choque,Adelantar en zona prohibida,Tramo 372 Kilometro  18,Vereda Palmas,Rural,
2160205,02/24/2016,7:10 a.m.,Miércoles,Bicicleta,Particular,Ciclista,Masculino,No,Sin Registro,Herido,Choque,No respetar prelacion,Carrera 48 Calle 39 B Sur,Las Vegas,Urbana,"(6.170456638, -75.59483004)"
2160205,02/24/2016,7:10 a.m.,Miércoles,Motocicleta,Particular,Motociclista,Masculino,No,Sin Registro,Herido,Choque,No respetar prelacion,Carrera 48 Calle 39 B Sur,Las Vegas,Urbana,"(6.170456638, -75.59483004)"
2160268,02/24/2016,7:50 a.m.,Miércoles,Motocicleta,Particular,Motociclista,Masculino,No,Sin Registro,Solo Daños,Choque,Adelantar cerrando,Diagonal 31 Carrera 35 B,La Sebastiana,Urbana,"(6.169485787, -75.57974501)"
2160268,02/24/2016,7:50 a.m.,Miércoles,Motocicleta,Particular,Motociclista,Femenino,No,Sin Registro,Solo Daños,Choque,Adelantar cerrando,Diagonal 31 Carrera 35 B,La Sebastiana,Urbana,"(6.169485787, -75.57974501)"
2160268,02/24/2016,7:50 a.m.,Miércoles,Motocicleta,Particular,Motociclista,Masculino,No,Sin Registro,Solo Daños,Choque,Adelantar cerrando,Diagonal 31 Carrera 35 B,La Sebastiana,Urbana,"(6.169485787, -75.57974501)"
2160268,02/24/2016,7:50 a.m.,Miércoles,Motocicleta,Particular,Motociclista,Masculino,No,Sin Registro,Solo Daños,Choque,Adelantar cerrando,Diagonal 31 Carrera 35 B,La Sebastiana,Urbana,"(6.169485787, -75.57974501)"
2160215,02/24/2016,8:00 a.m.,Miércoles,Automovil,Publico,Conductor,Masculino,No,Sin Registro,Solo Daños,Choque,No mantener distancia de seguridad,Tramo 372 Kilometro  11,Vereda Palmas,Rural,
2160215,02/24/2016,8:00 a.m.,Miércoles,Automovil,Particular,Conductor,Masculino,No,Sin Registro,Solo Daños,Choque,No mantener distancia de seguridad,Tramo 372 Kilometro  11,Vereda Palmas,Rural,
2160215,02/24/2016,8:00 a.m.,Miércoles,Automovil,Particular,Conductor,Masculino,No,Sin Registro,Solo Daños,Choque,No mantener distancia de seguridad,Tramo 372 Kilometro  11,Vereda Palmas,Rural,
2160215,02/24/2016,8:00 a.m.,Miércoles,Automovil,Particular,Conductor,Masculino,No,Sin Registro,Solo Daños,Choque,No mantener distancia de seguridad,Tramo 372 Kilometro  11,Vereda Palmas,Rural,
2160201,02/24/2016,1:30 p.m.,Miércoles,Automovil,Particular,Conductor,Femenino,No,Sin Registro,Solo Daños,Choque,No respetar prelacion,Carrera 48 Calle 19  Sur,Las Vegas,Urbana,"(6.187349001, -75.58153568)"
2160201,02/24/2016,1:30 p.m.,Miércoles,Motocicleta,Particular,Motociclista,Masculino,No,Sin Registro,Solo Daños,Choque,No respetar prelacion,Carrera 48 Calle 19  Sur,Las Vegas,Urbana,"(6.187349001, -75.58153568)"
2160207,02/24/2016,2:40 p.m.,Miércoles,Automovil,Publico,Conductor,Masculino,No,Sin Registro,Herido,Choque,Transitar entre vehiculos,Carrera 41 Calle 37  Sur,Zona Centro,Urbana,"(6.169735041, -75.58616625)"
2160207,02/24/2016,2:40 p.m.,Miércoles,Motocicleta,Particular,Motociclista,Femenino,No,Sin Registro,Herido,Choque,Transitar entre vehiculos,Carrera 41 Calle 37  Sur,Zona Centro,Urbana,"(6.169735041, -75.58616625)"
2160220,02/24/2016,2:45 p.m.,Miércoles,Automovil,Publico,Conductor,Masculino,No,Sin Registro,Solo Daños,Choque,Otra,Calle 32 B Sur Carrera 44 A,San Marcos,Urbana,"(6.17529477, -75.58693547)"
2160220,02/24/2016,2:45 p.m.,Miércoles,Automovil,Particular,Conductor,Masculino,No,Sin Registro,Solo Daños,Choque,Otra,Calle 32 B Sur Carrera 44 A,San Marcos,Urbana,"(6.17529477, -75.58693547)"
2160225,02/24/2016,3:10 p.m.,Miércoles,Automovil,Publico,Conductor,Masculino,No,Sin Registro,Solo Daños,Choque,Otra,Carrera 42 Calle 40 A Sur,El Dorado,Urbana,"(6.167092824, -75.58881112)"
2160225,02/24/2016,3:10 p.m.,Miércoles,Automovil,Publico,Conductor,Masculino,No,Sin Registro,Solo Daños,Choque,Otra,Carrera 42 Calle 40 A Sur,El Dorado,Urbana,"(6.167092824, -75.58881112)"
2160213,02/24/2016,3:50 p.m.,Miércoles,Automovil,Particular,Conductor,Masculino,No,Sin Registro,Solo Daños,Choque,No respetar prelacion,Calle 46 D Sur Carrera 42 D,El Trianon,Urbana,"(6.161005965, -75.59509467)"
2160213,02/24/2016,3:50 p.m.,Miércoles,Camioneta,Particular,Conductor,Masculino,No,Sin Registro,Solo Daños,Choque,No respetar prelacion,Calle 46 D Sur Carrera 42 D,El Trianon,Urbana,"(6.161005965, -75.59509467)"
2160210,02/24/2016,4:05 p.m.,Miércoles,Automovil,Particular,Conductor,Masculino,No,Sin Registro,Solo Daños,Choque,No respetar prelacion,Diagonal 31 Calle 36 A Sur,Sin Registro,Urbana,"(6.167967817, -75.58028177)"
2160210,02/24/2016,4:05 p.m.,Miércoles,Automovil,Particular,Conductor,Femenino,No,Sin Registro,Solo Daños,Choque,No respetar prelacion,Diagonal 31 Calle 36 A Sur,Sin Registro,Urbana,"(6.167967817, -75.58028177)"
2160203,02/24/2016,5:15 p.m.,Miércoles,Automovil,Particular,Conductor,Femenino,No,Sin Registro,Herido,Choque,Adelantar en zona prohibida,Tramo 372 Kilometro  18,Vereda Palmas,Rural,
2160248,02/24/2016,6:30 p.m.,Miércoles,Campero,Particular,Conductor,Femenino,No,Sin Registro,Herido,Choque,No mantener distancia de seguridad,Carrera 48 Calle 25 A Sur,Las Vegas,Urbana,"(6.184740152, -75.58365742)"
2160248,02/24/2016,6:30 p.m.,Miércoles,Motocicleta,Particular,Motociclista,Femenino,No,Sin Registro,Herido,Choque,No mantener distancia de seguridad,Carrera 48 Calle 25 A Sur,Las Vegas,Urbana,"(6.184740152, -75.58365742)"
2160211,02/24/2016,8:40 p.m.,Miércoles,Camioneta,Particular,Conductor,Masculino,No,Sin Registro,Solo Daños,Choque,Desobedecer senales,Calle 33 B Sur Diagonal 40,Zona Centro,Urbana,"(6.172981087, -75.58607623)"
2160211,02/24/2016,8:40 p.m.,Miércoles,Automovil,Publico,Conductor,Masculino,No,Sin Registro,Solo Daños,Choque,Desobedecer senales,Calle 33 B Sur Diagonal 40,Zona Centro,Urbana,"(6.172981087, -75.58607623)"
2160206,02/24/2016,9:40 p.m.,Miércoles,Motocicleta,Particular,Motociclista,Masculino,No,Sin Registro,Herido,Choque,Exceso de velocidad,Carrera 26 Calle 40 E Sur,La Mina,Urbana,"(6.157292639, -75.58154586)"
2160218,02/25/2016,5:20 a.m.,Jueves,Automovil,Particular,Conductor,Femenino,No,Sin Registro,Solo Daños,Choque,Semaforo en rojo,Carrera 43 A Calle 25  Sur,Avenida El Poblado,Urbana,"(6.181616833, -75.58185727)"
2160218,02/25/2016,5:20 a.m.,Jueves,Motocicleta,Particular,Motociclista,Masculino,No,Sin Registro,Solo Daños,Choque,Semaforo en rojo,Carrera 43 A Calle 25  Sur,Avenida El Poblado,Urbana,"(6.181616833, -75.58185727)"
2160255,02/25/2016,5:50 a.m.,Jueves,Motocicleta,Particular,Motociclista,Masculino,No,Sin Registro,Herido,Caida Ocupante,Otra,Carrera 48 Calle 48  Sur,Las Vegas,Urbana,"(6.164595282, -75.60138041)"
2160214,02/25/2016,7:10 a.m.,Jueves,Camioneta,Publico,Conductor,Masculino,No,Sin Registro,Solo Daños,Choque,No mantener distancia de seguridad,Calle 30  Sur Carrera 46,Jardines,Urbana,"(6.179166125, -75.58749587)"
2160214,02/25/2016,7:10 a.m.,Jueves,Automovil,Particular,Conductor,Masculino,No,Sin Registro,Solo Daños,Choque,No mantener distancia de seguridad,Calle 30  Sur Carrera 46,Jardines,Urbana,"(6.179166125, -75.58749587)"
2160261,02/25/2016,7:40 a.m.,Jueves,Camioneta,Particular,Conductor,Masculino,No,Sin Registro,Solo Daños,Choque,Otra,Tramo 372 Kilometro  17,Vereda Palmas,Rural,
2160261,02/25/2016,7:40 a.m.,Jueves,Sin Registro,Publico,Conductor,Masculino,No,Sin Registro,Solo Daños,Choque,Otra,Tramo 372 Kilometro  17,Vereda Palmas,Rural,
2160226,02/25/2016,8:00 a.m.,Jueves,Automovil,Particular,Conductor,Femenino,No,Sin Registro,Solo Daños,Choque,Adelantar cerrando,Calle 38 A Sur Carrera 48,Las Vegas,Urbana,"(6.168560755, -75.58701537)"
2160226,02/25/2016,8:00 a.m.,Jueves,Camion,Publico,Conductor,Masculino,No,Sin Registro,Solo Daños,Choque,Adelantar cerrando,Calle 38 A Sur Carrera 48,Las Vegas,Urbana,"(6.168560755, -75.58701537)"
2160227,02/25/2016,10:40 a.m.,Jueves,Motocicleta,Particular,Motociclista,Masculino,No,Sin Registro,Solo Daños,Choque,Semaforo en rojo,Carrera 35 Calle 37  Sur,Mesa,Urbana,"(6.167581073, -75.58268856)"
2160212,02/25/2016,11:50 a.m.,Jueves,Camion,Publico,Conductor,Masculino,No,Sin Registro,Solo Daños,Choque,Otra,Calle 25 C Sur Carrera 27,La Inmaculada,Urbana,
2160212,02/25/2016,11:50 a.m.,Jueves,Camioneta,Particular,Conductor,Masculino,No,Sin Registro,Solo Daños,Choque,Otra,Calle 25 C Sur Carrera 27,La Inmaculada,Urbana,
2160224,02/25/2016,12:11 p.m.,Jueves,Bus,Publico,Conductor,Masculino,No,Sin Registro,Solo Daños,Choque,Adelantar cerrando,Carrera 39 B Calle 45 A Sur,Las Antillas,Urbana,"(6.160234084, -75.5899547)"
2160224,02/25/2016,12:11 p.m.,Jueves,Bus,Publico,Conductor,Masculino,No,Sin Registro,Solo Daños,Choque,Adelantar cerrando,Carrera 39 B Calle 45 A Sur,Las Antillas,Urbana,"(6.160234084, -75.5899547)"
2160245,02/25/2016,12:32 p.m.,Jueves,Automovil,Particular,Conductor,Femenino,No,Sin Registro,Solo Daños,Choque,No mantener distancia de seguridad,Carrera 48 Calle 37  Sur,Glorieta Peldar,Urbana,"(6.172859211, -75.59276992)"
2160245,02/25/2016,12:32 p.m.,Jueves,Motocicleta,Particular,Motociclista,Masculino,No,Sin Registro,Solo Daños,Choque,No mantener distancia de seguridad,Carrera 48 Calle 37  Sur,Glorieta Peldar,Urbana,"(6.172859211, -75.59276992)"
2160219,02/25/2016,1:10 p.m.,Jueves,Automovil,Particular,Conductor,Femenino,No,Sin Registro,Herido,Atropello,Otra,Calle 39  Sur Carrera 43,Zona Centro,Urbana,"(6.168678771, -75.58876156)"
2160217,02/25/2016,3:30 p.m.,Jueves,Motocicleta,Particular,Motociclista,Femenino,No,Sin Registro,Herido,Atropello,Otra,Calle 37  Sur Carrera 40 A,Zona Centro,Urbana,"(6.16965782, -75.58587339)"
2160208,02/25/2016,5:30 p.m.,Jueves,Campero,Oficial,Conductor,Masculino,No,Sin Registro,Solo Daños,Choque,Otra,Carrera 43 A Calle 38  Sur,Zona Centro,Urbana,"(6.170421178, -75.58859877)"
2160208,02/25/2016,5:30 p.m.,Jueves,Automovil,Particular,Conductor,Femenino,No,Sin Registro,Solo Daños,Choque,Otra,Carrera 43 A Calle 38  Sur,Zona Centro,Urbana,"(6.170421178, -75.58859877)"
2160222,02/25/2016,6:05 p.m.,Jueves,Automovil,Particular,Conductor,Femenino,No,Sin Registro,Solo Daños,Choque,Adelantar en zona prohibida,Calle 36 D Sur Carrera 27,San Jose,Urbana,"(6.162479576, -75.57022257)"
2160222,02/25/2016,6:05 p.m.,Jueves,Motocicleta,Particular,Motociclista,Masculino,No,Sin Registro,Solo Daños,Choque,Adelantar en zona prohibida,Calle 36 D Sur Carrera 27,San Jose,Urbana,"(6.162479576, -75.57022257)"
2160216,02/25/2016,6:10 p.m.,Jueves,Motocicleta,Particular,Motociclista,Femenino,No,Sin Registro,Herido,Choque,Transitar distante de la acera u orilla,Calle 37  Sur Carrera 48,Glorieta Exito,Urbana,"(6.17412211, -75.59306111)"
2160216,02/25/2016,6:10 p.m.,Jueves,Bicicleta,Particular,Ciclista,Masculino,No,Sin Registro,Herido,Choque,No mantener distancia de seguridad,Calle 37  Sur Carrera 48,Glorieta Exito,Urbana,"(6.17412211, -75.59306111)"
2160216,02/25/2016,6:10 p.m.,Jueves,Bicicleta,Particular,Ciclista,Masculino,No,Sin Registro,Herido,Choque,Transitar distante de la acera u orilla,Calle 37  Sur Carrera 48,Glorieta Exito,Urbana,"(6.17412211, -75.59306111)"
2160216,02/25/2016,6:10 p.m.,Jueves,Motocicleta,Particular,Motociclista,Femenino,No,Sin Registro,Herido,Choque,No mantener distancia de seguridad,Calle 37  Sur Carrera 48,Glorieta Exito,Urbana,"(6.17412211, -75.59306111)"
2160228,02/25/2016,6:10 p.m.,Jueves,Automovil,Particular,Conductor,Masculino,No,Sin Registro,Solo Daños,Choque,Adelantar cerrando,Carrera 50 Calle 49  Sur,Las Vegas,Urbana,
2160228,02/25/2016,6:10 p.m.,Jueves,Camion,Publico,Conductor,Masculino,No,Sin Registro,Solo Daños,Choque,Adelantar cerrando,Carrera 50 Calle 49  Sur,Las Vegas,Urbana,
2160221,02/25/2016,6:30 p.m.,Jueves,Camion,Publico,Conductor,Masculino,No,Sin Registro,Solo Daños,Choque,No mantener distancia de seguridad,Carrera 48 Calle 30  Sur,Las Vegas,Urbana,"(6.179366643, -75.5880841)"
2160221,02/25/2016,6:30 p.m.,Jueves,Automovil,Particular,Conductor,Masculino,No,Sin Registro,Solo Daños,Choque,No mantener distancia de seguridad,Carrera 48 Calle 30  Sur,Las Vegas,Urbana,"(6.179366643, -75.5880841)"
2160223,02/25/2016,10:20 p.m.,Jueves,Motocicleta,Particular,Motociclista,Masculino,No,Sin Registro,Solo Daños,Choque,No respetar prelacion,Carrera 49 Calle 39  Sur,Las Vegas,Urbana,"(6.173609359, -75.59707057)"
2160223,02/25/2016,10:20 p.m.,Jueves,Motocicleta,Particular,Motociclista,Masculino,No,Sin Registro,Solo Daños,Choque,No respetar prelacion,Carrera 49 Calle 39  Sur,Las Vegas,Urbana,"(6.173609359, -75.59707057)"
2160234,02/26/2016,3:00 a.m.,Viernes,Camion,Publico,Conductor,Masculino,No,Sin Registro,Solo Daños,Choque,Exceso de velocidad,Tramo 372 Kilometro  13,Vereda Palmas,Rural,
2160244,02/26/2016,6:40 a.m.,Viernes,Camioneta,Particular,Conductor,Masculino,No,Sin Registro,Herido,Choque,No mantener distancia de seguridad,Carrera 48 Calle 40  Sur,Las Vegas,Urbana,"(6.168855316, -75.59688767)"
2160244,02/26/2016,6:40 a.m.,Viernes,Automovil,Particular,Conductor,Masculino,No,Sin Registro,Herido,Choque,No mantener distancia de seguridad,Carrera 48 Calle 40  Sur,Las Vegas,Urbana,"(6.168855316, -75.59688767)"
2160244,02/26/2016,6:40 a.m.,Viernes,Camioneta,Particular,Conductor,Masculino,No,Sin Registro,Herido,Choque,No mantener distancia de seguridad,Carrera 48 Calle 40  Sur,Las Vegas,Urbana,"(6.168855316, -75.59688767)"
2160229,02/26/2016,12:30 p.m.,Viernes,Automovil,Particular,Conductor,Masculino,No,Sin Registro,Herido,Choque,Otra,Carrera 41 Calle 37  Sur,Zona Centro,Urbana,"(6.169735041, -75.58616625)"
2160229,02/26/2016,12:30 p.m.,Viernes,Motocicleta,Particular,Motociclista,Femenino,No,Sin Registro,Herido,Choque,Otra,Carrera 41 Calle 37  Sur,Zona Centro,Urbana,"(6.169735041, -75.58616625)"
2160250,02/26/2016,2:40 p.m.,Viernes,Automovil,Publico,Conductor,Masculino,No,Sin Registro,Solo Daños,Choque,No mantener distancia de seguridad,Carrera 25 Calle 39 B Sur,El Chinguí,Urbana,"(6.153370486, -75.57440226)"
2160250,02/26/2016,2:40 p.m.,Viernes,Motocicleta,Particular,Motociclista,Masculino,No,Sin Registro,Solo Daños,Choque,No mantener distancia de seguridad,Carrera 25 Calle 39 B Sur,El Chinguí,Urbana,"(6.153370486, -75.57440226)"
2160252,02/26/2016,3:20 p.m.,Viernes,Motocicleta,Particular,Motociclista,Masculino,No,Sin Registro,Herido,Choque,Desobedecer senales,Transversal 34 C Sur Diagonal 32 B,La Magnolia,Urbana,"(6.171946836, -75.58199304)"
2160252,02/26/2016,3:20 p.m.,Viernes,Automovil,Particular,Conductor,Femenino,No,Sin Registro,Herido,Choque,Desobedecer senales,Transversal 34 C Sur Diagonal 32 B,La Magnolia,Urbana,"(6.171946836, -75.58199304)"
2160241,02/26/2016,4:10 p.m.,Viernes,Automovil,Particular,Conductor,Femenino,No,Sin Registro,Solo Daños,Choque,Adelantar cerrando,Carrera 27 Calle 27  Sur,La Inmaculada,Urbana,"(6.172298689, -75.56780953)"
2160237,02/26/2016,4:30 p.m.,Viernes,Automovil,Particular,Conductor,Masculino,No,Sin Registro,Solo Daños,Choque,Adelantar en zona prohibida,Calle 36 D Sur Carrera 27,Vereda El Escobero,Urbana,"(6.162479576, -75.57022257)"
2160237,02/26/2016,4:30 p.m.,Viernes,Motocicleta,Particular,Motociclista,Masculino,No,Sin Registro,Solo Daños,Choque,Adelantar en zona prohibida,Calle 36 D Sur Carrera 27,Vereda El Escobero,Urbana,"(6.162479576, -75.57022257)"
2160232,02/27/2016,8:00 a.m.,Sábado,Camioneta,Particular,Conductor,Femenino,No,Sin Registro,Solo Daños,Choque,No mantener distancia de seguridad,Tramo 372 Kilometro  7,Vereda Palmas,Rural,
2160232,02/27/2016,8:00 a.m.,Sábado,Automovil,Particular,Conductor,Femenino,No,Sin Registro,Solo Daños,Choque,No mantener distancia de seguridad,Tramo 372 Kilometro  7,Vereda Palmas,Rural,
2160240,02/27/2016,10:50 a.m.,Sábado,Automovil,Particular,Conductor,Femenino,No,Sin Registro,Solo Daños,Choque,No mantener distancia de seguridad,Tramo 372 Kilometro  11,Vereda Palmas,Rural,
2160240,02/27/2016,10:50 a.m.,Sábado,Automovil,Particular,Conductor,Femenino,No,Sin Registro,Solo Daños,Choque,No mantener distancia de seguridad,Tramo 372 Kilometro  11,Vereda Palmas,Rural,
2160235,02/27/2016,12:00 p.m.,Sábado,Bicicleta,Particular,Ciclista,Masculino,No,Sin Registro,Muerto,Choque,Exceso de velocidad,Tramo 372 Kilometro  15,Vereda Palmas,Rural,
2160235,02/27/2016,12:00 p.m.,Sábado,Automovil,Particular,Conductor,Masculino,No,Sin Registro,Muerto,Choque,Exceso de velocidad,Tramo 372 Kilometro  15,Vereda Palmas,Rural,
2160271,02/27/2016,12:00 p.m.,Sábado,Camioneta,Particular,Conductor,Masculino,No,Sin Registro,Solo Daños,Choque,No respetar prelacion,Tramo 372 Kilometro  3,Vereda Palmas,Rural,
2160271,02/27/2016,12:00 p.m.,Sábado,Motocicleta,Particular,Motociclista,Masculino,No,Sin Registro,Solo Daños,Choque,No respetar prelacion,Tramo 372 Kilometro  3,Vereda Palmas,Rural,
2160238,02/27/2016,12:05 p.m.,Sábado,Automovil,Particular,Conductor,Masculino,No,Sin Registro,Solo Daños,Choque,Adelantar cerrando,Carrera 39 Calle 38  Sur,Zona Centro,Urbana,"(6.168272399, -75.58522092)"
2160238,02/27/2016,12:05 p.m.,Sábado,Automovil,Particular,Conductor,Masculino,No,Sin Registro,Solo Daños,Choque,Adelantar cerrando,Carrera 39 Calle 38  Sur,Zona Centro,Urbana,"(6.168272399, -75.58522092)"
2160230,02/27/2016,1:15 p.m.,Sábado,Camion,Publico,Conductor,Masculino,No,Sin Registro,Solo Daños,Choque,Transitar entre vehiculos,Carrera 50 Calle 30  Sur,Las Vegas,Urbana,
2160230,02/27/2016,1:15 p.m.,Sábado,Motocicleta,Particular,Motociclista,Masculino,No,Sin Registro,Solo Daños,Choque,Transitar entre vehiculos,Carrera 50 Calle 30  Sur,Las Vegas,Urbana,
2160236,02/27/2016,2:50 p.m.,Sábado,Automovil,Particular,Conductor,Masculino,No,Sin Registro,Solo Daños,Choque,Exceso de velocidad,Carrera 50 Calle 45 A Sur,Las Vegas,Urbana,
2160236,02/27/2016,2:50 p.m.,Sábado,Automovil,Oficial,Conductor,Masculino,No,Sin Registro,Solo Daños,Choque,No respetar prelacion,Carrera 50 Calle 45 A Sur,Las Vegas,Urbana,
2160236,02/27/2016,2:50 p.m.,Sábado,Automovil,Oficial,Conductor,Masculino,No,Sin Registro,Solo Daños,Choque,Exceso de velocidad,Carrera 50 Calle 45 A Sur,Las Vegas,Urbana,
2160236,02/27/2016,2:50 p.m.,Sábado,Automovil,Particular,Conductor,Masculino,No,Sin Registro,Solo Daños,Choque,No respetar prelacion,Carrera 50 Calle 45 A Sur,Las Vegas,Urbana,
2160233,02/27/2016,3:00 p.m.,Sábado,Automovil,Particular,Conductor,Femenino,No,Sin Registro,Solo Daños,Choque,Otra,Carrera 44 A Calle 31  Sur,Jardines,Urbana,"(6.176811812, -75.58617757)"
2160233,02/27/2016,3:00 p.m.,Sábado,Automovil,Particular,Conductor,Masculino,No,Sin Registro,Solo Daños,Choque,Otra,Carrera 44 A Calle 31  Sur,Jardines,Urbana,"(6.176811812, -75.58617757)"
2160249,02/27/2016,3:40 p.m.,Sábado,Automovil,Particular,Conductor,Masculino,No,Sin Registro,Solo Daños,Choque,No mantener distancia de seguridad,Tramo 372 Kilometro  6,Vereda Palmas,Rural,
2160249,02/27/2016,3:40 p.m.,Sábado,Automovil,Particular,Conductor,Masculino,No,Sin Registro,Solo Daños,Choque,No mantener distancia de seguridad,Tramo 372 Kilometro  6,Vereda Palmas,Rural,
2160231,02/27/2016,4:45 p.m.,Sábado,Automovil,Particular,Conductor,Masculino,No,Sin Registro,Herido,Choque,No mantener distancia de seguridad,Calle 39  Sur Carrera 25 B,Sin Registro,Urbana,"(6.157563812, -75.57922413)"