RADICADO,FECHA,HORA,DÍA DE LA SEMANA,CLASE DE VEHICULO,TIPO DE SERVICIO,TIPO DE VICTIMA,SEXO,ESTADO DE BEODEZ,RESULTADO DE BEODEZ,GRAVEDAD,CLASE DE ACCIDENTE,CAUSA,DIRECCIÓN,BARRIO,AREA,Coordenadas
2160231,02/27/2016,4:45 p.m.,Sábado,Motocicleta,Particular,Motociclista,Masculino,No,Sin Registro,Herido,Choque,No mantener distancia de seguridad,Calle 39  Sur Carrera 25 B,Sin Registro,Urbana,"(6.157563812, -75.57922413)"
2160259,02/27/2016,6:00 p.m.,Sábado,Automovil,Particular,Conductor,Femenino,No,Sin Registro,Solo Daños,Choque,Otra,Carrera 49 Calle 37  Sur,Sin Registro,Urbana,
2160247,02/27/2016,7:00 p.m.,Sábado,Bus,Publico,Conductor,Masculino,No,Sin Registro,Solo Daños,Choque,Adelantar cerrando,Diagonal 40 Calle 33 B Sur,Sin Registro,Urbana,"(6.172318879, -75.58522962)"
2160247,02/27/2016,7:00 p.m.,Sábado,Automovil,Particular,Conductor,Masculino,No,Sin Registro,Solo Daños,Choque,Adelantar cerrando,Diagonal 40 Calle 33 B Sur,Sin Registro,Urbana,"(6.172318879, -75.58522962)"
2160246,02/27/2016,7:40 p.m.,Sábado,Motocicleta,Particular,Motociclista,Masculino,No,Sin Registro,Solo Daños,Choque,Desobedecer senales,Calle 38 A Sur Carrera 35,Mesa,Urbana,"(6.166333039, -75.58360674)"
2160246,02/27/2016,7:40 p.m.,Sábado,Automovil,Particular,Conductor,Masculino,No,Sin Registro,Solo Daños,Choque,Desobedecer senales,Calle 38 A Sur Carrera 35,Mesa,Urbana,"(6.166333039, -75.58360674)"
2160243,02/27/2016,8:45 p.m.,Sábado,Automovil,Particular,Conductor,Masculino,No,Sin Registro,Solo Daños,Choque,Desobedecer senales,Transversal 33  Sur Diagonal 33,La Magnolia,Urbana,"(6.173879308, -75.58428383)"
2160243,02/27/2016,8:45 p.m.,Sábado,Motocicleta,Particular,Motociclista,Masculino,No,Sin Registro,Solo Daños,Choque,Desobedecer senales,Transversal 33  Sur Diagonal 33,La Magnolia,Urbana,"(6.173879308, -75.58428383)"
2160242,02/27/2016,11:30 p.m.,Sábado,Automovil,Particular,Conductor,Masculino,No,Sin Registro,Solo Daños,Choque,Otra,Calle 27 A Sur Carrera 43 A,Sin Registro,Urbana,"(6.180069628, -75.585608)"
2160242,02/27/2016,11:30 p.m.,Sábado,Automovil,Particular,Conductor,Femenino,No,Sin Registro,Solo Daños,Choque,Otra,Calle 27 A Sur Carrera 43 A,Sin Registro,Urbana,"(6.180069628, -75.585608)"
2160251,02/28/2016,9:00 a.m.,Domingo,Motocicleta,Particular,Motociclista,Masculino,No,Sin Registro,Herido,Choque,No respetar prelacion,Carrera 42 A Calle 48 C Sur,Loma Del Barro,Urbana,"(6.159133247, -75.59638309)"
2160251,02/28/2016,9:00 a.m.,Domingo,Bus,Publico,Conductor,Masculino,No,Sin Registro,Herido,Choque,No respetar prelacion,Carrera 42 A Calle 48 C Sur,Loma Del Barro,Urbana,"(6.159133247, -75.59638309)"
2160267,02/28/2016,12:00 p.m.,Domingo,Automovil,Particular,Conductor,Masculino,No,Sin Registro,Solo Daños,Choque,Adelantar cerrando,Calle 46  Sur Carrera 46,Primavera,Urbana,"(6.164633401, -75.59668961)"
2160267,02/28/2016,12:00 p.m.,Domingo,Motocicleta,Particular,Motociclista,Masculino,No,Sin Registro,Solo Daños,Choque,Adelantar cerrando,Calle 46  Sur Carrera 46,Primavera,Urbana,"(6.164633401, -75.59668961)"
2160267,02/28/2016,12:00 p.m.,Domingo,Automovil,Particular,Conductor,Masculino,No,Sin Registro,Solo Daños,Choque,Adelantar cerrando,Calle 46  Sur Carrera 46,Primavera,Urbana,"(6.164633401, -75.59668961)"
2160254,02/28/2016,1:00 p.m.,Domingo,Bus,Publico,Conductor,Masculino,No,Sin Registro,Solo Daños,Choque,Otra,Carrera 43 A Calle 31 A Sur,San Marcos,Urbana,"(6.176310274, -75.58548716)"
2160254,02/28/2016,1:00 p.m.,Domingo,Automovil,Particular,Conductor,Masculino,No,Sin Registro,Solo Daños,Choque,Otra,Carrera 43 A Calle 31 A Sur,San Marcos,Urbana,"(6.176310274, -75.58548716)"
2160256,02/28/2016,4:00 p.m.,Domingo,Motocicleta,Particular,Motociclista,Masculino,No,Sin Registro,Solo Daños,Choque,Desobedecer senales,Transversal 34  Sur Diagonal 31 F,Las Flores,Urbana,"(6.173807152, -75.58108329)"
2160256,02/28/2016,4:00 p.m.,Domingo,Automovil,Particular,Conductor,Masculino,No,Sin Registro,Solo Daños,Choque,Desobedecer senales,Transversal 34  Sur Diagonal 31 F,Las Flores,Urbana,"(6.173807152, -75.58108329)"
2160258,02/28/2016,4:30 p.m.,Domingo,Automovil,Particular,Conductor,Masculino,No,Sin Registro,Solo Daños,Choque,Otra,Carrera 27 Calle 23  Sur,La Inmaculada,Urbana,"(6.176588834, -75.56744599)"
2160239,02/28/2016,5:50 p.m.,Domingo,Automovil,Particular,Conductor,Masculino,No,Sin Registro,Solo Daños,Choque,Otra,Calle 46  Sur Carrera 44,Primavera,Urbana,"(6.164371719, -75.59631716)"
2160295,03/03/2016,11:30 p.m.,Jueves,Motocicleta,Particular,Motociclista,Masculino,No,Sin Registro,Herido,Choque,No mantener distancia de seguridad,Tramo 372 Kilometro  13,Vereda Palmas,Rural,
2160265,02/28/2016,8:15 p.m.,Domingo,Buseta,Publico,Conductor,Masculino,No,Sin Registro,Solo Daños,Choque,No respetar prelacion,Carrera 42 D Calle 48 E Sur,Sin Registro,Urbana,"(6.159992907, -75.59795447)"
2160265,02/28/2016,8:15 p.m.,Domingo,Automovil,Particular,Conductor,Masculino,No,Sin Registro,Solo Daños,Choque,No respetar prelacion,Carrera 42 D Calle 48 E Sur,Sin Registro,Urbana,"(6.159992907, -75.59795447)"
2160253,02/28/2016,8:45 p.m.,Domingo,Motocicleta,Particular,Motociclista,Masculino,No,Sin Registro,Herido,Atropello,Cruzar sin observar,Calle 40  Sur Carrera 24 DE,El Salado,Urbana,"(6.147263187, -75.57633575)"
2160260,02/29/2016,6:50 a.m.,Lunes,Automovil,Particular,Conductor,Femenino,No,Sin Registro,Solo Daños,Choque,No respetar prelacion,Carrera 50 Calle 39  Sur,Las Vegas,Urbana,
2160260,02/29/2016,6:50 a.m.,Lunes,Camion,Publico,Conductor,Masculino,No,Sin Registro,Solo Daños,Choque,No respetar prelacion,Carrera 50 Calle 39  Sur,Las Vegas,Urbana,
2160272,02/29/2016,8:00 a.m.,Lunes,Automovil,Particular,Conductor,Masculino,No,Sin Registro,Solo Daños,Choque,Adelantar en zona prohibida,Carrera 48 Calle 37  Sur,Las Vegas,Urbana,"(6.172859211, -75.59276992)"
2160272,02/29/2016,8:00 a.m.,Lunes,Motocicleta,Particular,Motociclista,Femenino,No,Sin Registro,Solo Daños,Choque,Adelantar en zona prohibida,Carrera 48 Calle 37  Sur,Las Vegas,Urbana,"(6.172859211, -75.59276992)"
2160257,02/29/2016,8:05 a.m.,Lunes,Sin Registro,Oficial,Conductor,Masculino,No,Sin Registro,Solo Daños,Choque,Poner en marcha un vehiculo sin precauci,Calle 46  Sur Carrera 42 B,La Paz,Urbana,"(6.162405159, -75.59434952)"
2160257,02/29/2016,8:05 a.m.,Lunes,Automovil,Particular,Conductor,Masculino,No,Sin Registro,Solo Daños,Choque,Poner en marcha un vehiculo sin precauci,Calle 46  Sur Carrera 42 B,La Paz,Urbana,"(6.162405159, -75.59434952)"
2160278,02/29/2016,10:10 a.m.,Lunes,Automovil,Publico,Conductor,Masculino,No,Sin Registro,Solo Daños,Choque,No mantener distancia de seguridad,Calle 45  Sur Carrera 41,La Paz,Urbana,"(6.162879731, -75.59216618)"
2160278,02/29/2016,10:10 a.m.,Lunes,Automovil,Particular,Conductor,Masculino,No,Sin Registro,Solo Daños,Choque,No mantener distancia de seguridad,Calle 45  Sur Carrera 41,La Paz,Urbana,"(6.162879731, -75.59216618)"
2160289,02/29/2016,10:10 a.m.,Lunes,Camioneta,Particular,Conductor,Masculino,No,Sin Registro,Herido,Choque,No respetar prelacion,Tramo 372 Kilometro  7,Vereda Palmas,Rural,
2160289,02/29/2016,10:10 a.m.,Lunes,Motocicleta,Particular,Motociclista,Masculino,No,Sin Registro,Herido,Choque,No respetar prelacion,Tramo 372 Kilometro  7,Vereda Palmas,Rural,
2160273,02/29/2016,11:20 a.m.,Lunes,Motocicleta,Particular,Motociclista,Masculino,No,Sin Registro,Solo Daños,Choque,Adelantar cerrando,Calle 39  Sur Carrera 36,Mesa,Urbana,"(6.165994343, -75.58458117)"
2160273,02/29/2016,11:20 a.m.,Lunes,Automovil,Particular,Conductor,Masculino,No,Sin Registro,Solo Daños,Choque,Adelantar cerrando,Calle 39  Sur Carrera 36,Mesa,Urbana,"(6.165994343, -75.58458117)"
2160273,02/29/2016,11:20 a.m.,Lunes,Campero,Particular,Conductor,Femenino,No,Sin Registro,Solo Daños,Choque,Adelantar cerrando,Calle 39  Sur Carrera 36,Mesa,Urbana,"(6.165994343, -75.58458117)"
2160266,02/29/2016,2:00 p.m.,Lunes,Automovil,Particular,Conductor,Femenino,No,Sin Registro,Solo Daños,Choque,No mantener distancia de seguridad,Carrera 43 A Calle 40  Sur,Avenida El Poblado,Urbana,"(6.168044687, -75.59026877)"
2160266,02/29/2016,2:00 p.m.,Lunes,Motocicleta,Particular,Motociclista,Masculino,No,Sin Registro,Solo Daños,Choque,No mantener distancia de seguridad,Carrera 43 A Calle 40  Sur,Avenida El Poblado,Urbana,"(6.168044687, -75.59026877)"
2160264,02/29/2016,2:10 p.m.,Lunes,Automovil,Publico,Conductor,Masculino,No,Sin Registro,Solo Daños,Choque,Adelantar cerrando,Calle 37  Sur Carrera 42,Zona Centro,Urbana,"(6.17029993, -75.58693548)"
2160264,02/29/2016,2:10 p.m.,Lunes,Automovil,Particular,Conductor,Masculino,No,Sin Registro,Solo Daños,Choque,Adelantar cerrando,Calle 37  Sur Carrera 42,Zona Centro,Urbana,"(6.17029993, -75.58693548)"
2160269,02/29/2016,4:45 p.m.,Lunes,Motocicleta,Particular,Motociclista,Masculino,No,Sin Registro,Herido,Atropello,Cruzar sin observar,Carrera 46 B Calle 44  Sur,Primavera,Urbana,"(6.16599093, -75.59691678)"
2160263,02/29/2016,5:10 p.m.,Lunes,Automovil,Particular,Conductor,Femenino,No,Sin Registro,Solo Daños,Choque,No respetar prelacion,Carrera 48 Calle 38  Sur,Sin Registro,Urbana,"(6.172747818, -75.59269817)"
2160263,02/29/2016,5:10 p.m.,Lunes,Camioneta,Particular,Conductor,Femenino,No,Sin Registro,Solo Daños,Choque,No respetar prelacion,Carrera 48 Calle 38  Sur,Sin Registro,Urbana,"(6.172747818, -75.59269817)"
2160270,02/29/2016,6:30 p.m.,Lunes,Motocicleta,Particular,Motociclista,Masculino,No,Sin Registro,Herido,Choque,No mantener distancia de seguridad,Calle 40 B Sur Carrera 39 A,Sin Registro,Urbana,"(6.165386968, -75.58718501)"
2160270,02/29/2016,6:30 p.m.,Lunes,Motocicleta,Particular,Motociclista,Masculino,No,Sin Registro,Herido,Choque,No mantener distancia de seguridad,Calle 40 B Sur Carrera 39 A,Sin Registro,Urbana,"(6.165386968, -75.58718501)"
2160262,02/29/2016,7:30 p.m.,Lunes,Motocicleta,Particular,Motociclista,Masculino,No,Sin Registro,Solo Daños,Choque,Adelantar en zona prohibida,Calle 39  Sur Carrera 37,Mesa,Urbana,"(6.166324664, -75.58503975)"
2160262,02/29/2016,7:30 p.m.,Lunes,Automovil,Particular,Conductor,Femenino,No,Sin Registro,Solo Daños,Choque,Adelantar en zona prohibida,Calle 39  Sur Carrera 37,Mesa,Urbana,"(6.166324664, -75.58503975)"
2160303,01/03/2016,7:30 a.m.,Martes,Automovil,Particular,Conductor,Femenino,No,Sin Registro,Solo Daños,Choque,No mantener distancia de seguridad,Carrera 50 Calle 28  Sur,Las Vegas,Urbana,
2160303,01/03/2016,7:30 a.m.,Martes,Automovil,Particular,Conductor,Masculino,No,Sin Registro,Solo Daños,Choque,No mantener distancia de seguridad,Carrera 50 Calle 28  Sur,Las Vegas,Urbana,
2160286,01/03/2016,9:30 a.m.,Martes,Bus,Publico,Conductor,Masculino,No,Sin Registro,Herido,Choque,Otra,Calle 39  Sur Carrera 31,Mesa,Urbana,"(6.164350999, -75.58194251)"
2160286,01/03/2016,9:30 a.m.,Martes,Motocicleta,Particular,Motociclista,Masculino,No,Sin Registro,Herido,Choque,Otra,Calle 39  Sur Carrera 31,Mesa,Urbana,"(6.164350999, -75.58194251)"
2160282,01/03/2016,11:00 a.m.,Martes,Automovil,Particular,Conductor,Masculino,No,Sin Registro,Solo Daños,Choque,No mantener distancia de seguridad,Carrera 43 A Calle 45 B Sur,Primavera,Urbana,"(6.164786739, -75.59493527)"
2160282,01/03/2016,11:00 a.m.,Martes,Automovil,Particular,Conductor,Masculino,No,Sin Registro,Solo Daños,Choque,No mantener distancia de seguridad,Carrera 43 A Calle 45 B Sur,Primavera,Urbana,"(6.164786739, -75.59493527)"
2160274,01/03/2016,1:20 p.m.,Martes,Automovil,Particular,Conductor,Femenino,No,Sin Registro,Herido,Atropello,Otra,Calle 25  Sur Carrera 43 A,Zuñiga,Urbana,"(6.181560189, -75.58201649)"
2160281,01/03/2016,1:30 p.m.,Martes,Camioneta,Particular,Conductor,Masculino,No,Sin Registro,Solo Daños,Choque,Otra,Carrera 43 A Calle 32 A Sur,San Marcos,Urbana,"(6.175019606, -75.58592917)"
2160281,01/03/2016,1:30 p.m.,Martes,Automovil,Particular,Conductor,Masculino,No,Sin Registro,Solo Daños,Choque,Otra,Carrera 43 A Calle 32 A Sur,San Marcos,Urbana,"(6.175019606, -75.58592917)"
2160285,01/03/2016,2:15 p.m.,Martes,Camion,Oficial,Conductor,Sin registro,No,Sin Registro,Solo Daños,Choque,Otra,Calle 38  Sur Carrera 29 A,Sin Registro,Urbana,"(6.165022576, -75.58071311)"
2160285,01/03/2016,2:15 p.m.,Martes,Automovil,Particular,Conductor,Masculino,No,Sin Registro,Solo Daños,Choque,Otra,Calle 38  Sur Carrera 29 A,Sin Registro,Urbana,"(6.165022576, -75.58071311)"
2160283,01/03/2016,3:55 p.m.,Martes,Microbus,Publico,Conductor,Masculino,No,Sin Registro,Solo Daños,Choque,No mantener distancia de seguridad,Carrera 49 Calle 37  Sur,Las Vegas,Urbana,
2160283,01/03/2016,3:55 p.m.,Martes,Automovil,Particular,Conductor,Masculino,No,Sin Registro,Solo Daños,Choque,No mantener distancia de seguridad,Carrera 49 Calle 37  Sur,Las Vegas,Urbana,
2160291,01/03/2016,4:50 p.m.,Martes,Motocicleta,Particular,Motociclista,Masculino,No,Sin Registro,Herido,Choque,Adelantar en zona prohibida,Carrera 29 A Calle 39  Sur,San Jose,Urbana,"(6.163897984, -75.58087718)"
2160291,01/03/2016,4:50 p.m.,Martes,Automovil,Particular,Conductor,Masculino,No,Sin Registro,Herido,Choque,Adelantar en zona prohibida,Carrera 29 A Calle 39  Sur,San Jose,Urbana,"(6.163897984, -75.58087718)"
2160280,01/03/2016,5:30 p.m.,Martes,Camioneta,Publico,Conductor,Masculino,No,Sin Registro,Solo Daños,Choque,No mantener distancia de seguridad,Carrera 48 Calle 37  Sur,Glorieta Peldar,Urbana,"(6.172859211, -75.59276992)"
2160280,01/03/2016,5:30 p.m.,Martes,Automovil,Particular,Conductor,Masculino,No,Sin Registro,Solo Daños,Choque,No mantener distancia de seguridad,Carrera 48 Calle 37  Sur,Glorieta Peldar,Urbana,"(6.172859211, -75.59276992)"
2160275,01/03/2016,7:00 p.m.,Martes,Automovil,Publico,Conductor,Masculino,No,Sin Registro,Herido,Choque,Transitar entre vehiculos,Carrera 50 Calle 37  Sur,Las Vegas,Urbana,
2160275,01/03/2016,7:00 p.m.,Martes,Motocicleta,Particular,Motociclista,Masculino,No,Sin Registro,Herido,Choque,Transitar entre vehiculos,Carrera 50 Calle 37  Sur,Las Vegas,Urbana,
2160288,01/03/2016,8:40 p.m.,Martes,Motocicleta,Particular,Motociclista,Masculino,No,Sin Registro,Solo Daños,Choque,Exceso de velocidad,Carrera 42 B Calle 46 A Sur,La Paz,Urbana,"(6.162028226, -75.59449555)"
2160288,01/03/2016,8:40 p.m.,Martes,Automovil,Particular,Conductor,Femenino,No,Sin Registro,Solo Daños,Choque,Exceso de velocidad,Carrera 42 B Calle 46 A Sur,La Paz,Urbana,"(6.162028226, -75.59449555)"
2160279,01/03/2016,11:10 p.m.,Martes,Motocicleta,Oficial,Motociclista,Masculino,No,Sin Registro,Solo Daños,Choque,Exceso de velocidad,Tramo 181 Kilometro  3,Sin Registro,Rural,
2160279,01/03/2016,11:10 p.m.,Martes,Motocicleta,Particular,Motociclista,Masculino,No,Sin Registro,Solo Daños,Choque,Exceso de velocidad,Tramo 181 Kilometro  3,Sin Registro,Rural,
2160279,01/03/2016,11:10 p.m.,Martes,Motocicleta,Particular,Motociclista,Masculino,No,Sin Registro,Solo Daños,Choque,Exceso de velocidad,Tramo 181 Kilometro  3,Sin Registro,Rural,
2160297,02/03/2016,5:40 a.m.,Miércoles,Automovil,Particular,Conductor,Masculino,No,Sin Registro,Solo Daños,Choque,Adelantar cerrando,Calle 37  Sur Carrera 50,Las Vegas,Urbana,
2160297,02/03/2016,5:40 a.m.,Miércoles,Automovil,Particular,Conductor,Masculino,No,Sin Registro,Solo Daños,Choque,Adelantar cerrando,Calle 37  Sur Carrera 50,Las Vegas,Urbana,
2160301,02/03/2016,7:40 a.m.,Miércoles,Motocicleta,Particular,Motociclista,Femenino,No,Sin Registro,Solo Daños,Choque,No mantener distancia de seguridad,Calle 37  Sur Carrera 49,Sin Registro,Urbana,"(6.174789471, -75.59420424)"
2160301,02/03/2016,7:40 a.m.,Miércoles,Motocicleta,Particular,Motociclista,Masculino,No,Sin Registro,Solo Daños,Choque,No mantener distancia de seguridad,Calle 37  Sur Carrera 49,Sin Registro,Urbana,"(6.174789471, -75.59420424)"
2161215,02/03/2016,8:03 a.m.,Miércoles,Microbus,Particular,Conductor,Femenino,No,Sin Registro,Solo Daños,Choque,Otra,Calle 49 D Sur Carrera 40 A,Loma Del Barro,Urbana,"(6.155814881, -75.60075467)"
2161215,02/03/2016,8:03 a.m.,Miércoles,Automovil,Diplomatico,Conductor,Femenino,No,Sin Registro,Solo Daños,Choque,Otra,Calle 49 D Sur Carrera 40 A,Loma Del Barro,Urbana,"(6.155814881, -75.60075467)"
2160294,02/03/2016,11:50 a.m.,Miércoles,Campero,Particular,Conductor,Masculino,No,Sin Registro,Solo Daños,Choque,Otra,Tramo 372 Kilometro  17,Vereda Palmas,Rural,
2160294,02/03/2016,11:50 a.m.,Miércoles,Motocicleta,Particular,Motociclista,Masculino,No,Sin Registro,Solo Daños,Choque,Otra,Tramo 372 Kilometro  17,Vereda Palmas,Rural,
2160284,02/03/2016,12:00 p.m.,Miércoles,Motocicleta,Particular,Motociclista,Masculino,No,Sin Registro,Herido,Caida Ocupante,Otra,Carrera 43 A Calle 25 A Sur,Avenida El Poblado,Urbana,"(6.181504184, -75.5817415)"
2160284,02/03/2016,12:00 p.m.,Miércoles,Automovil,Particular,Conductor,Masculino,No,Sin Registro,Herido,Caida Ocupante,Otra,Carrera 43 A Calle 25 A Sur,Avenida El Poblado,Urbana,"(6.181504184, -75.5817415)"
2160300,02/03/2016,2:00 p.m.,Miércoles,Automovil,Particular,Conductor,Masculino,No,Sin Registro,Solo Daños,Choque,No mantener distancia de seguridad,Carrera 48 Calle 30  Sur,Las Vegas,Urbana,"(6.179366643, -75.5880841)"
2160300,02/03/2016,2:00 p.m.,Miércoles,Automovil,Particular,Conductor,Femenino,No,Sin Registro,Solo Daños,Choque,No mantener distancia de seguridad,Carrera 48 Calle 30  Sur,Las Vegas,Urbana,"(6.179366643, -75.5880841)"
2160304,02/03/2016,2:30 p.m.,Miércoles,Automovil,Publico,Conductor,Masculino,No,Sin Registro,Solo Daños,Choque,Adelantar cerrando,Calle 39  Sur Carrera 41,Zona Centro,Urbana,"(6.167870042, -75.58744871)"
2160304,02/03/2016,2:30 p.m.,Miércoles,Automovil,Particular,Conductor,Masculino,No,Sin Registro,Solo Daños,Choque,Adelantar cerrando,Calle 39  Sur Carrera 41,Zona Centro,Urbana,"(6.167870042, -75.58744871)"
2160290,02/03/2016,2:40 p.m.,Miércoles,Automovil,Particular,Conductor,Femenino,No,Sin Registro,Herido,Choque,No respetar prelacion,Carrera 27 Calle 23  Sur,La Inmaculada,Urbana,"(6.176588834, -75.56744599)"
2160290,02/03/2016,2:40 p.m.,Miércoles,Camioneta,Particular,Conductor,Femenino,No,Sin Registro,Herido,Choque,No respetar prelacion,Carrera 27 Calle 23  Sur,La Inmaculada,Urbana,"(6.176588834, -75.56744599)"
2160287,02/03/2016,3:40 p.m.,Miércoles,Automovil,Particular,Conductor,Femenino,No,Sin Registro,Solo Daños,Choque,Transitar entre vehiculos,Calle 36 D Sur Carrera 27 D,Vereda El Escobero,Urbana,"(6.164970853, -75.57463727)"
2160287,02/03/2016,3:40 p.m.,Miércoles,Motocicleta,Particular,Motociclista,Masculino,No,Sin Registro,Solo Daños,Choque,Transitar entre vehiculos,Calle 36 D Sur Carrera 27 D,Vereda El Escobero,Urbana,"(6.164970853, -75.57463727)"
2160302,02/03/2016,5:15 p.m.,Miércoles,Camioneta,Particular,Conductor,Masculino,No,Sin Registro,Solo Daños,Choque,No mantener distancia de seguridad,Carrera 48 Calle 37  Sur,Glorieta Peldar,Urbana,"(6.172859211, -75.59276992)"
2160302,02/03/2016,5:15 p.m.,Miércoles,Camioneta,Particular,Conductor,Femenino,No,Sin Registro,Solo Daños,Choque,No mantener distancia de seguridad,Carrera 48 Calle 37  Sur,Glorieta Peldar,Urbana,"(6.172859211, -75.59276992)"
2160302,02/03/2016,5:15 p.m.,Miércoles,Automovil,Particular,Conductor,Femenino,No,Sin Registro,Solo Daños,Choque,No mantener distancia de seguridad,Carrera 48 Calle 37  Sur,Glorieta Peldar,Urbana,"(6.172859211, -75.59276992)"
2160298,03/03/2016,6:20 a.m.,Jueves,Motocicleta,Particular,Motociclista,Masculino,No,Sin Registro,Herido,Choque,No mantener distancia de seguridad,Tramo 372 Kilometro  13,Vereda Palmas,Rural,
2160298,03/03/2016,6:20 a.m.,Jueves,Camioneta,Particular,Conductor,Masculino,No,Sin Registro,Herido,Choque,No mantener distancia de seguridad,Tramo 372 Kilometro  13,Vereda Palmas,Rural,
2160298,03/03/2016,6:20 a.m.,Jueves,Automovil,Particular,Conductor,Masculino,No,Sin Registro,Herido,Choque,No mantener distancia de seguridad,Tramo 372 Kilometro  13,Vereda Palmas,Rural,
2160298,03/03/2016,6:20 a.m.,Jueves,Camioneta,Particular,Conductor,Femenino,No,Sin Registro,Herido,Choque,No mantener distancia de seguridad,Tramo 372 Kilometro  13,Vereda Palmas,Rural,
2160296,03/03/2016,7:40 a.m.,Jueves,Camion,Publico,Conductor,Masculino,No,Sin Registro,Solo Daños,Choque,No respetar prelacion,Carrera 48 Calle 19  Sur,Zuñiga,Urbana,"(6.187349001, -75.58153568)"
2160296,03/03/2016,7:40 a.m.,Jueves,Automovil,Particular,Conductor,Femenino,No,Sin Registro,Solo Daños,Choque,No respetar prelacion,Carrera 48 Calle 19  Sur,Zuñiga,Urbana,"(6.187349001, -75.58153568)"
2160293,03/03/2016,10:00 a.m.,Jueves,Automovil,Publico,Conductor,Masculino,No,Sin Registro,Herido,Choque,Transitar entre vehiculos,Calle 40 B Sur Carrera 37,El Dorado,Urbana,"(6.164256506, -75.58642)"
2160293,03/03/2016,10:00 a.m.,Jueves,Motocicleta,Particular,Motociclista,Masculino,No,Sin Registro,Herido,Choque,Transitar entre vehiculos,Calle 40 B Sur Carrera 37,El Dorado,Urbana,"(6.164256506, -75.58642)"
2160312,03/03/2016,10:45 a.m.,Jueves,Camion,Publico,Conductor,Masculino,No,Sin Registro,Solo Daños,Choque,Otra,Calle 46 A Sur Carrera 43 A,Primavera,Urbana,"(6.163929718, -75.59816745)"
2160322,03/03/2016,2:00 p.m.,Jueves,Automovil,Particular,Conductor,Femenino,No,Sin Registro,Solo Daños,Choque,No mantener distancia de seguridad,Calle 21  Sur Carrera 42,Sin Registro,Urbana,"(6.183287121, -75.5789598)"
2160322,03/03/2016,2:00 p.m.,Jueves,Automovil,Particular,Conductor,Femenino,No,Sin Registro,Solo Daños,Choque,No mantener distancia de seguridad,Calle 21  Sur Carrera 42,Sin Registro,Urbana,"(6.183287121, -75.5789598)"
2160336,03/03/2016,3:00 p.m.,Jueves,Automovil,Particular,Conductor,Femenino,No,Sin Registro,Solo Daños,Choque,Poner en marcha un vehiculo sin precauci,Calle 38  Sur Carrera 47 A,Alcala,Urbana,"(6.172609491, -75.59229961)"
2160336,03/03/2016,3:00 p.m.,Jueves,Motocicleta,Particular,Motociclista,Masculino,No,Sin Registro,Solo Daños,Choque,Poner en marcha un vehiculo sin precauci,Calle 38  Sur Carrera 47 A,Alcala,Urbana,"(6.172609491, -75.59229961)"
2160305,03/03/2016,3:50 p.m.,Jueves,Automovil,Particular,Conductor,Femenino,No,Sin Registro,Solo Daños,Choque,Otra,Calle 37  Sur Carrera 28,Vereda El Escobero,Urbana,"(6.165679454, -75.57834042)"
2160314,03/03/2016,5:25 p.m.,Jueves,Automovil,Particular,Conductor,Femenino,No,Sin Registro,Solo Daños,Choque,No mantener distancia de seguridad,Carrera 42 A Calle 25  Sur,Las Orquideas,Urbana,"(6.179669709, -75.57988072)"
2160314,03/03/2016,5:25 p.m.,Jueves,Automovil,Particular,Conductor,Masculino,No,Sin Registro,Solo Daños,Choque,No mantener distancia de seguridad,Carrera 42 A Calle 25  Sur,Las Orquideas,Urbana,"(6.179669709, -75.57988072)"
2160325,03/03/2016,9:45 p.m.,Jueves,Automovil,Particular,Conductor,Masculino,No,Sin Registro,Solo Daños,Choque,No respetar prelacion,Carrera 43 A Calle 48 C Sur,Avenida El Poblado,Urbana,"(6.162218777, -75.59764446)"
2160325,03/03/2016,9:45 p.m.,Jueves,Automovil,Particular,Conductor,Masculino,No,Sin Registro,Solo Daños,Choque,No respetar prelacion,Carrera 43 A Calle 48 C Sur,Avenida El Poblado,Urbana,"(6.162218777, -75.59764446)"
2160295,03/03/2016,11:30 p.m.,Jueves,Motocicleta,Particular,Motociclista,Masculino,No,Sin Registro,Herido,Choque,No mantener distancia de seguridad,Tramo 372 Kilometro  13,Vereda Palmas,Rural,
2160386,09/03/2016,4:40 p.m.,Miércoles,Camion,Publico,Conductor,Masculino,No,Sin Registro,Solo Daños,Choque,No respetar prelacion,Calle 30  Sur Carrera 50,Las Vegas,Urbana,
2160292,04/03/2016,12:10 a.m.,Viernes,Automovil,Particular,Conductor,Masculino,No,Sin Registro,Herido,Choque,Semaforo en rojo,Carrera 48 Calle 25  Sur,Las Vegas,Urbana,"(6.185059174, -75.58329333)"
2160292,04/03/2016,12:10 a.m.,Viernes,Automovil,Particular,Conductor,Masculino,No,Sin Registro,Herido,Choque,Semaforo en rojo,Carrera 48 Calle 25  Sur,Las Vegas,Urbana,"(6.185059174, -75.58329333)"
2160337,04/03/2016,6:30 a.m.,Viernes,Motocicleta,Particular,Motociclista,Masculino,No,Sin Registro,Herido,Choque,Adelantar cerrando,Carrera 48 Calle 30  Sur,Las Vegas,Urbana,"(6.179366643, -75.5880841)"