RADICADO,FECHA,HORA,DÍA DE LA SEMANA,CLASE DE VEHICULO,TIPO DE SERVICIO,TIPO DE VICTIMA,SEXO,ESTADO DE BEODEZ,RESULTADO DE BEODEZ,GRAVEDAD,CLASE DE ACCIDENTE,CAUSA,DIRECCIÓN,BARRIO,AREA,Coordenadas
2160337,04/03/2016,6:30 a.m.,Viernes,Motocicleta,Particular,Motociclista,Masculino,No,Sin Registro,Herido,Choque,Adelantar cerrando,Carrera 48 Calle 30  Sur,Las Vegas,Urbana,"(6.179366643, -75.5880841)"
2160310,04/03/2016,7:15 a.m.,Viernes,Automovil,Publico,Conductor,Masculino,No,Sin Registro,Herido,Choque,Otra,Calle 49  Sur Carrera 46,Las Casitas,Urbana,"(6.162115504, -75.60109161)"
2160310,04/03/2016,7:15 a.m.,Viernes,Motocicleta,Particular,Motociclista,Masculino,No,Sin Registro,Herido,Choque,Otra,Calle 49  Sur Carrera 46,Las Casitas,Urbana,"(6.162115504, -75.60109161)"
2160346,04/03/2016,7:15 a.m.,Viernes,Automovil,Particular,Conductor,Masculino,No,Sin Registro,Herido,Choque,Transitar entre vehiculos,Carrera 48 Calle 26  Sur,Las Vegas,Urbana,"(6.183318111, -75.58553718)"
2160346,04/03/2016,7:15 a.m.,Viernes,Motocicleta,Particular,Motociclista,Masculino,No,Sin Registro,Herido,Choque,Transitar entre vehiculos,Carrera 48 Calle 26  Sur,Las Vegas,Urbana,"(6.183318111, -75.58553718)"
2160346,04/03/2016,7:15 a.m.,Viernes,Motocicleta,Particular,Motociclista,Masculino,No,Sin Registro,Herido,Choque,Transitar entre vehiculos,Carrera 48 Calle 26  Sur,Las Vegas,Urbana,"(6.183318111, -75.58553718)"
2160311,04/03/2016,7:30 a.m.,Viernes,Automovil,Particular,Conductor,Masculino,No,Sin Registro,Solo Daños,Choque,No mantener distancia de seguridad,Calle 36 D Sur Carrera 27,Vereda El Escobero,Urbana,"(6.162479576, -75.57022257)"
2160311,04/03/2016,7:30 a.m.,Viernes,Campero,Particular,Conductor,Masculino,No,Sin Registro,Solo Daños,Choque,No mantener distancia de seguridad,Calle 36 D Sur Carrera 27,Vereda El Escobero,Urbana,"(6.162479576, -75.57022257)"
2160308,04/03/2016,8:45 a.m.,Viernes,Camion,Publico,Conductor,Masculino,No,Sin Registro,Solo Daños,Choque,No respetar prelacion,Carrera 50 Calle 32 B Sur,Las Vegas,Urbana,"(6.178248378, -75.59168828)"
2160308,04/03/2016,8:45 a.m.,Viernes,Campero,Particular,Conductor,Femenino,No,Sin Registro,Solo Daños,Choque,No respetar prelacion,Carrera 50 Calle 32 B Sur,Las Vegas,Urbana,"(6.178248378, -75.59168828)"
2160330,04/03/2016,10:35 a.m.,Viernes,Motocicleta,Particular,Motociclista,Masculino,No,Sin Registro,Herido,Caida Ocupante,Otra,Calle 41  Sur Carrera 31,Sin Registro,Urbana,"(6.160543478, -75.58533608)"
2160306,04/03/2016,11:50 a.m.,Viernes,Automovil,Particular,Conductor,Femenino,No,Sin Registro,Solo Daños,Choque,No mantener distancia de seguridad,Calle 21  Sur Carrera 41,Zuñiga,Urbana,"(6.182165945, -75.57677668)"
2160306,04/03/2016,11:50 a.m.,Viernes,Microbus,Publico,Conductor,Masculino,No,Sin Registro,Solo Daños,Choque,No mantener distancia de seguridad,Calle 21  Sur Carrera 41,Zuñiga,Urbana,"(6.182165945, -75.57677668)"
2160313,04/03/2016,12:00 p.m.,Viernes,Motocicleta,Particular,Motociclista,Masculino,No,Sin Registro,Herido,Choque,Otra,Calle 40  Suroriente Carrera 25 B,El Salado,Urbana,
2160313,04/03/2016,12:00 p.m.,Viernes,Motocicleta,Particular,Motociclista,Masculino,No,Sin Registro,Herido,Choque,Otra,Calle 40  Suroriente Carrera 25 B,El Salado,Urbana,
2160332,04/03/2016,3:40 p.m.,Viernes,Motocicleta,Particular,Motociclista,Femenino,No,Sin Registro,Herido,Choque,Semaforo en rojo,Carrera 43 A Calle 38  Sur,Zona Centro,Urbana,"(6.170421178, -75.58859877)"
2160332,04/03/2016,3:40 p.m.,Viernes,Automovil,Particular,Conductor,Masculino,No,Sin Registro,Herido,Choque,Semaforo en rojo,Carrera 43 A Calle 38  Sur,Zona Centro,Urbana,"(6.170421178, -75.58859877)"
2160334,04/03/2016,10:45 p.m.,Viernes,Automovil,Particular,Conductor,Masculino,No,Sin Registro,Solo Daños,Choque,Otra,Calle 38  Sur Carrera 43 A,Zona Centro,Urbana,"(6.170537577, -75.58862514)"
2160334,04/03/2016,10:45 p.m.,Viernes,Automovil,Particular,Conductor,Masculino,No,Sin Registro,Solo Daños,Choque,Otra,Calle 38  Sur Carrera 43 A,Zona Centro,Urbana,"(6.170537577, -75.58862514)"
2160386,09/03/2016,4:40 p.m.,Miércoles,Camion,Publico,Conductor,Masculino,No,Sin Registro,Solo Daños,Choque,No respetar prelacion,Calle 30  Sur Carrera 50,Las Vegas,Urbana,
2160318,04/03/2016,11:00 p.m.,Viernes,Camioneta,Particular,Conductor,Masculino,No,Sin Registro,Solo Daños,Choque,Adelantar cerrando,Calle 40  Sur Carrera 45 F,Alcala,Urbana,"(6.16859384, -75.59304743)"
2160318,04/03/2016,11:00 p.m.,Viernes,Automovil,Particular,Conductor,Masculino,No,Sin Registro,Solo Daños,Choque,Adelantar cerrando,Calle 40  Sur Carrera 45 F,Alcala,Urbana,"(6.16859384, -75.59304743)"
2160323,05/03/2016,1:20 a.m.,Sábado,Automovil,Publico,Conductor,Masculino,No,Sin Registro,Solo Daños,Choque,Semaforo en rojo,Carrera 43 A Sur Calle 21  Sur,Avenida El Poblado,Urbana,"(6.183599544, -75.57940986)"
2160323,05/03/2016,1:20 a.m.,Sábado,Automovil,Particular,Conductor,Masculino,No,Sin Registro,Solo Daños,Choque,Semaforo en rojo,Carrera 43 A Sur Calle 21  Sur,Avenida El Poblado,Urbana,"(6.183599544, -75.57940986)"
2160361,05/03/2016,5:18 a.m.,Sábado,Motocicleta,Particular,Motociclista,Masculino,Si,3,Herido,Choque,Embriaguez o droga,Carrera 48 Calle 40  Sur,Las Vegas,Urbana,"(6.168855316, -75.59688767)"
2160307,05/03/2016,7:45 a.m.,Sábado,Automovil,Particular,Conductor,Masculino,No,Sin Registro,Solo Daños,Choque,Desobedecer senales,Carrera 41 Calle 24  Sur,Sin Registro,Urbana,"(6.179819678, -75.57714123)"
2160307,05/03/2016,7:45 a.m.,Sábado,Camioneta,Particular,Conductor,Masculino,No,Sin Registro,Solo Daños,Choque,Desobedecer senales,Carrera 41 Calle 24  Sur,Sin Registro,Urbana,"(6.179819678, -75.57714123)"
2160309,05/03/2016,7:50 a.m.,Sábado,Bus,Publico,Conductor,Masculino,No,Sin Registro,Solo Daños,Choque,Otra,Carrera 43 A Calle 29  Sur,Avenida El Poblado,Urbana,"(6.177803112, -75.5845555)"
2160309,05/03/2016,7:50 a.m.,Sábado,Camion,Publico,Conductor,Masculino,No,Sin Registro,Solo Daños,Choque,Otra,Carrera 43 A Calle 29  Sur,Avenida El Poblado,Urbana,"(6.177803112, -75.5845555)"
2160335,05/03/2016,9:50 a.m.,Sábado,Automovil,Particular,Conductor,Masculino,No,Sin Registro,Solo Daños,Choque,Exceso de velocidad,Carrera 42 A Calle 40 A Sur,El Dorado,Urbana,"(6.167103716, -75.5894909)"
2160335,05/03/2016,9:50 a.m.,Sábado,Automovil,Particular,Conductor,Femenino,No,Sin Registro,Solo Daños,Choque,Exceso de velocidad,Carrera 42 A Calle 40 A Sur,El Dorado,Urbana,"(6.167103716, -75.5894909)"
2160317,05/03/2016,10:10 a.m.,Sábado,Motocicleta,Particular,Motociclista,Masculino,No,Sin Registro,Solo Daños,Choque,Otra,Transversal 32 Calle 32 D Sur,La Magnolia,Urbana,"(6.175708497, -75.58428961)"
2160317,05/03/2016,10:10 a.m.,Sábado,Camioneta,Particular,Conductor,Masculino,No,Sin Registro,Solo Daños,Choque,Otra,Transversal 32 Calle 32 D Sur,La Magnolia,Urbana,"(6.175708497, -75.58428961)"
2160341,05/03/2016,11:30 a.m.,Sábado,Automovil,Publico,Conductor,Masculino,No,Sin Registro,Solo Daños,Choque,Adelantar cerrando,Calle 37  Sur Carrera 42,Mesa,Urbana,"(6.17029993, -75.58693548)"
2160341,05/03/2016,11:30 a.m.,Sábado,Automovil,Particular,Conductor,Masculino,No,Sin Registro,Solo Daños,Choque,Adelantar cerrando,Calle 37  Sur Carrera 42,Mesa,Urbana,"(6.17029993, -75.58693548)"
2160324,05/03/2016,11:50 a.m.,Sábado,Campero,Particular,Conductor,Masculino,No,Sin Registro,Solo Daños,Choque,No mantener distancia de seguridad,Tramo 371 Kilometro  13,Vereda El Escobero,Rural,
2160324,05/03/2016,11:50 a.m.,Sábado,Camioneta,Particular,Conductor,Femenino,No,Sin Registro,Solo Daños,Choque,No mantener distancia de seguridad,Tramo 371 Kilometro  13,Vereda El Escobero,Rural,
2160355,05/03/2016,12:00 p.m.,Sábado,Automovil,Particular,Conductor,Masculino,No,Sin Registro,Herido,Choque,Otra,Carrera 46 Calle 25  Sur,Villa Grande,Urbana,"(6.182810585, -75.58303441)"
2160355,05/03/2016,12:00 p.m.,Sábado,Bicicleta,Particular,Ciclista,Masculino,No,Sin Registro,Herido,Choque,Otra,Carrera 46 Calle 25  Sur,Villa Grande,Urbana,"(6.182810585, -75.58303441)"
2160355,05/03/2016,12:00 p.m.,Sábado,Bus,Publico,Conductor,Masculino,No,Sin Registro,Herido,Choque,Otra,Carrera 46 Calle 25  Sur,Villa Grande,Urbana,"(6.182810585, -75.58303441)"
2160344,05/03/2016,4:40 p.m.,Sábado,Automovil,Particular,Conductor,Femenino,No,Sin Registro,Herido,Choque,Adelantar en zona prohibida,Transversal 35 D Sur Diagonal 33,Mesa,Urbana,"(6.168481044, -75.58167277)"
2160344,05/03/2016,4:40 p.m.,Sábado,Motocicleta,Particular,Motociclista,Masculino,No,Sin Registro,Herido,Choque,Adelantar en zona prohibida,Transversal 35 D Sur Diagonal 33,Mesa,Urbana,"(6.168481044, -75.58167277)"
2160347,05/03/2016,6:00 p.m.,Sábado,Motocicleta,Diplomatico,Motociclista,Masculino,No,Sin Registro,Herido,Choque,Desobedecer senales,Calle 39  Sur Carrera 27 B,Sin Registro,Urbana,"(6.159217585, -75.57883462)"
2160347,05/03/2016,6:00 p.m.,Sábado,Motocicleta,Particular,Motociclista,Masculino,No,Sin Registro,Herido,Choque,Desobedecer senales,Calle 39  Sur Carrera 27 B,Sin Registro,Urbana,"(6.159217585, -75.57883462)"
2160315,05/03/2016,7:41 p.m.,Sábado,Motocicleta,Particular,Motociclista,Masculino,No,Sin Registro,Herido,Choque,Embriaguez o droga,Carrera 48 Calle 46  Sur,Las Vegas,Urbana,"(6.166195386, -75.59928549)"
2160315,05/03/2016,7:41 p.m.,Sábado,Motocicleta,Particular,Motociclista,Masculino,Si,2,Herido,Choque,Embriaguez o droga,Carrera 48 Calle 46  Sur,Las Vegas,Urbana,"(6.166195386, -75.59928549)"
2160354,05/03/2016,7:45 p.m.,Sábado,Motocicleta,Particular,Motociclista,Masculino,No,Sin Registro,Herido,Atropello,Semaforo en rojo,Calle 33 B Sur Carrera 43,Zona Centro,Urbana,"(6.172981087, -75.58607623)"
2160350,05/03/2016,9:05 p.m.,Sábado,Campero,Particular,Conductor,Masculino,No,Sin Registro,Solo Daños,Choque,No mantener distancia de seguridad,Carrera 48 Calle 37  Sur,Glorieta Peldar,Urbana,"(6.172859211, -75.59276992)"
2160321,05/03/2016,11:30 p.m.,Sábado,Automovil,Particular,Conductor,Femenino,No,Sin Registro,Solo Daños,Choque,Adelantar cerrando,Tramo 372 Kilometro  16,Vereda Palmas,Rural,
2160321,05/03/2016,11:30 p.m.,Sábado,Camioneta,Particular,Conductor,Masculino,No,Sin Registro,Solo Daños,Choque,Adelantar cerrando,Tramo 372 Kilometro  16,Vereda Palmas,Rural,
2160319,06/03/2016,1:40 a.m.,Domingo,Automovil,Particular,Conductor,Masculino,Si,2,Solo Daños,Choque,Otra,Carrera 42 B Calle 46 A Sur,La Paz,Urbana,"(6.162028226, -75.59449555)"
2160319,06/03/2016,1:40 a.m.,Domingo,Motocicleta,Particular,Motociclista,Masculino,No,Sin Registro,Solo Daños,Choque,Otra,Carrera 42 B Calle 46 A Sur,La Paz,Urbana,"(6.162028226, -75.59449555)"
2160316,06/03/2016,4:00 a.m.,Domingo,Automovil,Particular,Conductor,Masculino,Si,2,Herido,Volcamiento,Embriaguez o droga,Tramo 371 Kilometro  2,Vereda El Escobero,Rural,
2160320,06/03/2016,11:50 a.m.,Domingo,Automovil,Particular,Conductor,Femenino,No,Sin Registro,Solo Daños,Choque,Exceso de velocidad,Carrera 44 A Calle 31  Sur,San Marcos,Urbana,"(6.176811812, -75.58617757)"
2160333,06/03/2016,2:40 p.m.,Domingo,Motocicleta,Particular,Motociclista,Masculino,No,Sin Registro,Herido,Caida Ocupante,Otra,Carrera 41 A Calle 46 A Sur,Las Antillas,Urbana,"(6.160561141, -75.59378403)"
2160363,06/03/2016,3:30 p.m.,Domingo,Motocicleta,Particular,Motociclista,Masculino,No,Sin Registro,Herido,Choque,Exceso de velocidad,Calle 36 D Sur Carrera 27 A,Vereda El Escobero,Urbana,"(6.164831751, -75.57423497)"
2160363,06/03/2016,3:30 p.m.,Domingo,Camioneta,Particular,Conductor,Masculino,No,Sin Registro,Herido,Choque,Exceso de velocidad,Calle 36 D Sur Carrera 27 A,Vereda El Escobero,Urbana,"(6.164831751, -75.57423497)"
2160299,07/03/2016,1:32 a.m.,Lunes,Motocicleta,Particular,Motociclista,Masculino,No,Sin Registro,Muerto,Otro,Otra,Carrera 48 Calle 38  Sur,Las Vegas,Urbana,"(6.172747818, -75.59269817)"
2160348,07/03/2016,5:50 a.m.,Lunes,Automovil,Particular,Conductor,Masculino,No,Sin Registro,Herido,Choque,Transitar entre vehiculos,Carrera 43 A Calle 45  Sur,La Paz,Urbana,"(6.165116925, -75.59448316)"
2160348,07/03/2016,5:50 a.m.,Lunes,Motocicleta,Particular,Motociclista,Masculino,No,Sin Registro,Herido,Choque,Exceso de velocidad,Carrera 43 A Calle 45  Sur,La Paz,Urbana,"(6.165116925, -75.59448316)"
2160348,07/03/2016,5:50 a.m.,Lunes,Motocicleta,Particular,Motociclista,Masculino,No,Sin Registro,Herido,Choque,Transitar entre vehiculos,Carrera 43 A Calle 45  Sur,La Paz,Urbana,"(6.165116925, -75.59448316)"
2160348,07/03/2016,5:50 a.m.,Lunes,Automovil,Particular,Conductor,Masculino,No,Sin Registro,Herido,Choque,Exceso de velocidad,Carrera 43 A Calle 45  Sur,La Paz,Urbana,"(6.165116925, -75.59448316)"
2160326,07/03/2016,6:30 a.m.,Lunes,Automovil,Particular,Conductor,Masculino,No,Sin Registro,Solo Daños,Choque,No mantener distancia de seguridad,Carrera 50 Calle 32 B Sur,Las Vegas,Urbana,"(6.178248378, -75.59168828)"
2160326,07/03/2016,6:30 a.m.,Lunes,Automovil,Particular,Conductor,Masculino,No,Sin Registro,Solo Daños,Choque,No mantener distancia de seguridad,Carrera 50 Calle 32 B Sur,Las Vegas,Urbana,"(6.178248378, -75.59168828)"
2160327,07/03/2016,6:50 a.m.,Lunes,Buseta,Publico,Conductor,Masculino,No,Sin Registro,Solo Daños,Choque,Otra,Tramo 372 Kilometro  8,Vereda Palmas,Rural,
2160327,07/03/2016,6:50 a.m.,Lunes,Automovil,Particular,Conductor,Femenino,No,Sin Registro,Solo Daños,Choque,Otra,Tramo 372 Kilometro  8,Vereda Palmas,Rural,
2160328,07/03/2016,7:20 a.m.,Lunes,Camion,Publico,Conductor,Masculino,No,Sin Registro,Solo Daños,Choque,Otra,Diagonal 30 Transversal 34 D Sur,La Pradera,Urbana,"(6.1718058, -75.57826853)"
2160328,07/03/2016,7:20 a.m.,Lunes,Automovil,Particular,Conductor,Masculino,No,Sin Registro,Solo Daños,Choque,Otra,Diagonal 30 Transversal 34 D Sur,La Pradera,Urbana,"(6.1718058, -75.57826853)"
2160328,07/03/2016,7:20 a.m.,Lunes,Automovil,Particular,Conductor,Masculino,No,Sin Registro,Solo Daños,Choque,Otra,Diagonal 30 Transversal 34 D Sur,La Pradera,Urbana,"(6.1718058, -75.57826853)"
2160329,07/03/2016,10:40 a.m.,Lunes,Automovil,Particular,Conductor,Masculino,No,Sin Registro,Solo Daños,Choque,Otra,Carrera 48 Calle 29  Sur,Las Vegas,Urbana,"(6.180442532, -75.58781353)"
2160329,07/03/2016,10:40 a.m.,Lunes,Camion,Publico,Conductor,Masculino,No,Sin Registro,Solo Daños,Choque,Otra,Carrera 48 Calle 29  Sur,Las Vegas,Urbana,"(6.180442532, -75.58781353)"
2160360,07/03/2016,10:50 a.m.,Lunes,Buseta,Publico,Conductor,Masculino,No,Sin Registro,Herido,Choque,No respetar prelacion,Carrera 48 Calle 30  Sur,El Portal,Urbana,"(6.179366643, -75.5880841)"
2160360,07/03/2016,10:50 a.m.,Lunes,Automovil,Particular,Conductor,Masculino,No,Sin Registro,Herido,Choque,No respetar prelacion,Carrera 48 Calle 30  Sur,El Portal,Urbana,"(6.179366643, -75.5880841)"
2160360,07/03/2016,10:50 a.m.,Lunes,Automovil,Particular,Conductor,Masculino,No,Sin Registro,Herido,Choque,No respetar prelacion,Carrera 48 Calle 30  Sur,El Portal,Urbana,"(6.179366643, -75.5880841)"
2160340,07/03/2016,12:10 p.m.,Lunes,Motocicleta,Particular,Motociclista,Masculino,No,Sin Registro,Solo Daños,Choque,Embriaguez o droga,Carrera 40 Calle 48 B Sur,El Salado,Urbana,"(6.158358186, -75.59526149)"
2160340,07/03/2016,12:10 p.m.,Lunes,Automovil,Particular,Conductor,Femenino,Si,3,Solo Daños,Choque,Embriaguez o droga,Carrera 40 Calle 48 B Sur,El Salado,Urbana,"(6.158358186, -75.59526149)"
2160339,07/03/2016,1:20 p.m.,Lunes,Automovil,Particular,Conductor,Masculino,No,Sin Registro,Solo Daños,Choque,Otra,Calle 46  Sur Carrera 45,Primavera,Urbana,
2160366,07/03/2016,2:10 p.m.,Lunes,Automovil,Particular,Conductor,Femenino,No,Sin Registro,Solo Daños,Choque,No mantener distancia de seguridad,Carrera 43 A Calle 46  Sur,Avenida El Poblado,Urbana,"(6.164030981, -75.59599263)"
2160366,07/03/2016,2:10 p.m.,Lunes,Bus,Publico,Conductor,Masculino,No,Sin Registro,Solo Daños,Choque,No mantener distancia de seguridad,Carrera 43 A Calle 46  Sur,Avenida El Poblado,Urbana,"(6.164030981, -75.59599263)"
2160364,07/03/2016,2:20 p.m.,Lunes,Automovil,Publico,Conductor,Masculino,No,Sin Registro,Herido,Choque,Transitar entre vehiculos,Carrera 50 Calle 36  Sur,Las Vegas,Urbana,
2160364,07/03/2016,2:20 p.m.,Lunes,Motocicleta,Particular,Motociclista,Masculino,No,Sin Registro,Herido,Choque,Transitar entre vehiculos,Carrera 50 Calle 36  Sur,Las Vegas,Urbana,
2160359,07/03/2016,2:40 p.m.,Lunes,Automovil,Particular,Conductor,Masculino,No,Sin Registro,Solo Daños,Choque,Poner en marcha un vehiculo sin precauci,Carrera 48 A Calle 26  Sur,Sin Registro,Urbana,
2160359,07/03/2016,2:40 p.m.,Lunes,Camioneta,Publico,Conductor,Masculino,No,Sin Registro,Solo Daños,Choque,Poner en marcha un vehiculo sin precauci,Carrera 48 A Calle 26  Sur,Sin Registro,Urbana,
2160331,07/03/2016,3:30 p.m.,Lunes,Microbus,Publico,Conductor,Masculino,No,Sin Registro,Solo Daños,Choque,No mantener distancia de seguridad,Calle 40  Sur Carrera 46,Alcala,Urbana,"(6.169002847, -75.59390017)"
2160331,07/03/2016,3:30 p.m.,Lunes,Bus,Publico,Conductor,Masculino,No,Sin Registro,Solo Daños,Choque,No mantener distancia de seguridad,Calle 40  Sur Carrera 46,Alcala,Urbana,"(6.169002847, -75.59390017)"
2160338,07/03/2016,4:00 p.m.,Lunes,Motocicleta,Particular,Motociclista,Masculino,No,Sin Registro,Solo Daños,Choque,Adelantar en zona prohibida,Calle 39  Sur Carrera 34,Mesa,Urbana,"(6.16529284, -75.58347796)"
2160338,07/03/2016,4:00 p.m.,Lunes,Automovil,Particular,Conductor,Femenino,No,Sin Registro,Solo Daños,Choque,Adelantar en zona prohibida,Calle 39  Sur Carrera 34,Mesa,Urbana,"(6.16529284, -75.58347796)"
2160368,07/03/2016,4:00 p.m.,Lunes,Motocicleta,Particular,Motociclista,Masculino,No,Sin Registro,Herido,Choque,No mantener distancia de seguridad,Carrera 43 A Calle 39  Sur,Zona Centro,Urbana,"(6.169011071, -75.5894849)"
2160368,07/03/2016,4:00 p.m.,Lunes,Automovil,Particular,Conductor,Masculino,No,Sin Registro,Herido,Choque,No mantener distancia de seguridad,Carrera 43 A Calle 39  Sur,Zona Centro,Urbana,"(6.169011071, -75.5894849)"
2160352,07/03/2016,6:50 p.m.,Lunes,Automovil,Particular,Conductor,Masculino,No,Sin Registro,Solo Daños,Choque,Desobedecer senales,Calle 40 F Sur Carrera 40 A,El Dorado,Urbana,"(6.164811069, -75.58956509)"
2160352,07/03/2016,6:50 p.m.,Lunes,Automovil,Publico,Conductor,Masculino,No,Sin Registro,Solo Daños,Choque,Desobedecer senales,Calle 40 F Sur Carrera 40 A,El Dorado,Urbana,"(6.164811069, -75.58956509)"
2160365,07/03/2016,7:20 p.m.,Lunes,Motocicleta,Particular,Motociclista,Masculino,No,Sin Registro,Herido,Choque,Adelantar cerrando,Carrera 43 A Calle 45  Sur,Avenida El Poblado,Urbana,"(6.165116925, -75.59448316)"
2160365,07/03/2016,7:20 p.m.,Lunes,Bicicleta,Particular,Ciclista,Masculino,No,Sin Registro,Herido,Choque,Adelantar cerrando,Carrera 43 A Calle 45  Sur,Avenida El Poblado,Urbana,"(6.165116925, -75.59448316)"
2160349,07/03/2016,9:50 p.m.,Lunes,Camion,Publico,Conductor,Masculino,No,Sin Registro,Herido,Choque,No mantener distancia de seguridad,Carrera 48 Calle 40  Sur,Alcala,Urbana,"(6.168855316, -75.59688767)"
2160349,07/03/2016,9:50 p.m.,Lunes,Motocicleta,Particular,Motociclista,Femenino,No,Sin Registro,Herido,Choque,No mantener distancia de seguridad,Carrera 48 Calle 40  Sur,Alcala,Urbana,"(6.168855316, -75.59688767)"
2160351,08/03/2016,6:20 a.m.,Martes,Campero,Particular,Conductor,Masculino,No,Sin Registro,Solo Daños,Choque,Adelantar cerrando,Carrera 48 Calle 40  Sur,Las Vegas,Urbana,"(6.168855316, -75.59688767)"
2160351,08/03/2016,6:20 a.m.,Martes,Buseta,Publico,Conductor,Masculino,No,Sin Registro,Solo Daños,Choque,Adelantar cerrando,Carrera 48 Calle 40  Sur,Las Vegas,Urbana,"(6.168855316, -75.59688767)"
2160356,08/03/2016,6:35 a.m.,Martes,Sin Registro,Publico,Conductor,Masculino,No,Sin Registro,Solo Daños,Choque,Adelantar cerrando,Carrera 49 Calle 39  Sur,Las Vegas,Urbana,"(6.173609359, -75.59707057)"
2160356,08/03/2016,6:35 a.m.,Martes,Automovil,Particular,Conductor,Masculino,No,Sin Registro,Solo Daños,Choque,Adelantar cerrando,Carrera 49 Calle 39  Sur,Las Vegas,Urbana,"(6.173609359, -75.59707057)"
2160342,08/03/2016,7:45 a.m.,Martes,Motocicleta,Particular,Motociclista,Masculino,No,Sin Registro,Solo Daños,Choque,No mantener distancia de seguridad,Carrera 50 Calle 26  Sur,Las Vegas,Urbana,"(6.184812544, -75.58691109)"
2160342,08/03/2016,7:45 a.m.,Martes,Motocicleta,Particular,Motociclista,Masculino,No,Sin Registro,Solo Daños,Choque,No mantener distancia de seguridad,Carrera 50 Calle 26  Sur,Las Vegas,Urbana,"(6.184812544, -75.58691109)"
2160370,08/03/2016,7:55 a.m.,Martes,Motocicleta,Particular,Motociclista,Masculino,No,Sin Registro,Herido,Choque,No mantener distancia de seguridad,Calle 33 B Sur Carrera 43 A,San Marcos,Urbana,"(6.173429457, -75.58671662)"
2160370,08/03/2016,7:55 a.m.,Martes,Automovil,Particular,Conductor,Masculino,No,Sin Registro,Herido,Choque,No mantener distancia de seguridad,Calle 33 B Sur Carrera 43 A,San Marcos,Urbana,"(6.173429457, -75.58671662)"
2160343,08/03/2016,10:30 a.m.,Martes,Camioneta,Particular,Conductor,Masculino,No,Sin Registro,Solo Daños,Choque,Otra,Calle 36  Sur Carrera 23,El Chocho,Urbana,"(6.167434238, -75.56295895)"
2160357,08/03/2016,1:00 p.m.,Martes,Automovil,Particular,Conductor,Masculino,No,Sin Registro,Solo Daños,Choque,Adelantar cerrando,Carrera 48 Calle 26  Sur,Las Vegas,Urbana,"(6.183318111, -75.58553718)"
2160357,08/03/2016,1:00 p.m.,Martes,Automovil,Particular,Conductor,Masculino,No,Sin Registro,Solo Daños,Choque,Adelantar cerrando,Carrera 48 Calle 26  Sur,Las Vegas,Urbana,"(6.183318111, -75.58553718)"
2160362,08/03/2016,2:20 p.m.,Martes,Automovil,Publico,Conductor,Masculino,No,Sin Registro,Herido,Choque,Transitar entre vehiculos,Calle 40  Sur Carrera 43,Alcala,Urbana,"(6.167965983, -75.59024215)"
2160362,08/03/2016,2:20 p.m.,Martes,Motocicleta,Particular,Motociclista,Femenino,No,Sin Registro,Herido,Choque,Transitar entre vehiculos,Calle 40  Sur Carrera 43,Alcala,Urbana,"(6.167965983, -75.59024215)"
2160353,08/03/2016,2:30 p.m.,Martes,Motocicleta,Particular,Motociclista,Masculino,No,Sin Registro,Solo Daños,Choque,Exceso de velocidad,Carrera 50 Calle 26  Sur,Las Vegas,Urbana,"(6.184812544, -75.58691109)"
2160358,08/03/2016,2:50 p.m.,Martes,Camioneta,Particular,Conductor,Masculino,No,Sin Registro,Solo Daños,Choque,Otra,Carrera 40 A Calle 40 DD Sur,El Dorado,Urbana,"(6.165262871, -75.58896225)"
2160358,08/03/2016,2:50 p.m.,Martes,Camioneta,Particular,Conductor,Femenino,No,Sin Registro,Solo Daños,Choque,Otra,Carrera 40 A Calle 40 DD Sur,El Dorado,Urbana,"(6.165262871, -75.58896225)"
2160367,08/03/2016,5:00 p.m.,Martes,Automovil,Diplomatico,Conductor,Masculino,No,Sin Registro,Solo Daños,Choque,Otra,Carrera 42 Calle 38 A Sur,Zona Centro,Urbana,"(6.168903475, -75.58769578)"
2160367,08/03/2016,5:00 p.m.,Martes,Motocicleta,Particular,Motociclista,Masculino,No,Sin Registro,Solo Daños,Choque,Otra,Carrera 42 Calle 38 A Sur,Zona Centro,Urbana,"(6.168903475, -75.58769578)"
2160367,08/03/2016,5:00 p.m.,Martes,Motocicleta,Particular,Motociclista,Masculino,No,Sin Registro,Solo Daños,Choque,Otra,Carrera 42 Calle 38 A Sur,Zona Centro,Urbana,"(6.168903475, -75.58769578)"
2160369,08/03/2016,5:20 p.m.,Martes,Motocicleta,Particular,Motociclista,Femenino,No,Sin Registro,Herido,Choque,No mantener distancia de seguridad,Carrera 43 A Calle 23  Sur,Zuñiga,Urbana,"(6.182555831, -75.58017793)"
2160369,08/03/2016,5:20 p.m.,Martes,Motocicleta,Particular,Motociclista,Masculino,No,Sin Registro,Herido,Choque,No mantener distancia de seguridad,Carrera 43 A Calle 23  Sur,Zuñiga,Urbana,"(6.182555831, -75.58017793)"
2160374,09/03/2016,6:10 a.m.,Miércoles,Camion,Publico,Conductor,Masculino,No,Sin Registro,Solo Daños,Choque,Adelantar cerrando,Carrera 49 Calle 25 AA Sur,Las Vegas,Urbana,"(6.18641241, -75.58506296)"
2160374,09/03/2016,6:10 a.m.,Miércoles,Automovil,Particular,Conductor,Femenino,No,Sin Registro,Solo Daños,Choque,Adelantar cerrando,Carrera 49 Calle 25 AA Sur,Las Vegas,Urbana,"(6.18641241, -75.58506296)"
2160379,09/03/2016,6:30 a.m.,Miércoles,Automovil,Particular,Conductor,Masculino,No,Sin Registro,Solo Daños,Choque,No mantener distancia de seguridad,Calle 37  Sur Carrera 50,Sin Registro,Urbana,