RADICADO,FECHA,HORA,DÍA DE LA SEMANA,CLASE DE VEHICULO,TIPO DE SERVICIO,TIPO DE VICTIMA,SEXO,ESTADO DE BEODEZ,RESULTADO DE BEODEZ,GRAVEDAD,CLASE DE ACCIDENTE,CAUSA,DIRECCIÓN,BARRIO,AREA,Coordenadas
2160379,09/03/2016,6:30 a.m.,Miércoles,Automovil,Particular,Conductor,Masculino,No,Sin Registro,Solo Daños,Choque,No mantener distancia de seguridad,Calle 37  Sur Carrera 50,Sin Registro,Urbana,
2160373,09/03/2016,6:45 a.m.,Miércoles,Camion,Publico,Conductor,Masculino,No,Sin Registro,Solo Daños,Choque,Subirse al anden o vias peatonales,Carrera 40 A Calle 37  Sur,Zona Centro,Urbana,"(6.169546916, -75.58585723)"
2160373,09/03/2016,6:45 a.m.,Miércoles,Camioneta,Publico,Conductor,Masculino,No,Sin Registro,Solo Daños,Choque,Subirse al anden o vias peatonales,Carrera 40 A Calle 37  Sur,Zona Centro,Urbana,"(6.169546916, -75.58585723)"
2160377,09/03/2016,6:50 a.m.,Miércoles,Automovil,Particular,Conductor,Masculino,No,Sin Registro,Solo Daños,Choque,Otra,Diagonal 33 Transversal 34 DD Sur,Los Naranjos,Urbana,"(6.170034519, -75.58271245)"
2160377,09/03/2016,6:50 a.m.,Miércoles,Camioneta,Publico,Conductor,Masculino,No,Sin Registro,Solo Daños,Choque,Otra,Diagonal 33 Transversal 34 DD Sur,Los Naranjos,Urbana,"(6.170034519, -75.58271245)"
2160372,09/03/2016,7:45 a.m.,Miércoles,Automovil,Particular,Conductor,Femenino,No,Sin Registro,Solo Daños,Choque,Adelantar cerrando,Carrera 46 Calle 22 A Sur,Zuñiga,Urbana,"(6.183646796, -75.58234305)"
2160372,09/03/2016,7:45 a.m.,Miércoles,Automovil,Particular,Conductor,Femenino,No,Sin Registro,Solo Daños,Choque,Adelantar cerrando,Carrera 46 Calle 22 A Sur,Zuñiga,Urbana,"(6.183646796, -75.58234305)"
2160378,09/03/2016,9:10 a.m.,Miércoles,Microbus,Publico,Conductor,Masculino,No,Sin Registro,Solo Daños,Choque,No mantener distancia de seguridad,Calle 38  Sur Carrera 37,Zona Centro,Urbana,"(6.167718264, -75.5841855)"
2160378,09/03/2016,9:10 a.m.,Miércoles,Automovil,Particular,Conductor,Masculino,No,Sin Registro,Solo Daños,Choque,No mantener distancia de seguridad,Calle 38  Sur Carrera 37,Zona Centro,Urbana,"(6.167718264, -75.5841855)"
2160412,09/03/2016,3:00 p.m.,Miércoles,Automovil,Particular,Conductor,Masculino,No,Sin Registro,Solo Daños,Choque,Poner en marcha un vehiculo sin precauci,Carrera 43 A Calle 31 A Sur,Sin Registro,Urbana,"(6.176310274, -75.58548716)"
2160412,09/03/2016,3:00 p.m.,Miércoles,Camioneta,Particular,Conductor,Femenino,No,Sin Registro,Solo Daños,Choque,Poner en marcha un vehiculo sin precauci,Carrera 43 A Calle 31 A Sur,Sin Registro,Urbana,"(6.176310274, -75.58548716)"
2160409,09/03/2016,3:30 p.m.,Miércoles,Bus,Publico,Conductor,Masculino,No,Sin Registro,Solo Daños,Choque,No mantener distancia de seguridad,Carrera 43 A Calle 49  Sur,Las Casitas,Urbana,"(6.160914202, -75.60002299)"
2160409,09/03/2016,3:30 p.m.,Miércoles,Automovil,Particular,Conductor,Masculino,No,Sin Registro,Solo Daños,Choque,No mantener distancia de seguridad,Carrera 43 A Calle 49  Sur,Las Casitas,Urbana,"(6.160914202, -75.60002299)"
2160409,09/03/2016,3:30 p.m.,Miércoles,Automovil,Publico,Conductor,Masculino,No,Sin Registro,Solo Daños,Choque,No mantener distancia de seguridad,Carrera 43 A Calle 49  Sur,Las Casitas,Urbana,"(6.160914202, -75.60002299)"
2160375,09/03/2016,6:20 p.m.,Miércoles,Motocicleta,Diplomatico,Motociclista,Masculino,No,Sin Registro,Solo Daños,Choque,Desobedecer senales,Calle 34  Sur Carrera 46,Alcala,Urbana,"(6.174946606, -75.58996342)"
2160375,09/03/2016,6:20 p.m.,Miércoles,Automovil,Particular,Conductor,Masculino,No,Sin Registro,Solo Daños,Choque,Desobedecer senales,Calle 34  Sur Carrera 46,Alcala,Urbana,"(6.174946606, -75.58996342)"
2160376,09/03/2016,7:30 p.m.,Miércoles,Motocicleta,Particular,Motociclista,Masculino,No,Sin Registro,Herido,Choque,Exceso de velocidad,Carrera 48 Calle 50  Sur,Las Vegas,Urbana,
2160371,09/03/2016,8:10 p.m.,Miércoles,Automovil,Particular,Conductor,Masculino,No,Sin Registro,Solo Daños,Choque,No mantener distancia de seguridad,Carrera 27 G Calle 36 D Sur,Vereda El Escobero,Urbana,"(6.166212839, -75.57691411)"
2160371,09/03/2016,8:10 p.m.,Miércoles,Motocicleta,Particular,Motociclista,Masculino,No,Sin Registro,Solo Daños,Choque,No mantener distancia de seguridad,Carrera 27 G Calle 36 D Sur,Vereda El Escobero,Urbana,"(6.166212839, -75.57691411)"
2160411,09/03/2016,8:40 p.m.,Miércoles,Camioneta,Particular,Conductor,Femenino,No,Sin Registro,Solo Daños,Choque,No respetar prelacion,Calle 21  Sur Carrera 40,Sin Registro,Urbana,
2160411,09/03/2016,8:40 p.m.,Miércoles,Automovil,Particular,Conductor,Masculino,No,Sin Registro,Solo Daños,Choque,No respetar prelacion,Calle 21  Sur Carrera 40,Sin Registro,Urbana,
2160387,09/03/2016,10:20 p.m.,Miércoles,Motocicleta,Particular,Motociclista,Masculino,No,Sin Registro,Solo Daños,Choque,Otra,Calle 25  Sur Carrera 49,Sin Registro,Urbana,
2160414,10/03/2016,6:50 a.m.,Jueves,Bus,Publico,Conductor,Masculino,No,Sin Registro,Solo Daños,Choque,Adelantar cerrando,Carrera 43 A Calle 29  Sur,Sin Registro,Urbana,"(6.177803112, -75.5845555)"
2160414,10/03/2016,6:50 a.m.,Jueves,Automovil,Particular,Conductor,Femenino,No,Sin Registro,Solo Daños,Choque,Adelantar cerrando,Carrera 43 A Calle 29  Sur,Sin Registro,Urbana,"(6.177803112, -75.5845555)"
2160408,10/03/2016,6:55 a.m.,Jueves,Microbus,Publico,Conductor,Masculino,No,Sin Registro,Solo Daños,Choque,Adelantar cerrando,Calle 25  Sur Carrera 43 A,Avenida El Poblado,Urbana,"(6.181560189, -75.58201649)"
2160408,10/03/2016,6:55 a.m.,Jueves,Automovil,Particular,Conductor,Femenino,No,Sin Registro,Solo Daños,Choque,Adelantar cerrando,Calle 25  Sur Carrera 43 A,Avenida El Poblado,Urbana,"(6.181560189, -75.58201649)"
2160406,10/03/2016,7:30 a.m.,Jueves,Motocicleta,Particular,Motociclista,Femenino,No,Sin Registro,Herido,Choque,Otra,Carrera 50 Calle 25 AA Sur,Las Vegas,Urbana,"(6.18564452, -75.58633891)"
2160413,10/03/2016,8:00 a.m.,Jueves,Automovil,Particular,Conductor,Masculino,No,Sin Registro,Solo Daños,Choque,No mantener distancia de seguridad,Calle 25  Sur Carrera 41,Las Orquideas,Urbana,"(6.179145147, -75.5774765)"
2160413,10/03/2016,8:00 a.m.,Jueves,Automovil,Particular,Conductor,Masculino,No,Sin Registro,Solo Daños,Choque,No mantener distancia de seguridad,Calle 25  Sur Carrera 41,Las Orquideas,Urbana,"(6.179145147, -75.5774765)"
2160392,10/03/2016,9:50 a.m.,Jueves,Motocicleta,Particular,Motociclista,Femenino,No,Sin Registro,Herido,Choque,Desobedecer senales,Calle 36  Sur Carrera 36,Los Naranjos,Urbana,"(6.16846281, -75.58293939)"
2160392,10/03/2016,9:50 a.m.,Jueves,Automovil,Particular,Conductor,Masculino,No,Sin Registro,Herido,Choque,Desobedecer senales,Calle 36  Sur Carrera 36,Los Naranjos,Urbana,"(6.16846281, -75.58293939)"
2160423,10/03/2016,10:15 a.m.,Jueves,Campero,Particular,Conductor,Masculino,No,Sin Registro,Solo Daños,Choque,No mantener distancia de seguridad,Calle 39  Sur Carrera 45 A,Zona Centro,Urbana,"(6.169659373, -75.59154615)"
2160423,10/03/2016,10:15 a.m.,Jueves,Automovil,Publico,Conductor,Masculino,No,Sin Registro,Solo Daños,Choque,No mantener distancia de seguridad,Calle 39  Sur Carrera 45 A,Zona Centro,Urbana,"(6.169659373, -75.59154615)"
2160397,10/03/2016,1:40 p.m.,Jueves,Camioneta,Particular,Conductor,Masculino,No,Sin Registro,Solo Daños,Choque,No mantener distancia de seguridad,Calle 36 D Sur Carrera 26 A,Vereda El Escobero,Urbana,"(6.161435642, -75.56848949)"
2160397,10/03/2016,1:40 p.m.,Jueves,Camioneta,Particular,Conductor,Femenino,No,Sin Registro,Solo Daños,Choque,No mantener distancia de seguridad,Calle 36 D Sur Carrera 26 A,Vereda El Escobero,Urbana,"(6.161435642, -75.56848949)"
2160398,10/03/2016,3:00 p.m.,Jueves,Automovil,Particular,Conductor,Masculino,No,Sin Registro,Solo Daños,Choque,Desobedecer senales,Calle 39 B Sur Carrera 30,San Jose,Urbana,"(6.16327841, -75.58191643)"
2160398,10/03/2016,3:00 p.m.,Jueves,Camioneta,Particular,Conductor,Masculino,No,Sin Registro,Solo Daños,Choque,Desobedecer senales,Calle 39 B Sur Carrera 30,San Jose,Urbana,"(6.16327841, -75.58191643)"
2160381,10/03/2016,3:50 p.m.,Jueves,Motocicleta,Particular,Motociclista,Femenino,No,Sin Registro,Herido,Caida Ocupante,Otra,Carrera 43 A Calle 23  Sur,Sin Registro,Urbana,"(6.182555831, -75.58017793)"
2160382,10/03/2016,4:00 p.m.,Jueves,Camioneta,Publico,Conductor,Masculino,No,Sin Registro,Solo Daños,Choque,Adelantar en zona prohibida,Calle 39  Sur Carrera 41,Zona Centro,Urbana,"(6.167870042, -75.58744871)"
2160382,10/03/2016,4:00 p.m.,Jueves,Camion,Publico,Conductor,Masculino,No,Sin Registro,Solo Daños,Choque,Adelantar en zona prohibida,Calle 39  Sur Carrera 41,Zona Centro,Urbana,"(6.167870042, -75.58744871)"
2160429,11/03/2016,5:40 a.m.,Viernes,Automovil,Particular,Conductor,Femenino,No,Sin Registro,Solo Daños,Choque,Adelantar en zona prohibida,Carrera 43 A Calle 37  Sur,Zona Centro,Urbana,"(6.171024704, -75.5881647)"
2160429,11/03/2016,5:40 a.m.,Viernes,Motocicleta,Particular,Motociclista,Masculino,No,Sin Registro,Solo Daños,Choque,Adelantar en zona prohibida,Carrera 43 A Calle 37  Sur,Zona Centro,Urbana,"(6.171024704, -75.5881647)"
2160394,11/03/2016,10:10 a.m.,Viernes,Automovil,Particular,Conductor,Masculino,No,Sin Registro,Herido,Choque,No respetar prelacion,Tramo 372 Kilometro  18,Vereda Palmas,Rural,
2160394,11/03/2016,10:10 a.m.,Viernes,Motocicleta,Particular,Motociclista,Masculino,No,Sin Registro,Herido,Choque,No respetar prelacion,Tramo 372 Kilometro  18,Vereda Palmas,Rural,
2160393,11/03/2016,11:30 a.m.,Viernes,Camioneta,Particular,Conductor,Masculino,No,Sin Registro,Herido,Choque,Desobedecer senales,Carrera 42 B Calle 46 A Sur,La Paz,Urbana,"(6.162028226, -75.59449555)"
2160393,11/03/2016,11:30 a.m.,Viernes,Bicicleta,Particular,Ciclista,Masculino,No,Sin Registro,Herido,Choque,Desobedecer senales,Carrera 42 B Calle 46 A Sur,La Paz,Urbana,"(6.162028226, -75.59449555)"
2160380,11/03/2016,12:10 p.m.,Viernes,Camioneta,Particular,Conductor,Masculino,No,Sin Registro,Solo Daños,Choque,No mantener distancia de seguridad,Calle 38  Sur Carrera 43 A,Zona Centro,Urbana,"(6.170537577, -75.58862514)"
2160396,11/03/2016,12:10 p.m.,Viernes,Automovil,Particular,Conductor,Masculino,No,Sin Registro,Solo Daños,Choque,No respetar prelacion,Calle 39  Sur Carrera 31,Mesa,Urbana,"(6.164350999, -75.58194251)"
2160396,11/03/2016,12:10 p.m.,Viernes,Automovil,Particular,Conductor,Masculino,No,Sin Registro,Solo Daños,Choque,No respetar prelacion,Calle 39  Sur Carrera 31,Mesa,Urbana,"(6.164350999, -75.58194251)"
2160415,11/03/2016,2:30 p.m.,Viernes,Automovil,Publico,Conductor,Masculino,No,Sin Registro,Solo Daños,Choque,Poner en marcha un vehiculo sin precauci,Carrera 41 Calle 37  Sur,Zona Centro,Urbana,"(6.169735041, -75.58616625)"
2160415,11/03/2016,2:30 p.m.,Viernes,Motocicleta,Particular,Motociclista,Masculino,No,Sin Registro,Solo Daños,Choque,Poner en marcha un vehiculo sin precauci,Carrera 41 Calle 37  Sur,Zona Centro,Urbana,"(6.169735041, -75.58616625)"
2160402,11/03/2016,2:50 p.m.,Viernes,Automovil,Particular,Conductor,Masculino,No,Sin Registro,Solo Daños,Choque,Desobedecer senales,Calle 36  Sur Carrera 36,Los Naranjos,Urbana,"(6.16846281, -75.58293939)"
2160402,11/03/2016,2:50 p.m.,Viernes,Bicicleta,Particular,Ciclista,Masculino,No,Sin Registro,Solo Daños,Choque,Desobedecer senales,Calle 36  Sur Carrera 36,Los Naranjos,Urbana,"(6.16846281, -75.58293939)"
2160400,11/03/2016,3:30 p.m.,Viernes,Automovil,Particular,Conductor,Masculino,No,Sin Registro,Solo Daños,Choque,Otra,Calle 33 B Sur Carrera 47,El Portal,Urbana,"(6.175639221, -75.58991848)"
2160400,11/03/2016,3:30 p.m.,Viernes,Camion,Publico,Conductor,Masculino,No,Sin Registro,Solo Daños,Choque,Otra,Calle 33 B Sur Carrera 47,El Portal,Urbana,"(6.175639221, -75.58991848)"
2160410,11/03/2016,4:50 p.m.,Viernes,Motocicleta,Particular,Motociclista,Masculino,No,Sin Registro,Solo Daños,Choque,No respetar prelacion,Calle 37  Sur Carrera 37,Mesa,Urbana,"(6.168351775, -75.58376911)"
2160410,11/03/2016,4:50 p.m.,Viernes,Motocicleta,Particular,Motociclista,Femenino,No,Sin Registro,Solo Daños,Choque,No respetar prelacion,Calle 37  Sur Carrera 37,Mesa,Urbana,"(6.168351775, -75.58376911)"
2160390,11/03/2016,8:00 p.m.,Viernes,Automovil,Particular,Conductor,Masculino,No,Sin Registro,Solo Daños,Choque,Otra,Carrera 49 Calle 39  Sur,Las Vegas,Urbana,"(6.173609359, -75.59707057)"
2160427,03/14/2016,6:50 a.m.,Lunes,Campero,Particular,Conductor,Masculino,No,Sin Registro,Solo Daños,Choque,Exceso de velocidad,Tramo 372 Kilometro  15,Vereda Palmas,Rural,
2160390,11/03/2016,8:00 p.m.,Viernes,Tractocamion,Publico,Conductor,Masculino,No,Sin Registro,Solo Daños,Choque,Otra,Carrera 49 Calle 39  Sur,Las Vegas,Urbana,"(6.173609359, -75.59707057)"
2160395,12/03/2016,8:20 a.m.,Sábado,Camioneta,Particular,Conductor,Masculino,No,Sin Registro,Herido,Choque,No respetar prelacion,Carrera 37 Calle 38  Sur,Zona Centro,Urbana,"(6.167600451, -75.5841616)"
2160395,12/03/2016,8:20 a.m.,Sábado,Motocicleta,Particular,Motociclista,Masculino,No,Sin Registro,Herido,Choque,No respetar prelacion,Carrera 37 Calle 38  Sur,Zona Centro,Urbana,"(6.167600451, -75.5841616)"
2160443,12/03/2016,8:30 a.m.,Sábado,Automovil,Publico,Conductor,Masculino,No,Sin Registro,Solo Daños,Choque,No mantener distancia de seguridad,Carrera 50 Calle 43  Sur,Las Vegas,Urbana,
2160443,12/03/2016,8:30 a.m.,Sábado,Camioneta,Publico,Conductor,Masculino,No,Sin Registro,Solo Daños,Choque,No mantener distancia de seguridad,Carrera 50 Calle 43  Sur,Las Vegas,Urbana,
2160407,12/03/2016,10:10 a.m.,Sábado,Automovil,Publico,Conductor,Masculino,No,Sin Registro,Solo Daños,Choque,Poner en marcha un vehiculo sin precauci,Carrera 40 Calle 38  Sur,Zona Centro,Urbana,"(6.168682985, -75.58587025)"
2160407,12/03/2016,10:10 a.m.,Sábado,Campero,Particular,Conductor,Masculino,No,Sin Registro,Solo Daños,Choque,Poner en marcha un vehiculo sin precauci,Carrera 40 Calle 38  Sur,Zona Centro,Urbana,"(6.168682985, -75.58587025)"
2160418,12/03/2016,12:15 p.m.,Sábado,Camioneta,Particular,Conductor,Masculino,No,Sin Registro,Solo Daños,Choque,Exceso de velocidad,Tramo 181 Kilometro  17,Sin Registro,Rural,
2160418,12/03/2016,12:15 p.m.,Sábado,Camioneta,Particular,Conductor,Masculino,No,Sin Registro,Solo Daños,Choque,Exceso de velocidad,Tramo 181 Kilometro  17,Sin Registro,Rural,
2160385,12/03/2016,2:30 p.m.,Sábado,Camioneta,Publico,Conductor,Masculino,No,Sin Registro,Herido,Choque,No mantener distancia de seguridad,Carrera 50 Calle 43  Sur,Las Vegas,Urbana,
2160385,12/03/2016,2:30 p.m.,Sábado,Automovil,Particular,Conductor,Masculino,No,Sin Registro,Herido,Choque,No mantener distancia de seguridad,Carrera 50 Calle 43  Sur,Las Vegas,Urbana,
2160385,12/03/2016,2:30 p.m.,Sábado,Camioneta,Diplomatico,Conductor,Masculino,No,Sin Registro,Herido,Choque,No mantener distancia de seguridad,Carrera 50 Calle 43  Sur,Las Vegas,Urbana,
2160391,12/03/2016,2:30 p.m.,Sábado,Automovil,Publico,Conductor,Masculino,No,Sin Registro,Solo Daños,Choque,Otra,Carrera 50 Calle 37  Sur,Las Vegas,Urbana,
2160391,12/03/2016,2:30 p.m.,Sábado,Motocicleta,Particular,Motociclista,Masculino,No,Sin Registro,Solo Daños,Choque,Otra,Carrera 50 Calle 37  Sur,Las Vegas,Urbana,
2160446,12/03/2016,2:40 p.m.,Sábado,Camioneta,Particular,Conductor,Masculino,No,Sin Registro,Solo Daños,Choque,No mantener distancia de seguridad,Carrera 50 Calle 43  Sur,Las Vegas,Urbana,
2160446,12/03/2016,2:40 p.m.,Sábado,Automovil,Particular,Conductor,Masculino,No,Sin Registro,Solo Daños,Choque,No mantener distancia de seguridad,Carrera 50 Calle 43  Sur,Las Vegas,Urbana,
2160446,12/03/2016,2:40 p.m.,Sábado,Camioneta,Particular,Conductor,Masculino,No,Sin Registro,Solo Daños,Choque,No mantener distancia de seguridad,Carrera 50 Calle 43  Sur,Las Vegas,Urbana,
2160399,12/03/2016,3:30 p.m.,Sábado,Motocicleta,Particular,Motociclista,Masculino,No,Sin Registro,Herido,Choque,Desobedecer senales,Carrera 37  Sur Calle 38 A Sur,Mesa,Urbana,"(6.166899106, -75.58459743)"
2160399,12/03/2016,3:30 p.m.,Sábado,Automovil,Particular,Conductor,Femenino,No,Sin Registro,Herido,Choque,Desobedecer senales,Carrera 37  Sur Calle 38 A Sur,Mesa,Urbana,"(6.166899106, -75.58459743)"
2160401,12/03/2016,9:40 p.m.,Sábado,Automovil,Particular,Conductor,Masculino,No,Sin Registro,Solo Daños,Choque,No respetar prelacion,Carrera 43 A Calle 38  Sur,Zona Centro,Urbana,"(6.170421178, -75.58859877)"
2160401,12/03/2016,9:40 p.m.,Sábado,Camioneta,Particular,Conductor,Masculino,No,Sin Registro,Solo Daños,Choque,No respetar prelacion,Carrera 43 A Calle 38  Sur,Zona Centro,Urbana,"(6.170421178, -75.58859877)"
2160405,03/13/2016,1:20 a.m.,Domingo,Automovil,Publico,Conductor,Masculino,No,Sin Registro,Solo Daños,Choque,No respetar prelacion,Calle 41  Sur Carrera 24,La Mina,Urbana,"(6.152747542, -75.5844482)"
2160388,03/13/2016,1:40 a.m.,Domingo,Motocicleta,Particular,Motociclista,Masculino,Si,1,Herido,Choque,Semaforo en rojo,Diagonal 31 E Transversal 34 D,Los Naranjos,Urbana,"(6.17201459, -75.57921611)"
2160388,03/13/2016,1:40 a.m.,Domingo,Automovil,Particular,Conductor,Femenino,No,Sin Registro,Herido,Choque,Embriaguez o droga,Diagonal 31 E Transversal 34 D,Los Naranjos,Urbana,"(6.17201459, -75.57921611)"
2160388,03/13/2016,1:40 a.m.,Domingo,Automovil,Particular,Conductor,Femenino,No,Sin Registro,Herido,Choque,Semaforo en rojo,Diagonal 31 E Transversal 34 D,Los Naranjos,Urbana,"(6.17201459, -75.57921611)"
2160388,03/13/2016,1:40 a.m.,Domingo,Motocicleta,Particular,Motociclista,Masculino,Si,1,Herido,Choque,Embriaguez o droga,Diagonal 31 E Transversal 34 D,Los Naranjos,Urbana,"(6.17201459, -75.57921611)"
2160389,03/13/2016,6:50 a.m.,Domingo,Automovil,Publico,Conductor,Masculino,No,Sin Registro,Herido,Atropello,Exceso de velocidad,Carrera 48 Calle 19  Sur,Las Vegas,Urbana,"(6.187349001, -75.58153568)"
2160485,03/13/2016,1:20 p.m.,Domingo,Motocicleta,Particular,Motociclista,Masculino,No,Sin Registro,Herido,Otro,Otra,Calle 40  Sur Carrera 23,El Salado,Urbana,
2160421,03/13/2016,2:00 p.m.,Domingo,Motocicleta,Particular,Motociclista,Masculino,No,Sin Registro,Solo Daños,Choque,Semaforo en rojo,Carrera 43 A Calle 33 B Sur,Zona Centro,Urbana,"(6.173325428, -75.5866772)"
2160421,03/13/2016,2:00 p.m.,Domingo,Automovil,Particular,Conductor,Masculino,No,Sin Registro,Solo Daños,Choque,Semaforo en rojo,Carrera 43 A Calle 33 B Sur,Zona Centro,Urbana,"(6.173325428, -75.5866772)"
2161091,03/13/2016,3:40 p.m.,Domingo,Automovil,Publico,Conductor,Masculino,No,Sin Registro,Solo Daños,Choque,Adelantar cerrando,Calle 25  Sur Carrera 27,El Esmeraldal,Urbana,
2161091,03/13/2016,3:40 p.m.,Domingo,Bus,Publico,Conductor,Masculino,No,Sin Registro,Solo Daños,Choque,Adelantar cerrando,Calle 25  Sur Carrera 27,El Esmeraldal,Urbana,
2160403,03/13/2016,7:30 p.m.,Domingo,Automovil,Particular,Conductor,Masculino,No,Sin Registro,Solo Daños,Choque,No mantener distancia de seguridad,Carrera 50 Calle 37  Sur,Las Vegas,Urbana,
2160403,03/13/2016,7:30 p.m.,Domingo,Automovil,Particular,Conductor,Masculino,No,Sin Registro,Solo Daños,Choque,No mantener distancia de seguridad,Carrera 50 Calle 37  Sur,Las Vegas,Urbana,
2160430,03/13/2016,7:30 p.m.,Domingo,Automovil,Particular,Conductor,Masculino,No,Sin Registro,Solo Daños,Choque,Otra,Tramo 372 Kilometro  9,Vereda Palmas,Rural,
2160430,03/13/2016,7:30 p.m.,Domingo,Motocicleta,Particular,Motociclista,Masculino,No,Sin Registro,Solo Daños,Choque,Otra,Tramo 372 Kilometro  9,Vereda Palmas,Rural,
2160416,03/13/2016,8:05 p.m.,Domingo,Camioneta,Particular,Conductor,Masculino,No,Sin Registro,Herido,Volcamiento,Exceso de velocidad,Tramo 371 Kilometro  9,Vereda El Escobero,Rural,
2160417,03/13/2016,9:50 p.m.,Domingo,Motocicleta,Particular,Motociclista,Masculino,No,Sin Registro,Herido,Choque,Desobedecer senales,Diagonal 31 Transversal 34 F Sur,La Sebastiana,Urbana,"(6.1704561, -75.57953391)"
2160417,03/13/2016,9:50 p.m.,Domingo,Motocicleta,Particular,Motociclista,Masculino,No,Sin Registro,Herido,Choque,Desobedecer senales,Diagonal 31 Transversal 34 F Sur,La Sebastiana,Urbana,"(6.1704561, -75.57953391)"
2160404,03/13/2016,10:30 p.m.,Domingo,Automovil,Publico,Conductor,Masculino,No,Sin Registro,Herido,Choque,Otra,Carrera 43 A Calle 45 B Sur,Primavera,Urbana,"(6.164786739, -75.59493527)"
2160404,03/13/2016,10:30 p.m.,Domingo,Motocicleta,Particular,Motociclista,Masculino,No,Sin Registro,Herido,Choque,Otra,Carrera 43 A Calle 45 B Sur,Primavera,Urbana,"(6.164786739, -75.59493527)"
2160428,03/14/2016,5:30 a.m.,Lunes,Bus,Publico,Conductor,Masculino,No,Sin Registro,Herido,Caida Ocupante,Exceso de velocidad,Diagonal 30 Transversal 34 F,La Sebastiana,Urbana,"(6.169843648, -75.57761936)"
2160448,03/14/2016,5:50 a.m.,Lunes,Camioneta,Particular,Conductor,Masculino,No,Sin Registro,Solo Daños,Choque,No mantener distancia de seguridad,Calle 40  Sur Carrera 47,Sin Registro,Urbana,"(6.16946967, -75.59467671)"
2160448,03/14/2016,5:50 a.m.,Lunes,Bus,Publico,Conductor,Masculino,No,Sin Registro,Solo Daños,Choque,No mantener distancia de seguridad,Calle 40  Sur Carrera 47,Sin Registro,Urbana,"(6.16946967, -75.59467671)"
2160419,03/14/2016,6:30 a.m.,Lunes,Camioneta,Publico,Conductor,Femenino,No,Sin Registro,Herido,Choque,Desobedecer senales,Calle 38 A Sur Carrera 36,Mesa,Urbana,"(6.166666222, -75.58411827)"
2160419,03/14/2016,6:30 a.m.,Lunes,Motocicleta,Particular,Motociclista,Masculino,No,Sin Registro,Herido,Choque,Desobedecer senales,Calle 38 A Sur Carrera 36,Mesa,Urbana,"(6.166666222, -75.58411827)"
2160420,03/14/2016,6:50 a.m.,Lunes,Automovil,Particular,Conductor,Masculino,No,Sin Registro,Solo Daños,Choque,No mantener distancia de seguridad,Carrera 27 Calle 28  Sur,La Inmaculada,Urbana,"(6.171086787, -75.569081)"
2160420,03/14/2016,6:50 a.m.,Lunes,Motocicleta,Particular,Motociclista,Masculino,No,Sin Registro,Solo Daños,Choque,No mantener distancia de seguridad,Carrera 27 Calle 28  Sur,La Inmaculada,Urbana,"(6.171086787, -75.569081)"
2160427,03/14/2016,6:50 a.m.,Lunes,Automovil,Particular,Conductor,Masculino,No,Sin Registro,Solo Daños,Choque,Exceso de velocidad,Tramo 372 Kilometro  15,Vereda Palmas,Rural,
2160437,03/14/2016,7:00 a.m.,Lunes,Bus,Publico,Conductor,Masculino,No,Sin Registro,Solo Daños,Choque,Adelantar cerrando,Carrera 48 Calle 31  Sur,Las Vegas,Urbana,"(6.178537792, -75.58885189)"
2160437,03/14/2016,7:00 a.m.,Lunes,Automovil,Particular,Conductor,Femenino,No,Sin Registro,Solo Daños,Choque,Adelantar cerrando,Carrera 48 Calle 31  Sur,Las Vegas,Urbana,"(6.178537792, -75.58885189)"
2160432,03/14/2016,8:30 a.m.,Lunes,Campero,Oficial,Conductor,Masculino,No,Sin Registro,Herido,Choque,No respetar prelacion,Tramo 372 Kilometro  7,Vereda Palmas,Rural,
2160432,03/14/2016,8:30 a.m.,Lunes,Motocicleta,Particular,Motociclista,Masculino,No,Sin Registro,Herido,Choque,No respetar prelacion,Tramo 372 Kilometro  7,Vereda Palmas,Rural,
2160439,03/14/2016,8:45 a.m.,Lunes,Automovil,Publico,Conductor,Masculino,No,Sin Registro,Solo Daños,Choque,No mantener distancia de seguridad,Carrera 50 Calle 37  Sur,Las Vegas,Urbana,
2160439,03/14/2016,8:45 a.m.,Lunes,Bus,Publico,Conductor,Masculino,No,Sin Registro,Solo Daños,Choque,No mantener distancia de seguridad,Carrera 50 Calle 37  Sur,Las Vegas,Urbana,
2160431,03/14/2016,9:20 a.m.,Lunes,Microbus,Publico,Conductor,Masculino,No,Sin Registro,Herido,Caida Ocupante,Frenar bruscamente,Tramo 371 Kilometro  9,Vereda El Escobero,Rural,
2160442,03/14/2016,1:20 p.m.,Lunes,Automovil,Particular,Conductor,Masculino,No,Sin Registro,Solo Daños,Choque,Desobedecer senales,Carrera 47 A Calle 38 A Sur,Alcala,Urbana,"(6.172002789, -75.59264676)"
2160442,03/14/2016,1:20 p.m.,Lunes,Motocicleta,Particular,Motociclista,Masculino,No,Sin Registro,Solo Daños,Choque,Desobedecer senales,Carrera 47 A Calle 38 A Sur,Alcala,Urbana,"(6.172002789, -75.59264676)"
2160425,03/14/2016,1:40 p.m.,Lunes,Motocicleta,Particular,Motociclista,Masculino,No,Sin Registro,Herido,Choque,No mantener distancia de seguridad,Carrera 50 Calle 25  Sur,Las Vegas,Urbana,"(6.186515998, -75.58512541)"