RADICADO,FECHA,HORA,DÍA DE LA SEMANA,CLASE DE VEHICULO,TIPO DE SERVICIO,TIPO DE VICTIMA,SEXO,ESTADO DE BEODEZ,RESULTADO DE BEODEZ,GRAVEDAD,CLASE DE ACCIDENTE,CAUSA,DIRECCIÓN,BARRIO,AREA,Coordenadas
2160425,03/14/2016,1:40 p.m.,Lunes,Camion,Publico,Conductor,Masculino,No,Sin Registro,Herido,Choque,No mantener distancia de seguridad,Carrera 50 Calle 25  Sur,Las Vegas,Urbana,"(6.186515998, -75.58512541)"
2160426,03/14/2016,2:30 p.m.,Lunes,Motocicleta,Particular,Motociclista,Masculino,No,Sin Registro,Herido,Caida Ocupante,Exceso de velocidad,Tramo 371 Kilometro  1,Vereda El Escobero,Rural,
2160434,03/14/2016,4:20 p.m.,Lunes,Automovil,Particular,Conductor,Masculino,No,Sin Registro,Herido,Choque,No respetar prelacion,Calle 45 D Sur Carrera 39 DD,Las Antillas,Urbana,
2160434,03/14/2016,4:20 p.m.,Lunes,Motocicleta,Particular,Motociclista,Femenino,No,Sin Registro,Herido,Choque,No respetar prelacion,Calle 45 D Sur Carrera 39 DD,Las Antillas,Urbana,
2161087,03/14/2016,4:45 p.m.,Lunes,Microbus,Publico,Conductor,Masculino,No,Sin Registro,Solo Daños,Choque,Otra,Calle 38  Sur Carrera 41,Sin Registro,Urbana,"(6.169244976, -75.58658807)"
2161087,03/14/2016,4:45 p.m.,Lunes,Automovil,Particular,Conductor,Femenino,No,Sin Registro,Solo Daños,Choque,Otra,Calle 38  Sur Carrera 41,Sin Registro,Urbana,"(6.169244976, -75.58658807)"
2160444,03/14/2016,4:50 p.m.,Lunes,Motocicleta,Particular,Motociclista,Masculino,No,Sin Registro,Solo Daños,Choque,No mantener distancia de seguridad,Carrera 43 Calle 33 B Sur,Zona Centro,Urbana,"(6.172873357, -75.5860846)"
2160444,03/14/2016,4:50 p.m.,Lunes,Motocicleta,Particular,Motociclista,Femenino,No,Sin Registro,Solo Daños,Choque,No mantener distancia de seguridad,Carrera 43 Calle 33 B Sur,Zona Centro,Urbana,"(6.172873357, -75.5860846)"
2160440,03/14/2016,6:00 p.m.,Lunes,Automovil,Particular,Conductor,Masculino,No,Sin Registro,Solo Daños,Choque,No respetar prelacion,Carrera 43 A Calle 38 A Sur,Zona Centro,Urbana,"(6.169698887, -75.58905877)"
2160440,03/14/2016,6:00 p.m.,Lunes,Automovil,Particular,Conductor,Masculino,No,Sin Registro,Solo Daños,Choque,No respetar prelacion,Carrera 43 A Calle 38 A Sur,Zona Centro,Urbana,"(6.169698887, -75.58905877)"
2160438,03/14/2016,6:30 p.m.,Lunes,Motocicleta,Particular,Motociclista,Masculino,No,Sin Registro,Solo Daños,Choque,No respetar prelacion,Transversal 32 A Sur Diagonal 32 D,La Magnolia,Urbana,"(6.175175529, -75.58409116)"
2160438,03/14/2016,6:30 p.m.,Lunes,Automovil,Particular,Conductor,Femenino,No,Sin Registro,Solo Daños,Choque,No respetar prelacion,Transversal 32 A Sur Diagonal 32 D,La Magnolia,Urbana,"(6.175175529, -75.58409116)"
2160422,03/14/2016,6:41 p.m.,Lunes,Microbus,Publico,Conductor,Masculino,No,Sin Registro,Solo Daños,Choque,Otra,Calle 33 B Sur Carrera 43 A,El Portal,Urbana,"(6.173429457, -75.58671662)"
2160422,03/14/2016,6:41 p.m.,Lunes,Campero,Particular,Conductor,Masculino,No,Sin Registro,Solo Daños,Choque,Otra,Calle 33 B Sur Carrera 43 A,El Portal,Urbana,"(6.173429457, -75.58671662)"
2160424,03/14/2016,7:50 p.m.,Lunes,Motocicleta,Particular,Motociclista,Masculino,No,Sin Registro,Herido,Atropello,Semaforo en rojo,Carrera 39 Calle 37  Sur,Zona Centro,Urbana,"(6.16891714, -75.58481873)"
2160441,03/14/2016,8:20 p.m.,Lunes,Camioneta,Particular,Conductor,Masculino,No,Sin Registro,Solo Daños,Choque,No mantener distancia de seguridad,Calle 37  Sur Carrera 40 A,Zona Centro,Urbana,"(6.16965782, -75.58587339)"
2160441,03/14/2016,8:20 p.m.,Lunes,Automovil,Particular,Conductor,Masculino,No,Sin Registro,Solo Daños,Choque,No mantener distancia de seguridad,Calle 37  Sur Carrera 40 A,Zona Centro,Urbana,"(6.16965782, -75.58587339)"
2160449,03/15/2016,5:15 a.m.,Martes,Volqueta,Publico,Conductor,Masculino,No,Sin Registro,Solo Daños,Choque,Adelantar cerrando,Carrera 50 Calle 43  Sur,Las Vegas,Urbana,
2160449,03/15/2016,5:15 a.m.,Martes,Camion,Publico,Conductor,Masculino,No,Sin Registro,Solo Daños,Choque,Adelantar cerrando,Carrera 50 Calle 43  Sur,Las Vegas,Urbana,
2160436,03/15/2016,6:50 a.m.,Martes,Bus,Publico,Conductor,Masculino,No,Sin Registro,Solo Daños,Choque,Desobedecer senales,Calle 38  Sur Carrera 37,Mesa,Urbana,"(6.167718264, -75.5841855)"
2160436,03/15/2016,6:50 a.m.,Martes,Automovil,Particular,Conductor,Femenino,No,Sin Registro,Solo Daños,Choque,Desobedecer senales,Calle 38  Sur Carrera 37,Mesa,Urbana,"(6.167718264, -75.5841855)"
2160453,03/15/2016,8:20 a.m.,Martes,Automovil,Particular,Conductor,Femenino,No,Sin Registro,Solo Daños,Choque,Adelantar cerrando,Carrera 49 Calle 25  Sur,Las Vegas,Urbana,"(6.18641241, -75.58506296)"
2160453,03/15/2016,8:20 a.m.,Martes,Motocicleta,Particular,Motociclista,Masculino,No,Sin Registro,Solo Daños,Choque,Adelantar cerrando,Carrera 49 Calle 25  Sur,Las Vegas,Urbana,"(6.18641241, -75.58506296)"
2160453,03/15/2016,8:20 a.m.,Martes,Motocicleta,Particular,Motociclista,Femenino,No,Sin Registro,Solo Daños,Choque,Adelantar cerrando,Carrera 49 Calle 25  Sur,Las Vegas,Urbana,"(6.18641241, -75.58506296)"
2160453,03/15/2016,8:20 a.m.,Martes,Motocicleta,Particular,Motociclista,Femenino,No,Sin Registro,Solo Daños,Choque,Adelantar cerrando,Carrera 49 Calle 25  Sur,Las Vegas,Urbana,"(6.18641241, -75.58506296)"
2160445,03/15/2016,10:10 a.m.,Martes,Automovil,Particular,Conductor,Masculino,No,Sin Registro,Solo Daños,Choque,No mantener distancia de seguridad,Tramo 372 Kilometro  8,Vereda Palmas,Rural,
2160445,03/15/2016,10:10 a.m.,Martes,Automovil,Particular,Conductor,Femenino,No,Sin Registro,Solo Daños,Choque,No mantener distancia de seguridad,Tramo 372 Kilometro  8,Vereda Palmas,Rural,
2160447,03/15/2016,10:15 a.m.,Martes,Automovil,Publico,Conductor,Masculino,No,Sin Registro,Solo Daños,Choque,Desobedecer senales,Calle 39  Sur Carrera 38,Mesa,Urbana,"(6.166656476, -75.58555336)"
2160447,03/15/2016,10:15 a.m.,Martes,Motocicleta,Particular,Motociclista,Masculino,No,Sin Registro,Solo Daños,Choque,Desobedecer senales,Calle 39  Sur Carrera 38,Mesa,Urbana,"(6.166656476, -75.58555336)"
2160452,03/15/2016,2:40 p.m.,Martes,Automovil,Particular,Conductor,Femenino,No,Sin Registro,Solo Daños,Choque,Otra,Carrera 48 Calle 40  Sur,Las Vegas,Urbana,"(6.168855316, -75.59688767)"
2160452,03/15/2016,2:40 p.m.,Martes,Camioneta,Publico,Conductor,Masculino,No,Sin Registro,Solo Daños,Choque,Otra,Carrera 48 Calle 40  Sur,Las Vegas,Urbana,"(6.168855316, -75.59688767)"
2160451,03/15/2016,3:50 p.m.,Martes,Motocicleta,Particular,Motociclista,Masculino,No,Sin Registro,Solo Daños,Choque,Adelantar en zona prohibida,Calle 36 D Sur Carrera 27,Vereda El Escobero,Urbana,"(6.162479576, -75.57022257)"
2160451,03/15/2016,3:50 p.m.,Martes,Automovil,Publico,Conductor,Masculino,No,Sin Registro,Solo Daños,Choque,Adelantar en zona prohibida,Calle 36 D Sur Carrera 27,Vereda El Escobero,Urbana,"(6.162479576, -75.57022257)"
2160450,03/15/2016,5:50 p.m.,Martes,Motocicleta,Particular,Motociclista,Masculino,No,Sin Registro,Solo Daños,Choque,Exceso de velocidad,Calle 37  Sur Carrera 49,Las Vegas,Urbana,"(6.174789471, -75.59420424)"
2160465,03/15/2016,7:25 p.m.,Martes,Automovil,Particular,Conductor,Masculino,No,Sin Registro,Solo Daños,Choque,No mantener distancia de seguridad,Carrera 40 Calle 38  Sur,Zona Centro,Urbana,"(6.168682985, -75.58587025)"
2160465,03/15/2016,7:25 p.m.,Martes,Automovil,Particular,Conductor,Femenino,No,Sin Registro,Solo Daños,Choque,No mantener distancia de seguridad,Carrera 40 Calle 38  Sur,Zona Centro,Urbana,"(6.168682985, -75.58587025)"
2160435,03/15/2016,11:55 p.m.,Martes,Automovil,Particular,Conductor,Masculino,No,Sin Registro,Solo Daños,Choque,Exceso de velocidad,Calle 48 A Sur Carrera 42 A,El Trianon,Urbana,"(6.159416057, -75.59536352)"
2160458,03/16/2016,7:20 a.m.,Miércoles,Campero,Particular,Conductor,Masculino,No,Sin Registro,Solo Daños,Choque,Adelantar cerrando,Carrera 48 Calle 37  Sur,El Portal,Urbana,"(6.172859211, -75.59276992)"
2160458,03/16/2016,7:20 a.m.,Miércoles,Microbus,Publico,Conductor,Masculino,No,Sin Registro,Solo Daños,Choque,Adelantar cerrando,Carrera 48 Calle 37  Sur,El Portal,Urbana,"(6.172859211, -75.59276992)"
2160460,03/16/2016,9:05 a.m.,Miércoles,Microbus,Publico,Conductor,Masculino,No,Sin Registro,Solo Daños,Choque,Adelantar cerrando,Carrera 48 Calle 35  Sur,Las Vegas,Urbana,"(6.174910353, -75.59114403)"
2160460,03/16/2016,9:05 a.m.,Miércoles,Automovil,Particular,Conductor,Masculino,No,Sin Registro,Solo Daños,Choque,Adelantar cerrando,Carrera 48 Calle 35  Sur,Las Vegas,Urbana,"(6.174910353, -75.59114403)"
2160467,03/16/2016,11:50 a.m.,Miércoles,Automovil,Publico,Conductor,Masculino,No,Sin Registro,Solo Daños,Choque,Otra,Transversal 33 A Sur Diagonal 31,Sin Registro,Urbana,"(6.173844844, -75.57902317)"
2160467,03/16/2016,11:50 a.m.,Miércoles,Motocicleta,Particular,Motociclista,Masculino,No,Sin Registro,Solo Daños,Choque,Otra,Transversal 33 A Sur Diagonal 31,Sin Registro,Urbana,"(6.173844844, -75.57902317)"
2160464,03/16/2016,1:30 p.m.,Miércoles,Bus,Publico,Conductor,Femenino,No,Sin Registro,Solo Daños,Choque,Otra,Carrera 27 Calle 36  Sur,Sin Registro,Urbana,"(6.167009975, -75.56927808)"
2160464,03/16/2016,1:30 p.m.,Miércoles,Automovil,Particular,Conductor,Femenino,No,Sin Registro,Solo Daños,Choque,Otra,Carrera 27 Calle 36  Sur,Sin Registro,Urbana,"(6.167009975, -75.56927808)"
2160463,03/16/2016,1:50 p.m.,Miércoles,Automovil,Particular,Conductor,Masculino,No,Sin Registro,Solo Daños,Choque,No mantener distancia de seguridad,Carrera 50 Calle 32 B Sur,Las Vegas,Urbana,"(6.178248378, -75.59168828)"
2160463,03/16/2016,1:50 p.m.,Miércoles,Automovil,Particular,Conductor,Masculino,No,Sin Registro,Solo Daños,Choque,No mantener distancia de seguridad,Carrera 50 Calle 32 B Sur,Las Vegas,Urbana,"(6.178248378, -75.59168828)"
2160463,03/16/2016,1:50 p.m.,Miércoles,Automovil,Particular,Conductor,Masculino,No,Sin Registro,Solo Daños,Choque,No mantener distancia de seguridad,Carrera 50 Calle 32 B Sur,Las Vegas,Urbana,"(6.178248378, -75.59168828)"
2160461,03/16/2016,2:00 p.m.,Miércoles,Microbus,Publico,Conductor,Masculino,No,Sin Registro,Solo Daños,Choque,Otra,Carrera 25 Calle 38 A Sur,El Chinguí,Urbana,
2160461,03/16/2016,2:00 p.m.,Miércoles,Automovil,Particular,Conductor,Masculino,No,Sin Registro,Solo Daños,Choque,Otra,Carrera 25 Calle 38 A Sur,El Chinguí,Urbana,
2160462,03/16/2016,2:15 p.m.,Miércoles,Automovil,Particular,Conductor,Masculino,No,Sin Registro,Solo Daños,Choque,No mantener distancia de seguridad,Carrera 50 Calle 39 B Sur,Las Vegas,Urbana,
2160462,03/16/2016,2:15 p.m.,Miércoles,Camion,Publico,Conductor,Masculino,No,Sin Registro,Solo Daños,Choque,No mantener distancia de seguridad,Carrera 50 Calle 39 B Sur,Las Vegas,Urbana,
2160456,03/16/2016,4:00 p.m.,Miércoles,Automovil,Publico,Conductor,Masculino,No,Sin Registro,Solo Daños,Choque,No respetar prelacion,Carrera 48 Calle 27  Sur,Las Vegas,Urbana,"(6.181312425, -75.58688511)"
2160456,03/16/2016,4:00 p.m.,Miércoles,Automovil,Particular,Conductor,Masculino,No,Sin Registro,Solo Daños,Choque,No respetar prelacion,Carrera 48 Calle 27  Sur,Las Vegas,Urbana,"(6.181312425, -75.58688511)"
2160455,03/16/2016,4:30 p.m.,Miércoles,Motocicleta,Particular,Motociclista,Masculino,No,Sin Registro,Solo Daños,Choque,Otra,Carrera 50 Calle 30  Sur,Las Vegas,Urbana,
2160455,03/16/2016,4:30 p.m.,Miércoles,Campero,Particular,Conductor,Masculino,No,Sin Registro,Solo Daños,Choque,Otra,Carrera 50 Calle 30  Sur,Las Vegas,Urbana,
2160469,03/16/2016,5:15 p.m.,Miércoles,Motocicleta,Particular,Motociclista,Masculino,No,Sin Registro,Herido,Atropello,Cruzar sin observar,Calle 46 A Sur Carrera 48,Las Vegas,Urbana,"(6.166989258, -75.60074312)"
2160457,03/16/2016,5:30 p.m.,Miércoles,Campero,Particular,Conductor,Masculino,No,Sin Registro,Solo Daños,Choque,No mantener distancia de seguridad,Carrera 43 A Calle 50 D Sur,Avenida El Poblado,Urbana,"(6.160125495, -75.60207899)"
2160457,03/16/2016,5:30 p.m.,Miércoles,Automovil,Particular,Conductor,Femenino,No,Sin Registro,Solo Daños,Choque,No mantener distancia de seguridad,Carrera 43 A Calle 50 D Sur,Avenida El Poblado,Urbana,"(6.160125495, -75.60207899)"
2160466,03/16/2016,6:01 p.m.,Miércoles,Campero,Particular,Conductor,Femenino,No,Sin Registro,Herido,Choque,Transitar entre vehiculos,Calle 21  Sur Carrera 41,Sin Registro,Urbana,"(6.182165945, -75.57677668)"
2160466,03/16/2016,6:01 p.m.,Miércoles,Motocicleta,Particular,Motociclista,Masculino,No,Sin Registro,Herido,Choque,Transitar entre vehiculos,Calle 21  Sur Carrera 41,Sin Registro,Urbana,"(6.182165945, -75.57677668)"
2160468,03/16/2016,7:30 p.m.,Miércoles,Automovil,Particular,Conductor,Masculino,No,Sin Registro,Solo Daños,Choque,No mantener distancia de seguridad,Carrera 43 A Calle 23  Sur,Zuñiga,Urbana,"(6.182555831, -75.58017793)"
2160468,03/16/2016,7:30 p.m.,Miércoles,Automovil,Particular,Conductor,Femenino,No,Sin Registro,Solo Daños,Choque,No mantener distancia de seguridad,Carrera 43 A Calle 23  Sur,Zuñiga,Urbana,"(6.182555831, -75.58017793)"
2160472,03/16/2016,8:20 p.m.,Miércoles,Automovil,Particular,Conductor,Masculino,No,Sin Registro,Solo Daños,Choque,No mantener distancia de seguridad,Calle 37  Sur Carrera 50,Las Vegas,Urbana,
2160472,03/16/2016,8:20 p.m.,Miércoles,Automovil,Particular,Conductor,Masculino,No,Sin Registro,Solo Daños,Choque,No mantener distancia de seguridad,Calle 37  Sur Carrera 50,Las Vegas,Urbana,
2160459,03/16/2016,9:30 p.m.,Miércoles,Sin Registro,Publico,Conductor,Masculino,No,Sin Registro,Solo Daños,Choque,Otra,Carrera 29 Calle 40 C Sur,San Jose,Urbana,"(6.160442724, -75.58265577)"
2160486,03/17/2016,6:25 a.m.,Jueves,Camioneta,Particular,Conductor,Femenino,No,Sin Registro,Solo Daños,Choque,No respetar prelacion,Transversal 34 D Sur Diagonal 31 E,Los Naranjos,Urbana,"(6.172106631, -75.57927512)"
2160486,03/17/2016,6:25 a.m.,Jueves,Motocicleta,Particular,Motociclista,Masculino,No,Sin Registro,Solo Daños,Choque,No respetar prelacion,Transversal 34 D Sur Diagonal 31 E,Los Naranjos,Urbana,"(6.172106631, -75.57927512)"
2160479,03/17/2016,6:30 a.m.,Jueves,Campero,Particular,Conductor,Femenino,No,Sin Registro,Solo Daños,Choque,Otra,Carrera 46 Calle 26 A Sur,Jardines,Urbana,
2160479,03/17/2016,6:30 a.m.,Jueves,Camioneta,Particular,Conductor,Masculino,No,Sin Registro,Solo Daños,Choque,Otra,Carrera 46 Calle 26 A Sur,Jardines,Urbana,
2160476,03/17/2016,6:50 a.m.,Jueves,Automovil,Publico,Conductor,Masculino,No,Sin Registro,Solo Daños,Choque,Otra,Carrera 43 A Calle 25 A Sur,Villa Grande,Urbana,"(6.181504184, -75.5817415)"
2160476,03/17/2016,6:50 a.m.,Jueves,Automovil,Particular,Conductor,Femenino,No,Sin Registro,Solo Daños,Choque,Otra,Carrera 43 A Calle 25 A Sur,Villa Grande,Urbana,"(6.181504184, -75.5817415)"
2160488,03/17/2016,6:55 a.m.,Jueves,Automovil,Publico,Conductor,Masculino,No,Sin Registro,Solo Daños,Choque,No mantener distancia de seguridad,Carrera 43 A Calle 23  Sur,Avenida El Poblado,Urbana,"(6.182555831, -75.58017793)"
2160488,03/17/2016,6:55 a.m.,Jueves,Automovil,Particular,Conductor,Femenino,No,Sin Registro,Solo Daños,Choque,No mantener distancia de seguridad,Carrera 43 A Calle 23  Sur,Avenida El Poblado,Urbana,"(6.182555831, -75.58017793)"
2160470,03/17/2016,7:50 a.m.,Jueves,Motocicleta,Particular,Motociclista,Femenino,No,Sin Registro,Herido,Choque,Transitar entre vehiculos,Carrera 50 Calle 30  Sur,Las Vegas,Urbana,
2160470,03/17/2016,7:50 a.m.,Jueves,Camion,Publico,Conductor,Masculino,No,Sin Registro,Herido,Choque,Transitar entre vehiculos,Carrera 50 Calle 30  Sur,Las Vegas,Urbana,
2160473,03/17/2016,7:50 a.m.,Jueves,Microbus,Publico,Conductor,Masculino,No,Sin Registro,Solo Daños,Choque,Exceso de velocidad,Tramo 371 Kilometro  4,Vereda El Escobero,Rural,
2160473,03/17/2016,7:50 a.m.,Jueves,Automovil,Particular,Conductor,Masculino,No,Sin Registro,Solo Daños,Choque,Exceso de velocidad,Tramo 371 Kilometro  4,Vereda El Escobero,Rural,
2160487,03/17/2016,9:45 a.m.,Jueves,Automovil,Publico,Conductor,Masculino,No,Sin Registro,Solo Daños,Choque,Adelantar cerrando,Carrera 48 Calle 25 A Sur,Las Vegas,Urbana,"(6.184740152, -75.58365742)"
2160487,03/17/2016,9:45 a.m.,Jueves,Automovil,Particular,Conductor,Femenino,No,Sin Registro,Solo Daños,Choque,Adelantar cerrando,Carrera 48 Calle 25 A Sur,Las Vegas,Urbana,"(6.184740152, -75.58365742)"
2160477,03/17/2016,11:00 a.m.,Jueves,Tractocamion,Publico,Conductor,Masculino,No,Sin Registro,Solo Daños,Choque,Otra,Calle 41  Sur Carrera 25,La Mina,Urbana,"(6.153055964, -75.58446808)"
2160477,03/17/2016,11:00 a.m.,Jueves,Automovil,Particular,Conductor,Femenino,No,Sin Registro,Solo Daños,Choque,Otra,Calle 41  Sur Carrera 25,La Mina,Urbana,"(6.153055964, -75.58446808)"
2160482,03/17/2016,12:30 p.m.,Jueves,Campero,Particular,Conductor,Masculino,No,Sin Registro,Solo Daños,Choque,Otra,Diagonal 31 Transversal 36  Sur,La Sebastiana,Urbana,"(6.168204377, -75.58020514)"
2160482,03/17/2016,12:30 p.m.,Jueves,Camioneta,Particular,Conductor,Masculino,No,Sin Registro,Solo Daños,Choque,Otra,Diagonal 31 Transversal 36  Sur,La Sebastiana,Urbana,"(6.168204377, -75.58020514)"
2160474,03/17/2016,2:15 p.m.,Jueves,Camioneta,Particular,Conductor,Masculino,No,Sin Registro,Solo Daños,Choque,No mantener distancia de seguridad,Carrera 48 Calle 43  Sur,Las Vegas,Urbana,"(6.168335134, -75.59723358)"
2160474,03/17/2016,2:15 p.m.,Jueves,Camioneta,Particular,Conductor,Femenino,No,Sin Registro,Solo Daños,Choque,No mantener distancia de seguridad,Carrera 48 Calle 43  Sur,Las Vegas,Urbana,"(6.168335134, -75.59723358)"
2160550,03/17/2016,3:00 p.m.,Jueves,Automovil,Particular,Conductor,Femenino,No,Sin Registro,Solo Daños,Choque,Otra,Calle 40  Sur Carrera 27 B,San Jose,Urbana,"(6.158824342, -75.58090012)"
2160550,03/17/2016,3:00 p.m.,Jueves,Motocicleta,Particular,Motociclista,Masculino,No,Sin Registro,Solo Daños,Choque,Otra,Calle 40  Sur Carrera 27 B,San Jose,Urbana,"(6.158824342, -75.58090012)"
2160475,03/17/2016,5:15 p.m.,Jueves,Buseta,Publico,Conductor,Masculino,No,Sin Registro,Solo Daños,Choque,Desobedecer senales,Calle 38  Sur Carrera 32,Sin Registro,Urbana,"(6.166011939, -75.58158121)"
2160475,03/17/2016,5:15 p.m.,Jueves,Motocicleta,Particular,Motociclista,Masculino,No,Sin Registro,Solo Daños,Choque,Desobedecer senales,Calle 38  Sur Carrera 32,Sin Registro,Urbana,"(6.166011939, -75.58158121)"
2160471,03/17/2016,6:40 p.m.,Jueves,Camioneta,Particular,Conductor,Masculino,No,Sin Registro,Solo Daños,Choque,Subirse al anden o vias peatonales,Carrera 43 A Calle 33  Sur,Sin Registro,Urbana,"(6.173661976, -75.58650365)"
2160471,03/17/2016,6:40 p.m.,Jueves,Campero,Particular,Conductor,Masculino,No,Sin Registro,Solo Daños,Choque,Subirse al anden o vias peatonales,Carrera 43 A Calle 33  Sur,Sin Registro,Urbana,"(6.173661976, -75.58650365)"
2160484,03/17/2016,8:06 p.m.,Jueves,Automovil,Particular,Conductor,Femenino,No,Sin Registro,Solo Daños,Choque,Otra,Calle 38 A Sur Carrera 41,Zona Centro,Urbana,"(6.168560755, -75.58701537)"
2160483,03/17/2016,8:30 p.m.,Jueves,Automovil,Particular,Conductor,Masculino,No,Sin Registro,Solo Daños,Choque,Desobedecer senales,Calle 45 B Sur Carrera 43,La Paz,Urbana,"(6.164485785, -75.59467842)"
2160483,03/17/2016,8:30 p.m.,Jueves,Motocicleta,Particular,Motociclista,Masculino,No,Sin Registro,Solo Daños,Choque,Desobedecer senales,Calle 45 B Sur Carrera 43,La Paz,Urbana,"(6.164485785, -75.59467842)"
2160490,03/18/2016,7:55 a.m.,Viernes,Motocicleta,Particular,Motociclista,Masculino,No,Sin Registro,Solo Daños,Choque,Adelantar cerrando,Calle 48 C Sur Carrera 42 D,El Trianon,Urbana,"(6.161910694, -75.59685426)"
2160490,03/18/2016,7:55 a.m.,Viernes,Automovil,Particular,Conductor,Femenino,No,Sin Registro,Solo Daños,Choque,Adelantar cerrando,Calle 48 C Sur Carrera 42 D,El Trianon,Urbana,"(6.161910694, -75.59685426)"
2160492,03/18/2016,11:30 a.m.,Viernes,Camioneta,Diplomatico,Conductor,Masculino,No,Sin Registro,Solo Daños,Choque,Otra,Diagonal 30 Transversal 33  Sur,Las Flores,Urbana,"(6.173906471, -75.57766216)"
2160492,03/18/2016,11:30 a.m.,Viernes,Motocicleta,Particular,Motociclista,Femenino,No,Sin Registro,Solo Daños,Choque,Otra,Diagonal 30 Transversal 33  Sur,Las Flores,Urbana,"(6.173906471, -75.57766216)"
2160478,03/18/2016,1:00 p.m.,Viernes,Automovil,Particular,Conductor,Femenino,No,Sin Registro,Solo Daños,Choque,Otra,Carrera 48 Calle 32 B Sur,Glorieta De Peldar,Urbana,"(6.176994311, -75.58984119)"
2160491,03/18/2016,2:10 p.m.,Viernes,Automovil,Particular,Conductor,Masculino,No,Sin Registro,Solo Daños,Choque,Desobedecer senales,Carrera 42 D Calle 48 E Sur,Sin Registro,Urbana,"(6.159992907, -75.59795447)"
2160491,03/18/2016,2:10 p.m.,Viernes,Bus,Publico,Conductor,Masculino,No,Sin Registro,Solo Daños,Choque,Desobedecer senales,Carrera 42 D Calle 48 E Sur,Sin Registro,Urbana,"(6.159992907, -75.59795447)"
2160494,03/18/2016,5:00 p.m.,Viernes,Motocicleta,Particular,Motociclista,Masculino,No,Sin Registro,Solo Daños,Choque,No mantener distancia de seguridad,Calle 21  Sur Carrera 41 B,Zuñiga,Urbana,"(6.183370967, -75.57885465)"
2160494,03/18/2016,5:00 p.m.,Viernes,Automovil,Particular,Conductor,Masculino,No,Sin Registro,Solo Daños,Choque,No mantener distancia de seguridad,Calle 21  Sur Carrera 41 B,Zuñiga,Urbana,"(6.183370967, -75.57885465)"
2160489,03/18/2016,5:30 p.m.,Viernes,Automovil,Particular,Conductor,Masculino,No,Sin Registro,Solo Daños,Choque,Adelantar cerrando,Carrera 48 Calle 49  Sur,Las Vegas,Urbana,"(6.162978079, -75.60240161)"
2160489,03/18/2016,5:30 p.m.,Viernes,Motocicleta,Particular,Motociclista,Masculino,No,Sin Registro,Solo Daños,Choque,Adelantar cerrando,Carrera 48 Calle 49  Sur,Las Vegas,Urbana,"(6.162978079, -75.60240161)"
2160481,03/18/2016,6:00 p.m.,Viernes,Motocicleta,Particular,Motociclista,Masculino,No,Sin Registro,Herido,Choque,No respetar prelacion,Carrera 43 Calle 33  Sur,Zona Centro,Urbana,"(6.173540656, -75.58568337)"
2160481,03/18/2016,6:00 p.m.,Viernes,Motocicleta,Particular,Motociclista,Masculino,No,Sin Registro,Herido,Choque,No respetar prelacion,Carrera 43 Calle 33  Sur,Zona Centro,Urbana,"(6.173540656, -75.58568337)"
2160493,03/18/2016,6:05 p.m.,Viernes,Camioneta,Particular,Conductor,Masculino,No,Sin Registro,Solo Daños,Choque,Adelantar cerrando,Calle 21  Sur Carrera 42,Sin Registro,Urbana,"(6.183287121, -75.5789598)"
2160493,03/18/2016,6:05 p.m.,Viernes,Automovil,Particular,Conductor,Masculino,No,Sin Registro,Solo Daños,Choque,Adelantar cerrando,Calle 21  Sur Carrera 42,Sin Registro,Urbana,"(6.183287121, -75.5789598)"
2160560,03/18/2016,7:15 p.m.,Viernes,Campero,Particular,Conductor,Femenino,No,Sin Registro,Solo Daños,Choque,No mantener distancia de seguridad,Calle 40 A Sur Carrera 48,Las Vegas,Urbana,"(6.168801152, -75.59444901)"
2160560,03/18/2016,7:15 p.m.,Viernes,Automovil,Particular,Conductor,Femenino,No,Sin Registro,Solo Daños,Choque,No mantener distancia de seguridad,Calle 40 A Sur Carrera 48,Las Vegas,Urbana,"(6.168801152, -75.59444901)"
2160501,03/19/2016,10:00 a.m.,Sábado,Automovil,Particular,Conductor,Femenino,No,Sin Registro,Solo Daños,Choque,No mantener distancia de seguridad,Carrera 43 A Calle 41 B Sur,Sin Registro,Urbana,"(6.16628795, -75.59295223)"
2160501,03/19/2016,10:00 a.m.,Sábado,Camioneta,Particular,Conductor,Masculino,No,Sin Registro,Solo Daños,Choque,No mantener distancia de seguridad,Carrera 43 A Calle 41 B Sur,Sin Registro,Urbana,"(6.16628795, -75.59295223)"
2160502,03/19/2016,10:45 a.m.,Sábado,Camion,Publico,Conductor,Masculino,No,Sin Registro,Solo Daños,Choque,Exceso de velocidad,Calle 24  Sur Carrera 38,Zuñiga,Urbana,"(6.177798131, -75.5727217)"
2160502,03/19/2016,10:45 a.m.,Sábado,Camioneta,Particular,Conductor,Masculino,No,Sin Registro,Solo Daños,Choque,Exceso de velocidad,Calle 24  Sur Carrera 38,Zuñiga,Urbana,"(6.177798131, -75.5727217)"
2160497,03/19/2016,12:40 p.m.,Sábado,Automovil,Publico,Conductor,Masculino,No,Sin Registro,Solo Daños,Choque,Desobedecer senales,Diagonal 33 Transversal 34 B Sur,La Magnolia,Urbana,"(6.171786342, -75.58348295)"
2160497,03/19/2016,12:40 p.m.,Sábado,Camioneta,Publico,Conductor,Masculino,No,Sin Registro,Solo Daños,Choque,Desobedecer senales,Diagonal 33 Transversal 34 B Sur,La Magnolia,Urbana,"(6.171786342, -75.58348295)"