RADICADO,FECHA,HORA,DÍA DE LA SEMANA,CLASE DE VEHICULO,TIPO DE SERVICIO,TIPO DE VICTIMA,SEXO,ESTADO DE BEODEZ,RESULTADO DE BEODEZ,GRAVEDAD,CLASE DE ACCIDENTE,CAUSA,DIRECCIÓN,BARRIO,AREA,Coordenadas
2160503,03/19/2016,1:30 p.m.,Sábado,Camioneta,Particular,Conductor,Masculino,No,Sin Registro,Solo Daños,Choque,No mantener distancia de seguridad,Tramo 372 Kilometro  13,Vereda Palmas,Rural,
2160503,03/19/2016,1:30 p.m.,Sábado,Automovil,Particular,Conductor,Femenino,No,Sin Registro,Solo Daños,Choque,No mantener distancia de seguridad,Tramo 372 Kilometro  13,Vereda Palmas,Rural,
2160499,03/19/2016,1:40 p.m.,Sábado,Motocicleta,Particular,Motociclista,Femenino,No,Sin Registro,Solo Daños,Choque,No respetar prelacion,Calle 39 D Sur Carrera 34 A,Mesa,Urbana,
2160499,03/19/2016,1:40 p.m.,Sábado,Automovil,Particular,Conductor,Femenino,No,Sin Registro,Solo Daños,Choque,No respetar prelacion,Calle 39 D Sur Carrera 34 A,Mesa,Urbana,
2160480,03/19/2016,1:45 p.m.,Sábado,Motocicleta,Particular,Motociclista,Masculino,No,Sin Registro,Herido,Choque,Otra,Carrera 33 Calle 39  Sur,Mesa,Urbana,"(6.164867486, -75.58294667)"
2160480,03/19/2016,1:45 p.m.,Sábado,Camion,Publico,Conductor,Masculino,No,Sin Registro,Herido,Choque,Otra,Carrera 33 Calle 39  Sur,Mesa,Urbana,"(6.164867486, -75.58294667)"
2160498,03/19/2016,2:10 p.m.,Sábado,Motocicleta,Particular,Motociclista,Masculino,No,Sin Registro,Solo Daños,Choque,Otra,Transversal 34 B Sur Diagonal 32,Obrero,Urbana,"(6.172661268, -75.58144689)"
2160498,03/19/2016,2:10 p.m.,Sábado,Automovil,Particular,Conductor,Femenino,No,Sin Registro,Solo Daños,Choque,Otra,Transversal 34 B Sur Diagonal 32,Obrero,Urbana,"(6.172661268, -75.58144689)"
2160561,03/19/2016,2:10 p.m.,Sábado,Camioneta,Particular,Conductor,Femenino,No,Sin Registro,Solo Daños,Choque,No mantener distancia de seguridad,Calle 38  Sur Carrera 31,Mesa,Urbana,"(6.165577674, -75.58112182)"
2160561,03/19/2016,2:10 p.m.,Sábado,Automovil,Particular,Conductor,Femenino,No,Sin Registro,Solo Daños,Choque,No mantener distancia de seguridad,Calle 38  Sur Carrera 31,Mesa,Urbana,"(6.165577674, -75.58112182)"
2160564,03/19/2016,3:37 p.m.,Sábado,Motocicleta,Particular,Motociclista,Masculino,No,Sin Registro,Herido,Choque,Semaforo en rojo,Calle 37  Sur Carrera 35,Los Naranjos,Urbana,"(6.167699744, -75.58270755)"
2160564,03/19/2016,3:37 p.m.,Sábado,Camion,Oficial,Conductor,Masculino,No,Sin Registro,Herido,Choque,Semaforo en rojo,Calle 37  Sur Carrera 35,Los Naranjos,Urbana,"(6.167699744, -75.58270755)"
2160510,03/19/2016,4:00 p.m.,Sábado,Automovil,Particular,Conductor,Femenino,No,Sin Registro,Solo Daños,Choque,Adelantar en zona prohibida,Tramo 372 Kilometro  7,Vereda Palmas,Rural,
2160510,03/19/2016,4:00 p.m.,Sábado,Motocicleta,Particular,Motociclista,Masculino,No,Sin Registro,Solo Daños,Choque,Adelantar en zona prohibida,Tramo 372 Kilometro  7,Vereda Palmas,Rural,
2160500,03/19/2016,4:10 p.m.,Sábado,Automovil,Particular,Conductor,Masculino,No,Sin Registro,Solo Daños,Choque,No mantener distancia de seguridad,Carrera 40 Calle 38 A Sur,Zona Centro,Urbana,"(6.167977811, -75.5862794)"
2160551,03/19/2016,6:00 p.m.,Sábado,Automovil,Publico,Conductor,Masculino,No,Sin Registro,Herido,Choque,Desobedecer senales,Calle 40 F Sur Carrera 36,Sin Registro,Urbana,"(6.16111564, -75.58477008)"
2160551,03/19/2016,6:00 p.m.,Sábado,Motocicleta,Particular,Motociclista,Masculino,No,Sin Registro,Herido,Choque,Desobedecer senales,Calle 40 F Sur Carrera 36,Sin Registro,Urbana,"(6.16111564, -75.58477008)"
2160557,03/19/2016,8:00 p.m.,Sábado,Motocicleta,Particular,Motociclista,Masculino,No,Sin Registro,Herido,Atropello,Semaforo en rojo,Calle 38 A Sur Carrera 42,Zona Centro,Urbana,"(6.169022232, -75.58772239)"
2160496,03/19/2016,9:12 p.m.,Sábado,Camion,Publico,Conductor,Masculino,No,Sin Registro,Solo Daños,Choque,Otra,Carrera 43 A Calle 21  Sur,Sin Registro,Urbana,"(6.183599544, -75.57940986)"
2160496,03/19/2016,9:12 p.m.,Sábado,Automovil,Particular,Conductor,Sin registro,No,Sin Registro,Solo Daños,Choque,Otra,Carrera 43 A Calle 21  Sur,Sin Registro,Urbana,"(6.183599544, -75.57940986)"
2160496,03/19/2016,9:12 p.m.,Sábado,Motocicleta,Particular,Motociclista,Masculino,No,Sin Registro,Solo Daños,Choque,Otra,Carrera 43 A Calle 21  Sur,Sin Registro,Urbana,"(6.183599544, -75.57940986)"
2160511,03/19/2016,9:40 p.m.,Sábado,Camioneta,Publico,Conductor,Masculino,No,Sin Registro,Solo Daños,Choque,No mantener distancia de seguridad,Transversal 32 A Sur Diagonal 31,Sin Registro,Urbana,"(6.176205136, -75.58100596)"
2160511,03/19/2016,9:40 p.m.,Sábado,Automovil,Publico,Conductor,Masculino,No,Sin Registro,Solo Daños,Choque,No mantener distancia de seguridad,Transversal 32 A Sur Diagonal 31,Sin Registro,Urbana,"(6.176205136, -75.58100596)"
2160512,03/19/2016,10:00 p.m.,Sábado,Automovil,Particular,Conductor,Femenino,No,Sin Registro,Solo Daños,Choque,No respetar prelacion,Carrera 42 Calle 36  Sur,Zona Centro,Urbana,"(6.170966181, -75.5864635)"
2160512,03/19/2016,10:00 p.m.,Sábado,Campero,Particular,Conductor,Masculino,No,Sin Registro,Solo Daños,Choque,No respetar prelacion,Carrera 42 Calle 36  Sur,Zona Centro,Urbana,"(6.170966181, -75.5864635)"
2160509,03/20/2016,11:30 a.m.,Domingo,Camioneta,Particular,Conductor,Masculino,No,Sin Registro,Solo Daños,Choque,No mantener distancia de seguridad,Carrera 50 Calle 39 B Sur,Sin Registro,Urbana,
2160509,03/20/2016,11:30 a.m.,Domingo,Motocicleta,Particular,Motociclista,Masculino,No,Sin Registro,Solo Daños,Choque,No mantener distancia de seguridad,Carrera 50 Calle 39 B Sur,Sin Registro,Urbana,
2160508,03/20/2016,1:45 p.m.,Domingo,Campero,Particular,Conductor,Masculino,No,Sin Registro,Solo Daños,Choque,Otra,Carrera 48 Calle 49  Sur,Las Vegas,Urbana,"(6.162978079, -75.60240161)"
2160508,03/20/2016,1:45 p.m.,Domingo,Automovil,Particular,Conductor,Masculino,No,Sin Registro,Solo Daños,Choque,Otra,Carrera 48 Calle 49  Sur,Las Vegas,Urbana,"(6.162978079, -75.60240161)"
2160506,03/20/2016,3:39 p.m.,Domingo,Motocicleta,Particular,Motociclista,Femenino,No,Sin Registro,Solo Daños,Choque,Otra,Calle 38 A Sur Carrera 43 A,Zona Centro,Urbana,"(6.169807343, -75.58912536)"
2160506,03/20/2016,3:39 p.m.,Domingo,Motocicleta,Particular,Motociclista,Masculino,No,Sin Registro,Solo Daños,Choque,Otra,Calle 38 A Sur Carrera 43 A,Zona Centro,Urbana,"(6.169807343, -75.58912536)"
2160507,03/20/2016,3:45 p.m.,Domingo,Automovil,Publico,Conductor,Masculino,No,Sin Registro,Solo Daños,Choque,Subirse al anden o vias peatonales,Calle 24  Sur Carrera 42 B,Las Orquideas,Urbana,"(6.180703067, -75.57996707)"
2160507,03/20/2016,3:45 p.m.,Domingo,Automovil,Particular,Conductor,Masculino,No,Sin Registro,Solo Daños,Choque,Subirse al anden o vias peatonales,Calle 24  Sur Carrera 42 B,Las Orquideas,Urbana,"(6.180703067, -75.57996707)"
2160505,03/20/2016,4:30 p.m.,Domingo,Camioneta,Oficial,Conductor,Masculino,No,Sin Registro,Solo Daños,Choque,No mantener distancia de seguridad,Carrera 48 Calle 39  Sur,Las Vegas,Urbana,"(6.17163722, -75.59364999)"
2160505,03/20/2016,4:30 p.m.,Domingo,Automovil,Publico,Conductor,Masculino,No,Sin Registro,Solo Daños,Choque,No mantener distancia de seguridad,Carrera 48 Calle 39  Sur,Las Vegas,Urbana,"(6.17163722, -75.59364999)"
2160569,03/20/2016,8:10 p.m.,Domingo,Microbus,Publico,Conductor,Masculino,No,Sin Registro,Herido,Choque,Adelantar en zona prohibida,Tramo 372 Kilometro  17,Vereda Palmas,Rural,
2160569,03/20/2016,8:10 p.m.,Domingo,Motocicleta,Particular,Motociclista,Masculino,No,Sin Registro,Herido,Choque,Adelantar en zona prohibida,Tramo 372 Kilometro  17,Vereda Palmas,Rural,
2160504,03/20/2016,11:42 p.m.,Domingo,Automovil,Particular,Conductor,Masculino,No,Sin Registro,Solo Daños,Choque,Desobedecer senales,Carrera 43 Calle 33  Sur,Sin Registro,Urbana,"(6.173540656, -75.58568337)"
2160504,03/20/2016,11:42 p.m.,Domingo,Motocicleta,Particular,Motociclista,Masculino,No,Sin Registro,Solo Daños,Choque,Desobedecer senales,Carrera 43 Calle 33  Sur,Sin Registro,Urbana,"(6.173540656, -75.58568337)"
2160515,03/21/2016,8:50 a.m.,Lunes,Campero,Particular,Conductor,Femenino,No,Sin Registro,Solo Daños,Choque,Desobedecer senales,Diagonal 32 D Transversal 34,Obrero,Urbana,"(6.172908151, -75.58314442)"
2160515,03/21/2016,8:50 a.m.,Lunes,Motocicleta,Particular,Motociclista,Masculino,No,Sin Registro,Solo Daños,Choque,Desobedecer senales,Diagonal 32 D Transversal 34,Obrero,Urbana,"(6.172908151, -75.58314442)"
2160514,03/21/2016,11:06 a.m.,Lunes,Automovil,Particular,Conductor,Masculino,No,Sin Registro,Solo Daños,Choque,No respetar prelacion,Tramo 372 Kilometro  56,Vereda Palmas,Rural,
2160514,03/21/2016,11:06 a.m.,Lunes,Automovil,Particular,Conductor,Masculino,No,Sin Registro,Solo Daños,Choque,No respetar prelacion,Tramo 372 Kilometro  56,Vereda Palmas,Rural,
2160513,03/21/2016,2:00 p.m.,Lunes,Automovil,Particular,Conductor,Masculino,No,Sin Registro,Solo Daños,Choque,No mantener distancia de seguridad,Carrera 43 A Calle 21  Sur,Sin Registro,Urbana,"(6.183599544, -75.57940986)"
2160513,03/21/2016,2:00 p.m.,Lunes,Automovil,Publico,Conductor,Masculino,No,Sin Registro,Solo Daños,Choque,No mantener distancia de seguridad,Carrera 43 A Calle 21  Sur,Sin Registro,Urbana,"(6.183599544, -75.57940986)"
2160523,03/22/2016,7:00 a.m.,Martes,Tractocamion,Publico,Conductor,Masculino,No,Sin Registro,Solo Daños,Choque,Otra,Carrera 50 Calle 37  Sur,Las Vegas,Urbana,
2160523,03/22/2016,7:00 a.m.,Martes,Automovil,Particular,Conductor,Femenino,No,Sin Registro,Solo Daños,Choque,Otra,Carrera 50 Calle 37  Sur,Las Vegas,Urbana,
2160525,03/22/2016,8:00 a.m.,Martes,Automovil,Particular,Conductor,Masculino,No,Sin Registro,Solo Daños,Choque,Otra,Carrera 48 Calle 39 A Sur,Las Vegas,Urbana,"(6.17097263, -75.59431326)"
2160525,03/22/2016,8:00 a.m.,Martes,Motocicleta,Particular,Motociclista,Masculino,No,Sin Registro,Solo Daños,Choque,Otra,Carrera 48 Calle 39 A Sur,Las Vegas,Urbana,"(6.17097263, -75.59431326)"
2160563,03/22/2016,8:10 a.m.,Martes,Automovil,Particular,Conductor,Masculino,No,Sin Registro,Herido,Choque,Desobedecer senales,Calle 38 A Sur Carrera 34,Mesa,Urbana,"(6.165984351, -75.58306945)"
2160563,03/22/2016,8:10 a.m.,Martes,Bicicleta,Particular,Ciclista,Masculino,No,Sin Registro,Herido,Choque,Desobedecer senales,Calle 38 A Sur Carrera 34,Mesa,Urbana,"(6.165984351, -75.58306945)"
2160521,03/22/2016,8:30 a.m.,Martes,Automovil,Particular,Conductor,Femenino,No,Sin Registro,Solo Daños,Choque,Otra,Carrera 48 Calle 19  Sur,Las Vegas,Urbana,"(6.187349001, -75.58153568)"
2160521,03/22/2016,8:30 a.m.,Martes,Automovil,Particular,Conductor,Masculino,No,Sin Registro,Solo Daños,Choque,Otra,Carrera 48 Calle 19  Sur,Las Vegas,Urbana,"(6.187349001, -75.58153568)"
2160558,03/22/2016,8:30 a.m.,Martes,Motocicleta,Particular,Motociclista,Masculino,No,Sin Registro,Herido,Choque,Otra,Calle 31  Sur Carrera 45,Jardines,Urbana,"(6.17732964, -75.58702584)"
2160558,03/22/2016,8:30 a.m.,Martes,Automovil,Particular,Conductor,Masculino,No,Sin Registro,Herido,Choque,Otra,Calle 31  Sur Carrera 45,Jardines,Urbana,"(6.17732964, -75.58702584)"
2160572,03/22/2016,11:35 a.m.,Martes,Automovil,Particular,Conductor,Masculino,No,Sin Registro,Herido,Volcamiento,Exceso de velocidad,Tramo 372 Kilometro  6,Vereda Palmas,Rural,
2160519,03/22/2016,11:45 a.m.,Martes,Bus,Publico,Conductor,Masculino,No,Sin Registro,Solo Daños,Choque,Otra,Tramo 181 Kilometro  17,Sin Registro,Rural,
2160519,03/22/2016,11:45 a.m.,Martes,Sin Registro,Publico,Conductor,Masculino,No,Sin Registro,Solo Daños,Choque,Otra,Tramo 181 Kilometro  17,Sin Registro,Rural,
2160518,03/22/2016,1:00 p.m.,Martes,Campero,Particular,Conductor,Femenino,No,Sin Registro,Solo Daños,Choque,Subirse al anden o vias peatonales,Carrera 42 Calle 40 H Sur,El Dorado,Urbana,"(6.165677086, -75.59082804)"
2160518,03/22/2016,1:00 p.m.,Martes,Camion,Publico,Conductor,Masculino,No,Sin Registro,Solo Daños,Choque,Subirse al anden o vias peatonales,Carrera 42 Calle 40 H Sur,El Dorado,Urbana,"(6.165677086, -75.59082804)"
2160517,03/22/2016,2:30 p.m.,Martes,Automovil,Particular,Conductor,Femenino,No,Sin Registro,Solo Daños,Choque,Desobedecer senales,Calle 37  Sur Carrera 37,Mesa,Urbana,"(6.168351775, -75.58376911)"
2160517,03/22/2016,2:30 p.m.,Martes,Camioneta,Particular,Conductor,Masculino,No,Sin Registro,Solo Daños,Choque,Desobedecer senales,Calle 37  Sur Carrera 37,Mesa,Urbana,"(6.168351775, -75.58376911)"
2160545,03/22/2016,3:15 p.m.,Martes,Camioneta,Particular,Conductor,Masculino,No,Sin Registro,Solo Daños,Choque,No mantener distancia de seguridad,Carrera 50 Calle 25 AA Sur,Las Vegas,Urbana,"(6.18564452, -75.58633891)"
2160545,03/22/2016,3:15 p.m.,Martes,Camion,Publico,Conductor,Masculino,No,Sin Registro,Solo Daños,Choque,No mantener distancia de seguridad,Carrera 50 Calle 25 AA Sur,Las Vegas,Urbana,"(6.18564452, -75.58633891)"
2160545,03/22/2016,3:15 p.m.,Martes,Camioneta,Particular,Conductor,Masculino,No,Sin Registro,Solo Daños,Choque,No mantener distancia de seguridad,Carrera 50 Calle 25 AA Sur,Las Vegas,Urbana,"(6.18564452, -75.58633891)"
2160520,03/22/2016,3:20 p.m.,Martes,Microbus,Publico,Conductor,Masculino,No,Sin Registro,Solo Daños,Choque,Adelantar cerrando,Calle 37  Sur Carrera 35,Mesa,Urbana,"(6.167699744, -75.58270755)"
2160520,03/22/2016,3:20 p.m.,Martes,Automovil,Particular,Conductor,Femenino,No,Sin Registro,Solo Daños,Choque,Adelantar cerrando,Calle 37  Sur Carrera 35,Mesa,Urbana,"(6.167699744, -75.58270755)"
2160516,03/22/2016,4:30 p.m.,Martes,Motocicleta,Particular,Motociclista,Masculino,No,Sin Registro,Herido,Caida Ocupante,Exceso de velocidad,Calle 36 D Sur Carrera 23,Vereda El Escobero,Urbana,"(6.162479576, -75.57022257)"
2160522,03/22/2016,5:35 p.m.,Martes,Automovil,Particular,Conductor,Masculino,No,Sin Registro,Solo Daños,Choque,Otra,Carrera 48 Calle 25 AA Sur,Las Vegas,Urbana,"(6.183765745, -75.58469035)"
2160522,03/22/2016,5:35 p.m.,Martes,Motocicleta,Particular,Motociclista,Masculino,No,Sin Registro,Solo Daños,Choque,Otra,Carrera 48 Calle 25 AA Sur,Las Vegas,Urbana,"(6.183765745, -75.58469035)"
2160577,03/22/2016,7:15 p.m.,Martes,Motocicleta,Particular,Motociclista,Masculino,No,Sin Registro,Herido,Choque,No respetar prelacion,Calle 41  Sur Carrera 24 B,La Mina,Urbana,"(6.152747542, -75.5844482)"
2160577,03/22/2016,7:15 p.m.,Martes,Motocicleta,Particular,Motociclista,Masculino,No,Sin Registro,Herido,Choque,No respetar prelacion,Calle 41  Sur Carrera 24 B,La Mina,Urbana,"(6.152747542, -75.5844482)"
2160527,03/23/2016,6:45 a.m.,Miércoles,Automovil,Particular,Conductor,Masculino,No,Sin Registro,Solo Daños,Choque,Otra,Carrera 50 Calle 37  Sur,Las Vegas,Urbana,
2160527,03/23/2016,6:45 a.m.,Miércoles,Camion,Particular,Conductor,Masculino,No,Sin Registro,Solo Daños,Choque,Otra,Carrera 50 Calle 37  Sur,Las Vegas,Urbana,
2160544,03/23/2016,8:00 a.m.,Miércoles,Camioneta,Publico,Conductor,Masculino,No,Sin Registro,Herido,Choque,Semaforo en rojo,Calle 38  Sur Carrera 31,Mesa,Urbana,"(6.165577674, -75.58112182)"
2160544,03/23/2016,8:00 a.m.,Miércoles,Motocicleta,Particular,Motociclista,Masculino,No,Sin Registro,Herido,Choque,Semaforo en rojo,Calle 38  Sur Carrera 31,Mesa,Urbana,"(6.165577674, -75.58112182)"
2160549,03/23/2016,9:00 a.m.,Miércoles,Motocicleta,Particular,Motociclista,Masculino,No,Sin Registro,Herido,Choque,Desobedecer senales,Carrera 46 Calle 39  Sur,Alcala,Urbana,"(6.170504216, -75.59251874)"
2160549,03/23/2016,9:00 a.m.,Miércoles,Microbus,Publico,Conductor,Masculino,No,Sin Registro,Herido,Choque,Desobedecer senales,Carrera 46 Calle 39  Sur,Alcala,Urbana,"(6.170504216, -75.59251874)"
2160495,03/23/2016,9:50 a.m.,Miércoles,Camioneta,Particular,Conductor,Femenino,No,Sin Registro,Herido,Choque,Otra,Transversal 34  Sur Diagonal 33,La Magnolia,Urbana,"(6.172688175, -75.5839342)"
2160495,03/23/2016,9:50 a.m.,Miércoles,Motocicleta,Particular,Motociclista,Masculino,No,Sin Registro,Herido,Choque,Otra,Transversal 34  Sur Diagonal 33,La Magnolia,Urbana,"(6.172688175, -75.5839342)"
2160532,03/23/2016,11:15 a.m.,Miércoles,Automovil,Particular,Conductor,Masculino,No,Sin Registro,Solo Daños,Choque,No mantener distancia de seguridad,Carrera 42 Calle 44  Sur,El Dorado,Urbana,
2160532,03/23/2016,11:15 a.m.,Miércoles,Automovil,Particular,Conductor,Masculino,No,Sin Registro,Solo Daños,Choque,No mantener distancia de seguridad,Carrera 42 Calle 44  Sur,El Dorado,Urbana,
2160524,03/23/2016,1:00 p.m.,Miércoles,Camioneta,Particular,Conductor,Femenino,No,Sin Registro,Solo Daños,Choque,No mantener distancia de seguridad,Carrera 48 Calle 49  Sur,Las Vegas,Urbana,"(6.162978079, -75.60240161)"
2160524,03/23/2016,1:00 p.m.,Miércoles,Microbus,Publico,Conductor,Masculino,No,Sin Registro,Solo Daños,Choque,No mantener distancia de seguridad,Carrera 48 Calle 49  Sur,Las Vegas,Urbana,"(6.162978079, -75.60240161)"
2160570,03/23/2016,1:10 p.m.,Miércoles,Automovil,Particular,Conductor,Masculino,No,Sin Registro,Herido,Atropello,Cruzar sin observar,Tramo 372 Kilometro  16,Vereda Palmas,Rural,
2160555,03/23/2016,1:40 p.m.,Miércoles,Bus,Publico,Conductor,Masculino,No,Sin Registro,Herido,Atropello,Poner en marcha un vehiculo sin precauci,Carrera 49 Calle 39 A Sur,Las Vegas,Urbana,"(6.173609359, -75.59707057)"
2160555,03/23/2016,1:40 p.m.,Miércoles,Tractocamion,Publico,Conductor,Masculino,No,Sin Registro,Herido,Atropello,Poner en marcha un vehiculo sin precauci,Carrera 49 Calle 39 A Sur,Las Vegas,Urbana,"(6.173609359, -75.59707057)"
2160555,03/23/2016,1:40 p.m.,Miércoles,Automovil,Particular,Conductor,Masculino,No,Sin Registro,Herido,Atropello,Poner en marcha un vehiculo sin precauci,Carrera 49 Calle 39 A Sur,Las Vegas,Urbana,"(6.173609359, -75.59707057)"
2160562,03/23/2016,2:30 p.m.,Miércoles,Motocicleta,Particular,Motociclista,Masculino,No,Sin Registro,Solo Daños,Choque,Adelantar en zona prohibida,Carrera 48 Calle 30  Sur,Las Vegas,Urbana,"(6.179366643, -75.5880841)"
2160562,03/23/2016,2:30 p.m.,Miércoles,Motocicleta,Particular,Motociclista,Masculino,No,Sin Registro,Solo Daños,Choque,Adelantar en zona prohibida,Carrera 48 Calle 30  Sur,Las Vegas,Urbana,"(6.179366643, -75.5880841)"
2160526,03/23/2016,2:40 p.m.,Miércoles,Automovil,Particular,Conductor,Masculino,No,Sin Registro,Solo Daños,Choque,Otra,Calle 39 A Sur Carrera 29 A,San Jose,Urbana,"(6.163394225, -75.5812818)"
2160526,03/23/2016,2:40 p.m.,Miércoles,Automovil,Particular,Conductor,Masculino,No,Sin Registro,Solo Daños,Choque,Otra,Calle 39 A Sur Carrera 29 A,San Jose,Urbana,"(6.163394225, -75.5812818)"
2160528,03/23/2016,4:00 p.m.,Miércoles,Camion,Publico,Conductor,Masculino,No,Sin Registro,Solo Daños,Choque,Otra,Carrera 40 Calle 38 A Sur,Zona Centro,Urbana,"(6.167977811, -75.5862794)"
2160528,03/23/2016,4:00 p.m.,Miércoles,Automovil,Particular,Conductor,Femenino,No,Sin Registro,Solo Daños,Choque,Otra,Carrera 40 Calle 38 A Sur,Zona Centro,Urbana,"(6.167977811, -75.5862794)"
2160537,03/23/2016,5:00 p.m.,Miércoles,Motocicleta,Particular,Motociclista,Femenino,No,Sin Registro,Herido,Choque,Desobedecer senales,Calle 38  Sur Carrera 46,Alcala,Urbana,"(6.171966643, -75.59136974)"
2160537,03/23/2016,5:00 p.m.,Miércoles,Camioneta,Particular,Conductor,Masculino,No,Sin Registro,Herido,Choque,Desobedecer senales,Calle 38  Sur Carrera 46,Alcala,Urbana,"(6.171966643, -75.59136974)"
2160529,03/23/2016,5:50 p.m.,Miércoles,Automovil,Particular,Conductor,Femenino,No,Sin Registro,Solo Daños,Choque,Transitar entre vehiculos,Calle 39 D Sur Carrera 34 EE,El Salado,Urbana,
2160530,03/23/2016,8:50 p.m.,Miércoles,Automovil,Particular,Conductor,Femenino,No,Sin Registro,Solo Daños,Choque,No mantener distancia de seguridad,Carrera 48 Calle 25  Sur,Las Vegas,Urbana,"(6.185059174, -75.58329333)"
2160530,03/23/2016,8:50 p.m.,Miércoles,Automovil,Particular,Conductor,Masculino,No,Sin Registro,Solo Daños,Choque,No mantener distancia de seguridad,Carrera 48 Calle 25  Sur,Las Vegas,Urbana,"(6.185059174, -75.58329333)"
2160533,03/24/2016,12:00 a.m.,Jueves,Automovil,Particular,Conductor,Masculino,No,Sin Registro,Herido,Choque,Semaforo en rojo,Transversal 34 D Sur Diagonal 31,Las Flores,Urbana,"(6.172106631, -75.57927512)"
2160533,03/24/2016,12:00 a.m.,Jueves,Automovil,Publico,Conductor,Masculino,No,Sin Registro,Herido,Choque,Semaforo en rojo,Transversal 34 D Sur Diagonal 31,Las Flores,Urbana,"(6.172106631, -75.57927512)"
2160538,03/24/2016,9:50 a.m.,Jueves,Motocicleta,Particular,Motociclista,Masculino,No,Sin Registro,Herido,Choque,Transitar entre vehiculos,Carrera 43 A Calle 32 A Sur,San Marcos,Urbana,"(6.175019606, -75.58592917)"
2160548,03/26/2016,6:45 p.m.,Sábado,Motocicleta,Particular,Motociclista,Masculino,No,Sin Registro,Solo Daños,Choque,Otra,Tramo 372 Kilometro  13,Vereda Palmas,Rural,
2160538,03/24/2016,9:50 a.m.,Jueves,Automovil,Particular,Conductor,Femenino,No,Sin Registro,Herido,Choque,Transitar entre vehiculos,Carrera 43 A Calle 32 A Sur,San Marcos,Urbana,"(6.175019606, -75.58592917)"
2160536,03/24/2016,12:45 p.m.,Jueves,Camioneta,Particular,Conductor,Masculino,No,Sin Registro,Solo Daños,Choque,Otra,Carrera 49 Calle 23  Sur,Las Vegas,Urbana,
2160536,03/24/2016,12:45 p.m.,Jueves,Automovil,Particular,Conductor,Masculino,No,Sin Registro,Solo Daños,Choque,Otra,Carrera 49 Calle 23  Sur,Las Vegas,Urbana,
2160535,03/24/2016,3:00 p.m.,Jueves,Automovil,Particular,Conductor,Masculino,No,Sin Registro,Solo Daños,Choque,Otra,Carrera 41 Calle 38 A Sur,Zona Centro,Urbana,"(6.168440346, -75.58698806)"
2160535,03/24/2016,3:00 p.m.,Jueves,Bicicleta,Particular,Ciclista,Masculino,No,Sin Registro,Solo Daños,Choque,Otra,Carrera 41 Calle 38 A Sur,Zona Centro,Urbana,"(6.168440346, -75.58698806)"
2160542,03/24/2016,4:00 p.m.,Jueves,Automovil,Publico,Conductor,Masculino,No,Sin Registro,Solo Daños,Choque,Desobedecer senales,Transversal 33 A Sur Diagonal 31 B,Las Flores,Urbana,"(6.17392881, -75.57980693)"
2160542,03/24/2016,4:00 p.m.,Jueves,Automovil,Particular,Conductor,Masculino,No,Sin Registro,Solo Daños,Choque,Desobedecer senales,Transversal 33 A Sur Diagonal 31 B,Las Flores,Urbana,"(6.17392881, -75.57980693)"
2160531,03/24/2016,6:40 p.m.,Jueves,Automovil,Particular,Conductor,Masculino,No,Sin Registro,Herido,Choque,Semaforo en rojo,Calle 39  Sur Carrera 40,Mesa,Urbana,"(6.167409609, -75.58672098)"
2160531,03/24/2016,6:40 p.m.,Jueves,Motocicleta,Particular,Motociclista,Masculino,No,Sin Registro,Herido,Choque,Semaforo en rojo,Calle 39  Sur Carrera 40,Mesa,Urbana,"(6.167409609, -75.58672098)"
2160531,03/24/2016,6:40 p.m.,Jueves,Motocicleta,Particular,Motociclista,Masculino,No,Sin Registro,Herido,Choque,Semaforo en rojo,Calle 39  Sur Carrera 40,Mesa,Urbana,"(6.167409609, -75.58672098)"
2160541,03/24/2016,10:45 p.m.,Jueves,Motocicleta,Particular,Motociclista,Masculino,No,Sin Registro,Solo Daños,Choque,Adelantar en zona prohibida,Carrera 48 Calle 38  Sur,Las Vegas,Urbana,"(6.172747818, -75.59269817)"
2160541,03/24/2016,10:45 p.m.,Jueves,Camioneta,Particular,Conductor,Masculino,No,Sin Registro,Solo Daños,Choque,Adelantar en zona prohibida,Carrera 48 Calle 38  Sur,Las Vegas,Urbana,"(6.172747818, -75.59269817)"
2160534,03/24/2016,11:46 p.m.,Jueves,Automovil,Particular,Conductor,Femenino,No,Sin Registro,Solo Daños,Choque,Otra,Calle 40  Sur Carrera 29 A,San Jose,Urbana,"(6.162116724, -75.58212004)"
2160534,03/24/2016,11:46 p.m.,Jueves,Automovil,Particular,Conductor,Masculino,No,Sin Registro,Solo Daños,Choque,Otra,Calle 40  Sur Carrera 29 A,San Jose,Urbana,"(6.162116724, -75.58212004)"
2160534,03/24/2016,11:46 p.m.,Jueves,Automovil,Particular,Conductor,Masculino,No,Sin Registro,Solo Daños,Choque,Otra,Calle 40  Sur Carrera 29 A,San Jose,Urbana,"(6.162116724, -75.58212004)"
2160567,03/25/2016,9:45 a.m.,Viernes,Camioneta,Particular,Conductor,Masculino,No,Sin Registro,Solo Daños,Volcamiento,Exceso de velocidad,Calle 36 D Sur Carrera 27 D,Vereda El Escobero,Urbana,"(6.164970853, -75.57463727)"
2160547,03/26/2016,7:50 a.m.,Sábado,Automovil,Publico,Conductor,Masculino,No,Sin Registro,Solo Daños,Choque,Otra,Carrera 43 A Calle 31  Sur,Jardines,Urbana,"(6.176754685, -75.58546897)"