RADICADO,FECHA,HORA,DÍA DE LA SEMANA,CLASE DE VEHICULO,TIPO DE SERVICIO,TIPO DE VICTIMA,SEXO,ESTADO DE BEODEZ,RESULTADO DE BEODEZ,GRAVEDAD,CLASE DE ACCIDENTE,CAUSA,DIRECCIÓN,BARRIO,AREA,Coordenadas
2160547,03/26/2016,7:50 a.m.,Sábado,Automovil,Particular,Conductor,Masculino,No,Sin Registro,Solo Daños,Choque,Otra,Carrera 43 A Calle 31  Sur,Jardines,Urbana,"(6.176754685, -75.58546897)"
2160552,03/26/2016,10:30 a.m.,Sábado,Automovil,Publico,Conductor,Masculino,No,Sin Registro,Solo Daños,Choque,Otra,Carrera 42 A Calle 26 A Sur,Obrero,Urbana,"(6.177792644, -75.57868354)"
2160552,03/26/2016,10:30 a.m.,Sábado,Camioneta,Particular,Conductor,Masculino,No,Sin Registro,Solo Daños,Choque,Otra,Carrera 42 A Calle 26 A Sur,Obrero,Urbana,"(6.177792644, -75.57868354)"
2160559,03/26/2016,5:00 p.m.,Sábado,Automovil,Publico,Conductor,Masculino,No,Sin Registro,Herido,Choque,Desobedecer senales,Calle 39  Sur Carrera 38,Mesa,Urbana,"(6.166656476, -75.58555336)"
2160559,03/26/2016,5:00 p.m.,Sábado,Motocicleta,Particular,Motociclista,Masculino,No,Sin Registro,Herido,Choque,Desobedecer senales,Calle 39  Sur Carrera 38,Mesa,Urbana,"(6.166656476, -75.58555336)"
2160546,03/26/2016,6:00 p.m.,Sábado,Automovil,Particular,Conductor,Masculino,No,Sin Registro,Solo Daños,Choque,Otra,Carrera 48 Calle 38 A Sur,Puente Fundadores,Urbana,"(6.172315595, -75.59309025)"
2160579,03/27/2016,10:20 a.m.,Domingo,Automovil,Particular,Conductor,Masculino,No,Sin Registro,Solo Daños,Choque,Exceso de velocidad,Tramo 181 Kilometro  5,El Salado,Rural,
2160579,03/27/2016,10:20 a.m.,Domingo,Bicicleta,Particular,Ciclista,Masculino,No,Sin Registro,Solo Daños,Choque,Exceso de velocidad,Tramo 181 Kilometro  5,El Salado,Rural,
2160554,03/27/2016,12:00 p.m.,Domingo,Campero,Particular,Conductor,Masculino,No,Sin Registro,Solo Daños,Choque,No mantener distancia de seguridad,Calle 36  Sur Carrera 23,El Chocho,Urbana,"(6.167434238, -75.56295895)"
2160554,03/27/2016,12:00 p.m.,Domingo,Automovil,Particular,Conductor,Masculino,No,Sin Registro,Solo Daños,Choque,No mantener distancia de seguridad,Calle 36  Sur Carrera 23,El Chocho,Urbana,"(6.167434238, -75.56295895)"
2160543,03/27/2016,12:40 p.m.,Domingo,Automovil,Particular,Conductor,Masculino,No,Sin Registro,Solo Daños,Choque,Otra,Diagonal 31 E Transversal 34 D Sur,Los Naranjos,Urbana,"(6.17201459, -75.57921611)"
2160543,03/27/2016,12:40 p.m.,Domingo,Automovil,Particular,Conductor,Femenino,No,Sin Registro,Solo Daños,Choque,Otra,Diagonal 31 E Transversal 34 D Sur,Los Naranjos,Urbana,"(6.17201459, -75.57921611)"
2160539,03/27/2016,12:50 p.m.,Domingo,Camioneta,Particular,Conductor,Masculino,No,Sin Registro,Solo Daños,Choque,Adelantar cerrando,Tramo 372 Kilometro  16,Vereda Palmas,Rural,
2160539,03/27/2016,12:50 p.m.,Domingo,Automovil,Particular,Conductor,Masculino,No,Sin Registro,Solo Daños,Choque,Adelantar cerrando,Tramo 372 Kilometro  16,Vereda Palmas,Rural,
2160540,03/27/2016,4:40 p.m.,Domingo,Automovil,Particular,Conductor,Masculino,No,Sin Registro,Solo Daños,Otro,Otra,Carrera 50 Calle 37 A Sur,Las Vegas,Urbana,
2160553,03/27/2016,7:40 p.m.,Domingo,Automovil,Publico,Conductor,Masculino,No,Sin Registro,Solo Daños,Choque,Desobedecer senales,Calle 36  Sur Carrera 42,Zona Centro,Urbana,"(6.17108429, -75.58648741)"
2160553,03/27/2016,7:40 p.m.,Domingo,Automovil,Particular,Conductor,Masculino,No,Sin Registro,Solo Daños,Choque,Desobedecer senales,Calle 36  Sur Carrera 42,Zona Centro,Urbana,"(6.17108429, -75.58648741)"
2160586,03/28/2016,6:20 a.m.,Lunes,Microbus,Publico,Conductor,Masculino,No,Sin Registro,Solo Daños,Choque,No mantener distancia de seguridad,Calle 37  Sur Carrera 49  Sur,Sin Registro,Urbana,"(6.174789471, -75.59420424)"
2160586,03/28/2016,6:20 a.m.,Lunes,Camioneta,Particular,Conductor,Femenino,No,Sin Registro,Solo Daños,Choque,No mantener distancia de seguridad,Calle 37  Sur Carrera 49  Sur,Sin Registro,Urbana,"(6.174789471, -75.59420424)"
2160597,03/28/2016,7:30 a.m.,Lunes,Camion,Publico,Conductor,Masculino,No,Sin Registro,Herido,Choque,No mantener distancia de seguridad,Carrera 50 Calle 43  Sur,Las Vegas,Urbana,
2160597,03/28/2016,7:30 a.m.,Lunes,Motocicleta,Particular,Motociclista,Masculino,No,Sin Registro,Herido,Choque,No mantener distancia de seguridad,Carrera 50 Calle 43  Sur,Las Vegas,Urbana,
2160582,03/28/2016,9:15 a.m.,Lunes,Motocicleta,Particular,Motociclista,Masculino,No,Sin Registro,Solo Daños,Choque,No mantener distancia de seguridad,Carrera 48 Calle 43  Sur,Las Vegas,Urbana,"(6.168335134, -75.59723358)"
2160582,03/28/2016,9:15 a.m.,Lunes,Automovil,Particular,Conductor,Femenino,No,Sin Registro,Solo Daños,Choque,No mantener distancia de seguridad,Carrera 48 Calle 43  Sur,Las Vegas,Urbana,"(6.168335134, -75.59723358)"
2160584,03/28/2016,11:35 a.m.,Lunes,Motocicleta,Particular,Motociclista,Masculino,No,Sin Registro,Solo Daños,Choque,No mantener distancia de seguridad,Calle 25  Sur Carrera 42,Las Orquideas,Urbana,"(6.179561127, -75.57986633)"
2160584,03/28/2016,11:35 a.m.,Lunes,Automovil,Particular,Conductor,Femenino,No,Sin Registro,Solo Daños,Choque,No mantener distancia de seguridad,Calle 25  Sur Carrera 42,Las Orquideas,Urbana,"(6.179561127, -75.57986633)"
2160583,03/28/2016,1:10 p.m.,Lunes,Buseta,Publico,Conductor,Masculino,No,Sin Registro,Solo Daños,Choque,Adelantar cerrando,Carrera 48 Calle 32 B Sur,El Portal,Urbana,"(6.176994311, -75.58984119)"
2160583,03/28/2016,1:10 p.m.,Lunes,Automovil,Particular,Conductor,Femenino,No,Sin Registro,Solo Daños,Choque,Adelantar cerrando,Carrera 48 Calle 32 B Sur,El Portal,Urbana,"(6.176994311, -75.58984119)"
2160578,03/28/2016,1:50 p.m.,Lunes,Motocicleta,Particular,Motociclista,Masculino,No,Sin Registro,Solo Daños,Choque,Desobedecer senales,Transversal 34 A Sur Diagonal 33,Obrero,Urbana,"(6.172257269, -75.58375627)"
2160578,03/28/2016,1:50 p.m.,Lunes,Automovil,Particular,Conductor,Femenino,No,Sin Registro,Solo Daños,Choque,Desobedecer senales,Transversal 34 A Sur Diagonal 33,Obrero,Urbana,"(6.172257269, -75.58375627)"
2160587,03/28/2016,2:20 p.m.,Lunes,Automovil,Particular,Conductor,Masculino,No,Sin Registro,Solo Daños,Choque,No mantener distancia de seguridad,Carrera 48 Calle 35 A Sur,Puente Fundadores,Urbana,"(6.174372875, -75.59153184)"
2160587,03/28/2016,2:20 p.m.,Lunes,Automovil,Particular,Conductor,Masculino,No,Sin Registro,Solo Daños,Choque,No mantener distancia de seguridad,Carrera 48 Calle 35 A Sur,Puente Fundadores,Urbana,"(6.174372875, -75.59153184)"
2160565,03/28/2016,4:10 p.m.,Lunes,Automovil,Particular,Conductor,Masculino,No,Sin Registro,Solo Daños,Choque,No mantener distancia de seguridad,Carrera 48 Calle 26  Sur,Las Vegas,Urbana,"(6.183318111, -75.58553718)"
2160565,03/28/2016,4:10 p.m.,Lunes,Automovil,Particular,Conductor,Femenino,No,Sin Registro,Solo Daños,Choque,No mantener distancia de seguridad,Carrera 48 Calle 26  Sur,Las Vegas,Urbana,"(6.183318111, -75.58553718)"
2160568,03/28/2016,5:10 p.m.,Lunes,Tractocamion,Publico,Conductor,Masculino,No,Sin Registro,Solo Daños,Choque,Carga sobresaliente sin autorizacion,Carrera 50 Calle 39 B Sur,Las Vegas,Urbana,
2160575,03/28/2016,5:40 p.m.,Lunes,Sin Registro,Publico,Conductor,Masculino,No,Sin Registro,Solo Daños,Choque,No respetar prelacion,Carrera 50 Calle 46 A Sur,Las Vegas,Urbana,"(6.16131219, -75.60319818)"
2160575,03/28/2016,5:40 p.m.,Lunes,Automovil,Particular,Conductor,Masculino,No,Sin Registro,Solo Daños,Choque,No respetar prelacion,Carrera 50 Calle 46 A Sur,Las Vegas,Urbana,"(6.16131219, -75.60319818)"
2160574,03/28/2016,5:45 p.m.,Lunes,Automovil,Publico,Conductor,Masculino,No,Sin Registro,Solo Daños,Choque,Desobedecer senales,Calle 40  Sur Carrera 46 A,Sin Registro,Urbana,"(6.169204277, -75.59429539)"
2160574,03/28/2016,5:45 p.m.,Lunes,Automovil,Diplomatico,Conductor,Masculino,No,Sin Registro,Solo Daños,Choque,Desobedecer senales,Calle 40  Sur Carrera 46 A,Sin Registro,Urbana,"(6.169204277, -75.59429539)"
2160596,03/28/2016,7:00 p.m.,Lunes,Automovil,Particular,Conductor,Masculino,No,Sin Registro,Herido,Choque,No respetar prelacion,Carrera 48 Calle 26  Sur,Las Vegas,Urbana,"(6.183318111, -75.58553718)"
2160596,03/28/2016,7:00 p.m.,Lunes,Motocicleta,Particular,Motociclista,Masculino,No,Sin Registro,Herido,Choque,No respetar prelacion,Carrera 48 Calle 26  Sur,Las Vegas,Urbana,"(6.183318111, -75.58553718)"
2160573,03/28/2016,7:15 p.m.,Lunes,Bus,Publico,Conductor,Masculino,No,Sin Registro,Solo Daños,Choque,No respetar prelacion,Calle 39  Sur Carrera 49,Las Vegas,Urbana,
2160573,03/28/2016,7:15 p.m.,Lunes,Automovil,Particular,Conductor,Masculino,No,Sin Registro,Solo Daños,Choque,No respetar prelacion,Calle 39  Sur Carrera 49,Las Vegas,Urbana,
2160588,03/29/2016,6:40 a.m.,Martes,Microbus,Publico,Conductor,Masculino,No,Sin Registro,Solo Daños,Choque,No mantener distancia de seguridad,Carrera 50 Calle 46 A Sur,Las Vegas,Urbana,"(6.16131219, -75.60319818)"
2160588,03/29/2016,6:40 a.m.,Martes,Automovil,Particular,Conductor,Femenino,No,Sin Registro,Solo Daños,Choque,No mantener distancia de seguridad,Carrera 50 Calle 46 A Sur,Las Vegas,Urbana,"(6.16131219, -75.60319818)"
2160588,03/29/2016,6:40 a.m.,Martes,Automovil,Particular,Conductor,Femenino,No,Sin Registro,Solo Daños,Choque,No mantener distancia de seguridad,Carrera 50 Calle 46 A Sur,Las Vegas,Urbana,"(6.16131219, -75.60319818)"
2160588,03/29/2016,6:40 a.m.,Martes,Automovil,Particular,Conductor,Masculino,No,Sin Registro,Solo Daños,Choque,No mantener distancia de seguridad,Carrera 50 Calle 46 A Sur,Las Vegas,Urbana,"(6.16131219, -75.60319818)"
2160589,03/29/2016,6:40 a.m.,Martes,Motocicleta,Particular,Motociclista,Masculino,No,Sin Registro,Herido,Choque,Transitar entre vehiculos,Calle 39  Sur Carrera 28,Sin Registro,Urbana,"(6.160790572, -75.57942846)"
2160589,03/29/2016,6:40 a.m.,Martes,Motocicleta,Particular,Motociclista,Masculino,No,Sin Registro,Herido,Choque,Transitar entre vehiculos,Calle 39  Sur Carrera 28,Sin Registro,Urbana,"(6.160790572, -75.57942846)"
2160576,03/29/2016,7:10 a.m.,Martes,Bus,Publico,Conductor,Masculino,No,Sin Registro,Solo Daños,Choque,No mantener distancia de seguridad,Calle 46  Sur Carrera 47,Primavera,Urbana,
2160576,03/29/2016,7:10 a.m.,Martes,Automovil,Particular,Conductor,Masculino,No,Sin Registro,Solo Daños,Choque,No mantener distancia de seguridad,Calle 46  Sur Carrera 47,Primavera,Urbana,
2160591,03/29/2016,1:00 p.m.,Martes,Automovil,Particular,Conductor,Masculino,No,Sin Registro,Solo Daños,Choque,No respetar prelacion,Tramo 372 Kilometro  14,Vereda Palmas,Rural,
2160591,03/29/2016,1:00 p.m.,Martes,Automovil,Particular,Conductor,Masculino,No,Sin Registro,Solo Daños,Choque,No respetar prelacion,Tramo 372 Kilometro  14,Vereda Palmas,Rural,
2160566,03/29/2016,1:20 p.m.,Martes,Campero,Particular,Conductor,Masculino,No,Sin Registro,Solo Daños,Choque,Desobedecer senales,Carrera 37 Calle 38 A Sur,Mesa,Urbana,"(6.166899106, -75.58459743)"
2160566,03/29/2016,1:20 p.m.,Martes,Automovil,Particular,Conductor,Masculino,No,Sin Registro,Solo Daños,Choque,Desobedecer senales,Carrera 37 Calle 38 A Sur,Mesa,Urbana,"(6.166899106, -75.58459743)"
2160595,03/29/2016,1:40 p.m.,Martes,Motocicleta,Particular,Motociclista,Masculino,No,Sin Registro,Herido,Choque,No mantener distancia de seguridad,Calle 48 C Sur Carrera 43 A,Primavera,Urbana,"(6.162378903, -75.59763059)"
2160595,03/29/2016,1:40 p.m.,Martes,Automovil,Particular,Conductor,Masculino,No,Sin Registro,Herido,Choque,No mantener distancia de seguridad,Calle 48 C Sur Carrera 43 A,Primavera,Urbana,"(6.162378903, -75.59763059)"
2160607,03/29/2016,2:15 p.m.,Martes,Automovil,Particular,Conductor,Masculino,No,Sin Registro,Solo Daños,Choque,No respetar prelacion,Calle 38  Sur Carrera 40,Zona Centro,Urbana,"(6.16879573, -75.58588978)"
2160607,03/29/2016,2:15 p.m.,Martes,Camion,Particular,Conductor,Masculino,No,Sin Registro,Solo Daños,Choque,No respetar prelacion,Calle 38  Sur Carrera 40,Zona Centro,Urbana,"(6.16879573, -75.58588978)"
2160593,03/29/2016,3:10 p.m.,Martes,Automovil,Particular,Conductor,Masculino,No,Sin Registro,Solo Daños,Choque,Adelantar en zona prohibida,Calle 30  Sur Carrera 45 A,Jardines,Urbana,"(6.178033442, -75.58652397)"
2160593,03/29/2016,3:10 p.m.,Martes,Motocicleta,Particular,Motociclista,Masculino,No,Sin Registro,Solo Daños,Choque,Adelantar en zona prohibida,Calle 30  Sur Carrera 45 A,Jardines,Urbana,"(6.178033442, -75.58652397)"
2160598,03/29/2016,3:25 p.m.,Martes,Motocicleta,Particular,Motociclista,Masculino,No,Sin Registro,Herido,Choque,No mantener distancia de seguridad,Carrera 48 Calle 27  Sur,Las Vegas,Urbana,"(6.181312425, -75.58688511)"
2160598,03/29/2016,3:25 p.m.,Martes,Motocicleta,Particular,Motociclista,Masculino,No,Sin Registro,Herido,Choque,No mantener distancia de seguridad,Carrera 48 Calle 27  Sur,Las Vegas,Urbana,"(6.181312425, -75.58688511)"
2160594,03/29/2016,4:00 p.m.,Martes,Motocicleta,Particular,Motociclista,Masculino,No,Sin Registro,Herido,Choque,Adelantar en zona prohibida,Transversal 34 Diagonal 32 D,La Magnolia,Urbana,"(6.172948966, -75.58325117)"
2160594,03/29/2016,4:00 p.m.,Martes,Automovil,Publico,Conductor,Masculino,No,Sin Registro,Herido,Choque,Adelantar en zona prohibida,Transversal 34 Diagonal 32 D,La Magnolia,Urbana,"(6.172948966, -75.58325117)"
2160585,03/29/2016,4:15 p.m.,Martes,Automovil,Particular,Conductor,Femenino,No,Sin Registro,Solo Daños,Choque,Desobedecer senales,Transversal 34 A Sur Diagonal 32 B,Los Naranjos,Urbana,"(6.172816912, -75.58234732)"
2160585,03/29/2016,4:15 p.m.,Martes,Motocicleta,Particular,Motociclista,Masculino,No,Sin Registro,Solo Daños,Choque,Desobedecer senales,Transversal 34 A Sur Diagonal 32 B,Los Naranjos,Urbana,"(6.172816912, -75.58234732)"
2160581,03/29/2016,5:45 p.m.,Martes,Motocicleta,Particular,Motociclista,Masculino,No,Sin Registro,Herido,Choque,No mantener distancia de seguridad,Calle 45 A Sur Carrera 39 D,Las Antillas,Urbana,"(6.161471458, -75.59098184)"
2160581,03/29/2016,5:45 p.m.,Martes,Automovil,Particular,Conductor,Femenino,No,Sin Registro,Herido,Choque,No mantener distancia de seguridad,Calle 45 A Sur Carrera 39 D,Las Antillas,Urbana,"(6.161471458, -75.59098184)"
2160556,03/29/2016,9:45 p.m.,Martes,Automovil,Particular,Conductor,Femenino,No,Sin Registro,Herido,Choque,No respetar prelacion,Carrera 48 Calle 49  Sur,Las Casitas,Urbana,"(6.162978079, -75.60240161)"
2160556,03/29/2016,9:45 p.m.,Martes,Motocicleta,Particular,Motociclista,Masculino,No,Sin Registro,Herido,Choque,No respetar prelacion,Carrera 48 Calle 49  Sur,Las Casitas,Urbana,"(6.162978079, -75.60240161)"
2160580,03/30/2016,7:00 a.m.,Miércoles,Camion,Publico,Conductor,Masculino,No,Sin Registro,Solo Daños,Choque,No mantener distancia de seguridad,Carrera 48 Calle 25  Sur,Las Vegas,Urbana,"(6.185059174, -75.58329333)"
2160580,03/30/2016,7:00 a.m.,Miércoles,Camioneta,Particular,Conductor,Masculino,No,Sin Registro,Solo Daños,Choque,No mantener distancia de seguridad,Carrera 48 Calle 25  Sur,Las Vegas,Urbana,"(6.185059174, -75.58329333)"
2160619,03/30/2016,8:00 a.m.,Miércoles,Camion,Publico,Conductor,Masculino,No,Sin Registro,Herido,Choque,Transitar entre vehiculos,Calle 38  Sur Carrera 46,Alcala,Urbana,"(6.171966643, -75.59136974)"
2160619,03/30/2016,8:00 a.m.,Miércoles,Motocicleta,Particular,Motociclista,Masculino,No,Sin Registro,Herido,Choque,Transitar entre vehiculos,Calle 38  Sur Carrera 46,Alcala,Urbana,"(6.171966643, -75.59136974)"
2160609,03/30/2016,10:55 a.m.,Miércoles,Automovil,Particular,Conductor,Masculino,No,Sin Registro,Solo Daños,Choque,No mantener distancia de seguridad,Calle 37  Sur Carrera 50,Las Vegas,Urbana,
2160609,03/30/2016,10:55 a.m.,Miércoles,Campero,Particular,Conductor,Femenino,No,Sin Registro,Solo Daños,Choque,No mantener distancia de seguridad,Calle 37  Sur Carrera 50,Las Vegas,Urbana,
2160644,03/30/2016,12:25 p.m.,Miércoles,Campero,Particular,Conductor,Femenino,No,Sin Registro,Solo Daños,Choque,No mantener distancia de seguridad,Carrera 48 Calle 25 B Sur,Las Vegas,Urbana,"(6.182713275, -75.58578089)"
2160644,03/30/2016,12:25 p.m.,Miércoles,Automovil,Particular,Conductor,Masculino,No,Sin Registro,Solo Daños,Choque,No mantener distancia de seguridad,Carrera 48 Calle 25 B Sur,Las Vegas,Urbana,"(6.182713275, -75.58578089)"
2160600,03/30/2016,2:00 p.m.,Miércoles,Automovil,Particular,Conductor,Masculino,No,Sin Registro,Solo Daños,Choque,Otra,Calle 37 DD Sur Carrera 24 DE,El Salado,Urbana,
2160606,03/30/2016,2:00 p.m.,Miércoles,Camioneta,Particular,Conductor,Masculino,No,Sin Registro,Solo Daños,Choque,Adelantar cerrando,Tramo 372 Kilometro  16,Vereda Palmas,Rural,
2160606,03/30/2016,2:00 p.m.,Miércoles,Buseta,Publico,Conductor,Masculino,No,Sin Registro,Solo Daños,Choque,Adelantar cerrando,Tramo 372 Kilometro  16,Vereda Palmas,Rural,
2160608,03/30/2016,2:10 p.m.,Miércoles,Camioneta,Publico,Conductor,Masculino,No,Sin Registro,Solo Daños,Choque,Otra,Transversal 35  Sur Diagonal 30,La Sebastiana,Urbana,"(6.170161165, -75.57837052)"
2160608,03/30/2016,2:10 p.m.,Miércoles,Motocicleta,Particular,Motociclista,Masculino,No,Sin Registro,Solo Daños,Choque,Otra,Transversal 35  Sur Diagonal 30,La Sebastiana,Urbana,"(6.170161165, -75.57837052)"
2160625,03/30/2016,2:10 p.m.,Miércoles,Buseta,Publico,Conductor,Masculino,No,Sin Registro,Solo Daños,Choque,Exceso de velocidad,Transversal 35  Sur Diagonal 30,Sin Registro,Urbana,"(6.170161165, -75.57837052)"
2160625,03/30/2016,2:10 p.m.,Miércoles,Motocicleta,Particular,Motociclista,Masculino,No,Sin Registro,Solo Daños,Choque,Exceso de velocidad,Transversal 35  Sur Diagonal 30,Sin Registro,Urbana,"(6.170161165, -75.57837052)"
2160631,03/30/2016,3:00 p.m.,Miércoles,Camioneta,Particular,Conductor,Masculino,No,Sin Registro,Solo Daños,Choque,Adelantar por la derecha,Calle 21  Sur Carrera 42,Sin Registro,Urbana,"(6.183287121, -75.5789598)"
2160631,03/30/2016,3:00 p.m.,Miércoles,Camion,Publico,Conductor,Masculino,No,Sin Registro,Solo Daños,Choque,Adelantar por la derecha,Calle 21  Sur Carrera 42,Sin Registro,Urbana,"(6.183287121, -75.5789598)"
2160571,03/30/2016,3:10 p.m.,Miércoles,Automovil,Publico,Conductor,Masculino,No,Sin Registro,Solo Daños,Choque,Desobedecer senales,Transversal 33 A Sur Diagonal 32,Obrero,Urbana,"(6.174161377, -75.58203799)"
2160571,03/30/2016,3:10 p.m.,Miércoles,Camioneta,Particular,Conductor,Masculino,No,Sin Registro,Solo Daños,Choque,Desobedecer senales,Transversal 33 A Sur Diagonal 32,Obrero,Urbana,"(6.174161377, -75.58203799)"
2160610,03/30/2016,3:30 p.m.,Miércoles,Automovil,Particular,Conductor,Masculino,No,Sin Registro,Solo Daños,Choque,No respetar prelacion,Carrera 48 Calle 36 A Sur,Puente Fundadores,Urbana,"(6.173906662, -75.59187541)"
2160610,03/30/2016,3:30 p.m.,Miércoles,Camion,Publico,Conductor,Masculino,No,Sin Registro,Solo Daños,Choque,No respetar prelacion,Carrera 48 Calle 36 A Sur,Puente Fundadores,Urbana,"(6.173906662, -75.59187541)"
2160602,03/30/2016,4:05 p.m.,Miércoles,Buseta,Publico,Conductor,Masculino,No,Sin Registro,Solo Daños,Choque,No mantener distancia de seguridad,Calle 38  Sur Carrera 40,Zona Centro,Urbana,"(6.16879573, -75.58588978)"
2160602,03/30/2016,4:05 p.m.,Miércoles,Automovil,Publico,Conductor,Masculino,No,Sin Registro,Solo Daños,Choque,No mantener distancia de seguridad,Calle 38  Sur Carrera 40,Zona Centro,Urbana,"(6.16879573, -75.58588978)"
2160599,03/30/2016,5:20 p.m.,Miércoles,Automovil,Particular,Conductor,Masculino,No,Sin Registro,Solo Daños,Choque,No mantener distancia de seguridad,Carrera 45 A Calle 31  Sur,Jardines,Urbana,"(6.177918127, -75.58649088)"
2160599,03/30/2016,5:20 p.m.,Miércoles,Camioneta,Particular,Conductor,Femenino,No,Sin Registro,Solo Daños,Choque,No mantener distancia de seguridad,Carrera 45 A Calle 31  Sur,Jardines,Urbana,"(6.177918127, -75.58649088)"
2160592,03/30/2016,5:40 p.m.,Miércoles,Automovil,Particular,Conductor,Femenino,No,Sin Registro,Solo Daños,Choque,Adelantar cerrando,Calle 23  Sur Carrera 27,Sin Registro,Urbana,"(6.176668041, -75.56752563)"
2160592,03/30/2016,5:40 p.m.,Miércoles,Camioneta,Particular,Conductor,Femenino,No,Sin Registro,Solo Daños,Choque,Adelantar cerrando,Calle 23  Sur Carrera 27,Sin Registro,Urbana,"(6.176668041, -75.56752563)"
2160590,03/30/2016,6:40 p.m.,Miércoles,Motocicleta,Particular,Motociclista,Masculino,No,Sin Registro,Solo Daños,Choque,Adelantar por la derecha,Calle 40 B Sur Carrera 27,La Mina,Urbana,"(6.157910673, -75.5815536)"
2160590,03/30/2016,6:40 p.m.,Miércoles,Automovil,Diplomatico,Conductor,Femenino,No,Sin Registro,Solo Daños,Choque,Adelantar por la derecha,Calle 40 B Sur Carrera 27,La Mina,Urbana,"(6.157910673, -75.5815536)"
2160612,03/30/2016,9:50 p.m.,Miércoles,Automovil,Particular,Conductor,Femenino,No,Sin Registro,Solo Daños,Choque,Semaforo en rojo,Carrera 43 A Calle 21  Sur,Sin Registro,Urbana,"(6.183599544, -75.57940986)"
2160612,03/30/2016,9:50 p.m.,Miércoles,Automovil,Particular,Conductor,Femenino,No,Sin Registro,Solo Daños,Choque,Semaforo en rojo,Carrera 43 A Calle 21  Sur,Sin Registro,Urbana,"(6.183599544, -75.57940986)"
2160620,03/31/2016,5:45 a.m.,Jueves,Bus,Publico,Conductor,Masculino,No,Sin Registro,Herido,Choque,Otra,Calle 45 A Sur Carrera 42,La Paz,Urbana,"(6.163477254, -75.59336385)"
2160620,03/31/2016,5:45 a.m.,Jueves,Campero,Particular,Conductor,Femenino,No,Sin Registro,Herido,Choque,Otra,Calle 45 A Sur Carrera 42,La Paz,Urbana,"(6.163477254, -75.59336385)"
2160620,03/31/2016,5:45 a.m.,Jueves,Motocicleta,Particular,Motociclista,Masculino,No,Sin Registro,Herido,Choque,Otra,Calle 45 A Sur Carrera 42,La Paz,Urbana,"(6.163477254, -75.59336385)"
2160618,03/31/2016,6:45 a.m.,Jueves,Motocicleta,Particular,Motociclista,Masculino,No,Sin Registro,Herido,Choque,Transitar entre vehiculos,Carrera 50 Calle 37  Sur,Las Vegas,Urbana,
2160621,03/31/2016,6:45 a.m.,Jueves,Buseta,Publico,Conductor,Masculino,No,Sin Registro,Solo Daños,Choque,Adelantar cerrando,Carrera 48 Calle 32 B Sur,Las Vegas,Urbana,"(6.176994311, -75.58984119)"
2160621,03/31/2016,6:45 a.m.,Jueves,Buseta,Publico,Conductor,Masculino,No,Sin Registro,Solo Daños,Choque,Adelantar cerrando,Carrera 48 Calle 32 B Sur,Las Vegas,Urbana,"(6.176994311, -75.58984119)"
2160629,03/31/2016,9:30 a.m.,Jueves,Camioneta,Particular,Conductor,Masculino,No,Sin Registro,Solo Daños,Choque,Otra,Diagonal 29 Transversal 26  Sur,Alto De Misael,Urbana,"(6.177775992, -75.57856477)"
2160629,03/31/2016,9:30 a.m.,Jueves,Motocicleta,Particular,Motociclista,Masculino,No,Sin Registro,Solo Daños,Choque,Otra,Diagonal 29 Transversal 26  Sur,Alto De Misael,Urbana,"(6.177775992, -75.57856477)"
2160623,03/31/2016,11:40 a.m.,Jueves,Motocicleta,Particular,Motociclista,Masculino,No,Sin Registro,Solo Daños,Choque,No respetar prelacion,Carrera 41 Calle 24  Sur,Sin Registro,Urbana,"(6.179819678, -75.57714123)"
2160623,03/31/2016,11:40 a.m.,Jueves,Automovil,Particular,Conductor,Masculino,No,Sin Registro,Solo Daños,Choque,No respetar prelacion,Carrera 41 Calle 24  Sur,Sin Registro,Urbana,"(6.179819678, -75.57714123)"
2160632,03/31/2016,2:00 p.m.,Jueves,Motocicleta,Particular,Motociclista,Masculino,No,Sin Registro,Solo Daños,Choque,Desobedecer senales,Transversal 32 C Sur Diagonal 32 B,La Magnolia,Urbana,"(6.174876615, -75.58317069)"
2160632,03/31/2016,2:00 p.m.,Jueves,Automovil,Particular,Conductor,Femenino,No,Sin Registro,Solo Daños,Choque,Desobedecer senales,Transversal 32 C Sur Diagonal 32 B,La Magnolia,Urbana,"(6.174876615, -75.58317069)"
2160617,03/31/2016,2:10 p.m.,Jueves,Automovil,Particular,Conductor,Masculino,No,Sin Registro,Herido,Choque,Desobedecer senales,Calle 36  Sur Carrera 25,El Chocho,Urbana,"(6.167194335, -75.56482628)"
2160617,03/31/2016,2:10 p.m.,Jueves,Motocicleta,Particular,Motociclista,Masculino,No,Sin Registro,Herido,Choque,Desobedecer senales,Calle 36  Sur Carrera 25,El Chocho,Urbana,"(6.167194335, -75.56482628)"
2160601,03/31/2016,2:50 p.m.,Jueves,Motocicleta,Particular,Motociclista,Masculino,No,Sin Registro,Herido,Choque,Semaforo en rojo,Carrera 43 A Calle 45  Sur,Primavera,Urbana,"(6.165116925, -75.59448316)"
2160605,03/31/2016,3:10 p.m.,Jueves,Microbus,Publico,Conductor,Masculino,No,Sin Registro,Solo Daños,Choque,No mantener distancia de seguridad,Carrera 21 B Calle 27  Sur,Sin Registro,Urbana,