RADICADO,FECHA,HORA,DÍA DE LA SEMANA,CLASE DE VEHICULO,TIPO DE SERVICIO,TIPO DE VICTIMA,SEXO,ESTADO DE BEODEZ,RESULTADO DE BEODEZ,GRAVEDAD,CLASE DE ACCIDENTE,CAUSA,DIRECCIÓN,BARRIO,AREA,Coordenadas
2160686,05/04/2016,8:00 p.m.,Martes,Automovil,Oficial,Conductor,Masculino,No,Sin Registro,Solo Daños,Choque,No mantener distancia de seguridad,Carrera 43 A Calle 38 A Sur,Zona Centro,Urbana,"(6.169698887, -75.58905877)"
2160686,05/04/2016,8:00 p.m.,Martes,Motocicleta,Particular,Motociclista,Masculino,No,Sin Registro,Solo Daños,Choque,No mantener distancia de seguridad,Carrera 43 A Calle 38 A Sur,Zona Centro,Urbana,"(6.169698887, -75.58905877)"
2160687,05/04/2016,8:50 p.m.,Martes,Automovil,Publico,Conductor,Masculino,No,Sin Registro,Solo Daños,Choque,Semaforo en rojo,Calle 48 C Sur Carrera 43 A,Sin Registro,Urbana,"(6.162378903, -75.59763059)"
2160687,05/04/2016,8:50 p.m.,Martes,Automovil,Particular,Conductor,Masculino,No,Sin Registro,Solo Daños,Choque,Semaforo en rojo,Calle 48 C Sur Carrera 43 A,Sin Registro,Urbana,"(6.162378903, -75.59763059)"
2160682,05/04/2016,10:00 p.m.,Martes,Automovil,Publico,Conductor,Masculino,No,Sin Registro,Herido,Choque,Desobedecer senales,Calle 40  Sur Carrera 32 B,Sin Registro,Urbana,"(6.163629256, -75.58307688)"
2160682,05/04/2016,10:00 p.m.,Martes,Automovil,Publico,Conductor,Masculino,No,Sin Registro,Herido,Choque,Desobedecer senales,Calle 40  Sur Carrera 32 B,Sin Registro,Urbana,"(6.163629256, -75.58307688)"
2160690,06/04/2016,6:20 a.m.,Miércoles,Motocicleta,Particular,Motociclista,Masculino,No,Sin Registro,Solo Daños,Choque,Transitar entre vehiculos,Carrera 48 Calle 32  Sur,Las Vegas,Urbana,"(6.177503621, -75.58948538)"
2160690,06/04/2016,6:20 a.m.,Miércoles,Microbus,Publico,Conductor,Masculino,No,Sin Registro,Solo Daños,Choque,Transitar entre vehiculos,Carrera 48 Calle 32  Sur,Las Vegas,Urbana,"(6.177503621, -75.58948538)"
2160684,06/04/2016,6:50 a.m.,Miércoles,Bus,Publico,Conductor,Masculino,No,Sin Registro,Herido,Choque,Transitar entre vehiculos,Carrera 48 Calle 43  Sur,Las Vegas,Urbana,"(6.168335134, -75.59723358)"
2160684,06/04/2016,6:50 a.m.,Miércoles,Motocicleta,Particular,Motociclista,Masculino,No,Sin Registro,Herido,Choque,Transitar entre vehiculos,Carrera 48 Calle 43  Sur,Las Vegas,Urbana,"(6.168335134, -75.59723358)"
2160692,06/04/2016,7:00 a.m.,Miércoles,Camioneta,Particular,Conductor,Femenino,No,Sin Registro,Solo Daños,Choque,Adelantar cerrando,Calle 26 B Sur Diagonal 31,Las Orquideas,Urbana,
2160692,06/04/2016,7:00 a.m.,Miércoles,Automovil,Particular,Conductor,Femenino,No,Sin Registro,Solo Daños,Choque,Adelantar cerrando,Calle 26 B Sur Diagonal 31,Las Orquideas,Urbana,
2160678,06/04/2016,7:15 a.m.,Miércoles,Camioneta,Publico,Conductor,Masculino,No,Sin Registro,Herido,Choque,No respetar prelacion,Carrera 50 Calle 43  Sur,Las Vegas,Urbana,
2160678,06/04/2016,7:15 a.m.,Miércoles,Motocicleta,Particular,Motociclista,Masculino,No,Sin Registro,Herido,Choque,No respetar prelacion,Carrera 50 Calle 43  Sur,Las Vegas,Urbana,
2160676,06/04/2016,7:45 a.m.,Miércoles,Microbus,Publico,Conductor,Masculino,No,Sin Registro,Herido,Atropello,Desobedecer senales,Calle 24  Sur Carrera 42 B,Las Orquideas,Urbana,"(6.180703067, -75.57996707)"
2160683,06/04/2016,8:30 a.m.,Miércoles,Automovil,Particular,Conductor,Femenino,No,Sin Registro,Herido,Choque,Adelantar en zona prohibida,Carrera 27 Calle 36 A Sur,La Sebastiana,Urbana,"(6.164865303, -75.56975908)"
2160683,06/04/2016,8:30 a.m.,Miércoles,Motocicleta,Particular,Motociclista,Masculino,No,Sin Registro,Herido,Choque,Adelantar en zona prohibida,Carrera 27 Calle 36 A Sur,La Sebastiana,Urbana,"(6.164865303, -75.56975908)"
2160691,06/04/2016,9:10 a.m.,Miércoles,Automovil,Particular,Conductor,Femenino,No,Sin Registro,Solo Daños,Choque,Desobedecer senales,Carrera 40 Calle 40 B Sur,El Dorado,Urbana,"(6.165282127, -75.58811276)"
2160691,06/04/2016,9:10 a.m.,Miércoles,Automovil,Particular,Conductor,Masculino,No,Sin Registro,Solo Daños,Choque,Desobedecer senales,Carrera 40 Calle 40 B Sur,El Dorado,Urbana,"(6.165282127, -75.58811276)"
2160679,06/04/2016,10:50 a.m.,Miércoles,Motocicleta,Particular,Motociclista,Masculino,No,Sin Registro,Herido,Caida Ocupante,Otra,Carrera 43 A Calle 49 B Sur,Avenida El Poblado,Urbana,"(6.160914202, -75.60002299)"
2160715,06/04/2016,12:50 p.m.,Miércoles,Microbus,Publico,Conductor,Masculino,No,Sin Registro,Solo Daños,Choque,Otra,Carrera 48 Calle 49 B Sur,Las Vegas,Urbana,"(6.162599027, -75.60278747)"
2160715,06/04/2016,12:50 p.m.,Miércoles,Motocicleta,Particular,Motociclista,Masculino,No,Sin Registro,Solo Daños,Choque,Otra,Carrera 48 Calle 49 B Sur,Las Vegas,Urbana,"(6.162599027, -75.60278747)"
2160707,06/04/2016,2:30 p.m.,Miércoles,Camioneta,Publico,Conductor,Masculino,No,Sin Registro,Solo Daños,Choque,Otra,Carrera 40 A Calle 37  Sur,Zona Centro,Urbana,"(6.169546916, -75.58585723)"
2160707,06/04/2016,2:30 p.m.,Miércoles,Automovil,Particular,Conductor,Femenino,No,Sin Registro,Solo Daños,Choque,Otra,Carrera 40 A Calle 37  Sur,Zona Centro,Urbana,"(6.169546916, -75.58585723)"
2160698,06/04/2016,3:00 p.m.,Miércoles,Camioneta,Particular,Conductor,Femenino,No,Sin Registro,Solo Daños,Choque,No mantener distancia de seguridad,Carrera 27 Calle 23  Sur,La Inmaculada,Urbana,"(6.176588834, -75.56744599)"
2160698,06/04/2016,3:00 p.m.,Miércoles,Automovil,Particular,Conductor,Masculino,No,Sin Registro,Solo Daños,Choque,No mantener distancia de seguridad,Carrera 27 Calle 23  Sur,La Inmaculada,Urbana,"(6.176588834, -75.56744599)"
2160685,06/04/2016,5:10 p.m.,Miércoles,Automovil,Particular,Conductor,Masculino,No,Sin Registro,Solo Daños,Choque,Adelantar cerrando,Carrera 43 A Calle 40  Sur,Avenida El Poblado,Urbana,"(6.168044687, -75.59026877)"
2160685,06/04/2016,5:10 p.m.,Miércoles,Automovil,Publico,Conductor,Masculino,No,Sin Registro,Solo Daños,Choque,Adelantar cerrando,Carrera 43 A Calle 40  Sur,Avenida El Poblado,Urbana,"(6.168044687, -75.59026877)"
2160680,06/04/2016,5:40 p.m.,Miércoles,Motocicleta,Particular,Motociclista,Masculino,No,Sin Registro,Herido,Choque,Transitar entre vehiculos,Carrera 50 Calle 27  Sur,Sin Registro,Urbana,
2160680,06/04/2016,5:40 p.m.,Miércoles,Camioneta,Particular,Conductor,Masculino,No,Sin Registro,Herido,Choque,Transitar entre vehiculos,Carrera 50 Calle 27  Sur,Sin Registro,Urbana,
2160680,06/04/2016,5:40 p.m.,Miércoles,Motocicleta,Particular,Motociclista,Masculino,No,Sin Registro,Herido,Choque,Transitar entre vehiculos,Carrera 50 Calle 27  Sur,Sin Registro,Urbana,
2160694,06/04/2016,6:40 p.m.,Miércoles,Motocicleta,Particular,Motociclista,Masculino,No,Sin Registro,Solo Daños,Choque,Adelantar en zona prohibida,Diagonal 31 E Sur Transversal 35 D,Obrero,Urbana,"(6.170095297, -75.57961208)"
2160694,06/04/2016,6:40 p.m.,Miércoles,Automovil,Particular,Conductor,Masculino,No,Sin Registro,Solo Daños,Choque,Adelantar en zona prohibida,Diagonal 31 E Sur Transversal 35 D,Obrero,Urbana,"(6.170095297, -75.57961208)"
2160732,06/04/2016,7:30 p.m.,Miércoles,Automovil,Particular,Conductor,Femenino,No,Sin Registro,Solo Daños,Choque,No mantener distancia de seguridad,Calle 29  Sur Carrera 45,Jardines,Urbana,"(6.179151239, -75.58561852)"
2160732,06/04/2016,7:30 p.m.,Miércoles,Automovil,Particular,Conductor,Femenino,No,Sin Registro,Solo Daños,Choque,No mantener distancia de seguridad,Calle 29  Sur Carrera 45,Jardines,Urbana,"(6.179151239, -75.58561852)"
2160701,06/04/2016,9:25 p.m.,Miércoles,Automovil,Particular,Conductor,Femenino,No,Sin Registro,Solo Daños,Choque,No mantener distancia de seguridad,Carrera 43 A Calle 31  Sur,San Marcos,Urbana,"(6.176754685, -75.58546897)"
2160701,06/04/2016,9:25 p.m.,Miércoles,Automovil,Publico,Conductor,Masculino,No,Sin Registro,Solo Daños,Choque,No mantener distancia de seguridad,Carrera 43 A Calle 31  Sur,San Marcos,Urbana,"(6.176754685, -75.58546897)"
2160702,07/04/2016,7:20 a.m.,Jueves,Motocicleta,Particular,Motociclista,Masculino,No,Sin Registro,Solo Daños,Choque,Desobedecer senales,Diagonal 33 Transversal 34  Sur,La Magnolia,Urbana,"(6.172651904, -75.58382242)"
2160702,07/04/2016,7:20 a.m.,Jueves,Automovil,Particular,Conductor,Masculino,No,Sin Registro,Solo Daños,Choque,Desobedecer senales,Diagonal 33 Transversal 34  Sur,La Magnolia,Urbana,"(6.172651904, -75.58382242)"
2160729,07/04/2016,9:00 a.m.,Jueves,Motocicleta,Particular,Motociclista,Masculino,No,Sin Registro,Herido,Caida Ocupante,Otra,Carrera 50 Calle 30  Sur,Las Vegas,Urbana,
2160703,07/04/2016,3:15 p.m.,Jueves,Motocicleta,Particular,Motociclista,Femenino,No,Sin Registro,Solo Daños,Choque,No mantener distancia de seguridad,Calle 39  Sur Carrera 32,Mesa,Urbana,"(6.164669196, -75.58245865)"
2160703,07/04/2016,3:15 p.m.,Jueves,Automovil,Particular,Conductor,Femenino,No,Sin Registro,Solo Daños,Choque,No mantener distancia de seguridad,Calle 39  Sur Carrera 32,Mesa,Urbana,"(6.164669196, -75.58245865)"
2160700,07/04/2016,4:25 p.m.,Jueves,Automovil,Particular,Conductor,Femenino,No,Sin Registro,Herido,Otro,Otra,Calle 36 D Sur Carrera 27 A,Vereda El Escobero,Urbana,"(6.164831751, -75.57423497)"
2161195,07/04/2016,4:30 p.m.,Jueves,Bus,Publico,Conductor,Masculino,No,Sin Registro,Solo Daños,Choque,Otra,Calle 48 C Sur Carrera 40,El Trianon,Urbana,"(6.158172905, -75.59582201)"
2161195,07/04/2016,4:30 p.m.,Jueves,Motocicleta,Particular,Motociclista,Masculino,No,Sin Registro,Solo Daños,Choque,Otra,Calle 48 C Sur Carrera 40,El Trianon,Urbana,"(6.158172905, -75.59582201)"
2160748,11/04/2016,8:10 a.m.,Lunes,Motocicleta,Particular,Motociclista,Masculino,No,Sin Registro,Herido,Choque,No respetar prelacion,Tramo 372 Kilometro  2,Vereda Palmas,Rural,
2160704,07/04/2016,5:00 p.m.,Jueves,Automovil,Particular,Conductor,Masculino,No,Sin Registro,Solo Daños,Choque,Adelantar cerrando,Carrera 43 A Calle 33 B Sur,San Marcos,Urbana,"(6.173325428, -75.5866772)"
2160704,07/04/2016,5:00 p.m.,Jueves,Automovil,Particular,Conductor,Masculino,No,Sin Registro,Solo Daños,Choque,Adelantar cerrando,Carrera 43 A Calle 33 B Sur,San Marcos,Urbana,"(6.173325428, -75.5866772)"
2160706,07/04/2016,5:55 p.m.,Jueves,Motocicleta,Particular,Motociclista,Masculino,No,Sin Registro,Herido,Atropello,Otra,Diagonal 40 Transversal 34 A Sur,Obrero,Urbana,"(6.171697591, -75.58494481)"
2160705,07/04/2016,6:50 p.m.,Jueves,Motocicleta,Particular,Motociclista,Masculino,No,Sin Registro,Herido,Choque,Adelantar en zona prohibida,Calle 33 B Sur Carrera 45,San Marcos,Urbana,"(6.174167802, -75.58799211)"
2160705,07/04/2016,6:50 p.m.,Jueves,Automovil,Particular,Conductor,Masculino,No,Sin Registro,Herido,Choque,Adelantar en zona prohibida,Calle 33 B Sur Carrera 45,San Marcos,Urbana,"(6.174167802, -75.58799211)"
2160699,07/04/2016,10:30 p.m.,Jueves,Bicicleta,Particular,Ciclista,Masculino,No,Sin Registro,Solo Daños,Choque,Embriaguez o droga,Calle 40  Sur Carrera 29,San Jose,Urbana,"(6.159832302, -75.5825953)"
2160699,07/04/2016,10:30 p.m.,Jueves,Camioneta,Particular,Conductor,Masculino,Si,2,Solo Daños,Choque,Embriaguez o droga,Calle 40  Sur Carrera 29,San Jose,Urbana,"(6.159832302, -75.5825953)"
2160721,08/04/2016,2:25 a.m.,Viernes,Automovil,Particular,Conductor,Masculino,No,Sin Registro,Solo Daños,Volcamiento,Exceso de velocidad,Tramo 371 Kilometro  4,Vereda El Escobero,Rural,
2161510,08/04/2016,2:25 a.m.,Viernes,Camioneta,Particular,Conductor,Masculino,No,Sin Registro,Solo Daños,Choque,Otra,Calle 41 B Sur Carrera 43 A,El Dorado,Urbana,"(6.166600677, -75.59325766)"
2161510,08/04/2016,2:25 a.m.,Viernes,Camioneta,Particular,Conductor,Sin registro,No,Sin Registro,Solo Daños,Choque,Otra,Calle 41 B Sur Carrera 43 A,El Dorado,Urbana,"(6.166600677, -75.59325766)"
2160717,08/04/2016,8:50 a.m.,Viernes,Camioneta,Particular,Conductor,Femenino,No,Sin Registro,Solo Daños,Choque,No respetar prelacion,Calle 39  Sur Carrera 25,San Jose,Urbana,"(6.157563812, -75.57922413)"
2160717,08/04/2016,8:50 a.m.,Viernes,Bicicleta,Particular,Ciclista,Masculino,No,Sin Registro,Solo Daños,Choque,No respetar prelacion,Calle 39  Sur Carrera 25,San Jose,Urbana,"(6.157563812, -75.57922413)"
2160710,08/04/2016,11:45 a.m.,Viernes,Automovil,Particular,Conductor,Femenino,No,Sin Registro,Solo Daños,Choque,Adelantar en zona prohibida,Tramo 372 Kilometro  16,Vereda Palmas,Rural,
2160710,08/04/2016,11:45 a.m.,Viernes,Motocicleta,Particular,Motociclista,Masculino,No,Sin Registro,Solo Daños,Choque,Adelantar en zona prohibida,Tramo 372 Kilometro  16,Vereda Palmas,Rural,
2160753,08/04/2016,12:25 p.m.,Viernes,Automovil,Publico,Conductor,Masculino,No,Sin Registro,Solo Daños,Choque,No mantener distancia de seguridad,Diagonal 31 Transversal 32  Sur,La Magnolia,Urbana,"(6.174681134, -75.57847104)"
2160753,08/04/2016,12:25 p.m.,Viernes,Camioneta,Particular,Conductor,Masculino,No,Sin Registro,Solo Daños,Choque,No mantener distancia de seguridad,Diagonal 31 Transversal 32  Sur,La Magnolia,Urbana,"(6.174681134, -75.57847104)"
2160720,08/04/2016,2:00 p.m.,Viernes,Camioneta,Particular,Conductor,Masculino,No,Sin Registro,Herido,Choque,No mantener distancia de seguridad,Tramo 372 Kilometro  6,Vereda Palmas,Rural,
2160720,08/04/2016,2:00 p.m.,Viernes,Camioneta,Particular,Conductor,Masculino,No,Sin Registro,Herido,Choque,No mantener distancia de seguridad,Tramo 372 Kilometro  6,Vereda Palmas,Rural,
2160720,08/04/2016,2:00 p.m.,Viernes,Automovil,Particular,Conductor,Masculino,No,Sin Registro,Herido,Choque,No mantener distancia de seguridad,Tramo 372 Kilometro  6,Vereda Palmas,Rural,
2160720,08/04/2016,2:00 p.m.,Viernes,Camioneta,Particular,Conductor,Femenino,No,Sin Registro,Herido,Choque,No mantener distancia de seguridad,Tramo 372 Kilometro  6,Vereda Palmas,Rural,
2160711,08/04/2016,3:40 p.m.,Viernes,Automovil,Particular,Conductor,Femenino,No,Sin Registro,Solo Daños,Choque,Semaforo en rojo,Diagonal 31 A Transversal 32,Las Orquideas,Urbana,"(6.170168647, -75.58005225)"
2160711,08/04/2016,3:40 p.m.,Viernes,Camioneta,Particular,Conductor,Femenino,No,Sin Registro,Solo Daños,Choque,Semaforo en rojo,Diagonal 31 A Transversal 32,Las Orquideas,Urbana,"(6.170168647, -75.58005225)"
2160719,08/04/2016,4:40 p.m.,Viernes,Buseta,Publico,Conductor,Masculino,No,Sin Registro,Solo Daños,Choque,Semaforo en rojo,Calle 37  Sur Carrera 42,Zona Centro,Urbana,"(6.17029993, -75.58693548)"
2160719,08/04/2016,4:40 p.m.,Viernes,Automovil,Publico,Conductor,Masculino,No,Sin Registro,Solo Daños,Choque,Semaforo en rojo,Calle 37  Sur Carrera 42,Zona Centro,Urbana,"(6.17029993, -75.58693548)"
2160733,08/04/2016,4:40 p.m.,Viernes,Automovil,Particular,Conductor,Masculino,No,Sin Registro,Solo Daños,Choque,No mantener distancia de seguridad,Calle 37  Sur Carrera 50,Sin Registro,Urbana,
2160733,08/04/2016,4:40 p.m.,Viernes,Camioneta,Publico,Conductor,Masculino,No,Sin Registro,Solo Daños,Choque,No mantener distancia de seguridad,Calle 37  Sur Carrera 50,Sin Registro,Urbana,
2160709,08/04/2016,7:15 p.m.,Viernes,Automovil,Publico,Conductor,Masculino,No,Sin Registro,Solo Daños,Choque,Otra,Calle 40 C Sur Carrera 29,San Jose,Urbana,"(6.160404351, -75.58251503)"
2160709,08/04/2016,7:15 p.m.,Viernes,Motocicleta,Particular,Motociclista,Masculino,No,Sin Registro,Solo Daños,Choque,Otra,Calle 40 C Sur Carrera 29,San Jose,Urbana,"(6.160404351, -75.58251503)"
2160723,08/04/2016,8:45 p.m.,Viernes,Automovil,Publico,Conductor,Masculino,No,Sin Registro,Solo Daños,Choque,Desobedecer senales,Carrera 41 Calle 40  Sur,El Dorado,Urbana,"(6.166920833, -75.58799502)"
2160723,08/04/2016,8:45 p.m.,Viernes,Automovil,Publico,Conductor,Masculino,No,Sin Registro,Solo Daños,Choque,Desobedecer senales,Carrera 41 Calle 40  Sur,El Dorado,Urbana,"(6.166920833, -75.58799502)"
2160773,08/04/2016,10:30 p.m.,Viernes,Automovil,Particular,Conductor,Masculino,No,Sin Registro,Solo Daños,Choque,Adelantar cerrando,Carrera 42 Transversal 27 A,Sin Registro,Urbana,
2160773,08/04/2016,10:30 p.m.,Viernes,Automovil,Publico,Conductor,Masculino,No,Sin Registro,Solo Daños,Choque,Adelantar cerrando,Carrera 42 Transversal 27 A,Sin Registro,Urbana,
2160728,08/04/2016,11:10 p.m.,Viernes,Motocicleta,Particular,Motociclista,Masculino,No,Sin Registro,Solo Daños,Choque,No respetar prelacion,Transversal 27 A Sur Diagonal 42 B,Avenida El Poblado,Urbana,"(6.158218327, -75.58174111)"
2160728,08/04/2016,11:10 p.m.,Viernes,Automovil,Particular,Conductor,Masculino,No,Sin Registro,Solo Daños,Choque,No respetar prelacion,Transversal 27 A Sur Diagonal 42 B,Avenida El Poblado,Urbana,"(6.158218327, -75.58174111)"
2160734,09/04/2016,9:00 a.m.,Sábado,Automovil,Particular,Conductor,Femenino,No,Sin Registro,Herido,Choque,Exceso de velocidad,Tramo 371 Kilometro  7,Vereda El Escobero,Rural,
2160754,09/04/2016,11:10 a.m.,Sábado,Sin Registro,Particular,Conductor,Masculino,No,Sin Registro,Solo Daños,Choque,Otra,Tramo 372 Kilometro  12,Vereda Palmas,Rural,
2160754,09/04/2016,11:10 a.m.,Sábado,Automovil,Particular,Conductor,Femenino,No,Sin Registro,Solo Daños,Choque,Otra,Tramo 372 Kilometro  12,Vereda Palmas,Rural,
2160757,09/04/2016,12:15 p.m.,Sábado,Automovil,Particular,Conductor,Femenino,No,Sin Registro,Solo Daños,Choque,No mantener distancia de seguridad,Carrera 48 Calle 25 B Sur,Las Vegas,Urbana,"(6.182713275, -75.58578089)"
2160757,09/04/2016,12:15 p.m.,Sábado,Automovil,Particular,Conductor,Masculino,No,Sin Registro,Solo Daños,Choque,No mantener distancia de seguridad,Carrera 48 Calle 25 B Sur,Las Vegas,Urbana,"(6.182713275, -75.58578089)"
2160730,09/04/2016,12:30 p.m.,Sábado,Camioneta,Particular,Conductor,Masculino,No,Sin Registro,Herido,Choque,Desobedecer senales,Calle 39  Sur Carrera 39,Mesa,Urbana,"(6.166978259, -75.58604492)"
2160730,09/04/2016,12:30 p.m.,Sábado,Motocicleta,Particular,Motociclista,Masculino,No,Sin Registro,Herido,Choque,Desobedecer senales,Calle 39  Sur Carrera 39,Mesa,Urbana,"(6.166978259, -75.58604492)"
2160736,09/04/2016,1:00 p.m.,Sábado,Camioneta,Particular,Conductor,Masculino,No,Sin Registro,Solo Daños,Choque,No mantener distancia de seguridad,Carrera 43 A Calle 27 A Sur,Avenida El Poblado,Urbana,"(6.178993539, -75.58360591)"
2160722,09/04/2016,2:30 p.m.,Sábado,Automovil,Publico,Conductor,Masculino,No,Sin Registro,Solo Daños,Choque,No respetar prelacion,Carrera 29 B Calle 41 A Sur,San Rafael,Urbana,"(6.159002612, -75.58541285)"
2160722,09/04/2016,2:30 p.m.,Sábado,Motocicleta,Particular,Motociclista,Masculino,No,Sin Registro,Solo Daños,Choque,No respetar prelacion,Carrera 29 B Calle 41 A Sur,San Rafael,Urbana,"(6.159002612, -75.58541285)"
2160708,09/04/2016,2:50 p.m.,Sábado,Bus,Publico,Conductor,Masculino,No,Sin Registro,Solo Daños,Choque,Otra,Carrera 43 A Calle 44  Sur,La Paz,Urbana,"(6.1654766, -75.59401722)"
2160724,09/04/2016,4:00 p.m.,Sábado,Motocicleta,Particular,Motociclista,Masculino,No,Sin Registro,Herido,Choque,No mantener distancia de seguridad,Carrera 43 A Calle 45 B Sur,La Paz,Urbana,"(6.164786739, -75.59493527)"
2160724,09/04/2016,4:00 p.m.,Sábado,Camioneta,Particular,Conductor,Femenino,No,Sin Registro,Herido,Choque,No mantener distancia de seguridad,Carrera 43 A Calle 45 B Sur,La Paz,Urbana,"(6.164786739, -75.59493527)"
2160714,09/04/2016,5:40 p.m.,Sábado,Automovil,Particular,Conductor,Femenino,No,Sin Registro,Solo Daños,Choque,No mantener distancia de seguridad,Tramo 372 Kilometro  14,Vereda Palmas,Rural,
2160714,09/04/2016,5:40 p.m.,Sábado,Automovil,Particular,Conductor,Masculino,No,Sin Registro,Solo Daños,Choque,No mantener distancia de seguridad,Tramo 372 Kilometro  14,Vereda Palmas,Rural,
2160713,09/04/2016,5:50 p.m.,Sábado,Motocicleta,Particular,Motociclista,Masculino,No,Sin Registro,Solo Daños,Choque,Transitar entre vehiculos,Carrera 48 Calle 50  Sur,Sin Registro,Urbana,
2160713,09/04/2016,5:50 p.m.,Sábado,Campero,Particular,Conductor,Femenino,No,Sin Registro,Solo Daños,Choque,Transitar entre vehiculos,Carrera 48 Calle 50  Sur,Sin Registro,Urbana,
2160735,09/04/2016,6:10 p.m.,Sábado,Automovil,Particular,Conductor,Masculino,No,Sin Registro,Solo Daños,Choque,Desobedecer senales,Carrera 46 Calle 39  Sur,Alcala,Urbana,"(6.170504216, -75.59251874)"
2160735,09/04/2016,6:10 p.m.,Sábado,Camioneta,Publico,Conductor,Masculino,No,Sin Registro,Solo Daños,Choque,Desobedecer senales,Carrera 46 Calle 39  Sur,Alcala,Urbana,"(6.170504216, -75.59251874)"
2160718,09/04/2016,6:50 p.m.,Sábado,Buseta,Publico,Conductor,Masculino,No,Sin Registro,Solo Daños,Choque,Adelantar cerrando,Carrera 43 A Calle 41 B Sur,Sin Registro,Urbana,"(6.16628795, -75.59295223)"
2160718,09/04/2016,6:50 p.m.,Sábado,Camioneta,Particular,Conductor,Masculino,No,Sin Registro,Solo Daños,Choque,Adelantar cerrando,Carrera 43 A Calle 41 B Sur,Sin Registro,Urbana,"(6.16628795, -75.59295223)"
2160712,09/04/2016,7:20 p.m.,Sábado,Camioneta,Particular,Conductor,Masculino,No,Sin Registro,Solo Daños,Choque,Transitar entre vehiculos,Carrera 48 Calle 50  Sur,Las Casitas,Urbana,
2160712,09/04/2016,7:20 p.m.,Sábado,Motocicleta,Particular,Motociclista,Masculino,No,Sin Registro,Solo Daños,Choque,Transitar entre vehiculos,Carrera 48 Calle 50  Sur,Las Casitas,Urbana,
2160738,10/04/2016,2:00 a.m.,Domingo,Automovil,Particular,Conductor,Masculino,No,Sin Registro,Solo Daños,Choque,Exceso de velocidad,Carrera 43 A Calle 25  Sur,Avenida El Poblado,Urbana,"(6.181616833, -75.58185727)"
2161693,10/04/2016,10:30 a.m.,Domingo,Automovil,Particular,Conductor,Femenino,No,Sin Registro,Solo Daños,Choque,Otra,Calle 41 A Sur Carrera 27 A,San Rafael,Urbana,"(6.157635996, -75.5832756)"
2161693,10/04/2016,10:30 a.m.,Domingo,Automovil,Particular,Conductor,Sin registro,No,Sin Registro,Solo Daños,Choque,Otra,Calle 41 A Sur Carrera 27 A,San Rafael,Urbana,"(6.157635996, -75.5832756)"
2160731,10/04/2016,4:50 p.m.,Domingo,Motocicleta,Particular,Motociclista,Masculino,No,Sin Registro,Herido,Atropello,Cruzar sin observar,Diagonal 31 Transversal 35  Sur,La Sebastiana,Urbana,"(6.170095297, -75.57961208)"
2161086,10/04/2016,9:33 p.m.,Domingo,Automovil,Publico,Conductor,Masculino,No,Sin Registro,Solo Daños,Choque,Otra,Transversal 34 D Sur Diagonal 31 E,Los Naranjos,Urbana,"(6.172106631, -75.57927512)"
2161086,10/04/2016,9:33 p.m.,Domingo,Camioneta,Particular,Conductor,Femenino,No,Sin Registro,Solo Daños,Choque,Otra,Transversal 34 D Sur Diagonal 31 E,Los Naranjos,Urbana,"(6.172106631, -75.57927512)"
2160716,10/04/2016,10:00 p.m.,Domingo,Motocicleta,Particular,Motociclista,Masculino,No,Sin Registro,Herido,Caida Ocupante,Otra,Calle 36 D Sur Carrera 24,Sin Registro,Urbana,"(6.157425668, -75.56691387)"
2160726,11/04/2016,6:45 a.m.,Lunes,Motocicleta,Particular,Motociclista,Masculino,No,Sin Registro,Herido,Atropello,Cruzar sin observar,Calle 38 A Sur Carrera 38,Mesa,Urbana,"(6.167339205, -75.58513636)"
2160727,11/04/2016,6:50 a.m.,Lunes,Automovil,Particular,Conductor,Masculino,No,Sin Registro,Solo Daños,Choque,Otra,Carrera 47 Calle 35 A Sur,El Portal,Urbana,"(6.174102517, -75.59100864)"
2160727,11/04/2016,6:50 a.m.,Lunes,Campero,Particular,Conductor,Femenino,No,Sin Registro,Solo Daños,Choque,Otra,Carrera 47 Calle 35 A Sur,El Portal,Urbana,"(6.174102517, -75.59100864)"
2160725,11/04/2016,7:00 a.m.,Lunes,Automovil,Particular,Conductor,Masculino,No,Sin Registro,Solo Daños,Choque,Adelantar en zona prohibida,Carrera 24 B Calle 40 A Sur,La Mina,Urbana,
2160725,11/04/2016,7:00 a.m.,Lunes,Motocicleta,Particular,Motociclista,Masculino,No,Sin Registro,Solo Daños,Choque,Adelantar en zona prohibida,Carrera 24 B Calle 40 A Sur,La Mina,Urbana,
2160748,11/04/2016,8:10 a.m.,Lunes,Automovil,Particular,Conductor,Masculino,No,Sin Registro,Herido,Choque,No respetar prelacion,Tramo 372 Kilometro  2,Vereda Palmas,Rural,
2160739,11/04/2016,1:00 p.m.,Lunes,Campero,Particular,Conductor,Masculino,No,Sin Registro,Solo Daños,Choque,Otra,Carrera 48 Calle 19  Sur,Las Vegas,Urbana,"(6.187349001, -75.58153568)"
2160739,11/04/2016,1:00 p.m.,Lunes,Automovil,Particular,Conductor,Femenino,No,Sin Registro,Solo Daños,Choque,Otra,Carrera 48 Calle 19  Sur,Las Vegas,Urbana,"(6.187349001, -75.58153568)"
2160755,11/04/2016,1:30 p.m.,Lunes,Automovil,Publico,Conductor,Masculino,No,Sin Registro,Solo Daños,Choque,No respetar prelacion,Tramo 372 Kilometro  11,Vereda Palmas,Rural,