RADICADO,FECHA,HORA,DÍA DE LA SEMANA,CLASE DE VEHICULO,TIPO DE SERVICIO,TIPO DE VICTIMA,SEXO,ESTADO DE BEODEZ,RESULTADO DE BEODEZ,GRAVEDAD,CLASE DE ACCIDENTE,CAUSA,DIRECCIÓN,BARRIO,AREA,Coordenadas
2160785,04/17/2016,5:00 p.m.,Domingo,Motocicleta,Particular,Motociclista,Masculino,No,Sin Registro,Herido,Caida Ocupante,Exceso de velocidad,Tramo 371 Kilometro  4,Vereda El Escobero,Rural,
2160784,04/17/2016,6:30 p.m.,Domingo,Motocicleta,Particular,Motociclista,Masculino,No,Sin Registro,Herido,Atropello,No respetar prelacion,Transversal 34 D Sur Carrera 31,Manuel Uribe Angel,Urbana,"(6.172106631, -75.57927512)"
2160815,04/17/2016,8:05 p.m.,Domingo,Automovil,Particular,Conductor,Masculino,No,Sin Registro,Solo Daños,Choque,Adelantar cerrando,Calle 21  Sur Carrera 41 A,Sin Registro,Urbana,"(6.182549881, -75.57750033)"
2160815,04/17/2016,8:05 p.m.,Domingo,Automovil,Particular,Conductor,Femenino,No,Sin Registro,Solo Daños,Choque,Adelantar cerrando,Calle 21  Sur Carrera 41 A,Sin Registro,Urbana,"(6.182549881, -75.57750033)"
2160815,04/17/2016,8:05 p.m.,Domingo,Automovil,Particular,Conductor,Masculino,No,Sin Registro,Solo Daños,Choque,Adelantar cerrando,Calle 21  Sur Carrera 41 A,Sin Registro,Urbana,"(6.182549881, -75.57750033)"
2160793,04/17/2016,8:50 p.m.,Domingo,Automovil,Particular,Conductor,Masculino,No,Sin Registro,Herido,Choque,No respetar prelacion,Calle 37  Sur Carrera 46,El Portal,Urbana,"(6.172613713, -75.59090911)"
2160793,04/17/2016,8:50 p.m.,Domingo,Bicicleta,Particular,Ciclista,Masculino,No,Sin Registro,Herido,Choque,No respetar prelacion,Calle 37  Sur Carrera 46,El Portal,Urbana,"(6.172613713, -75.59090911)"
2160811,04/18/2016,6:35 a.m.,Lunes,Automovil,Particular,Conductor,Femenino,No,Sin Registro,Solo Daños,Choque,No mantener distancia de seguridad,Calle 25  Sur Carrera 45,Zuñiga,Urbana,"(6.182658265, -75.58204251)"
2160811,04/18/2016,6:35 a.m.,Lunes,Motocicleta,Particular,Motociclista,Masculino,No,Sin Registro,Solo Daños,Choque,No mantener distancia de seguridad,Calle 25  Sur Carrera 45,Zuñiga,Urbana,"(6.182658265, -75.58204251)"
2160799,04/18/2016,7:00 a.m.,Lunes,Motocicleta,Particular,Motociclista,Masculino,No,Sin Registro,Herido,Choque,Adelantar cerrando,Calle 43  Sur Carrera 48,Las Vegas,Urbana,"(6.168592602, -75.597529)"
2160799,04/18/2016,7:00 a.m.,Lunes,Automovil,Publico,Conductor,Masculino,No,Sin Registro,Herido,Choque,Adelantar cerrando,Calle 43  Sur Carrera 48,Las Vegas,Urbana,"(6.168592602, -75.597529)"
2160807,04/18/2016,7:10 a.m.,Lunes,Buseta,Publico,Conductor,Masculino,No,Sin Registro,Solo Daños,Choque,Adelantar cerrando,Carrera 42 B Calle 18  Sur,Las Orquideas,Urbana,
2160807,04/18/2016,7:10 a.m.,Lunes,Automovil,Particular,Conductor,Masculino,No,Sin Registro,Solo Daños,Choque,Adelantar cerrando,Carrera 42 B Calle 18  Sur,Las Orquideas,Urbana,
2160808,04/18/2016,11:30 a.m.,Lunes,Camioneta,Particular,Conductor,Masculino,No,Sin Registro,Solo Daños,Choque,No respetar prelacion,Carrera 49 Calle 33  Sur,Las Vegas,Urbana,
2160808,04/18/2016,11:30 a.m.,Lunes,Automovil,Particular,Conductor,Femenino,No,Sin Registro,Solo Daños,Choque,No respetar prelacion,Carrera 49 Calle 33  Sur,Las Vegas,Urbana,
2160809,04/18/2016,11:40 a.m.,Lunes,Automovil,Particular,Conductor,Masculino,No,Sin Registro,Herido,Choque,No mantener distancia de seguridad,Carrera 42 Calle 44  Sur,El Dorado,Urbana,
2160809,04/18/2016,11:40 a.m.,Lunes,Motocicleta,Particular,Motociclista,Masculino,No,Sin Registro,Herido,Choque,No mantener distancia de seguridad,Carrera 42 Calle 44  Sur,El Dorado,Urbana,
2160817,04/18/2016,4:55 p.m.,Lunes,Automovil,Publico,Conductor,Masculino,No,Sin Registro,Solo Daños,Choque,Impericia en el manejo,Transversal 35 D Diagonal 29,La Sebastiana,Urbana,
2160817,04/18/2016,4:55 p.m.,Lunes,Motocicleta,Particular,Motociclista,Sin registro,No,Sin Registro,Solo Daños,Choque,Impericia en el manejo,Transversal 35 D Diagonal 29,La Sebastiana,Urbana,
2160810,04/18/2016,5:15 p.m.,Lunes,Automovil,Particular,Conductor,Masculino,No,Sin Registro,Solo Daños,Choque,No mantener distancia de seguridad,Calle 21  Sur Carrera 41,Sin Registro,Urbana,"(6.182165945, -75.57677668)"
2160810,04/18/2016,5:15 p.m.,Lunes,Campero,Particular,Conductor,Masculino,No,Sin Registro,Solo Daños,Choque,No mantener distancia de seguridad,Calle 21  Sur Carrera 41,Sin Registro,Urbana,"(6.182165945, -75.57677668)"
2160820,04/18/2016,5:45 p.m.,Lunes,Automovil,Particular,Conductor,Masculino,No,Sin Registro,Solo Daños,Choque,Transitar entre vehiculos,Carrera 50 Calle 25 AA Sur,Las Vegas,Urbana,"(6.18564452, -75.58633891)"
2160820,04/18/2016,5:45 p.m.,Lunes,Motocicleta,Particular,Motociclista,Masculino,No,Sin Registro,Solo Daños,Choque,Transitar entre vehiculos,Carrera 50 Calle 25 AA Sur,Las Vegas,Urbana,"(6.18564452, -75.58633891)"
2160823,04/18/2016,6:30 p.m.,Lunes,Motocicleta,Particular,Motociclista,Masculino,No,Sin Registro,Herido,Choque,Desobedecer senales,Transversal 39  Sur Diagonal 39,Obrero,Urbana,"(6.166978259, -75.58604492)"
2160823,04/18/2016,6:30 p.m.,Lunes,Camioneta,Particular,Conductor,Masculino,No,Sin Registro,Herido,Choque,Desobedecer senales,Transversal 39  Sur Diagonal 39,Obrero,Urbana,"(6.166978259, -75.58604492)"
2160827,04/18/2016,9:00 p.m.,Lunes,Automovil,Particular,Conductor,Masculino,No,Sin Registro,Herido,Choque,Transitar sin luces,Tramo 371 Kilometro  1,Vereda El Escobero,Rural,
2160827,04/18/2016,9:00 p.m.,Lunes,Bicicleta,Particular,Ciclista,Masculino,No,Sin Registro,Herido,Choque,Transitar sin luces,Tramo 371 Kilometro  1,Vereda El Escobero,Rural,
2160830,04/19/2016,8:05 a.m.,Martes,Microbus,Publico,Conductor,Masculino,No,Sin Registro,Solo Daños,Choque,Transitar entre vehiculos,Carrera 41 Calle 36  Sur,Zona Centro,Urbana,"(6.170520335, -75.58575425)"
2160830,04/19/2016,8:05 a.m.,Martes,Camioneta,Particular,Conductor,Femenino,No,Sin Registro,Solo Daños,Choque,Transitar entre vehiculos,Carrera 41 Calle 36  Sur,Zona Centro,Urbana,"(6.170520335, -75.58575425)"
2160830,04/19/2016,8:05 a.m.,Martes,Motocicleta,Particular,Motociclista,Masculino,No,Sin Registro,Solo Daños,Choque,Transitar entre vehiculos,Carrera 41 Calle 36  Sur,Zona Centro,Urbana,"(6.170520335, -75.58575425)"
2160822,04/19/2016,8:10 a.m.,Martes,Microbus,Publico,Conductor,Masculino,No,Sin Registro,Solo Daños,Choque,No mantener distancia de seguridad,Calle 38  Sur Carrera 43 A,Zona Centro,Urbana,"(6.170537577, -75.58862514)"
2160822,04/19/2016,8:10 a.m.,Martes,Camioneta,Publico,Conductor,Masculino,No,Sin Registro,Solo Daños,Choque,No mantener distancia de seguridad,Calle 38  Sur Carrera 43 A,Zona Centro,Urbana,"(6.170537577, -75.58862514)"
2160822,04/19/2016,8:10 a.m.,Martes,Automovil,Particular,Conductor,Femenino,No,Sin Registro,Solo Daños,Choque,No mantener distancia de seguridad,Calle 38  Sur Carrera 43 A,Zona Centro,Urbana,"(6.170537577, -75.58862514)"
2160821,04/19/2016,12:50 p.m.,Martes,Microbus,Publico,Conductor,Masculino,No,Sin Registro,Solo Daños,Choque,Impericia en el manejo,Calle 25 AA Sur Carrera 48,Las Vegas,Urbana,"(6.18405129, -75.58478383)"
2160821,04/19/2016,12:50 p.m.,Martes,Automovil,Particular,Conductor,Masculino,No,Sin Registro,Solo Daños,Choque,Impericia en el manejo,Calle 25 AA Sur Carrera 48,Las Vegas,Urbana,"(6.18405129, -75.58478383)"
2160832,04/19/2016,1:00 p.m.,Martes,Motocicleta,Particular,Motociclista,Masculino,No,Sin Registro,Solo Daños,Choque,Otra,Carrera 43 A Calle 39  Sur,Alcala,Urbana,"(6.169011071, -75.5894849)"
2160832,04/19/2016,1:00 p.m.,Martes,Automovil,Particular,Conductor,Masculino,No,Sin Registro,Solo Daños,Choque,Otra,Carrera 43 A Calle 39  Sur,Alcala,Urbana,"(6.169011071, -75.5894849)"
2160837,04/19/2016,1:00 p.m.,Martes,Camion,Publico,Conductor,Masculino,No,Sin Registro,Solo Daños,Choque,No mantener distancia de seguridad,Calle 25  Sur Carrera 45,Zuñiga,Urbana,"(6.182658265, -75.58204251)"
2160837,04/19/2016,1:00 p.m.,Martes,Automovil,Particular,Conductor,Femenino,No,Sin Registro,Solo Daños,Choque,No mantener distancia de seguridad,Calle 25  Sur Carrera 45,Zuñiga,Urbana,"(6.182658265, -75.58204251)"
2160818,04/19/2016,3:20 p.m.,Martes,Automovil,Publico,Conductor,Masculino,No,Sin Registro,Solo Daños,Choque,Impericia en el manejo,Carrera 48 Calle 50  Sur,Las Vegas,Urbana,
2160818,04/19/2016,3:20 p.m.,Martes,Tractocamion,Publico,Conductor,Masculino,No,Sin Registro,Solo Daños,Choque,Impericia en el manejo,Carrera 48 Calle 50  Sur,Las Vegas,Urbana,
2160824,04/19/2016,5:50 p.m.,Martes,Campero,Particular,Conductor,Masculino,No,Sin Registro,Herido,Choque,Transitar entre vehiculos,Carrera 50 Calle 25 A Sur,Las Vegas,Urbana,"(6.186515998, -75.58512541)"
2160824,04/19/2016,5:50 p.m.,Martes,Motocicleta,Particular,Motociclista,Femenino,No,Sin Registro,Herido,Choque,Transitar entre vehiculos,Carrera 50 Calle 25 A Sur,Las Vegas,Urbana,"(6.186515998, -75.58512541)"
2160819,04/19/2016,6:45 p.m.,Martes,Bus,Publico,Conductor,Masculino,No,Sin Registro,Solo Daños,Choque,No mantener distancia de seguridad,Calle 40 C Sur Carrera 29,La Mina,Urbana,"(6.160404351, -75.58251503)"
2160819,04/19/2016,6:45 p.m.,Martes,Automovil,Publico,Conductor,Masculino,No,Sin Registro,Solo Daños,Choque,No mantener distancia de seguridad,Calle 40 C Sur Carrera 29,La Mina,Urbana,"(6.160404351, -75.58251503)"
2160825,04/19/2016,9:30 p.m.,Martes,Campero,Particular,Conductor,Femenino,No,Sin Registro,Herido,Choque,No mantener distancia de seguridad,Calle 37  Sur Carrera 50,Las Vegas,Urbana,
2160825,04/19/2016,9:30 p.m.,Martes,Automovil,Particular,Conductor,Masculino,No,Sin Registro,Herido,Choque,No mantener distancia de seguridad,Calle 37  Sur Carrera 50,Las Vegas,Urbana,
2160831,04/20/2016,5:40 a.m.,Miércoles,Camioneta,Particular,Conductor,Masculino,No,Sin Registro,Herido,Choque,No respetar prelacion,Carrera 43 A Calle 48 C Sur,Sin Registro,Urbana,"(6.162218777, -75.59764446)"
2160831,04/20/2016,5:40 a.m.,Miércoles,Motocicleta,Particular,Motociclista,Masculino,No,Sin Registro,Herido,Choque,No respetar prelacion,Carrera 43 A Calle 48 C Sur,Sin Registro,Urbana,"(6.162218777, -75.59764446)"
2160828,04/20/2016,7:20 a.m.,Miércoles,Automovil,Particular,Conductor,Masculino,No,Sin Registro,Herido,Choque,Transitar entre vehiculos,Carrera 48 Calle 25 B Sur,Las Vegas,Urbana,"(6.182713275, -75.58578089)"
2160828,04/20/2016,7:20 a.m.,Miércoles,Motocicleta,Particular,Motociclista,Masculino,No,Sin Registro,Herido,Choque,Transitar entre vehiculos,Carrera 48 Calle 25 B Sur,Las Vegas,Urbana,"(6.182713275, -75.58578089)"
2160829,04/20/2016,7:30 a.m.,Miércoles,Bus,Publico,Conductor,Masculino,No,Sin Registro,Solo Daños,Choque,Impericia en el manejo,Calle 40 E Sur Carrera 39 B,El Trianon,Urbana,
2160829,04/20/2016,7:30 a.m.,Miércoles,Automovil,Particular,Conductor,Femenino,No,Sin Registro,Solo Daños,Choque,Impericia en el manejo,Calle 40 E Sur Carrera 39 B,El Trianon,Urbana,
2160839,04/20/2016,9:00 a.m.,Miércoles,Motocicleta,Particular,Motociclista,Femenino,No,Sin Registro,Solo Daños,Choque,No respetar prelacion,Carrera 41 Calle 22  Sur,Sin Registro,Urbana,"(6.181126008, -75.57675166)"
2160839,04/20/2016,9:00 a.m.,Miércoles,Motocicleta,Particular,Motociclista,Masculino,No,Sin Registro,Solo Daños,Choque,No respetar prelacion,Carrera 41 Calle 22  Sur,Sin Registro,Urbana,"(6.181126008, -75.57675166)"
2160852,04/20/2016,10:50 a.m.,Miércoles,Camion,Publico,Conductor,Masculino,No,Sin Registro,Solo Daños,Choque,Impericia en el manejo,Calle 36  Sur Carrera 36,Los Naranjos,Urbana,"(6.16846281, -75.58293939)"
2160852,04/20/2016,10:50 a.m.,Miércoles,Camioneta,Particular,Conductor,Masculino,No,Sin Registro,Solo Daños,Choque,Impericia en el manejo,Calle 36  Sur Carrera 36,Los Naranjos,Urbana,"(6.16846281, -75.58293939)"
2160833,04/20/2016,11:50 a.m.,Miércoles,Bus,Publico,Conductor,Masculino,No,Sin Registro,Solo Daños,Choque,Desobedecer senales,Carrera 43 A Calle 53 C Sur,Sin Registro,Urbana,"(6.160125495, -75.60207899)"
2160833,04/20/2016,11:50 a.m.,Miércoles,Automovil,Diplomatico,Conductor,Masculino,No,Sin Registro,Solo Daños,Choque,Desobedecer senales,Carrera 43 A Calle 53 C Sur,Sin Registro,Urbana,"(6.160125495, -75.60207899)"
2160850,04/20/2016,12:10 p.m.,Miércoles,Motocicleta,Particular,Motociclista,Masculino,No,Sin Registro,Herido,Choque,Desobedecer senales,Transversal 33 A Sur Diagonal 32,La Magnolia,Urbana,"(6.174161377, -75.58203799)"
2160850,04/20/2016,12:10 p.m.,Miércoles,Motocicleta,Particular,Motociclista,Femenino,No,Sin Registro,Herido,Choque,Desobedecer senales,Transversal 33 A Sur Diagonal 32,La Magnolia,Urbana,"(6.174161377, -75.58203799)"
2160845,04/20/2016,2:00 p.m.,Miércoles,Automovil,Particular,Conductor,Masculino,No,Sin Registro,Solo Daños,Choque,Reverso imprudente,Calle 33 B Sur Carrera 47,El Portal,Urbana,"(6.175639221, -75.58991848)"
2160845,04/20/2016,2:00 p.m.,Miércoles,Camioneta,Particular,Conductor,Masculino,No,Sin Registro,Solo Daños,Choque,Reverso imprudente,Calle 33 B Sur Carrera 47,El Portal,Urbana,"(6.175639221, -75.58991848)"
2160835,04/20/2016,2:05 p.m.,Miércoles,Bus,Publico,Conductor,Masculino,No,Sin Registro,Solo Daños,Choque,Adelantar cerrando,Carrera 43 A Calle 25 B Sur,Villa Grande,Urbana,"(6.180259996, -75.5829402)"
2160835,04/20/2016,2:05 p.m.,Miércoles,Campero,Particular,Conductor,Femenino,No,Sin Registro,Solo Daños,Choque,Adelantar cerrando,Carrera 43 A Calle 25 B Sur,Villa Grande,Urbana,"(6.180259996, -75.5829402)"
2160841,04/20/2016,2:55 p.m.,Miércoles,Bus,Publico,Conductor,Masculino,No,Sin Registro,Solo Daños,Choque,Adelantar cerrando,Calle 38  Sur Carrera 41,Zona Centro,Urbana,"(6.169244976, -75.58658807)"
2160841,04/20/2016,2:55 p.m.,Miércoles,Automovil,Particular,Conductor,Masculino,No,Sin Registro,Solo Daños,Choque,Adelantar cerrando,Calle 38  Sur Carrera 41,Zona Centro,Urbana,"(6.169244976, -75.58658807)"
2160836,04/20/2016,3:20 p.m.,Miércoles,Camion,Publico,Conductor,Masculino,No,Sin Registro,Solo Daños,Choque,Impericia en el manejo,Calle 26  Sur Carrera 22,El Chocho,Urbana,"(6.170136452, -75.56200495)"
2160834,04/20/2016,7:00 p.m.,Miércoles,Motocicleta,Particular,Motociclista,Femenino,No,Sin Registro,Herido,Choque,Transitar entre vehiculos,Carrera 50 Calle 46 A Sur,Las Vegas,Urbana,"(6.16131219, -75.60319818)"
2160834,04/20/2016,7:00 p.m.,Miércoles,Motocicleta,Particular,Motociclista,Masculino,No,Sin Registro,Herido,Choque,Transitar entre vehiculos,Carrera 50 Calle 46 A Sur,Las Vegas,Urbana,"(6.16131219, -75.60319818)"
2160840,04/20/2016,9:15 p.m.,Miércoles,Motocicleta,Particular,Motociclista,Femenino,No,Sin Registro,Herido,Choque,Semaforo en rojo,Calle 38 A Sur Carrera 42,Zona Centro,Urbana,"(6.169022232, -75.58772239)"
2160840,04/20/2016,9:15 p.m.,Miércoles,Bicicleta,Particular,Ciclista,Masculino,No,Sin Registro,Herido,Choque,Semaforo en rojo,Calle 38 A Sur Carrera 42,Zona Centro,Urbana,"(6.169022232, -75.58772239)"
2160838,04/20/2016,9:50 p.m.,Miércoles,Motocicleta,Particular,Motociclista,Masculino,No,Sin Registro,Herido,Choque,Transitar entre vehiculos,Calle 38  Sur Carrera 43 A,Zona Centro,Urbana,"(6.170537577, -75.58862514)"
2160838,04/20/2016,9:50 p.m.,Miércoles,Motocicleta,Particular,Motociclista,Masculino,No,Sin Registro,Herido,Choque,Transitar entre vehiculos,Calle 38  Sur Carrera 43 A,Zona Centro,Urbana,"(6.170537577, -75.58862514)"
2160851,04/21/2016,6:05 a.m.,Jueves,Automovil,Particular,Conductor,Masculino,No,Sin Registro,Herido,Choque,Adelantar por la derecha,Carrera 43 A Calle 35  Sur,Zona Centro,Urbana,"(6.172381022, -75.58730875)"
2160851,04/21/2016,6:05 a.m.,Jueves,Motocicleta,Particular,Motociclista,Masculino,No,Sin Registro,Herido,Choque,Adelantar por la derecha,Carrera 43 A Calle 35  Sur,Zona Centro,Urbana,"(6.172381022, -75.58730875)"
2160844,04/21/2016,7:20 a.m.,Jueves,Campero,Particular,Conductor,Femenino,No,Sin Registro,Solo Daños,Choque,No mantener distancia de seguridad,Carrera 43 A Calle 46 A Sur,Sin Registro,Urbana,"(6.163261247, -75.59645283)"
2160844,04/21/2016,7:20 a.m.,Jueves,Automovil,Particular,Conductor,Masculino,No,Sin Registro,Solo Daños,Choque,No mantener distancia de seguridad,Carrera 43 A Calle 46 A Sur,Sin Registro,Urbana,"(6.163261247, -75.59645283)"
2160842,04/21/2016,9:05 a.m.,Jueves,Tractocamion,Publico,Conductor,Masculino,No,Sin Registro,Solo Daños,Choque,Adelantar cerrando,Carrera 50 Calle 25 A Sur,Avenida El Poblado,Urbana,"(6.186515998, -75.58512541)"
2160842,04/21/2016,9:05 a.m.,Jueves,Automovil,Particular,Conductor,Masculino,No,Sin Registro,Solo Daños,Choque,Adelantar cerrando,Carrera 50 Calle 25 A Sur,Avenida El Poblado,Urbana,"(6.186515998, -75.58512541)"
2160843,04/21/2016,9:30 a.m.,Jueves,Microbus,Publico,Conductor,Masculino,No,Sin Registro,Solo Daños,Choque,No mantener distancia de seguridad,Carrera 48 Calle 2 C Sur,Las Vegas,Urbana,
2160843,04/21/2016,9:30 a.m.,Jueves,Camioneta,Particular,Conductor,Masculino,No,Sin Registro,Solo Daños,Choque,No mantener distancia de seguridad,Carrera 48 Calle 2 C Sur,Las Vegas,Urbana,
2160853,04/21/2016,5:05 p.m.,Jueves,Camion,Particular,Conductor,Masculino,No,Sin Registro,Solo Daños,Choque,Poner en marcha un vehiculo sin precauci,Tramo 372 Kilometro  12,Vereda Palmas,Rural,
2160853,04/21/2016,5:05 p.m.,Jueves,Bus,Publico,Conductor,Masculino,No,Sin Registro,Solo Daños,Choque,Poner en marcha un vehiculo sin precauci,Tramo 372 Kilometro  12,Vereda Palmas,Rural,
2160849,04/22/2016,6:40 a.m.,Viernes,Automovil,Particular,Conductor,Femenino,No,Sin Registro,Solo Daños,Choque,Desobedecer senales,Transversal 33  Sur Diagonal 32 D,La Magnolia,Urbana,"(6.174147159, -75.58371144)"
2160849,04/22/2016,6:40 a.m.,Viernes,Automovil,Publico,Conductor,Masculino,No,Sin Registro,Solo Daños,Choque,Desobedecer senales,Transversal 33  Sur Diagonal 32 D,La Magnolia,Urbana,"(6.174147159, -75.58371144)"
2160848,04/22/2016,4:25 p.m.,Viernes,Camion,Publico,Conductor,Masculino,No,Sin Registro,Solo Daños,Choque,No mantener distancia de seguridad,Carrera 50 Calle 27  Sur,Las Vegas,Urbana,
2160848,04/22/2016,4:25 p.m.,Viernes,Campero,Particular,Conductor,Masculino,No,Sin Registro,Solo Daños,Choque,No mantener distancia de seguridad,Carrera 50 Calle 27  Sur,Las Vegas,Urbana,
2160848,04/22/2016,4:25 p.m.,Viernes,Camioneta,Particular,Conductor,Masculino,No,Sin Registro,Solo Daños,Choque,No mantener distancia de seguridad,Carrera 50 Calle 27  Sur,Las Vegas,Urbana,
2160847,04/22/2016,5:00 p.m.,Viernes,Microbus,Publico,Conductor,Masculino,No,Sin Registro,Herido,Choque,Adelantar cerrando,Transversal 36  Sur Diagonal 17 G,La Sebastiana,Urbana,
2160847,04/22/2016,5:00 p.m.,Viernes,Motocicleta,Particular,Motociclista,Masculino,No,Sin Registro,Herido,Choque,Adelantar cerrando,Transversal 36  Sur Diagonal 17 G,La Sebastiana,Urbana,
2160846,04/22/2016,6:20 p.m.,Viernes,Camioneta,Particular,Conductor,Masculino,No,Sin Registro,Herido,Choque,Impericia en el manejo,Tramo 372 Kilometro  18,Vereda Palmas,Rural,
2160846,04/22/2016,6:20 p.m.,Viernes,Motocicleta,Particular,Motociclista,Masculino,No,Sin Registro,Herido,Choque,Impericia en el manejo,Tramo 372 Kilometro  18,Vereda Palmas,Rural,
2160855,04/23/2016,11:50 a.m.,Sábado,Bus,Publico,Conductor,Masculino,No,Sin Registro,Solo Daños,Choque,Otra,Carrera 43 A Calle 25 AA Sur,Las Orquideas,Urbana,"(6.181504184, -75.5817415)"
2160855,04/23/2016,11:50 a.m.,Sábado,Automovil,Particular,Conductor,Masculino,No,Sin Registro,Solo Daños,Choque,Otra,Carrera 43 A Calle 25 AA Sur,Las Orquideas,Urbana,"(6.181504184, -75.5817415)"
2160854,04/23/2016,2:30 p.m.,Sábado,Camioneta,Particular,Conductor,Masculino,No,Sin Registro,Solo Daños,Choque,No mantener distancia de seguridad,Carrera 50 Calle 37  Sur,Las Vegas,Urbana,
2160854,04/23/2016,2:30 p.m.,Sábado,Automovil,Particular,Conductor,Femenino,No,Sin Registro,Solo Daños,Choque,No mantener distancia de seguridad,Carrera 50 Calle 37  Sur,Las Vegas,Urbana,
2160860,04/23/2016,2:30 p.m.,Sábado,Automovil,Particular,Conductor,Masculino,No,Sin Registro,Solo Daños,Choque,No mantener distancia de seguridad,Carrera 50 Calle 39 B Sur,Las Vegas,Urbana,
2160860,04/23/2016,2:30 p.m.,Sábado,Motocicleta,Particular,Motociclista,Masculino,No,Sin Registro,Solo Daños,Choque,No mantener distancia de seguridad,Carrera 50 Calle 39 B Sur,Las Vegas,Urbana,
2160874,04/23/2016,2:50 p.m.,Sábado,Automovil,Particular,Conductor,Masculino,No,Sin Registro,Solo Daños,Choque,No respetar prelacion,Tramo 372 Kilometro  12,Vereda Palmas,Rural,
2160874,04/23/2016,2:50 p.m.,Sábado,Motocicleta,Particular,Motociclista,Masculino,No,Sin Registro,Solo Daños,Choque,No respetar prelacion,Tramo 372 Kilometro  12,Vereda Palmas,Rural,
2160858,04/23/2016,3:00 p.m.,Sábado,Automovil,Publico,Conductor,Masculino,No,Sin Registro,Solo Daños,Choque,No mantener distancia de seguridad,Calle 39  Sur Carrera 39,Mesa,Urbana,"(6.166978259, -75.58604492)"
2160858,04/23/2016,3:00 p.m.,Sábado,Automovil,Particular,Conductor,Masculino,No,Sin Registro,Solo Daños,Choque,No mantener distancia de seguridad,Calle 39  Sur Carrera 39,Mesa,Urbana,"(6.166978259, -75.58604492)"
2160875,04/23/2016,3:20 p.m.,Sábado,Automovil,Particular,Conductor,Femenino,No,Sin Registro,Solo Daños,Choque,No mantener distancia de seguridad,Tramo 372 Kilometro  15,Vereda Palmas,Rural,
2160875,04/23/2016,3:20 p.m.,Sábado,Automovil,Particular,Conductor,Masculino,No,Sin Registro,Solo Daños,Choque,No mantener distancia de seguridad,Tramo 372 Kilometro  15,Vereda Palmas,Rural,
2160875,04/23/2016,3:20 p.m.,Sábado,Campero,Particular,Conductor,Masculino,No,Sin Registro,Solo Daños,Choque,No mantener distancia de seguridad,Tramo 372 Kilometro  15,Vereda Palmas,Rural,
2160866,04/23/2016,6:30 p.m.,Sábado,Bicicleta,Particular,Ciclista,Masculino,No,Sin Registro,Herido,Choque,No respetar prelacion,Carrera 24 D Calle 40  Sur,El Salado,Urbana,
2160866,04/23/2016,6:30 p.m.,Sábado,Motocicleta,Particular,Motociclista,Masculino,No,Sin Registro,Herido,Choque,No respetar prelacion,Carrera 24 D Calle 40  Sur,El Salado,Urbana,
2160857,04/23/2016,9:15 p.m.,Sábado,Automovil,Particular,Conductor,Masculino,No,Sin Registro,Solo Daños,Choque,No mantener distancia de seguridad,Calle 36 D Sur Carrera 27,Vereda El Escobero,Urbana,"(6.162479576, -75.57022257)"
2160857,04/23/2016,9:15 p.m.,Sábado,Automovil,Particular,Conductor,Femenino,No,Sin Registro,Solo Daños,Choque,No mantener distancia de seguridad,Calle 36 D Sur Carrera 27,Vereda El Escobero,Urbana,"(6.162479576, -75.57022257)"
2160869,04/24/2016,8:15 a.m.,Domingo,Motocicleta,Particular,Motociclista,Masculino,No,Sin Registro,Herido,Choque,Transitar entre vehiculos,Tramo 372 Kilometro  14,Vereda Palmas,Rural,
2160869,04/24/2016,8:15 a.m.,Domingo,Bicicleta,Particular,Ciclista,Masculino,No,Sin Registro,Herido,Choque,Transitar entre vehiculos,Tramo 372 Kilometro  14,Vereda Palmas,Rural,
2160861,04/24/2016,8:50 a.m.,Domingo,Automovil,Publico,Conductor,Masculino,No,Sin Registro,Solo Daños,Choque,Semaforo en rojo,Carrera 43 A Calle 39  Sur,Avenida El Poblado,Urbana,"(6.169011071, -75.5894849)"
2160861,04/24/2016,8:50 a.m.,Domingo,Camioneta,Particular,Conductor,Masculino,No,Sin Registro,Solo Daños,Choque,Semaforo en rojo,Carrera 43 A Calle 39  Sur,Avenida El Poblado,Urbana,"(6.169011071, -75.5894849)"
2161198,04/24/2016,10:30 a.m.,Domingo,Motocicleta,Diplomatico,Motociclista,Masculino,No,Sin Registro,Solo Daños,Choque,Otra,Calle 34 AA Sur Carrera 28,Sin Registro,Urbana,"(6.170477592, -75.57555914)"
2161198,04/24/2016,10:30 a.m.,Domingo,Automovil,Particular,Conductor,Masculino,No,Sin Registro,Solo Daños,Choque,Otra,Calle 34 AA Sur Carrera 28,Sin Registro,Urbana,"(6.170477592, -75.57555914)"
2160864,04/24/2016,5:40 p.m.,Domingo,Motocicleta,Particular,Motociclista,Masculino,No,Sin Registro,Herido,Otro,Impericia en el manejo,Tramo 371 Kilometro  1,Vereda El Escobero,Rural,
2160865,04/24/2016,7:00 p.m.,Domingo,Bus,Publico,Conductor,Masculino,No,Sin Registro,Solo Daños,Choque,No mantener distancia de seguridad,Tramo 371 Kilometro  10,Vereda El Escobero,Rural,
2160865,04/24/2016,7:00 p.m.,Domingo,Camioneta,Particular,Conductor,Masculino,No,Sin Registro,Solo Daños,Choque,No mantener distancia de seguridad,Tramo 371 Kilometro  10,Vereda El Escobero,Rural,