RADICADO,FECHA,HORA,DÍA DE LA SEMANA,CLASE DE VEHICULO,TIPO DE SERVICIO,TIPO DE VICTIMA,SEXO,ESTADO DE BEODEZ,RESULTADO DE BEODEZ,GRAVEDAD,CLASE DE ACCIDENTE,CAUSA,DIRECCIÓN,BARRIO,AREA,Coordenadas
2160939,04/29/2016,11:55 a.m.,Viernes,Motocicleta,Particular,Motociclista,Femenino,No,Sin Registro,Herido,Choque,No mantener distancia de seguridad,Carrera 32 B Calle 40 F Sur,Sin Registro,Urbana,"(6.162538385, -75.58471789)"
2160937,04/29/2016,12:30 p.m.,Viernes,Bus,Publico,Conductor,Masculino,No,Sin Registro,Solo Daños,Choque,Otra,Carrera 49 A Calle 46 A Sur,Las Vegas,Urbana,"(6.167871749, -75.60213877)"
2160937,04/29/2016,12:30 p.m.,Viernes,Automovil,Publico,Conductor,Masculino,No,Sin Registro,Solo Daños,Choque,Otra,Carrera 49 A Calle 46 A Sur,Las Vegas,Urbana,"(6.167871749, -75.60213877)"
2160925,04/29/2016,1:10 p.m.,Viernes,Bus,Publico,Conductor,Masculino,No,Sin Registro,Solo Daños,Choque,No mantener distancia de seguridad,Carrera 43 A Calle 50  Sur,Las Casitas,Urbana,"(6.160125495, -75.60207899)"
2160925,04/29/2016,1:10 p.m.,Viernes,Campero,Particular,Conductor,Masculino,No,Sin Registro,Solo Daños,Choque,No mantener distancia de seguridad,Carrera 43 A Calle 50  Sur,Las Casitas,Urbana,"(6.160125495, -75.60207899)"
2160918,04/29/2016,2:40 p.m.,Viernes,Motocicleta,Particular,Motociclista,Masculino,No,Sin Registro,Solo Daños,Choque,No mantener distancia de seguridad,Carrera 50 Calle 43  Sur,Las Vegas,Urbana,
2160918,04/29/2016,2:40 p.m.,Viernes,Automovil,Particular,Conductor,Masculino,No,Sin Registro,Solo Daños,Choque,No mantener distancia de seguridad,Carrera 50 Calle 43  Sur,Las Vegas,Urbana,
2160915,04/29/2016,4:00 p.m.,Viernes,Automovil,Particular,Conductor,Femenino,No,Sin Registro,Herido,Atropello,Exceso de velocidad,Calle 37  Sur Carrera 29 A,Vereda El Escobero,Urbana,"(6.166159821, -75.58061864)"
2160945,04/29/2016,4:00 p.m.,Viernes,Automovil,Particular,Conductor,Masculino,No,Sin Registro,Solo Daños,Choque,No mantener distancia de seguridad,Carrera 27 Calle 23  Sur,Zuñiga,Urbana,"(6.176588834, -75.56744599)"
2160945,04/29/2016,4:00 p.m.,Viernes,Camioneta,Particular,Conductor,Masculino,No,Sin Registro,Solo Daños,Choque,No mantener distancia de seguridad,Carrera 27 Calle 23  Sur,Zuñiga,Urbana,"(6.176588834, -75.56744599)"
2160935,04/29/2016,4:20 p.m.,Viernes,Automovil,Particular,Conductor,Masculino,No,Sin Registro,Solo Daños,Choque,No mantener distancia de seguridad,Calle 50  Sur Carrera 46,Las Casitas,Urbana,"(6.16131219, -75.60319818)"
2160935,04/29/2016,4:20 p.m.,Viernes,Microbus,Publico,Conductor,Masculino,No,Sin Registro,Solo Daños,Choque,No mantener distancia de seguridad,Calle 50  Sur Carrera 46,Las Casitas,Urbana,"(6.16131219, -75.60319818)"
2160952,04/29/2016,5:00 p.m.,Viernes,Automovil,Particular,Conductor,Masculino,No,Sin Registro,Solo Daños,Choque,No mantener distancia de seguridad,Calle 38  Sur Carrera 42,Zona Centro,Urbana,"(6.16961293, -75.58738469)"
2160952,04/29/2016,5:00 p.m.,Viernes,Camioneta,Particular,Conductor,Masculino,No,Sin Registro,Solo Daños,Choque,No mantener distancia de seguridad,Calle 38  Sur Carrera 42,Zona Centro,Urbana,"(6.16961293, -75.58738469)"
2160948,04/29/2016,6:20 p.m.,Viernes,Motocicleta,Particular,Motociclista,Femenino,No,Sin Registro,Solo Daños,Choque,Transitar entre vehiculos,Calle 35  Sur Carrera 41,Zona Centro,Urbana,"(6.171300757, -75.58534224)"
2160948,04/29/2016,6:20 p.m.,Viernes,Automovil,Publico,Conductor,Masculino,No,Sin Registro,Solo Daños,Choque,Transitar entre vehiculos,Calle 35  Sur Carrera 41,Zona Centro,Urbana,"(6.171300757, -75.58534224)"
2160922,04/29/2016,10:35 p.m.,Viernes,Bus,Publico,Conductor,Masculino,No,Sin Registro,Solo Daños,Choque,Adelantar cerrando,Calle 50  Sur Carrera 45,Sin Registro,Urbana,
2160922,04/29/2016,10:35 p.m.,Viernes,Automovil,Particular,Conductor,Masculino,No,Sin Registro,Solo Daños,Choque,Adelantar cerrando,Calle 50  Sur Carrera 45,Sin Registro,Urbana,
2160912,04/30/2016,1:20 p.m.,Sábado,Bus,Publico,Conductor,Masculino,No,Sin Registro,Solo Daños,Choque,Otra,Carrera 43 A Calle 25  Sur,Avenida El Poblado,Urbana,"(6.181616833, -75.58185727)"
2160914,04/30/2016,1:30 p.m.,Sábado,Automovil,Particular,Conductor,Femenino,No,Sin Registro,Solo Daños,Choque,Otra,Calle 49 D Sur Carrera 40,Las Flores,Urbana,"(6.155873781, -75.60078345)"
2160946,04/30/2016,1:30 p.m.,Sábado,Automovil,Particular,Conductor,Femenino,No,Sin Registro,Solo Daños,Choque,Otra,Calle 46  Sur Carrera 48,Primavera,Urbana,"(6.162824447, -75.59968661)"
2160931,04/30/2016,2:10 p.m.,Sábado,Automovil,Publico,Conductor,Masculino,No,Sin Registro,Solo Daños,Choque,Otra,Calle 37  Sur Carrera 43 A,Zona Centro,Urbana,"(6.171151654, -75.58815663)"
2160910,04/30/2016,3:30 p.m.,Sábado,Automovil,Particular,Conductor,Sin registro,No,Sin Registro,Solo Daños,Choque,Otra,Diagonal 39 Transversal 34 B,Obrero,Urbana,"(6.171523576, -75.58413244)"
2160926,04/30/2016,3:30 p.m.,Sábado,Automovil,Particular,Conductor,Masculino,No,Sin Registro,Solo Daños,Choque,Semaforo en rojo,Carrera 43 A Calle 21  Sur,Zuñiga,Urbana,"(6.183599544, -75.57940986)"
2160926,04/30/2016,3:30 p.m.,Sábado,Automovil,Particular,Conductor,Masculino,No,Sin Registro,Solo Daños,Choque,Semaforo en rojo,Carrera 43 A Calle 21  Sur,Zuñiga,Urbana,"(6.183599544, -75.57940986)"
2160938,04/30/2016,3:50 p.m.,Sábado,Buseta,Publico,Conductor,Masculino,No,Sin Registro,Herido,Choque,Otra,Transversal 32 A Sur Diagonal 32,La Magnolia,Urbana,"(6.175680905, -75.58257581)"
2160938,04/30/2016,3:50 p.m.,Sábado,Motocicleta,Particular,Motociclista,Masculino,No,Sin Registro,Herido,Choque,Otra,Transversal 32 A Sur Diagonal 32,La Magnolia,Urbana,"(6.175680905, -75.58257581)"
2160921,04/30/2016,5:15 p.m.,Sábado,Automovil,Publico,Conductor,Masculino,No,Sin Registro,Solo Daños,Choque,Otra,Carrera 46 Calle 39  Sur,Alcala,Urbana,"(6.170504216, -75.59251874)"
2160936,04/30/2016,5:25 p.m.,Sábado,Motocicleta,Particular,Motociclista,Masculino,No,Sin Registro,Solo Daños,Choque,Impericia en el manejo,Tramo 372 Kilometro  15,Vereda Palmas,Rural,
2160936,04/30/2016,5:25 p.m.,Sábado,Camioneta,Particular,Conductor,Femenino,No,Sin Registro,Solo Daños,Choque,Impericia en el manejo,Tramo 372 Kilometro  15,Vereda Palmas,Rural,
2160930,04/30/2016,7:04 p.m.,Sábado,Motocicleta,Particular,Motociclista,Sin registro,No,Sin Registro,Herido,Atropello,Exceso de velocidad,Calle 38 A Sur Carrera 42,Zona Centro,Urbana,"(6.169022232, -75.58772239)"
2160947,04/30/2016,8:15 p.m.,Sábado,Automovil,Particular,Conductor,Femenino,No,Sin Registro,Solo Daños,Choque,No mantener distancia de seguridad,Carrera 48 Calle 46  Sur,Primavera,Urbana,"(6.166195386, -75.59928549)"
2160947,04/30/2016,8:15 p.m.,Sábado,Automovil,Particular,Conductor,Masculino,No,Sin Registro,Solo Daños,Choque,No mantener distancia de seguridad,Carrera 48 Calle 46  Sur,Primavera,Urbana,"(6.166195386, -75.59928549)"
2160953,01/05/2016,12:20 p.m.,Domingo,Automovil,Particular,Conductor,Masculino,No,Sin Registro,Solo Daños,Choque,Transitar entre vehiculos,Carrera 48 Calle 37  Sur,Las Vegas,Urbana,"(6.172859211, -75.59276992)"
2160953,01/05/2016,12:20 p.m.,Domingo,Motocicleta,Particular,Motociclista,Masculino,No,Sin Registro,Solo Daños,Choque,Transitar entre vehiculos,Carrera 48 Calle 37  Sur,Las Vegas,Urbana,"(6.172859211, -75.59276992)"
2160953,01/05/2016,12:20 p.m.,Domingo,Motocicleta,Particular,Motociclista,Masculino,No,Sin Registro,Solo Daños,Choque,Transitar entre vehiculos,Carrera 48 Calle 37  Sur,Las Vegas,Urbana,"(6.172859211, -75.59276992)"
2160924,01/05/2016,12:50 p.m.,Domingo,Automovil,Publico,Conductor,Masculino,No,Sin Registro,Solo Daños,Choque,Semaforo en rojo,Carrera 43 A Calle 25  Sur,Avenida El Poblado,Urbana,"(6.181616833, -75.58185727)"
2160924,01/05/2016,12:50 p.m.,Domingo,Automovil,Particular,Conductor,Masculino,No,Sin Registro,Solo Daños,Choque,Semaforo en rojo,Carrera 43 A Calle 25  Sur,Avenida El Poblado,Urbana,"(6.181616833, -75.58185727)"
2160959,01/05/2016,12:50 p.m.,Domingo,Microbus,Publico,Conductor,Masculino,No,Sin Registro,Solo Daños,Choque,Adelantar cerrando,Carrera 48 Calle 50  Sur,Las Vegas,Urbana,
2160959,01/05/2016,12:50 p.m.,Domingo,Campero,Particular,Conductor,Masculino,No,Sin Registro,Solo Daños,Choque,Adelantar cerrando,Carrera 48 Calle 50  Sur,Las Vegas,Urbana,
2160958,01/05/2016,1:11 p.m.,Domingo,Camioneta,Publico,Conductor,Masculino,No,Sin Registro,Solo Daños,Choque,No respetar prelacion,Calle 40 C Sur Carrera 29,San Jose,Urbana,"(6.160404351, -75.58251503)"
2160958,01/05/2016,1:11 p.m.,Domingo,Automovil,Diplomatico,Conductor,Masculino,No,Sin Registro,Solo Daños,Choque,No respetar prelacion,Calle 40 C Sur Carrera 29,San Jose,Urbana,"(6.160404351, -75.58251503)"
2160944,01/05/2016,1:45 p.m.,Domingo,Motocicleta,Particular,Motociclista,Masculino,No,Sin Registro,Solo Daños,Choque,No respetar prelacion,Calle 39 B Sur Carrera 24 EE,El Chinguí,Urbana,"(6.150777241, -75.5751861)"
2160944,01/05/2016,1:45 p.m.,Domingo,Motocicleta,Particular,Motociclista,Masculino,No,Sin Registro,Solo Daños,Choque,No respetar prelacion,Calle 39 B Sur Carrera 24 EE,El Chinguí,Urbana,"(6.150777241, -75.5751861)"
2160923,01/05/2016,1:50 p.m.,Domingo,Motocicleta,Particular,Motociclista,Masculino,No,Sin Registro,Herido,Choque,Adelantar cerrando,Carrera 50 Calle 39 B Sur,Las Vegas,Urbana,
2160923,01/05/2016,1:50 p.m.,Domingo,Automovil,Particular,Conductor,Masculino,No,Sin Registro,Herido,Choque,Adelantar cerrando,Carrera 50 Calle 39 B Sur,Las Vegas,Urbana,
2160941,01/05/2016,2:30 p.m.,Domingo,Automovil,Particular,Conductor,Femenino,No,Sin Registro,Solo Daños,Choque,Reverso imprudente,Calle 37 A Sur Carrera 33,Mesa,Urbana,"(6.166332677, -75.58203718)"
2160941,01/05/2016,2:30 p.m.,Domingo,Motocicleta,Particular,Motociclista,Masculino,No,Sin Registro,Solo Daños,Choque,Reverso imprudente,Calle 37 A Sur Carrera 33,Mesa,Urbana,"(6.166332677, -75.58203718)"
2160933,01/05/2016,4:00 p.m.,Domingo,Automovil,Particular,Conductor,Masculino,No,Sin Registro,Solo Daños,Choque,No mantener distancia de seguridad,Calle 37  Sur Carrera 50,Las Vegas,Urbana,
2160933,01/05/2016,4:00 p.m.,Domingo,Camioneta,Diplomatico,Conductor,Masculino,No,Sin Registro,Solo Daños,Choque,No mantener distancia de seguridad,Calle 37  Sur Carrera 50,Las Vegas,Urbana,
2160928,01/05/2016,4:30 p.m.,Domingo,Automovil,Publico,Conductor,Masculino,No,Sin Registro,Solo Daños,Choque,Poner en marcha un vehiculo sin precauci,Calle 37  Sur Carrera 49,Las Vegas,Urbana,"(6.174789471, -75.59420424)"
2160928,01/05/2016,4:30 p.m.,Domingo,Automovil,Particular,Conductor,Femenino,No,Sin Registro,Solo Daños,Choque,Poner en marcha un vehiculo sin precauci,Calle 37  Sur Carrera 49,Las Vegas,Urbana,"(6.174789471, -75.59420424)"
2160949,01/05/2016,6:00 p.m.,Domingo,Campero,Particular,Conductor,Masculino,No,Sin Registro,Solo Daños,Choque,Vehiculo mal estacionado,Carrera 36 Calle 38 A Sur,Mesa,Urbana,"(6.166548376, -75.58410147)"
2160949,01/05/2016,6:00 p.m.,Domingo,Microbus,Publico,Conductor,Masculino,No,Sin Registro,Solo Daños,Choque,Vehiculo mal estacionado,Carrera 36 Calle 38 A Sur,Mesa,Urbana,"(6.166548376, -75.58410147)"
2160942,01/05/2016,6:50 p.m.,Domingo,Automovil,Particular,Conductor,Masculino,No,Sin Registro,Solo Daños,Choque,No respetar prelacion,Carrera 48 Calle 38  Sur,Las Vegas,Urbana,"(6.172747818, -75.59269817)"
2160942,01/05/2016,6:50 p.m.,Domingo,Automovil,Particular,Conductor,Masculino,No,Sin Registro,Solo Daños,Choque,No respetar prelacion,Carrera 48 Calle 38  Sur,Las Vegas,Urbana,"(6.172747818, -75.59269817)"
2160932,01/05/2016,7:50 p.m.,Domingo,Microbus,Publico,Conductor,Masculino,No,Sin Registro,Solo Daños,Choque,No respetar prelacion,Carrera 24 D Calle 40  Sur,Vereda El Vallano,Urbana,
2160932,01/05/2016,7:50 p.m.,Domingo,Automovil,Particular,Conductor,Femenino,No,Sin Registro,Solo Daños,Choque,No respetar prelacion,Carrera 24 D Calle 40  Sur,Vereda El Vallano,Urbana,
2160954,02/05/2016,7:20 a.m.,Lunes,Motocicleta,Particular,Motociclista,Femenino,No,Sin Registro,Solo Daños,Choque,No respetar prelacion,Calle 25 A Sur Carrera 42 B,Sin Registro,Urbana,"(6.181402463, -75.58167941)"
2160954,02/05/2016,7:20 a.m.,Lunes,Automovil,Particular,Conductor,Masculino,No,Sin Registro,Solo Daños,Choque,No respetar prelacion,Calle 25 A Sur Carrera 42 B,Sin Registro,Urbana,"(6.181402463, -75.58167941)"
2160962,02/05/2016,7:40 a.m.,Lunes,Camioneta,Particular,Conductor,Masculino,No,Sin Registro,Solo Daños,Choque,Otra,Calle 40  Sur Carrera 47,Alcala,Urbana,"(6.16946967, -75.59467671)"
2160962,02/05/2016,7:40 a.m.,Lunes,Camioneta,Publico,Conductor,Femenino,No,Sin Registro,Solo Daños,Choque,Otra,Calle 40  Sur Carrera 47,Alcala,Urbana,"(6.16946967, -75.59467671)"
2160961,02/05/2016,12:45 p.m.,Lunes,Automovil,Particular,Conductor,Masculino,No,Sin Registro,Solo Daños,Choque,Adelantar cerrando,Carrera 48 Calle 19  Sur,Las Vegas,Urbana,"(6.187349001, -75.58153568)"
2160961,02/05/2016,12:45 p.m.,Lunes,Sin Registro,Particular,Conductor,Masculino,No,Sin Registro,Solo Daños,Choque,Adelantar cerrando,Carrera 48 Calle 19  Sur,Las Vegas,Urbana,"(6.187349001, -75.58153568)"
2160980,02/05/2016,2:50 p.m.,Lunes,Motocicleta,Particular,Motociclista,Femenino,No,Sin Registro,Herido,Choque,Desobedecer senales,Transversal 32  Sur Diagonal 32 D,La Magnolia,Urbana,"(6.175708497, -75.58428961)"
2160980,02/05/2016,2:50 p.m.,Lunes,Automovil,Diplomatico,Conductor,Femenino,No,Sin Registro,Herido,Choque,Desobedecer senales,Transversal 32  Sur Diagonal 32 D,La Magnolia,Urbana,"(6.175708497, -75.58428961)"
2160955,02/05/2016,4:00 p.m.,Lunes,Bus,Publico,Conductor,Masculino,No,Sin Registro,Solo Daños,Choque,No mantener distancia de seguridad,Carrera 29 A Calle 38  Sur,Sin Registro,Urbana,"(6.16496822, -75.58082836)"
2160955,02/05/2016,4:00 p.m.,Lunes,Campero,Particular,Conductor,Masculino,No,Sin Registro,Solo Daños,Choque,No mantener distancia de seguridad,Carrera 29 A Calle 38  Sur,Sin Registro,Urbana,"(6.16496822, -75.58082836)"
2160960,02/05/2016,5:40 p.m.,Lunes,Microbus,Publico,Conductor,Masculino,No,Sin Registro,Solo Daños,Choque,No mantener distancia de seguridad,Carrera 48 Calle 43  Sur,Las Vegas,Urbana,"(6.168335134, -75.59723358)"
2160960,02/05/2016,5:40 p.m.,Lunes,Camioneta,Particular,Conductor,Femenino,No,Sin Registro,Solo Daños,Choque,No mantener distancia de seguridad,Carrera 48 Calle 43  Sur,Las Vegas,Urbana,"(6.168335134, -75.59723358)"
2160950,02/05/2016,6:10 p.m.,Lunes,Bicicleta,Particular,Ciclista,Masculino,No,Sin Registro,Herido,Atropello,Exceso de velocidad,Calle 48  Sur Carrera 39,El Trianon,Urbana,"(6.157034839, -75.59345285)"
2160951,02/05/2016,8:05 p.m.,Lunes,Bus,Publico,Conductor,Masculino,No,Sin Registro,Herido,Atropello,No respetar prelacion,Calle 47  Sur Carrera 40,El Trianon,Urbana,"(6.15929595, -75.5937748)"
2160956,03/05/2016,4:10 a.m.,Martes,Bus,Publico,Conductor,Masculino,No,Sin Registro,Solo Daños,Choque,Otra,Calle 38  Sur Carrera 43,Zona Centro,Urbana,"(6.170061667, -75.58783913)"
2160956,03/05/2016,4:10 a.m.,Martes,Microbus,Publico,Conductor,Masculino,No,Sin Registro,Solo Daños,Choque,Otra,Calle 38  Sur Carrera 43,Zona Centro,Urbana,"(6.170061667, -75.58783913)"
2160969,03/05/2016,6:40 a.m.,Martes,Automovil,Particular,Conductor,Masculino,No,Sin Registro,Solo Daños,Choque,Adelantar en zona prohibida,Carrera 46 A Calle 37  Sur,El Portal,Urbana,"(6.174306692, -75.59026078)"
2160969,03/05/2016,6:40 a.m.,Martes,Motocicleta,Particular,Motociclista,Masculino,No,Sin Registro,Solo Daños,Choque,Adelantar en zona prohibida,Carrera 46 A Calle 37  Sur,El Portal,Urbana,"(6.174306692, -75.59026078)"
2160968,03/05/2016,8:10 a.m.,Martes,Camioneta,Particular,Conductor,Femenino,No,Sin Registro,Solo Daños,Choque,Adelantar en zona prohibida,Transversal 34  Sur Diagonal 32 B,La Magnolia,Urbana,"(6.173239256, -75.58251486)"
2160968,03/05/2016,8:10 a.m.,Martes,Motocicleta,Particular,Motociclista,Masculino,No,Sin Registro,Solo Daños,Choque,Adelantar en zona prohibida,Transversal 34  Sur Diagonal 32 B,La Magnolia,Urbana,"(6.173239256, -75.58251486)"
2160964,03/05/2016,9:30 a.m.,Martes,Automovil,Particular,Conductor,Masculino,No,Sin Registro,Solo Daños,Choque,Otra,Carrera 49 Calle 46  Sur,Las Vegas,Urbana,"(6.166966077, -75.60088817)"
2160964,03/05/2016,9:30 a.m.,Martes,Motocicleta,Particular,Motociclista,Sin registro,No,Sin Registro,Solo Daños,Choque,Otra,Carrera 49 Calle 46  Sur,Las Vegas,Urbana,"(6.166966077, -75.60088817)"
2160957,03/05/2016,10:15 a.m.,Martes,Motocicleta,Particular,Motociclista,Masculino,No,Sin Registro,Solo Daños,Choque,Otra,Carrera 43 A Calle 37  Sur,Zona Centro,Urbana,"(6.171024704, -75.5881647)"
2160957,03/05/2016,10:15 a.m.,Martes,Automovil,Particular,Conductor,Femenino,No,Sin Registro,Solo Daños,Choque,Otra,Carrera 43 A Calle 37  Sur,Zona Centro,Urbana,"(6.171024704, -75.5881647)"
2160976,03/05/2016,11:40 a.m.,Martes,Automovil,Particular,Conductor,Masculino,No,Sin Registro,Solo Daños,Choque,No respetar prelacion,Diagonal 29 Transversal 34 A,Alto De Misael,Urbana,"(6.172575765, -75.57714416)"
2160976,03/05/2016,11:40 a.m.,Martes,Camioneta,Particular,Conductor,Masculino,No,Sin Registro,Solo Daños,Choque,No respetar prelacion,Diagonal 29 Transversal 34 A,Alto De Misael,Urbana,"(6.172575765, -75.57714416)"
2160963,03/05/2016,12:00 p.m.,Martes,Motocicleta,Particular,Motociclista,Masculino,No,Sin Registro,Herido,Choque,Desobedecer senales,Calle 46  Sur Carrera 46 A,Primavera,Urbana,"(6.164633401, -75.59668961)"
2160963,03/05/2016,12:00 p.m.,Martes,Camioneta,Particular,Conductor,Masculino,No,Sin Registro,Herido,Choque,Desobedecer senales,Calle 46  Sur Carrera 46 A,Primavera,Urbana,"(6.164633401, -75.59668961)"
2160971,03/05/2016,3:00 p.m.,Martes,Motocicleta,Particular,Motociclista,Masculino,No,Sin Registro,Herido,Choque,No respetar prelacion,Calle 36  Sur Carrera 35,Los Naranjos,Urbana,"(6.167677049, -75.58267178)"
2160971,03/05/2016,3:00 p.m.,Martes,Motocicleta,Particular,Motociclista,Masculino,No,Sin Registro,Herido,Choque,No respetar prelacion,Calle 36  Sur Carrera 35,Los Naranjos,Urbana,"(6.167677049, -75.58267178)"
2160965,03/05/2016,3:20 p.m.,Martes,Automovil,Particular,Conductor,Masculino,No,Sin Registro,Solo Daños,Choque,Otra,Transversal 34 D Sur Diagonal 27 D,Sin Registro,Urbana,"(6.171709483, -75.57747959)"
2160967,03/05/2016,3:40 p.m.,Martes,Motocicleta,Particular,Motociclista,Masculino,No,Sin Registro,Solo Daños,Choque,Desobedecer senales,Diagonal 31 E Transversal 34,Sin Registro,Urbana,"(6.172689669, -75.57882729)"
2160967,03/05/2016,3:40 p.m.,Martes,Automovil,Publico,Conductor,Masculino,No,Sin Registro,Solo Daños,Choque,Desobedecer senales,Diagonal 31 E Transversal 34,Sin Registro,Urbana,"(6.172689669, -75.57882729)"
2160966,03/05/2016,4:50 p.m.,Martes,Automovil,Particular,Conductor,Masculino,No,Sin Registro,Solo Daños,Choque,Transitar entre vehiculos,Calle 37  Sur Carrera 49,Las Vegas,Urbana,"(6.174789471, -75.59420424)"
2160966,03/05/2016,4:50 p.m.,Martes,Motocicleta,Particular,Motociclista,Masculino,No,Sin Registro,Solo Daños,Choque,Transitar entre vehiculos,Calle 37  Sur Carrera 49,Las Vegas,Urbana,"(6.174789471, -75.59420424)"
2160975,03/05/2016,7:30 p.m.,Martes,Camioneta,Particular,Conductor,Femenino,No,Sin Registro,Solo Daños,Choque,No mantener distancia de seguridad,Calle 25  Sur Carrera 41,Sin Registro,Urbana,"(6.179145147, -75.5774765)"
2160975,03/05/2016,7:30 p.m.,Martes,Automovil,Particular,Conductor,Masculino,No,Sin Registro,Solo Daños,Choque,No mantener distancia de seguridad,Calle 25  Sur Carrera 41,Sin Registro,Urbana,"(6.179145147, -75.5774765)"
2160970,03/05/2016,8:30 p.m.,Martes,Automovil,Particular,Conductor,Femenino,No,Sin Registro,Solo Daños,Choque,No mantener distancia de seguridad,Tramo 372 Kilometro  7,Vereda Palmas,Rural,
2160970,03/05/2016,8:30 p.m.,Martes,Motocicleta,Particular,Motociclista,Masculino,No,Sin Registro,Solo Daños,Choque,No mantener distancia de seguridad,Tramo 372 Kilometro  7,Vereda Palmas,Rural,
2160987,04/05/2016,6:00 a.m.,Miércoles,Motocicleta,Particular,Motociclista,Masculino,No,Sin Registro,Herido,Caida Ocupante,Exceso de velocidad,Diagonal 31 Transversal 33 A,Las Flores,Urbana,"(6.173761816, -75.5789197)"
2160990,04/05/2016,6:00 a.m.,Miércoles,Motocicleta,Particular,Motociclista,Masculino,No,Sin Registro,Herido,Caida Ocupante,Otra,Diagonal 31 Transversal 33 A Sur,Las Flores,Urbana,"(6.173761816, -75.5789197)"
2160978,04/05/2016,6:30 a.m.,Miércoles,Campero,Publico,Conductor,Masculino,No,Sin Registro,Solo Daños,Choque,Exceso de velocidad,Tramo 372 Kilometro  15,Vereda Palmas,Rural,
2160977,04/05/2016,6:35 a.m.,Miércoles,Automovil,Particular,Conductor,Femenino,No,Sin Registro,Solo Daños,Choque,No mantener distancia de seguridad,Carrera 48 Calle 25  Sur,Las Vegas,Urbana,"(6.185059174, -75.58329333)"
2160977,04/05/2016,6:35 a.m.,Miércoles,Campero,Particular,Conductor,Masculino,No,Sin Registro,Solo Daños,Choque,No mantener distancia de seguridad,Carrera 48 Calle 25  Sur,Las Vegas,Urbana,"(6.185059174, -75.58329333)"
2161033,07/05/2016,8:35 a.m.,Sábado,Camioneta,Particular,Conductor,Masculino,No,Sin Registro,Solo Daños,Choque,Otra,Calle 36 D Sur Carrera 7,Vereda El Escobero,Urbana,
2160972,04/05/2016,6:40 a.m.,Miércoles,Microbus,Publico,Conductor,Masculino,No,Sin Registro,Solo Daños,Choque,No respetar prelacion,Calle 21  Sur Carrera 43 A,Zuñiga,Urbana,"(6.18399286, -75.57959764)"
2160972,04/05/2016,6:40 a.m.,Miércoles,Automovil,Particular,Conductor,Femenino,No,Sin Registro,Solo Daños,Choque,No respetar prelacion,Calle 21  Sur Carrera 43 A,Zuñiga,Urbana,"(6.18399286, -75.57959764)"
2160991,04/05/2016,6:45 a.m.,Miércoles,Automovil,Particular,Conductor,Masculino,No,Sin Registro,Solo Daños,Choque,Poner en marcha un vehiculo sin precauci,Carrera 48 Calle 49 B Sur,Sin Registro,Urbana,"(6.162599027, -75.60278747)"
2160991,04/05/2016,6:45 a.m.,Miércoles,Camion,Particular,Conductor,Masculino,No,Sin Registro,Solo Daños,Choque,Poner en marcha un vehiculo sin precauci,Carrera 48 Calle 49 B Sur,Sin Registro,Urbana,"(6.162599027, -75.60278747)"
2160974,04/05/2016,7:30 a.m.,Miércoles,Campero,Particular,Conductor,Femenino,No,Sin Registro,Solo Daños,Choque,Adelantar cerrando,Calle 25 B Sur Carrera 48,Las Vegas,Urbana,"(6.182085855, -75.58502925)"
2160974,04/05/2016,7:30 a.m.,Miércoles,Automovil,Particular,Conductor,Masculino,No,Sin Registro,Solo Daños,Choque,Adelantar cerrando,Calle 25 B Sur Carrera 48,Las Vegas,Urbana,"(6.182085855, -75.58502925)"
2160986,04/05/2016,8:00 a.m.,Miércoles,Camioneta,Particular,Conductor,Femenino,No,Sin Registro,Solo Daños,Choque,Reverso imprudente,Calle 37  Sur Carrera 38,Zona Centro,Urbana,"(6.168685416, -75.58429124)"
2160986,04/05/2016,8:00 a.m.,Miércoles,Automovil,Particular,Conductor,Masculino,No,Sin Registro,Solo Daños,Choque,Reverso imprudente,Calle 37  Sur Carrera 38,Zona Centro,Urbana,"(6.168685416, -75.58429124)"
2160983,04/05/2016,8:30 a.m.,Miércoles,Motocicleta,Particular,Motociclista,Masculino,No,Sin Registro,Herido,Choque,No mantener distancia de seguridad,Tramo 372 Kilometro  6,Vereda Palmas,Rural,
2160983,04/05/2016,8:30 a.m.,Miércoles,Campero,Particular,Conductor,Masculino,No,Sin Registro,Herido,Choque,No mantener distancia de seguridad,Tramo 372 Kilometro  6,Vereda Palmas,Rural,
2160973,04/05/2016,9:55 a.m.,Miércoles,Automovil,Publico,Conductor,Masculino,No,Sin Registro,Solo Daños,Choque,No respetar prelacion,Calle 32  Sur Carrera 45 B,El Portal,Urbana,"(6.17690285, -75.588462)"
2160973,04/05/2016,9:55 a.m.,Miércoles,Automovil,Particular,Conductor,Femenino,No,Sin Registro,Solo Daños,Choque,No respetar prelacion,Calle 32  Sur Carrera 45 B,El Portal,Urbana,"(6.17690285, -75.588462)"
2160992,04/05/2016,11:40 a.m.,Miércoles,Camioneta,Publico,Conductor,Masculino,No,Sin Registro,Solo Daños,Choque,Adelantar cerrando,Carrera 50 Calle 25 A Sur,Las Vegas,Urbana,"(6.186515998, -75.58512541)"
2160992,04/05/2016,11:40 a.m.,Miércoles,Automovil,Particular,Conductor,Masculino,No,Sin Registro,Solo Daños,Choque,Adelantar cerrando,Carrera 50 Calle 25 A Sur,Las Vegas,Urbana,"(6.186515998, -75.58512541)"