RADICADO,FECHA,HORA,DÍA DE LA SEMANA,CLASE DE VEHICULO,TIPO DE SERVICIO,TIPO DE VICTIMA,SEXO,ESTADO DE BEODEZ,RESULTADO DE BEODEZ,GRAVEDAD,CLASE DE ACCIDENTE,CAUSA,DIRECCIÓN,BARRIO,AREA,Coordenadas
2160993,04/05/2016,12:20 p.m.,Miércoles,Automovil,Particular,Conductor,Femenino,No,Sin Registro,Herido,Choque,No respetar prelacion,Calle 40  Sur Carrera 25 B,El Salado,Urbana,"(6.155114269, -75.57896894)"
2160993,04/05/2016,12:20 p.m.,Miércoles,Motocicleta,Particular,Motociclista,Masculino,No,Sin Registro,Herido,Choque,No respetar prelacion,Calle 40  Sur Carrera 25 B,El Salado,Urbana,"(6.155114269, -75.57896894)"
2160989,04/05/2016,12:55 p.m.,Miércoles,Automovil,Publico,Conductor,Masculino,No,Sin Registro,Solo Daños,Choque,No mantener distancia de seguridad,Calle 21  Sur Carrera 43 A,Sin Registro,Urbana,"(6.18399286, -75.57959764)"
2160989,04/05/2016,12:55 p.m.,Miércoles,Automovil,Particular,Conductor,Masculino,No,Sin Registro,Solo Daños,Choque,No mantener distancia de seguridad,Calle 21  Sur Carrera 43 A,Sin Registro,Urbana,"(6.18399286, -75.57959764)"
2160997,04/05/2016,2:20 p.m.,Miércoles,Automovil,Particular,Conductor,Masculino,No,Sin Registro,Solo Daños,Choque,Adelantar en zona prohibida,Calle 36 D Sur Carrera 27 A,Vereda El Escobero,Urbana,"(6.164831751, -75.57423497)"
2160997,04/05/2016,2:20 p.m.,Miércoles,Motocicleta,Particular,Motociclista,Masculino,No,Sin Registro,Solo Daños,Choque,Adelantar en zona prohibida,Calle 36 D Sur Carrera 27 A,Vereda El Escobero,Urbana,"(6.164831751, -75.57423497)"
2160982,04/05/2016,3:40 p.m.,Miércoles,Camioneta,Particular,Conductor,Femenino,No,Sin Registro,Solo Daños,Choque,Desobedecer senales,Carrera 48 Calle 46 A Sur,Las Vegas,Urbana,"(6.166193944, -75.59977396)"
2160982,04/05/2016,3:40 p.m.,Miércoles,Tractocamion,Publico,Conductor,Masculino,No,Sin Registro,Solo Daños,Choque,Desobedecer senales,Carrera 48 Calle 46 A Sur,Las Vegas,Urbana,"(6.166193944, -75.59977396)"
2160985,04/05/2016,5:20 p.m.,Miércoles,Camioneta,Particular,Conductor,Masculino,No,Sin Registro,Solo Daños,Choque,Reverso imprudente,Carrera 48 Calle 32 B Sur,Las Vegas,Urbana,"(6.176994311, -75.58984119)"
2160985,04/05/2016,5:20 p.m.,Miércoles,Automovil,Particular,Conductor,Masculino,No,Sin Registro,Solo Daños,Choque,Reverso imprudente,Carrera 48 Calle 32 B Sur,Las Vegas,Urbana,"(6.176994311, -75.58984119)"
2160979,04/05/2016,5:30 p.m.,Miércoles,Camioneta,Publico,Conductor,Masculino,No,Sin Registro,Solo Daños,Choque,Exceso de velocidad,Calle 46  Sur Carrera 46,Primavera,Urbana,"(6.164633401, -75.59668961)"
2160984,04/05/2016,5:30 p.m.,Miércoles,Campero,Particular,Conductor,Masculino,No,Sin Registro,Solo Daños,Choque,Otra,Carrera 42 Calle 33 B Sur,Zona Centro,Urbana,"(6.172431982, -75.58552861)"
2160984,04/05/2016,5:30 p.m.,Miércoles,Motocicleta,Particular,Motociclista,Masculino,No,Sin Registro,Solo Daños,Choque,Otra,Carrera 42 Calle 33 B Sur,Zona Centro,Urbana,"(6.172431982, -75.58552861)"
2160981,04/05/2016,10:30 p.m.,Miércoles,Automovil,Particular,Conductor,Masculino,No,Sin Registro,Solo Daños,Choque,Adelantar en zona prohibida,Carrera 49 Calle 43  Sur,Las Vegas,Urbana,"(6.160925818, -75.59998009)"
2160981,04/05/2016,10:30 p.m.,Miércoles,Motocicleta,Particular,Motociclista,Femenino,No,Sin Registro,Solo Daños,Choque,Adelantar en zona prohibida,Carrera 49 Calle 43  Sur,Las Vegas,Urbana,"(6.160925818, -75.59998009)"
2161035,05/05/2016,6:50 a.m.,Jueves,Automovil,Particular,Conductor,Masculino,No,Sin Registro,Solo Daños,Choque,No mantener distancia de seguridad,Tramo 372 Kilometro  13,Vereda Palmas,Rural,
2161035,05/05/2016,6:50 a.m.,Jueves,Automovil,Particular,Conductor,Masculino,No,Sin Registro,Solo Daños,Choque,No mantener distancia de seguridad,Tramo 372 Kilometro  13,Vereda Palmas,Rural,
2161035,05/05/2016,6:50 a.m.,Jueves,Campero,Particular,Conductor,Masculino,No,Sin Registro,Solo Daños,Choque,No mantener distancia de seguridad,Tramo 372 Kilometro  13,Vereda Palmas,Rural,
2161035,05/05/2016,6:50 a.m.,Jueves,Automovil,Particular,Conductor,Masculino,No,Sin Registro,Solo Daños,Choque,No mantener distancia de seguridad,Tramo 372 Kilometro  13,Vereda Palmas,Rural,
2161035,05/05/2016,6:50 a.m.,Jueves,Automovil,Particular,Conductor,Femenino,No,Sin Registro,Solo Daños,Choque,No mantener distancia de seguridad,Tramo 372 Kilometro  13,Vereda Palmas,Rural,
2160994,05/05/2016,7:00 a.m.,Jueves,Camion,Particular,Conductor,Masculino,No,Sin Registro,Solo Daños,Choque,Otra,Carrera 43 A Transversal 29,Bucarest,Urbana,"(6.177803112, -75.5845555)"
2161002,05/05/2016,7:15 a.m.,Jueves,Bus,Publico,Conductor,Masculino,No,Sin Registro,Solo Daños,Choque,Adelantar cerrando,Diagonal 31 Calle 37 B Sur,Sin Registro,Urbana,"(6.165165175, -75.58026896)"
2161002,05/05/2016,7:15 a.m.,Jueves,Camioneta,Oficial,Conductor,Masculino,No,Sin Registro,Solo Daños,Choque,Adelantar cerrando,Diagonal 31 Calle 37 B Sur,Sin Registro,Urbana,"(6.165165175, -75.58026896)"
2160996,05/05/2016,7:20 a.m.,Jueves,Automovil,Particular,Conductor,Masculino,No,Sin Registro,Herido,Choque,No mantener distancia de seguridad,Calle 36 D Sur Carrera 27 D,La Magnolia,Urbana,"(6.164970853, -75.57463727)"
2160996,05/05/2016,7:20 a.m.,Jueves,Motocicleta,Particular,Motociclista,Femenino,No,Sin Registro,Herido,Choque,No mantener distancia de seguridad,Calle 36 D Sur Carrera 27 D,La Magnolia,Urbana,"(6.164970853, -75.57463727)"
2161000,05/05/2016,9:00 a.m.,Jueves,Automovil,Publico,Conductor,Masculino,No,Sin Registro,Herido,Choque,No mantener distancia de seguridad,Carrera 50 Calle 39  Sur,Las Vegas,Urbana,
2161000,05/05/2016,9:00 a.m.,Jueves,Camion,Publico,Conductor,Masculino,No,Sin Registro,Herido,Choque,No mantener distancia de seguridad,Carrera 50 Calle 39  Sur,Las Vegas,Urbana,
2161000,05/05/2016,9:00 a.m.,Jueves,Camioneta,Publico,Conductor,Masculino,No,Sin Registro,Herido,Choque,No mantener distancia de seguridad,Carrera 50 Calle 39  Sur,Las Vegas,Urbana,
2161000,05/05/2016,9:00 a.m.,Jueves,Automovil,Particular,Conductor,Masculino,No,Sin Registro,Herido,Choque,No mantener distancia de seguridad,Carrera 50 Calle 39  Sur,Las Vegas,Urbana,
2160988,05/05/2016,11:15 a.m.,Jueves,Camion,Publico,Conductor,Masculino,No,Sin Registro,Solo Daños,Choque,Adelantar cerrando,Carrera 48 Calle 19  Sur,Las Vegas,Urbana,"(6.187349001, -75.58153568)"
2160988,05/05/2016,11:15 a.m.,Jueves,Automovil,Particular,Conductor,Masculino,No,Sin Registro,Solo Daños,Choque,Adelantar cerrando,Carrera 48 Calle 19  Sur,Las Vegas,Urbana,"(6.187349001, -75.58153568)"
2160998,05/05/2016,1:00 p.m.,Jueves,Buseta,Publico,Conductor,Masculino,No,Sin Registro,Solo Daños,Choque,Otra,Carrera 30 Calle 40 F Sur,San Jose,Urbana,"(6.160818107, -75.58461284)"
2160998,05/05/2016,1:00 p.m.,Jueves,Motocicleta,Particular,Motociclista,Masculino,No,Sin Registro,Solo Daños,Choque,Otra,Carrera 30 Calle 40 F Sur,San Jose,Urbana,"(6.160818107, -75.58461284)"
2160995,05/05/2016,2:10 p.m.,Jueves,Campero,Particular,Conductor,Femenino,No,Sin Registro,Solo Daños,Choque,No mantener distancia de seguridad,Carrera 48 Calle 50  Sur,Las Vegas,Urbana,
2160995,05/05/2016,2:10 p.m.,Jueves,Automovil,Particular,Conductor,Femenino,No,Sin Registro,Solo Daños,Choque,No mantener distancia de seguridad,Carrera 48 Calle 50  Sur,Las Vegas,Urbana,
2161016,05/05/2016,2:30 p.m.,Jueves,Microbus,Publico,Conductor,Masculino,No,Sin Registro,Solo Daños,Choque,No mantener distancia de seguridad,Calle 37  Sur Carrera 36,Zona Centro,Urbana,"(6.168044613, -75.58323697)"
2161016,05/05/2016,2:30 p.m.,Jueves,Automovil,Particular,Conductor,Masculino,No,Sin Registro,Solo Daños,Choque,No mantener distancia de seguridad,Calle 37  Sur Carrera 36,Zona Centro,Urbana,"(6.168044613, -75.58323697)"
2160999,05/05/2016,4:30 p.m.,Jueves,Campero,Particular,Conductor,Masculino,No,Sin Registro,Solo Daños,Choque,No mantener distancia de seguridad,Carrera 48 Calle 37  Sur,Las Vegas,Urbana,"(6.172859211, -75.59276992)"
2160999,05/05/2016,4:30 p.m.,Jueves,Automovil,Particular,Conductor,Masculino,No,Sin Registro,Solo Daños,Choque,No mantener distancia de seguridad,Carrera 48 Calle 37  Sur,Las Vegas,Urbana,"(6.172859211, -75.59276992)"
2161003,05/05/2016,4:50 p.m.,Jueves,Automovil,Publico,Conductor,Masculino,No,Sin Registro,Herido,Choque,No mantener distancia de seguridad,Calle 48 C Sur Carrera 46,Sin Registro,Urbana,"(6.162854875, -75.59974437)"
2161003,05/05/2016,4:50 p.m.,Jueves,Motocicleta,Particular,Motociclista,Masculino,No,Sin Registro,Herido,Choque,No mantener distancia de seguridad,Calle 48 C Sur Carrera 46,Sin Registro,Urbana,"(6.162854875, -75.59974437)"
2161001,05/05/2016,6:10 p.m.,Jueves,Automovil,Publico,Conductor,Masculino,No,Sin Registro,Solo Daños,Choque,No respetar prelacion,Carrera 48 Calle 37  Sur,Las Vegas,Urbana,"(6.172859211, -75.59276992)"
2161001,05/05/2016,6:10 p.m.,Jueves,Automovil,Particular,Conductor,Femenino,No,Sin Registro,Solo Daños,Choque,No respetar prelacion,Carrera 48 Calle 37  Sur,Las Vegas,Urbana,"(6.172859211, -75.59276992)"
2161034,05/05/2016,8:10 p.m.,Jueves,Bus,Publico,Conductor,Masculino,No,Sin Registro,Solo Daños,Choque,No mantener distancia de seguridad,Calle 36  Sur Carrera 42 B,Las Orquideas,Urbana,"(6.17108429, -75.58648741)"
2161034,05/05/2016,8:10 p.m.,Jueves,Automovil,Publico,Conductor,Masculino,No,Sin Registro,Solo Daños,Choque,No mantener distancia de seguridad,Calle 36  Sur Carrera 42 B,Las Orquideas,Urbana,"(6.17108429, -75.58648741)"
2161025,05/05/2016,8:30 p.m.,Jueves,Automovil,Publico,Conductor,Masculino,No,Sin Registro,Solo Daños,Choque,No mantener distancia de seguridad,Tramo 372 Kilometro  12,Vereda Palmas,Rural,
2161025,05/05/2016,8:30 p.m.,Jueves,Campero,Particular,Conductor,Masculino,No,Sin Registro,Solo Daños,Choque,No mantener distancia de seguridad,Tramo 372 Kilometro  12,Vereda Palmas,Rural,
2161014,06/05/2016,8:00 a.m.,Viernes,Motocicleta,Particular,Motociclista,Masculino,No,Sin Registro,Solo Daños,Choque,No mantener distancia de seguridad,Tramo 372 Kilometro  13,Vereda Palmas,Rural,
2161014,06/05/2016,8:00 a.m.,Viernes,Camioneta,Particular,Conductor,Masculino,No,Sin Registro,Solo Daños,Choque,No mantener distancia de seguridad,Tramo 372 Kilometro  13,Vereda Palmas,Rural,
2161012,06/05/2016,8:20 a.m.,Viernes,Motocicleta,Particular,Motociclista,Masculino,No,Sin Registro,Herido,Atropello,Otra,Calle 37  Sur Carrera 42,Zona Centro,Urbana,"(6.17029993, -75.58693548)"
2161004,06/05/2016,9:25 a.m.,Viernes,Bus,Publico,Conductor,Masculino,No,Sin Registro,Solo Daños,Choque,No mantener distancia de seguridad,Calle 40  Sur Carrera 29,San Jose,Urbana,"(6.159832302, -75.5825953)"
2161004,06/05/2016,9:25 a.m.,Viernes,Camioneta,Publico,Conductor,Masculino,No,Sin Registro,Solo Daños,Choque,No mantener distancia de seguridad,Calle 40  Sur Carrera 29,San Jose,Urbana,"(6.159832302, -75.5825953)"
2161024,06/05/2016,10:30 a.m.,Viernes,Motocicleta,Particular,Motociclista,Femenino,No,Sin Registro,Herido,Caida Ocupante,Impericia en el manejo,Calle 40  Sur Carrera 44,Alcala,Urbana,"(6.168120304, -75.59095621)"
2161023,06/05/2016,11:10 a.m.,Viernes,Motocicleta,Particular,Motociclista,Masculino,No,Sin Registro,Herido,Choque,Exceso de velocidad,Carrera 50 Calle 39  Sur,Las Vegas,Urbana,
2161028,06/05/2016,1:00 p.m.,Viernes,Camioneta,Particular,Conductor,Femenino,No,Sin Registro,Herido,Choque,Impericia en el manejo,Carrera 43 A Calle 44  Sur,Primavera,Urbana,"(6.1654766, -75.59401722)"
2161028,06/05/2016,1:00 p.m.,Viernes,Motocicleta,Particular,Motociclista,Masculino,No,Sin Registro,Herido,Choque,Impericia en el manejo,Carrera 43 A Calle 44  Sur,Primavera,Urbana,"(6.1654766, -75.59401722)"
2161015,06/05/2016,3:30 p.m.,Viernes,Automovil,Particular,Conductor,Femenino,No,Sin Registro,Solo Daños,Choque,Adelantar cerrando,Calle 21  Sur Carrera 43 A,Sin Registro,Urbana,"(6.18399286, -75.57959764)"
2161015,06/05/2016,3:30 p.m.,Viernes,Automovil,Particular,Conductor,Masculino,No,Sin Registro,Solo Daños,Choque,Adelantar cerrando,Calle 21  Sur Carrera 43 A,Sin Registro,Urbana,"(6.18399286, -75.57959764)"
2161036,06/05/2016,8:20 p.m.,Viernes,Automovil,Particular,Conductor,Masculino,No,Sin Registro,Solo Daños,Choque,No respetar prelacion,Carrera 50 Calle 46  Sur,Las Vegas,Urbana,"(6.16131219, -75.60319818)"
2161036,06/05/2016,8:20 p.m.,Viernes,Camioneta,Particular,Conductor,Masculino,No,Sin Registro,Solo Daños,Choque,No respetar prelacion,Carrera 50 Calle 46  Sur,Las Vegas,Urbana,"(6.16131219, -75.60319818)"
2161019,06/05/2016,8:30 p.m.,Viernes,Motocicleta,Particular,Motociclista,Masculino,No,Sin Registro,Herido,Choque,Otra,Carrera 48 Calle 30  Sur,Las Vegas,Urbana,"(6.179366643, -75.5880841)"
2161019,06/05/2016,8:30 p.m.,Viernes,Camioneta,Particular,Conductor,Masculino,No,Sin Registro,Herido,Choque,Otra,Carrera 48 Calle 30  Sur,Las Vegas,Urbana,"(6.179366643, -75.5880841)"
2161042,06/05/2016,9:30 p.m.,Viernes,Automovil,Particular,Conductor,Masculino,No,Sin Registro,Solo Daños,Choque,No mantener distancia de seguridad,Carrera 43 A Calle 23  Sur,Avenida El Poblado,Urbana,"(6.182555831, -75.58017793)"
2161042,06/05/2016,9:30 p.m.,Viernes,Campero,Particular,Conductor,Masculino,No,Sin Registro,Solo Daños,Choque,No mantener distancia de seguridad,Carrera 43 A Calle 23  Sur,Avenida El Poblado,Urbana,"(6.182555831, -75.58017793)"
2161041,06/05/2016,9:50 p.m.,Viernes,Automovil,Particular,Conductor,Masculino,No,Sin Registro,Solo Daños,Choque,Adelantar cerrando,Calle 21  Sur Carrera 44,Zuñiga,Urbana,
2161041,06/05/2016,9:50 p.m.,Viernes,Bus,Publico,Conductor,Masculino,No,Sin Registro,Solo Daños,Choque,Adelantar cerrando,Calle 21  Sur Carrera 44,Zuñiga,Urbana,
2161039,06/05/2016,11:00 p.m.,Viernes,Automovil,Particular,Conductor,Femenino,No,Sin Registro,Solo Daños,Choque,No mantener distancia de seguridad,Carrera 43 A Calle 27  Sur,Avenida El Poblado,Urbana,"(6.179697995, -75.58317722)"
2161039,06/05/2016,11:00 p.m.,Viernes,Automovil,Particular,Conductor,Femenino,No,Sin Registro,Solo Daños,Choque,No mantener distancia de seguridad,Carrera 43 A Calle 27  Sur,Avenida El Poblado,Urbana,"(6.179697995, -75.58317722)"
2161056,07/05/2016,5:50 a.m.,Sábado,Automovil,Particular,Conductor,Masculino,No,Sin Registro,Solo Daños,Choque,Impericia en el manejo,Transversal 35 D Sur Diagonal 29,La Sebastiana,Urbana,
2161056,07/05/2016,5:50 a.m.,Sábado,Motocicleta,Particular,Motociclista,Masculino,No,Sin Registro,Solo Daños,Choque,Impericia en el manejo,Transversal 35 D Sur Diagonal 29,La Sebastiana,Urbana,
2161017,07/05/2016,6:40 a.m.,Sábado,Motocicleta,Particular,Motociclista,Masculino,No,Sin Registro,Solo Daños,Choque,No respetar prelacion,Carrera 50 Calle 39 B Sur,Las Vegas,Urbana,
2161017,07/05/2016,6:40 a.m.,Sábado,Automovil,Particular,Conductor,Masculino,No,Sin Registro,Solo Daños,Choque,No respetar prelacion,Carrera 50 Calle 39 B Sur,Las Vegas,Urbana,
2161063,07/05/2016,7:50 a.m.,Sábado,Automovil,Publico,Conductor,Masculino,No,Sin Registro,Solo Daños,Choque,Desobedecer senales,Transversal 33  Sur Diagonal 31 E,La Magnolia,Urbana,"(6.174189158, -75.57888419)"
2161063,07/05/2016,7:50 a.m.,Sábado,Automovil,Particular,Conductor,Masculino,No,Sin Registro,Solo Daños,Choque,Desobedecer senales,Transversal 33  Sur Diagonal 31 E,La Magnolia,Urbana,"(6.174189158, -75.57888419)"
2161026,07/05/2016,8:10 a.m.,Sábado,Automovil,Publico,Conductor,Masculino,No,Sin Registro,Herido,Choque,No mantener distancia de seguridad,Calle 38  Sur Carrera 29,San Jose,Urbana,"(6.165022576, -75.58071311)"
2161026,07/05/2016,8:10 a.m.,Sábado,Automovil,Particular,Conductor,Femenino,No,Sin Registro,Herido,Choque,No mantener distancia de seguridad,Calle 38  Sur Carrera 29,San Jose,Urbana,"(6.165022576, -75.58071311)"
2161026,07/05/2016,8:10 a.m.,Sábado,Automovil,Particular,Conductor,Masculino,No,Sin Registro,Herido,Choque,No mantener distancia de seguridad,Calle 38  Sur Carrera 29,San Jose,Urbana,"(6.165022576, -75.58071311)"
2161033,07/05/2016,8:35 a.m.,Sábado,Camioneta,Particular,Conductor,Femenino,No,Sin Registro,Solo Daños,Choque,Otra,Calle 36 D Sur Carrera 7,Vereda El Escobero,Urbana,
2161033,07/05/2016,8:35 a.m.,Sábado,Motocicleta,Particular,Motociclista,Masculino,No,Sin Registro,Solo Daños,Choque,Otra,Calle 36 D Sur Carrera 7,Vereda El Escobero,Urbana,
2161029,07/05/2016,10:00 a.m.,Sábado,Campero,Particular,Conductor,Masculino,No,Sin Registro,Solo Daños,Choque,Exceso de velocidad,Diagonal 29 Transversal 33,Alto De Misael,Urbana,"(6.173974531, -75.57731687)"
2161029,07/05/2016,10:00 a.m.,Sábado,Motocicleta,Particular,Motociclista,Masculino,No,Sin Registro,Solo Daños,Choque,Exceso de velocidad,Diagonal 29 Transversal 33,Alto De Misael,Urbana,"(6.173974531, -75.57731687)"
2161008,07/05/2016,10:10 a.m.,Sábado,Motocicleta,Particular,Motociclista,Femenino,No,Sin Registro,Solo Daños,Choque,No mantener distancia de seguridad,Calle 36 D Sur Carrera 27,Vereda El Escobero,Urbana,"(6.162479576, -75.57022257)"
2161008,07/05/2016,10:10 a.m.,Sábado,Camioneta,Particular,Conductor,Masculino,No,Sin Registro,Solo Daños,Choque,No mantener distancia de seguridad,Calle 36 D Sur Carrera 27,Vereda El Escobero,Urbana,"(6.162479576, -75.57022257)"
2161011,07/05/2016,11:25 a.m.,Sábado,Camioneta,Particular,Conductor,Femenino,No,Sin Registro,Solo Daños,Choque,No mantener distancia de seguridad,Carrera 40 A Calle 40 B Sur,El Dorado,Urbana,"(6.165850422, -75.58781688)"
2161011,07/05/2016,11:25 a.m.,Sábado,Automovil,Particular,Conductor,Masculino,No,Sin Registro,Solo Daños,Choque,No mantener distancia de seguridad,Carrera 40 A Calle 40 B Sur,El Dorado,Urbana,"(6.165850422, -75.58781688)"
2161020,07/05/2016,11:30 a.m.,Sábado,Campero,Particular,Conductor,Femenino,No,Sin Registro,Solo Daños,Choque,No mantener distancia de seguridad,Carrera 48 Calle 46 A Sur,Las Vegas,Urbana,"(6.166193944, -75.59977396)"
2161020,07/05/2016,11:30 a.m.,Sábado,Automovil,Particular,Conductor,Masculino,No,Sin Registro,Solo Daños,Choque,No mantener distancia de seguridad,Carrera 48 Calle 46 A Sur,Las Vegas,Urbana,"(6.166193944, -75.59977396)"
2161031,07/05/2016,11:30 a.m.,Sábado,Automovil,Particular,Conductor,Masculino,No,Sin Registro,Solo Daños,Choque,No mantener distancia de seguridad,Diagonal 39 Transversal 34 B,Obrero,Urbana,"(6.171523576, -75.58413244)"
2161031,07/05/2016,11:30 a.m.,Sábado,Automovil,Publico,Conductor,Masculino,No,Sin Registro,Solo Daños,Choque,No mantener distancia de seguridad,Diagonal 39 Transversal 34 B,Obrero,Urbana,"(6.171523576, -75.58413244)"
2161044,07/05/2016,11:50 a.m.,Sábado,Automovil,Particular,Conductor,Femenino,No,Sin Registro,Solo Daños,Choque,Otra,Carrera 43 A Calle 23  Sur,Zuñiga,Urbana,"(6.182555831, -75.58017793)"
2161044,07/05/2016,11:50 a.m.,Sábado,Tractocamion,Particular,Conductor,Masculino,No,Sin Registro,Solo Daños,Choque,Otra,Carrera 43 A Calle 23  Sur,Zuñiga,Urbana,"(6.182555831, -75.58017793)"
2161037,07/05/2016,12:00 p.m.,Sábado,Campero,Particular,Conductor,Femenino,No,Sin Registro,Solo Daños,Choque,No mantener distancia de seguridad,Calle 27  Sur Carrera 28,El Esmeraldal,Urbana,"(6.175346318, -75.5745834)"
2161037,07/05/2016,12:00 p.m.,Sábado,Automovil,Particular,Conductor,Femenino,No,Sin Registro,Solo Daños,Choque,No mantener distancia de seguridad,Calle 27  Sur Carrera 28,El Esmeraldal,Urbana,"(6.175346318, -75.5745834)"
2161007,07/05/2016,2:00 p.m.,Sábado,Bus,Publico,Conductor,Masculino,No,Sin Registro,Solo Daños,Choque,Impericia en el manejo,Carrera 25 A Calle 40 G Sur,La Mina,Urbana,"(6.154691714, -75.58435527)"
2161007,07/05/2016,2:00 p.m.,Sábado,Automovil,Particular,Conductor,Masculino,No,Sin Registro,Solo Daños,Choque,Impericia en el manejo,Carrera 25 A Calle 40 G Sur,La Mina,Urbana,"(6.154691714, -75.58435527)"
2161010,07/05/2016,6:50 p.m.,Sábado,Motocicleta,Diplomatico,Motociclista,Masculino,No,Sin Registro,Herido,Choque,No respetar prelacion,Carrera 42 B Calle 46 C Sur,La Paz,Urbana,"(6.161304496, -75.59487412)"
2161010,07/05/2016,6:50 p.m.,Sábado,Motocicleta,Particular,Motociclista,Masculino,No,Sin Registro,Herido,Choque,No respetar prelacion,Carrera 42 B Calle 46 C Sur,La Paz,Urbana,"(6.161304496, -75.59487412)"
2161006,07/05/2016,7:40 p.m.,Sábado,Automovil,Particular,Conductor,Masculino,Si,1,Herido,Atropello,No respetar prelacion,Carrera 40 A Calle 40 F Sur,El Dorado,Urbana,"(6.164685452, -75.58959487)"
2161045,07/05/2016,9:25 p.m.,Sábado,Motocicleta,Particular,Motociclista,Masculino,No,Sin Registro,Herido,Choque,Transitar entre vehiculos,Carrera 43 A Calle 46  Sur,Primavera,Urbana,"(6.164030981, -75.59599263)"
2161045,07/05/2016,9:25 p.m.,Sábado,Motocicleta,Particular,Motociclista,Masculino,No,Sin Registro,Herido,Choque,Transitar entre vehiculos,Carrera 43 A Calle 46  Sur,Primavera,Urbana,"(6.164030981, -75.59599263)"
2161032,08/05/2016,7:40 a.m.,Domingo,Automovil,Publico,Conductor,Masculino,No,Sin Registro,Solo Daños,Choque,Reverso imprudente,Carrera 33 Calle 39  Sur,Mesa,Urbana,"(6.164867486, -75.58294667)"
2161032,08/05/2016,7:40 a.m.,Domingo,Automovil,Particular,Conductor,Masculino,No,Sin Registro,Solo Daños,Choque,Reverso imprudente,Carrera 33 Calle 39  Sur,Mesa,Urbana,"(6.164867486, -75.58294667)"
2161040,08/05/2016,9:00 a.m.,Domingo,Motocicleta,Particular,Motociclista,Masculino,No,Sin Registro,Herido,Choque,Otra,Transversal 34 E Sur Diagonal 31 A,La Sebastiana,Urbana,"(6.173807152, -75.58108329)"
2161040,08/05/2016,9:00 a.m.,Domingo,Automovil,Particular,Conductor,Femenino,No,Sin Registro,Herido,Choque,Otra,Transversal 34 E Sur Diagonal 31 A,La Sebastiana,Urbana,"(6.173807152, -75.58108329)"
2161038,08/05/2016,10:10 a.m.,Domingo,Automovil,Particular,Conductor,Masculino,No,Sin Registro,Herido,Choque,Otra,Calle 40  Sur Carrera 31,San Jose,Urbana,"(6.163186404, -75.58270867)"
2161038,08/05/2016,10:10 a.m.,Domingo,Motocicleta,Particular,Motociclista,Masculino,No,Sin Registro,Herido,Choque,Otra,Calle 40  Sur Carrera 31,San Jose,Urbana,"(6.163186404, -75.58270867)"
2161018,08/05/2016,11:40 a.m.,Domingo,Camioneta,Particular,Conductor,Masculino,No,Sin Registro,Solo Daños,Choque,Semaforo en rojo,Calle 38  Sur Carrera 39,Zona Centro,Urbana,"(6.16839174, -75.5852478)"
2161146,05/18/2016,5:30 p.m.,Miércoles,Motocicleta,Particular,Motociclista,Masculino,No,Sin Registro,Herido,Choque,Otra,Calle 30  Sur Carrera 50,Las Vegas,Urbana,
2161018,08/05/2016,11:40 a.m.,Domingo,Automovil,Particular,Conductor,Femenino,No,Sin Registro,Solo Daños,Choque,Semaforo en rojo,Calle 38  Sur Carrera 39,Zona Centro,Urbana,"(6.16839174, -75.5852478)"
2161013,08/05/2016,12:45 p.m.,Domingo,Bus,Publico,Conductor,Masculino,No,Sin Registro,Solo Daños,Choque,No mantener distancia de seguridad,Calle 21  Sur Carrera 41 A,Zuñiga,Urbana,"(6.182549881, -75.57750033)"
2161013,08/05/2016,12:45 p.m.,Domingo,Camioneta,Particular,Conductor,Masculino,No,Sin Registro,Solo Daños,Choque,No mantener distancia de seguridad,Calle 21  Sur Carrera 41 A,Zuñiga,Urbana,"(6.182549881, -75.57750033)"
2161059,08/05/2016,1:30 p.m.,Domingo,Automovil,Particular,Conductor,Masculino,No,Sin Registro,Solo Daños,Choque,Otra,Tramo 371 Kilometro  1,Vereda El Escobero,Rural,
2161059,08/05/2016,1:30 p.m.,Domingo,Campero,Particular,Conductor,Masculino,No,Sin Registro,Solo Daños,Choque,Otra,Tramo 371 Kilometro  1,Vereda El Escobero,Rural,
2161049,08/05/2016,2:00 p.m.,Domingo,Automovil,Particular,Conductor,Masculino,No,Sin Registro,Herido,Choque,Otra,Calle 30  Sur Carrera 50,Las Vegas,Urbana,
2161049,08/05/2016,2:00 p.m.,Domingo,Motocicleta,Particular,Motociclista,Masculino,No,Sin Registro,Herido,Choque,Otra,Calle 30  Sur Carrera 50,Las Vegas,Urbana,
2161053,08/05/2016,2:00 p.m.,Domingo,Automovil,Particular,Conductor,Masculino,No,Sin Registro,Solo Daños,Choque,Adelantar cerrando,Tramo 372 Kilometro  16,Vereda Palmas,Rural,
2161053,08/05/2016,2:00 p.m.,Domingo,Microbus,Publico,Conductor,Masculino,No,Sin Registro,Solo Daños,Choque,Adelantar cerrando,Tramo 372 Kilometro  16,Vereda Palmas,Rural,
2161048,08/05/2016,2:20 p.m.,Domingo,Automovil,Particular,Conductor,Femenino,No,Sin Registro,Herido,Choque,Adelantar por la derecha,Tramo 372 Kilometro  14,Vereda Palmas,Rural,