RADICADO,FECHA,HORA,DÍA DE LA SEMANA,CLASE DE VEHICULO,TIPO DE SERVICIO,TIPO DE VICTIMA,SEXO,ESTADO DE BEODEZ,RESULTADO DE BEODEZ,GRAVEDAD,CLASE DE ACCIDENTE,CAUSA,DIRECCIÓN,BARRIO,AREA,Coordenadas
2161048,08/05/2016,2:20 p.m.,Domingo,Motocicleta,Particular,Motociclista,Masculino,No,Sin Registro,Herido,Choque,Adelantar por la derecha,Tramo 372 Kilometro  14,Vereda Palmas,Rural,
2161046,08/05/2016,2:40 p.m.,Domingo,Campero,Particular,Conductor,Masculino,No,Sin Registro,Herido,Choque,Exceso de velocidad,Tramo 371 Kilometro  5,Vereda El Escobero,Rural,
2161046,08/05/2016,2:40 p.m.,Domingo,Campero,Particular,Conductor,Masculino,No,Sin Registro,Herido,Choque,Exceso de velocidad,Tramo 371 Kilometro  5,Vereda El Escobero,Rural,
2161046,08/05/2016,2:40 p.m.,Domingo,Automovil,Particular,Conductor,Masculino,No,Sin Registro,Herido,Choque,Exceso de velocidad,Tramo 371 Kilometro  5,Vereda El Escobero,Rural,
2161022,08/05/2016,3:30 p.m.,Domingo,Automovil,Publico,Conductor,Masculino,No,Sin Registro,Solo Daños,Choque,No mantener distancia de seguridad,Carrera 50 Calle 37  Sur,Las Vegas,Urbana,
2161022,08/05/2016,3:30 p.m.,Domingo,Automovil,Particular,Conductor,Masculino,No,Sin Registro,Solo Daños,Choque,No mantener distancia de seguridad,Carrera 50 Calle 37  Sur,Las Vegas,Urbana,
2161043,08/05/2016,4:30 p.m.,Domingo,Automovil,Publico,Conductor,Masculino,No,Sin Registro,Solo Daños,Choque,Otra,Diagonal 29 Transversal 32 A Sur,Alto De Misael,Urbana,"(6.175050214, -75.57789094)"
2161047,08/05/2016,6:00 p.m.,Domingo,Automovil,Publico,Conductor,Masculino,No,Sin Registro,Herido,Choque,No mantener distancia de seguridad,Calle 40 B Sur Carrera 27 B,La Mina,Urbana,"(6.158875504, -75.58166338)"
2161047,08/05/2016,6:00 p.m.,Domingo,Bicicleta,Particular,Ciclista,Masculino,No,Sin Registro,Herido,Choque,No mantener distancia de seguridad,Calle 40 B Sur Carrera 27 B,La Mina,Urbana,"(6.158875504, -75.58166338)"
2161050,08/05/2016,6:00 p.m.,Domingo,Motocicleta,Particular,Motociclista,Femenino,No,Sin Registro,Herido,Atropello,Cruzar sin observar,Calle 40 B Sur Carrera 27 B,La Mina,Urbana,"(6.158875504, -75.58166338)"
2161005,08/05/2016,7:00 p.m.,Domingo,Automovil,Particular,Conductor,Masculino,No,Sin Registro,Solo Daños,Choque,No respetar prelacion,Tramo 372 Kilometro  13,Vereda Palmas,Rural,
2161005,08/05/2016,7:00 p.m.,Domingo,Automovil,Particular,Conductor,Masculino,No,Sin Registro,Solo Daños,Choque,No respetar prelacion,Tramo 372 Kilometro  13,Vereda Palmas,Rural,
2161071,09/05/2016,12:20 p.m.,Lunes,Automovil,Particular,Conductor,Masculino,No,Sin Registro,Solo Daños,Choque,Impericia en el manejo,Carrera 30 Calle 40 F Sur,Sin Registro,Urbana,"(6.160818107, -75.58461284)"
2161052,09/05/2016,12:30 p.m.,Lunes,Motocicleta,Particular,Motociclista,Masculino,No,Sin Registro,Herido,Choque,Otra,Calle 40 F Sur Carrera 30,San Jose,Urbana,"(6.160823983, -75.58451946)"
2161052,09/05/2016,12:30 p.m.,Lunes,Bicicleta,Particular,Ciclista,Masculino,No,Sin Registro,Herido,Choque,Otra,Calle 40 F Sur Carrera 30,San Jose,Urbana,"(6.160823983, -75.58451946)"
2161027,09/05/2016,3:26 p.m.,Lunes,Automovil,Particular,Conductor,Masculino,No,Sin Registro,Solo Daños,Choque,No mantener distancia de seguridad,Carrera 48 Calle 25  Sur,Las Vegas,Urbana,"(6.185059174, -75.58329333)"
2161027,09/05/2016,3:26 p.m.,Lunes,Automovil,Particular,Conductor,Masculino,No,Sin Registro,Solo Daños,Choque,No mantener distancia de seguridad,Carrera 48 Calle 25  Sur,Las Vegas,Urbana,"(6.185059174, -75.58329333)"
2161057,09/05/2016,3:50 p.m.,Lunes,Motocicleta,Particular,Motociclista,Masculino,No,Sin Registro,Solo Daños,Choque,No mantener distancia de seguridad,Calle 36 D Sur Carrera 27 D,Vereda El Escobero,Urbana,"(6.164970853, -75.57463727)"
2161057,09/05/2016,3:50 p.m.,Lunes,Automovil,Particular,Conductor,Masculino,No,Sin Registro,Solo Daños,Choque,No mantener distancia de seguridad,Calle 36 D Sur Carrera 27 D,Vereda El Escobero,Urbana,"(6.164970853, -75.57463727)"
2161061,09/05/2016,4:50 p.m.,Lunes,Camioneta,Particular,Conductor,Masculino,No,Sin Registro,Solo Daños,Choque,Adelantar cerrando,Tramo 372 Kilometro  10,Vereda Palmas,Rural,
2161061,09/05/2016,4:50 p.m.,Lunes,Campero,Particular,Conductor,Masculino,No,Sin Registro,Solo Daños,Choque,Adelantar cerrando,Tramo 372 Kilometro  10,Vereda Palmas,Rural,
2161021,09/05/2016,6:10 p.m.,Lunes,Automovil,Particular,Conductor,Masculino,No,Sin Registro,Solo Daños,Choque,No mantener distancia de seguridad,Carrera 27 Calle 36 D Sur,La Inmaculada,Urbana,"(6.167009975, -75.56927808)"
2161021,09/05/2016,6:10 p.m.,Lunes,Automovil,Particular,Conductor,Masculino,No,Sin Registro,Solo Daños,Choque,No mantener distancia de seguridad,Carrera 27 Calle 36 D Sur,La Inmaculada,Urbana,"(6.167009975, -75.56927808)"
2161030,09/05/2016,10:00 p.m.,Lunes,Automovil,Particular,Conductor,Femenino,No,Sin Registro,Solo Daños,Choque,Reverso imprudente,Carrera 43 A Calle 25  Sur,Villa Grande,Urbana,"(6.181616833, -75.58185727)"
2161030,09/05/2016,10:00 p.m.,Lunes,Automovil,Particular,Conductor,Femenino,No,Sin Registro,Solo Daños,Choque,Reverso imprudente,Carrera 43 A Calle 25  Sur,Villa Grande,Urbana,"(6.181616833, -75.58185727)"
2161009,09/05/2016,11:25 p.m.,Lunes,Automovil,Particular,Conductor,Masculino,No,Sin Registro,Solo Daños,Choque,Otra,Calle 40 A Sur Carrera 24 B,Sin Registro,Urbana,"(6.151984005, -75.58064483)"
2161009,09/05/2016,11:25 p.m.,Lunes,Motocicleta,Particular,Motociclista,Masculino,No,Sin Registro,Solo Daños,Choque,Otra,Calle 40 A Sur Carrera 24 B,Sin Registro,Urbana,"(6.151984005, -75.58064483)"
2161873,10/05/2016,3:44 a.m.,Martes,Camioneta,Particular,Conductor,Sin registro,No,Sin Registro,Solo Daños,Choque,Otra,Calle 32 B Sur Carrera 50,Las Vegas,Urbana,
2161873,10/05/2016,3:44 a.m.,Martes,Motocicleta,Particular,Motociclista,Masculino,No,Sin Registro,Solo Daños,Choque,Otra,Calle 32 B Sur Carrera 50,Las Vegas,Urbana,
2161055,10/05/2016,5:15 a.m.,Martes,Microbus,Publico,Conductor,Masculino,No,Sin Registro,Solo Daños,Choque,Transitar entre vehiculos,Calle 19  Sur Carrera 50,Las Vegas,Urbana,
2161055,10/05/2016,5:15 a.m.,Martes,Motocicleta,Particular,Motociclista,Masculino,No,Sin Registro,Solo Daños,Choque,Transitar entre vehiculos,Calle 19  Sur Carrera 50,Las Vegas,Urbana,
2161060,10/05/2016,1:30 p.m.,Martes,Automovil,Particular,Conductor,Femenino,No,Sin Registro,Solo Daños,Choque,No respetar prelacion,Calle 31  Sur Carrera 43 A,San Marcos,Urbana,"(6.176823564, -75.58539215)"
2161060,10/05/2016,1:30 p.m.,Martes,Motocicleta,Particular,Motociclista,Femenino,No,Sin Registro,Solo Daños,Choque,No respetar prelacion,Calle 31  Sur Carrera 43 A,San Marcos,Urbana,"(6.176823564, -75.58539215)"
2161062,10/05/2016,4:00 p.m.,Martes,Automovil,Particular,Conductor,Femenino,No,Sin Registro,Solo Daños,Choque,No mantener distancia de seguridad,Calle 27  Sur Carrera 27,Zuñiga,Urbana,"(6.17243521, -75.56787192)"
2161062,10/05/2016,4:00 p.m.,Martes,Campero,Particular,Conductor,Femenino,No,Sin Registro,Solo Daños,Choque,No mantener distancia de seguridad,Calle 27  Sur Carrera 27,Zuñiga,Urbana,"(6.17243521, -75.56787192)"
2161051,10/05/2016,5:00 p.m.,Martes,Automovil,Publico,Conductor,Masculino,No,Sin Registro,Herido,Choque,Desobedecer senales,Calle 40 AA Sur Carrera 36,El Dorado,Urbana,"(6.164225597, -75.58532014)"
2161051,10/05/2016,5:00 p.m.,Martes,Motocicleta,Particular,Motociclista,Masculino,No,Sin Registro,Herido,Choque,Desobedecer senales,Calle 40 AA Sur Carrera 36,El Dorado,Urbana,"(6.164225597, -75.58532014)"
2161054,10/05/2016,5:20 p.m.,Martes,Automovil,Diplomatico,Conductor,Masculino,No,Sin Registro,Solo Daños,Choque,Transitar entre vehiculos,Calle 39  Sur Carrera 43,Zona Centro,Urbana,"(6.168678771, -75.58876156)"
2161054,10/05/2016,5:20 p.m.,Martes,Motocicleta,Particular,Motociclista,Masculino,No,Sin Registro,Solo Daños,Choque,Transitar entre vehiculos,Calle 39  Sur Carrera 43,Zona Centro,Urbana,"(6.168678771, -75.58876156)"
2161058,10/05/2016,6:00 p.m.,Martes,Automovil,Publico,Conductor,Masculino,No,Sin Registro,Solo Daños,Choque,Adelantar cerrando,Calle 37  Sur Carrera 49,Sin Registro,Urbana,"(6.174789471, -75.59420424)"
2161058,10/05/2016,6:00 p.m.,Martes,Camion,Publico,Conductor,Masculino,No,Sin Registro,Solo Daños,Choque,Adelantar cerrando,Calle 37  Sur Carrera 49,Sin Registro,Urbana,"(6.174789471, -75.59420424)"
2161076,11/05/2016,6:00 a.m.,Miércoles,Automovil,Particular,Conductor,Masculino,No,Sin Registro,Solo Daños,Choque,Impericia en el manejo,Tramo 372 Kilometro  5,Vereda Palmas,Rural,
2161076,11/05/2016,6:00 a.m.,Miércoles,Camioneta,Publico,Conductor,Masculino,No,Sin Registro,Solo Daños,Choque,Impericia en el manejo,Tramo 372 Kilometro  5,Vereda Palmas,Rural,
2161077,11/05/2016,6:05 a.m.,Miércoles,Motocicleta,Particular,Motociclista,Masculino,No,Sin Registro,Herido,Choque,No respetar prelacion,Calle 40 B Sur Carrera 39 A,El Dorado,Urbana,"(6.165386968, -75.58718501)"
2161077,11/05/2016,6:05 a.m.,Miércoles,Automovil,Particular,Conductor,Masculino,No,Sin Registro,Herido,Choque,No respetar prelacion,Calle 40 B Sur Carrera 39 A,El Dorado,Urbana,"(6.165386968, -75.58718501)"
2161067,11/05/2016,6:20 a.m.,Miércoles,Motocicleta,Particular,Motociclista,Femenino,No,Sin Registro,Solo Daños,Choque,Desobedecer senales,Calle 38  Sur Carrera 46,Sin Registro,Urbana,"(6.171966643, -75.59136974)"
2161067,11/05/2016,6:20 a.m.,Miércoles,Automovil,Particular,Conductor,Masculino,No,Sin Registro,Solo Daños,Choque,Desobedecer senales,Calle 38  Sur Carrera 46,Sin Registro,Urbana,"(6.171966643, -75.59136974)"
2161072,11/05/2016,7:20 a.m.,Miércoles,Microbus,Publico,Conductor,Masculino,No,Sin Registro,Solo Daños,Choque,No respetar prelacion,Calle 37 B Sur Carrera 27 B,Sin Registro,Urbana,"(6.161472845, -75.57610787)"
2161072,11/05/2016,7:20 a.m.,Miércoles,Camioneta,Particular,Conductor,Masculino,No,Sin Registro,Solo Daños,Choque,No respetar prelacion,Calle 37 B Sur Carrera 27 B,Sin Registro,Urbana,"(6.161472845, -75.57610787)"
2161064,11/05/2016,9:30 a.m.,Miércoles,Automovil,Particular,Conductor,Masculino,No,Sin Registro,Solo Daños,Choque,No mantener distancia de seguridad,Transversal 36  Sur Diagonal 29,La Sebastiana,Urbana,"(6.167748726, -75.57875417)"
2161064,11/05/2016,9:30 a.m.,Miércoles,Campero,Particular,Conductor,Masculino,No,Sin Registro,Solo Daños,Choque,No mantener distancia de seguridad,Transversal 36  Sur Diagonal 29,La Sebastiana,Urbana,"(6.167748726, -75.57875417)"
2161082,11/05/2016,10:00 a.m.,Miércoles,Motocicleta,Particular,Motociclista,Masculino,No,Sin Registro,Herido,Choque,Desobedecer senales,Calle 37 A Sur Carrera 33,Mesa,Urbana,"(6.166332677, -75.58203718)"
2161109,05/13/2016,10:15 a.m.,Viernes,Camion,Publico,Conductor,Masculino,No,Sin Registro,Herido,Caida Ocupante,No respetar prelacion,Calle 37  Sur Carrera 50,Las Vegas,Urbana,
2161082,11/05/2016,10:00 a.m.,Miércoles,Automovil,Publico,Conductor,Masculino,No,Sin Registro,Herido,Choque,Desobedecer senales,Calle 37 A Sur Carrera 33,Mesa,Urbana,"(6.166332677, -75.58203718)"
2161070,11/05/2016,10:10 a.m.,Miércoles,Camioneta,Particular,Conductor,Femenino,No,Sin Registro,Solo Daños,Choque,No respetar prelacion,Calle 36 D Sur Carrera 24,Vereda El Escobero,Urbana,"(6.157425668, -75.56691387)"
2161070,11/05/2016,10:10 a.m.,Miércoles,Automovil,Particular,Conductor,Masculino,No,Sin Registro,Solo Daños,Choque,No respetar prelacion,Calle 36 D Sur Carrera 24,Vereda El Escobero,Urbana,"(6.157425668, -75.56691387)"
2161069,11/05/2016,11:40 a.m.,Miércoles,Automovil,Particular,Conductor,Femenino,No,Sin Registro,Solo Daños,Choque,Desobedecer senales,Transversal 32 C Sur Diagonal 33,La Magnolia,Urbana,"(6.174173828, -75.58525837)"
2161069,11/05/2016,11:40 a.m.,Miércoles,Automovil,Particular,Conductor,Masculino,No,Sin Registro,Solo Daños,Choque,Desobedecer senales,Transversal 32 C Sur Diagonal 33,La Magnolia,Urbana,"(6.174173828, -75.58525837)"
2161075,11/05/2016,11:50 a.m.,Miércoles,Automovil,Particular,Conductor,Masculino,No,Sin Registro,Solo Daños,Choque,No mantener distancia de seguridad,Calle 37  Sur Carrera 48,Sin Registro,Urbana,"(6.17412211, -75.59306111)"
2161075,11/05/2016,11:50 a.m.,Miércoles,Motocicleta,Particular,Motociclista,Masculino,No,Sin Registro,Solo Daños,Choque,No mantener distancia de seguridad,Calle 37  Sur Carrera 48,Sin Registro,Urbana,"(6.17412211, -75.59306111)"
2161079,11/05/2016,1:40 p.m.,Miércoles,Camioneta,Publico,Conductor,Masculino,No,Sin Registro,Solo Daños,Choque,No mantener distancia de seguridad,Calle 43  Sur Carrera 50,Las Vegas,Urbana,"(6.159203801, -75.60259496)"
2161079,11/05/2016,1:40 p.m.,Miércoles,Camioneta,Particular,Conductor,Masculino,No,Sin Registro,Solo Daños,Choque,No mantener distancia de seguridad,Calle 43  Sur Carrera 50,Las Vegas,Urbana,"(6.159203801, -75.60259496)"
2161065,11/05/2016,4:10 p.m.,Miércoles,Camioneta,Particular,Conductor,Masculino,No,Sin Registro,Solo Daños,Choque,No respetar prelacion,Transversal 36 Diagonal 31,La Sebastiana,Urbana,"(6.16838256, -75.58057915)"
2161065,11/05/2016,4:10 p.m.,Miércoles,Automovil,Particular,Conductor,Masculino,No,Sin Registro,Solo Daños,Choque,No respetar prelacion,Transversal 36 Diagonal 31,La Sebastiana,Urbana,"(6.16838256, -75.58057915)"
2161068,11/05/2016,6:30 p.m.,Miércoles,Automovil,Particular,Conductor,Femenino,No,Sin Registro,Solo Daños,Choque,No mantener distancia de seguridad,Calle 37  Sur Carrera 50,Sin Registro,Urbana,
2161068,11/05/2016,6:30 p.m.,Miércoles,Automovil,Particular,Conductor,Masculino,No,Sin Registro,Solo Daños,Choque,No mantener distancia de seguridad,Calle 37  Sur Carrera 50,Sin Registro,Urbana,
2161066,11/05/2016,6:50 p.m.,Miércoles,Campero,Particular,Conductor,Femenino,No,Sin Registro,Solo Daños,Choque,Desobedecer senales,Calle 38 A Sur Carrera 33,Mesa,Urbana,"(6.165645413, -75.58254878)"
2161066,11/05/2016,6:50 p.m.,Miércoles,Automovil,Particular,Conductor,Masculino,No,Sin Registro,Solo Daños,Choque,Desobedecer senales,Calle 38 A Sur Carrera 33,Mesa,Urbana,"(6.165645413, -75.58254878)"
2161078,12/05/2016,6:50 a.m.,Jueves,Automovil,Particular,Conductor,Masculino,No,Sin Registro,Solo Daños,Choque,No mantener distancia de seguridad,Transversal 33  Sur Carrera 43,Bucarest,Urbana,"(6.173912569, -75.58697473)"
2161078,12/05/2016,6:50 a.m.,Jueves,Automovil,Particular,Conductor,Masculino,No,Sin Registro,Solo Daños,Choque,No mantener distancia de seguridad,Transversal 33  Sur Carrera 43,Bucarest,Urbana,"(6.173912569, -75.58697473)"
2161073,12/05/2016,7:00 a.m.,Jueves,Automovil,Particular,Conductor,Femenino,No,Sin Registro,Solo Daños,Choque,No respetar prelacion,Calle 26  Sur Carrera 48,Las Vegas,Urbana,"(6.183423583, -75.58542895)"
2161073,12/05/2016,7:00 a.m.,Jueves,Campero,Particular,Conductor,Masculino,No,Sin Registro,Solo Daños,Choque,No respetar prelacion,Calle 26  Sur Carrera 48,Las Vegas,Urbana,"(6.183423583, -75.58542895)"
2161081,12/05/2016,7:15 a.m.,Jueves,Camioneta,Particular,Conductor,Femenino,No,Sin Registro,Solo Daños,Choque,Desobedecer senales,Calle 36 D Sur Carrera 27,Vereda El Escobero,Urbana,"(6.162479576, -75.57022257)"
2161081,12/05/2016,7:15 a.m.,Jueves,Automovil,Particular,Conductor,Femenino,No,Sin Registro,Solo Daños,Choque,Desobedecer senales,Calle 36 D Sur Carrera 27,Vereda El Escobero,Urbana,"(6.162479576, -75.57022257)"
2161074,12/05/2016,7:40 a.m.,Jueves,Automovil,Particular,Conductor,Femenino,No,Sin Registro,Solo Daños,Choque,Otra,Calle 48 C Sur Carrera 43 A,Sin Registro,Urbana,"(6.162378903, -75.59763059)"
2161074,12/05/2016,7:40 a.m.,Jueves,Bicicleta,Particular,Ciclista,Masculino,No,Sin Registro,Solo Daños,Choque,Otra,Calle 48 C Sur Carrera 43 A,Sin Registro,Urbana,"(6.162378903, -75.59763059)"
2161104,12/05/2016,8:45 a.m.,Jueves,Motocicleta,Particular,Motociclista,Masculino,No,Sin Registro,Herido,Caida Ocupante,Impericia en el manejo,Calle 36 D Sur Carrera 27,Sin Registro,Urbana,"(6.162479576, -75.57022257)"
2161096,12/05/2016,11:50 a.m.,Jueves,Automovil,Particular,Conductor,Masculino,No,Sin Registro,Solo Daños,Choque,No mantener distancia de seguridad,Calle 27  Sur Carrera 27,La Inmaculada,Urbana,"(6.17243521, -75.56787192)"
2161096,12/05/2016,11:50 a.m.,Jueves,Automovil,Particular,Conductor,Femenino,No,Sin Registro,Solo Daños,Choque,No mantener distancia de seguridad,Calle 27  Sur Carrera 27,La Inmaculada,Urbana,"(6.17243521, -75.56787192)"
2161080,12/05/2016,12:30 p.m.,Jueves,Automovil,Publico,Conductor,Masculino,No,Sin Registro,Solo Daños,Choque,Adelantar cerrando,Calle 40  Sur Carrera 43 A,El Dorado,Urbana,"(6.167965983, -75.59024215)"
2161080,12/05/2016,12:30 p.m.,Jueves,Automovil,Particular,Conductor,Femenino,No,Sin Registro,Solo Daños,Choque,Adelantar cerrando,Calle 40  Sur Carrera 43 A,El Dorado,Urbana,"(6.167965983, -75.59024215)"
2161088,12/05/2016,1:00 p.m.,Jueves,Bus,Publico,Conductor,Masculino,No,Sin Registro,Solo Daños,Choque,Otra,Calle 37  Sur Carrera 41,Zona Centro,Urbana,"(6.169855492, -75.58619601)"
2161088,12/05/2016,1:00 p.m.,Jueves,Automovil,Particular,Conductor,Masculino,No,Sin Registro,Solo Daños,Choque,Otra,Calle 37  Sur Carrera 41,Zona Centro,Urbana,"(6.169855492, -75.58619601)"
2161084,12/05/2016,2:40 p.m.,Jueves,Tractocamion,Publico,Conductor,Masculino,No,Sin Registro,Solo Daños,Choque,Transitar entre vehiculos,Calle 26  Sur Carrera 50,Las Vegas,Urbana,
2161084,12/05/2016,2:40 p.m.,Jueves,Motocicleta,Particular,Motociclista,Masculino,No,Sin Registro,Solo Daños,Choque,Transitar entre vehiculos,Calle 26  Sur Carrera 50,Las Vegas,Urbana,
2161083,12/05/2016,2:50 p.m.,Jueves,Bus,Publico,Conductor,Masculino,No,Sin Registro,Solo Daños,Choque,No mantener distancia de seguridad,Calle 39  Sur Carrera 50,Las Vegas,Urbana,
2161083,12/05/2016,2:50 p.m.,Jueves,Motocicleta,Particular,Motociclista,Masculino,No,Sin Registro,Solo Daños,Choque,No mantener distancia de seguridad,Calle 39  Sur Carrera 50,Las Vegas,Urbana,
2161110,12/05/2016,5:05 p.m.,Jueves,Bus,Publico,Conductor,Masculino,No,Sin Registro,Solo Daños,Choque,Otra,Calle 38  Sur Carrera 38,Zona Centro,Urbana,"(6.16803936, -75.58469435)"
2161110,12/05/2016,5:05 p.m.,Jueves,Camioneta,Particular,Conductor,Masculino,No,Sin Registro,Solo Daños,Choque,Otra,Calle 38  Sur Carrera 38,Zona Centro,Urbana,"(6.16803936, -75.58469435)"
2161107,12/05/2016,8:00 p.m.,Jueves,Buseta,Publico,Conductor,Masculino,No,Sin Registro,Solo Daños,Choque,Adelantar cerrando,Calle 39 B Sur Carrera 49,Las Vegas,Urbana,"(6.170162601, -75.59457554)"
2161107,12/05/2016,8:00 p.m.,Jueves,Automovil,Particular,Conductor,Femenino,No,Sin Registro,Solo Daños,Choque,Adelantar cerrando,Calle 39 B Sur Carrera 49,Las Vegas,Urbana,"(6.170162601, -75.59457554)"
2161089,12/05/2016,8:30 p.m.,Jueves,Camioneta,Particular,Conductor,Masculino,No,Sin Registro,Solo Daños,Choque,Exceso de velocidad,Calle 39 D Sur Carrera 28,Sin Registro,Urbana,"(6.154343948, -75.57802149)"
2161100,12/05/2016,8:50 p.m.,Jueves,Automovil,Particular,Conductor,Masculino,No,Sin Registro,Solo Daños,Choque,Otra,Calle 43  Sur Carrera 50,Las Vegas,Urbana,"(6.159203801, -75.60259496)"
2161100,12/05/2016,8:50 p.m.,Jueves,Motocicleta,Particular,Motociclista,Masculino,No,Sin Registro,Solo Daños,Choque,Otra,Calle 43  Sur Carrera 50,Las Vegas,Urbana,"(6.159203801, -75.60259496)"
2161085,05/13/2016,12:05 a.m.,Viernes,Motocicleta,Particular,Motociclista,Masculino,No,Sin Registro,Solo Daños,Choque,Reverso imprudente,Calle 25  Sur Carrera 41 B,Sin Registro,Urbana,"(6.179149922, -75.57834505)"
2161085,05/13/2016,12:05 a.m.,Viernes,Automovil,Publico,Conductor,Masculino,No,Sin Registro,Solo Daños,Choque,Reverso imprudente,Calle 25  Sur Carrera 41 B,Sin Registro,Urbana,"(6.179149922, -75.57834505)"
2161111,05/13/2016,7:00 a.m.,Viernes,Automovil,Particular,Conductor,Masculino,No,Sin Registro,Solo Daños,Choque,Impericia en el manejo,Calle 21  Sur Carrera 43 A,Sin Registro,Urbana,"(6.18399286, -75.57959764)"
2161111,05/13/2016,7:00 a.m.,Viernes,Automovil,Particular,Conductor,Masculino,Si,1,Solo Daños,Choque,Impericia en el manejo,Calle 21  Sur Carrera 43 A,Sin Registro,Urbana,"(6.18399286, -75.57959764)"
2161109,05/13/2016,10:15 a.m.,Viernes,Motocicleta,Particular,Motociclista,Masculino,No,Sin Registro,Herido,Caida Ocupante,No respetar prelacion,Calle 37  Sur Carrera 50,Las Vegas,Urbana,
2161099,05/13/2016,3:30 p.m.,Viernes,Automovil,Publico,Conductor,Masculino,No,Sin Registro,Solo Daños,Choque,No mantener distancia de seguridad,Calle 34  Sur Carrera 43 A,Avenida El Poblado,Urbana,"(6.173041737, -75.58696982)"
2161099,05/13/2016,3:30 p.m.,Viernes,Campero,Particular,Conductor,Masculino,No,Sin Registro,Solo Daños,Choque,No mantener distancia de seguridad,Calle 34  Sur Carrera 43 A,Avenida El Poblado,Urbana,"(6.173041737, -75.58696982)"
2161114,05/13/2016,4:30 p.m.,Viernes,Motocicleta,Particular,Motociclista,Masculino,No,Sin Registro,Solo Daños,Choque,Adelantar cerrando,Calle 30  Sur Carrera 48,Las Vegas,Urbana,"(6.180376127, -75.59028805)"
2161114,05/13/2016,4:30 p.m.,Viernes,Automovil,Particular,Conductor,Masculino,No,Sin Registro,Solo Daños,Choque,Adelantar cerrando,Calle 30  Sur Carrera 48,Las Vegas,Urbana,"(6.180376127, -75.59028805)"
2161092,05/13/2016,8:00 p.m.,Viernes,Motocicleta,Particular,Motociclista,Masculino,No,Sin Registro,Herido,Choque,Desobedecer senales,Calle 40 F Sur Carrera 32 B,Sin Registro,Urbana,"(6.162643008, -75.58590704)"
2161092,05/13/2016,8:00 p.m.,Viernes,Automovil,Particular,Conductor,Masculino,No,Sin Registro,Herido,Choque,Desobedecer senales,Calle 40 F Sur Carrera 32 B,Sin Registro,Urbana,"(6.162643008, -75.58590704)"
2161090,05/13/2016,8:10 p.m.,Viernes,Automovil,Particular,Conductor,Masculino,No,Sin Registro,Herido,Choque,No respetar prelacion,Calle 30  Sur Carrera 48,Las Vegas,Urbana,"(6.180376127, -75.59028805)"
2161090,05/13/2016,8:10 p.m.,Viernes,Motocicleta,Particular,Motociclista,Masculino,No,Sin Registro,Herido,Choque,No respetar prelacion,Calle 30  Sur Carrera 48,Las Vegas,Urbana,"(6.180376127, -75.59028805)"
2161098,05/13/2016,9:00 p.m.,Viernes,Campero,Particular,Conductor,Masculino,No,Sin Registro,Herido,Choque,Otra,Calle 21  Sur Carrera 43 A,Avenida El Poblado,Urbana,"(6.18399286, -75.57959764)"
2161098,05/13/2016,9:00 p.m.,Viernes,Motocicleta,Particular,Motociclista,Masculino,No,Sin Registro,Herido,Choque,Otra,Calle 21  Sur Carrera 43 A,Avenida El Poblado,Urbana,"(6.18399286, -75.57959764)"
2161098,05/13/2016,9:00 p.m.,Viernes,Motocicleta,Particular,Motociclista,Masculino,No,Sin Registro,Herido,Choque,Otra,Calle 21  Sur Carrera 43 A,Avenida El Poblado,Urbana,"(6.18399286, -75.57959764)"
2161121,05/13/2016,10:15 p.m.,Viernes,Motocicleta,Particular,Motociclista,Masculino,No,Sin Registro,Herido,Choque,Transitar entre vehiculos,Calle 30  Sur Carrera 50,Las Vegas,Urbana,
2161121,05/13/2016,10:15 p.m.,Viernes,Automovil,Particular,Conductor,Masculino,No,Sin Registro,Herido,Choque,Transitar entre vehiculos,Calle 30  Sur Carrera 50,Las Vegas,Urbana,
2161121,05/13/2016,10:15 p.m.,Viernes,Automovil,Particular,Conductor,Masculino,No,Sin Registro,Herido,Choque,Transitar entre vehiculos,Calle 30  Sur Carrera 50,Las Vegas,Urbana,
2161116,05/14/2016,11:00 a.m.,Sábado,Automovil,Particular,Conductor,Masculino,No,Sin Registro,Solo Daños,Choque,Impericia en el manejo,Calle 35  Sur Carrera 41,Zona Centro,Urbana,"(6.171300757, -75.58534224)"
2161378,05/06/2016,3:00 p.m.,Domingo,Automovil,Particular,Conductor,Masculino,No,Sin Registro,Herido,Choque,Exceso de velocidad,Tramo 372 Kilometro  15,Vereda Palmas,Rural,
2161116,05/14/2016,11:00 a.m.,Sábado,Automovil,Particular,Conductor,Femenino,No,Sin Registro,Solo Daños,Choque,Impericia en el manejo,Calle 35  Sur Carrera 41,Zona Centro,Urbana,"(6.171300757, -75.58534224)"
2161102,05/14/2016,1:06 p.m.,Sábado,Microbus,Publico,Conductor,Masculino,No,Sin Registro,Solo Daños,Choque,No respetar prelacion,Calle 38  Sur Carrera 31,Mesa,Urbana,"(6.165577674, -75.58112182)"
2161102,05/14/2016,1:06 p.m.,Sábado,Automovil,Particular,Conductor,Femenino,No,Sin Registro,Solo Daños,Choque,No respetar prelacion,Calle 38  Sur Carrera 31,Mesa,Urbana,"(6.165577674, -75.58112182)"