RADICADO,FECHA,HORA,DÍA DE LA SEMANA,CLASE DE VEHICULO,TIPO DE SERVICIO,TIPO DE VICTIMA,SEXO,ESTADO DE BEODEZ,RESULTADO DE BEODEZ,GRAVEDAD,CLASE DE ACCIDENTE,CAUSA,DIRECCIÓN,BARRIO,AREA,Coordenadas
2161167,05/20/2016,12:10 p.m.,Viernes,Automovil,Publico,Conductor,Masculino,No,Sin Registro,Solo Daños,Choque,Adelantar cerrando,Calle 31  Sur Carrera 48,Las Vegas,Urbana,
2161178,05/20/2016,12:50 p.m.,Viernes,Motocicleta,Particular,Motociclista,Masculino,No,Sin Registro,Solo Daños,Choque,Adelantar cerrando,Calle 25  Sur Carrera 43 A,Las Orquideas,Urbana,"(6.181560189, -75.58201649)"
2161178,05/20/2016,12:50 p.m.,Viernes,Camioneta,Particular,Conductor,Masculino,No,Sin Registro,Solo Daños,Choque,Adelantar cerrando,Calle 25  Sur Carrera 43 A,Las Orquideas,Urbana,"(6.181560189, -75.58201649)"
2161178,05/20/2016,12:50 p.m.,Viernes,Bus,Publico,Conductor,Masculino,No,Sin Registro,Solo Daños,Choque,Adelantar cerrando,Calle 25  Sur Carrera 43 A,Las Orquideas,Urbana,"(6.181560189, -75.58201649)"
2161190,05/20/2016,2:20 p.m.,Viernes,Camioneta,Publico,Conductor,Masculino,No,Sin Registro,Solo Daños,Choque,No mantener distancia de seguridad,Calle 49  Sur Carrera 48,Las Vegas,Urbana,"(6.163238618, -75.60250718)"
2161190,05/20/2016,2:20 p.m.,Viernes,Camioneta,Particular,Conductor,Masculino,No,Sin Registro,Solo Daños,Choque,No mantener distancia de seguridad,Calle 49  Sur Carrera 48,Las Vegas,Urbana,"(6.163238618, -75.60250718)"
2161172,05/20/2016,4:10 p.m.,Viernes,Camion,Publico,Conductor,Masculino,No,Sin Registro,Solo Daños,Choque,Reverso imprudente,Calle 36 D Sur Carrera 25 A,Vereda El Escobero,Urbana,"(6.158809572, -75.56663754)"
2161172,05/20/2016,4:10 p.m.,Viernes,Automovil,Particular,Conductor,Masculino,No,Sin Registro,Solo Daños,Choque,Reverso imprudente,Calle 36 D Sur Carrera 25 A,Vereda El Escobero,Urbana,"(6.158809572, -75.56663754)"
2161170,05/20/2016,5:05 p.m.,Viernes,Camioneta,Diplomatico,Conductor,Masculino,No,Sin Registro,Solo Daños,Choque,No respetar prelacion,Calle 37  Sur Carrera 50,Las Vegas,Urbana,
2161170,05/20/2016,5:05 p.m.,Viernes,Automovil,Particular,Conductor,Masculino,No,Sin Registro,Solo Daños,Choque,No respetar prelacion,Calle 37  Sur Carrera 50,Las Vegas,Urbana,
2161166,05/20/2016,6:00 p.m.,Viernes,Automovil,Particular,Conductor,Masculino,No,Sin Registro,Herido,Choque,Adelantar por la derecha,Calle 30  Sur Carrera 48,Las Vegas,Urbana,"(6.180376127, -75.59028805)"
2161166,05/20/2016,6:00 p.m.,Viernes,Bicicleta,Particular,Ciclista,Masculino,No,Sin Registro,Herido,Choque,Recoger o dejar pasajeros en calzada,Calle 30  Sur Carrera 48,Las Vegas,Urbana,"(6.180376127, -75.59028805)"
2161166,05/20/2016,6:00 p.m.,Viernes,Bicicleta,Particular,Ciclista,Masculino,No,Sin Registro,Herido,Choque,Adelantar por la derecha,Calle 30  Sur Carrera 48,Las Vegas,Urbana,"(6.180376127, -75.59028805)"
2161166,05/20/2016,6:00 p.m.,Viernes,Automovil,Particular,Conductor,Masculino,No,Sin Registro,Herido,Choque,Recoger o dejar pasajeros en calzada,Calle 30  Sur Carrera 48,Las Vegas,Urbana,"(6.180376127, -75.59028805)"
2161159,05/20/2016,6:25 p.m.,Viernes,Camioneta,Oficial,Conductor,Masculino,No,Sin Registro,Herido,Atropello,Cruzar sin observar,Calle 26 B Sur Carrera 42 B,Las Orquideas,Urbana,"(6.176911315, -75.58005899)"
2161185,05/20/2016,6:30 p.m.,Viernes,Automovil,Particular,Conductor,Masculino,No,Sin Registro,Solo Daños,Choque,No mantener distancia de seguridad,Calle 37  Sur Carrera 50,Las Vegas,Urbana,
2161185,05/20/2016,6:30 p.m.,Viernes,Buseta,Publico,Conductor,Masculino,No,Sin Registro,Solo Daños,Choque,No mantener distancia de seguridad,Calle 37  Sur Carrera 50,Las Vegas,Urbana,
2161165,05/20/2016,7:30 p.m.,Viernes,Microbus,Publico,Conductor,Masculino,No,Sin Registro,Solo Daños,Choque,Adelantar cerrando,Calle 39  Sur Carrera 43,Zona Centro,Urbana,"(6.168678771, -75.58876156)"
2161165,05/20/2016,7:30 p.m.,Viernes,Automovil,Particular,Conductor,Femenino,No,Sin Registro,Solo Daños,Choque,Adelantar cerrando,Calle 39  Sur Carrera 43,Zona Centro,Urbana,"(6.168678771, -75.58876156)"
2161158,05/21/2016,12:30 a.m.,Sábado,Camion,Oficial,Conductor,Masculino,No,Sin Registro,Herido,Choque,Exceso de velocidad,Calle 40  Sur Carrera 29,San Jose,Urbana,"(6.159832302, -75.5825953)"
2161174,05/21/2016,9:50 a.m.,Sábado,Automovil,Publico,Conductor,Masculino,No,Sin Registro,Solo Daños,Choque,Desobedecer senales,Calle 37  Sur Carrera 32,Los Naranjos,Urbana,"(6.166691719, -75.58118599)"
2161174,05/21/2016,9:50 a.m.,Sábado,Motocicleta,Particular,Motociclista,Masculino,No,Sin Registro,Solo Daños,Choque,Desobedecer senales,Calle 37  Sur Carrera 32,Los Naranjos,Urbana,"(6.166691719, -75.58118599)"
2161176,05/21/2016,10:10 a.m.,Sábado,Automovil,Particular,Conductor,Masculino,No,Sin Registro,Solo Daños,Choque,Adelantar por la derecha,Calle 33 A Sur Carrera 43 B,San Marcos,Urbana,
2161176,05/21/2016,10:10 a.m.,Sábado,Motocicleta,Particular,Motociclista,Masculino,No,Sin Registro,Solo Daños,Choque,Adelantar por la derecha,Calle 33 A Sur Carrera 43 B,San Marcos,Urbana,
2161181,05/21/2016,10:50 a.m.,Sábado,Bicicleta,Particular,Ciclista,Masculino,No,Sin Registro,Solo Daños,Choque,No respetar prelacion,Calle 40  Sur Carrera 24 D,Sin Registro,Urbana,"(6.147263187, -75.57633575)"
2161187,05/21/2016,12:00 p.m.,Sábado,Camioneta,Particular,Conductor,Masculino,No,Sin Registro,Solo Daños,Choque,Adelantar en zona prohibida,Calle 38  Sur Carrera 39,Zona Centro,Urbana,"(6.16839174, -75.5852478)"
2161187,05/21/2016,12:00 p.m.,Sábado,Motocicleta,Particular,Motociclista,Masculino,No,Sin Registro,Solo Daños,Choque,Adelantar en zona prohibida,Calle 38  Sur Carrera 39,Zona Centro,Urbana,"(6.16839174, -75.5852478)"
2161169,05/21/2016,12:15 p.m.,Sábado,Motocicleta,Particular,Motociclista,Masculino,No,Sin Registro,Solo Daños,Choque,Transitar entre vehiculos,Calle 26  Sur Carrera 50,Las Vegas,Urbana,
2161169,05/21/2016,12:15 p.m.,Sábado,Camioneta,Particular,Conductor,Masculino,No,Sin Registro,Solo Daños,Choque,Transitar entre vehiculos,Calle 26  Sur Carrera 50,Las Vegas,Urbana,
2161179,05/21/2016,1:05 p.m.,Sábado,Motocicleta,Particular,Motociclista,Masculino,No,Sin Registro,Solo Daños,Choque,Adelantar en zona prohibida,Calle 32 B Sur Carrera 50,Las Vegas,Urbana,
2161179,05/21/2016,1:05 p.m.,Sábado,Automovil,Particular,Conductor,Masculino,No,Sin Registro,Solo Daños,Choque,Adelantar en zona prohibida,Calle 32 B Sur Carrera 50,Las Vegas,Urbana,
2161189,05/21/2016,1:50 p.m.,Sábado,Automovil,Particular,Conductor,Masculino,No,Sin Registro,Solo Daños,Choque,No mantener distancia de seguridad,Calle 37  Sur Carrera 50,Las Vegas,Urbana,
2161189,05/21/2016,1:50 p.m.,Sábado,Camion,Publico,Conductor,Masculino,No,Sin Registro,Solo Daños,Choque,No mantener distancia de seguridad,Calle 37  Sur Carrera 50,Las Vegas,Urbana,
2161173,05/21/2016,2:20 p.m.,Sábado,Automovil,Particular,Conductor,Femenino,No,Sin Registro,Solo Daños,Choque,No respetar prelacion,Calle 45  Sur Carrera 42 D,La Paz,Urbana,"(6.164313516, -75.59376955)"
2161173,05/21/2016,2:20 p.m.,Sábado,Automovil,Particular,Conductor,Masculino,No,Sin Registro,Solo Daños,Choque,No respetar prelacion,Calle 45  Sur Carrera 42 D,La Paz,Urbana,"(6.164313516, -75.59376955)"
2161175,05/21/2016,3:55 p.m.,Sábado,Microbus,Publico,Conductor,Masculino,No,Sin Registro,Solo Daños,Choque,No respetar prelacion,Calle 50  Sur Carrera 48,Las Casitas,Urbana,
2161175,05/21/2016,3:55 p.m.,Sábado,Automovil,Particular,Conductor,Masculino,No,Sin Registro,Solo Daños,Choque,No respetar prelacion,Calle 50  Sur Carrera 48,Las Casitas,Urbana,
2161188,05/21/2016,8:10 p.m.,Sábado,Motocicleta,Particular,Motociclista,Masculino,No,Sin Registro,Herido,Choque,Desobedecer senales,Calle 39 B Sur Carrera 31,Mesa,Urbana,"(6.163600542, -75.58243463)"
2161188,05/21/2016,8:10 p.m.,Sábado,Automovil,Particular,Conductor,Masculino,No,Sin Registro,Herido,Choque,Desobedecer senales,Calle 39 B Sur Carrera 31,Mesa,Urbana,"(6.163600542, -75.58243463)"
2161168,05/21/2016,11:23 p.m.,Sábado,Motocicleta,Particular,Motociclista,Masculino,Si,1,Herido,Caida Ocupante,Embriaguez o droga,Calle 37  Sur Carrera 46,Alcala,Urbana,"(6.172613713, -75.59090911)"
2161160,05/22/2016,3:20 a.m.,Domingo,Motocicleta,Particular,Motociclista,Masculino,Si,1,Solo Daños,Choque,Transitar entre vehiculos,Calle 40 DD Sur Carrera 42,El Dorado,Urbana,"(6.165700924, -75.58924551)"
2161160,05/22/2016,3:20 a.m.,Domingo,Automovil,Publico,Conductor,Masculino,No,Sin Registro,Solo Daños,Choque,Embriaguez o droga,Calle 40 DD Sur Carrera 42,El Dorado,Urbana,"(6.165700924, -75.58924551)"
2161160,05/22/2016,3:20 a.m.,Domingo,Automovil,Publico,Conductor,Masculino,No,Sin Registro,Solo Daños,Choque,Transitar entre vehiculos,Calle 40 DD Sur Carrera 42,El Dorado,Urbana,"(6.165700924, -75.58924551)"
2161160,05/22/2016,3:20 a.m.,Domingo,Automovil,Particular,Conductor,Femenino,No,Sin Registro,Solo Daños,Choque,Embriaguez o droga,Calle 40 DD Sur Carrera 42,El Dorado,Urbana,"(6.165700924, -75.58924551)"
2161160,05/22/2016,3:20 a.m.,Domingo,Automovil,Particular,Conductor,Femenino,No,Sin Registro,Solo Daños,Choque,Transitar entre vehiculos,Calle 40 DD Sur Carrera 42,El Dorado,Urbana,"(6.165700924, -75.58924551)"
2161160,05/22/2016,3:20 a.m.,Domingo,Motocicleta,Particular,Motociclista,Masculino,Si,1,Solo Daños,Choque,Embriaguez o droga,Calle 40 DD Sur Carrera 42,El Dorado,Urbana,"(6.165700924, -75.58924551)"
2161182,05/22/2016,3:25 p.m.,Domingo,Motocicleta,Particular,Motociclista,Femenino,No,Sin Registro,Herido,Choque,Desobedecer senales,Calle 38 A Sur Carrera 38,Mesa,Urbana,"(6.167339205, -75.58513636)"
2161182,05/22/2016,3:25 p.m.,Domingo,Camioneta,Publico,Conductor,Masculino,No,Sin Registro,Herido,Choque,Desobedecer senales,Calle 38 A Sur Carrera 38,Mesa,Urbana,"(6.167339205, -75.58513636)"
2161164,05/22/2016,3:35 p.m.,Domingo,Motocicleta,Particular,Motociclista,Masculino,No,Sin Registro,Herido,Choque,Transitar entre vehiculos,Tramo 372 Kilometro  14,Vereda Palmas,Rural,
2161164,05/22/2016,3:35 p.m.,Domingo,Motocicleta,Particular,Motociclista,Masculino,No,Sin Registro,Herido,Choque,Transitar entre vehiculos,Tramo 372 Kilometro  14,Vereda Palmas,Rural,
2161171,05/22/2016,4:30 p.m.,Domingo,Motocicleta,Particular,Motociclista,Masculino,No,Sin Registro,Herido,Choque,Otra,Calle 35  Sur Carrera 48,Las Vegas,Urbana,
2161177,05/22/2016,5:40 p.m.,Domingo,Microbus,Publico,Conductor,Masculino,No,Sin Registro,Solo Daños,Choque,No mantener distancia de seguridad,Calle 25  Sur Carrera 43 A,Las Orquideas,Urbana,"(6.181560189, -75.58201649)"
2161177,05/22/2016,5:40 p.m.,Domingo,Automovil,Particular,Conductor,Masculino,No,Sin Registro,Solo Daños,Choque,No mantener distancia de seguridad,Calle 25  Sur Carrera 43 A,Las Orquideas,Urbana,"(6.181560189, -75.58201649)"
2161196,05/23/2016,8:00 a.m.,Lunes,Camioneta,Publico,Conductor,Masculino,No,Sin Registro,Solo Daños,Choque,No mantener distancia de seguridad,Calle 40  Sur Carrera 50,Las Vegas,Urbana,
2161196,05/23/2016,8:00 a.m.,Lunes,Camion,Publico,Conductor,Masculino,No,Sin Registro,Solo Daños,Choque,No mantener distancia de seguridad,Calle 40  Sur Carrera 50,Las Vegas,Urbana,
2161183,05/23/2016,9:10 a.m.,Lunes,Camion,Publico,Conductor,Masculino,No,Sin Registro,Solo Daños,Choque,Impericia en el manejo,Calle 39  Sur Carrera 47 A,Alcala,Urbana,"(6.171457478, -75.593353)"
2161183,05/23/2016,9:10 a.m.,Lunes,Buseta,Publico,Conductor,Masculino,No,Sin Registro,Solo Daños,Choque,Impericia en el manejo,Calle 39  Sur Carrera 47 A,Alcala,Urbana,"(6.171457478, -75.593353)"
2161191,05/23/2016,11:40 a.m.,Lunes,Motocicleta,Particular,Motociclista,Masculino,No,Sin Registro,Herido,Choque,Semaforo en rojo,Calle 46  Sur Carrera 43 A,Primavera,Urbana,"(6.164149951, -75.5959975)"
2161191,05/23/2016,11:40 a.m.,Lunes,Automovil,Particular,Conductor,Masculino,No,Sin Registro,Herido,Choque,Semaforo en rojo,Calle 46  Sur Carrera 43 A,Primavera,Urbana,"(6.164149951, -75.5959975)"
2161200,05/23/2016,5:50 p.m.,Lunes,Bus,Publico,Conductor,Masculino,No,Sin Registro,Herido,Caida Ocupante,Poner en marcha un vehiculo sin precauci,Calle 33 B Sur Carrera 43 A,Avenida El Poblado,Urbana,"(6.173429457, -75.58671662)"
2161199,05/23/2016,6:00 p.m.,Lunes,Bus,Publico,Conductor,Masculino,No,Sin Registro,Solo Daños,Choque,No mantener distancia de seguridad,Tramo 372 Kilometro  17,Vereda Palmas,Rural,
2161199,05/23/2016,6:00 p.m.,Lunes,Automovil,Particular,Conductor,Masculino,No,Sin Registro,Solo Daños,Choque,No mantener distancia de seguridad,Tramo 372 Kilometro  17,Vereda Palmas,Rural,
2161229,05/23/2016,6:00 p.m.,Lunes,Motocicleta,Particular,Motociclista,Masculino,No,Sin Registro,Herido,Choque,Impericia en el manejo,Diagonal 31 A Transversal 34 F,La Sebastiana,Urbana,"(6.170512058, -75.57998573)"
2161229,05/23/2016,6:00 p.m.,Lunes,Campero,Particular,Conductor,Masculino,No,Sin Registro,Herido,Choque,Impericia en el manejo,Diagonal 31 A Transversal 34 F,La Sebastiana,Urbana,"(6.170512058, -75.57998573)"
2161201,05/23/2016,8:40 p.m.,Lunes,Microbus,Publico,Conductor,Masculino,No,Sin Registro,Solo Daños,Choque,Adelantar cerrando,Calle 45 A Sur Carrera 39 B,Las Antillas,Urbana,"(6.160320892, -75.59000566)"
2161201,05/23/2016,8:40 p.m.,Lunes,Automovil,Particular,Conductor,Masculino,No,Sin Registro,Solo Daños,Choque,Adelantar cerrando,Calle 45 A Sur Carrera 39 B,Las Antillas,Urbana,"(6.160320892, -75.59000566)"
2161206,05/24/2016,6:40 a.m.,Martes,Campero,Particular,Conductor,Masculino,No,Sin Registro,Herido,Choque,Transitar entre vehiculos,Tramo 372 Kilometro  16,Vereda Palmas,Rural,
2161206,05/24/2016,6:40 a.m.,Martes,Motocicleta,Particular,Motociclista,Masculino,No,Sin Registro,Herido,Choque,Transitar entre vehiculos,Tramo 372 Kilometro  16,Vereda Palmas,Rural,
2161192,05/24/2016,7:00 a.m.,Martes,Motocicleta,Particular,Motociclista,Masculino,No,Sin Registro,Herido,Choque,Desobedecer senales,Calle 38 A Sur Carrera 34,Mesa,Urbana,"(6.165984351, -75.58306945)"
2161193,05/24/2016,7:40 a.m.,Martes,Automovil,Publico,Conductor,Masculino,No,Sin Registro,Solo Daños,Choque,Adelantar cerrando,Diagonal 32 B Transversal 34 A,La Magnolia,Urbana,"(6.172777915, -75.58223786)"
2161193,05/24/2016,7:40 a.m.,Martes,Camion,Publico,Conductor,Masculino,No,Sin Registro,Solo Daños,Choque,Adelantar cerrando,Diagonal 32 B Transversal 34 A,La Magnolia,Urbana,"(6.172777915, -75.58223786)"
2161227,05/24/2016,7:45 a.m.,Martes,Motocicleta,Particular,Motociclista,Masculino,No,Sin Registro,Solo Daños,Choque,Transitar entre vehiculos,Calle 25  Sur Carrera 43,Las Orquideas,Urbana,"(6.181560189, -75.58201649)"
2161378,05/06/2016,3:00 p.m.,Domingo,Automovil,Particular,Conductor,Masculino,No,Sin Registro,Herido,Choque,Exceso de velocidad,Tramo 372 Kilometro  15,Vereda Palmas,Rural,
2161227,05/24/2016,7:45 a.m.,Martes,Automovil,Particular,Conductor,Femenino,No,Sin Registro,Solo Daños,Choque,Transitar entre vehiculos,Calle 25  Sur Carrera 43,Las Orquideas,Urbana,"(6.181560189, -75.58201649)"
2161207,05/24/2016,9:10 a.m.,Martes,Camion,Publico,Conductor,Masculino,No,Sin Registro,Solo Daños,Choque,Adelantar cerrando,Calle 37  Sur Carrera 49,Glorieta De Peldar,Urbana,"(6.174789471, -75.59420424)"
2161207,05/24/2016,9:10 a.m.,Martes,Automovil,Particular,Conductor,Masculino,No,Sin Registro,Solo Daños,Choque,Adelantar cerrando,Calle 37  Sur Carrera 49,Glorieta De Peldar,Urbana,"(6.174789471, -75.59420424)"
2161204,05/24/2016,10:05 a.m.,Martes,Camion,Publico,Conductor,Masculino,No,Sin Registro,Solo Daños,Choque,No mantener distancia de seguridad,Calle 49 D Sur Carrera 43 A,Las Casitas,Urbana,"(6.160782627, -75.60132333)"
2161204,05/24/2016,10:05 a.m.,Martes,Camion,Publico,Conductor,Masculino,No,Sin Registro,Solo Daños,Choque,No mantener distancia de seguridad,Calle 49 D Sur Carrera 43 A,Las Casitas,Urbana,"(6.160782627, -75.60132333)"
2161194,05/24/2016,10:40 a.m.,Martes,Bus,Publico,Conductor,Masculino,No,Sin Registro,Solo Daños,Choque,Desobedecer senales,Calle 46  Sur Carrera 46,Primavera,Urbana,"(6.164633401, -75.59668961)"
2161194,05/24/2016,10:40 a.m.,Martes,Camioneta,Particular,Conductor,Masculino,No,Sin Registro,Solo Daños,Choque,Desobedecer senales,Calle 46  Sur Carrera 46,Primavera,Urbana,"(6.164633401, -75.59668961)"
2161208,05/24/2016,10:45 a.m.,Martes,Motocicleta,Particular,Motociclista,Masculino,No,Sin Registro,Herido,Caida Ocupante,Otra,Tramo 375 Kilometro  3,Vereda Pantanillo,Rural,
2161197,05/24/2016,11:30 a.m.,Martes,Motocicleta,Particular,Motociclista,Masculino,No,Sin Registro,Solo Daños,Choque,Transitar entre vehiculos,Calle 25  Sur Carrera 48,Las Vegas,Urbana,
2161197,05/24/2016,11:30 a.m.,Martes,Automovil,Particular,Conductor,Masculino,No,Sin Registro,Solo Daños,Choque,Transitar entre vehiculos,Calle 25  Sur Carrera 48,Las Vegas,Urbana,
2161216,05/24/2016,12:50 p.m.,Martes,Campero,Particular,Conductor,Femenino,No,Sin Registro,Herido,Choque,No mantener distancia de seguridad,Calle 39  Sur Carrera 29 A,Sin Registro,Urbana,"(6.164019418, -75.58120807)"
2161216,05/24/2016,12:50 p.m.,Martes,Motocicleta,Particular,Motociclista,Masculino,No,Sin Registro,Herido,Choque,No mantener distancia de seguridad,Calle 39  Sur Carrera 29 A,Sin Registro,Urbana,"(6.164019418, -75.58120807)"
2161454,05/24/2016,2:09 p.m.,Martes,Buseta,Publico,Conductor,Masculino,No,Sin Registro,Solo Daños,Choque,Otra,Calle 45 A Sur Carrera 42 B,La Paz,Urbana,"(6.164010693, -75.59395211)"
2161454,05/24/2016,2:09 p.m.,Martes,Automovil,Particular,Conductor,Femenino,No,Sin Registro,Solo Daños,Choque,Otra,Calle 45 A Sur Carrera 42 B,La Paz,Urbana,"(6.164010693, -75.59395211)"
2161218,05/24/2016,3:20 p.m.,Martes,Automovil,Particular,Conductor,Masculino,No,Sin Registro,Solo Daños,Choque,No mantener distancia de seguridad,Calle 37  Sur Carrera 40 A,Zona Centro,Urbana,"(6.16965782, -75.58587339)"
2161218,05/24/2016,3:20 p.m.,Martes,Automovil,Particular,Conductor,Femenino,No,Sin Registro,Solo Daños,Choque,No mantener distancia de seguridad,Calle 37  Sur Carrera 40 A,Zona Centro,Urbana,"(6.16965782, -75.58587339)"
2161218,05/24/2016,3:20 p.m.,Martes,Automovil,Particular,Conductor,Femenino,No,Sin Registro,Solo Daños,Choque,No mantener distancia de seguridad,Calle 37  Sur Carrera 40 A,Zona Centro,Urbana,"(6.16965782, -75.58587339)"
2161205,05/24/2016,4:40 p.m.,Martes,Camion,Particular,Conductor,Masculino,No,Sin Registro,Solo Daños,Choque,Transitar entre vehiculos,Calle 49 B Sur Carrera 48,Las Casitas,Urbana,"(6.162530582, -75.60255452)"
2161205,05/24/2016,4:40 p.m.,Martes,Motocicleta,Particular,Motociclista,Masculino,No,Sin Registro,Solo Daños,Choque,Transitar entre vehiculos,Calle 49 B Sur Carrera 48,Las Casitas,Urbana,"(6.162530582, -75.60255452)"
2161202,05/24/2016,5:30 p.m.,Martes,Bus,Publico,Conductor,Masculino,No,Sin Registro,Herido,Caida Ocupante,Otra,Calle 41 B Sur Carrera 32 B,Sin Registro,Urbana,"(6.160267107, -75.58687919)"
2161219,05/24/2016,8:10 p.m.,Martes,Campero,Particular,Conductor,Masculino,No,Sin Registro,Solo Daños,Choque,Desobedecer senales,Calle 22  Sur Carrera 27,Sin Registro,Urbana,
2161219,05/24/2016,8:10 p.m.,Martes,Automovil,Particular,Conductor,Masculino,No,Sin Registro,Solo Daños,Choque,Desobedecer senales,Calle 22  Sur Carrera 27,Sin Registro,Urbana,
2161212,05/25/2016,6:50 a.m.,Miércoles,Motocicleta,Particular,Motociclista,Masculino,No,Sin Registro,Solo Daños,Choque,No mantener distancia de seguridad,Calle 38 A Sur Carrera 48,Zona Centro,Urbana,"(6.168560755, -75.58701537)"
2161212,05/25/2016,6:50 a.m.,Miércoles,Motocicleta,Particular,Motociclista,Femenino,No,Sin Registro,Solo Daños,Choque,No mantener distancia de seguridad,Calle 38 A Sur Carrera 48,Zona Centro,Urbana,"(6.168560755, -75.58701537)"
2161211,05/25/2016,9:05 a.m.,Miércoles,Camioneta,Particular,Conductor,Femenino,No,Sin Registro,Solo Daños,Choque,Adelantar cerrando,Calle 33 B Sur Carrera 44,Sin Registro,Urbana,"(6.173779627, -75.5873404)"
2161211,05/25/2016,9:05 a.m.,Miércoles,Automovil,Particular,Conductor,Masculino,No,Sin Registro,Solo Daños,Choque,Adelantar cerrando,Calle 33 B Sur Carrera 44,Sin Registro,Urbana,"(6.173779627, -75.5873404)"
2161203,05/25/2016,9:20 a.m.,Miércoles,Automovil,Particular,Conductor,Masculino,No,Sin Registro,Solo Daños,Choque,No mantener distancia de seguridad,Calle 46  Sur Carrera 48,Las Vegas,Urbana,"(6.162824447, -75.59968661)"
2161203,05/25/2016,9:20 a.m.,Miércoles,Automovil,Particular,Conductor,Masculino,No,Sin Registro,Solo Daños,Choque,No mantener distancia de seguridad,Calle 46  Sur Carrera 48,Las Vegas,Urbana,"(6.162824447, -75.59968661)"
2161271,05/27/2016,7:05 a.m.,Viernes,Automovil,Particular,Conductor,Femenino,No,Sin Registro,Herido,Choque,Exceso de velocidad,Calle 40  Sur Carrera 48,Las Vegas,Urbana,"(6.158744179, -75.59459712)"
2161203,05/25/2016,9:20 a.m.,Miércoles,Automovil,Particular,Conductor,Femenino,No,Sin Registro,Solo Daños,Choque,No mantener distancia de seguridad,Calle 46  Sur Carrera 48,Las Vegas,Urbana,"(6.162824447, -75.59968661)"
2161203,05/25/2016,9:20 a.m.,Miércoles,Automovil,Particular,Conductor,Masculino,No,Sin Registro,Solo Daños,Choque,No mantener distancia de seguridad,Calle 46  Sur Carrera 48,Las Vegas,Urbana,"(6.162824447, -75.59968661)"
2161210,05/25/2016,9:40 a.m.,Miércoles,Automovil,Particular,Conductor,Femenino,No,Sin Registro,Solo Daños,Choque,No mantener distancia de seguridad,Calle 27  Sur Carrera 50,Las Vegas,Urbana,
2161210,05/25/2016,9:40 a.m.,Miércoles,Camioneta,Diplomatico,Conductor,Masculino,No,Sin Registro,Solo Daños,Choque,No mantener distancia de seguridad,Calle 27  Sur Carrera 50,Las Vegas,Urbana,
2161210,05/25/2016,9:40 a.m.,Miércoles,Camioneta,Particular,Conductor,Masculino,No,Sin Registro,Solo Daños,Choque,No mantener distancia de seguridad,Calle 27  Sur Carrera 50,Las Vegas,Urbana,
2161209,05/25/2016,10:00 a.m.,Miércoles,Microbus,Publico,Conductor,Masculino,No,Sin Registro,Solo Daños,Choque,Adelantar cerrando,Calle 30  Sur Carrera 48,Las Vegas,Urbana,"(6.180376127, -75.59028805)"
2161209,05/25/2016,10:00 a.m.,Miércoles,Bicicleta,Particular,Ciclista,Masculino,No,Sin Registro,Solo Daños,Choque,Adelantar cerrando,Calle 30  Sur Carrera 48,Las Vegas,Urbana,"(6.180376127, -75.59028805)"
2161214,05/25/2016,10:40 a.m.,Miércoles,Automovil,Publico,Conductor,Masculino,No,Sin Registro,Herido,Atropello,Cruzar sin observar,Calle 37  Sur Carrera 41,Zona Centro,Urbana,"(6.169855492, -75.58619601)"
2161217,05/25/2016,10:50 a.m.,Miércoles,Camioneta,Particular,Conductor,Femenino,No,Sin Registro,Solo Daños,Choque,Adelantar cerrando,Calle 37  Sur Carrera 48,Glorieta De Peldar,Urbana,"(6.17412211, -75.59306111)"
2161217,05/25/2016,10:50 a.m.,Miércoles,Motocicleta,Particular,Motociclista,Masculino,No,Sin Registro,Solo Daños,Choque,Adelantar cerrando,Calle 37  Sur Carrera 48,Glorieta De Peldar,Urbana,"(6.17412211, -75.59306111)"
2161213,05/25/2016,11:00 a.m.,Miércoles,Automovil,Particular,Conductor,Masculino,No,Sin Registro,Solo Daños,Choque,Adelantar cerrando,Calle 25  Sur Carrera 44,Zuñiga,Urbana,"(6.182241808, -75.58147317)"
2161213,05/25/2016,11:00 a.m.,Miércoles,Bus,Publico,Conductor,Masculino,No,Sin Registro,Solo Daños,Choque,Adelantar cerrando,Calle 25  Sur Carrera 44,Zuñiga,Urbana,"(6.182241808, -75.58147317)"
2161222,05/25/2016,12:00 p.m.,Miércoles,Camion,Publico,Conductor,Masculino,No,Sin Registro,Solo Daños,Choque,No respetar prelacion,Calle 35 A Sur Carrera 45,El Portal,Urbana,"(6.172888156, -75.58870897)"
2161224,05/25/2016,2:45 p.m.,Miércoles,Automovil,Particular,Conductor,Femenino,No,Sin Registro,Solo Daños,Choque,Reverso imprudente,Calle 36  Sur Carrera 27 AA,Sin Registro,Urbana,"(6.167592229, -75.57065459)"
2161224,05/25/2016,2:45 p.m.,Miércoles,Automovil,Particular,Conductor,Femenino,No,Sin Registro,Solo Daños,Choque,Reverso imprudente,Calle 36  Sur Carrera 27 AA,Sin Registro,Urbana,"(6.167592229, -75.57065459)"
2161266,05/25/2016,4:00 p.m.,Miércoles,Camioneta,Particular,Conductor,Masculino,No,Sin Registro,Solo Daños,Choque,Transporte de carga sin seguridad,Calle 48 C Sur Carrera 45,Sin Registro,Urbana,"(6.159138282, -75.59625971)"