RADICADO,FECHA,HORA,DÍA DE LA SEMANA,CLASE DE VEHICULO,TIPO DE SERVICIO,TIPO DE VICTIMA,SEXO,ESTADO DE BEODEZ,RESULTADO DE BEODEZ,GRAVEDAD,CLASE DE ACCIDENTE,CAUSA,DIRECCIÓN,BARRIO,AREA,Coordenadas
2161266,05/25/2016,4:00 p.m.,Miércoles,Camioneta,Particular,Conductor,Femenino,No,Sin Registro,Solo Daños,Choque,Transporte de carga sin seguridad,Calle 48 C Sur Carrera 45,Sin Registro,Urbana,"(6.159138282, -75.59625971)"
2161266,05/25/2016,4:00 p.m.,Miércoles,Automovil,Particular,Conductor,Masculino,No,Sin Registro,Solo Daños,Choque,Transporte de carga sin seguridad,Calle 48 C Sur Carrera 45,Sin Registro,Urbana,"(6.159138282, -75.59625971)"
2161231,05/25/2016,4:20 p.m.,Miércoles,Campero,Particular,Conductor,Masculino,No,Sin Registro,Solo Daños,Choque,Exceso de velocidad,Tramo 372 Kilometro  14,Vereda Palmas,Rural,
2161228,05/25/2016,4:30 p.m.,Miércoles,Bus,Publico,Conductor,Masculino,No,Sin Registro,Solo Daños,Choque,Adelantar cerrando,Calle 40  Sur Carrera 43 A,Alcala,Urbana,"(6.167965983, -75.59024215)"
2161228,05/25/2016,4:30 p.m.,Miércoles,Automovil,Publico,Conductor,Masculino,No,Sin Registro,Solo Daños,Choque,Adelantar cerrando,Calle 40  Sur Carrera 43 A,Alcala,Urbana,"(6.167965983, -75.59024215)"
2161221,05/25/2016,5:25 p.m.,Miércoles,Automovil,Particular,Conductor,Femenino,No,Sin Registro,Solo Daños,Choque,Desobedecer senales,Calle 39 B Sur Carrera 30,San Jose,Urbana,"(6.16327841, -75.58191643)"
2161221,05/25/2016,5:25 p.m.,Miércoles,Camioneta,Particular,Conductor,Femenino,No,Sin Registro,Solo Daños,Choque,Desobedecer senales,Calle 39 B Sur Carrera 30,San Jose,Urbana,"(6.16327841, -75.58191643)"
2161220,05/25/2016,6:00 p.m.,Miércoles,Motocicleta,Particular,Motociclista,Masculino,No,Sin Registro,Herido,Caida Ocupante,Impericia en el manejo,Calle 53 C Sur Carrera 40 B,La Inmaculada,Urbana,
2161230,05/25/2016,6:15 p.m.,Miércoles,Camioneta,Particular,Conductor,Masculino,No,Sin Registro,Solo Daños,Choque,No mantener distancia de seguridad,Tramo 372 Kilometro  15,Vereda Palmas,Rural,
2161230,05/25/2016,6:15 p.m.,Miércoles,Camioneta,Particular,Conductor,Masculino,No,Sin Registro,Solo Daños,Choque,No mantener distancia de seguridad,Tramo 372 Kilometro  15,Vereda Palmas,Rural,
2161223,05/25/2016,10:30 p.m.,Miércoles,Automovil,Particular,Conductor,Masculino,No,Sin Registro,Solo Daños,Choque,Exceso de velocidad,Tramo 371 Kilometro  1,Vereda El Escobero,Rural,
2161223,05/25/2016,10:30 p.m.,Miércoles,Campero,Particular,Conductor,Masculino,No,Sin Registro,Solo Daños,Choque,Exceso de velocidad,Tramo 371 Kilometro  1,Vereda El Escobero,Rural,
2161265,05/26/2016,6:40 a.m.,Jueves,Automovil,Particular,Conductor,Femenino,No,Sin Registro,Solo Daños,Choque,Exceso de velocidad,Tramo 372 Kilometro  15,Vereda Palmas,Rural,
2161260,05/26/2016,10:30 a.m.,Jueves,Camion,Publico,Conductor,Masculino,No,Sin Registro,Solo Daños,Choque,Exceso de velocidad,Tramo 371 Kilometro  5,Vereda El Escobero,Rural,
2161244,05/26/2016,12:20 p.m.,Jueves,Motocicleta,Particular,Motociclista,Masculino,No,Sin Registro,Solo Daños,Choque,No respetar prelacion,Calle 33 B Sur Carrera 45,San Marcos,Urbana,"(6.174167802, -75.58799211)"
2161244,05/26/2016,12:20 p.m.,Jueves,Buseta,Publico,Conductor,Femenino,No,Sin Registro,Solo Daños,Choque,No respetar prelacion,Calle 33 B Sur Carrera 45,San Marcos,Urbana,"(6.174167802, -75.58799211)"
2161226,05/26/2016,1:10 p.m.,Jueves,Automovil,Publico,Conductor,Masculino,No,Sin Registro,Solo Daños,Choque,Transitar entre vehiculos,Calle 38  Sur Carrera 41,Zona Centro,Urbana,"(6.169244976, -75.58658807)"
2161226,05/26/2016,1:10 p.m.,Jueves,Motocicleta,Particular,Motociclista,Masculino,No,Sin Registro,Solo Daños,Choque,Transitar entre vehiculos,Calle 38  Sur Carrera 41,Zona Centro,Urbana,"(6.169244976, -75.58658807)"
2161232,05/26/2016,1:30 p.m.,Jueves,Microbus,Publico,Conductor,Masculino,No,Sin Registro,Solo Daños,Choque,Exceso de velocidad,Calle 46 A Sur Carrera 49,Las Vegas,Urbana,"(6.167038176, -75.60081726)"
2161232,05/26/2016,1:30 p.m.,Jueves,Microbus,Publico,Conductor,Masculino,No,Sin Registro,Solo Daños,Choque,Exceso de velocidad,Calle 46 A Sur Carrera 49,Las Vegas,Urbana,"(6.167038176, -75.60081726)"
2161233,05/26/2016,2:35 p.m.,Jueves,Camioneta,Particular,Conductor,Masculino,No,Sin Registro,Solo Daños,Choque,Otra,Calle 38  Sur Carrera 43,Zona Centro,Urbana,"(6.170061667, -75.58783913)"
2161233,05/26/2016,2:35 p.m.,Jueves,Automovil,Particular,Conductor,Masculino,No,Sin Registro,Solo Daños,Choque,Otra,Calle 38  Sur Carrera 43,Zona Centro,Urbana,"(6.170061667, -75.58783913)"
2161225,05/26/2016,5:10 p.m.,Jueves,Motocicleta,Particular,Motociclista,Masculino,No,Sin Registro,Solo Daños,Choque,Adelantar en zona prohibida,Calle 23  Sur Carrera 20,Sin Registro,Urbana,"(6.173137125, -75.56219336)"
2161378,05/06/2016,3:00 p.m.,Domingo,Automovil,Particular,Conductor,Femenino,No,Sin Registro,Herido,Choque,Exceso de velocidad,Tramo 372 Kilometro  15,Vereda Palmas,Rural,
2161225,05/26/2016,5:10 p.m.,Jueves,Automovil,Particular,Conductor,Femenino,No,Sin Registro,Solo Daños,Choque,Adelantar en zona prohibida,Calle 23  Sur Carrera 20,Sin Registro,Urbana,"(6.173137125, -75.56219336)"
2161261,05/26/2016,5:45 p.m.,Jueves,Camioneta,Particular,Conductor,Masculino,No,Sin Registro,Solo Daños,Choque,Exceso de velocidad,Tramo 371 Kilometro  3,Vereda El Escobero,Rural,
2161261,05/26/2016,5:45 p.m.,Jueves,Campero,Particular,Conductor,Masculino,No,Sin Registro,Solo Daños,Choque,Exceso de velocidad,Tramo 371 Kilometro  3,Vereda El Escobero,Rural,
2161248,05/26/2016,6:20 p.m.,Jueves,Automovil,Particular,Conductor,Masculino,No,Sin Registro,Herido,Choque,Desobedecer senales,Calle 37  Sur Carrera 36,Los Naranjos,Urbana,"(6.168044613, -75.58323697)"
2161248,05/26/2016,6:20 p.m.,Jueves,Motocicleta,Particular,Motociclista,Masculino,No,Sin Registro,Herido,Choque,Desobedecer senales,Calle 37  Sur Carrera 36,Los Naranjos,Urbana,"(6.168044613, -75.58323697)"
2161238,05/26/2016,8:10 p.m.,Jueves,Motocicleta,Particular,Motociclista,Masculino,No,Sin Registro,Solo Daños,Choque,Adelantar en zona prohibida,Calle 36 D Sur Carrera 36 D,Vereda El Escobero,Urbana,
2161238,05/26/2016,8:10 p.m.,Jueves,Automovil,Particular,Conductor,Femenino,No,Sin Registro,Solo Daños,Choque,Adelantar en zona prohibida,Calle 36 D Sur Carrera 36 D,Vereda El Escobero,Urbana,
2161263,05/26/2016,9:45 p.m.,Jueves,Motocicleta,Particular,Motociclista,Masculino,No,Sin Registro,Herido,Choque,Transitar entre vehiculos,Calle 32  Sur Carrera 48,Las Vegas,Urbana,
2161263,05/26/2016,9:45 p.m.,Jueves,Motocicleta,Particular,Motociclista,Masculino,No,Sin Registro,Herido,Choque,Transitar entre vehiculos,Calle 32  Sur Carrera 48,Las Vegas,Urbana,
2161259,05/27/2016,6:30 a.m.,Viernes,Automovil,Publico,Conductor,Masculino,No,Sin Registro,Herido,Choque,Adelantar por la derecha,Calle 30  Sur Carrera 50,Las Vegas,Urbana,
2161259,05/27/2016,6:30 a.m.,Viernes,Bicicleta,Particular,Ciclista,Masculino,No,Sin Registro,Herido,Choque,Adelantar por la derecha,Calle 30  Sur Carrera 50,Las Vegas,Urbana,
2161258,05/27/2016,6:40 a.m.,Viernes,Camion,Publico,Conductor,Masculino,No,Sin Registro,Solo Daños,Choque,Transitar entre vehiculos,Calle 47  Sur Carrera 50,Las Vegas,Urbana,
2161258,05/27/2016,6:40 a.m.,Viernes,Motocicleta,Particular,Motociclista,Masculino,No,Sin Registro,Solo Daños,Choque,Transitar entre vehiculos,Calle 47  Sur Carrera 50,Las Vegas,Urbana,
2161258,05/27/2016,6:40 a.m.,Viernes,Motocicleta,Particular,Motociclista,Masculino,No,Sin Registro,Solo Daños,Choque,Transitar entre vehiculos,Calle 47  Sur Carrera 50,Las Vegas,Urbana,
2161271,05/27/2016,7:05 a.m.,Viernes,Motocicleta,Particular,Motociclista,Masculino,No,Sin Registro,Herido,Choque,Exceso de velocidad,Calle 40  Sur Carrera 48,Las Vegas,Urbana,"(6.158744179, -75.59459712)"
2161262,05/27/2016,8:15 a.m.,Viernes,Automovil,Particular,Conductor,Masculino,No,Sin Registro,Solo Daños,Choque,No mantener distancia de seguridad,Tramo 372 Kilometro  13,Vereda Palmas,Rural,
2161262,05/27/2016,8:15 a.m.,Viernes,Automovil,Particular,Conductor,Masculino,No,Sin Registro,Solo Daños,Choque,No mantener distancia de seguridad,Tramo 372 Kilometro  13,Vereda Palmas,Rural,
2161246,05/27/2016,10:45 a.m.,Viernes,Automovil,Particular,Conductor,Masculino,No,Sin Registro,Solo Daños,Choque,No mantener distancia de seguridad,Calle 46  Sur Carrera 48,Las Vegas,Urbana,"(6.162824447, -75.59968661)"
2161246,05/27/2016,10:45 a.m.,Viernes,Motocicleta,Particular,Motociclista,Masculino,No,Sin Registro,Solo Daños,Choque,No mantener distancia de seguridad,Calle 46  Sur Carrera 48,Las Vegas,Urbana,"(6.162824447, -75.59968661)"
2161236,05/27/2016,2:30 p.m.,Viernes,Automovil,Particular,Conductor,Masculino,No,Sin Registro,Herido,Atropello,Cruzar sin observar,Calle 45  Sur Carrera 44 A,Sin Registro,Urbana,"(6.165836791, -75.59533738)"
2161257,05/27/2016,4:00 p.m.,Viernes,Automovil,Particular,Conductor,Femenino,No,Sin Registro,Solo Daños,Choque,Semaforo en rojo,Calle 39  Sur Carrera 41,Zona Centro,Urbana,"(6.167870042, -75.58744871)"
2161251,05/27/2016,6:30 p.m.,Viernes,Motocicleta,Particular,Motociclista,Masculino,No,Sin Registro,Solo Daños,Choque,Adelantar en zona prohibida,Calle 39  Sur Carrera 27 B,Sin Registro,Urbana,"(6.159217585, -75.57883462)"
2161270,05/27/2016,6:30 p.m.,Viernes,Motocicleta,Particular,Motociclista,Masculino,No,Sin Registro,Herido,Choque,No respetar prelacion,Calle 36 D Sur Carrera 27,Vereda El Escobero,Urbana,"(6.162479576, -75.57022257)"
2161270,05/27/2016,6:30 p.m.,Viernes,Automovil,Particular,Conductor,Masculino,No,Sin Registro,Herido,Choque,No respetar prelacion,Calle 36 D Sur Carrera 27,Vereda El Escobero,Urbana,"(6.162479576, -75.57022257)"
2161252,05/27/2016,7:50 p.m.,Viernes,Motocicleta,Particular,Motociclista,Masculino,No,Sin Registro,Solo Daños,Choque,Adelantar por la derecha,Calle 38 A Sur Carrera 48,Las Vegas,Urbana,"(6.168560755, -75.58701537)"
2161252,05/27/2016,7:50 p.m.,Viernes,Automovil,Particular,Conductor,Femenino,No,Sin Registro,Solo Daños,Choque,Adelantar por la derecha,Calle 38 A Sur Carrera 48,Las Vegas,Urbana,"(6.168560755, -75.58701537)"
2161254,05/27/2016,8:30 p.m.,Viernes,Automovil,Particular,Conductor,Masculino,No,Sin Registro,Solo Daños,Choque,No mantener distancia de seguridad,Calle 39  Sur Carrera 43 A,Zona Centro,Urbana,"(6.169120914, -75.58953036)"
2161254,05/27/2016,8:30 p.m.,Viernes,Automovil,Particular,Conductor,Masculino,No,Sin Registro,Solo Daños,Choque,No mantener distancia de seguridad,Calle 39  Sur Carrera 43 A,Zona Centro,Urbana,"(6.169120914, -75.58953036)"
2161240,05/28/2016,8:10 a.m.,Sábado,Motocicleta,Particular,Motociclista,Masculino,No,Sin Registro,Solo Daños,Choque,Exceso de velocidad,Calle 38  Sur Carrera 43 A,Zona Centro,Urbana,"(6.170537577, -75.58862514)"
2161240,05/28/2016,8:10 a.m.,Sábado,Automovil,Publico,Conductor,Masculino,No,Sin Registro,Solo Daños,Choque,Exceso de velocidad,Calle 38  Sur Carrera 43 A,Zona Centro,Urbana,"(6.170537577, -75.58862514)"
2161255,05/28/2016,10:40 a.m.,Sábado,Automovil,Particular,Conductor,Masculino,No,Sin Registro,Solo Daños,Choque,Adelantar en zona prohibida,Calle 34  Sur Carrera 45,Sin Registro,Urbana,"(6.173780549, -75.58820422)"
2161255,05/28/2016,10:40 a.m.,Sábado,Motocicleta,Particular,Motociclista,Masculino,No,Sin Registro,Solo Daños,Choque,Adelantar en zona prohibida,Calle 34  Sur Carrera 45,Sin Registro,Urbana,"(6.173780549, -75.58820422)"
2161239,05/28/2016,11:00 a.m.,Sábado,Automovil,Particular,Conductor,Masculino,No,Sin Registro,Solo Daños,Choque,Desobedecer senales,Calle 46  Sur Carrera 42 D,La Paz,Urbana,"(6.161931332, -75.59358495)"
2161239,05/28/2016,11:00 a.m.,Sábado,Automovil,Particular,Conductor,Femenino,No,Sin Registro,Solo Daños,Choque,Desobedecer senales,Calle 46  Sur Carrera 42 D,La Paz,Urbana,"(6.161931332, -75.59358495)"
2161249,05/28/2016,2:40 p.m.,Sábado,Automovil,Particular,Conductor,Femenino,No,Sin Registro,Solo Daños,Choque,No mantener distancia de seguridad,Calle 44  Sur Carrera 48,Las Vegas,Urbana,"(6.168560051, -75.59898129)"
2161249,05/28/2016,2:40 p.m.,Sábado,Automovil,Particular,Conductor,Masculino,No,Sin Registro,Solo Daños,Choque,No mantener distancia de seguridad,Calle 44  Sur Carrera 48,Las Vegas,Urbana,"(6.168560051, -75.59898129)"
2161256,05/28/2016,2:45 p.m.,Sábado,Automovil,Publico,Conductor,Masculino,No,Sin Registro,Solo Daños,Choque,Adelantar cerrando,Calle 38  Sur Carrera 48,Sin Registro,Urbana,
2161256,05/28/2016,2:45 p.m.,Sábado,Campero,Particular,Conductor,Masculino,No,Sin Registro,Solo Daños,Choque,Adelantar cerrando,Calle 38  Sur Carrera 48,Sin Registro,Urbana,
2161250,05/28/2016,9:25 p.m.,Sábado,Motocicleta,Particular,Motociclista,Masculino,No,Sin Registro,Herido,Atropello,Cruzar sin observar,Calle 37  Sur Carrera 45 A,El Portal,Urbana,"(6.172226705, -75.5897566)"
2161253,05/28/2016,9:35 p.m.,Sábado,Microbus,Publico,Conductor,Masculino,No,Sin Registro,Solo Daños,Choque,No mantener distancia de seguridad,Calle 39  Sur Carrera 42,Zona Centro,Urbana,"(6.168300638, -75.58815927)"
2161253,05/28/2016,9:35 p.m.,Sábado,Automovil,Publico,Conductor,Masculino,No,Sin Registro,Solo Daños,Choque,No mantener distancia de seguridad,Calle 39  Sur Carrera 42,Zona Centro,Urbana,"(6.168300638, -75.58815927)"
2161242,05/28/2016,10:46 p.m.,Sábado,Motocicleta,Diplomatico,Motociclista,Masculino,No,Sin Registro,Herido,Choque,Exceso de velocidad,Calle 38 A Sur Carrera 39,Mesa,Urbana,"(6.167679571, -75.58567628)"
2161269,05/29/2016,10:00 a.m.,Domingo,Motocicleta,Particular,Motociclista,Masculino,No,Sin Registro,Herido,Caida Ocupante,Impericia en el manejo,Tramo 371 Kilometro  11,Vereda El Escobero,Rural,
2161245,05/29/2016,10:50 a.m.,Domingo,Automovil,Publico,Conductor,Masculino,No,Sin Registro,Herido,Choque,Desobedecer senales,Calle 38 A Sur Carrera 35,Mesa,Urbana,"(6.166333039, -75.58360674)"
2161245,05/29/2016,10:50 a.m.,Domingo,Camioneta,Particular,Conductor,Femenino,No,Sin Registro,Herido,Choque,Desobedecer senales,Calle 38 A Sur Carrera 35,Mesa,Urbana,"(6.166333039, -75.58360674)"
2161268,05/29/2016,12:20 p.m.,Domingo,Motocicleta,Particular,Motociclista,Masculino,No,Sin Registro,Herido,Choque,Transitar entre vehiculos,Diagonal 31 E Transversal 34,Los Naranjos,Urbana,"(6.172689669, -75.57882729)"
2161268,05/29/2016,12:20 p.m.,Domingo,Bicicleta,Particular,Ciclista,Masculino,No,Sin Registro,Herido,Choque,Transitar entre vehiculos,Diagonal 31 E Transversal 34,Los Naranjos,Urbana,"(6.172689669, -75.57882729)"
2161278,05/29/2016,5:30 p.m.,Domingo,Automovil,Particular,Conductor,Femenino,No,Sin Registro,Solo Daños,Choque,No respetar prelacion,Calle 38 A Sur Carrera 36,Mesa,Urbana,"(6.166666222, -75.58411827)"
2161278,05/29/2016,5:30 p.m.,Domingo,Motocicleta,Particular,Motociclista,Sin registro,No,Sin Registro,Solo Daños,Choque,No respetar prelacion,Calle 38 A Sur Carrera 36,Mesa,Urbana,"(6.166666222, -75.58411827)"
2161278,05/29/2016,5:30 p.m.,Domingo,Motocicleta,Particular,Motociclista,Masculino,No,Sin Registro,Solo Daños,Choque,No respetar prelacion,Calle 38 A Sur Carrera 36,Mesa,Urbana,"(6.166666222, -75.58411827)"
2161235,05/29/2016,6:20 p.m.,Domingo,Automovil,Particular,Conductor,Masculino,No,Sin Registro,Herido,Choque,Exceso de velocidad,Tramo 371 Kilometro  11,Vereda El Escobero,Rural,
2161235,05/29/2016,6:20 p.m.,Domingo,Automovil,Particular,Conductor,Masculino,No,Sin Registro,Herido,Choque,Exceso de velocidad,Tramo 371 Kilometro  11,Vereda El Escobero,Rural,
2161234,05/29/2016,8:30 p.m.,Domingo,Automovil,Particular,Conductor,Femenino,No,Sin Registro,Herido,Atropello,Exceso de velocidad,Calle 37  Sur Diagonal 31,La Pradera,Urbana,"(6.166120684, -75.58074061)"
2161273,05/30/2016,12:40 p.m.,Lunes,Bus,Publico,Conductor,Masculino,No,Sin Registro,Solo Daños,Choque,Reverso imprudente,Calle 48 C Sur Carrera 43 A,Sin Registro,Urbana,"(6.162378903, -75.59763059)"
2161273,05/30/2016,12:40 p.m.,Lunes,Automovil,Particular,Conductor,Masculino,No,Sin Registro,Solo Daños,Choque,Reverso imprudente,Calle 48 C Sur Carrera 43 A,Sin Registro,Urbana,"(6.162378903, -75.59763059)"
2161267,05/30/2016,1:40 p.m.,Lunes,Campero,Particular,Conductor,Masculino,No,Sin Registro,Solo Daños,Choque,No respetar prelacion,Tramo 181 Kilometro  5,Sin Registro,Rural,
2161267,05/30/2016,1:40 p.m.,Lunes,Camioneta,Particular,Conductor,Masculino,No,Sin Registro,Solo Daños,Choque,No respetar prelacion,Tramo 181 Kilometro  5,Sin Registro,Rural,
2161243,05/30/2016,4:15 p.m.,Lunes,Automovil,Publico,Conductor,Masculino,No,Sin Registro,Solo Daños,Choque,Adelantar cerrando,Calle 48 B Sur Carrera 39 B,El Trianon,Urbana,"(6.157403513, -75.59452781)"
2161243,05/30/2016,4:15 p.m.,Lunes,Automovil,Particular,Conductor,Masculino,No,Sin Registro,Solo Daños,Choque,Adelantar cerrando,Calle 48 B Sur Carrera 39 B,El Trianon,Urbana,"(6.157403513, -75.59452781)"
2161247,05/30/2016,5:30 p.m.,Lunes,Automovil,Particular,Conductor,Femenino,No,Sin Registro,Solo Daños,Choque,Exceso de velocidad,Calle 36 D Sur Carrera 27 D,Vereda El Escobero,Urbana,"(6.164970853, -75.57463727)"
2161247,05/30/2016,5:30 p.m.,Lunes,Motocicleta,Particular,Motociclista,Masculino,No,Sin Registro,Solo Daños,Choque,Exceso de velocidad,Calle 36 D Sur Carrera 27 D,Vereda El Escobero,Urbana,"(6.164970853, -75.57463727)"
2161264,05/30/2016,5:30 p.m.,Lunes,Campero,Particular,Conductor,Masculino,No,Sin Registro,Solo Daños,Choque,No mantener distancia de seguridad,Tramo 372 Kilometro  16,Vereda Palmas,Rural,
2161264,05/30/2016,5:30 p.m.,Lunes,Motocicleta,Particular,Motociclista,Masculino,No,Sin Registro,Solo Daños,Choque,No mantener distancia de seguridad,Tramo 372 Kilometro  16,Vereda Palmas,Rural,
2161272,05/30/2016,6:00 p.m.,Lunes,Automovil,Particular,Conductor,Femenino,No,Sin Registro,Solo Daños,Choque,Adelantar en zona prohibida,Tramo 372 Kilometro  13,Vereda Palmas,Rural,
2161272,05/30/2016,6:00 p.m.,Lunes,Automovil,Publico,Conductor,Masculino,No,Sin Registro,Solo Daños,Choque,Adelantar en zona prohibida,Tramo 372 Kilometro  13,Vereda Palmas,Rural,
2161241,05/30/2016,7:40 p.m.,Lunes,Automovil,Particular,Conductor,Masculino,No,Sin Registro,Solo Daños,Choque,No mantener distancia de seguridad,Calle 32  Sur Carrera 48,Las Vegas,Urbana,
2161241,05/30/2016,7:40 p.m.,Lunes,Automovil,Particular,Conductor,Masculino,No,Sin Registro,Solo Daños,Choque,No mantener distancia de seguridad,Calle 32  Sur Carrera 48,Las Vegas,Urbana,
2161277,05/30/2016,7:50 p.m.,Lunes,Automovil,Particular,Conductor,Masculino,No,Sin Registro,Solo Daños,Choque,Exceso de velocidad,Calle 27  Sur Carrera 27 D,El Esmeraldal,Urbana,"(6.174986227, -75.57228403)"
2161237,05/30/2016,11:30 p.m.,Lunes,Automovil,Particular,Conductor,Masculino,No,Sin Registro,Solo Daños,Choque,Semaforo en rojo,Calle 21  Sur Carrera 43 A,Zuñiga,Urbana,"(6.18399286, -75.57959764)"
2161237,05/30/2016,11:30 p.m.,Lunes,Motocicleta,Particular,Motociclista,Masculino,No,Sin Registro,Solo Daños,Choque,Semaforo en rojo,Calle 21  Sur Carrera 43 A,Zuñiga,Urbana,"(6.18399286, -75.57959764)"
2161281,05/31/2016,6:30 a.m.,Martes,Automovil,Publico,Conductor,Femenino,No,Sin Registro,Solo Daños,Choque,Desobedecer senales,Calle 45 C Sur Carrera 41,Las Antillas,Urbana,"(6.162072579, -75.59316838)"
2161281,05/31/2016,6:30 a.m.,Martes,Automovil,Particular,Conductor,Femenino,No,Sin Registro,Solo Daños,Choque,Desobedecer senales,Calle 45 C Sur Carrera 41,Las Antillas,Urbana,"(6.162072579, -75.59316838)"
2161275,05/31/2016,7:30 a.m.,Martes,Bus,Publico,Conductor,Masculino,No,Sin Registro,Solo Daños,Choque,Desobedecer senales,Calle 33 B Sur Carrera 45,El Portal,Urbana,"(6.174167802, -75.58799211)"
2161275,05/31/2016,7:30 a.m.,Martes,Camioneta,Particular,Conductor,Masculino,No,Sin Registro,Solo Daños,Choque,Desobedecer senales,Calle 33 B Sur Carrera 45,El Portal,Urbana,"(6.174167802, -75.58799211)"
2161274,05/31/2016,10:40 a.m.,Martes,Automovil,Particular,Conductor,Masculino,No,Sin Registro,Solo Daños,Choque,No mantener distancia de seguridad,Calle 43  Sur Carrera 50,Las Vegas,Urbana,"(6.159203801, -75.60259496)"
2161274,05/31/2016,10:40 a.m.,Martes,Automovil,Particular,Conductor,Masculino,No,Sin Registro,Solo Daños,Choque,No mantener distancia de seguridad,Calle 43  Sur Carrera 50,Las Vegas,Urbana,"(6.159203801, -75.60259496)"
2161285,05/31/2016,3:30 p.m.,Martes,Motocicleta,Particular,Motociclista,Masculino,No,Sin Registro,Herido,Caida Ocupante,Impericia en el manejo,Calle 40  Sur Carrera 43 A,Sin Registro,Urbana,"(6.167965983, -75.59024215)"
2161284,05/31/2016,4:40 p.m.,Martes,Automovil,Particular,Conductor,Masculino,No,Sin Registro,Herido,Choque,No respetar prelacion,Diagonal 31 Transversal 33 A,Las Flores,Urbana,"(6.173761816, -75.5789197)"
2161284,05/31/2016,4:40 p.m.,Martes,Bicicleta,Particular,Ciclista,Sin registro,No,Sin Registro,Herido,Choque,No respetar prelacion,Diagonal 31 Transversal 33 A,Las Flores,Urbana,"(6.173761816, -75.5789197)"
2161284,05/31/2016,4:40 p.m.,Martes,Automovil,Particular,Conductor,Masculino,No,Sin Registro,Herido,Choque,No respetar prelacion,Diagonal 31 Transversal 33 A,Las Flores,Urbana,"(6.173761816, -75.5789197)"
2161279,05/31/2016,5:00 p.m.,Martes,Campero,Particular,Conductor,Femenino,No,Sin Registro,Solo Daños,Choque,Desobedecer senales,Calle 47  Sur Carrera 40,El Trianon,Urbana,"(6.15929595, -75.5937748)"
2161279,05/31/2016,5:00 p.m.,Martes,Camioneta,Publico,Conductor,Masculino,No,Sin Registro,Solo Daños,Choque,Desobedecer senales,Calle 47  Sur Carrera 40,El Trianon,Urbana,"(6.15929595, -75.5937748)"
2161276,05/31/2016,5:30 p.m.,Martes,Automovil,Particular,Conductor,Masculino,No,Sin Registro,Solo Daños,Choque,Obstaculos en la via,Calle 39  Sur Carrera 48,Alcala,Urbana,"(6.17373153, -75.59688397)"
2161276,05/31/2016,5:30 p.m.,Martes,Camion,Publico,Conductor,Masculino,No,Sin Registro,Solo Daños,Choque,Obstaculos en la via,Calle 39  Sur Carrera 48,Alcala,Urbana,"(6.17373153, -75.59688397)"
2161298,05/31/2016,6:00 p.m.,Martes,Automovil,Publico,Conductor,Masculino,No,Sin Registro,Herido,Choque,Exceso de velocidad,Calle 49  Sur Carrera 48,Las Vegas,Urbana,"(6.163238618, -75.60250718)"
2161298,05/31/2016,6:00 p.m.,Martes,Automovil,Particular,Conductor,Masculino,No,Sin Registro,Herido,Choque,Exceso de velocidad,Calle 49  Sur Carrera 48,Las Vegas,Urbana,"(6.163238618, -75.60250718)"
2161298,05/31/2016,6:00 p.m.,Martes,Automovil,Particular,Conductor,Masculino,No,Sin Registro,Herido,Choque,Exceso de velocidad,Calle 49  Sur Carrera 48,Las Vegas,Urbana,"(6.163238618, -75.60250718)"
2161298,05/31/2016,6:00 p.m.,Martes,Campero,Particular,Conductor,Femenino,No,Sin Registro,Herido,Choque,Exceso de velocidad,Calle 49  Sur Carrera 48,Las Vegas,Urbana,"(6.163238618, -75.60250718)"
2161283,05/31/2016,6:30 p.m.,Martes,Motocicleta,Particular,Motociclista,Masculino,No,Sin Registro,Herido,Choque,Desobedecer senales,Diagonal 32 D Transversal 32,La Magnolia,Urbana,"(6.175661946, -75.58418404)"
2161283,05/31/2016,6:30 p.m.,Martes,Automovil,Particular,Conductor,Femenino,No,Sin Registro,Herido,Choque,Desobedecer senales,Diagonal 32 D Transversal 32,La Magnolia,Urbana,"(6.175661946, -75.58418404)"
2161881,05/31/2016,7:00 p.m.,Martes,Automovil,Particular,Conductor,Femenino,No,Sin Registro,Solo Daños,Choque,Otra,Calle 41 B Sur Carrera 27,San Rafael,Urbana,"(6.157462254, -75.58369095)"
2161295,01/06/2016,6:40 a.m.,Miércoles,Automovil,Particular,Conductor,Femenino,No,Sin Registro,Solo Daños,Choque,Adelantar cerrando,Calle 25 A Sur Carrera 50,Las Vegas,Urbana,
2161403,11/06/2016,1:15 p.m.,Sábado,Microbus,Publico,Conductor,Masculino,No,Sin Registro,Herido,Choque,Transitar entre vehiculos,Calle 50  Sur Carrera 48,Sin Registro,Urbana,
2161295,01/06/2016,6:40 a.m.,Miércoles,Automovil,Particular,Conductor,Masculino,No,Sin Registro,Solo Daños,Choque,Adelantar cerrando,Calle 25 A Sur Carrera 50,Las Vegas,Urbana,
2161296,01/06/2016,8:00 a.m.,Miércoles,Automovil,Publico,Conductor,Masculino,No,Sin Registro,Solo Daños,Choque,No mantener distancia de seguridad,Calle 39  Sur Carrera 48,Las Vegas,Urbana,"(6.17373153, -75.59688397)"