RADICADO,FECHA,HORA,DÍA DE LA SEMANA,CLASE DE VEHICULO,TIPO DE SERVICIO,TIPO DE VICTIMA,SEXO,ESTADO DE BEODEZ,RESULTADO DE BEODEZ,GRAVEDAD,CLASE DE ACCIDENTE,CAUSA,DIRECCIÓN,BARRIO,AREA,Coordenadas
2161296,01/06/2016,8:00 a.m.,Miércoles,Camioneta,Particular,Conductor,Masculino,No,Sin Registro,Solo Daños,Choque,No mantener distancia de seguridad,Calle 39  Sur Carrera 48,Las Vegas,Urbana,"(6.17373153, -75.59688397)"
2161282,01/06/2016,8:15 a.m.,Miércoles,Camioneta,Particular,Conductor,Masculino,No,Sin Registro,Herido,Choque,Reverso imprudente,Calle 40  Sur Carrera 27,Sin Registro,Urbana,"(6.158366235, -75.58080793)"
2161282,01/06/2016,8:15 a.m.,Miércoles,Bicicleta,Particular,Ciclista,Masculino,No,Sin Registro,Herido,Choque,Reverso imprudente,Calle 40  Sur Carrera 27,Sin Registro,Urbana,"(6.158366235, -75.58080793)"
2161287,01/06/2016,8:40 a.m.,Miércoles,Motocicleta,Particular,Motociclista,Masculino,No,Sin Registro,Herido,Atropello,Semaforo en rojo,Calle 36  Sur Carrera 41,Zona Centro,Urbana,"(6.170639628, -75.58578509)"
2161294,01/06/2016,11:45 a.m.,Miércoles,Camioneta,Particular,Conductor,Masculino,No,Sin Registro,Solo Daños,Choque,Adelantar cerrando,Calle 45 B Sur Carrera 42,La Paz,Urbana,"(6.163155121, -75.59370839)"
2161294,01/06/2016,11:45 a.m.,Miércoles,Camioneta,Particular,Conductor,Masculino,No,Sin Registro,Solo Daños,Choque,Adelantar cerrando,Calle 45 B Sur Carrera 42,La Paz,Urbana,"(6.163155121, -75.59370839)"
2161280,01/06/2016,11:50 a.m.,Miércoles,Camioneta,Particular,Conductor,Masculino,No,Sin Registro,Solo Daños,Choque,No mantener distancia de seguridad,Calle 37  Sur Carrera 50,Las Vegas,Urbana,
2161280,01/06/2016,11:50 a.m.,Miércoles,Camioneta,Particular,Conductor,Masculino,No,Sin Registro,Solo Daños,Choque,No mantener distancia de seguridad,Calle 37  Sur Carrera 50,Las Vegas,Urbana,
2161299,01/06/2016,12:10 p.m.,Miércoles,Automovil,Particular,Conductor,Femenino,No,Sin Registro,Solo Daños,Choque,No respetar prelacion,Calle 19  Sur Carrera 48,Las Vegas,Urbana,
2161299,01/06/2016,12:10 p.m.,Miércoles,Automovil,Particular,Conductor,Masculino,No,Sin Registro,Solo Daños,Choque,No respetar prelacion,Calle 19  Sur Carrera 48,Las Vegas,Urbana,
2161299,01/06/2016,12:10 p.m.,Miércoles,Motocicleta,Particular,Motociclista,Masculino,No,Sin Registro,Solo Daños,Choque,No respetar prelacion,Calle 19  Sur Carrera 48,Las Vegas,Urbana,
2161300,01/06/2016,1:00 p.m.,Miércoles,Camioneta,Publico,Conductor,Masculino,No,Sin Registro,Herido,Choque,No respetar prelacion,Diagonal 33 Transversal 34,La Magnolia,Urbana,"(6.172651904, -75.58382242)"
2161300,01/06/2016,1:00 p.m.,Miércoles,Automovil,Particular,Conductor,Masculino,No,Sin Registro,Herido,Choque,No respetar prelacion,Diagonal 33 Transversal 34,La Magnolia,Urbana,"(6.172651904, -75.58382242)"
2161300,01/06/2016,1:00 p.m.,Miércoles,Microbus,Publico,Conductor,Masculino,No,Sin Registro,Herido,Choque,No respetar prelacion,Diagonal 33 Transversal 34,La Magnolia,Urbana,"(6.172651904, -75.58382242)"
2161286,01/06/2016,1:15 p.m.,Miércoles,Campero,Particular,Conductor,Femenino,No,Sin Registro,Solo Daños,Choque,Adelantar cerrando,Calle 24  Sur Carrera 43 A,Avenida El Poblado,Urbana,
2161286,01/06/2016,1:15 p.m.,Miércoles,Automovil,Publico,Conductor,Masculino,No,Sin Registro,Solo Daños,Choque,Adelantar cerrando,Calle 24  Sur Carrera 43 A,Avenida El Poblado,Urbana,
2161303,01/06/2016,2:00 p.m.,Miércoles,Automovil,Particular,Conductor,Masculino,No,Sin Registro,Solo Daños,Choque,No mantener distancia de seguridad,Calle 36 D Sur Carrera 27,Vereda El Escobero,Urbana,"(6.162479576, -75.57022257)"
2161303,01/06/2016,2:00 p.m.,Miércoles,Automovil,Particular,Conductor,Masculino,No,Sin Registro,Solo Daños,Choque,No mantener distancia de seguridad,Calle 36 D Sur Carrera 27,Vereda El Escobero,Urbana,"(6.162479576, -75.57022257)"
2161301,01/06/2016,3:30 p.m.,Miércoles,Motocicleta,Particular,Motociclista,Masculino,No,Sin Registro,Herido,Choque,No mantener distancia de seguridad,Diagonal 32 Transversal 32 A,La Magnolia,Urbana,"(6.17563197, -75.58246654)"
2161301,01/06/2016,3:30 p.m.,Miércoles,Automovil,Particular,Conductor,Masculino,No,Sin Registro,Herido,Choque,No mantener distancia de seguridad,Diagonal 32 Transversal 32 A,La Magnolia,Urbana,"(6.17563197, -75.58246654)"
2161288,01/06/2016,4:15 p.m.,Miércoles,Automovil,Particular,Conductor,Masculino,No,Sin Registro,Solo Daños,Choque,No mantener distancia de seguridad,Calle 21  Sur Carrera 43 A,Sin Registro,Urbana,"(6.18399286, -75.57959764)"
2161288,01/06/2016,4:15 p.m.,Miércoles,Automovil,Particular,Conductor,Femenino,No,Sin Registro,Solo Daños,Choque,No mantener distancia de seguridad,Calle 21  Sur Carrera 43 A,Sin Registro,Urbana,"(6.18399286, -75.57959764)"
2161291,01/06/2016,4:20 p.m.,Miércoles,Automovil,Particular,Conductor,Masculino,No,Sin Registro,Solo Daños,Choque,Desobedecer senales,Calle 39  Sur Carrera 45 B,Alcala,Urbana,"(6.169926232, -75.59176052)"
2161291,01/06/2016,4:20 p.m.,Miércoles,Camioneta,Particular,Conductor,Masculino,No,Sin Registro,Solo Daños,Choque,Desobedecer senales,Calle 39  Sur Carrera 45 B,Alcala,Urbana,"(6.169926232, -75.59176052)"
2161292,01/06/2016,5:20 p.m.,Miércoles,Camioneta,Particular,Conductor,Femenino,No,Sin Registro,Solo Daños,Choque,No mantener distancia de seguridad,Calle 40  Sur Carrera 43 A,Alcala,Urbana,"(6.167965983, -75.59024215)"
2161292,01/06/2016,5:20 p.m.,Miércoles,Motocicleta,Particular,Motociclista,Femenino,No,Sin Registro,Solo Daños,Choque,No mantener distancia de seguridad,Calle 40  Sur Carrera 43 A,Alcala,Urbana,"(6.167965983, -75.59024215)"
2161290,01/06/2016,5:35 p.m.,Miércoles,Automovil,Particular,Conductor,Masculino,No,Sin Registro,Solo Daños,Choque,Adelantar cerrando,Calle 46  Sur Carrera 46 B,Primavera,Urbana,"(6.165325085, -75.59741757)"
2161290,01/06/2016,5:35 p.m.,Miércoles,Bus,Publico,Conductor,Masculino,No,Sin Registro,Solo Daños,Choque,Adelantar cerrando,Calle 46  Sur Carrera 46 B,Primavera,Urbana,"(6.165325085, -75.59741757)"
2161307,01/06/2016,6:30 p.m.,Miércoles,Automovil,Publico,Conductor,Masculino,No,Sin Registro,Solo Daños,Choque,Desobedecer senales,Calle 40 F Sur Carrera 32 B,Sin Registro,Urbana,"(6.162643008, -75.58590704)"
2161307,01/06/2016,6:30 p.m.,Miércoles,Motocicleta,Particular,Motociclista,Femenino,No,Sin Registro,Solo Daños,Choque,Desobedecer senales,Calle 40 F Sur Carrera 32 B,Sin Registro,Urbana,"(6.162643008, -75.58590704)"
2161293,01/06/2016,10:00 p.m.,Miércoles,Automovil,Particular,Conductor,Masculino,No,Sin Registro,Solo Daños,Choque,Exceso de velocidad,Tramo 181 Kilometro  1,Sin Registro,Rural,
2161289,01/06/2016,11:40 p.m.,Miércoles,Campero,Particular,Conductor,Masculino,No,Sin Registro,Solo Daños,Choque,No mantener distancia de seguridad,Calle 30  Sur Carrera 48,Las Vegas,Urbana,"(6.180376127, -75.59028805)"
2161289,01/06/2016,11:40 p.m.,Miércoles,Motocicleta,Particular,Motociclista,Masculino,No,Sin Registro,Solo Daños,Choque,No mantener distancia de seguridad,Calle 30  Sur Carrera 48,Las Vegas,Urbana,"(6.180376127, -75.59028805)"
2161297,02/06/2016,5:45 a.m.,Jueves,Automovil,Particular,Conductor,Masculino,No,Sin Registro,Solo Daños,Choque,No mantener distancia de seguridad,Calle 37  Sur Carrera 50,Las Vegas,Urbana,
2161297,02/06/2016,5:45 a.m.,Jueves,Motocicleta,Particular,Motociclista,Masculino,No,Sin Registro,Solo Daños,Choque,No mantener distancia de seguridad,Calle 37  Sur Carrera 50,Las Vegas,Urbana,
2161348,02/06/2016,9:00 a.m.,Jueves,Microbus,Particular,Conductor,Masculino,No,Sin Registro,Solo Daños,Choque,No mantener distancia de seguridad,Calle 32  Sur Carrera 50,Las Vegas,Urbana,
2161348,02/06/2016,9:00 a.m.,Jueves,Automovil,Particular,Conductor,Masculino,No,Sin Registro,Solo Daños,Choque,No mantener distancia de seguridad,Calle 32  Sur Carrera 50,Las Vegas,Urbana,
2161302,02/06/2016,9:30 a.m.,Jueves,Motocicleta,Particular,Motociclista,Femenino,No,Sin Registro,Herido,Choque,Otra,Diagonal 32 Transversal 33,La Magnolia,Urbana,"(6.174622044, -75.58211855)"
2161302,02/06/2016,9:30 a.m.,Jueves,Automovil,Particular,Conductor,Masculino,No,Sin Registro,Herido,Choque,Otra,Diagonal 32 Transversal 33,La Magnolia,Urbana,"(6.174622044, -75.58211855)"
2161305,02/06/2016,11:30 a.m.,Jueves,Motocicleta,Particular,Motociclista,Masculino,No,Sin Registro,Herido,Atropello,Cruzar sin observar,Carrera 24 D Calle 1  Sur,Vereda El Vallano,Urbana,
2161345,02/06/2016,2:20 p.m.,Jueves,Automovil,Particular,Conductor,Masculino,No,Sin Registro,Solo Daños,Choque,Desobedecer senales,Diagonal 32 D Transversal 34,Los Naranjos,Urbana,"(6.172908151, -75.58314442)"
2161345,02/06/2016,2:20 p.m.,Jueves,Motocicleta,Particular,Motociclista,Masculino,No,Sin Registro,Solo Daños,Choque,Desobedecer senales,Diagonal 32 D Transversal 34,Los Naranjos,Urbana,"(6.172908151, -75.58314442)"
2161308,02/06/2016,2:50 p.m.,Jueves,Automovil,Particular,Conductor,Masculino,No,Sin Registro,Solo Daños,Choque,No respetar prelacion,Calle 21  Sur Carrera 43 A,Avenida El Poblado,Urbana,"(6.18399286, -75.57959764)"
2161308,02/06/2016,2:50 p.m.,Jueves,Camioneta,Particular,Conductor,Masculino,No,Sin Registro,Solo Daños,Choque,No respetar prelacion,Calle 21  Sur Carrera 43 A,Avenida El Poblado,Urbana,"(6.18399286, -75.57959764)"
2161309,02/06/2016,6:15 p.m.,Jueves,Automovil,Particular,Conductor,Femenino,No,Sin Registro,Solo Daños,Choque,Adelantar cerrando,Calle 37  Sur Carrera 43 A,Zona Centro,Urbana,"(6.171151654, -75.58815663)"
2161309,02/06/2016,6:15 p.m.,Jueves,Bus,Publico,Conductor,Masculino,No,Sin Registro,Solo Daños,Choque,Adelantar cerrando,Calle 37  Sur Carrera 43 A,Zona Centro,Urbana,"(6.171151654, -75.58815663)"
2161304,02/06/2016,6:20 p.m.,Jueves,Motocicleta,Particular,Motociclista,Masculino,No,Sin Registro,Solo Daños,Choque,Adelantar en zona prohibida,Calle 36 D Sur Carrera 27 D,La Magnolia,Urbana,"(6.164970853, -75.57463727)"
2161304,02/06/2016,6:20 p.m.,Jueves,Automovil,Particular,Conductor,Femenino,No,Sin Registro,Solo Daños,Choque,Desobedecer senales,Calle 36 D Sur Carrera 27 D,La Magnolia,Urbana,"(6.164970853, -75.57463727)"
2161304,02/06/2016,6:20 p.m.,Jueves,Automovil,Particular,Conductor,Femenino,No,Sin Registro,Solo Daños,Choque,Adelantar en zona prohibida,Calle 36 D Sur Carrera 27 D,La Magnolia,Urbana,"(6.164970853, -75.57463727)"
2161304,02/06/2016,6:20 p.m.,Jueves,Motocicleta,Particular,Motociclista,Masculino,No,Sin Registro,Solo Daños,Choque,Desobedecer senales,Calle 36 D Sur Carrera 27 D,La Magnolia,Urbana,"(6.164970853, -75.57463727)"
2161335,02/06/2016,6:50 p.m.,Jueves,Motocicleta,Particular,Motociclista,Masculino,No,Sin Registro,Solo Daños,Choque,Adelantar en zona prohibida,Calle 40  Sur Carrera 43 A,El Dorado,Urbana,"(6.167965983, -75.59024215)"
2161335,02/06/2016,6:50 p.m.,Jueves,Camioneta,Particular,Conductor,Masculino,No,Sin Registro,Solo Daños,Choque,Adelantar en zona prohibida,Calle 40  Sur Carrera 43 A,El Dorado,Urbana,"(6.167965983, -75.59024215)"
2161318,02/06/2016,8:00 p.m.,Jueves,Motocicleta,Particular,Motociclista,Masculino,No,Sin Registro,Herido,Atropello,Cruzar sin observar,Diagonal 30 A Transversal 34 D,La Sebastiana,Urbana,"(6.171912234, -75.57874558)"
2161346,02/06/2016,8:30 p.m.,Jueves,Automovil,Particular,Conductor,Masculino,No,Sin Registro,Solo Daños,Choque,Adelantar cerrando,Calle 21  Sur Carrera 44,Zuñiga,Urbana,
2161346,02/06/2016,8:30 p.m.,Jueves,Camioneta,Particular,Conductor,Masculino,No,Sin Registro,Solo Daños,Choque,Adelantar cerrando,Calle 21  Sur Carrera 44,Zuñiga,Urbana,
2161306,02/06/2016,11:15 p.m.,Jueves,Motocicleta,Particular,Motociclista,Masculino,No,Sin Registro,Muerto,Choque,Exceso de velocidad,Tramo 372 Kilometro  13,Vereda Palmas,Rural,
2161327,03/06/2016,1:35 a.m.,Viernes,Camioneta,Particular,Conductor,Masculino,No,Sin Registro,Solo Daños,Choque,Impericia en el manejo,Calle 48 C Sur Carrera 42,Sin Registro,Urbana,"(6.159138282, -75.59625971)"
2161327,03/06/2016,1:35 a.m.,Viernes,Automovil,Particular,Conductor,Masculino,No,Sin Registro,Solo Daños,Choque,Impericia en el manejo,Calle 48 C Sur Carrera 42,Sin Registro,Urbana,"(6.159138282, -75.59625971)"
2161365,03/06/2016,6:50 a.m.,Viernes,Motocicleta,Particular,Motociclista,Masculino,No,Sin Registro,Solo Daños,Choque,No respetar prelacion,Calle 40 F Sur Carrera 24 D,La Mina,Urbana,"(6.153189897, -75.58381114)"
2161365,03/06/2016,6:50 a.m.,Viernes,Automovil,Particular,Conductor,Masculino,No,Sin Registro,Solo Daños,Choque,No respetar prelacion,Calle 40 F Sur Carrera 24 D,La Mina,Urbana,"(6.153189897, -75.58381114)"
2161314,03/06/2016,7:10 a.m.,Viernes,Automovil,Publico,Conductor,Masculino,No,Sin Registro,Solo Daños,Choque,Desobedecer senales,Diagonal 31 D Transversal 32 A,Sin Registro,Urbana,"(6.176123022, -75.58101992)"
2161314,03/06/2016,7:10 a.m.,Viernes,Motocicleta,Particular,Motociclista,Masculino,No,Sin Registro,Solo Daños,Choque,Desobedecer senales,Diagonal 31 D Transversal 32 A,Sin Registro,Urbana,"(6.176123022, -75.58101992)"
2161340,03/06/2016,9:00 a.m.,Viernes,Microbus,Publico,Conductor,Masculino,No,Sin Registro,Solo Daños,Choque,Adelantar cerrando,Calle 21  Sur Carrera 44,Zuñiga,Urbana,
2161340,03/06/2016,9:00 a.m.,Viernes,Automovil,Publico,Conductor,Masculino,No,Sin Registro,Solo Daños,Choque,Adelantar cerrando,Calle 21  Sur Carrera 44,Zuñiga,Urbana,
2161328,03/06/2016,12:00 p.m.,Viernes,Microbus,Publico,Conductor,Masculino,No,Sin Registro,Solo Daños,Choque,Poner en marcha un vehiculo sin precauci,Calle 53 C Sur Carrera 43 A,Sin Registro,Urbana,
2161328,03/06/2016,12:00 p.m.,Viernes,Camioneta,Particular,Conductor,Masculino,No,Sin Registro,Solo Daños,Choque,Poner en marcha un vehiculo sin precauci,Calle 53 C Sur Carrera 43 A,Sin Registro,Urbana,
2161323,03/06/2016,12:30 p.m.,Viernes,Motocicleta,Particular,Motociclista,Masculino,No,Sin Registro,Solo Daños,Choque,Adelantar por la derecha,Calle 26  Sur Carrera 42 B,Las Orquideas,Urbana,"(6.178213645, -75.57937395)"
2161323,03/06/2016,12:30 p.m.,Viernes,Automovil,Particular,Conductor,Masculino,No,Sin Registro,Solo Daños,Choque,Desobedecer senales,Calle 26  Sur Carrera 42 B,Las Orquideas,Urbana,"(6.178213645, -75.57937395)"
2161323,03/06/2016,12:30 p.m.,Viernes,Automovil,Particular,Conductor,Masculino,No,Sin Registro,Solo Daños,Choque,Adelantar por la derecha,Calle 26  Sur Carrera 42 B,Las Orquideas,Urbana,"(6.178213645, -75.57937395)"
2161323,03/06/2016,12:30 p.m.,Viernes,Camion,Publico,Conductor,Masculino,No,Sin Registro,Solo Daños,Choque,Desobedecer senales,Calle 26  Sur Carrera 42 B,Las Orquideas,Urbana,"(6.178213645, -75.57937395)"
2161323,03/06/2016,12:30 p.m.,Viernes,Camion,Publico,Conductor,Masculino,No,Sin Registro,Solo Daños,Choque,Adelantar por la derecha,Calle 26  Sur Carrera 42 B,Las Orquideas,Urbana,"(6.178213645, -75.57937395)"
2161323,03/06/2016,12:30 p.m.,Viernes,Motocicleta,Particular,Motociclista,Masculino,No,Sin Registro,Solo Daños,Choque,Desobedecer senales,Calle 26  Sur Carrera 42 B,Las Orquideas,Urbana,"(6.178213645, -75.57937395)"
2161357,03/06/2016,2:00 p.m.,Viernes,Motocicleta,Particular,Motociclista,Masculino,No,Sin Registro,Solo Daños,Choque,Desobedecer senales,Diagonal 40 Transversal 34,La Magnolia,Urbana,"(6.172071276, -75.58511796)"
2161329,04/06/2016,12:55 p.m.,Sábado,Automovil,Particular,Conductor,Masculino,No,Sin Registro,Solo Daños,Choque,Reverso imprudente,Calle 38 B Sur Carrera 26,Sin Registro,Urbana,
2161357,03/06/2016,2:00 p.m.,Viernes,Automovil,Particular,Conductor,Masculino,No,Sin Registro,Solo Daños,Choque,Desobedecer senales,Diagonal 40 Transversal 34,La Magnolia,Urbana,"(6.172071276, -75.58511796)"
2161331,03/06/2016,3:20 p.m.,Viernes,Automovil,Particular,Conductor,Masculino,No,Sin Registro,Solo Daños,Choque,Adelantar cerrando,Calle 36 D Sur Carrera 27,Vereda El Escobero,Urbana,"(6.162479576, -75.57022257)"
2161331,03/06/2016,3:20 p.m.,Viernes,Camioneta,Particular,Conductor,Masculino,No,Sin Registro,Solo Daños,Choque,Adelantar cerrando,Calle 36 D Sur Carrera 27,Vereda El Escobero,Urbana,"(6.162479576, -75.57022257)"
2161315,03/06/2016,4:00 p.m.,Viernes,Motocicleta,Particular,Motociclista,Femenino,No,Sin Registro,Herido,Atropello,Cruzar sin observar,Calle 47  Sur Carrera 43 A,Avenida El Poblado,Urbana,"(6.167574091, -75.5964403)"
2161330,03/06/2016,4:45 p.m.,Viernes,Automovil,Particular,Conductor,Masculino,No,Sin Registro,Solo Daños,Choque,Impericia en el manejo,Diagonal 39 Transversal 33,La Magnolia,Urbana,"(6.173663146, -75.58497678)"
2161332,05/06/2016,12:50 p.m.,Domingo,Automovil,Particular,Conductor,Masculino,No,Sin Registro,Solo Daños,Choque,Otra,Calle 19  Sur Carrera 48,Las Vegas,Urbana,
2161330,03/06/2016,4:45 p.m.,Viernes,Camion,Publico,Conductor,Masculino,No,Sin Registro,Solo Daños,Choque,Impericia en el manejo,Diagonal 39 Transversal 33,La Magnolia,Urbana,"(6.173663146, -75.58497678)"
2161364,03/06/2016,5:20 p.m.,Viernes,Automovil,Particular,Conductor,Masculino,No,Sin Registro,Solo Daños,Choque,No mantener distancia de seguridad,Calle 37  Sur Carrera 50,Las Vegas,Urbana,
2161364,03/06/2016,5:20 p.m.,Viernes,Camioneta,Particular,Conductor,Masculino,No,Sin Registro,Solo Daños,Choque,No mantener distancia de seguridad,Calle 37  Sur Carrera 50,Las Vegas,Urbana,
2161339,03/06/2016,5:50 p.m.,Viernes,Camion,Publico,Conductor,Masculino,No,Sin Registro,Solo Daños,Choque,Exceso de velocidad,Calle 32 B Sur Carrera 48,Las Vegas,Urbana,"(6.177255701, -75.59003137)"
2161339,03/06/2016,5:50 p.m.,Viernes,Automovil,Particular,Conductor,Masculino,No,Sin Registro,Solo Daños,Choque,Exceso de velocidad,Calle 32 B Sur Carrera 48,Las Vegas,Urbana,"(6.177255701, -75.59003137)"
2161321,03/06/2016,6:00 p.m.,Viernes,Motocicleta,Particular,Motociclista,Masculino,No,Sin Registro,Herido,Choque,Desobedecer senales,Calle 40 B Sur Carrera 40 A,El Dorado,Urbana,"(6.165969162, -75.58780013)"
2161321,03/06/2016,6:00 p.m.,Viernes,Motocicleta,Particular,Motociclista,Masculino,No,Sin Registro,Herido,Choque,Desobedecer senales,Calle 40 B Sur Carrera 40 A,El Dorado,Urbana,"(6.165969162, -75.58780013)"
2161333,03/06/2016,7:10 p.m.,Viernes,Motocicleta,Particular,Motociclista,Masculino,No,Sin Registro,Solo Daños,Choque,Desobedecer senales,Calle 46  Sur Carrera 46,Primavera,Urbana,"(6.164633401, -75.59668961)"
2161333,03/06/2016,7:10 p.m.,Viernes,Automovil,Particular,Conductor,Femenino,No,Sin Registro,Solo Daños,Choque,Desobedecer senales,Calle 46  Sur Carrera 46,Primavera,Urbana,"(6.164633401, -75.59668961)"
2161325,03/06/2016,7:50 p.m.,Viernes,Automovil,Particular,Conductor,Femenino,No,Sin Registro,Herido,Choque,Otra,Calle 23  Sur Carrera 43 A,Avenida El Poblado,Urbana,"(6.182706228, -75.58032996)"
2161341,05/06/2016,2:25 p.m.,Domingo,Campero,Particular,Conductor,Masculino,No,Sin Registro,Solo Daños,Choque,Adelantar en zona prohibida,Tramo 372 Kilometro  60,Vereda Palmas,Rural,
2161325,03/06/2016,7:50 p.m.,Viernes,Automovil,Publico,Conductor,Masculino,No,Sin Registro,Herido,Choque,Otra,Calle 23  Sur Carrera 43 A,Avenida El Poblado,Urbana,"(6.182706228, -75.58032996)"
2161337,03/06/2016,11:50 p.m.,Viernes,Motocicleta,Particular,Motociclista,Masculino,No,Sin Registro,Herido,Choque,Otra,Calle 38 A Sur Carrera 41,Zona Centro,Urbana,"(6.168560755, -75.58701537)"
2161337,03/06/2016,11:50 p.m.,Viernes,Automovil,Publico,Conductor,Masculino,No,Sin Registro,Herido,Choque,Otra,Calle 38 A Sur Carrera 41,Zona Centro,Urbana,"(6.168560755, -75.58701537)"
2161322,04/06/2016,9:50 a.m.,Sábado,Automovil,Particular,Conductor,Femenino,No,Sin Registro,Solo Daños,Choque,Adelantar cerrando,Calle 25 A Sur Carrera 43 A,Villa Grande,Urbana,"(6.181689385, -75.58241799)"
2161322,04/06/2016,9:50 a.m.,Sábado,Camioneta,Particular,Conductor,Femenino,No,Sin Registro,Solo Daños,Choque,Adelantar cerrando,Calle 25 A Sur Carrera 43 A,Villa Grande,Urbana,"(6.181689385, -75.58241799)"
2161343,04/06/2016,11:15 a.m.,Sábado,Camion,Publico,Conductor,Masculino,No,Sin Registro,Solo Daños,Choque,Adelantar cerrando,Calle 37  Sur Carrera 30,Las Vegas,Urbana,
2161343,04/06/2016,11:15 a.m.,Sábado,Automovil,Particular,Conductor,Masculino,No,Sin Registro,Solo Daños,Choque,Adelantar cerrando,Calle 37  Sur Carrera 30,Las Vegas,Urbana,
2161317,04/06/2016,11:25 a.m.,Sábado,Microbus,Publico,Conductor,Masculino,No,Sin Registro,Solo Daños,Choque,Adelantar cerrando,Calle 33 B Sur Carrera 43,Zona Centro,Urbana,"(6.172981087, -75.58607623)"
2161317,04/06/2016,11:25 a.m.,Sábado,Automovil,Particular,Conductor,Femenino,No,Sin Registro,Solo Daños,Choque,Adelantar cerrando,Calle 33 B Sur Carrera 43,Zona Centro,Urbana,"(6.172981087, -75.58607623)"
2161320,04/06/2016,12:05 p.m.,Sábado,Automovil,Publico,Conductor,Masculino,No,Sin Registro,Solo Daños,Choque,Adelantar cerrando,Calle 26  Sur Carrera 50,Las Vegas,Urbana,
2161320,04/06/2016,12:05 p.m.,Sábado,Campero,Particular,Conductor,Masculino,No,Sin Registro,Solo Daños,Choque,Adelantar cerrando,Calle 26  Sur Carrera 50,Las Vegas,Urbana,
2161324,04/06/2016,12:30 p.m.,Sábado,Automovil,Particular,Conductor,Masculino,No,Sin Registro,Solo Daños,Choque,No mantener distancia de seguridad,Calle 37  Sur Carrera 45 B,El Portal,Urbana,"(6.172791889, -75.59071155)"
2161324,04/06/2016,12:30 p.m.,Sábado,Automovil,Particular,Conductor,Masculino,No,Sin Registro,Solo Daños,Choque,No mantener distancia de seguridad,Calle 37  Sur Carrera 45 B,El Portal,Urbana,"(6.172791889, -75.59071155)"
2161329,04/06/2016,12:55 p.m.,Sábado,Campero,Particular,Conductor,Femenino,No,Sin Registro,Solo Daños,Choque,Reverso imprudente,Calle 38 B Sur Carrera 26,Sin Registro,Urbana,
2161352,04/06/2016,1:00 p.m.,Sábado,Automovil,Particular,Conductor,Masculino,No,Sin Registro,Solo Daños,Choque,Adelantar cerrando,Calle 21  Sur Carrera 44,Zuñiga,Urbana,
2161352,04/06/2016,1:00 p.m.,Sábado,Camioneta,Particular,Conductor,Masculino,No,Sin Registro,Solo Daños,Choque,Adelantar cerrando,Calle 21  Sur Carrera 44,Zuñiga,Urbana,
2161336,04/06/2016,1:30 p.m.,Sábado,Bus,Publico,Conductor,Masculino,No,Sin Registro,Solo Daños,Choque,No mantener distancia de seguridad,Calle 30  Sur Carrera 48,Las Vegas,Urbana,"(6.180376127, -75.59028805)"
2161336,04/06/2016,1:30 p.m.,Sábado,Campero,Particular,Conductor,Masculino,No,Sin Registro,Solo Daños,Choque,No mantener distancia de seguridad,Calle 30  Sur Carrera 48,Las Vegas,Urbana,"(6.180376127, -75.59028805)"
2161682,04/06/2016,1:45 p.m.,Sábado,Camioneta,Publico,Conductor,Masculino,No,Sin Registro,Solo Daños,Choque,Otra,Calle 37 A Sur Carrera 33,Mesa,Urbana,"(6.166332677, -75.58203718)"
2161682,04/06/2016,1:45 p.m.,Sábado,Automovil,Particular,Conductor,Masculino,No,Sin Registro,Solo Daños,Choque,Otra,Calle 37 A Sur Carrera 33,Mesa,Urbana,"(6.166332677, -75.58203718)"
2161334,04/06/2016,2:00 p.m.,Sábado,Bus,Publico,Conductor,Masculino,No,Sin Registro,Solo Daños,Choque,Adelantar cerrando,Calle 38  Sur Carrera 39,Zona Centro,Urbana,"(6.16839174, -75.5852478)"
2161334,04/06/2016,2:00 p.m.,Sábado,Automovil,Particular,Conductor,Masculino,No,Sin Registro,Solo Daños,Choque,Adelantar cerrando,Calle 38  Sur Carrera 39,Zona Centro,Urbana,"(6.16839174, -75.5852478)"
2161349,04/06/2016,2:00 p.m.,Sábado,Motocicleta,Particular,Motociclista,Masculino,No,Sin Registro,Herido,Choque,Desobedecer senales,Calle 40  Sur Carrera 48,El Trianon,Urbana,"(6.158744179, -75.59459712)"
2161349,04/06/2016,2:00 p.m.,Sábado,Motocicleta,Particular,Motociclista,Masculino,No,Sin Registro,Herido,Choque,Desobedecer senales,Calle 40  Sur Carrera 48,El Trianon,Urbana,"(6.158744179, -75.59459712)"
2161349,04/06/2016,2:00 p.m.,Sábado,Motocicleta,Particular,Motociclista,Femenino,No,Sin Registro,Herido,Choque,Desobedecer senales,Calle 40  Sur Carrera 48,El Trianon,Urbana,"(6.158744179, -75.59459712)"
2161351,04/06/2016,2:30 p.m.,Sábado,Camioneta,Particular,Conductor,Femenino,No,Sin Registro,Herido,Atropello,Cruzar sin observar,Calle 39  Sur Carrera 41,Zona Centro,Urbana,"(6.167870042, -75.58744871)"
2161376,04/06/2016,2:30 p.m.,Sábado,Motocicleta,Particular,Motociclista,Femenino,No,Sin Registro,Herido,Choque,Adelantar en zona prohibida,Calle 46  Sur Carrera 48,Sin Registro,Urbana,"(6.162824447, -75.59968661)"