RADICADO,FECHA,HORA,DÍA DE LA SEMANA,CLASE DE VEHICULO,TIPO DE SERVICIO,TIPO DE VICTIMA,SEXO,ESTADO DE BEODEZ,RESULTADO DE BEODEZ,GRAVEDAD,CLASE DE ACCIDENTE,CAUSA,DIRECCIÓN,BARRIO,AREA,Coordenadas
2161376,04/06/2016,2:30 p.m.,Sábado,Automovil,Particular,Conductor,Femenino,No,Sin Registro,Herido,Choque,Adelantar en zona prohibida,Calle 46  Sur Carrera 48,Sin Registro,Urbana,"(6.162824447, -75.59968661)"
2161344,04/06/2016,2:50 p.m.,Sábado,Automovil,Particular,Conductor,Masculino,No,Sin Registro,Solo Daños,Choque,Exceso de velocidad,Tramo 372 Kilometro  100,Vereda Palmas,Rural,
2161344,04/06/2016,2:50 p.m.,Sábado,Automovil,Particular,Conductor,Masculino,No,Sin Registro,Solo Daños,Choque,Exceso de velocidad,Tramo 372 Kilometro  100,Vereda Palmas,Rural,
2161326,04/06/2016,3:30 p.m.,Sábado,Motocicleta,Particular,Motociclista,Masculino,No,Sin Registro,Solo Daños,Choque,No mantener distancia de seguridad,Calle 39  Sur Carrera 28,Sin Registro,Urbana,"(6.160790572, -75.57942846)"
2161326,04/06/2016,3:30 p.m.,Sábado,Motocicleta,Particular,Motociclista,Masculino,No,Sin Registro,Solo Daños,Choque,No mantener distancia de seguridad,Calle 39  Sur Carrera 28,Sin Registro,Urbana,"(6.160790572, -75.57942846)"
2161338,04/06/2016,4:10 p.m.,Sábado,Camioneta,Publico,Conductor,Masculino,No,Sin Registro,Solo Daños,Choque,Impericia en el manejo,Diagonal 33 Transversal 35 D,Los Naranjos,Urbana,"(6.168464855, -75.58153671)"
2161338,04/06/2016,4:10 p.m.,Sábado,Automovil,Particular,Conductor,Masculino,No,Sin Registro,Solo Daños,Choque,Impericia en el manejo,Diagonal 33 Transversal 35 D,Los Naranjos,Urbana,"(6.168464855, -75.58153671)"
2161311,04/06/2016,10:10 p.m.,Sábado,Microbus,Particular,Conductor,Masculino,No,Sin Registro,Solo Daños,Choque,No mantener distancia de seguridad,Calle 21  Sur Carrera 41,Sin Registro,Urbana,"(6.182165945, -75.57677668)"
2161311,04/06/2016,10:10 p.m.,Sábado,Campero,Particular,Conductor,Masculino,No,Sin Registro,Solo Daños,Choque,No mantener distancia de seguridad,Calle 21  Sur Carrera 41,Sin Registro,Urbana,"(6.182165945, -75.57677668)"
2161355,05/06/2016,2:38 a.m.,Domingo,Automovil,Publico,Conductor,Masculino,No,Sin Registro,Herido,Atropello,Cruzar sin observar,Calle 33 A Sur Carrera 43 A,San Marcos,Urbana,
2161353,05/06/2016,6:45 a.m.,Domingo,Microbus,Publico,Conductor,Masculino,No,Sin Registro,Herido,Choque,Transitar entre vehiculos,Calle 33 B Sur Carrera 42,Zona Centro,Urbana,"(6.17255447, -75.58554957)"
2161353,05/06/2016,6:45 a.m.,Domingo,Motocicleta,Particular,Motociclista,Masculino,No,Sin Registro,Herido,Choque,Transitar entre vehiculos,Calle 33 B Sur Carrera 42,Zona Centro,Urbana,"(6.17255447, -75.58554957)"
2161359,05/06/2016,7:20 a.m.,Domingo,Microbus,Publico,Conductor,Masculino,No,Sin Registro,Solo Daños,Choque,Reverso imprudente,Calle 39  Sur Carrera 49,Las Vegas,Urbana,
2161359,05/06/2016,7:20 a.m.,Domingo,Automovil,Publico,Conductor,Masculino,No,Sin Registro,Solo Daños,Choque,Reverso imprudente,Calle 39  Sur Carrera 49,Las Vegas,Urbana,
2161342,05/06/2016,12:45 p.m.,Domingo,Automovil,Particular,Conductor,Masculino,No,Sin Registro,Solo Daños,Choque,Otra,Diagonal 33 Transversal 32 A Sur,La Magnolia,Urbana,"(6.174904994, -75.58464858)"
2161342,05/06/2016,12:45 p.m.,Domingo,Motocicleta,Particular,Motociclista,Masculino,No,Sin Registro,Solo Daños,Choque,Otra,Diagonal 33 Transversal 32 A Sur,La Magnolia,Urbana,"(6.174904994, -75.58464858)"
2161332,05/06/2016,12:50 p.m.,Domingo,Automovil,Particular,Conductor,Femenino,No,Sin Registro,Solo Daños,Choque,Otra,Calle 19  Sur Carrera 48,Las Vegas,Urbana,
2161310,05/06/2016,2:12 p.m.,Domingo,Motocicleta,Particular,Motociclista,Masculino,No,Sin Registro,Herido,Choque,Exceso de velocidad,Calle 49 D Sur Carrera 40 A,Sin Registro,Urbana,"(6.155814881, -75.60075467)"
2161341,05/06/2016,2:25 p.m.,Domingo,Motocicleta,Particular,Motociclista,Masculino,No,Sin Registro,Solo Daños,Choque,Adelantar en zona prohibida,Tramo 372 Kilometro  60,Vereda Palmas,Rural,
2161319,06/06/2016,12:15 p.m.,Lunes,Camioneta,Particular,Conductor,Masculino,No,Sin Registro,Solo Daños,Choque,Adelantar cerrando,Calle 36 D Sur Carrera 36 D,Vereda El Escobero,Urbana,
2161319,06/06/2016,12:15 p.m.,Lunes,Automovil,Particular,Conductor,Masculino,No,Sin Registro,Solo Daños,Choque,Adelantar cerrando,Calle 36 D Sur Carrera 36 D,Vereda El Escobero,Urbana,
2161362,06/06/2016,1:30 p.m.,Lunes,Bus,Publico,Conductor,Masculino,No,Sin Registro,Solo Daños,Choque,Adelantar cerrando,Calle 46 A Sur Carrera 43 A,Avenida El Poblado,Urbana,"(6.163929718, -75.59816745)"
2161362,06/06/2016,1:30 p.m.,Lunes,Automovil,Particular,Conductor,Masculino,No,Sin Registro,Solo Daños,Choque,Adelantar cerrando,Calle 46 A Sur Carrera 43 A,Avenida El Poblado,Urbana,"(6.163929718, -75.59816745)"
2161316,06/06/2016,5:00 p.m.,Lunes,Automovil,Particular,Conductor,Masculino,No,Sin Registro,Solo Daños,Choque,No mantener distancia de seguridad,Calle 26  Sur Carrera 50,Las Vegas,Urbana,
2161316,06/06/2016,5:00 p.m.,Lunes,Automovil,Particular,Conductor,Masculino,No,Sin Registro,Solo Daños,Choque,No mantener distancia de seguridad,Calle 26  Sur Carrera 50,Las Vegas,Urbana,
2161316,06/06/2016,5:00 p.m.,Lunes,Automovil,Publico,Conductor,Masculino,No,Sin Registro,Solo Daños,Choque,No mantener distancia de seguridad,Calle 26  Sur Carrera 50,Las Vegas,Urbana,
2161590,06/06/2016,5:15 p.m.,Lunes,Motocicleta,Particular,Motociclista,Femenino,No,Sin Registro,Solo Daños,Choque,Otra,Tramo 372 Kilometro  10,Vereda Palmas,Rural,
2161590,06/06/2016,5:15 p.m.,Lunes,Automovil,Particular,Conductor,Masculino,No,Sin Registro,Solo Daños,Choque,Otra,Tramo 372 Kilometro  10,Vereda Palmas,Rural,
2161312,06/06/2016,5:30 p.m.,Lunes,Camioneta,Particular,Conductor,Masculino,No,Sin Registro,Solo Daños,Choque,Reverso imprudente,Diagonal 30 Transversal 34 DD,La Sebastiana,Urbana,"(6.1718058, -75.57826853)"
2161312,06/06/2016,5:30 p.m.,Lunes,Automovil,Particular,Conductor,Masculino,No,Sin Registro,Solo Daños,Choque,Reverso imprudente,Diagonal 30 Transversal 34 DD,La Sebastiana,Urbana,"(6.1718058, -75.57826853)"
2161366,06/06/2016,5:30 p.m.,Lunes,Automovil,Particular,Conductor,Masculino,No,Sin Registro,Solo Daños,Choque,Adelantar por la derecha,Tramo 181 Kilometro  140,Sin Registro,Rural,
2161366,06/06/2016,5:30 p.m.,Lunes,Motocicleta,Particular,Motociclista,Masculino,No,Sin Registro,Solo Daños,Choque,Adelantar por la derecha,Tramo 181 Kilometro  140,Sin Registro,Rural,
2161366,06/06/2016,5:30 p.m.,Lunes,Automovil,Particular,Conductor,Femenino,No,Sin Registro,Solo Daños,Choque,Adelantar por la derecha,Tramo 181 Kilometro  140,Sin Registro,Rural,
2161313,06/06/2016,6:10 p.m.,Lunes,Motocicleta,Particular,Motociclista,Masculino,No,Sin Registro,Herido,Choque,Transitar entre vehiculos,Calle 39  Sur Carrera 48,Alcala,Urbana,"(6.17373153, -75.59688397)"
2161313,06/06/2016,6:10 p.m.,Lunes,Motocicleta,Particular,Motociclista,Masculino,No,Sin Registro,Herido,Choque,Transitar entre vehiculos,Calle 39  Sur Carrera 48,Alcala,Urbana,"(6.17373153, -75.59688397)"
2161360,06/06/2016,10:00 p.m.,Lunes,Automovil,Particular,Conductor,Masculino,No,Sin Registro,Solo Daños,Choque,Adelantar cerrando,Calle 37  Sur Carrera 48,Las Vegas,Urbana,"(6.17412211, -75.59306111)"
2161360,06/06/2016,10:00 p.m.,Lunes,Automovil,Particular,Conductor,Masculino,No,Sin Registro,Solo Daños,Choque,Adelantar cerrando,Calle 37  Sur Carrera 48,Las Vegas,Urbana,"(6.17412211, -75.59306111)"
2161361,07/06/2016,6:00 a.m.,Martes,Automovil,Particular,Conductor,Femenino,No,Sin Registro,Solo Daños,Choque,Desobedecer senales,Diagonal 32 B Transversal 33 A,La Magnolia,Urbana,"(6.173859675, -75.58266709)"
2161361,07/06/2016,6:00 a.m.,Martes,Camioneta,Particular,Conductor,Masculino,No,Sin Registro,Solo Daños,Choque,Desobedecer senales,Diagonal 32 B Transversal 33 A,La Magnolia,Urbana,"(6.173859675, -75.58266709)"
2161358,07/06/2016,6:50 a.m.,Martes,Motocicleta,Particular,Motociclista,Femenino,No,Sin Registro,Herido,Choque,No respetar prelacion,Calle 23  Sur Carrera 28,Zuñiga,Urbana,"(6.178187463, -75.57043311)"
2161358,07/06/2016,6:50 a.m.,Martes,Campero,Particular,Conductor,Femenino,No,Sin Registro,Herido,Choque,No respetar prelacion,Calle 23  Sur Carrera 28,Zuñiga,Urbana,"(6.178187463, -75.57043311)"
2161363,07/06/2016,6:50 a.m.,Martes,Camioneta,Particular,Conductor,Masculino,No,Sin Registro,Solo Daños,Choque,No mantener distancia de seguridad,Calle 26  Sur Carrera 43 A,Avenida El Poblado,Urbana,"(6.180841534, -75.58293815)"
2161363,07/06/2016,6:50 a.m.,Martes,Automovil,Particular,Conductor,Masculino,No,Sin Registro,Solo Daños,Choque,No mantener distancia de seguridad,Calle 26  Sur Carrera 43 A,Avenida El Poblado,Urbana,"(6.180841534, -75.58293815)"
2161371,07/06/2016,7:30 a.m.,Martes,Camion,Publico,Conductor,Masculino,No,Sin Registro,Solo Daños,Choque,Reverso imprudente,Calle 39  Sur Carrera 25,El Chinguí,Urbana,"(6.157563812, -75.57922413)"
2161371,07/06/2016,7:30 a.m.,Martes,Camioneta,Particular,Conductor,Masculino,No,Sin Registro,Solo Daños,Choque,Reverso imprudente,Calle 39  Sur Carrera 25,El Chinguí,Urbana,"(6.157563812, -75.57922413)"
2161369,07/06/2016,11:20 a.m.,Martes,Camion,Publico,Conductor,Masculino,No,Sin Registro,Solo Daños,Choque,No mantener distancia de seguridad,Calle 46 A Sur Carrera 50,Las Vegas,Urbana,
2161369,07/06/2016,11:20 a.m.,Martes,Microbus,Publico,Conductor,Masculino,No,Sin Registro,Solo Daños,Choque,No mantener distancia de seguridad,Calle 46 A Sur Carrera 50,Las Vegas,Urbana,
2161394,07/06/2016,12:00 p.m.,Martes,Automovil,Particular,Conductor,Femenino,No,Sin Registro,Solo Daños,Choque,Adelantar cerrando,Calle 25 B Sur Carrera 48,Las Vegas,Urbana,"(6.182085855, -75.58502925)"
2161394,07/06/2016,12:00 p.m.,Martes,Camion,Publico,Conductor,Masculino,No,Sin Registro,Solo Daños,Choque,Adelantar cerrando,Calle 25 B Sur Carrera 48,Las Vegas,Urbana,"(6.182085855, -75.58502925)"
2161441,06/13/2016,11:15 p.m.,Lunes,Automovil,Particular,Conductor,Masculino,No,Sin Registro,Solo Daños,Choque,Semaforo en rojo,Calle 25  Sur Carrera 48,Las Vegas,Urbana,
2161370,07/06/2016,12:40 p.m.,Martes,Automovil,Particular,Conductor,Masculino,No,Sin Registro,Solo Daños,Choque,No respetar prelacion,Calle 35  Sur Carrera 42,Zona Centro,Urbana,"(6.17174158, -75.58606857)"
2161370,07/06/2016,12:40 p.m.,Martes,Automovil,Particular,Conductor,Masculino,No,Sin Registro,Solo Daños,Choque,No respetar prelacion,Calle 35  Sur Carrera 42,Zona Centro,Urbana,"(6.17174158, -75.58606857)"
2161347,07/06/2016,12:50 p.m.,Martes,Automovil,Particular,Conductor,Masculino,No,Sin Registro,Herido,Choque,Desobedecer senales,Calle 44 B Sur Carrera 42 B,La Paz,Urbana,"(6.164617098, -75.59342426)"
2161347,07/06/2016,12:50 p.m.,Martes,Bicicleta,Particular,Ciclista,Masculino,No,Sin Registro,Herido,Choque,Desobedecer senales,Calle 44 B Sur Carrera 42 B,La Paz,Urbana,"(6.164617098, -75.59342426)"
2161354,07/06/2016,1:30 p.m.,Martes,Automovil,Particular,Conductor,Masculino,No,Sin Registro,Solo Daños,Choque,No respetar prelacion,Calle 22  Sur Carrera 46,Zuñiga,Urbana,
2161354,07/06/2016,1:30 p.m.,Martes,Camion,Publico,Conductor,Masculino,No,Sin Registro,Solo Daños,Choque,No respetar prelacion,Calle 22  Sur Carrera 46,Zuñiga,Urbana,
2161354,07/06/2016,1:30 p.m.,Martes,Motocicleta,Particular,Motociclista,Masculino,No,Sin Registro,Solo Daños,Choque,No respetar prelacion,Calle 22  Sur Carrera 46,Zuñiga,Urbana,
2161367,07/06/2016,1:30 p.m.,Martes,Camioneta,Particular,Conductor,Masculino,No,Sin Registro,Solo Daños,Choque,Reverso imprudente,Diagonal 31 Transversal 36 A,Sin Registro,Urbana,"(6.167967817, -75.58028177)"
2161367,07/06/2016,1:30 p.m.,Martes,Camioneta,Particular,Conductor,Masculino,No,Sin Registro,Solo Daños,Choque,Reverso imprudente,Diagonal 31 Transversal 36 A,Sin Registro,Urbana,"(6.167967817, -75.58028177)"
2161374,07/06/2016,2:00 p.m.,Martes,Bus,Publico,Conductor,Masculino,No,Sin Registro,Solo Daños,Choque,Adelantar cerrando,Calle 41 A Sur Carrera 43 A,Avenida El Poblado,Urbana,"(6.167002786, -75.59267352)"
2161374,07/06/2016,2:00 p.m.,Martes,Automovil,Particular,Conductor,Masculino,No,Sin Registro,Solo Daños,Choque,Adelantar cerrando,Calle 41 A Sur Carrera 43 A,Avenida El Poblado,Urbana,"(6.167002786, -75.59267352)"
2161356,07/06/2016,3:00 p.m.,Martes,Camioneta,Particular,Conductor,Masculino,No,Sin Registro,Solo Daños,Choque,No mantener distancia de seguridad,Calle 29  Sur Carrera 43 A,Sin Registro,Urbana,"(6.178121023, -75.58456122)"
2161356,07/06/2016,3:00 p.m.,Martes,Automovil,Particular,Conductor,Femenino,No,Sin Registro,Solo Daños,Choque,No mantener distancia de seguridad,Calle 29  Sur Carrera 43 A,Sin Registro,Urbana,"(6.178121023, -75.58456122)"
2161350,07/06/2016,3:30 p.m.,Martes,Automovil,Particular,Conductor,Femenino,No,Sin Registro,Solo Daños,Choque,Reverso imprudente,Calle 46 A Sur Carrera 49,Sin Registro,Urbana,"(6.167038176, -75.60081726)"
2161350,07/06/2016,3:30 p.m.,Martes,Bus,Publico,Conductor,Masculino,No,Sin Registro,Solo Daños,Choque,Reverso imprudente,Calle 46 A Sur Carrera 49,Sin Registro,Urbana,"(6.167038176, -75.60081726)"
2161772,07/06/2016,6:15 p.m.,Martes,Automovil,Particular,Conductor,Femenino,No,Sin Registro,Solo Daños,Choque,Otra,Tramo 372 Kilometro  14,Vereda Palmas,Rural,
2161772,07/06/2016,6:15 p.m.,Martes,Automovil,Particular,Conductor,Sin registro,No,Sin Registro,Solo Daños,Choque,Otra,Tramo 372 Kilometro  14,Vereda Palmas,Rural,
2161403,11/06/2016,1:15 p.m.,Sábado,Motocicleta,Particular,Motociclista,Masculino,No,Sin Registro,Herido,Choque,Transitar entre vehiculos,Calle 50  Sur Carrera 48,Sin Registro,Urbana,
2161373,07/06/2016,8:40 p.m.,Martes,Automovil,Publico,Conductor,Masculino,No,Sin Registro,Solo Daños,Choque,Impericia en el manejo,Calle 37  Sur Carrera 48,Las Vegas,Urbana,"(6.17412211, -75.59306111)"
2161373,07/06/2016,8:40 p.m.,Martes,Motocicleta,Particular,Motociclista,Masculino,No,Sin Registro,Solo Daños,Choque,Impericia en el manejo,Calle 37  Sur Carrera 48,Las Vegas,Urbana,"(6.17412211, -75.59306111)"
2161372,08/06/2016,5:55 a.m.,Miércoles,Automovil,Particular,Conductor,Masculino,No,Sin Registro,Solo Daños,Choque,Semaforo en rojo,Calle 33 B Sur Carrera 43 A,San Marcos,Urbana,"(6.173429457, -75.58671662)"
2161372,08/06/2016,5:55 a.m.,Miércoles,Camion,Publico,Conductor,Masculino,No,Sin Registro,Solo Daños,Choque,Semaforo en rojo,Calle 33 B Sur Carrera 43 A,San Marcos,Urbana,"(6.173429457, -75.58671662)"
2161390,08/06/2016,6:40 a.m.,Miércoles,Bus,Publico,Conductor,Masculino,No,Sin Registro,Solo Daños,Choque,No mantener distancia de seguridad,Calle 39 B Sur Carrera 48,Las Vegas,Urbana,"(6.170162601, -75.59457554)"
2161390,08/06/2016,6:40 a.m.,Miércoles,Automovil,Particular,Conductor,Masculino,No,Sin Registro,Solo Daños,Choque,No mantener distancia de seguridad,Calle 39 B Sur Carrera 48,Las Vegas,Urbana,"(6.170162601, -75.59457554)"
2161379,08/06/2016,6:45 a.m.,Miércoles,Camioneta,Particular,Conductor,Masculino,No,Sin Registro,Solo Daños,Choque,No mantener distancia de seguridad,Calle 30  Sur Carrera 50,Las Vegas,Urbana,
2161379,08/06/2016,6:45 a.m.,Miércoles,Automovil,Particular,Conductor,Masculino,No,Sin Registro,Solo Daños,Choque,No mantener distancia de seguridad,Calle 30  Sur Carrera 50,Las Vegas,Urbana,
2161375,08/06/2016,8:00 a.m.,Miércoles,Bus,Publico,Conductor,Masculino,No,Sin Registro,Solo Daños,Choque,Impericia en el manejo,Diagonal 29 Transversal 34 A,Alto De Misael,Urbana,"(6.172575765, -75.57714416)"
2161375,08/06/2016,8:00 a.m.,Miércoles,Camioneta,Particular,Conductor,Masculino,No,Sin Registro,Solo Daños,Choque,Impericia en el manejo,Diagonal 29 Transversal 34 A,Alto De Misael,Urbana,"(6.172575765, -75.57714416)"
2161368,08/06/2016,8:50 a.m.,Miércoles,Motocicleta,Particular,Motociclista,Masculino,No,Sin Registro,Solo Daños,Choque,No mantener distancia de seguridad,Calle 36  Sur Carrera 50,Las Vegas,Urbana,
2161368,08/06/2016,8:50 a.m.,Miércoles,Motocicleta,Particular,Motociclista,Masculino,No,Sin Registro,Solo Daños,Choque,No mantener distancia de seguridad,Calle 36  Sur Carrera 50,Las Vegas,Urbana,
2161426,08/06/2016,9:05 a.m.,Miércoles,Campero,Particular,Conductor,Masculino,No,Sin Registro,Solo Daños,Choque,No respetar prelacion,Calle 50  Sur Carrera 48,Las Vegas,Urbana,
2161426,08/06/2016,9:05 a.m.,Miércoles,Camion,Publico,Conductor,Masculino,No,Sin Registro,Solo Daños,Choque,No respetar prelacion,Calle 50  Sur Carrera 48,Las Vegas,Urbana,
2161424,08/06/2016,11:45 a.m.,Miércoles,Microbus,Publico,Conductor,Masculino,No,Sin Registro,Solo Daños,Choque,Adelantar cerrando,Calle 37  Sur Carrera 28,La Magnolia,Urbana,"(6.165679454, -75.57834042)"
2161424,08/06/2016,11:45 a.m.,Miércoles,Camioneta,Particular,Conductor,Femenino,No,Sin Registro,Solo Daños,Choque,Adelantar cerrando,Calle 37  Sur Carrera 28,La Magnolia,Urbana,"(6.165679454, -75.57834042)"
2161382,08/06/2016,12:00 p.m.,Miércoles,Automovil,Particular,Conductor,Masculino,No,Sin Registro,Herido,Choque,Transitar entre vehiculos,Calle 46  Sur Carrera 50,Las Vegas,Urbana,
2161382,08/06/2016,12:00 p.m.,Miércoles,Motocicleta,Particular,Motociclista,Masculino,No,Sin Registro,Herido,Choque,Transitar entre vehiculos,Calle 46  Sur Carrera 50,Las Vegas,Urbana,
2161392,08/06/2016,12:00 p.m.,Miércoles,Microbus,Publico,Conductor,Masculino,No,Sin Registro,Solo Daños,Choque,Impericia en el manejo,Calle 40 F Sur Carrera 29,San Jose,Urbana,"(6.160257642, -75.58404641)"
2161392,08/06/2016,12:00 p.m.,Miércoles,Campero,Particular,Conductor,Masculino,No,Sin Registro,Solo Daños,Choque,Impericia en el manejo,Calle 40 F Sur Carrera 29,San Jose,Urbana,"(6.160257642, -75.58404641)"
2161386,08/06/2016,2:30 p.m.,Miércoles,Camion,Publico,Conductor,Masculino,No,Sin Registro,Solo Daños,Choque,No mantener distancia de seguridad,Calle 25  Sur Carrera 47,Zuñiga,Urbana,
2161386,08/06/2016,2:30 p.m.,Miércoles,Automovil,Particular,Conductor,Masculino,No,Sin Registro,Solo Daños,Choque,No mantener distancia de seguridad,Calle 25  Sur Carrera 47,Zuñiga,Urbana,
2161377,08/06/2016,5:00 p.m.,Miércoles,Motocicleta,Particular,Motociclista,Masculino,No,Sin Registro,Herido,Choque,Transitar entre vehiculos,Calle 21  Sur Carrera 43 A,Sin Registro,Urbana,"(6.18399286, -75.57959764)"
2161450,06/14/2016,2:45 a.m.,Martes,Automovil,Particular,Conductor,Masculino,No,Sin Registro,Solo Daños,Choque,Adelantar invadiendo carril de sentido contrario,Calle 25 C Sur Carrera 27,La Inmaculada,Urbana,
2161377,08/06/2016,5:00 p.m.,Miércoles,Motocicleta,Particular,Motociclista,Masculino,No,Sin Registro,Herido,Choque,Transitar entre vehiculos,Calle 21  Sur Carrera 43 A,Sin Registro,Urbana,"(6.18399286, -75.57959764)"
2161377,08/06/2016,5:00 p.m.,Miércoles,Bicicleta,Particular,Ciclista,Masculino,No,Sin Registro,Herido,Choque,Transitar entre vehiculos,Calle 21  Sur Carrera 43 A,Sin Registro,Urbana,"(6.18399286, -75.57959764)"
2161377,08/06/2016,5:00 p.m.,Miércoles,Bicicleta,Particular,Ciclista,Masculino,No,Sin Registro,Herido,Choque,Transitar entre vehiculos,Calle 21  Sur Carrera 43 A,Sin Registro,Urbana,"(6.18399286, -75.57959764)"
2161393,08/06/2016,6:10 p.m.,Miércoles,Automovil,Particular,Conductor,Masculino,No,Sin Registro,Solo Daños,Choque,Desobedecer senales,Calle 39  Sur Carrera 36,Mesa,Urbana,"(6.165994343, -75.58458117)"
2161393,08/06/2016,6:10 p.m.,Miércoles,Automovil,Particular,Conductor,Masculino,No,Sin Registro,Solo Daños,Choque,Desobedecer senales,Calle 39  Sur Carrera 36,Mesa,Urbana,"(6.165994343, -75.58458117)"
2161389,08/06/2016,6:52 p.m.,Miércoles,Motocicleta,Particular,Motociclista,Sin registro,No,Sin Registro,Herido,Atropello,Exceso de velocidad,Calle 39 B Sur Carrera 24 EE,El Chinguí,Urbana,"(6.150777241, -75.5751861)"
2161381,08/06/2016,7:30 p.m.,Miércoles,Automovil,Publico,Conductor,Masculino,No,Sin Registro,Solo Daños,Choque,Otra,Calle 39 B Sur Carrera 31,San Jose,Urbana,"(6.163600542, -75.58243463)"
2161397,08/06/2016,7:42 p.m.,Miércoles,Buseta,Publico,Conductor,Masculino,No,Sin Registro,Herido,Choque,Transitar entre vehiculos,Calle 30  Sur Carrera 48,Las Vegas,Urbana,"(6.180376127, -75.59028805)"
2161397,08/06/2016,7:42 p.m.,Miércoles,Motocicleta,Particular,Motociclista,Masculino,No,Sin Registro,Herido,Choque,Transitar entre vehiculos,Calle 30  Sur Carrera 48,Las Vegas,Urbana,"(6.180376127, -75.59028805)"
2161397,08/06/2016,7:42 p.m.,Miércoles,Microbus,Publico,Conductor,Masculino,No,Sin Registro,Herido,Choque,Transitar entre vehiculos,Calle 30  Sur Carrera 48,Las Vegas,Urbana,"(6.180376127, -75.59028805)"
2161385,08/06/2016,8:00 p.m.,Miércoles,Automovil,Particular,Conductor,Masculino,No,Sin Registro,Solo Daños,Choque,Exceso de velocidad,Calle 30  Sur Carrera 48,Las Vegas,Urbana,"(6.180376127, -75.59028805)"
2161380,09/06/2016,10:50 a.m.,Jueves,Campero,Particular,Conductor,Masculino,No,Sin Registro,Solo Daños,Choque,Obstaculos en la via,Calle 48 F Sur Carrera 39 B,Loma Del Barro,Urbana,"(6.156024221, -75.59807255)"
2161410,09/06/2016,12:35 p.m.,Jueves,Automovil,Particular,Conductor,Femenino,No,Sin Registro,Solo Daños,Choque,Desobedecer senales,Calle 33 B Sur Carrera 42,Sin Registro,Urbana,"(6.17255447, -75.58554957)"
2161410,09/06/2016,12:35 p.m.,Jueves,Motocicleta,Particular,Motociclista,Masculino,No,Sin Registro,Solo Daños,Choque,Desobedecer senales,Calle 33 B Sur Carrera 42,Sin Registro,Urbana,"(6.17255447, -75.58554957)"
2161387,09/06/2016,1:35 p.m.,Jueves,Automovil,Publico,Conductor,Masculino,No,Sin Registro,Solo Daños,Choque,Adelantar cerrando,Calle 25  Sur Carrera 46,Zuñiga,Urbana,"(6.183044029, -75.5826185)"
2161387,09/06/2016,1:35 p.m.,Jueves,Campero,Particular,Conductor,Masculino,No,Sin Registro,Solo Daños,Choque,Adelantar cerrando,Calle 25  Sur Carrera 46,Zuñiga,Urbana,"(6.183044029, -75.5826185)"
2161395,09/06/2016,1:45 p.m.,Jueves,Automovil,Particular,Conductor,Masculino,No,Sin Registro,Solo Daños,Choque,No mantener distancia de seguridad,Calle 36 D Sur Carrera 27 D,Vereda El Escobero,Urbana,"(6.164970853, -75.57463727)"
2161395,09/06/2016,1:45 p.m.,Jueves,Camioneta,Publico,Conductor,Masculino,No,Sin Registro,Solo Daños,Choque,No mantener distancia de seguridad,Calle 36 D Sur Carrera 27 D,Vereda El Escobero,Urbana,"(6.164970853, -75.57463727)"
2161395,09/06/2016,1:45 p.m.,Jueves,Automovil,Particular,Conductor,Masculino,No,Sin Registro,Solo Daños,Choque,No mantener distancia de seguridad,Calle 36 D Sur Carrera 27 D,Vereda El Escobero,Urbana,"(6.164970853, -75.57463727)"
2161406,09/06/2016,1:50 p.m.,Jueves,Motocicleta,Particular,Motociclista,Femenino,No,Sin Registro,Herido,Choque,Desobedecer senales,Calle 40  Sur Carrera 25 B,El Salado,Urbana,"(6.155114269, -75.57896894)"
2161406,09/06/2016,1:50 p.m.,Jueves,Automovil,Particular,Conductor,Femenino,No,Sin Registro,Herido,Choque,Desobedecer senales,Calle 40  Sur Carrera 25 B,El Salado,Urbana,"(6.155114269, -75.57896894)"
2161384,09/06/2016,2:00 p.m.,Jueves,Motocicleta,Particular,Motociclista,Femenino,No,Sin Registro,Solo Daños,Choque,Semaforo en rojo,Calle 38 A Sur Carrera 41,Zona Centro,Urbana,"(6.168560755, -75.58701537)"
2161601,09/06/2016,4:00 p.m.,Jueves,Bus,Publico,Conductor,Masculino,No,Sin Registro,Solo Daños,Choque,Otra,Calle 37  Sur Carrera 38,Sin Registro,Urbana,"(6.168685416, -75.58429124)"
2161601,09/06/2016,4:00 p.m.,Jueves,Motocicleta,Particular,Motociclista,Sin registro,No,Sin Registro,Solo Daños,Choque,Otra,Calle 37  Sur Carrera 38,Sin Registro,Urbana,"(6.168685416, -75.58429124)"
2161396,09/06/2016,4:15 p.m.,Jueves,Automovil,Diplomatico,Conductor,Masculino,No,Sin Registro,Solo Daños,Choque,No mantener distancia de seguridad,Calle 46 A Sur Carrera 50,Las Vegas,Urbana,
2161396,09/06/2016,4:15 p.m.,Jueves,Camion,Publico,Conductor,Masculino,No,Sin Registro,Solo Daños,Choque,No mantener distancia de seguridad,Calle 46 A Sur Carrera 50,Las Vegas,Urbana,
2161391,09/06/2016,5:30 p.m.,Jueves,Automovil,Particular,Conductor,Femenino,No,Sin Registro,Herido,Choque,No respetar prelacion,Calle 38  Sur Carrera 35,Mesa,Urbana,"(6.167045877, -75.58316842)"