RADICADO,FECHA,HORA,DÍA DE LA SEMANA,CLASE DE VEHICULO,TIPO DE SERVICIO,TIPO DE VICTIMA,SEXO,ESTADO DE BEODEZ,RESULTADO DE BEODEZ,GRAVEDAD,CLASE DE ACCIDENTE,CAUSA,DIRECCIÓN,BARRIO,AREA,Coordenadas
2161391,09/06/2016,5:30 p.m.,Jueves,Motocicleta,Particular,Motociclista,Masculino,No,Sin Registro,Herido,Choque,No respetar prelacion,Calle 38  Sur Carrera 35,Mesa,Urbana,"(6.167045877, -75.58316842)"
2161388,09/06/2016,5:40 p.m.,Jueves,Automovil,Particular,Conductor,Femenino,No,Sin Registro,Solo Daños,Choque,No mantener distancia de seguridad,Calle 25 AA Sur Carrera 48,Las Vegas,Urbana,"(6.18405129, -75.58478383)"
2161409,09/06/2016,8:35 p.m.,Jueves,Motocicleta,Particular,Motociclista,Masculino,No,Sin Registro,Herido,Choque,No mantener distancia de seguridad,Calle 46  Sur Carrera 48,Las Vegas,Urbana,"(6.162824447, -75.59968661)"
2161409,09/06/2016,8:35 p.m.,Jueves,Campero,Particular,Conductor,Masculino,No,Sin Registro,Herido,Choque,No mantener distancia de seguridad,Calle 46  Sur Carrera 48,Las Vegas,Urbana,"(6.162824447, -75.59968661)"
2161383,09/06/2016,9:40 p.m.,Jueves,Camioneta,Particular,Conductor,Femenino,No,Sin Registro,Solo Daños,Choque,No mantener distancia de seguridad,Calle 46  Sur Carrera 48,Primavera,Urbana,"(6.162824447, -75.59968661)"
2161383,09/06/2016,9:40 p.m.,Jueves,Automovil,Particular,Conductor,Masculino,No,Sin Registro,Solo Daños,Choque,No mantener distancia de seguridad,Calle 46  Sur Carrera 48,Primavera,Urbana,"(6.162824447, -75.59968661)"
2161414,10/06/2016,6:30 a.m.,Viernes,Automovil,Particular,Conductor,Femenino,No,Sin Registro,Solo Daños,Choque,Desobedecer senales,Calle 39  Sur Carrera 27 B,Sin Registro,Urbana,"(6.159217585, -75.57883462)"
2161414,10/06/2016,6:30 a.m.,Viernes,Motocicleta,Particular,Motociclista,Femenino,No,Sin Registro,Solo Daños,Choque,Desobedecer senales,Calle 39  Sur Carrera 27 B,Sin Registro,Urbana,"(6.159217585, -75.57883462)"
2161439,10/06/2016,7:40 a.m.,Viernes,Motocicleta,Particular,Motociclista,Masculino,No,Sin Registro,Solo Daños,Choque,Adelantar cerrando,Calle 39 B Sur Carrera 50,Las Vegas,Urbana,
2161439,10/06/2016,7:40 a.m.,Viernes,Camioneta,Publico,Conductor,Masculino,No,Sin Registro,Solo Daños,Choque,Adelantar cerrando,Calle 39 B Sur Carrera 50,Las Vegas,Urbana,
2161411,10/06/2016,8:00 a.m.,Viernes,Camioneta,Particular,Conductor,Masculino,No,Sin Registro,Solo Daños,Choque,No mantener distancia de seguridad,Tramo 372 Kilometro  11,Vereda Palmas,Rural,
2161411,10/06/2016,8:00 a.m.,Viernes,Campero,Particular,Conductor,Masculino,No,Sin Registro,Solo Daños,Choque,No mantener distancia de seguridad,Tramo 372 Kilometro  11,Vereda Palmas,Rural,
2161402,10/06/2016,8:50 a.m.,Viernes,Motocicleta,Particular,Motociclista,Masculino,No,Sin Registro,Herido,Choque,Transitar entre vehiculos,Calle 29  Sur Carrera 45 A,El Portal,Urbana,"(6.179923549, -75.58625675)"
2161402,10/06/2016,8:50 a.m.,Viernes,Motocicleta,Particular,Motociclista,Masculino,No,Sin Registro,Herido,Choque,Transitar entre vehiculos,Calle 29  Sur Carrera 45 A,El Portal,Urbana,"(6.179923549, -75.58625675)"
2161419,10/06/2016,1:20 p.m.,Viernes,Bus,Publico,Conductor,Masculino,No,Sin Registro,Solo Daños,Choque,Adelantar cerrando,Calle 32 A Sur Carrera 43,Avenida El Poblado,Urbana,"(6.174867987, -75.58533492)"
2161419,10/06/2016,1:20 p.m.,Viernes,Camioneta,Particular,Conductor,Femenino,No,Sin Registro,Solo Daños,Choque,Adelantar cerrando,Calle 32 A Sur Carrera 43,Avenida El Poblado,Urbana,"(6.174867987, -75.58533492)"
2161417,10/06/2016,3:20 p.m.,Viernes,Automovil,Particular,Conductor,Masculino,No,Sin Registro,Solo Daños,Choque,Adelantar invadiendo carril de sentido contrario,Calle 38 A Sur Carrera 48,Las Vegas,Urbana,"(6.168560755, -75.58701537)"
2161417,10/06/2016,3:20 p.m.,Viernes,Camion,Publico,Conductor,Masculino,No,Sin Registro,Solo Daños,Choque,Adelantar invadiendo carril de sentido contrario,Calle 38 A Sur Carrera 48,Las Vegas,Urbana,"(6.168560755, -75.58701537)"
2161415,10/06/2016,4:45 p.m.,Viernes,Automovil,Particular,Conductor,Masculino,No,Sin Registro,Solo Daños,Choque,No mantener distancia de seguridad,Calle 33 B Sur Carrera 48,Las Vegas,Urbana,"(6.172981087, -75.58607623)"
2161415,10/06/2016,4:45 p.m.,Viernes,Automovil,Publico,Conductor,Masculino,No,Sin Registro,Solo Daños,Choque,No mantener distancia de seguridad,Calle 33 B Sur Carrera 48,Las Vegas,Urbana,"(6.172981087, -75.58607623)"
2161434,10/06/2016,5:15 p.m.,Viernes,Bus,Publico,Conductor,Masculino,No,Sin Registro,Solo Daños,Choque,No respetar prelacion,Calle 38  Sur Carrera 41,Zona Centro,Urbana,"(6.169244976, -75.58658807)"
2161434,10/06/2016,5:15 p.m.,Viernes,Automovil,Particular,Conductor,Masculino,No,Sin Registro,Solo Daños,Choque,No respetar prelacion,Calle 38  Sur Carrera 41,Zona Centro,Urbana,"(6.169244976, -75.58658807)"
2161398,10/06/2016,6:30 p.m.,Viernes,Automovil,Particular,Conductor,Femenino,No,Sin Registro,Muerto,Choque,Transitar entre vehiculos,Calle 25 A Sur Carrera 48,Las Vegas,Urbana,"(6.185202689, -75.58358718)"
2161398,10/06/2016,6:30 p.m.,Viernes,Bus,Publico,Conductor,Masculino,No,Sin Registro,Muerto,Choque,Transitar entre vehiculos,Calle 25 A Sur Carrera 48,Las Vegas,Urbana,"(6.185202689, -75.58358718)"
2161398,10/06/2016,6:30 p.m.,Viernes,Motocicleta,Particular,Motociclista,Masculino,No,Sin Registro,Muerto,Choque,Transitar entre vehiculos,Calle 25 A Sur Carrera 48,Las Vegas,Urbana,"(6.185202689, -75.58358718)"
2161420,10/06/2016,6:50 p.m.,Viernes,Motocicleta,Particular,Motociclista,Masculino,No,Sin Registro,Solo Daños,Choque,Adelantar por la derecha,Calle 25  Sur Carrera 20,Sin Registro,Urbana,
2161420,10/06/2016,6:50 p.m.,Viernes,Camioneta,Particular,Conductor,Masculino,No,Sin Registro,Solo Daños,Choque,Adelantar por la derecha,Calle 25  Sur Carrera 20,Sin Registro,Urbana,
2161437,10/06/2016,8:20 p.m.,Viernes,Automovil,Particular,Conductor,Femenino,No,Sin Registro,Solo Daños,Choque,No mantener distancia de seguridad,Calle 27  Sur Carrera 28,El Esmeraldal,Urbana,"(6.175346318, -75.5745834)"
2161437,10/06/2016,8:20 p.m.,Viernes,Automovil,Particular,Conductor,Masculino,No,Sin Registro,Solo Daños,Choque,No mantener distancia de seguridad,Calle 27  Sur Carrera 28,El Esmeraldal,Urbana,"(6.175346318, -75.5745834)"
2161422,10/06/2016,8:30 p.m.,Viernes,Buseta,Publico,Conductor,Masculino,No,Sin Registro,Solo Daños,Choque,No mantener distancia de seguridad,Calle 40  Sur Carrera 27,San Jose,Urbana,"(6.158366235, -75.58080793)"
2161422,10/06/2016,8:30 p.m.,Viernes,Automovil,Particular,Conductor,Masculino,No,Sin Registro,Solo Daños,Choque,No mantener distancia de seguridad,Calle 40  Sur Carrera 27,San Jose,Urbana,"(6.158366235, -75.58080793)"
2161408,10/06/2016,10:30 p.m.,Viernes,Automovil,Particular,Conductor,Masculino,No,Sin Registro,Herido,Choque,Exceso de velocidad,Tramo 181 Kilometro  3,El Salado,Rural,
2161405,10/06/2016,11:00 p.m.,Viernes,Motocicleta,Particular,Motociclista,Masculino,No,Sin Registro,Herido,Choque,Desobedecer senales,Diagonal 32 D Transversal 34,La Magnolia,Urbana,"(6.172908151, -75.58314442)"
2161405,10/06/2016,11:00 p.m.,Viernes,Automovil,Particular,Conductor,Masculino,No,Sin Registro,Herido,Choque,Desobedecer senales,Diagonal 32 D Transversal 34,La Magnolia,Urbana,"(6.172908151, -75.58314442)"
2161418,11/06/2016,10:40 a.m.,Sábado,Automovil,Particular,Conductor,Masculino,No,Sin Registro,Solo Daños,Volcamiento,Exceso de velocidad,Tramo 371 Kilometro  4,Vereda El Escobero,Rural,
2161427,11/06/2016,11:00 a.m.,Sábado,Automovil,Particular,Conductor,Femenino,No,Sin Registro,Solo Daños,Choque,Transitar entre vehiculos,Calle 31  Sur Carrera 38,Mesa,Urbana,"(6.165466746, -75.58111123)"
2161427,11/06/2016,11:00 a.m.,Sábado,Motocicleta,Particular,Motociclista,Masculino,No,Sin Registro,Solo Daños,Choque,Transitar entre vehiculos,Calle 31  Sur Carrera 38,Mesa,Urbana,"(6.165466746, -75.58111123)"
2161429,11/06/2016,12:00 p.m.,Sábado,Automovil,Particular,Conductor,Masculino,No,Sin Registro,Solo Daños,Choque,No respetar prelacion,Calle 40  Sur Carrera 24 E,El Salado,Urbana,"(6.147263187, -75.57633575)"
2161429,11/06/2016,12:00 p.m.,Sábado,Automovil,Particular,Conductor,Masculino,No,Sin Registro,Solo Daños,Choque,No respetar prelacion,Calle 40  Sur Carrera 24 E,El Salado,Urbana,"(6.147263187, -75.57633575)"
2161413,11/06/2016,12:30 p.m.,Sábado,Automovil,Publico,Conductor,Masculino,No,Sin Registro,Solo Daños,Choque,No mantener distancia de seguridad,Calle 37  Sur Carrera 50,Las Vegas,Urbana,
2161413,11/06/2016,12:30 p.m.,Sábado,Automovil,Particular,Conductor,Masculino,No,Sin Registro,Solo Daños,Choque,No mantener distancia de seguridad,Calle 37  Sur Carrera 50,Las Vegas,Urbana,
2161416,11/06/2016,1:50 p.m.,Sábado,Automovil,Particular,Conductor,Femenino,No,Sin Registro,Solo Daños,Choque,Poner en marcha un vehiculo sin precauci,Calle 39  Sur Carrera 41,El Dorado,Urbana,"(6.167870042, -75.58744871)"
2161416,11/06/2016,1:50 p.m.,Sábado,Motocicleta,Particular,Motociclista,Masculino,No,Sin Registro,Solo Daños,Choque,Transitar entre vehiculos,Calle 39  Sur Carrera 41,El Dorado,Urbana,"(6.167870042, -75.58744871)"
2161416,11/06/2016,1:50 p.m.,Sábado,Motocicleta,Particular,Motociclista,Masculino,No,Sin Registro,Solo Daños,Choque,Poner en marcha un vehiculo sin precauci,Calle 39  Sur Carrera 41,El Dorado,Urbana,"(6.167870042, -75.58744871)"
2161416,11/06/2016,1:50 p.m.,Sábado,Automovil,Particular,Conductor,Femenino,No,Sin Registro,Solo Daños,Choque,Transitar entre vehiculos,Calle 39  Sur Carrera 41,El Dorado,Urbana,"(6.167870042, -75.58744871)"
2161416,11/06/2016,1:50 p.m.,Sábado,Automovil,Particular,Conductor,Femenino,No,Sin Registro,Solo Daños,Choque,Poner en marcha un vehiculo sin precauci,Calle 39  Sur Carrera 41,El Dorado,Urbana,"(6.167870042, -75.58744871)"
2161416,11/06/2016,1:50 p.m.,Sábado,Automovil,Particular,Conductor,Femenino,No,Sin Registro,Solo Daños,Choque,Transitar entre vehiculos,Calle 39  Sur Carrera 41,El Dorado,Urbana,"(6.167870042, -75.58744871)"
2161430,11/06/2016,3:30 p.m.,Sábado,Camion,Publico,Conductor,Femenino,No,Sin Registro,Solo Daños,Choque,Impericia en el manejo,Calle 37  Sur Carrera 43 A,Zona Centro,Urbana,"(6.171151654, -75.58815663)"
2161430,11/06/2016,3:30 p.m.,Sábado,Microbus,Publico,Conductor,Femenino,No,Sin Registro,Solo Daños,Choque,Impericia en el manejo,Calle 37  Sur Carrera 43 A,Zona Centro,Urbana,"(6.171151654, -75.58815663)"
2161407,11/06/2016,4:30 p.m.,Sábado,Motocicleta,Particular,Motociclista,Masculino,No,Sin Registro,Herido,Atropello,Cruzar sin observar,Calle 37  Sur Carrera 49,Las Vegas,Urbana,"(6.174789471, -75.59420424)"
2161425,11/06/2016,5:40 p.m.,Sábado,Motocicleta,Particular,Motociclista,Masculino,No,Sin Registro,Solo Daños,Choque,Adelantar en zona prohibida,Calle 37 B Sur Carrera 28,Loma De Las Brujas,Urbana,"(6.164360036, -75.57879461)"
2161425,11/06/2016,5:40 p.m.,Sábado,Campero,Particular,Conductor,Masculino,No,Sin Registro,Solo Daños,Choque,Adelantar en zona prohibida,Calle 37 B Sur Carrera 28,Loma De Las Brujas,Urbana,"(6.164360036, -75.57879461)"
2161421,11/06/2016,6:15 p.m.,Sábado,Automovil,Particular,Conductor,Masculino,No,Sin Registro,Solo Daños,Choque,Adelantar cerrando,Calle 48  Sur Carrera 48,Las Vegas,Urbana,"(6.164595282, -75.60138041)"
2161421,11/06/2016,6:15 p.m.,Sábado,Motocicleta,Particular,Motociclista,Masculino,No,Sin Registro,Solo Daños,Choque,Exceso de velocidad,Calle 48  Sur Carrera 48,Las Vegas,Urbana,"(6.164595282, -75.60138041)"
2161421,11/06/2016,6:15 p.m.,Sábado,Motocicleta,Particular,Motociclista,Masculino,No,Sin Registro,Solo Daños,Choque,Adelantar cerrando,Calle 48  Sur Carrera 48,Las Vegas,Urbana,"(6.164595282, -75.60138041)"
2161421,11/06/2016,6:15 p.m.,Sábado,Automovil,Particular,Conductor,Masculino,No,Sin Registro,Solo Daños,Choque,Exceso de velocidad,Calle 48  Sur Carrera 48,Las Vegas,Urbana,"(6.164595282, -75.60138041)"
2161401,11/06/2016,7:15 p.m.,Sábado,Automovil,Particular,Conductor,Masculino,No,Sin Registro,Herido,Atropello,Cruzar sin observar,Calle 38  Sur Carrera 41,Zona Centro,Urbana,"(6.169244976, -75.58658807)"
2161404,11/06/2016,7:20 p.m.,Sábado,Motocicleta,Particular,Motociclista,Masculino,No,Sin Registro,Herido,Atropello,Transitar entre vehiculos,Calle 38 B Sur Carrera 47,Alcala,Urbana,"(6.171647318, -75.59259728)"
2161432,11/06/2016,7:25 p.m.,Sábado,Motocicleta,Particular,Motociclista,Femenino,No,Sin Registro,Herido,Caida Ocupante,Impericia en el manejo,Calle 39 B Sur Carrera 36,Mesa,Urbana,"(6.165295179, -75.5850387)"
2161428,11/06/2016,7:50 p.m.,Sábado,Camioneta,Particular,Conductor,Femenino,No,Sin Registro,Solo Daños,Choque,No mantener distancia de seguridad,Calle 38  Sur Carrera 46,Alcala,Urbana,"(6.171966643, -75.59136974)"
2161428,11/06/2016,7:50 p.m.,Sábado,Automovil,Particular,Conductor,Masculino,No,Sin Registro,Solo Daños,Choque,No mantener distancia de seguridad,Calle 38  Sur Carrera 46,Alcala,Urbana,"(6.171966643, -75.59136974)"
2161423,12/06/2016,4:00 a.m.,Domingo,Automovil,Publico,Conductor,Masculino,No,Sin Registro,Solo Daños,Choque,No mantener distancia de seguridad,Calle 40  Sur Carrera 48,Las Vegas,Urbana,"(6.158744179, -75.59459712)"
2161423,12/06/2016,4:00 a.m.,Domingo,Automovil,Publico,Conductor,Masculino,No,Sin Registro,Solo Daños,Choque,No mantener distancia de seguridad,Calle 40  Sur Carrera 48,Las Vegas,Urbana,"(6.158744179, -75.59459712)"
2161435,12/06/2016,12:00 p.m.,Domingo,Automovil,Particular,Conductor,Femenino,No,Sin Registro,Solo Daños,Choque,No respetar prelacion,Calle 40 A Sur Carrera 24 B,La Mina,Urbana,"(6.151984005, -75.58064483)"
2161435,12/06/2016,12:00 p.m.,Domingo,Motocicleta,Particular,Motociclista,Masculino,No,Sin Registro,Solo Daños,Choque,No respetar prelacion,Calle 40 A Sur Carrera 24 B,La Mina,Urbana,"(6.151984005, -75.58064483)"
2161438,12/06/2016,1:00 p.m.,Domingo,Camioneta,Particular,Conductor,Masculino,No,Sin Registro,Solo Daños,Choque,No respetar prelacion,Tramo 372 Kilometro  100,Vereda Palmas,Rural,
2161438,12/06/2016,1:00 p.m.,Domingo,Automovil,Particular,Conductor,Femenino,No,Sin Registro,Solo Daños,Choque,No respetar prelacion,Tramo 372 Kilometro  100,Vereda Palmas,Rural,
2161399,12/06/2016,2:00 p.m.,Domingo,Motocicleta,Particular,Motociclista,Masculino,No,Sin Registro,Herido,Choque,No mantener distancia de seguridad,Calle 39  Sur Carrera 28,Sin Registro,Urbana,"(6.160790572, -75.57942846)"
2161399,12/06/2016,2:00 p.m.,Domingo,Motocicleta,Particular,Motociclista,Masculino,No,Sin Registro,Herido,Choque,No mantener distancia de seguridad,Calle 39  Sur Carrera 28,Sin Registro,Urbana,"(6.160790572, -75.57942846)"
2161400,12/06/2016,2:20 p.m.,Domingo,Motocicleta,Diplomatico,Motociclista,Masculino,No,Sin Registro,Herido,Choque,Impericia en el manejo,Calle 25  Sur Carrera 47,Zuñiga,Urbana,
2161412,12/06/2016,2:50 p.m.,Domingo,Automovil,Particular,Conductor,Femenino,No,Sin Registro,Solo Daños,Choque,No mantener distancia de seguridad,Calle 23  Sur Carrera 43 A,Avenida El Poblado,Urbana,"(6.182706228, -75.58032996)"
2161412,12/06/2016,2:50 p.m.,Domingo,Automovil,Particular,Conductor,Femenino,No,Sin Registro,Solo Daños,Choque,No mantener distancia de seguridad,Calle 23  Sur Carrera 43 A,Avenida El Poblado,Urbana,"(6.182706228, -75.58032996)"
2161440,06/13/2016,2:40 p.m.,Lunes,Motocicleta,Particular,Motociclista,Femenino,No,Sin Registro,Herido,Choque,Exceso de velocidad,Calle 30  Sur Carrera 45 B,Sin Registro,Urbana,"(6.179138184, -75.58745765)"
2161440,06/13/2016,2:40 p.m.,Lunes,Motocicleta,Particular,Motociclista,Masculino,No,Sin Registro,Herido,Choque,Exceso de velocidad,Calle 30  Sur Carrera 45 B,Sin Registro,Urbana,"(6.179138184, -75.58745765)"
2161431,06/13/2016,5:15 p.m.,Lunes,Automovil,Particular,Conductor,Masculino,No,Sin Registro,Solo Daños,Choque,Transitar entre vehiculos,Calle 37  Sur Carrera 50,Las Vegas,Urbana,
2161431,06/13/2016,5:15 p.m.,Lunes,Automovil,Particular,Conductor,Femenino,No,Sin Registro,Solo Daños,Choque,Transitar entre vehiculos,Calle 37  Sur Carrera 50,Las Vegas,Urbana,
2161431,06/13/2016,5:15 p.m.,Lunes,Motocicleta,Particular,Motociclista,Masculino,No,Sin Registro,Solo Daños,Choque,Transitar entre vehiculos,Calle 37  Sur Carrera 50,Las Vegas,Urbana,
2161433,06/13/2016,6:10 p.m.,Lunes,Motocicleta,Particular,Motociclista,Masculino,No,Sin Registro,Solo Daños,Choque,No mantener distancia de seguridad,Calle 25 A Sur Carrera 42 B,Sin Registro,Urbana,"(6.181402463, -75.58167941)"
2161433,06/13/2016,6:10 p.m.,Lunes,Motocicleta,Particular,Motociclista,Masculino,No,Sin Registro,Solo Daños,Choque,No mantener distancia de seguridad,Calle 25 A Sur Carrera 42 B,Sin Registro,Urbana,"(6.181402463, -75.58167941)"
2161452,06/13/2016,8:50 p.m.,Lunes,Automovil,Particular,Conductor,Femenino,No,Sin Registro,Solo Daños,Choque,Adelantar en zona prohibida,Diagonal 32 D Transversal 31,Bucarest,Urbana,"(6.176384961, -75.58429424)"
2161452,06/13/2016,8:50 p.m.,Lunes,Motocicleta,Particular,Motociclista,Masculino,No,Sin Registro,Solo Daños,Choque,Adelantar en zona prohibida,Diagonal 32 D Transversal 31,Bucarest,Urbana,"(6.176384961, -75.58429424)"
2161436,06/13/2016,9:10 p.m.,Lunes,Motocicleta,Particular,Motociclista,Masculino,No,Sin Registro,Herido,Choque,Adelantar cerrando,Calle 49  Sur Carrera 50,Las Vegas,Urbana,
2161436,06/13/2016,9:10 p.m.,Lunes,Automovil,Particular,Conductor,Masculino,No,Sin Registro,Herido,Choque,Adelantar cerrando,Calle 49  Sur Carrera 50,Las Vegas,Urbana,
2161445,06/13/2016,9:10 p.m.,Lunes,Automovil,Particular,Conductor,Femenino,No,Sin Registro,Solo Daños,Choque,Desobedecer senales,Calle 36  Sur Carrera 39,Zona Centro,Urbana,"(6.169751787, -75.58435113)"
2161445,06/13/2016,9:10 p.m.,Lunes,Motocicleta,Particular,Motociclista,Femenino,No,Sin Registro,Solo Daños,Choque,Desobedecer senales,Calle 36  Sur Carrera 39,Zona Centro,Urbana,"(6.169751787, -75.58435113)"
2161441,06/13/2016,11:15 p.m.,Lunes,Motocicleta,Particular,Motociclista,Masculino,No,Sin Registro,Solo Daños,Choque,Semaforo en rojo,Calle 25  Sur Carrera 48,Las Vegas,Urbana,
2161450,06/14/2016,2:45 a.m.,Martes,Automovil,Particular,Conductor,Masculino,No,Sin Registro,Solo Daños,Choque,Adelantar invadiendo carril de sentido contrario,Calle 25 C Sur Carrera 27,La Inmaculada,Urbana,
2161442,06/14/2016,5:20 a.m.,Martes,Camion,Publico,Conductor,Masculino,No,Sin Registro,Solo Daños,Choque,No respetar prelacion,Calle 37  Sur Carrera 48,Glorieta Peldar,Urbana,"(6.17412211, -75.59306111)"
2161442,06/14/2016,5:20 a.m.,Martes,Camion,Publico,Conductor,Masculino,No,Sin Registro,Solo Daños,Choque,No respetar prelacion,Calle 37  Sur Carrera 48,Glorieta Peldar,Urbana,"(6.17412211, -75.59306111)"
2161444,06/14/2016,7:30 a.m.,Martes,Bus,Publico,Conductor,Masculino,No,Sin Registro,Solo Daños,Choque,Adelantar por la derecha,Calle 43  Sur Carrera 50,Las Vegas,Urbana,"(6.159203801, -75.60259496)"
2161444,06/14/2016,7:30 a.m.,Martes,Bus,Publico,Conductor,Masculino,No,Sin Registro,Solo Daños,Choque,Adelantar por la derecha,Calle 43  Sur Carrera 50,Las Vegas,Urbana,"(6.159203801, -75.60259496)"
2161443,06/14/2016,8:00 a.m.,Martes,Motocicleta,Particular,Motociclista,Masculino,No,Sin Registro,Herido,Choque,No mantener distancia de seguridad,Calle 36  Sur Carrera 50,Las Vegas,Urbana,
2161443,06/14/2016,8:00 a.m.,Martes,Camion,Publico,Conductor,Masculino,No,Sin Registro,Herido,Choque,No mantener distancia de seguridad,Calle 36  Sur Carrera 50,Las Vegas,Urbana,
2162692,06/14/2016,10:54 a.m.,Martes,Camioneta,Particular,Conductor,Femenino,No,Sin Registro,Solo Daños,Choque,Otra,Carrera 27 Calle 36  Sur,La Inmaculada,Urbana,"(6.167009975, -75.56927808)"
2162692,06/14/2016,10:54 a.m.,Martes,Automovil,Particular,Conductor,Femenino,No,Sin Registro,Solo Daños,Choque,Otra,Carrera 27 Calle 36  Sur,La Inmaculada,Urbana,"(6.167009975, -75.56927808)"
2161456,06/14/2016,11:15 a.m.,Martes,Camion,Publico,Conductor,Masculino,No,Sin Registro,Solo Daños,Choque,Exceso de velocidad,Tramo 371 Kilometro  4,Vereda El Escobero,Rural,
2161459,06/14/2016,11:30 a.m.,Martes,Automovil,Particular,Conductor,Femenino,No,Sin Registro,Solo Daños,Choque,Desobedecer senales,Diagonal 31 Transversal 34 D,La Sebastiana,Urbana,"(6.17201459, -75.57921611)"
2161459,06/14/2016,11:30 a.m.,Martes,Automovil,Particular,Conductor,Masculino,No,Sin Registro,Solo Daños,Choque,Desobedecer senales,Diagonal 31 Transversal 34 D,La Sebastiana,Urbana,"(6.17201459, -75.57921611)"
2161449,06/14/2016,12:40 p.m.,Martes,Microbus,Publico,Conductor,Masculino,No,Sin Registro,Solo Daños,Choque,No mantener distancia de seguridad,Calle 45 B Sur Carrera 43 A,La Paz,Urbana,"(6.164485785, -75.59467842)"
2161449,06/14/2016,12:40 p.m.,Martes,Automovil,Particular,Conductor,Femenino,No,Sin Registro,Solo Daños,Choque,No mantener distancia de seguridad,Calle 45 B Sur Carrera 43 A,La Paz,Urbana,"(6.164485785, -75.59467842)"
2161448,06/14/2016,2:30 p.m.,Martes,Camion,Publico,Conductor,Masculino,No,Sin Registro,Solo Daños,Choque,Reverso imprudente,Calle 37  Sur Carrera 49,Las Vegas,Urbana,"(6.174789471, -75.59420424)"
2161448,06/14/2016,2:30 p.m.,Martes,Camion,Publico,Conductor,Masculino,No,Sin Registro,Solo Daños,Choque,Reverso imprudente,Calle 37  Sur Carrera 49,Las Vegas,Urbana,"(6.174789471, -75.59420424)"
2161446,06/14/2016,3:30 p.m.,Martes,Camion,Publico,Conductor,Masculino,No,Sin Registro,Herido,Choque,Adelantar por la derecha,Calle 23  Sur Carrera 43 A,Zuñiga,Urbana,"(6.182706228, -75.58032996)"
2161446,06/14/2016,3:30 p.m.,Martes,Motocicleta,Particular,Motociclista,Masculino,No,Sin Registro,Herido,Choque,Adelantar por la derecha,Calle 23  Sur Carrera 43 A,Zuñiga,Urbana,"(6.182706228, -75.58032996)"
2161461,06/14/2016,4:25 p.m.,Martes,Campero,Particular,Conductor,Femenino,No,Sin Registro,Herido,Choque,Otra,Calle 36 D Sur Carrera 27,Vereda El Escobero,Urbana,"(6.162479576, -75.57022257)"
2161461,06/14/2016,4:25 p.m.,Martes,Motocicleta,Particular,Motociclista,Masculino,No,Sin Registro,Herido,Choque,Otra,Calle 36 D Sur Carrera 27,Vereda El Escobero,Urbana,"(6.162479576, -75.57022257)"
2161461,06/14/2016,4:25 p.m.,Martes,Motocicleta,Particular,Motociclista,Masculino,No,Sin Registro,Herido,Choque,Otra,Calle 36 D Sur Carrera 27,Vereda El Escobero,Urbana,"(6.162479576, -75.57022257)"
2161458,06/14/2016,6:20 p.m.,Martes,Automovil,Particular,Conductor,Masculino,No,Sin Registro,Solo Daños,Choque,No mantener distancia de seguridad,Calle 41 B Sur Carrera 43 A,Sin Registro,Urbana,"(6.166600677, -75.59325766)"
2161458,06/14/2016,6:20 p.m.,Martes,Automovil,Particular,Conductor,Masculino,No,Sin Registro,Solo Daños,Choque,No mantener distancia de seguridad,Calle 41 B Sur Carrera 43 A,Sin Registro,Urbana,"(6.166600677, -75.59325766)"
2161458,06/14/2016,6:20 p.m.,Martes,Automovil,Particular,Conductor,Femenino,No,Sin Registro,Solo Daños,Choque,No mantener distancia de seguridad,Calle 41 B Sur Carrera 43 A,Sin Registro,Urbana,"(6.166600677, -75.59325766)"
2161447,06/14/2016,6:50 p.m.,Martes,Bus,Publico,Conductor,Masculino,No,Sin Registro,Solo Daños,Choque,Adelantar cerrando,Calle 39 A Sur Carrera 49,Sin Registro,Urbana,"(6.168916704, -75.59147177)"
2161447,06/14/2016,6:50 p.m.,Martes,Campero,Particular,Conductor,Masculino,No,Sin Registro,Solo Daños,Choque,Adelantar cerrando,Calle 39 A Sur Carrera 49,Sin Registro,Urbana,"(6.168916704, -75.59147177)"
2161477,06/14/2016,7:30 p.m.,Martes,Bus,Publico,Conductor,Masculino,No,Sin Registro,Herido,Caida Ocupante,Poner en marcha un vehiculo sin precauci,Calle 46  Sur Carrera 39 D,El Trianon,Urbana,"(6.16005205, -75.59192702)"
2161455,06/14/2016,8:40 p.m.,Martes,Automovil,Publico,Conductor,Masculino,No,Sin Registro,Herido,Choque,Transitar entre vehiculos,Calle 38 A Sur Carrera 44,Alcala,Urbana,"(6.170343187, -75.58995471)"
2161455,06/14/2016,8:40 p.m.,Martes,Motocicleta,Particular,Motociclista,Masculino,No,Sin Registro,Herido,Choque,Transitar entre vehiculos,Calle 38 A Sur Carrera 44,Alcala,Urbana,"(6.170343187, -75.58995471)"
2161451,06/15/2016,2:50 a.m.,Miércoles,Automovil,Publico,Conductor,Masculino,No,Sin Registro,Solo Daños,Choque,Semaforo en rojo,Calle 38  Sur Carrera 39,Zona Centro,Urbana,"(6.16839174, -75.5852478)"