RADICADO,FECHA,HORA,DÍA DE LA SEMANA,CLASE DE VEHICULO,TIPO DE SERVICIO,TIPO DE VICTIMA,SEXO,ESTADO DE BEODEZ,RESULTADO DE BEODEZ,GRAVEDAD,CLASE DE ACCIDENTE,CAUSA,DIRECCIÓN,BARRIO,AREA,Coordenadas
2161451,06/15/2016,2:50 a.m.,Miércoles,Automovil,Publico,Conductor,Masculino,No,Sin Registro,Solo Daños,Choque,Semaforo en rojo,Calle 38  Sur Carrera 39,Zona Centro,Urbana,"(6.16839174, -75.5852478)"
2161467,06/15/2016,5:40 a.m.,Miércoles,Motocicleta,Particular,Motociclista,Masculino,No,Sin Registro,Herido,Choque,Transitar entre vehiculos,Calle 38  Sur Carrera 43 A,Zona Centro,Urbana,"(6.170537577, -75.58862514)"
2161467,06/15/2016,5:40 a.m.,Miércoles,Bicicleta,Particular,Ciclista,Masculino,No,Sin Registro,Herido,Choque,Transitar entre vehiculos,Calle 38  Sur Carrera 43 A,Zona Centro,Urbana,"(6.170537577, -75.58862514)"
2161471,06/15/2016,6:30 a.m.,Miércoles,Camioneta,Particular,Conductor,Masculino,No,Sin Registro,Herido,Choque,Transitar entre vehiculos,Calle 27  Sur Carrera 50,Las Vegas,Urbana,
2161471,06/15/2016,6:30 a.m.,Miércoles,Motocicleta,Particular,Motociclista,Masculino,No,Sin Registro,Herido,Choque,Transitar entre vehiculos,Calle 27  Sur Carrera 50,Las Vegas,Urbana,
2161471,06/15/2016,6:30 a.m.,Miércoles,Automovil,Particular,Conductor,Masculino,No,Sin Registro,Herido,Choque,Transitar entre vehiculos,Calle 27  Sur Carrera 50,Las Vegas,Urbana,
2161469,06/15/2016,8:40 a.m.,Miércoles,Automovil,Particular,Conductor,Masculino,No,Sin Registro,Solo Daños,Choque,No mantener distancia de seguridad,Calle 23  Sur Carrera 38,Sin Registro,Urbana,
2161469,06/15/2016,8:40 a.m.,Miércoles,Camioneta,Particular,Conductor,Masculino,No,Sin Registro,Solo Daños,Choque,No mantener distancia de seguridad,Calle 23  Sur Carrera 38,Sin Registro,Urbana,
2161457,06/15/2016,8:50 a.m.,Miércoles,Camioneta,Publico,Conductor,Masculino,No,Sin Registro,Solo Daños,Choque,Vehiculo mal estacionado,Calle 36  Sur Carrera 39,Zona Centro,Urbana,"(6.169751787, -75.58435113)"
2161457,06/15/2016,8:50 a.m.,Miércoles,Motocicleta,Particular,Motociclista,Masculino,No,Sin Registro,Solo Daños,Choque,Vehiculo mal estacionado,Calle 36  Sur Carrera 39,Zona Centro,Urbana,"(6.169751787, -75.58435113)"
2161457,06/15/2016,8:50 a.m.,Miércoles,Camioneta,Particular,Conductor,Masculino,No,Sin Registro,Solo Daños,Choque,Vehiculo mal estacionado,Calle 36  Sur Carrera 39,Zona Centro,Urbana,"(6.169751787, -75.58435113)"
2161460,06/15/2016,10:00 a.m.,Miércoles,Camioneta,Particular,Conductor,Masculino,No,Sin Registro,Solo Daños,Choque,Desobedecer senales,Diagonal 32 D Transversal 34,La Magnolia,Urbana,"(6.172908151, -75.58314442)"
2161460,06/15/2016,10:00 a.m.,Miércoles,Motocicleta,Particular,Motociclista,Masculino,No,Sin Registro,Solo Daños,Choque,Desobedecer senales,Diagonal 32 D Transversal 34,La Magnolia,Urbana,"(6.172908151, -75.58314442)"
2161463,06/15/2016,3:50 p.m.,Miércoles,Camion,Publico,Conductor,Masculino,No,Sin Registro,Solo Daños,Choque,Reverso imprudente,Tramo 372 Kilometro  17,Vereda Palmas,Rural,
2161463,06/15/2016,3:50 p.m.,Miércoles,Camioneta,Particular,Conductor,Masculino,No,Sin Registro,Solo Daños,Choque,Reverso imprudente,Tramo 372 Kilometro  17,Vereda Palmas,Rural,
2161464,06/15/2016,6:00 p.m.,Miércoles,Bus,Publico,Conductor,Masculino,No,Sin Registro,Solo Daños,Choque,Vehiculo mal estacionado,Calle 41  Sur Carrera 24,Sin Registro,Urbana,"(6.152747542, -75.5844482)"
2161464,06/15/2016,6:00 p.m.,Miércoles,Automovil,Particular,Conductor,Femenino,No,Sin Registro,Solo Daños,Choque,Impericia en el manejo,Calle 41  Sur Carrera 24,Sin Registro,Urbana,"(6.152747542, -75.5844482)"
2161464,06/15/2016,6:00 p.m.,Miércoles,Automovil,Particular,Conductor,Femenino,No,Sin Registro,Solo Daños,Choque,Vehiculo mal estacionado,Calle 41  Sur Carrera 24,Sin Registro,Urbana,"(6.152747542, -75.5844482)"
2161464,06/15/2016,6:00 p.m.,Miércoles,Bus,Publico,Conductor,Masculino,No,Sin Registro,Solo Daños,Choque,Impericia en el manejo,Calle 41  Sur Carrera 24,Sin Registro,Urbana,"(6.152747542, -75.5844482)"
2161462,06/15/2016,10:10 p.m.,Miércoles,Microbus,Publico,Conductor,Masculino,No,Sin Registro,Solo Daños,Choque,Reverso imprudente,Diagonal 40 Transversal 34 B,Alcala,Urbana,"(6.171277439, -75.5847512)"
2161462,06/15/2016,10:10 p.m.,Miércoles,Automovil,Particular,Conductor,Masculino,No,Sin Registro,Solo Daños,Choque,Reverso imprudente,Diagonal 40 Transversal 34 B,Alcala,Urbana,"(6.171277439, -75.5847512)"
2161465,06/16/2016,4:05 a.m.,Jueves,Camion,Publico,Conductor,Masculino,No,Sin Registro,Muerto,Choque,Otra,Calle 32 A Sur Carrera 43 A,San Marcos,Urbana,"(6.174867987, -75.58533492)"
2161465,06/16/2016,4:05 a.m.,Jueves,Motocicleta,Particular,Motociclista,Masculino,No,Sin Registro,Muerto,Choque,Otra,Calle 32 A Sur Carrera 43 A,San Marcos,Urbana,"(6.174867987, -75.58533492)"
2161485,06/16/2016,7:30 a.m.,Jueves,Camion,Publico,Conductor,Masculino,No,Sin Registro,Solo Daños,Choque,Otra,Calle 40 DD Sur Carrera 41,El Dorado,Urbana,"(6.165700924, -75.58924551)"
2161485,06/16/2016,7:30 a.m.,Jueves,Automovil,Particular,Conductor,Masculino,No,Sin Registro,Solo Daños,Choque,Otra,Calle 40 DD Sur Carrera 41,El Dorado,Urbana,"(6.165700924, -75.58924551)"
2161468,06/16/2016,7:40 a.m.,Jueves,Camioneta,Particular,Conductor,Masculino,No,Sin Registro,Solo Daños,Choque,No mantener distancia de seguridad,Tramo 372 Kilometro  18,Vereda Palmas,Rural,
2161468,06/16/2016,7:40 a.m.,Jueves,Campero,Particular,Conductor,Masculino,No,Sin Registro,Solo Daños,Choque,No mantener distancia de seguridad,Tramo 372 Kilometro  18,Vereda Palmas,Rural,
2161466,06/16/2016,7:45 a.m.,Jueves,Automovil,Particular,Conductor,Femenino,No,Sin Registro,Solo Daños,Choque,Adelantar en zona prohibida,Calle 43  Sur Carrera 48,Milan Vallejuelos,Urbana,"(6.168592602, -75.597529)"
2161466,06/16/2016,7:45 a.m.,Jueves,Motocicleta,Particular,Motociclista,Masculino,No,Sin Registro,Solo Daños,Choque,Adelantar en zona prohibida,Calle 43  Sur Carrera 48,Milan Vallejuelos,Urbana,"(6.168592602, -75.597529)"
2161470,06/16/2016,10:20 a.m.,Jueves,Camioneta,Particular,Conductor,Masculino,No,Sin Registro,Solo Daños,Choque,No mantener distancia de seguridad,Calle 40  Sur Carrera 43 A,El Dorado,Urbana,"(6.167965983, -75.59024215)"
2161470,06/16/2016,10:20 a.m.,Jueves,Campero,Particular,Conductor,Masculino,No,Sin Registro,Solo Daños,Choque,No mantener distancia de seguridad,Calle 40  Sur Carrera 43 A,El Dorado,Urbana,"(6.167965983, -75.59024215)"
2161497,06/16/2016,10:50 a.m.,Jueves,Camioneta,Particular,Conductor,Masculino,No,Sin Registro,Solo Daños,Choque,Otra,Calle 38  Sur Carrera 29 A,Sin Registro,Urbana,"(6.165022576, -75.58071311)"
2161497,06/16/2016,10:50 a.m.,Jueves,Automovil,Particular,Conductor,Femenino,No,Sin Registro,Solo Daños,Choque,Otra,Calle 38  Sur Carrera 29 A,Sin Registro,Urbana,"(6.165022576, -75.58071311)"
2161473,06/16/2016,1:40 p.m.,Jueves,Camion,Publico,Conductor,Masculino,No,Sin Registro,Herido,Choque,No mantener distancia de seguridad,Calle 34  Sur Carrera 48 A,Las Vegas,Urbana,
2161473,06/16/2016,1:40 p.m.,Jueves,Motocicleta,Particular,Motociclista,Masculino,No,Sin Registro,Herido,Choque,No mantener distancia de seguridad,Calle 34  Sur Carrera 48 A,Las Vegas,Urbana,
2161476,06/16/2016,3:00 p.m.,Jueves,Motocicleta,Particular,Motociclista,Masculino,No,Sin Registro,Solo Daños,Choque,Impericia en el manejo,Calle 38 A Sur Carrera 46,Alcala,Urbana,"(6.171457357, -75.59157663)"
2161476,06/16/2016,3:00 p.m.,Jueves,Automovil,Particular,Conductor,Masculino,No,Sin Registro,Solo Daños,Choque,Impericia en el manejo,Calle 38 A Sur Carrera 46,Alcala,Urbana,"(6.171457357, -75.59157663)"
2161474,06/16/2016,3:40 p.m.,Jueves,Mini Bus,Publico,Conductor,Masculino,No,Sin Registro,Herido,Choque,Semaforo en rojo,Calle 38  Sur Carrera 31,Mesa,Urbana,"(6.165577674, -75.58112182)"
2161474,06/16/2016,3:40 p.m.,Jueves,Campero,Oficial,Conductor,Masculino,No,Sin Registro,Herido,Choque,Semaforo en rojo,Calle 38  Sur Carrera 31,Mesa,Urbana,"(6.165577674, -75.58112182)"
2161475,06/16/2016,5:55 p.m.,Jueves,Automovil,Particular,Conductor,Masculino,No,Sin Registro,Solo Daños,Choque,No mantener distancia de seguridad,Calle 37  Sur Carrera 50,Las Vegas,Urbana,
2161475,06/16/2016,5:55 p.m.,Jueves,Automovil,Particular,Conductor,Masculino,No,Sin Registro,Solo Daños,Choque,No mantener distancia de seguridad,Calle 37  Sur Carrera 50,Las Vegas,Urbana,
2161478,06/16/2016,6:50 p.m.,Jueves,Automovil,Publico,Conductor,Masculino,No,Sin Registro,Herido,Choque,No respetar prelacion,Calle 31  Sur Carrera 45 A,Jardines,Urbana,"(6.17732964, -75.58702584)"
2161478,06/16/2016,6:50 p.m.,Jueves,Motocicleta,Particular,Motociclista,Femenino,No,Sin Registro,Herido,Choque,No respetar prelacion,Calle 31  Sur Carrera 45 A,Jardines,Urbana,"(6.17732964, -75.58702584)"
2162130,06/16/2016,10:30 p.m.,Jueves,Microbus,Publico,Conductor,Masculino,No,Sin Registro,Solo Daños,Choque,Otra,Calle 39 D Sur Carrera 24 D,El Chinguí,Urbana,"(6.154343948, -75.57802149)"
2162130,06/16/2016,10:30 p.m.,Jueves,Motocicleta,Particular,Motociclista,Masculino,No,Sin Registro,Solo Daños,Choque,Otra,Calle 39 D Sur Carrera 24 D,El Chinguí,Urbana,"(6.154343948, -75.57802149)"
2161486,06/17/2016,6:00 a.m.,Viernes,Camion,Particular,Conductor,Masculino,No,Sin Registro,Solo Daños,Choque,Otra,Calle 30  Sur Carrera 50,Las Vegas,Urbana,
2161486,06/17/2016,6:00 a.m.,Viernes,Automovil,Particular,Conductor,Masculino,No,Sin Registro,Solo Daños,Choque,Otra,Calle 30  Sur Carrera 50,Las Vegas,Urbana,
2161479,06/17/2016,7:00 a.m.,Viernes,Automovil,Particular,Conductor,Femenino,No,Sin Registro,Herido,Choque,Otra,Calle 49  Sur Carrera 48,Las Vegas,Urbana,"(6.163238618, -75.60250718)"
2161479,06/17/2016,7:00 a.m.,Viernes,Automovil,Particular,Conductor,Femenino,No,Sin Registro,Herido,Choque,Otra,Calle 49  Sur Carrera 48,Las Vegas,Urbana,"(6.163238618, -75.60250718)"
2161479,06/17/2016,7:00 a.m.,Viernes,Camioneta,Particular,Conductor,Masculino,No,Sin Registro,Herido,Choque,Otra,Calle 49  Sur Carrera 48,Las Vegas,Urbana,"(6.163238618, -75.60250718)"
2161498,06/17/2016,7:50 a.m.,Viernes,Motocicleta,Particular,Motociclista,Femenino,No,Sin Registro,Herido,Atropello,Otra,Calle 48 C Sur Carrera 43 A,Avenida El Poblado,Urbana,"(6.162378903, -75.59763059)"
2161491,06/17/2016,9:00 a.m.,Viernes,Automovil,Particular,Conductor,Femenino,No,Sin Registro,Solo Daños,Choque,Otra,Calle 27  Sur Carrera 50,Las Vegas,Urbana,
2161491,06/17/2016,9:00 a.m.,Viernes,Motocicleta,Particular,Motociclista,Masculino,No,Sin Registro,Solo Daños,Choque,Otra,Calle 27  Sur Carrera 50,Las Vegas,Urbana,
2161529,06/17/2016,9:10 a.m.,Viernes,Automovil,Publico,Conductor,Masculino,No,Sin Registro,Solo Daños,Choque,Otra,Diagonal 31 D Transversal 32,La Magnolia,Urbana,"(6.176680777, -75.58109194)"
2161529,06/17/2016,9:10 a.m.,Viernes,Bus,Publico,Conductor,Masculino,No,Sin Registro,Solo Daños,Choque,Otra,Diagonal 31 D Transversal 32,La Magnolia,Urbana,"(6.176680777, -75.58109194)"
2161490,06/17/2016,11:45 a.m.,Viernes,Automovil,Particular,Conductor,Femenino,No,Sin Registro,Solo Daños,Choque,Otra,Calle 48  Sur Carrera 50,Las Vegas,Urbana,
2161490,06/17/2016,11:45 a.m.,Viernes,Motocicleta,Particular,Motociclista,Masculino,No,Sin Registro,Solo Daños,Choque,Otra,Calle 48  Sur Carrera 50,Las Vegas,Urbana,
2161482,06/17/2016,2:00 p.m.,Viernes,Automovil,Particular,Conductor,Femenino,No,Sin Registro,Solo Daños,Choque,Otra,Diagonal 31 E Transversal 33,La Magnolia,Urbana,"(6.174094397, -75.57881853)"
2161488,06/17/2016,2:00 p.m.,Viernes,Buseta,Publico,Conductor,Masculino,No,Sin Registro,Solo Daños,Choque,No mantener distancia de seguridad,Calle 40  Sur Carrera 48,Las Vegas,Urbana,"(6.158744179, -75.59459712)"
2161488,06/17/2016,2:00 p.m.,Viernes,Automovil,Particular,Conductor,Femenino,No,Sin Registro,Solo Daños,Choque,No mantener distancia de seguridad,Calle 40  Sur Carrera 48,Las Vegas,Urbana,"(6.158744179, -75.59459712)"
2161499,06/17/2016,3:00 p.m.,Viernes,Motocicleta,Particular,Motociclista,Masculino,No,Sin Registro,Solo Daños,Choque,Otra,Diagonal 39 Transversal 34,La Magnolia,Urbana,"(6.172334278, -75.58444785)"
2161499,06/17/2016,3:00 p.m.,Viernes,Automovil,Particular,Conductor,Masculino,No,Sin Registro,Solo Daños,Choque,Otra,Diagonal 39 Transversal 34,La Magnolia,Urbana,"(6.172334278, -75.58444785)"
2161483,06/17/2016,3:10 p.m.,Viernes,Motocicleta,Particular,Motociclista,Masculino,No,Sin Registro,Solo Daños,Choque,Otra,Calle 39  Sur Carrera 27 B,Sin Registro,Urbana,"(6.159217585, -75.57883462)"
2161667,05/07/2016,6:10 p.m.,Martes,Automovil,Particular,Conductor,Femenino,No,Sin Registro,Solo Daños,Choque,Otra,Calle 25  Sur Carrera 48,Las Vegas,Urbana,
2161483,06/17/2016,3:10 p.m.,Viernes,Motocicleta,Particular,Motociclista,Masculino,No,Sin Registro,Solo Daños,Choque,Otra,Calle 39  Sur Carrera 27 B,Sin Registro,Urbana,"(6.159217585, -75.57883462)"
2161495,06/17/2016,4:30 p.m.,Viernes,Camion,Publico,Conductor,Masculino,No,Sin Registro,Solo Daños,Choque,Otra,Calle 43  Sur Carrera 48,Las Vegas,Urbana,"(6.168592602, -75.597529)"
2161495,06/17/2016,4:30 p.m.,Viernes,Camion,Publico,Conductor,Masculino,No,Sin Registro,Solo Daños,Choque,Otra,Calle 43  Sur Carrera 48,Las Vegas,Urbana,"(6.168592602, -75.597529)"
2162325,06/17/2016,4:40 p.m.,Viernes,Camioneta,Particular,Conductor,Sin registro,No,Sin Registro,Solo Daños,Choque,Otra,Calle 44  Sur Carrera 41,Sin Registro,Urbana,"(6.164161335, -75.5915997)"
2162325,06/17/2016,4:40 p.m.,Viernes,Motocicleta,Particular,Motociclista,Masculino,No,Sin Registro,Solo Daños,Choque,Otra,Calle 44  Sur Carrera 41,Sin Registro,Urbana,"(6.164161335, -75.5915997)"
2161481,06/17/2016,5:30 p.m.,Viernes,Campero,Particular,Conductor,Masculino,No,Sin Registro,Solo Daños,Choque,No mantener distancia de seguridad,Calle 41 F Sur Carrera 26,La Mina,Urbana,
2161481,06/17/2016,5:30 p.m.,Viernes,Motocicleta,Particular,Motociclista,Masculino,No,Sin Registro,Solo Daños,Choque,No mantener distancia de seguridad,Calle 41 F Sur Carrera 26,La Mina,Urbana,
2161494,06/17/2016,5:55 p.m.,Viernes,Motocicleta,Particular,Motociclista,Masculino,No,Sin Registro,Solo Daños,Choque,Otra,Calle 36  Sur Carrera 42,Zona Centro,Urbana,"(6.17108429, -75.58648741)"
2161494,06/17/2016,5:55 p.m.,Viernes,Automovil,Publico,Conductor,Masculino,No,Sin Registro,Solo Daños,Choque,Otra,Calle 36  Sur Carrera 42,Zona Centro,Urbana,"(6.17108429, -75.58648741)"
2161503,06/17/2016,7:30 p.m.,Viernes,Motocicleta,Particular,Motociclista,Masculino,No,Sin Registro,Herido,Choque,Otra,Calle 25  Sur Carrera 46,Sin Registro,Urbana,"(6.183044029, -75.5826185)"
2161503,06/17/2016,7:30 p.m.,Viernes,Automovil,Particular,Conductor,Masculino,No,Sin Registro,Herido,Choque,Otra,Calle 25  Sur Carrera 46,Sin Registro,Urbana,"(6.183044029, -75.5826185)"
2161503,06/17/2016,7:30 p.m.,Viernes,Motocicleta,Particular,Motociclista,Masculino,No,Sin Registro,Herido,Choque,Otra,Calle 25  Sur Carrera 46,Sin Registro,Urbana,"(6.183044029, -75.5826185)"
2161504,06/18/2016,12:10 a.m.,Sábado,Motocicleta,Diplomatico,Motociclista,Masculino,No,Sin Registro,Herido,Atropello,Otra,Calle 37  Sur Carrera 36,Los Naranjos,Urbana,"(6.168044613, -75.58323697)"
2161493,06/18/2016,11:00 a.m.,Sábado,Bus,Publico,Conductor,Masculino,No,Sin Registro,Herido,Choque,Otra,Calle 39 A Sur Carrera 48,Alcala,Urbana,"(6.168916704, -75.59147177)"
2161493,06/18/2016,11:00 a.m.,Sábado,Camioneta,Particular,Conductor,Masculino,No,Sin Registro,Herido,Choque,Otra,Calle 39 A Sur Carrera 48,Alcala,Urbana,"(6.168916704, -75.59147177)"
2161493,06/18/2016,11:00 a.m.,Sábado,Motocicleta,Particular,Motociclista,Masculino,No,Sin Registro,Herido,Choque,Otra,Calle 39 A Sur Carrera 48,Alcala,Urbana,"(6.168916704, -75.59147177)"
2161507,06/18/2016,11:15 a.m.,Sábado,Automovil,Particular,Conductor,Masculino,No,Sin Registro,Solo Daños,Choque,Otra,Calle 32 A Sur Carrera 43 A,Avenida El Poblado,Urbana,"(6.174867987, -75.58533492)"
2161500,06/18/2016,12:00 p.m.,Sábado,Automovil,Particular,Conductor,Masculino,No,Sin Registro,Solo Daños,Choque,Otra,Calle 38  Sur Carrera 46,Alcala,Urbana,"(6.171966643, -75.59136974)"
2161500,06/18/2016,12:00 p.m.,Sábado,Automovil,Particular,Conductor,Femenino,No,Sin Registro,Solo Daños,Choque,Otra,Calle 38  Sur Carrera 46,Alcala,Urbana,"(6.171966643, -75.59136974)"
2161506,06/18/2016,12:10 p.m.,Sábado,Camioneta,Publico,Conductor,Masculino,No,Sin Registro,Solo Daños,Choque,Otra,Calle 30  Sur Carrera 50,Las Vegas,Urbana,
2161506,06/18/2016,12:10 p.m.,Sábado,Camion,Publico,Conductor,Masculino,No,Sin Registro,Solo Daños,Choque,Otra,Calle 30  Sur Carrera 50,Las Vegas,Urbana,
2161506,06/18/2016,12:10 p.m.,Sábado,Automovil,Particular,Conductor,Masculino,No,Sin Registro,Solo Daños,Choque,Otra,Calle 30  Sur Carrera 50,Las Vegas,Urbana,
2161484,06/18/2016,12:30 p.m.,Sábado,Campero,Particular,Conductor,Masculino,No,Sin Registro,Solo Daños,Choque,Otra,Calle 36 D Sur Carrera 25 A,Vereda El Escobero,Urbana,"(6.158809572, -75.56663754)"
2161484,06/18/2016,12:30 p.m.,Sábado,Motocicleta,Particular,Motociclista,Masculino,No,Sin Registro,Solo Daños,Choque,Otra,Calle 36 D Sur Carrera 25 A,Vereda El Escobero,Urbana,"(6.158809572, -75.56663754)"
2161489,06/18/2016,1:25 p.m.,Sábado,Camioneta,Oficial,Conductor,Masculino,No,Sin Registro,Herido,Choque,Otra,Tramo 372 Kilometro  11,Vereda Palmas,Rural,
2161489,06/18/2016,1:25 p.m.,Sábado,Motocicleta,Particular,Motociclista,Masculino,No,Sin Registro,Herido,Choque,Otra,Tramo 372 Kilometro  11,Vereda Palmas,Rural,
2161496,06/18/2016,1:30 p.m.,Sábado,Camioneta,Particular,Conductor,Masculino,No,Sin Registro,Solo Daños,Choque,No mantener distancia de seguridad,Tramo 372 Kilometro  20,Vereda Palmas,Rural,
2161496,06/18/2016,1:30 p.m.,Sábado,Automovil,Particular,Conductor,Femenino,No,Sin Registro,Solo Daños,Choque,No mantener distancia de seguridad,Tramo 372 Kilometro  20,Vereda Palmas,Rural,
2161480,06/18/2016,2:30 p.m.,Sábado,Automovil,Particular,Conductor,Femenino,No,Sin Registro,Solo Daños,Choque,Reverso imprudente,Calle 25 A Sur Carrera 42 B,Sin Registro,Urbana,"(6.181402463, -75.58167941)"
2161480,06/18/2016,2:30 p.m.,Sábado,Automovil,Particular,Conductor,Femenino,No,Sin Registro,Solo Daños,Choque,Reverso imprudente,Calle 25 A Sur Carrera 42 B,Sin Registro,Urbana,"(6.181402463, -75.58167941)"
2161487,06/18/2016,4:30 p.m.,Sábado,Camion,Publico,Conductor,Masculino,No,Sin Registro,Solo Daños,Choque,Reverso imprudente,Calle 27  Sur Carrera 43 A,Sin Registro,Urbana,"(6.179865156, -75.58336545)"
2161487,06/18/2016,4:30 p.m.,Sábado,Campero,Particular,Conductor,Masculino,No,Sin Registro,Solo Daños,Choque,Reverso imprudente,Calle 27  Sur Carrera 43 A,Sin Registro,Urbana,"(6.179865156, -75.58336545)"
2161519,06/18/2016,7:00 p.m.,Sábado,Automovil,Particular,Conductor,Femenino,No,Sin Registro,Solo Daños,Choque,Reverso imprudente,Calle 19  Sur Carrera 48,Las Vegas,Urbana,
2161519,06/18/2016,7:00 p.m.,Sábado,Automovil,Particular,Conductor,Masculino,No,Sin Registro,Solo Daños,Choque,Reverso imprudente,Calle 19  Sur Carrera 48,Las Vegas,Urbana,
2161505,06/19/2016,8:15 p.m.,Domingo,Automovil,Publico,Conductor,Masculino,No,Sin Registro,Solo Daños,Choque,Otra,Calle 38 A Sur Carrera 41,Zona Centro,Urbana,"(6.168560755, -75.58701537)"
2161505,06/19/2016,8:15 p.m.,Domingo,Microbus,Publico,Conductor,Masculino,No,Sin Registro,Solo Daños,Choque,Otra,Calle 38 A Sur Carrera 41,Zona Centro,Urbana,"(6.168560755, -75.58701537)"
2161492,06/19/2016,9:45 p.m.,Domingo,Microbus,Publico,Conductor,Masculino,No,Sin Registro,Solo Daños,Choque,Otra,Calle 37  Sur Carrera 41,Zona Centro,Urbana,"(6.169855492, -75.58619601)"
2161492,06/19/2016,9:45 p.m.,Domingo,Automovil,Particular,Conductor,Masculino,No,Sin Registro,Solo Daños,Choque,Otra,Calle 37  Sur Carrera 41,Zona Centro,Urbana,"(6.169855492, -75.58619601)"
2161508,06/20/2016,6:50 a.m.,Lunes,Camion,Publico,Conductor,Masculino,No,Sin Registro,Solo Daños,Choque,No mantener distancia de seguridad,Calle 36 D Sur Carrera 27 D,Vereda El Escobero,Urbana,"(6.164970853, -75.57463727)"
2161508,06/20/2016,6:50 a.m.,Lunes,Automovil,Particular,Conductor,Femenino,No,Sin Registro,Solo Daños,Choque,No mantener distancia de seguridad,Calle 36 D Sur Carrera 27 D,Vereda El Escobero,Urbana,"(6.164970853, -75.57463727)"
2161501,06/20/2016,7:40 a.m.,Lunes,Automovil,Particular,Conductor,Masculino,No,Sin Registro,Herido,Choque,Otra,Tramo 372 Kilometro  12,Vereda Palmas,Rural,
2161501,06/20/2016,7:40 a.m.,Lunes,Automovil,Particular,Conductor,Femenino,No,Sin Registro,Herido,Choque,Otra,Tramo 372 Kilometro  12,Vereda Palmas,Rural,
2161502,06/20/2016,8:50 a.m.,Lunes,Bus,Publico,Conductor,Masculino,No,Sin Registro,Herido,Atropello,Otra,Calle 38  Sur Carrera 40,Zona Centro,Urbana,"(6.16879573, -75.58588978)"
2161512,06/20/2016,11:00 a.m.,Lunes,Microbus,Publico,Conductor,Masculino,No,Sin Registro,Herido,Choque,Otra,Calle 40  Sur Carrera 25 AA,El Salado,Urbana,"(6.154521155, -75.57912616)"
2161512,06/20/2016,11:00 a.m.,Lunes,Bicicleta,Particular,Ciclista,Masculino,No,Sin Registro,Herido,Choque,Otra,Calle 40  Sur Carrera 25 AA,El Salado,Urbana,"(6.154521155, -75.57912616)"
2161509,06/20/2016,2:10 p.m.,Lunes,Camion,Publico,Conductor,Masculino,No,Sin Registro,Solo Daños,Choque,Otra,Tramo 372 Kilometro  5,Vereda Palmas,Rural,
2161516,06/20/2016,4:20 p.m.,Lunes,Automovil,Particular,Conductor,Femenino,No,Sin Registro,Solo Daños,Choque,Reverso imprudente,Calle 40 A Sur Carrera 24 B,La Mina,Urbana,"(6.151984005, -75.58064483)"
2161516,06/20/2016,4:20 p.m.,Lunes,Camioneta,Particular,Conductor,Masculino,No,Sin Registro,Solo Daños,Choque,Reverso imprudente,Calle 40 A Sur Carrera 24 B,La Mina,Urbana,"(6.151984005, -75.58064483)"
2161511,06/20/2016,9:00 p.m.,Lunes,Automovil,Particular,Conductor,Masculino,No,Sin Registro,Solo Daños,Choque,Reverso imprudente,Diagonal 42 B Transversal 27 A,Sin Registro,Urbana,
2161511,06/20/2016,9:00 p.m.,Lunes,Camioneta,Particular,Conductor,Masculino,No,Sin Registro,Solo Daños,Choque,Reverso imprudente,Diagonal 42 B Transversal 27 A,Sin Registro,Urbana,
2161526,06/20/2016,10:50 p.m.,Lunes,Motocicleta,Particular,Motociclista,Masculino,No,Sin Registro,Herido,Choque,Otra,Calle 25 A Sur Carrera 43 A,Avenida El Poblado,Urbana,"(6.181689385, -75.58241799)"
2161565,06/21/2016,6:50 a.m.,Martes,Automovil,Particular,Conductor,Femenino,No,Sin Registro,Solo Daños,Choque,Adelantar invadiendo carril de sentido contrario,Calle 36 D Sur Carrera 27 A,Vereda El Escobero,Urbana,"(6.164831751, -75.57423497)"
2161565,06/21/2016,6:50 a.m.,Martes,Automovil,Particular,Conductor,Femenino,No,Sin Registro,Solo Daños,Choque,Adelantar invadiendo carril de sentido contrario,Calle 36 D Sur Carrera 27 A,Vereda El Escobero,Urbana,"(6.164831751, -75.57423497)"
2161515,06/21/2016,7:30 a.m.,Martes,Campero,Particular,Conductor,Masculino,No,Sin Registro,Solo Daños,Choque,No respetar pelacion de interseccion o giros,Calle 22  Sur Carrera 40,Sin Registro,Urbana,"(6.18123897, -75.57675149)"
2161515,06/21/2016,7:30 a.m.,Martes,Motocicleta,Particular,Motociclista,Masculino,No,Sin Registro,Solo Daños,Choque,No respetar pelacion de interseccion o giros,Calle 22  Sur Carrera 40,Sin Registro,Urbana,"(6.18123897, -75.57675149)"
2161564,06/21/2016,10:50 a.m.,Martes,Camioneta,Publico,Conductor,Masculino,No,Sin Registro,Solo Daños,Choque,Otra,Calle 26  Sur Carrera 48,Las Vegas,Urbana,"(6.183423583, -75.58542895)"
2161564,06/21/2016,10:50 a.m.,Martes,Automovil,Particular,Conductor,Masculino,No,Sin Registro,Solo Daños,Choque,Otra,Calle 26  Sur Carrera 48,Las Vegas,Urbana,"(6.183423583, -75.58542895)"
2161528,06/21/2016,11:20 a.m.,Martes,Automovil,Publico,Conductor,Masculino,No,Sin Registro,Solo Daños,Choque,Adelantar en zona prohibida,Calle 27 D Sur Carrera 27,Sin Registro,Urbana,"(6.169224506, -75.57173816)"
2161528,06/21/2016,11:20 a.m.,Martes,Motocicleta,Particular,Motociclista,Masculino,No,Sin Registro,Solo Daños,Choque,Adelantar en zona prohibida,Calle 27 D Sur Carrera 27,Sin Registro,Urbana,"(6.169224506, -75.57173816)"