RADICADO,FECHA,HORA,DÍA DE LA SEMANA,CLASE DE VEHICULO,TIPO DE SERVICIO,TIPO DE VICTIMA,SEXO,ESTADO DE BEODEZ,RESULTADO DE BEODEZ,GRAVEDAD,CLASE DE ACCIDENTE,CAUSA,DIRECCIÓN,BARRIO,AREA,Coordenadas
2161514,06/21/2016,12:00 p.m.,Martes,Camioneta,Particular,Conductor,Femenino,No,Sin Registro,Solo Daños,Choque,No mantener distancia de seguridad,Calle 37  Sur Carrera 50,Las Vegas,Urbana,
2161514,06/21/2016,12:00 p.m.,Martes,Automovil,Particular,Conductor,Femenino,No,Sin Registro,Solo Daños,Choque,No mantener distancia de seguridad,Calle 37  Sur Carrera 50,Las Vegas,Urbana,
2161527,06/21/2016,12:45 p.m.,Martes,Motocicleta,Particular,Motociclista,Masculino,No,Sin Registro,Solo Daños,Choque,Adelantar invadiendo carril del mismo sentido en zigzag,Calle 30  Sur Carrera 48,Las Vegas,Urbana,"(6.180376127, -75.59028805)"
2161527,06/21/2016,12:45 p.m.,Martes,Motocicleta,Particular,Motociclista,Masculino,No,Sin Registro,Solo Daños,Choque,Adelantar invadiendo carril del mismo sentido en zigzag,Calle 30  Sur Carrera 48,Las Vegas,Urbana,"(6.180376127, -75.59028805)"
2161523,06/21/2016,1:00 p.m.,Martes,Camioneta,Particular,Conductor,Masculino,No,Sin Registro,Solo Daños,Choque,Desobedecer senales,Calle 33 B Sur Carrera 42,Zona Centro,Urbana,"(6.17255447, -75.58554957)"
2161523,06/21/2016,1:00 p.m.,Martes,Automovil,Particular,Conductor,Femenino,No,Sin Registro,Solo Daños,Choque,Desobedecer senales,Calle 33 B Sur Carrera 42,Zona Centro,Urbana,"(6.17255447, -75.58554957)"
2161530,06/21/2016,1:20 p.m.,Martes,Camioneta,Particular,Conductor,Masculino,No,Sin Registro,Solo Daños,Choque,No mantener distancia de seguridad,Calle 25  Sur Carrera 48,Las Vegas,Urbana,
2161530,06/21/2016,1:20 p.m.,Martes,Automovil,Particular,Conductor,Femenino,No,Sin Registro,Solo Daños,Choque,No mantener distancia de seguridad,Calle 25  Sur Carrera 48,Las Vegas,Urbana,
2161537,06/21/2016,3:30 p.m.,Martes,Automovil,Particular,Conductor,Femenino,No,Sin Registro,Solo Daños,Choque,No mantener distancia de seguridad,Tramo 372 Kilometro  6,Vereda Palmas,Rural,
2161537,06/21/2016,3:30 p.m.,Martes,Automovil,Publico,Conductor,Masculino,No,Sin Registro,Solo Daños,Choque,No mantener distancia de seguridad,Tramo 372 Kilometro  6,Vereda Palmas,Rural,
2161536,06/21/2016,5:20 p.m.,Martes,Automovil,Particular,Conductor,Femenino,No,Sin Registro,Solo Daños,Choque,No mantener distancia de seguridad,Calle 27 D Sur Carrera 27,Sin Registro,Urbana,"(6.169224506, -75.57173816)"
2161536,06/21/2016,5:20 p.m.,Martes,Campero,Particular,Conductor,Masculino,No,Sin Registro,Solo Daños,Choque,No mantener distancia de seguridad,Calle 27 D Sur Carrera 27,Sin Registro,Urbana,"(6.169224506, -75.57173816)"
2161536,06/21/2016,5:20 p.m.,Martes,Automovil,Particular,Conductor,Femenino,No,Sin Registro,Solo Daños,Choque,No mantener distancia de seguridad,Calle 27 D Sur Carrera 27,Sin Registro,Urbana,"(6.169224506, -75.57173816)"
2161568,06/21/2016,6:00 p.m.,Martes,Campero,Diplomatico,Conductor,Masculino,No,Sin Registro,Solo Daños,Choque,Desobedecer al agente,Calle 38  Sur Carrera 48,Las Vegas,Urbana,
2161568,06/21/2016,6:00 p.m.,Martes,Camioneta,Particular,Conductor,Femenino,No,Sin Registro,Solo Daños,Choque,Desobedecer al agente,Calle 38  Sur Carrera 48,Las Vegas,Urbana,
2161533,06/21/2016,8:40 p.m.,Martes,Automovil,Particular,Conductor,Femenino,No,Sin Registro,Solo Daños,Choque,Otra,Calle 39 A Sur Carrera 46 A,Alcala,Urbana,"(6.17033374, -75.59376252)"
2161520,06/22/2016,6:50 a.m.,Miércoles,Sin Registro,Publico,Conductor,Masculino,No,Sin Registro,Solo Daños,Choque,Otra,Calle 47  Sur Carrera 50,Las Vegas,Urbana,
2161520,06/22/2016,6:50 a.m.,Miércoles,Automovil,Particular,Conductor,Femenino,No,Sin Registro,Solo Daños,Choque,Otra,Calle 47  Sur Carrera 50,Las Vegas,Urbana,
2161520,06/22/2016,6:50 a.m.,Miércoles,Buseta,Publico,Conductor,Masculino,No,Sin Registro,Solo Daños,Choque,Otra,Calle 47  Sur Carrera 50,Las Vegas,Urbana,
2161525,06/22/2016,8:30 a.m.,Miércoles,Campero,Oficial,Conductor,Masculino,No,Sin Registro,Herido,Choque,Otra,Calle 32 B Sur Carrera 48,Las Vegas,Urbana,"(6.177255701, -75.59003137)"
2161525,06/22/2016,8:30 a.m.,Miércoles,Motocicleta,Particular,Motociclista,Femenino,No,Sin Registro,Herido,Choque,Otra,Calle 32 B Sur Carrera 48,Las Vegas,Urbana,"(6.177255701, -75.59003137)"
2161581,06/22/2016,8:30 a.m.,Miércoles,Camion,Publico,Conductor,Masculino,No,Sin Registro,Solo Daños,Choque,Estacionar sin seguridad,Calle 40 B Sur Carrera 26,La Mina,Urbana,"(6.157341539, -75.58151709)"
2161518,06/22/2016,9:10 a.m.,Miércoles,Bus,Publico,Conductor,Masculino,No,Sin Registro,Solo Daños,Choque,Reverso imprudente,Transversal 35  Sur Diagonal 27 F,Las Casitas,Urbana,"(6.169124713, -75.57731924)"
2161518,06/22/2016,9:10 a.m.,Miércoles,Automovil,Particular,Conductor,Masculino,No,Sin Registro,Solo Daños,Choque,Reverso imprudente,Transversal 35  Sur Diagonal 27 F,Las Casitas,Urbana,"(6.169124713, -75.57731924)"
2161562,06/22/2016,11:00 a.m.,Miércoles,Camioneta,Publico,Conductor,Masculino,No,Sin Registro,Solo Daños,Choque,Reverso imprudente,Calle 40 B Sur Carrera 37,Sin Registro,Urbana,"(6.164256506, -75.58642)"
2161562,06/22/2016,11:00 a.m.,Miércoles,Camioneta,Particular,Conductor,Masculino,No,Sin Registro,Solo Daños,Choque,Reverso imprudente,Calle 40 B Sur Carrera 37,Sin Registro,Urbana,"(6.164256506, -75.58642)"
2161574,06/22/2016,12:50 p.m.,Miércoles,Automovil,Particular,Conductor,Masculino,No,Sin Registro,Solo Daños,Choque,Otra,Calle 45  Sur Carrera 42 B,La Paz,Urbana,"(6.163744297, -75.59313788)"
2161574,06/22/2016,12:50 p.m.,Miércoles,Automovil,Particular,Conductor,Masculino,No,Sin Registro,Solo Daños,Choque,Otra,Calle 45  Sur Carrera 42 B,La Paz,Urbana,"(6.163744297, -75.59313788)"
2161517,06/22/2016,1:20 p.m.,Miércoles,Automovil,Publico,Conductor,Masculino,No,Sin Registro,Solo Daños,Choque,No mantener distancia de seguridad,Calle 41 B Sur Carrera 43 A,Sin Registro,Urbana,"(6.166600677, -75.59325766)"
2161517,06/22/2016,1:20 p.m.,Miércoles,Bus,Publico,Conductor,Masculino,No,Sin Registro,Solo Daños,Choque,No mantener distancia de seguridad,Calle 41 B Sur Carrera 43 A,Sin Registro,Urbana,"(6.166600677, -75.59325766)"
2161531,06/22/2016,2:30 p.m.,Miércoles,Automovil,Particular,Conductor,Femenino,No,Sin Registro,Herido,Choque,Otra,Calle 39 B Sur Carrera 48,Alcala,Urbana,"(6.170162601, -75.59457554)"
2161531,06/22/2016,2:30 p.m.,Miércoles,Motocicleta,Particular,Motociclista,Masculino,No,Sin Registro,Herido,Choque,Otra,Calle 39 B Sur Carrera 48,Alcala,Urbana,"(6.170162601, -75.59457554)"
2161522,06/22/2016,3:35 p.m.,Miércoles,Camioneta,Particular,Conductor,Masculino,No,Sin Registro,Herido,Choque,Otra,Calle 38 A Sur Carrera 40,Zona Centro,Urbana,"(6.168097144, -75.58630781)"
2161522,06/22/2016,3:35 p.m.,Miércoles,Motocicleta,Particular,Motociclista,Femenino,No,Sin Registro,Herido,Choque,Otra,Calle 38 A Sur Carrera 40,Zona Centro,Urbana,"(6.168097144, -75.58630781)"
2161524,06/22/2016,4:35 p.m.,Miércoles,Camioneta,Particular,Conductor,Masculino,No,Sin Registro,Herido,Choque,Otra,Tramo 371 Kilometro  1,Vereda El Escobero,Rural,
2161524,06/22/2016,4:35 p.m.,Miércoles,Bicicleta,Particular,Ciclista,Masculino,No,Sin Registro,Herido,Choque,Otra,Tramo 371 Kilometro  1,Vereda El Escobero,Rural,
2161539,06/22/2016,5:00 p.m.,Miércoles,Camion,Publico,Conductor,Masculino,No,Sin Registro,Solo Daños,Choque,Estacionar sin seguridad,Calle 41  Sur Carrera 24,La Mina,Urbana,"(6.152747542, -75.5844482)"
2161539,06/22/2016,5:00 p.m.,Miércoles,Motocicleta,Particular,Motociclista,Masculino,No,Sin Registro,Solo Daños,Choque,Estacionar sin seguridad,Calle 41  Sur Carrera 24,La Mina,Urbana,"(6.152747542, -75.5844482)"
2161539,06/22/2016,5:00 p.m.,Miércoles,Motocicleta,Particular,Motociclista,Masculino,No,Sin Registro,Solo Daños,Choque,Estacionar sin seguridad,Calle 41  Sur Carrera 24,La Mina,Urbana,"(6.152747542, -75.5844482)"
2161560,06/22/2016,5:45 p.m.,Miércoles,Automovil,Particular,Conductor,Masculino,No,Sin Registro,Solo Daños,Choque,Otra,Calle 30  Sur Carrera 50,Las Vegas,Urbana,
2161560,06/22/2016,5:45 p.m.,Miércoles,Motocicleta,Particular,Motociclista,Masculino,No,Sin Registro,Solo Daños,Choque,Otra,Calle 30  Sur Carrera 50,Las Vegas,Urbana,
2161541,06/23/2016,6:20 a.m.,Jueves,Campero,Particular,Conductor,Femenino,No,Sin Registro,Solo Daños,Choque,No mantener distancia de seguridad,Carrera 48 Calle 30  Sur,Las Vegas,Urbana,"(6.179366643, -75.5880841)"
2161541,06/23/2016,6:20 a.m.,Jueves,Camioneta,Publico,Conductor,Masculino,No,Sin Registro,Solo Daños,Choque,No mantener distancia de seguridad,Carrera 48 Calle 30  Sur,Las Vegas,Urbana,"(6.179366643, -75.5880841)"
2161557,06/23/2016,7:10 a.m.,Jueves,Automovil,Particular,Conductor,Masculino,No,Sin Registro,Solo Daños,Choque,No mantener distancia de seguridad,Calle 25  Sur Carrera 43 A,Zuñiga,Urbana,"(6.181560189, -75.58201649)"
2161557,06/23/2016,7:10 a.m.,Jueves,Camioneta,Particular,Conductor,Femenino,No,Sin Registro,Solo Daños,Choque,No mantener distancia de seguridad,Calle 25  Sur Carrera 43 A,Zuñiga,Urbana,"(6.181560189, -75.58201649)"
2161521,06/23/2016,7:30 a.m.,Jueves,Automovil,Particular,Conductor,Femenino,No,Sin Registro,Solo Daños,Volcamiento,Exceso de velocidad,Tramo 371 Kilometro  11,Vereda El Escobero,Rural,
2161569,06/23/2016,12:00 p.m.,Jueves,Automovil,Publico,Conductor,Masculino,No,Sin Registro,Solo Daños,Choque,No mantener distancia de seguridad,Calle 37  Sur Carrera 41,Zona Centro,Urbana,"(6.169855492, -75.58619601)"
2161569,06/23/2016,12:00 p.m.,Jueves,Camioneta,Particular,Conductor,Masculino,No,Sin Registro,Solo Daños,Choque,No mantener distancia de seguridad,Calle 37  Sur Carrera 41,Zona Centro,Urbana,"(6.169855492, -75.58619601)"
2161570,06/23/2016,12:00 p.m.,Jueves,Camion,Publico,Conductor,Masculino,No,Sin Registro,Solo Daños,Choque,Otra,Calle 32 B Sur Carrera 48,Las Vegas,Urbana,"(6.177255701, -75.59003137)"
2161570,06/23/2016,12:00 p.m.,Jueves,Camioneta,Particular,Conductor,Masculino,No,Sin Registro,Solo Daños,Choque,Otra,Calle 32 B Sur Carrera 48,Las Vegas,Urbana,"(6.177255701, -75.59003137)"
2161543,06/23/2016,2:20 p.m.,Jueves,Camioneta,Particular,Conductor,Femenino,No,Sin Registro,Herido,Choque,Otra,Calle 49  Sur Carrera 50,Las Vegas,Urbana,
2161543,06/23/2016,2:20 p.m.,Jueves,Motocicleta,Particular,Motociclista,Masculino,No,Sin Registro,Herido,Choque,Otra,Calle 49  Sur Carrera 50,Las Vegas,Urbana,
2161550,06/23/2016,3:50 p.m.,Jueves,Motocicleta,Particular,Motociclista,Masculino,No,Sin Registro,Herido,Caida Ocupante,Otra,Calle 36  Sur Carrera 50,Las Vegas,Urbana,
2161538,06/23/2016,4:17 p.m.,Jueves,Camioneta,Particular,Conductor,Masculino,No,Sin Registro,Solo Daños,Choque,Otra,Calle 39  Sur Carrera 27,Sin Registro,Urbana,"(6.159217585, -75.57883462)"
2161538,06/23/2016,4:17 p.m.,Jueves,Motocicleta,Particular,Motociclista,Masculino,No,Sin Registro,Solo Daños,Choque,Otra,Calle 39  Sur Carrera 27,Sin Registro,Urbana,"(6.159217585, -75.57883462)"
2161534,06/23/2016,4:20 p.m.,Jueves,Automovil,Particular,Conductor,Masculino,No,Sin Registro,Herido,Choque,Otra,Calle 39  Sur Carrera 50,Las Vegas,Urbana,
2161534,06/23/2016,4:20 p.m.,Jueves,Automovil,Particular,Conductor,Masculino,No,Sin Registro,Herido,Choque,Otra,Calle 39  Sur Carrera 50,Las Vegas,Urbana,
2161542,06/23/2016,6:00 p.m.,Jueves,Automovil,Particular,Conductor,Femenino,No,Sin Registro,Herido,Choque,Otra,Tramo 372 Kilometro  10,Vereda Palmas,Rural,
2161542,06/23/2016,6:00 p.m.,Jueves,Automovil,Particular,Conductor,Masculino,No,Sin Registro,Herido,Choque,Otra,Tramo 372 Kilometro  10,Vereda Palmas,Rural,
2161584,06/23/2016,6:10 p.m.,Jueves,Automovil,Particular,Conductor,Femenino,No,Sin Registro,Solo Daños,Choque,Reverso imprudente,Calle 41 B Sur Carrera 34,Sin Registro,Urbana,"(6.16121571, -75.58776935)"
2161584,06/23/2016,6:10 p.m.,Jueves,Camioneta,Oficial,Conductor,Masculino,No,Sin Registro,Solo Daños,Choque,Reverso imprudente,Calle 41 B Sur Carrera 34,Sin Registro,Urbana,"(6.16121571, -75.58776935)"
2161583,06/23/2016,6:30 p.m.,Jueves,Camion,Publico,Conductor,Masculino,No,Sin Registro,Solo Daños,Choque,Otra,Calle 37  Sur Carrera 48,Glorieta Exito,Urbana,"(6.17412211, -75.59306111)"
2161583,06/23/2016,6:30 p.m.,Jueves,Automovil,Particular,Conductor,Masculino,No,Sin Registro,Solo Daños,Choque,Otra,Calle 37  Sur Carrera 48,Glorieta Exito,Urbana,"(6.17412211, -75.59306111)"
2161561,06/23/2016,7:40 p.m.,Jueves,Motocicleta,Particular,Motociclista,Masculino,No,Sin Registro,Solo Daños,Choque,Otra,Calle 36  Sur Carrera 43 A,Zona Centro,Urbana,"(6.171868319, -75.58774823)"
2161561,06/23/2016,7:40 p.m.,Jueves,Motocicleta,Particular,Motociclista,Masculino,No,Sin Registro,Solo Daños,Choque,Otra,Calle 36  Sur Carrera 43 A,Zona Centro,Urbana,"(6.171868319, -75.58774823)"
2161532,06/23/2016,8:40 p.m.,Jueves,Motocicleta,Particular,Motociclista,Masculino,No,Sin Registro,Muerto,Atropello,Cruzar sin observar,Calle 32 B Sur Carrera 50,Las Vegas,Urbana,
2161535,06/23/2016,11:42 p.m.,Jueves,Automovil,Particular,Conductor,Masculino,No,Sin Registro,Solo Daños,Choque,Desobedecer senales,Transversal 34 D Sur Diagonal 31 E,Los Naranjos,Urbana,"(6.172106631, -75.57927512)"
2161535,06/23/2016,11:42 p.m.,Jueves,Automovil,Particular,Conductor,Femenino,No,Sin Registro,Solo Daños,Choque,Desobedecer senales,Transversal 34 D Sur Diagonal 31 E,Los Naranjos,Urbana,"(6.172106631, -75.57927512)"
2161555,06/24/2016,6:40 a.m.,Viernes,Automovil,Particular,Conductor,Femenino,No,Sin Registro,Solo Daños,Choque,Otra,Diagonal 32 D Transversal 33  Sur,La Magnolia,Urbana,"(6.174101275, -75.58360607)"
2161555,06/24/2016,6:40 a.m.,Viernes,Motocicleta,Particular,Motociclista,Masculino,No,Sin Registro,Solo Daños,Choque,Otra,Diagonal 32 D Transversal 33  Sur,La Magnolia,Urbana,"(6.174101275, -75.58360607)"
2161552,06/24/2016,2:20 p.m.,Viernes,Motocicleta,Particular,Motociclista,Masculino,No,Sin Registro,Solo Daños,Choque,Otra,Carrera 42 A Calle 46 E Sur,El Trianon,Urbana,"(6.161118422, -75.59446966)"
2161552,06/24/2016,2:20 p.m.,Viernes,Automovil,Particular,Conductor,Femenino,No,Sin Registro,Solo Daños,Choque,Otra,Carrera 42 A Calle 46 E Sur,El Trianon,Urbana,"(6.161118422, -75.59446966)"
2161545,06/24/2016,4:35 p.m.,Viernes,Automovil,Particular,Conductor,Masculino,No,Sin Registro,Solo Daños,Choque,Fallas en el sistema electrico,Calle 39  Sur Carrera 44,Alcala,Urbana,"(6.169314183, -75.5901252)"
2161545,06/24/2016,4:35 p.m.,Viernes,Automovil,Particular,Conductor,Masculino,No,Sin Registro,Solo Daños,Choque,Fallas en el sistema electrico,Calle 39  Sur Carrera 44,Alcala,Urbana,"(6.169314183, -75.5901252)"
2161545,06/24/2016,4:35 p.m.,Viernes,Automovil,Particular,Conductor,Masculino,No,Sin Registro,Solo Daños,Choque,Fallas en el sistema electrico,Calle 39  Sur Carrera 44,Alcala,Urbana,"(6.169314183, -75.5901252)"
2161545,06/24/2016,4:35 p.m.,Viernes,Motocicleta,Particular,Motociclista,Masculino,No,Sin Registro,Solo Daños,Choque,Fallas en el sistema electrico,Calle 39  Sur Carrera 44,Alcala,Urbana,"(6.169314183, -75.5901252)"
2161559,06/24/2016,6:50 p.m.,Viernes,Motocicleta,Particular,Motociclista,Masculino,No,Sin Registro,Solo Daños,Choque,Exceso de velocidad,Calle 36 D Sur Carrera 26 A,Vereda El Escobero,Urbana,"(6.161435642, -75.56848949)"
2161559,06/24/2016,6:50 p.m.,Viernes,Automovil,Particular,Conductor,Masculino,No,Sin Registro,Solo Daños,Choque,Exceso de velocidad,Calle 36 D Sur Carrera 26 A,Vereda El Escobero,Urbana,"(6.161435642, -75.56848949)"
2161540,06/24/2016,10:00 p.m.,Viernes,Motocicleta,Particular,Motociclista,Masculino,No,Sin Registro,Solo Daños,Choque,Adelantar invadiendo carril del mismo sentido en zigzag,Calle 50  Sur Carrera 48,Sin Registro,Urbana,
2161540,06/24/2016,10:00 p.m.,Viernes,Automovil,Particular,Conductor,Masculino,No,Sin Registro,Solo Daños,Choque,Adelantar invadiendo carril del mismo sentido en zigzag,Calle 50  Sur Carrera 48,Sin Registro,Urbana,
2161546,06/24/2016,10:05 p.m.,Viernes,Automovil,Publico,Conductor,Masculino,No,Sin Registro,Herido,Choque,Otra,Calle 37  Sur Carrera 39,Zona Centro,Urbana,"(6.169035546, -75.58484755)"
2161546,06/24/2016,10:05 p.m.,Viernes,Motocicleta,Particular,Motociclista,Masculino,No,Sin Registro,Herido,Choque,Otra,Calle 37  Sur Carrera 39,Zona Centro,Urbana,"(6.169035546, -75.58484755)"
2161546,06/24/2016,10:05 p.m.,Viernes,Motocicleta,Particular,Motociclista,Masculino,No,Sin Registro,Herido,Choque,Otra,Calle 37  Sur Carrera 39,Zona Centro,Urbana,"(6.169035546, -75.58484755)"
2161546,06/24/2016,10:05 p.m.,Viernes,Motocicleta,Particular,Motociclista,Masculino,No,Sin Registro,Herido,Choque,Otra,Calle 37  Sur Carrera 39,Zona Centro,Urbana,"(6.169035546, -75.58484755)"
2161547,06/24/2016,11:00 p.m.,Viernes,Automovil,Particular,Conductor,Masculino,No,Sin Registro,Solo Daños,Choque,No mantener distancia de seguridad,Carrera 47 Calle 36 A Sur,Sin Registro,Urbana,
2161547,06/24/2016,11:00 p.m.,Viernes,Campero,Particular,Conductor,Masculino,No,Sin Registro,Solo Daños,Choque,No mantener distancia de seguridad,Carrera 47 Calle 36 A Sur,Sin Registro,Urbana,
2161551,06/24/2016,11:30 p.m.,Viernes,Motocicleta,Particular,Motociclista,Masculino,No,Sin Registro,Herido,Choque,Otra,Tramo 181 Kilometro  7,Sin Registro,Rural,
2161551,06/24/2016,11:30 p.m.,Viernes,Motocicleta,Particular,Motociclista,Masculino,No,Sin Registro,Herido,Choque,Otra,Tramo 181 Kilometro  7,Sin Registro,Rural,
2161544,06/25/2016,12:15 a.m.,Sábado,Automovil,Particular,Conductor,Femenino,No,Sin Registro,Solo Daños,Choque,No mantener distancia de seguridad,Calle 50  Sur Carrera 43 A,Las Casitas,Urbana,
2161544,06/25/2016,12:15 a.m.,Sábado,Automovil,Publico,Conductor,Masculino,No,Sin Registro,Solo Daños,Choque,No mantener distancia de seguridad,Calle 50  Sur Carrera 43 A,Las Casitas,Urbana,
2161554,06/25/2016,7:45 a.m.,Sábado,Microbus,Publico,Conductor,Masculino,No,Sin Registro,Herido,Choque,Otra,Calle 38 A Sur Carrera 43 A,Zona Centro,Urbana,"(6.169807343, -75.58912536)"
2161554,06/25/2016,7:45 a.m.,Sábado,Motocicleta,Particular,Motociclista,Masculino,No,Sin Registro,Herido,Choque,Otra,Calle 38 A Sur Carrera 43 A,Zona Centro,Urbana,"(6.169807343, -75.58912536)"
2161563,06/25/2016,10:10 a.m.,Sábado,Automovil,Particular,Conductor,Masculino,No,Sin Registro,Solo Daños,Choque,Otra,Calle 37  Sur Carrera 50,Las Vegas,Urbana,
2161563,06/25/2016,10:10 a.m.,Sábado,Automovil,Particular,Conductor,Masculino,No,Sin Registro,Solo Daños,Choque,Otra,Calle 37  Sur Carrera 50,Las Vegas,Urbana,
2161558,06/25/2016,10:50 a.m.,Sábado,Microbus,Publico,Conductor,Masculino,No,Sin Registro,Herido,Choque,Otra,Calle 38 A Sur Carrera 21,Mesa,Urbana,
2161558,06/25/2016,10:50 a.m.,Sábado,Bus,Publico,Conductor,Masculino,No,Sin Registro,Herido,Choque,Otra,Calle 38 A Sur Carrera 21,Mesa,Urbana,
2161567,06/25/2016,10:50 a.m.,Sábado,Automovil,Particular,Conductor,Masculino,No,Sin Registro,Solo Daños,Choque,Otra,Calle 34  Sur Carrera 48,Alcala,Urbana,
2161567,06/25/2016,10:50 a.m.,Sábado,Automovil,Particular,Conductor,Masculino,No,Sin Registro,Solo Daños,Choque,Otra,Calle 34  Sur Carrera 48,Alcala,Urbana,
2161549,06/25/2016,3:10 p.m.,Sábado,Camioneta,Particular,Conductor,Masculino,No,Sin Registro,Solo Daños,Choque,Adelantar invadiendo carril del mismo sentido en zigzag,Calle 33 B Sur Carrera 48,Las Vegas,Urbana,"(6.172981087, -75.58607623)"
2161549,06/25/2016,3:10 p.m.,Sábado,Automovil,Particular,Conductor,Masculino,No,Sin Registro,Solo Daños,Choque,Adelantar invadiendo carril del mismo sentido en zigzag,Calle 33 B Sur Carrera 48,Las Vegas,Urbana,"(6.172981087, -75.58607623)"
2161548,06/25/2016,10:00 p.m.,Sábado,Automovil,Publico,Conductor,Masculino,No,Sin Registro,Solo Daños,Choque,No mantener distancia de seguridad,Calle 21  Sur Carrera 43 A,Avenida El Poblado,Urbana,"(6.18399286, -75.57959764)"
2161548,06/25/2016,10:00 p.m.,Sábado,Automovil,Particular,Conductor,Masculino,No,Sin Registro,Solo Daños,Choque,No mantener distancia de seguridad,Calle 21  Sur Carrera 43 A,Avenida El Poblado,Urbana,"(6.18399286, -75.57959764)"
2161553,06/26/2016,12:55 p.m.,Domingo,Bus,Publico,Conductor,Masculino,No,Sin Registro,Solo Daños,Choque,Otra,Calle 39  Sur Carrera 43 A,Zona Centro,Urbana,"(6.169120914, -75.58953036)"
2161553,06/26/2016,12:55 p.m.,Domingo,Automovil,Particular,Conductor,Femenino,No,Sin Registro,Solo Daños,Choque,Otra,Calle 39  Sur Carrera 43 A,Zona Centro,Urbana,"(6.169120914, -75.58953036)"
2161556,06/26/2016,2:00 p.m.,Domingo,Automovil,Particular,Conductor,Masculino,No,Sin Registro,Solo Daños,Choque,Reverso imprudente,Carrera 40 Calle 38 A Sur,Zona Centro,Urbana,"(6.167977811, -75.5862794)"
2161556,06/26/2016,2:00 p.m.,Domingo,Automovil,Particular,Conductor,Masculino,No,Sin Registro,Solo Daños,Choque,Reverso imprudente,Carrera 40 Calle 38 A Sur,Zona Centro,Urbana,"(6.167977811, -75.5862794)"
2161566,06/26/2016,4:00 p.m.,Domingo,Automovil,Publico,Conductor,Masculino,No,Sin Registro,Solo Daños,Choque,Otra,Calle 40 F Sur Carrera 24 B,La Mina,Urbana,"(6.156115722, -75.58240747)"
2161566,06/26/2016,4:00 p.m.,Domingo,Automovil,Particular,Conductor,Masculino,No,Sin Registro,Solo Daños,Choque,Otra,Calle 40 F Sur Carrera 24 B,La Mina,Urbana,"(6.156115722, -75.58240747)"
2161576,06/26/2016,7:00 p.m.,Domingo,Automovil,Particular,Conductor,Masculino,No,Sin Registro,Solo Daños,Choque,Otra,Calle 36  Sur Carrera 27 A,Vereda El Escobero,Urbana,"(6.167592229, -75.57065459)"
2161576,06/26/2016,7:00 p.m.,Domingo,Automovil,Particular,Conductor,Masculino,No,Sin Registro,Solo Daños,Choque,Otra,Calle 36  Sur Carrera 27 A,Vereda El Escobero,Urbana,"(6.167592229, -75.57065459)"
2161578,06/27/2016,6:30 a.m.,Lunes,Automovil,Particular,Conductor,Masculino,No,Sin Registro,Solo Daños,Choque,Otra,Calle 19  Sur Carrera 48,Las Vegas,Urbana,
2161578,06/27/2016,6:30 a.m.,Lunes,Automovil,Particular,Conductor,Femenino,No,Sin Registro,Solo Daños,Choque,Otra,Calle 19  Sur Carrera 48,Las Vegas,Urbana,
2161582,06/27/2016,6:50 a.m.,Lunes,Motocicleta,Particular,Motociclista,Masculino,No,Sin Registro,Solo Daños,Choque,Otra,Calle 46 A Sur Carrera 50,Las Vegas,Urbana,
2161582,06/27/2016,6:50 a.m.,Lunes,Motocicleta,Particular,Motociclista,Masculino,No,Sin Registro,Solo Daños,Choque,Otra,Calle 46 A Sur Carrera 50,Las Vegas,Urbana,
2161582,06/27/2016,6:50 a.m.,Lunes,Automovil,Particular,Conductor,Masculino,No,Sin Registro,Solo Daños,Choque,Otra,Calle 46 A Sur Carrera 50,Las Vegas,Urbana,
2161575,06/27/2016,7:26 a.m.,Lunes,Camioneta,Publico,Conductor,Masculino,No,Sin Registro,Solo Daños,Choque,Otra,Calle 27  Sur Carrera 27 B,El Esmeraldal,Urbana,"(6.173240655, -75.56909801)"
2161575,06/27/2016,7:26 a.m.,Lunes,Automovil,Particular,Conductor,Femenino,No,Sin Registro,Solo Daños,Choque,Otra,Calle 27  Sur Carrera 27 B,El Esmeraldal,Urbana,"(6.173240655, -75.56909801)"
2161585,06/27/2016,12:10 p.m.,Lunes,Camioneta,Particular,Conductor,Masculino,No,Sin Registro,Solo Daños,Choque,No mantener distancia de seguridad,Calle 27  Sur Carrera 27,La Inmaculada,Urbana,"(6.17243521, -75.56787192)"
2161585,06/27/2016,12:10 p.m.,Lunes,Camioneta,Particular,Conductor,Femenino,No,Sin Registro,Solo Daños,Choque,No mantener distancia de seguridad,Calle 27  Sur Carrera 27,La Inmaculada,Urbana,"(6.17243521, -75.56787192)"
2161579,06/27/2016,3:30 p.m.,Lunes,Motocicleta,Particular,Motociclista,Masculino,No,Sin Registro,Herido,Choque,Otra,Diagonal 31 E Transversal 34 D Sur,Los Naranjos,Urbana,"(6.17201459, -75.57921611)"
2161579,06/27/2016,3:30 p.m.,Lunes,Automovil,Particular,Conductor,Femenino,No,Sin Registro,Herido,Choque,Otra,Diagonal 31 E Transversal 34 D Sur,Los Naranjos,Urbana,"(6.17201459, -75.57921611)"
2161580,06/27/2016,4:30 p.m.,Lunes,Automovil,Particular,Conductor,Femenino,No,Sin Registro,Solo Daños,Choque,Otra,Diagonal 31 Transversal 32 A Sur,La Magnolia,Urbana,"(6.174681134, -75.57847104)"
2161580,06/27/2016,4:30 p.m.,Lunes,Automovil,Publico,Conductor,Masculino,No,Sin Registro,Solo Daños,Choque,Otra,Diagonal 31 Transversal 32 A Sur,La Magnolia,Urbana,"(6.174681134, -75.57847104)"
2161572,06/27/2016,4:50 p.m.,Lunes,Motocicleta,Particular,Motociclista,Masculino,No,Sin Registro,Herido,Atropello,Otra,Calle 36  Sur Carrera 43,Zona Centro,Urbana,"(6.171434076, -75.58704007)"