RADICADO,FECHA,HORA,DÍA DE LA SEMANA,CLASE DE VEHICULO,TIPO DE SERVICIO,TIPO DE VICTIMA,SEXO,ESTADO DE BEODEZ,RESULTADO DE BEODEZ,GRAVEDAD,CLASE DE ACCIDENTE,CAUSA,DIRECCIÓN,BARRIO,AREA,Coordenadas
2161573,06/27/2016,6:30 p.m.,Lunes,Motocicleta,Particular,Motociclista,Masculino,No,Sin Registro,Solo Daños,Choque,Otra,Calle 27  Sur Carrera 28,El Esmeraldal,Urbana,"(6.175346318, -75.5745834)"
2161573,06/27/2016,6:30 p.m.,Lunes,Motocicleta,Particular,Motociclista,Masculino,No,Sin Registro,Solo Daños,Choque,Otra,Calle 27  Sur Carrera 28,El Esmeraldal,Urbana,"(6.175346318, -75.5745834)"
2161571,06/27/2016,10:42 p.m.,Lunes,Motocicleta,Particular,Motociclista,Masculino,No,Sin Registro,Herido,Choque,Otra,Calle 39  Sur Carrera 46 A,Alcala,Urbana,"(6.170846461, -75.59272526)"
2161571,06/27/2016,10:42 p.m.,Lunes,Motocicleta,Particular,Motociclista,Masculino,No,Sin Registro,Herido,Choque,Otra,Calle 39  Sur Carrera 46 A,Alcala,Urbana,"(6.170846461, -75.59272526)"
2161613,06/28/2016,6:40 a.m.,Martes,Campero,Particular,Conductor,Femenino,No,Sin Registro,Solo Daños,Choque,Otra,Tramo 377 Kilometro  1,Vereda La Esperanza,Rural,
2161613,06/28/2016,6:40 a.m.,Martes,Automovil,Publico,Conductor,Masculino,No,Sin Registro,Solo Daños,Choque,Otra,Tramo 377 Kilometro  1,Vereda La Esperanza,Rural,
2161577,06/28/2016,9:25 a.m.,Martes,Motocicleta,Particular,Motociclista,Masculino,No,Sin Registro,Herido,Caida Ocupante,Otra,Calle 36 D Sur Carrera 27 D,Vereda El Escobero,Urbana,"(6.164970853, -75.57463727)"
2161593,06/28/2016,9:34 a.m.,Martes,Motocicleta,Particular,Motociclista,Masculino,No,Sin Registro,Solo Daños,Choque,No mantener distancia de seguridad,Diagonal 31 Transversal 32 D Sur,Las Flores,Urbana,"(6.17448507, -75.57869593)"
2161593,06/28/2016,9:34 a.m.,Martes,Automovil,Particular,Conductor,Masculino,No,Sin Registro,Solo Daños,Choque,No mantener distancia de seguridad,Diagonal 31 Transversal 32 D Sur,Las Flores,Urbana,"(6.17448507, -75.57869593)"
2161597,06/28/2016,11:00 a.m.,Martes,Automovil,Particular,Conductor,Femenino,No,Sin Registro,Herido,Choque,Otra,Diagonal 33 Transversal 33,La Magnolia,Urbana,"(6.173879308, -75.58428383)"
2161597,06/28/2016,11:00 a.m.,Martes,Motocicleta,Particular,Motociclista,Masculino,No,Sin Registro,Herido,Choque,Otra,Diagonal 33 Transversal 33,La Magnolia,Urbana,"(6.173879308, -75.58428383)"
2161598,06/28/2016,2:15 p.m.,Martes,Motocicleta,Particular,Motociclista,Masculino,No,Sin Registro,Herido,Choque,Otra,Calle 39  Sur Carrera 25,Sin Registro,Urbana,"(6.157563812, -75.57922413)"
2161598,06/28/2016,2:15 p.m.,Martes,Camioneta,Particular,Conductor,Masculino,No,Sin Registro,Herido,Choque,Otra,Calle 39  Sur Carrera 25,Sin Registro,Urbana,"(6.157563812, -75.57922413)"
2161586,06/28/2016,6:00 p.m.,Martes,Motocicleta,Particular,Motociclista,Masculino,No,Sin Registro,Herido,Atropello,Otra,Calle 40 C Sur Carrera 29,La Mina,Urbana,"(6.160404351, -75.58251503)"
2161589,06/28/2016,6:15 p.m.,Martes,Automovil,Publico,Conductor,Masculino,No,Sin Registro,Solo Daños,Choque,No mantener distancia de seguridad,Calle 25 A Sur Carrera 43 A,Villa Grande,Urbana,"(6.181689385, -75.58241799)"
2161624,01/07/2016,5:50 p.m.,Viernes,Automovil,Particular,Conductor,Masculino,No,Sin Registro,Solo Daños,Choque,Otra,Calle 38  Sur Carrera 46,Alcala,Urbana,"(6.171966643, -75.59136974)"
2161589,06/28/2016,6:15 p.m.,Martes,Motocicleta,Particular,Motociclista,Masculino,No,Sin Registro,Solo Daños,Choque,No mantener distancia de seguridad,Calle 25 A Sur Carrera 43 A,Villa Grande,Urbana,"(6.181689385, -75.58241799)"
2161587,06/28/2016,6:30 p.m.,Martes,Motocicleta,Particular,Motociclista,Masculino,No,Sin Registro,Solo Daños,Choque,Otra,Calle 39 B Sur Carrera 30,San Jose,Urbana,"(6.16327841, -75.58191643)"
2161587,06/28/2016,6:30 p.m.,Martes,Campero,Particular,Conductor,Masculino,No,Sin Registro,Solo Daños,Choque,Otra,Calle 39 B Sur Carrera 30,San Jose,Urbana,"(6.16327841, -75.58191643)"
2161588,06/28/2016,9:10 p.m.,Martes,Camioneta,Particular,Conductor,Masculino,No,Sin Registro,Herido,Choque,Otra,Tramo 372 Kilometro  10,Vereda Palmas,Rural,
2161592,06/28/2016,9:20 p.m.,Martes,Automovil,Particular,Conductor,Femenino,No,Sin Registro,Solo Daños,Choque,Otra,Calle 25  Sur Carrera 44,Zuñiga,Urbana,"(6.182241808, -75.58147317)"
2161592,06/28/2016,9:20 p.m.,Martes,Bicicleta,Particular,Ciclista,Masculino,No,Sin Registro,Solo Daños,Choque,Otra,Calle 25  Sur Carrera 44,Zuñiga,Urbana,"(6.182241808, -75.58147317)"
2161596,06/29/2016,5:40 a.m.,Miércoles,Motocicleta,Particular,Motociclista,Masculino,No,Sin Registro,Solo Daños,Choque,Otra,Calle 40  Sur Carrera 25 B,El Salado,Urbana,"(6.155114269, -75.57896894)"
2161596,06/29/2016,5:40 a.m.,Miércoles,Automovil,Particular,Conductor,Femenino,No,Sin Registro,Solo Daños,Choque,Otra,Calle 40  Sur Carrera 25 B,El Salado,Urbana,"(6.155114269, -75.57896894)"
2161594,06/29/2016,7:00 a.m.,Miércoles,Bus,Publico,Conductor,Masculino,No,Sin Registro,Solo Daños,Choque,No mantener distancia de seguridad,Calle 39  Sur Carrera 41,Zona Centro,Urbana,"(6.167870042, -75.58744871)"
2161594,06/29/2016,7:00 a.m.,Miércoles,Automovil,Publico,Conductor,Masculino,No,Sin Registro,Solo Daños,Choque,No mantener distancia de seguridad,Calle 39  Sur Carrera 41,Zona Centro,Urbana,"(6.167870042, -75.58744871)"
2161608,06/29/2016,7:15 a.m.,Miércoles,Bus,Publico,Conductor,Masculino,No,Sin Registro,Solo Daños,Choque,No mantener distancia de seguridad,Calle 25 A Sur Carrera 43 A,Villa Grande,Urbana,"(6.181689385, -75.58241799)"
2161608,06/29/2016,7:15 a.m.,Miércoles,Automovil,Particular,Conductor,Femenino,No,Sin Registro,Solo Daños,Choque,No mantener distancia de seguridad,Calle 25 A Sur Carrera 43 A,Villa Grande,Urbana,"(6.181689385, -75.58241799)"
2161595,06/29/2016,10:00 a.m.,Miércoles,Automovil,Particular,Conductor,Masculino,No,Sin Registro,Solo Daños,Choque,No mantener distancia de seguridad,Calle 43  Sur Carrera 48,Sin Registro,Urbana,"(6.168592602, -75.597529)"
2161595,06/29/2016,10:00 a.m.,Miércoles,Automovil,Particular,Conductor,Masculino,No,Sin Registro,Solo Daños,Choque,No mantener distancia de seguridad,Calle 43  Sur Carrera 48,Sin Registro,Urbana,"(6.168592602, -75.597529)"
2161605,06/29/2016,10:10 a.m.,Miércoles,Automovil,Particular,Conductor,Femenino,No,Sin Registro,Solo Daños,Choque,Otra,Tramo 372 Kilometro  8,Vereda Palmas,Rural,
2161599,06/29/2016,11:25 a.m.,Miércoles,Automovil,Particular,Conductor,Masculino,No,Sin Registro,Solo Daños,Choque,Otra,Diagonal 32 D Transversal 32  Sur,La Magnolia,Urbana,"(6.175661946, -75.58418404)"
2161599,06/29/2016,11:25 a.m.,Miércoles,Motocicleta,Particular,Motociclista,Masculino,No,Sin Registro,Solo Daños,Choque,Otra,Diagonal 32 D Transversal 32  Sur,La Magnolia,Urbana,"(6.175661946, -75.58418404)"
2161599,06/29/2016,11:25 a.m.,Miércoles,Automovil,Particular,Conductor,Masculino,No,Sin Registro,Solo Daños,Choque,Otra,Diagonal 32 D Transversal 32  Sur,La Magnolia,Urbana,"(6.175661946, -75.58418404)"
2161603,06/29/2016,2:40 p.m.,Miércoles,Automovil,Particular,Conductor,Masculino,No,Sin Registro,Solo Daños,Choque,Otra,Calle 40 C Sur Carrera 29,San Jose,Urbana,"(6.160404351, -75.58251503)"
2161603,06/29/2016,2:40 p.m.,Miércoles,Motocicleta,Particular,Motociclista,Masculino,No,Sin Registro,Solo Daños,Choque,Otra,Calle 40 C Sur Carrera 29,San Jose,Urbana,"(6.160404351, -75.58251503)"
2161600,06/29/2016,4:25 p.m.,Miércoles,Automovil,Particular,Conductor,Masculino,No,Sin Registro,Solo Daños,Choque,Otra,Calle 31  Sur Carrera 48,Las Vegas,Urbana,
2161600,06/29/2016,4:25 p.m.,Miércoles,Automovil,Particular,Conductor,Masculino,No,Sin Registro,Solo Daños,Choque,Otra,Calle 31  Sur Carrera 48,Las Vegas,Urbana,
2161607,06/29/2016,5:40 p.m.,Miércoles,Bus,Publico,Conductor,Masculino,No,Sin Registro,Solo Daños,Choque,Otra,Calle 37  Sur Carrera 31,Mesa,Urbana,"(6.166120684, -75.58074061)"
2161607,06/29/2016,5:40 p.m.,Miércoles,Automovil,Particular,Conductor,Masculino,No,Sin Registro,Solo Daños,Choque,Otra,Calle 37  Sur Carrera 31,Mesa,Urbana,"(6.166120684, -75.58074061)"
2161602,06/29/2016,6:47 p.m.,Miércoles,Motocicleta,Particular,Motociclista,Masculino,No,Sin Registro,Herido,Choque,Reverso imprudente,Diagonal 30 Transversal 34 A,Manuel Uribe Angel,Urbana,"(6.173077967, -75.57771332)"
2161602,06/29/2016,6:47 p.m.,Miércoles,Motocicleta,Diplomatico,Motociclista,Femenino,No,Sin Registro,Herido,Choque,Reverso imprudente,Diagonal 30 Transversal 34 A,Manuel Uribe Angel,Urbana,"(6.173077967, -75.57771332)"
2161609,06/29/2016,8:00 p.m.,Miércoles,Automovil,Particular,Conductor,Masculino,No,Sin Registro,Solo Daños,Choque,Estacionar sin seguridad,Calle 36  Sur Carrera 27,La Inmaculada,Urbana,"(6.167154903, -75.56933697)"
2161609,06/29/2016,8:00 p.m.,Miércoles,Automovil,Particular,Conductor,Masculino,No,Sin Registro,Solo Daños,Choque,Estacionar sin seguridad,Calle 36  Sur Carrera 27,La Inmaculada,Urbana,"(6.167154903, -75.56933697)"
2161610,06/30/2016,7:15 a.m.,Jueves,Automovil,Particular,Conductor,Masculino,No,Sin Registro,Solo Daños,Choque,Otra,Calle 21  Sur Carrera 43,Sin Registro,Urbana,"(6.18399286, -75.57959764)"
2161610,06/30/2016,7:15 a.m.,Jueves,Motocicleta,Particular,Motociclista,Masculino,No,Sin Registro,Solo Daños,Choque,Otra,Calle 21  Sur Carrera 43,Sin Registro,Urbana,"(6.18399286, -75.57959764)"
2161612,06/30/2016,7:20 a.m.,Jueves,Motocicleta,Particular,Motociclista,Masculino,No,Sin Registro,Solo Daños,Choque,Otra,Calle 25 AA Sur Carrera 50,Las Vegas,Urbana,"(6.182478523, -75.58331336)"
2161612,06/30/2016,7:20 a.m.,Jueves,Motocicleta,Particular,Motociclista,Masculino,No,Sin Registro,Solo Daños,Choque,Otra,Calle 25 AA Sur Carrera 50,Las Vegas,Urbana,"(6.182478523, -75.58331336)"
2161612,06/30/2016,7:20 a.m.,Jueves,Automovil,Particular,Conductor,Femenino,No,Sin Registro,Solo Daños,Choque,Otra,Calle 25 AA Sur Carrera 50,Las Vegas,Urbana,"(6.182478523, -75.58331336)"
2161611,06/30/2016,8:00 a.m.,Jueves,Automovil,Publico,Conductor,Masculino,No,Sin Registro,Solo Daños,Choque,Otra,Calle 30  Sur Carrera 30,Jardines,Urbana,
2161611,06/30/2016,8:00 a.m.,Jueves,Automovil,Particular,Conductor,Femenino,No,Sin Registro,Solo Daños,Choque,Otra,Calle 30  Sur Carrera 30,Jardines,Urbana,
2161629,06/30/2016,10:00 a.m.,Jueves,Automovil,Particular,Conductor,Masculino,No,Sin Registro,Solo Daños,Choque,Otra,Calle 48  Sur Carrera 50,Las Vegas,Urbana,
2161629,06/30/2016,10:00 a.m.,Jueves,Camioneta,Particular,Conductor,Masculino,No,Sin Registro,Solo Daños,Choque,Otra,Calle 48  Sur Carrera 50,Las Vegas,Urbana,
2161629,06/30/2016,10:00 a.m.,Jueves,Camioneta,Particular,Conductor,Masculino,No,Sin Registro,Solo Daños,Choque,Otra,Calle 48  Sur Carrera 50,Las Vegas,Urbana,
2161629,06/30/2016,10:00 a.m.,Jueves,Automovil,Particular,Conductor,Masculino,No,Sin Registro,Solo Daños,Choque,Otra,Calle 48  Sur Carrera 50,Las Vegas,Urbana,
2161606,06/30/2016,11:00 a.m.,Jueves,Automovil,Particular,Conductor,Femenino,No,Sin Registro,Solo Daños,Choque,Otra,Calle 26  Sur Carrera 43 A,Sin Registro,Urbana,"(6.180841534, -75.58293815)"
2161606,06/30/2016,11:00 a.m.,Jueves,Camioneta,Particular,Conductor,Femenino,No,Sin Registro,Solo Daños,Choque,Otra,Calle 26  Sur Carrera 43 A,Sin Registro,Urbana,"(6.180841534, -75.58293815)"
2161616,06/30/2016,12:40 p.m.,Jueves,Microbus,Publico,Conductor,Masculino,No,Sin Registro,Solo Daños,Choque,Otra,Diagonal 40 Carrera 41,Obrero,Urbana,
2161616,06/30/2016,12:40 p.m.,Jueves,Automovil,Particular,Conductor,Masculino,No,Sin Registro,Solo Daños,Choque,Otra,Diagonal 40 Carrera 41,Obrero,Urbana,
2161648,06/30/2016,1:50 p.m.,Jueves,Microbus,Publico,Conductor,Masculino,No,Sin Registro,Solo Daños,Choque,Otra,Calle 37  Sur Carrera 48,Glorieta Exito,Urbana,"(6.17412211, -75.59306111)"
2161648,06/30/2016,1:50 p.m.,Jueves,Automovil,Particular,Conductor,Masculino,No,Sin Registro,Solo Daños,Choque,Otra,Calle 37  Sur Carrera 48,Glorieta Exito,Urbana,"(6.17412211, -75.59306111)"
2161650,06/30/2016,3:00 p.m.,Jueves,Buseta,Publico,Conductor,Masculino,No,Sin Registro,Solo Daños,Choque,Arrancar sin precaucion,Calle 40 B Sur Carrera 39 A,El Dorado,Urbana,"(6.165386968, -75.58718501)"
2161650,06/30/2016,3:00 p.m.,Jueves,Bus,Publico,Conductor,Masculino,No,Sin Registro,Solo Daños,Choque,Arrancar sin precaucion,Calle 40 B Sur Carrera 39 A,El Dorado,Urbana,"(6.165386968, -75.58718501)"
2161614,06/30/2016,8:20 p.m.,Jueves,Motocicleta,Diplomatico,Motociclista,Masculino,No,Sin Registro,Herido,Choque,Otra,Calle 41 AA Sur Carrera 39,Sin Registro,Urbana,"(6.15839206, -75.58495565)"
2161614,06/30/2016,8:20 p.m.,Jueves,Motocicleta,Particular,Motociclista,Masculino,No,Sin Registro,Herido,Choque,Otra,Calle 41 AA Sur Carrera 39,Sin Registro,Urbana,"(6.15839206, -75.58495565)"
2161626,06/30/2016,8:40 p.m.,Jueves,Automovil,Publico,Conductor,Masculino,No,Sin Registro,Solo Daños,Choque,Otra,Calle 38  Sur Carrera 35,Sin Registro,Urbana,"(6.167045877, -75.58316842)"
2161626,06/30/2016,8:40 p.m.,Jueves,Automovil,Particular,Conductor,Masculino,No,Sin Registro,Solo Daños,Choque,Otra,Calle 38  Sur Carrera 35,Sin Registro,Urbana,"(6.167045877, -75.58316842)"
2161604,01/07/2016,1:00 a.m.,Viernes,Automovil,Particular,Conductor,Masculino,No,Sin Registro,Solo Daños,Volcamiento,Exceso de velocidad,Calle 40 A Sur Carrera 24 B,La Mina,Urbana,"(6.151984005, -75.58064483)"
2161604,01/07/2016,1:00 a.m.,Viernes,Automovil,Particular,Conductor,Masculino,No,Sin Registro,Solo Daños,Volcamiento,Exceso de velocidad,Calle 40 A Sur Carrera 24 B,La Mina,Urbana,"(6.151984005, -75.58064483)"
2161604,01/07/2016,1:00 a.m.,Viernes,Automovil,Particular,Conductor,Masculino,No,Sin Registro,Solo Daños,Volcamiento,Exceso de velocidad,Calle 40 A Sur Carrera 24 B,La Mina,Urbana,"(6.151984005, -75.58064483)"
2161645,01/07/2016,5:30 a.m.,Viernes,Automovil,Publico,Conductor,Masculino,No,Sin Registro,Solo Daños,Choque,No mantener distancia de seguridad,Calle 26 A Sur Carrera 42 B,Las Orquideas,Urbana,"(6.177324883, -75.57942368)"
2161645,01/07/2016,5:30 a.m.,Viernes,Automovil,Particular,Conductor,Masculino,No,Sin Registro,Solo Daños,Choque,No mantener distancia de seguridad,Calle 26 A Sur Carrera 42 B,Las Orquideas,Urbana,"(6.177324883, -75.57942368)"
2161640,01/07/2016,7:00 a.m.,Viernes,Automovil,Particular,Conductor,Masculino,No,Sin Registro,Solo Daños,Choque,Otra,Calle 37  Sur Carrera 48,Glorieta Exito,Urbana,"(6.17412211, -75.59306111)"
2161667,05/07/2016,6:10 p.m.,Martes,Automovil,Publico,Conductor,Masculino,No,Sin Registro,Solo Daños,Choque,Otra,Calle 25  Sur Carrera 48,Las Vegas,Urbana,
2161640,01/07/2016,7:00 a.m.,Viernes,Motocicleta,Particular,Motociclista,Masculino,No,Sin Registro,Solo Daños,Choque,Otra,Calle 37  Sur Carrera 48,Glorieta Exito,Urbana,"(6.17412211, -75.59306111)"
2161620,01/07/2016,9:20 a.m.,Viernes,Microbus,Publico,Conductor,Masculino,No,Sin Registro,Herido,Choque,Otra,Calle 37  Sur Carrera 49,Las Orquideas,Urbana,"(6.174789471, -75.59420424)"
2161620,01/07/2016,9:20 a.m.,Viernes,Camion,Publico,Conductor,Masculino,No,Sin Registro,Herido,Choque,Otra,Calle 37  Sur Carrera 49,Las Orquideas,Urbana,"(6.174789471, -75.59420424)"
2161620,01/07/2016,9:20 a.m.,Viernes,Camioneta,Publico,Conductor,Masculino,No,Sin Registro,Herido,Choque,Otra,Calle 37  Sur Carrera 49,Las Orquideas,Urbana,"(6.174789471, -75.59420424)"
2161620,01/07/2016,9:20 a.m.,Viernes,Automovil,Publico,Conductor,Masculino,No,Sin Registro,Herido,Choque,Otra,Calle 37  Sur Carrera 49,Las Orquideas,Urbana,"(6.174789471, -75.59420424)"
2161632,01/07/2016,9:25 a.m.,Viernes,Bus,Publico,Conductor,Masculino,No,Sin Registro,Solo Daños,Choque,Otra,Calle 38  Sur Carrera 46,Alcala,Urbana,"(6.171966643, -75.59136974)"
2161632,01/07/2016,9:25 a.m.,Viernes,Automovil,Particular,Conductor,Femenino,No,Sin Registro,Solo Daños,Choque,Otra,Calle 38  Sur Carrera 46,Alcala,Urbana,"(6.171966643, -75.59136974)"
2161665,01/07/2016,11:20 a.m.,Viernes,Motocicleta,Particular,Motociclista,Masculino,No,Sin Registro,Solo Daños,Choque,No mantener distancia de seguridad,Calle 37  Sur Carrera 43 A,Zona Centro,Urbana,"(6.171151654, -75.58815663)"
2161665,01/07/2016,11:20 a.m.,Viernes,Automovil,Publico,Conductor,Masculino,No,Sin Registro,Solo Daños,Choque,No mantener distancia de seguridad,Calle 37  Sur Carrera 43 A,Zona Centro,Urbana,"(6.171151654, -75.58815663)"
2161665,01/07/2016,11:20 a.m.,Viernes,Automovil,Publico,Conductor,Masculino,No,Sin Registro,Solo Daños,Choque,No mantener distancia de seguridad,Calle 37  Sur Carrera 43 A,Zona Centro,Urbana,"(6.171151654, -75.58815663)"
2161641,01/07/2016,12:05 p.m.,Viernes,Automovil,Particular,Conductor,Masculino,No,Sin Registro,Solo Daños,Choque,Otra,Calle 38  Sur Carrera 42,Zona Centro,Urbana,"(6.16961293, -75.58738469)"
2161641,01/07/2016,12:05 p.m.,Viernes,Automovil,Particular,Conductor,Masculino,No,Sin Registro,Solo Daños,Choque,Otra,Calle 38  Sur Carrera 42,Zona Centro,Urbana,"(6.16961293, -75.58738469)"
2161619,01/07/2016,1:00 p.m.,Viernes,Bus,Publico,Conductor,Masculino,No,Sin Registro,Solo Daños,Choque,No mantener distancia de seguridad,Calle 46 A Sur Carrera 49,Las Vegas,Urbana,"(6.167038176, -75.60081726)"
2161619,01/07/2016,1:00 p.m.,Viernes,Automovil,Particular,Conductor,Masculino,No,Sin Registro,Solo Daños,Choque,No mantener distancia de seguridad,Calle 46 A Sur Carrera 49,Las Vegas,Urbana,"(6.167038176, -75.60081726)"
2161635,01/07/2016,1:00 p.m.,Viernes,Automovil,Particular,Conductor,Masculino,No,Sin Registro,Solo Daños,Choque,Otra,Calle 35  Sur Carrera 41,Zona Centro,Urbana,"(6.171300757, -75.58534224)"
2161635,01/07/2016,1:00 p.m.,Viernes,Automovil,Particular,Conductor,Femenino,No,Sin Registro,Solo Daños,Choque,Otra,Calle 35  Sur Carrera 41,Zona Centro,Urbana,"(6.171300757, -75.58534224)"
2161657,01/07/2016,1:50 p.m.,Viernes,Bus,Publico,Conductor,Masculino,No,Sin Registro,Solo Daños,Choque,Otra,Calle 50  Sur Carrera 48,Las Vegas,Urbana,
2161657,01/07/2016,1:50 p.m.,Viernes,Automovil,Particular,Conductor,Masculino,No,Sin Registro,Solo Daños,Choque,Otra,Calle 50  Sur Carrera 48,Las Vegas,Urbana,
2161660,01/07/2016,2:50 p.m.,Viernes,Motocicleta,Particular,Motociclista,Masculino,No,Sin Registro,Solo Daños,Choque,Otra,Calle 48 C Sur Carrera 43 A,Avenida El Poblado,Urbana,"(6.162378903, -75.59763059)"
2161660,01/07/2016,2:50 p.m.,Viernes,Motocicleta,Particular,Motociclista,Masculino,No,Sin Registro,Solo Daños,Choque,Otra,Calle 48 C Sur Carrera 43 A,Avenida El Poblado,Urbana,"(6.162378903, -75.59763059)"
2161625,01/07/2016,3:45 p.m.,Viernes,Camion,Publico,Conductor,Masculino,No,Sin Registro,Solo Daños,Choque,Otra,Calle 37 B Sur Carrera 27 B,Loma De Las Brujas,Urbana,"(6.161472845, -75.57610787)"
2161625,01/07/2016,3:45 p.m.,Viernes,Automovil,Particular,Conductor,Masculino,No,Sin Registro,Solo Daños,Choque,Otra,Calle 37 B Sur Carrera 27 B,Loma De Las Brujas,Urbana,"(6.161472845, -75.57610787)"
2161628,01/07/2016,4:30 p.m.,Viernes,Automovil,Particular,Conductor,Femenino,No,Sin Registro,Solo Daños,Choque,Otra,Calle 40 B Sur Carrera 38,Sin Registro,Urbana,"(6.16165565, -75.58337936)"
2161628,01/07/2016,4:30 p.m.,Viernes,Motocarro,Particular,Motociclista,Masculino,No,Sin Registro,Solo Daños,Choque,Otra,Calle 40 B Sur Carrera 38,Sin Registro,Urbana,"(6.16165565, -75.58337936)"
2161634,01/07/2016,5:00 p.m.,Viernes,Automovil,Particular,Conductor,Masculino,No,Sin Registro,Herido,Choque,Otra,Calle 37  Sur Carrera 50,Las Vegas,Urbana,
2161634,01/07/2016,5:00 p.m.,Viernes,Motocicleta,Particular,Motociclista,Masculino,No,Sin Registro,Herido,Choque,Otra,Calle 37  Sur Carrera 50,Las Vegas,Urbana,
2161624,01/07/2016,5:50 p.m.,Viernes,Motocicleta,Particular,Motociclista,Masculino,No,Sin Registro,Solo Daños,Choque,Otra,Calle 38  Sur Carrera 46,Alcala,Urbana,"(6.171966643, -75.59136974)"
2161659,01/07/2016,6:30 p.m.,Viernes,Automovil,Particular,Conductor,Femenino,No,Sin Registro,Solo Daños,Choque,Otra,Diagonal 40 Transversal 33 B Sur,Sin Registro,Urbana,"(6.172318879, -75.58522962)"
2161758,07/15/2016,6:28 a.m.,Viernes,Motocicleta,Particular,Motociclista,Masculino,No,Sin Registro,Herido,Caida Ocupante,Otra,Calle 36  Sur Carrera 50,Las Vegas,Urbana,
2161659,01/07/2016,6:30 p.m.,Viernes,Automovil,Publico,Conductor,Masculino,No,Sin Registro,Solo Daños,Choque,Otra,Diagonal 40 Transversal 33 B Sur,Sin Registro,Urbana,"(6.172318879, -75.58522962)"
2161653,01/07/2016,7:30 p.m.,Viernes,Automovil,Particular,Conductor,Masculino,No,Sin Registro,Solo Daños,Choque,No mantener distancia de seguridad,Tramo 375 Kilometro  7,Vereda Pantanillo,Rural,
2161653,01/07/2016,7:30 p.m.,Viernes,Automovil,Particular,Conductor,Femenino,No,Sin Registro,Solo Daños,Choque,No mantener distancia de seguridad,Tramo 375 Kilometro  7,Vereda Pantanillo,Rural,
2161631,01/07/2016,8:15 p.m.,Viernes,Camioneta,Particular,Conductor,Masculino,No,Sin Registro,Solo Daños,Choque,Otra,Calle 39  Sur Carrera 40,Zona Centro,Urbana,"(6.167409609, -75.58672098)"
2161631,01/07/2016,8:15 p.m.,Viernes,Automovil,Particular,Conductor,Femenino,No,Sin Registro,Solo Daños,Choque,Otra,Calle 39  Sur Carrera 40,Zona Centro,Urbana,"(6.167409609, -75.58672098)"
2161631,01/07/2016,8:15 p.m.,Viernes,Automovil,Particular,Conductor,Masculino,No,Sin Registro,Solo Daños,Choque,Otra,Calle 39  Sur Carrera 40,Zona Centro,Urbana,"(6.167409609, -75.58672098)"
2161636,02/07/2016,6:55 a.m.,Sábado,Automovil,Particular,Conductor,Masculino,No,Sin Registro,Herido,Choque,Otra,Tramo 372 Kilometro  16,Vereda Palmas,Rural,
2161636,02/07/2016,6:55 a.m.,Sábado,Bicicleta,Particular,Ciclista,Masculino,No,Sin Registro,Herido,Choque,Otra,Tramo 372 Kilometro  16,Vereda Palmas,Rural,
2161623,02/07/2016,9:00 a.m.,Sábado,Automovil,Particular,Conductor,Femenino,No,Sin Registro,Herido,Choque,Otra,Calle 34  Sur Carrera 49,Las Vegas,Urbana,
2161623,02/07/2016,9:00 a.m.,Sábado,Motocicleta,Particular,Motociclista,Masculino,No,Sin Registro,Herido,Choque,Otra,Calle 34  Sur Carrera 49,Las Vegas,Urbana,
2161647,02/07/2016,10:00 a.m.,Sábado,Automovil,Particular,Conductor,Masculino,No,Sin Registro,Solo Daños,Choque,Otra,Calle 39 D Sur Carrera 24 DD,El Salado,Urbana,"(6.154343948, -75.57802149)"
2161647,02/07/2016,10:00 a.m.,Sábado,Buseta,Publico,Conductor,Masculino,No,Sin Registro,Solo Daños,Choque,Otra,Calle 39 D Sur Carrera 24 DD,El Salado,Urbana,"(6.154343948, -75.57802149)"
2161622,02/07/2016,11:25 a.m.,Sábado,Camioneta,Particular,Conductor,Masculino,No,Sin Registro,Solo Daños,Choque,No mantener distancia de seguridad,Calle 46 A Sur Carrera 48,Las Vegas,Urbana,"(6.166989258, -75.60074312)"
2161622,02/07/2016,11:25 a.m.,Sábado,Automovil,Particular,Conductor,Masculino,No,Sin Registro,Solo Daños,Choque,No mantener distancia de seguridad,Calle 46 A Sur Carrera 48,Las Vegas,Urbana,"(6.166989258, -75.60074312)"
2161669,02/07/2016,12:15 p.m.,Sábado,Campero,Particular,Conductor,Femenino,No,Sin Registro,Solo Daños,Choque,Otra,Calle 30  Sur Carrera 50,Las Vegas,Urbana,
2161669,02/07/2016,12:15 p.m.,Sábado,Motocicleta,Particular,Motociclista,Masculino,No,Sin Registro,Solo Daños,Choque,Otra,Calle 30  Sur Carrera 50,Las Vegas,Urbana,
2161617,02/07/2016,3:35 p.m.,Sábado,Microbus,Publico,Conductor,Masculino,No,Sin Registro,Solo Daños,Choque,No mantener distancia de seguridad,Calle 50  Sur Carrera 48,Las Vegas,Urbana,
2161617,02/07/2016,3:35 p.m.,Sábado,Automovil,Particular,Conductor,Masculino,No,Sin Registro,Solo Daños,Choque,No mantener distancia de seguridad,Calle 50  Sur Carrera 48,Las Vegas,Urbana,
2161655,02/07/2016,4:10 p.m.,Sábado,Automovil,Particular,Conductor,Femenino,No,Sin Registro,Solo Daños,Choque,No mantener distancia de seguridad,Tramo 372 Kilometro  10,Vereda Palmas,Rural,
2161655,02/07/2016,4:10 p.m.,Sábado,Automovil,Particular,Conductor,Masculino,No,Sin Registro,Solo Daños,Choque,No mantener distancia de seguridad,Tramo 372 Kilometro  10,Vereda Palmas,Rural,
2161621,02/07/2016,4:20 p.m.,Sábado,Motocicleta,Particular,Motociclista,Masculino,No,Sin Registro,Solo Daños,Choque,Otra,Calle 38 A Sur Carrera 41,Zona Centro,Urbana,"(6.168560755, -75.58701537)"