RADICADO,FECHA,HORA,DÍA DE LA SEMANA,CLASE DE VEHICULO,TIPO DE SERVICIO,TIPO DE VICTIMA,SEXO,ESTADO DE BEODEZ,RESULTADO DE BEODEZ,GRAVEDAD,CLASE DE ACCIDENTE,CAUSA,DIRECCIÓN,BARRIO,AREA,Coordenadas
2161621,02/07/2016,4:20 p.m.,Sábado,Automovil,Publico,Conductor,Masculino,No,Sin Registro,Solo Daños,Choque,Otra,Calle 38 A Sur Carrera 41,Zona Centro,Urbana,"(6.168560755, -75.58701537)"
2161637,02/07/2016,4:30 p.m.,Sábado,Campero,Particular,Conductor,Masculino,No,Sin Registro,Solo Daños,Choque,Otra,Tramo 371 Kilometro  11,Vereda El Escobero,Rural,
2161652,02/07/2016,4:45 p.m.,Sábado,Automovil,Particular,Conductor,Masculino,No,Sin Registro,Solo Daños,Choque,No mantener distancia de seguridad,Tramo 372 Kilometro  12,Vereda Palmas,Rural,
2161652,02/07/2016,4:45 p.m.,Sábado,Automovil,Particular,Conductor,Masculino,No,Sin Registro,Solo Daños,Choque,No mantener distancia de seguridad,Tramo 372 Kilometro  12,Vereda Palmas,Rural,
2161618,02/07/2016,9:00 p.m.,Sábado,Automovil,Particular,Conductor,Masculino,Si,3,Solo Daños,Choque,Embriaguez o droga,Calle 33 B Sur Carrera 43 A,Zona Centro,Urbana,"(6.173429457, -75.58671662)"
2161618,02/07/2016,9:00 p.m.,Sábado,Bus,Publico,Conductor,Masculino,No,Sin Registro,Solo Daños,Choque,Embriaguez o droga,Calle 33 B Sur Carrera 43 A,Zona Centro,Urbana,"(6.173429457, -75.58671662)"
2161639,02/07/2016,9:30 p.m.,Sábado,Automovil,Publico,Conductor,Masculino,No,Sin Registro,Solo Daños,Choque,Otra,Calle 25 A Sur Carrera 43 A,Avenida El Poblado,Urbana,"(6.181689385, -75.58241799)"
2161643,02/07/2016,11:00 p.m.,Sábado,Motocicleta,Particular,Motociclista,Masculino,No,Sin Registro,Solo Daños,Choque,No mantener distancia de seguridad,Calle 46 E Sur Carrera 42 B,La Paz,Urbana,"(6.162405159, -75.59434952)"
2161643,02/07/2016,11:00 p.m.,Sábado,Automovil,Particular,Conductor,Masculino,No,Sin Registro,Solo Daños,Choque,No mantener distancia de seguridad,Calle 46 E Sur Carrera 42 B,La Paz,Urbana,"(6.162405159, -75.59434952)"
2161630,03/07/2016,8:45 a.m.,Domingo,Automovil,Particular,Conductor,Masculino,No,Sin Registro,Herido,Choque,Superficie humeda,Tramo 371 Kilometro  6,Vereda El Escobero,Rural,
2161630,03/07/2016,8:45 a.m.,Domingo,Motocicleta,Diplomatico,Motociclista,Masculino,No,Sin Registro,Herido,Choque,Superficie humeda,Tramo 371 Kilometro  6,Vereda El Escobero,Rural,
2161633,03/07/2016,11:15 a.m.,Domingo,Camioneta,Particular,Conductor,Masculino,No,Sin Registro,Herido,Choque,Otra,Calle 37  Sur Carrera 50,Las Vegas,Urbana,
2161633,03/07/2016,11:15 a.m.,Domingo,Automovil,Particular,Conductor,Femenino,No,Sin Registro,Herido,Choque,Otra,Calle 37  Sur Carrera 50,Las Vegas,Urbana,
2161649,03/07/2016,2:00 p.m.,Domingo,Automovil,Particular,Conductor,Femenino,No,Sin Registro,Solo Daños,Choque,Otra,Calle 37  Sur Carrera 40,Zona Centro,Urbana,"(6.169435767, -75.58550725)"
2161649,03/07/2016,2:00 p.m.,Domingo,Motocicleta,Particular,Motociclista,Masculino,No,Sin Registro,Solo Daños,Choque,Otra,Calle 37  Sur Carrera 40,Zona Centro,Urbana,"(6.169435767, -75.58550725)"
2161638,03/07/2016,9:40 p.m.,Domingo,Automovil,Publico,Conductor,Masculino,No,Sin Registro,Solo Daños,Choque,Otra,Calle 29  Sur Carrera 43 A,Avenida El Poblado,Urbana,"(6.178121023, -75.58456122)"
2161638,03/07/2016,9:40 p.m.,Domingo,Motocicleta,Particular,Motociclista,Masculino,No,Sin Registro,Solo Daños,Choque,Otra,Calle 29  Sur Carrera 43 A,Avenida El Poblado,Urbana,"(6.178121023, -75.58456122)"
2161615,03/07/2016,10:00 p.m.,Domingo,Automovil,Publico,Conductor,Masculino,No,Sin Registro,Solo Daños,Choque,Embriaguez o droga,Calle 41 B Sur Carrera 42,El Dorado,Urbana,"(6.165585181, -75.59159057)"
2161615,03/07/2016,10:00 p.m.,Domingo,Automovil,Particular,Conductor,Masculino,Si,3,Solo Daños,Choque,Embriaguez o droga,Calle 41 B Sur Carrera 42,El Dorado,Urbana,"(6.165585181, -75.59159057)"
2161642,04/07/2016,5:00 a.m.,Lunes,Automovil,Publico,Conductor,Masculino,No,Sin Registro,Solo Daños,Choque,No mantener distancia de seguridad,Calle 25  Sur Carrera 42,Las Orquideas,Urbana,"(6.179561127, -75.57986633)"
2161642,04/07/2016,5:00 a.m.,Lunes,Motocicleta,Particular,Motociclista,Masculino,No,Sin Registro,Solo Daños,Choque,No mantener distancia de seguridad,Calle 25  Sur Carrera 42,Las Orquideas,Urbana,"(6.179561127, -75.57986633)"
2161627,04/07/2016,12:10 p.m.,Lunes,Motocicleta,Particular,Motociclista,Masculino,No,Sin Registro,Solo Daños,Choque,Otra,Diagonal 31 Transversal 33 A Sur,Las Flores,Urbana,"(6.173761816, -75.5789197)"
2161627,04/07/2016,12:10 p.m.,Lunes,Automovil,Publico,Conductor,Masculino,No,Sin Registro,Solo Daños,Choque,Otra,Diagonal 31 Transversal 33 A Sur,Las Flores,Urbana,"(6.173761816, -75.5789197)"
2161654,04/07/2016,12:35 p.m.,Lunes,Motocicleta,Particular,Motociclista,Masculino,No,Sin Registro,Herido,Choque,Otra,Calle 37  Sur Carrera 50,Las Vegas,Urbana,
2161654,04/07/2016,12:35 p.m.,Lunes,Camioneta,Particular,Conductor,Femenino,No,Sin Registro,Herido,Choque,Otra,Calle 37  Sur Carrera 50,Las Vegas,Urbana,
2161644,04/07/2016,6:40 p.m.,Lunes,Campero,Particular,Conductor,Femenino,No,Sin Registro,Solo Daños,Choque,Otra,Tramo 372 Kilometro  15,Vereda Palmas,Rural,
2161661,04/07/2016,11:30 p.m.,Lunes,Camioneta,Particular,Conductor,Masculino,No,Sin Registro,Solo Daños,Choque,Otra,Calle 38 A Sur Carrera 41,Zona Centro,Urbana,"(6.168560755, -75.58701537)"
2161661,04/07/2016,11:30 p.m.,Lunes,Motocicleta,Particular,Motociclista,Masculino,No,Sin Registro,Solo Daños,Choque,Otra,Calle 38 A Sur Carrera 41,Zona Centro,Urbana,"(6.168560755, -75.58701537)"
2161646,05/07/2016,5:45 a.m.,Martes,Automovil,Publico,Conductor,Masculino,No,Sin Registro,Herido,Choque,Otra,Calle 39  Sur Carrera 48,Las Vegas,Urbana,"(6.17373153, -75.59688397)"
2161646,05/07/2016,5:45 a.m.,Martes,Motocicleta,Particular,Motociclista,Masculino,No,Sin Registro,Herido,Choque,Otra,Calle 39  Sur Carrera 48,Las Vegas,Urbana,"(6.17373153, -75.59688397)"
2161658,05/07/2016,7:10 a.m.,Martes,Bus,Publico,Conductor,Masculino,No,Sin Registro,Solo Daños,Choque,Otra,Calle 36 D Sur Carrera 25 A,Vereda El Escobero,Urbana,"(6.158809572, -75.56663754)"
2161658,05/07/2016,7:10 a.m.,Martes,Automovil,Particular,Conductor,Masculino,No,Sin Registro,Solo Daños,Choque,Otra,Calle 36 D Sur Carrera 25 A,Vereda El Escobero,Urbana,"(6.158809572, -75.56663754)"
2161662,05/07/2016,1:20 p.m.,Martes,Motocicleta,Particular,Motociclista,Masculino,No,Sin Registro,Solo Daños,Choque,Otra,Diagonal 36 Transversal 35 A Sur,Sin Registro,Urbana,"(6.167677049, -75.58267178)"
2161662,05/07/2016,1:20 p.m.,Martes,Camioneta,Particular,Conductor,Masculino,No,Sin Registro,Solo Daños,Choque,Otra,Diagonal 36 Transversal 35 A Sur,Sin Registro,Urbana,"(6.167677049, -75.58267178)"
2161664,05/07/2016,1:20 p.m.,Martes,Automovil,Particular,Conductor,Masculino,No,Sin Registro,Solo Daños,Choque,Otra,Calle 36  Sur Carrera 49,Glorieta De Peldar,Urbana,
2161664,05/07/2016,1:20 p.m.,Martes,Automovil,Particular,Conductor,Masculino,No,Sin Registro,Solo Daños,Choque,Otra,Calle 36  Sur Carrera 49,Glorieta De Peldar,Urbana,
2161651,05/07/2016,4:40 p.m.,Martes,Camioneta,Publico,Conductor,Masculino,No,Sin Registro,Herido,Choque,Otra,Tramo 372 Kilometro  9,Vereda Palmas,Rural,
2161651,05/07/2016,4:40 p.m.,Martes,Camioneta,Particular,Conductor,Masculino,No,Sin Registro,Herido,Choque,Otra,Tramo 372 Kilometro  9,Vereda Palmas,Rural,
2161668,05/07/2016,4:45 p.m.,Martes,Campero,Particular,Conductor,Masculino,No,Sin Registro,Solo Daños,Choque,Otra,Calle 21  Sur Carrera 43 A,Sin Registro,Urbana,"(6.18399286, -75.57959764)"
2161668,05/07/2016,4:45 p.m.,Martes,Camioneta,Particular,Conductor,Masculino,No,Sin Registro,Solo Daños,Choque,Otra,Calle 21  Sur Carrera 43 A,Sin Registro,Urbana,"(6.18399286, -75.57959764)"
2161666,05/07/2016,4:50 p.m.,Martes,Automovil,Particular,Conductor,Masculino,No,Sin Registro,Solo Daños,Choque,Otra,Calle 37  Sur Carrera 50,Las Vegas,Urbana,
2161666,05/07/2016,4:50 p.m.,Martes,Camioneta,Particular,Conductor,Masculino,No,Sin Registro,Solo Daños,Choque,Otra,Calle 37  Sur Carrera 50,Las Vegas,Urbana,
2161656,05/07/2016,5:00 p.m.,Martes,Bus,Publico,Conductor,Masculino,No,Sin Registro,Herido,Choque,Otra,Calle 47  Sur Carrera 40,El Trianon,Urbana,"(6.15929595, -75.5937748)"
2161656,05/07/2016,5:00 p.m.,Martes,Motocicleta,Particular,Motociclista,Masculino,No,Sin Registro,Herido,Choque,Otra,Calle 47  Sur Carrera 40,El Trianon,Urbana,"(6.15929595, -75.5937748)"
2161670,05/07/2016,5:10 p.m.,Martes,Motocicleta,Particular,Motociclista,Femenino,No,Sin Registro,Herido,Choque,Otra,Calle 25  Sur Carrera 46,Zuñiga,Urbana,"(6.183044029, -75.5826185)"
2161670,05/07/2016,5:10 p.m.,Martes,Sin Registro,Publico,Conductor,Masculino,No,Sin Registro,Herido,Choque,Otra,Calle 25  Sur Carrera 46,Zuñiga,Urbana,"(6.183044029, -75.5826185)"
2161663,05/07/2016,5:25 p.m.,Martes,Motocicleta,Particular,Motociclista,Masculino,No,Sin Registro,Solo Daños,Choque,Otra,Calle 38  Sur Carrera 41,Zona Centro,Urbana,"(6.169244976, -75.58658807)"
2161663,05/07/2016,5:25 p.m.,Martes,Automovil,Publico,Conductor,Masculino,No,Sin Registro,Solo Daños,Choque,Otra,Calle 38  Sur Carrera 41,Zona Centro,Urbana,"(6.169244976, -75.58658807)"
2161672,06/07/2016,5:45 a.m.,Miércoles,Automovil,Particular,Conductor,Femenino,No,Sin Registro,Solo Daños,Choque,Otra,Diagonal 31 A Transversal 35 B Sur,La Sebastiana,Urbana,"(6.169608353, -75.58019268)"
2161672,06/07/2016,5:45 a.m.,Miércoles,Camion,Particular,Conductor,Masculino,No,Sin Registro,Solo Daños,Choque,Otra,Diagonal 31 A Transversal 35 B Sur,La Sebastiana,Urbana,"(6.169608353, -75.58019268)"
2161675,06/07/2016,6:40 a.m.,Miércoles,Camioneta,Particular,Conductor,Masculino,No,Sin Registro,Solo Daños,Choque,No mantener distancia de seguridad,Calle 24  Sur Carrera 40,Sin Registro,Urbana,"(6.179387707, -75.57584341)"
2161675,06/07/2016,6:40 a.m.,Miércoles,Automovil,Particular,Conductor,Masculino,No,Sin Registro,Solo Daños,Choque,No mantener distancia de seguridad,Calle 24  Sur Carrera 40,Sin Registro,Urbana,"(6.179387707, -75.57584341)"
2161676,06/07/2016,7:15 a.m.,Miércoles,Motocicleta,Particular,Motociclista,Femenino,No,Sin Registro,Herido,Choque,Otra,Calle 50  Sur Carrera 45,Las Casitas,Urbana,
2161671,06/07/2016,8:30 a.m.,Miércoles,Motocicleta,Particular,Motociclista,Masculino,No,Sin Registro,Solo Daños,Choque,No mantener distancia de seguridad,Calle 50  Sur Carrera 48,Sin Registro,Urbana,
2161671,06/07/2016,8:30 a.m.,Miércoles,Camion,Particular,Conductor,Masculino,No,Sin Registro,Solo Daños,Choque,No mantener distancia de seguridad,Calle 50  Sur Carrera 48,Sin Registro,Urbana,
2161678,06/07/2016,8:50 a.m.,Miércoles,Motocicleta,Particular,Motociclista,Masculino,No,Sin Registro,Solo Daños,Choque,Otra,Tramo 372 Kilometro  12,Vereda Palmas,Rural,
2161678,06/07/2016,8:50 a.m.,Miércoles,Automovil,Particular,Conductor,Masculino,No,Sin Registro,Solo Daños,Choque,Otra,Tramo 372 Kilometro  12,Vereda Palmas,Rural,
2161681,06/07/2016,9:20 a.m.,Miércoles,Camioneta,Publico,Conductor,Masculino,No,Sin Registro,Solo Daños,Choque,Otra,Tramo 372 Kilometro  5,Vereda Palmas,Rural,
2161681,06/07/2016,9:20 a.m.,Miércoles,Automovil,Particular,Conductor,Masculino,No,Sin Registro,Solo Daños,Choque,Otra,Tramo 372 Kilometro  5,Vereda Palmas,Rural,
2161677,06/07/2016,9:30 a.m.,Miércoles,Automovil,Particular,Conductor,Femenino,No,Sin Registro,Solo Daños,Otro,Otra,Calle 33  Sur Carrera 45,El Portal,Urbana,"(6.174490456, -75.58754724)"
2161677,06/07/2016,9:30 a.m.,Miércoles,Motocicleta,Particular,Motociclista,Masculino,No,Sin Registro,Solo Daños,Otro,Otra,Calle 33  Sur Carrera 45,El Portal,Urbana,"(6.174490456, -75.58754724)"
2161701,06/07/2016,11:50 a.m.,Miércoles,Camioneta,Publico,Conductor,Masculino,No,Sin Registro,Solo Daños,Choque,Otra,Calle 35  Sur Carrera 43 A,Sin Registro,Urbana,"(6.17249645, -75.58732833)"
2161701,06/07/2016,11:50 a.m.,Miércoles,Campero,Particular,Conductor,Masculino,No,Sin Registro,Solo Daños,Choque,Otra,Calle 35  Sur Carrera 43 A,Sin Registro,Urbana,"(6.17249645, -75.58732833)"
2161679,06/07/2016,12:15 p.m.,Miércoles,Automovil,Particular,Conductor,Femenino,No,Sin Registro,Solo Daños,Choque,Otra,Calle 50  Sur Carrera 48,Sin Registro,Urbana,
2161679,06/07/2016,12:15 p.m.,Miércoles,Camioneta,Publico,Conductor,Masculino,No,Sin Registro,Solo Daños,Choque,Otra,Calle 50  Sur Carrera 48,Sin Registro,Urbana,
2161680,06/07/2016,3:20 p.m.,Miércoles,Automovil,Particular,Conductor,Masculino,No,Sin Registro,Solo Daños,Choque,Otra,Calle 37  Sur Carrera 42,Zona Centro,Urbana,"(6.17029993, -75.58693548)"
2161680,06/07/2016,3:20 p.m.,Miércoles,Camion,Particular,Conductor,Masculino,No,Sin Registro,Solo Daños,Choque,Otra,Calle 37  Sur Carrera 42,Zona Centro,Urbana,"(6.17029993, -75.58693548)"
2161684,06/07/2016,4:30 p.m.,Miércoles,Motocicleta,Particular,Motociclista,Masculino,No,Sin Registro,Solo Daños,Choque,Otra,Calle 32 A Sur Carrera 43 A,San Marcos,Urbana,"(6.174867987, -75.58533492)"
2161684,06/07/2016,4:30 p.m.,Miércoles,Automovil,Particular,Conductor,Masculino,No,Sin Registro,Solo Daños,Choque,Otra,Calle 32 A Sur Carrera 43 A,San Marcos,Urbana,"(6.174867987, -75.58533492)"
2161685,06/07/2016,5:10 p.m.,Miércoles,Automovil,Particular,Conductor,Femenino,No,Sin Registro,Solo Daños,Choque,Otra,Calle 39  Sur Carrera 48  Sur,Las Vegas,Urbana,"(6.17373153, -75.59688397)"
2161685,06/07/2016,5:10 p.m.,Miércoles,Motocicleta,Particular,Motociclista,Masculino,No,Sin Registro,Solo Daños,Choque,Otra,Calle 39  Sur Carrera 48  Sur,Las Vegas,Urbana,"(6.17373153, -75.59688397)"
2161674,06/07/2016,5:20 p.m.,Miércoles,Automovil,Particular,Conductor,Masculino,No,Sin Registro,Solo Daños,Choque,No mantener distancia de seguridad,Calle 48 C Sur Carrera 48,Las Casitas,Urbana,"(6.159138282, -75.59625971)"
2161674,06/07/2016,5:20 p.m.,Miércoles,Camioneta,Particular,Conductor,Masculino,No,Sin Registro,Solo Daños,Choque,No mantener distancia de seguridad,Calle 48 C Sur Carrera 48,Las Casitas,Urbana,"(6.159138282, -75.59625971)"
2161683,06/07/2016,5:35 p.m.,Miércoles,Automovil,Publico,Conductor,Masculino,No,Sin Registro,Solo Daños,Choque,Otra,Calle 36 A Sur Carrera 48,Las Vegas,Urbana,"(6.173604362, -75.59128493)"
2161683,06/07/2016,5:35 p.m.,Miércoles,Automovil,Particular,Conductor,Masculino,No,Sin Registro,Solo Daños,Choque,Otra,Calle 36 A Sur Carrera 48,Las Vegas,Urbana,"(6.173604362, -75.59128493)"
2161683,06/07/2016,5:35 p.m.,Miércoles,Automovil,Particular,Conductor,Masculino,No,Sin Registro,Solo Daños,Choque,Otra,Calle 36 A Sur Carrera 48,Las Vegas,Urbana,"(6.173604362, -75.59128493)"
2161702,06/07/2016,6:40 p.m.,Miércoles,Automovil,Particular,Conductor,Masculino,No,Sin Registro,Solo Daños,Choque,Otra,Tramo 372 Kilometro  12,Vereda Palmas,Rural,
2161702,06/07/2016,6:40 p.m.,Miércoles,Automovil,Publico,Conductor,Masculino,No,Sin Registro,Solo Daños,Choque,Otra,Tramo 372 Kilometro  12,Vereda Palmas,Rural,
2161690,06/07/2016,10:10 p.m.,Miércoles,Camioneta,Particular,Conductor,Masculino,No,Sin Registro,Herido,Atropello,Otra,Calle 36  Sur Carrera 27 AA,Sin Registro,Urbana,"(6.167592229, -75.57065459)"
2161673,06/07/2016,10:30 p.m.,Miércoles,Automovil,Particular,Conductor,Masculino,No,Sin Registro,Solo Daños,Choque,Exceso de velocidad,Calle 48 C Sur Carrera 43 A,Las Casitas,Urbana,"(6.162378903, -75.59763059)"
2162071,08/15/2016,4:45 p.m.,Lunes,Automovil,Publico,Conductor,Masculino,No,Sin Registro,Solo Daños,Choque,Adelantar cerrando,Calle 38  Sur Carrera 50,Las Vegas,Urbana,
2161686,07/07/2016,6:20 a.m.,Jueves,Automovil,Particular,Conductor,Femenino,No,Sin Registro,Solo Daños,Choque,Otra,Calle 45 A Sur Carrera 42 B,La Paz,Urbana,"(6.164010693, -75.59395211)"
2161704,07/07/2016,7:50 a.m.,Jueves,Motocicleta,Particular,Motociclista,Masculino,No,Sin Registro,Herido,Choque,Otra,Calle 39  Sur Carrera 27 B,Sin Registro,Urbana,"(6.159217585, -75.57883462)"
2161704,07/07/2016,7:50 a.m.,Jueves,Microbus,Publico,Conductor,Masculino,No,Sin Registro,Herido,Choque,Otra,Calle 39  Sur Carrera 27 B,Sin Registro,Urbana,"(6.159217585, -75.57883462)"
2161707,07/07/2016,8:15 a.m.,Jueves,Automovil,Particular,Conductor,Femenino,No,Sin Registro,Herido,Atropello,Otra,Calle 28  Sur Carrera 26,La Inmaculada,Urbana,
2162555,07/07/2016,8:40 a.m.,Jueves,Automovil,Particular,Conductor,Masculino,No,Sin Registro,Solo Daños,Choque,Otra,Calle 40 H Sur Carrera 42 A,Sin Registro,Urbana,"(6.166469625, -75.59067707)"
2162555,07/07/2016,8:40 a.m.,Jueves,Camioneta,Particular,Conductor,Masculino,No,Sin Registro,Solo Daños,Choque,Otra,Calle 40 H Sur Carrera 42 A,Sin Registro,Urbana,"(6.166469625, -75.59067707)"
2161708,07/07/2016,11:50 a.m.,Jueves,Camion,Publico,Conductor,Masculino,No,Sin Registro,Solo Daños,Choque,Otra,Tramo 181 Kilometro  8,Sin Registro,Rural,
2161708,07/07/2016,11:50 a.m.,Jueves,Camioneta,Publico,Conductor,Masculino,No,Sin Registro,Solo Daños,Choque,Otra,Tramo 181 Kilometro  8,Sin Registro,Rural,
2161692,07/07/2016,2:30 p.m.,Jueves,Automovil,Publico,Conductor,Masculino,No,Sin Registro,Solo Daños,Choque,No mantener distancia de seguridad,Calle 32 B Sur Carrera 48,Las Vegas,Urbana,"(6.177255701, -75.59003137)"
2161692,07/07/2016,2:30 p.m.,Jueves,Automovil,Particular,Conductor,Masculino,No,Sin Registro,Solo Daños,Choque,No mantener distancia de seguridad,Calle 32 B Sur Carrera 48,Las Vegas,Urbana,"(6.177255701, -75.59003137)"
2161687,07/07/2016,2:50 p.m.,Jueves,Motocicleta,Particular,Motociclista,Masculino,No,Sin Registro,Herido,Atropello,Otra,Calle 36  Sur Carrera 42,Zona Centro,Urbana,"(6.17108429, -75.58648741)"
2161687,07/07/2016,2:50 p.m.,Jueves,Campero,Particular,Conductor,Femenino,No,Sin Registro,Herido,Atropello,Otra,Calle 36  Sur Carrera 42,Zona Centro,Urbana,"(6.17108429, -75.58648741)"
2161689,07/07/2016,3:45 p.m.,Jueves,Automovil,Particular,Conductor,Masculino,No,Sin Registro,Solo Daños,Choque,No mantener distancia de seguridad,Calle 43 A Sur Carrera 50,Las Casitas,Urbana,"(6.160125495, -75.60207899)"
2161689,07/07/2016,3:45 p.m.,Jueves,Campero,Particular,Conductor,Masculino,No,Sin Registro,Solo Daños,Choque,No mantener distancia de seguridad,Calle 43 A Sur Carrera 50,Las Casitas,Urbana,"(6.160125495, -75.60207899)"
2161688,07/07/2016,4:00 p.m.,Jueves,Camioneta,Particular,Conductor,Masculino,No,Sin Registro,Solo Daños,Choque,Otra,Calle 37  Sur Carrera 48,Glorieta Exito,Urbana,"(6.17412211, -75.59306111)"
2161688,07/07/2016,4:00 p.m.,Jueves,Automovil,Particular,Conductor,Masculino,No,Sin Registro,Solo Daños,Choque,Otra,Calle 37  Sur Carrera 48,Glorieta Exito,Urbana,"(6.17412211, -75.59306111)"
2161725,07/07/2016,9:15 p.m.,Jueves,Camioneta,Publico,Conductor,Masculino,No,Sin Registro,Solo Daños,Choque,Otra,Calle 37  Sur Carrera 50,Las Vegas,Urbana,
2161725,07/07/2016,9:15 p.m.,Jueves,Motocicleta,Particular,Motociclista,Masculino,No,Sin Registro,Solo Daños,Choque,Otra,Calle 37  Sur Carrera 50,Las Vegas,Urbana,
2161691,07/07/2016,11:34 p.m.,Jueves,Motocicleta,Particular,Motociclista,Masculino,No,Sin Registro,Herido,Choque,Embriaguez aparente,Tramo 371 Kilometro  3,Vereda El Escobero,Rural,
2161691,07/07/2016,11:34 p.m.,Jueves,Motocicleta,Particular,Motociclista,Masculino,No,Sin Registro,Herido,Choque,Exceso de velocidad,Tramo 371 Kilometro  3,Vereda El Escobero,Rural,
2161705,08/07/2016,6:20 a.m.,Viernes,Automovil,Particular,Conductor,Masculino,No,Sin Registro,Solo Daños,Choque,Otra,Calle 39  Sur Carrera 43 A,Alcala,Urbana,"(6.169120914, -75.58953036)"
2161705,08/07/2016,6:20 a.m.,Viernes,Motocicleta,Particular,Motociclista,Masculino,No,Sin Registro,Solo Daños,Choque,Otra,Calle 39  Sur Carrera 43 A,Alcala,Urbana,"(6.169120914, -75.58953036)"
2161710,08/07/2016,6:50 a.m.,Viernes,Campero,Particular,Conductor,Masculino,No,Sin Registro,Herido,Choque,Otra,Calle 39 A Sur Carrera 48,Las Vegas,Urbana,"(6.168916704, -75.59147177)"
2161710,08/07/2016,6:50 a.m.,Viernes,Motocicleta,Particular,Motociclista,Masculino,No,Sin Registro,Herido,Choque,Otra,Calle 39 A Sur Carrera 48,Las Vegas,Urbana,"(6.168916704, -75.59147177)"
2161695,08/07/2016,9:35 a.m.,Viernes,Automovil,Particular,Conductor,Femenino,No,Sin Registro,Solo Daños,Choque,No mantener distancia de seguridad,Calle 30  Sur Carrera 50,Las Vegas,Urbana,
2161695,08/07/2016,9:35 a.m.,Viernes,Tractocamion,Particular,Conductor,Masculino,No,Sin Registro,Solo Daños,Choque,No mantener distancia de seguridad,Calle 30  Sur Carrera 50,Las Vegas,Urbana,
2161718,08/07/2016,10:20 a.m.,Viernes,Automovil,Particular,Conductor,Masculino,No,Sin Registro,Solo Daños,Choque,Otra,Calle 40 B Sur Carrera 37,El Dorado,Urbana,"(6.164256506, -75.58642)"
2161718,08/07/2016,10:20 a.m.,Viernes,Motocicleta,Particular,Motociclista,Masculino,No,Sin Registro,Solo Daños,Choque,Otra,Calle 40 B Sur Carrera 37,El Dorado,Urbana,"(6.164256506, -75.58642)"
2161720,08/07/2016,10:30 a.m.,Viernes,Camion,Publico,Conductor,Masculino,No,Sin Registro,Solo Daños,Choque,Adelantar cerrando,Calle 50  Sur Carrera 48,Las Vegas,Urbana,
2161720,08/07/2016,10:30 a.m.,Viernes,Camion,Publico,Conductor,Masculino,No,Sin Registro,Solo Daños,Choque,Adelantar cerrando,Calle 50  Sur Carrera 48,Las Vegas,Urbana,
2161709,08/07/2016,10:45 a.m.,Viernes,Automovil,Particular,Conductor,Masculino,No,Sin Registro,Herido,Choque,Otra,Diagonal 32 B Transversal 32 C Sur,La Magnolia,Urbana,"(6.174833303, -75.58306426)"
2161709,08/07/2016,10:45 a.m.,Viernes,Motocicleta,Particular,Motociclista,Femenino,No,Sin Registro,Herido,Choque,Otra,Diagonal 32 B Transversal 32 C Sur,La Magnolia,Urbana,"(6.174833303, -75.58306426)"
2161731,08/07/2016,12:40 p.m.,Viernes,Campero,Particular,Conductor,Masculino,No,Sin Registro,Solo Daños,Choque,Reverso imprudente,Calle 38 A Sur Carrera 42,Zona Centro,Urbana,"(6.169022232, -75.58772239)"
2161731,08/07/2016,12:40 p.m.,Viernes,Camioneta,Particular,Conductor,Masculino,No,Sin Registro,Solo Daños,Choque,Reverso imprudente,Calle 38 A Sur Carrera 42,Zona Centro,Urbana,"(6.169022232, -75.58772239)"
2161706,08/07/2016,1:35 p.m.,Viernes,Camioneta,Particular,Conductor,Masculino,No,Sin Registro,Solo Daños,Choque,Otra,Tramo 372 Kilometro  11,Vereda Palmas,Rural,
2161706,08/07/2016,1:35 p.m.,Viernes,Motocicleta,Particular,Motociclista,Masculino,No,Sin Registro,Solo Daños,Choque,Otra,Tramo 372 Kilometro  11,Vereda Palmas,Rural,
2161698,08/07/2016,2:00 p.m.,Viernes,Automovil,Particular,Conductor,Masculino,No,Sin Registro,Solo Daños,Choque,Otra,Tramo 372 Kilometro  11,Vereda Palmas,Rural,
2161723,08/07/2016,4:30 p.m.,Viernes,Automovil,Publico,Conductor,Masculino,No,Sin Registro,Solo Daños,Choque,No mantener distancia de seguridad,Calle 34  Sur Carrera 43 A,Sin Registro,Urbana,"(6.173041737, -75.58696982)"
2161723,08/07/2016,4:30 p.m.,Viernes,Automovil,Particular,Conductor,Femenino,No,Sin Registro,Solo Daños,Choque,No mantener distancia de seguridad,Calle 34  Sur Carrera 43 A,Sin Registro,Urbana,"(6.173041737, -75.58696982)"
2161721,08/07/2016,8:25 p.m.,Viernes,Automovil,Publico,Conductor,Masculino,No,Sin Registro,Solo Daños,Choque,Otra,Calle 40  Sur Carrera 43 A,El Dorado,Urbana,"(6.167965983, -75.59024215)"
2161721,08/07/2016,8:25 p.m.,Viernes,Automovil,Particular,Conductor,Masculino,No,Sin Registro,Solo Daños,Choque,Otra,Calle 40  Sur Carrera 43 A,El Dorado,Urbana,"(6.167965983, -75.59024215)"
2161721,08/07/2016,8:25 p.m.,Viernes,Automovil,Particular,Conductor,Femenino,No,Sin Registro,Solo Daños,Choque,Otra,Calle 40  Sur Carrera 43 A,El Dorado,Urbana,"(6.167965983, -75.59024215)"
2161732,09/07/2016,6:15 a.m.,Sábado,Automovil,Publico,Conductor,Masculino,Si,3,Solo Daños,Choque,No mantener distancia de seguridad,Diagonal 31 Transversal 32,Las Orquideas,Urbana,"(6.174681134, -75.57847104)"
2161732,09/07/2016,6:15 a.m.,Sábado,Automovil,Publico,Conductor,Masculino,No,Sin Registro,Solo Daños,Choque,No mantener distancia de seguridad,Diagonal 31 Transversal 32,Las Orquideas,Urbana,"(6.174681134, -75.57847104)"
2161713,09/07/2016,9:20 a.m.,Sábado,Automovil,Particular,Conductor,Masculino,No,Sin Registro,Solo Daños,Choque,Otra,Calle 37  Sur Carrera 50,Las Vegas,Urbana,