RADICADO,FECHA,HORA,DÍA DE LA SEMANA,CLASE DE VEHICULO,TIPO DE SERVICIO,TIPO DE VICTIMA,SEXO,ESTADO DE BEODEZ,RESULTADO DE BEODEZ,GRAVEDAD,CLASE DE ACCIDENTE,CAUSA,DIRECCIÓN,BARRIO,AREA,Coordenadas
2161713,09/07/2016,9:20 a.m.,Sábado,Automovil,Particular,Conductor,Masculino,No,Sin Registro,Solo Daños,Choque,Otra,Calle 37  Sur Carrera 50,Las Vegas,Urbana,
2161696,09/07/2016,9:30 a.m.,Sábado,Automovil,Particular,Conductor,Femenino,No,Sin Registro,Solo Daños,Choque,Otra,Calle 37  Sur Carrera 47,Alcala,Urbana,"(6.173046979, -75.59165286)"
2161712,09/07/2016,11:50 a.m.,Sábado,Automovil,Particular,Conductor,Masculino,No,Sin Registro,Solo Daños,Choque,Otra,Tramo 372 Kilometro  13,Vereda Palmas,Rural,
2161712,09/07/2016,11:50 a.m.,Sábado,Camioneta,Particular,Conductor,Femenino,No,Sin Registro,Solo Daños,Choque,Otra,Tramo 372 Kilometro  13,Vereda Palmas,Rural,
2161733,09/07/2016,12:00 p.m.,Sábado,Automovil,Particular,Conductor,Femenino,No,Sin Registro,Solo Daños,Choque,No mantener distancia de seguridad,Calle 23  Sur Carrera 44,Zuñiga,Urbana,"(6.183050487, -75.58097628)"
2161733,09/07/2016,12:00 p.m.,Sábado,Automovil,Particular,Conductor,Femenino,No,Sin Registro,Solo Daños,Choque,No mantener distancia de seguridad,Calle 23  Sur Carrera 44,Zuñiga,Urbana,"(6.183050487, -75.58097628)"
2161711,09/07/2016,12:20 p.m.,Sábado,Automovil,Publico,Conductor,Masculino,No,Sin Registro,Solo Daños,Choque,Adelantar cerrando,Calle 37  Sur Carrera 50,Las Vegas,Urbana,
2161711,09/07/2016,12:20 p.m.,Sábado,Camion,Publico,Conductor,Masculino,No,Sin Registro,Solo Daños,Choque,Adelantar cerrando,Calle 37  Sur Carrera 50,Las Vegas,Urbana,
2161700,09/07/2016,2:50 p.m.,Sábado,Automovil,Particular,Conductor,Masculino,No,Sin Registro,Solo Daños,Choque,Otra,Tramo 372 Kilometro  12,Vereda Palmas,Rural,
2161700,09/07/2016,2:50 p.m.,Sábado,Automovil,Particular,Conductor,Femenino,No,Sin Registro,Solo Daños,Choque,Otra,Tramo 372 Kilometro  12,Vereda Palmas,Rural,
2161717,09/07/2016,3:15 p.m.,Sábado,Automovil,Particular,Conductor,Masculino,No,Sin Registro,Solo Daños,Choque,Otra,Calle 21  Sur Carrera 43 A,Sin Registro,Urbana,"(6.18399286, -75.57959764)"
2161717,09/07/2016,3:15 p.m.,Sábado,Campero,Particular,Conductor,Masculino,No,Sin Registro,Solo Daños,Choque,Otra,Calle 21  Sur Carrera 43 A,Sin Registro,Urbana,"(6.18399286, -75.57959764)"
2161717,09/07/2016,3:15 p.m.,Sábado,Automovil,Particular,Conductor,Masculino,No,Sin Registro,Solo Daños,Choque,Otra,Calle 21  Sur Carrera 43 A,Sin Registro,Urbana,"(6.18399286, -75.57959764)"
2161699,09/07/2016,8:20 p.m.,Sábado,Automovil,Particular,Conductor,Masculino,No,Sin Registro,Solo Daños,Choque,Otra,Diagonal 31 Transversal 34 D Sur,Los Naranjos,Urbana,"(6.17201459, -75.57921611)"
2161699,09/07/2016,8:20 p.m.,Sábado,Automovil,Particular,Conductor,Masculino,No,Sin Registro,Solo Daños,Choque,Otra,Diagonal 31 Transversal 34 D Sur,Los Naranjos,Urbana,"(6.17201459, -75.57921611)"
2161703,09/07/2016,9:30 p.m.,Sábado,Motocicleta,Particular,Motociclista,Masculino,No,Sin Registro,Solo Daños,Choque,Otra,Calle 39  Sur Carrera 32,Mesa,Urbana,"(6.164669196, -75.58245865)"
2161703,09/07/2016,9:30 p.m.,Sábado,Automovil,Particular,Conductor,Masculino,No,Sin Registro,Solo Daños,Choque,Otra,Calle 39  Sur Carrera 32,Mesa,Urbana,"(6.164669196, -75.58245865)"
2161694,10/07/2016,3:00 p.m.,Domingo,Automovil,Particular,Conductor,Femenino,No,Sin Registro,Solo Daños,Choque,Otra,Calle 36 D Sur Carrera 27,Vereda El Escobero,Urbana,"(6.162479576, -75.57022257)"
2161694,10/07/2016,3:00 p.m.,Domingo,Motocicleta,Particular,Motociclista,Masculino,No,Sin Registro,Solo Daños,Choque,Otra,Calle 36 D Sur Carrera 27,Vereda El Escobero,Urbana,"(6.162479576, -75.57022257)"
2161722,10/07/2016,3:50 p.m.,Domingo,Automovil,Particular,Conductor,Masculino,No,Sin Registro,Solo Daños,Choque,No mantener distancia de seguridad,Calle 25  Sur Carrera 43 A,Avenida El Poblado,Urbana,"(6.181560189, -75.58201649)"
2162896,09/24/2016,12:02 p.m.,Sábado,Camion,Publico,Conductor,Masculino,No,Sin Registro,Solo Daños,Choque,Otra,Carrera 50 Calle 39 A Sur,Las Vegas,Urbana,
2161722,10/07/2016,3:50 p.m.,Domingo,Camioneta,Particular,Conductor,Masculino,No,Sin Registro,Solo Daños,Choque,No mantener distancia de seguridad,Calle 25  Sur Carrera 43 A,Avenida El Poblado,Urbana,"(6.181560189, -75.58201649)"
2161722,10/07/2016,3:50 p.m.,Domingo,Automovil,Particular,Conductor,Femenino,No,Sin Registro,Solo Daños,Choque,No mantener distancia de seguridad,Calle 25  Sur Carrera 43 A,Avenida El Poblado,Urbana,"(6.181560189, -75.58201649)"
2161727,10/07/2016,6:25 p.m.,Domingo,Automovil,Diplomatico,Conductor,Masculino,No,Sin Registro,Solo Daños,Choque,Poner en marcha un vehiculo sin precauci,Calle 38  Sur Carrera 47 A,Alcala,Urbana,"(6.172609491, -75.59229961)"
2161727,10/07/2016,6:25 p.m.,Domingo,Automovil,Publico,Conductor,Masculino,No,Sin Registro,Solo Daños,Choque,Poner en marcha un vehiculo sin precauci,Calle 38  Sur Carrera 47 A,Alcala,Urbana,"(6.172609491, -75.59229961)"
2161724,10/07/2016,6:30 p.m.,Domingo,Automovil,Particular,Conductor,Masculino,No,Sin Registro,Herido,Choque,Otra,Calle 38 A Sur Carrera 25 A,El Chinguí,Urbana,
2161724,10/07/2016,6:30 p.m.,Domingo,Motocicleta,Particular,Motociclista,Masculino,No,Sin Registro,Herido,Choque,Otra,Calle 38 A Sur Carrera 25 A,El Chinguí,Urbana,
2161719,10/07/2016,7:10 p.m.,Domingo,Automovil,Particular,Conductor,Masculino,No,Sin Registro,Solo Daños,Choque,No mantener distancia de seguridad,Calle 25 A Sur Carrera 48,Las Vegas,Urbana,"(6.185202689, -75.58358718)"
2161719,10/07/2016,7:10 p.m.,Domingo,Automovil,Particular,Conductor,Masculino,No,Sin Registro,Solo Daños,Choque,No mantener distancia de seguridad,Calle 25 A Sur Carrera 48,Las Vegas,Urbana,"(6.185202689, -75.58358718)"
2161697,10/07/2016,7:45 p.m.,Domingo,Automovil,Particular,Conductor,Masculino,No,Sin Registro,Solo Daños,Choque,Otra,Calle 25 A Sur Carrera 48,Las Vegas,Urbana,"(6.185202689, -75.58358718)"
2161697,10/07/2016,7:45 p.m.,Domingo,Automovil,Publico,Conductor,Masculino,No,Sin Registro,Solo Daños,Choque,Otra,Calle 25 A Sur Carrera 48,Las Vegas,Urbana,"(6.185202689, -75.58358718)"
2161715,11/07/2016,3:50 a.m.,Lunes,Campero,Particular,Conductor,Femenino,No,Sin Registro,Solo Daños,Choque,No mantener distancia de seguridad,Calle 37  Sur Carrera 31,Mesa,Urbana,"(6.166120684, -75.58074061)"
2161715,11/07/2016,3:50 a.m.,Lunes,Bus,Publico,Conductor,Masculino,No,Sin Registro,Solo Daños,Choque,No mantener distancia de seguridad,Calle 37  Sur Carrera 31,Mesa,Urbana,"(6.166120684, -75.58074061)"
2162048,11/07/2016,4:40 a.m.,Lunes,Microbus,Publico,Conductor,Masculino,No,Sin Registro,Solo Daños,Choque,Otra,Calle 37  Sur Carrera 50,Las Vegas,Urbana,
2162048,11/07/2016,4:40 a.m.,Lunes,Automovil,Particular,Conductor,Sin registro,No,Sin Registro,Solo Daños,Choque,Otra,Calle 37  Sur Carrera 50,Las Vegas,Urbana,
2161714,11/07/2016,5:52 a.m.,Lunes,Campero,Particular,Conductor,Masculino,No,Sin Registro,Herido,Choque,Otra,Calle 30  Sur Carrera 48,Las Vegas,Urbana,"(6.180376127, -75.59028805)"
2161714,11/07/2016,5:52 a.m.,Lunes,Motocicleta,Particular,Motociclista,Masculino,No,Sin Registro,Herido,Choque,Otra,Calle 30  Sur Carrera 48,Las Vegas,Urbana,"(6.180376127, -75.59028805)"
2161716,11/07/2016,6:40 a.m.,Lunes,Automovil,Publico,Conductor,Masculino,No,Sin Registro,Solo Daños,Choque,Otra,Calle 39  Sur Carrera 27 B,Sin Registro,Urbana,"(6.159217585, -75.57883462)"
2161716,11/07/2016,6:40 a.m.,Lunes,Motocicleta,Particular,Motociclista,Masculino,No,Sin Registro,Solo Daños,Choque,Otra,Calle 39  Sur Carrera 27 B,Sin Registro,Urbana,"(6.159217585, -75.57883462)"
2161730,11/07/2016,9:15 a.m.,Lunes,Camioneta,Particular,Conductor,Femenino,No,Sin Registro,Solo Daños,Choque,Desobedecer senales,Calle 25  Sur Carrera 48,Las Vegas,Urbana,
2161730,11/07/2016,9:15 a.m.,Lunes,Automovil,Particular,Conductor,Femenino,No,Sin Registro,Solo Daños,Choque,Desobedecer senales,Calle 25  Sur Carrera 48,Las Vegas,Urbana,
2161738,11/07/2016,1:40 p.m.,Lunes,Motocicleta,Diplomatico,Motociclista,Masculino,No,Sin Registro,Solo Daños,Choque,Otra,Calle 27  Sur Carrera 48,Las Vegas,Urbana,
2161738,11/07/2016,1:40 p.m.,Lunes,Automovil,Particular,Conductor,Masculino,No,Sin Registro,Solo Daños,Choque,Otra,Calle 27  Sur Carrera 48,Las Vegas,Urbana,
2161736,11/07/2016,3:00 p.m.,Lunes,Bus,Publico,Conductor,Masculino,No,Sin Registro,Solo Daños,Choque,Adelantar cerrando,Calle 50  Sur Carrera 43 A,Las Casitas,Urbana,
2161736,11/07/2016,3:00 p.m.,Lunes,Automovil,Particular,Conductor,Femenino,No,Sin Registro,Solo Daños,Choque,Adelantar cerrando,Calle 50  Sur Carrera 43 A,Las Casitas,Urbana,
2162253,11/07/2016,3:30 p.m.,Lunes,Motocicleta,Particular,Motociclista,Masculino,No,Sin Registro,Solo Daños,Choque,Otra,Carrera 42 A Calle 34  Sur,Sin Registro,Urbana,
2162253,11/07/2016,3:30 p.m.,Lunes,Automovil,Publico,Conductor,Masculino,No,Sin Registro,Solo Daños,Choque,Otra,Carrera 42 A Calle 34  Sur,Sin Registro,Urbana,
2161726,11/07/2016,4:00 p.m.,Lunes,Bus,Publico,Conductor,Masculino,No,Sin Registro,Solo Daños,Choque,No mantener distancia de seguridad,Calle 25 A Sur Carrera 43 A,Avenida El Poblado,Urbana,"(6.181689385, -75.58241799)"
2161726,11/07/2016,4:00 p.m.,Lunes,Automovil,Particular,Conductor,Masculino,No,Sin Registro,Solo Daños,Choque,No mantener distancia de seguridad,Calle 25 A Sur Carrera 43 A,Avenida El Poblado,Urbana,"(6.181689385, -75.58241799)"
2161728,11/07/2016,5:10 p.m.,Lunes,Bus,Publico,Conductor,Masculino,No,Sin Registro,Solo Daños,Choque,Poner en marcha un vehiculo sin precauci,Carrera 43 A Transversal 27 A,Avenida El Poblado,Urbana,"(6.178993539, -75.58360591)"
2161728,11/07/2016,5:10 p.m.,Lunes,Automovil,Particular,Conductor,Masculino,No,Sin Registro,Solo Daños,Choque,Poner en marcha un vehiculo sin precauci,Carrera 43 A Transversal 27 A,Avenida El Poblado,Urbana,"(6.178993539, -75.58360591)"
2161729,11/07/2016,5:30 p.m.,Lunes,Automovil,Publico,Conductor,Masculino,No,Sin Registro,Solo Daños,Choque,No respetar prelacion,Calle 39  Sur Carrera 33,Mesa,Urbana,"(6.164989355, -75.58296685)"
2161729,11/07/2016,5:30 p.m.,Lunes,Automovil,Particular,Conductor,Femenino,No,Sin Registro,Solo Daños,Choque,No respetar prelacion,Calle 39  Sur Carrera 33,Mesa,Urbana,"(6.164989355, -75.58296685)"
2161737,12/07/2016,7:00 a.m.,Martes,Automovil,Particular,Conductor,Masculino,No,Sin Registro,Solo Daños,Choque,Transitar entre vehiculos,Calle 25  Sur Carrera 48,Sin Registro,Urbana,
2161737,12/07/2016,7:00 a.m.,Martes,Motocicleta,Particular,Motociclista,Femenino,No,Sin Registro,Solo Daños,Choque,Transitar entre vehiculos,Calle 25  Sur Carrera 48,Sin Registro,Urbana,
2161734,12/07/2016,7:15 a.m.,Martes,Automovil,Particular,Conductor,Femenino,No,Sin Registro,Solo Daños,Choque,Adelantar cerrando,Calle 25 B Sur Carrera 48,Las Vegas,Urbana,"(6.182085855, -75.58502925)"
2161734,12/07/2016,7:15 a.m.,Martes,Automovil,Particular,Conductor,Masculino,No,Sin Registro,Solo Daños,Choque,Adelantar cerrando,Calle 25 B Sur Carrera 48,Las Vegas,Urbana,"(6.182085855, -75.58502925)"
2161743,12/07/2016,9:40 a.m.,Martes,Camion,Publico,Conductor,Masculino,No,Sin Registro,Solo Daños,Choque,Adelantar cerrando,Diagonal 32 Transversal 35 A,Los Naranjos,Urbana,"(6.169858515, -75.58097336)"
2161743,12/07/2016,9:40 a.m.,Martes,Automovil,Particular,Conductor,Masculino,No,Sin Registro,Solo Daños,Choque,Adelantar cerrando,Diagonal 32 Transversal 35 A,Los Naranjos,Urbana,"(6.169858515, -75.58097336)"
2161735,12/07/2016,10:35 a.m.,Martes,Motocicleta,Particular,Motociclista,Masculino,No,Sin Registro,Solo Daños,Choque,Desobedecer senales,Calle 33  Sur Carrera 43 A,San Marcos,Urbana,"(6.173912569, -75.58697473)"
2161735,12/07/2016,10:35 a.m.,Martes,Automovil,Particular,Conductor,Femenino,No,Sin Registro,Solo Daños,Choque,Desobedecer senales,Calle 33  Sur Carrera 43 A,San Marcos,Urbana,"(6.173912569, -75.58697473)"
2161742,12/07/2016,11:55 a.m.,Martes,Automovil,Particular,Conductor,Masculino,No,Sin Registro,Solo Daños,Choque,No mantener distancia de seguridad,Calle 36 A Sur Carrera 48,El Portal,Urbana,"(6.173604362, -75.59128493)"
2161742,12/07/2016,11:55 a.m.,Martes,Campero,Particular,Conductor,Masculino,No,Sin Registro,Solo Daños,Choque,No mantener distancia de seguridad,Calle 36 A Sur Carrera 48,El Portal,Urbana,"(6.173604362, -75.59128493)"
2161740,12/07/2016,2:10 p.m.,Martes,Automovil,Particular,Conductor,Masculino,No,Sin Registro,Solo Daños,Choque,Reverso imprudente,Calle 39 B Sur Carrera 32,San Jose,Urbana,"(6.163909636, -75.5829262)"
2161740,12/07/2016,2:10 p.m.,Martes,Motocicleta,Particular,Motociclista,Masculino,No,Sin Registro,Solo Daños,Choque,Reverso imprudente,Calle 39 B Sur Carrera 32,San Jose,Urbana,"(6.163909636, -75.5829262)"
2161741,12/07/2016,4:50 p.m.,Martes,Automovil,Particular,Conductor,Femenino,No,Sin Registro,Solo Daños,Choque,No mantener distancia de seguridad,Calle 32 B Sur Carrera 49,Las Vegas,Urbana,"(6.176640341, -75.58918757)"
2161741,12/07/2016,4:50 p.m.,Martes,Campero,Particular,Conductor,Masculino,No,Sin Registro,Solo Daños,Choque,No mantener distancia de seguridad,Calle 32 B Sur Carrera 49,Las Vegas,Urbana,"(6.176640341, -75.58918757)"
2161750,07/13/2016,7:10 a.m.,Miércoles,Buseta,Publico,Conductor,Masculino,No,Sin Registro,Solo Daños,Choque,No respetar prelacion,Calle 26  Sur Carrera 43 A,Avenida El Poblado,Urbana,"(6.180841534, -75.58293815)"
2161750,07/13/2016,7:10 a.m.,Miércoles,Camioneta,Particular,Conductor,Masculino,No,Sin Registro,Solo Daños,Choque,No respetar prelacion,Calle 26  Sur Carrera 43 A,Avenida El Poblado,Urbana,"(6.180841534, -75.58293815)"
2161744,07/13/2016,9:15 a.m.,Miércoles,Automovil,Particular,Conductor,Femenino,No,Sin Registro,Solo Daños,Choque,Impericia en el manejo,Calle 36  Sur Carrera 45,San Marcos,Urbana,"(6.172557903, -75.58890252)"
2161744,07/13/2016,9:15 a.m.,Miércoles,Motocicleta,Particular,Motociclista,Masculino,No,Sin Registro,Solo Daños,Choque,Impericia en el manejo,Calle 36  Sur Carrera 45,San Marcos,Urbana,"(6.172557903, -75.58890252)"
2161745,07/13/2016,10:30 a.m.,Miércoles,Bus,Publico,Conductor,Masculino,No,Sin Registro,Solo Daños,Choque,Impericia en el manejo,Calle 38 A Sur Carrera 34,Mesa,Urbana,"(6.165984351, -75.58306945)"
2161745,07/13/2016,10:30 a.m.,Miércoles,Camioneta,Publico,Conductor,Masculino,No,Sin Registro,Solo Daños,Choque,Impericia en el manejo,Calle 38 A Sur Carrera 34,Mesa,Urbana,"(6.165984351, -75.58306945)"
2161745,07/13/2016,10:30 a.m.,Miércoles,Camion,Publico,Conductor,Femenino,No,Sin Registro,Solo Daños,Choque,Impericia en el manejo,Calle 38 A Sur Carrera 34,Mesa,Urbana,"(6.165984351, -75.58306945)"
2161746,07/13/2016,11:40 a.m.,Miércoles,Campero,Particular,Conductor,Femenino,No,Sin Registro,Solo Daños,Choque,No mantener distancia de seguridad,Calle 37  Sur Carrera 50,Las Vegas,Urbana,
2161746,07/13/2016,11:40 a.m.,Miércoles,Automovil,Publico,Conductor,Masculino,No,Sin Registro,Solo Daños,Choque,No mantener distancia de seguridad,Calle 37  Sur Carrera 50,Las Vegas,Urbana,
2161748,07/13/2016,1:15 p.m.,Miércoles,Camioneta,Particular,Conductor,Masculino,No,Sin Registro,Solo Daños,Volcamiento,Otra,Calle 25 AA Sur Carrera 48,Las Vegas,Urbana,"(6.18405129, -75.58478383)"
2161748,07/13/2016,1:15 p.m.,Miércoles,Automovil,Particular,Conductor,Masculino,No,Sin Registro,Solo Daños,Volcamiento,Otra,Calle 25 AA Sur Carrera 48,Las Vegas,Urbana,"(6.18405129, -75.58478383)"
2161749,07/13/2016,1:15 p.m.,Miércoles,Camioneta,Diplomatico,Conductor,Masculino,No,Sin Registro,Herido,Choque,Semaforo en rojo,Calle 38 A Sur Carrera 41,Zona Centro,Urbana,"(6.168560755, -75.58701537)"
2161749,07/13/2016,1:15 p.m.,Miércoles,Motocicleta,Particular,Motociclista,Masculino,No,Sin Registro,Herido,Choque,Semaforo en rojo,Calle 38 A Sur Carrera 41,Zona Centro,Urbana,"(6.168560755, -75.58701537)"
2161749,07/13/2016,1:15 p.m.,Miércoles,Motocicleta,Particular,Motociclista,Masculino,No,Sin Registro,Herido,Choque,Semaforo en rojo,Calle 38 A Sur Carrera 41,Zona Centro,Urbana,"(6.168560755, -75.58701537)"
2161749,07/13/2016,1:15 p.m.,Miércoles,Automovil,Particular,Conductor,Femenino,No,Sin Registro,Herido,Choque,Semaforo en rojo,Calle 38 A Sur Carrera 41,Zona Centro,Urbana,"(6.168560755, -75.58701537)"
2161747,07/13/2016,5:00 p.m.,Miércoles,Motocicleta,Particular,Motociclista,Masculino,No,Sin Registro,Herido,Choque,Transitar entre vehiculos,Calle 37  Sur Carrera 49,Las Vegas,Urbana,"(6.174789471, -75.59420424)"
2162896,09/24/2016,12:02 p.m.,Sábado,Camion,Publico,Conductor,Masculino,No,Sin Registro,Solo Daños,Choque,Otra,Carrera 50 Calle 39 A Sur,Las Vegas,Urbana,
2161747,07/13/2016,5:00 p.m.,Miércoles,Motocicleta,Particular,Motociclista,Femenino,No,Sin Registro,Herido,Choque,Transitar entre vehiculos,Calle 37  Sur Carrera 49,Las Vegas,Urbana,"(6.174789471, -75.59420424)"
2161760,07/13/2016,6:20 p.m.,Miércoles,Campero,Particular,Conductor,Femenino,No,Sin Registro,Herido,Choque,Adelantar cerrando,Calle 21  Sur Carrera 41,Sin Registro,Urbana,"(6.182165945, -75.57677668)"
2161760,07/13/2016,6:20 p.m.,Miércoles,Motocicleta,Particular,Motociclista,Femenino,No,Sin Registro,Herido,Choque,Adelantar cerrando,Calle 21  Sur Carrera 41,Sin Registro,Urbana,"(6.182165945, -75.57677668)"
2161755,07/13/2016,8:40 p.m.,Miércoles,Automovil,Particular,Conductor,Femenino,No,Sin Registro,Solo Daños,Choque,Transitar entre vehiculos,Calle 23  Sur Carrera 43 A,Zuñiga,Urbana,"(6.182706228, -75.58032996)"
2161755,07/13/2016,8:40 p.m.,Miércoles,Motocicleta,Particular,Motociclista,Masculino,No,Sin Registro,Solo Daños,Choque,Transitar entre vehiculos,Calle 23  Sur Carrera 43 A,Zuñiga,Urbana,"(6.182706228, -75.58032996)"
2161755,07/13/2016,8:40 p.m.,Miércoles,Camioneta,Particular,Conductor,Masculino,No,Sin Registro,Solo Daños,Choque,Transitar entre vehiculos,Calle 23  Sur Carrera 43 A,Zuñiga,Urbana,"(6.182706228, -75.58032996)"
2161751,07/14/2016,5:10 a.m.,Jueves,Automovil,Publico,Conductor,Masculino,No,Sin Registro,Solo Daños,Choque,Adelantar cerrando,Calle 46  Sur Carrera 43 A,Primavera,Urbana,"(6.164149951, -75.5959975)"
2161751,07/14/2016,5:10 a.m.,Jueves,Camioneta,Particular,Conductor,Masculino,No,Sin Registro,Solo Daños,Choque,Adelantar cerrando,Calle 46  Sur Carrera 43 A,Primavera,Urbana,"(6.164149951, -75.5959975)"
2161752,07/14/2016,6:15 a.m.,Jueves,Camioneta,Publico,Conductor,Masculino,No,Sin Registro,Herido,Choque,Adelantar por la derecha,Calle 37  Sur Carrera 41,Zona Centro,Urbana,"(6.169855492, -75.58619601)"
2161790,07/17/2016,4:00 p.m.,Domingo,Camion,Publico,Conductor,Masculino,No,Sin Registro,Solo Daños,Choque,No respetar prelacion,Tramo 372 Kilometro  17,Vereda Palmas,Rural,
2161752,07/14/2016,6:15 a.m.,Jueves,Motocicleta,Particular,Motociclista,Masculino,No,Sin Registro,Herido,Choque,Adelantar por la derecha,Calle 37  Sur Carrera 41,Zona Centro,Urbana,"(6.169855492, -75.58619601)"
2161773,07/14/2016,6:40 a.m.,Jueves,Bus,Publico,Conductor,Masculino,No,Sin Registro,Solo Daños,Choque,No mantener distancia de seguridad,Calle 38 A Sur Carrera 43 A,Zona Centro,Urbana,"(6.169807343, -75.58912536)"
2161773,07/14/2016,6:40 a.m.,Jueves,Camioneta,Particular,Conductor,Masculino,No,Sin Registro,Solo Daños,Choque,No mantener distancia de seguridad,Calle 38 A Sur Carrera 43 A,Zona Centro,Urbana,"(6.169807343, -75.58912536)"
2161795,07/14/2016,9:35 a.m.,Jueves,Automovil,Publico,Conductor,Masculino,No,Sin Registro,Solo Daños,Choque,Adelantar por la derecha,Calle 36  Sur Carrera 41,Zona Centro,Urbana,"(6.170639628, -75.58578509)"
2161795,07/14/2016,9:35 a.m.,Jueves,Motocicleta,Particular,Motociclista,Masculino,No,Sin Registro,Solo Daños,Choque,Adelantar por la derecha,Calle 36  Sur Carrera 41,Zona Centro,Urbana,"(6.170639628, -75.58578509)"
2161761,07/14/2016,12:00 p.m.,Jueves,Motocicleta,Particular,Motociclista,Masculino,No,Sin Registro,Herido,Choque,Transitar entre vehiculos,Calle 30 A Sur Carrera 48,Las Vegas,Urbana,"(6.177125457, -75.58608593)"
2161761,07/14/2016,12:00 p.m.,Jueves,Camioneta,Particular,Conductor,Masculino,No,Sin Registro,Herido,Choque,Transitar entre vehiculos,Calle 30 A Sur Carrera 48,Las Vegas,Urbana,"(6.177125457, -75.58608593)"
2161753,07/14/2016,1:00 p.m.,Jueves,Camioneta,Particular,Conductor,Masculino,No,Sin Registro,Solo Daños,Choque,Adelantar cerrando,Calle 39 A Sur Carrera 49,Las Vegas,Urbana,"(6.168916704, -75.59147177)"
2161753,07/14/2016,1:00 p.m.,Jueves,Motocicleta,Particular,Motociclista,Masculino,No,Sin Registro,Solo Daños,Choque,Adelantar cerrando,Calle 39 A Sur Carrera 49,Las Vegas,Urbana,"(6.168916704, -75.59147177)"
2161757,07/14/2016,2:00 p.m.,Jueves,Automovil,Particular,Conductor,Sin registro,No,Sin Registro,Solo Daños,Choque,No mantener distancia de seguridad,Calle 19  Sur Carrera 48,Las Vegas,Urbana,
2161757,07/14/2016,2:00 p.m.,Jueves,Automovil,Particular,Conductor,Femenino,No,Sin Registro,Solo Daños,Choque,No mantener distancia de seguridad,Calle 19  Sur Carrera 48,Las Vegas,Urbana,
2161757,07/14/2016,2:00 p.m.,Jueves,Automovil,Particular,Conductor,Femenino,No,Sin Registro,Solo Daños,Choque,No mantener distancia de seguridad,Calle 19  Sur Carrera 48,Las Vegas,Urbana,
2161757,07/14/2016,2:00 p.m.,Jueves,Automovil,Particular,Conductor,Femenino,No,Sin Registro,Solo Daños,Choque,No mantener distancia de seguridad,Calle 19  Sur Carrera 48,Las Vegas,Urbana,
2161774,07/14/2016,5:00 p.m.,Jueves,Camion,Publico,Conductor,Masculino,No,Sin Registro,Solo Daños,Choque,No respetar prelacion,Calle 40  Sur Carrera 28,Sin Registro,Urbana,"(6.160296111, -75.5812938)"
2161774,07/14/2016,5:00 p.m.,Jueves,Automovil,Particular,Conductor,Masculino,No,Sin Registro,Solo Daños,Choque,No respetar prelacion,Calle 40  Sur Carrera 28,Sin Registro,Urbana,"(6.160296111, -75.5812938)"
2161756,07/14/2016,6:10 p.m.,Jueves,Microbus,Publico,Conductor,Masculino,No,Sin Registro,Solo Daños,Choque,No mantener distancia de seguridad,Calle 37  Sur Carrera 43 A,Zona Centro,Urbana,"(6.171151654, -75.58815663)"
2161756,07/14/2016,6:10 p.m.,Jueves,Microbus,Publico,Conductor,Masculino,No,Sin Registro,Solo Daños,Choque,No mantener distancia de seguridad,Calle 37  Sur Carrera 43 A,Zona Centro,Urbana,"(6.171151654, -75.58815663)"
2161771,07/14/2016,6:40 p.m.,Jueves,Camion,Publico,Conductor,Masculino,No,Sin Registro,Solo Daños,Choque,Otra,Calle 37  Sur Carrera 48,Sin Registro,Urbana,"(6.17412211, -75.59306111)"
2161771,07/14/2016,6:40 p.m.,Jueves,Automovil,Particular,Conductor,Masculino,No,Sin Registro,Solo Daños,Choque,Otra,Calle 37  Sur Carrera 48,Sin Registro,Urbana,"(6.17412211, -75.59306111)"
2161785,07/14/2016,6:55 p.m.,Jueves,Campero,Particular,Conductor,Masculino,No,Sin Registro,Solo Daños,Choque,No mantener distancia de seguridad,Calle 48  Sur Carrera 43 A,Avenida El Poblado,Urbana,"(6.168335134, -75.59723358)"
2161785,07/14/2016,6:55 p.m.,Jueves,Automovil,Publico,Conductor,Masculino,No,Sin Registro,Solo Daños,Choque,No mantener distancia de seguridad,Calle 48  Sur Carrera 43 A,Avenida El Poblado,Urbana,"(6.168335134, -75.59723358)"
2161754,07/14/2016,10:15 p.m.,Jueves,Bus,Publico,Conductor,Masculino,No,Sin Registro,Solo Daños,Choque,Semaforo en rojo,Calle 37  Sur Carrera 39,Zona Centro,Urbana,"(6.169035546, -75.58484755)"
2161754,07/14/2016,10:15 p.m.,Jueves,Motocicleta,Particular,Motociclista,Masculino,No,Sin Registro,Solo Daños,Choque,Semaforo en rojo,Calle 37  Sur Carrera 39,Zona Centro,Urbana,"(6.169035546, -75.58484755)"
2161775,07/15/2016,6:50 a.m.,Viernes,Automovil,Particular,Conductor,Masculino,No,Sin Registro,Solo Daños,Choque,Transitar entre vehiculos,Tramo 372 Kilometro  7,Vereda Palmas,Rural,
2161775,07/15/2016,6:50 a.m.,Viernes,Motocicleta,Particular,Motociclista,Masculino,No,Sin Registro,Solo Daños,Choque,Transitar entre vehiculos,Tramo 372 Kilometro  7,Vereda Palmas,Rural,
2161763,07/15/2016,8:10 a.m.,Viernes,Microbus,Publico,Conductor,Masculino,No,Sin Registro,Solo Daños,Choque,No mantener distancia de seguridad,Calle 39  Sur Carrera 48,Las Vegas,Urbana,"(6.17373153, -75.59688397)"