RADICADO,FECHA,HORA,DÍA DE LA SEMANA,CLASE DE VEHICULO,TIPO DE SERVICIO,TIPO DE VICTIMA,SEXO,ESTADO DE BEODEZ,RESULTADO DE BEODEZ,GRAVEDAD,CLASE DE ACCIDENTE,CAUSA,DIRECCIÓN,BARRIO,AREA,Coordenadas
2161763,07/15/2016,8:10 a.m.,Viernes,Automovil,Particular,Conductor,Masculino,No,Sin Registro,Solo Daños,Choque,No mantener distancia de seguridad,Calle 39  Sur Carrera 48,Las Vegas,Urbana,"(6.17373153, -75.59688397)"
2161782,07/15/2016,11:15 a.m.,Viernes,Automovil,Publico,Conductor,Masculino,No,Sin Registro,Solo Daños,Choque,No mantener distancia de seguridad,Calle 37  Sur Carrera 50,Las Vegas,Urbana,
2161782,07/15/2016,11:15 a.m.,Viernes,Automovil,Particular,Conductor,Masculino,No,Sin Registro,Solo Daños,Choque,No mantener distancia de seguridad,Calle 37  Sur Carrera 50,Las Vegas,Urbana,
2161793,07/15/2016,11:35 a.m.,Viernes,Camioneta,Publico,Conductor,Masculino,No,Sin Registro,Solo Daños,Choque,Adelantar cerrando,Calle 38  Sur Carrera 46,Sin Registro,Urbana,"(6.171966643, -75.59136974)"
2161793,07/15/2016,11:35 a.m.,Viernes,Camioneta,Publico,Conductor,Masculino,No,Sin Registro,Solo Daños,Choque,Adelantar cerrando,Calle 38  Sur Carrera 46,Sin Registro,Urbana,"(6.171966643, -75.59136974)"
2161780,07/15/2016,12:35 p.m.,Viernes,Automovil,Particular,Conductor,Femenino,No,Sin Registro,Herido,Atropello,Otra,Calle 46 A Sur Carrera 49,Las Vegas,Urbana,"(6.167038176, -75.60081726)"
2161777,07/15/2016,3:30 p.m.,Viernes,Automovil,Particular,Conductor,Femenino,No,Sin Registro,Solo Daños,Choque,Adelantar cerrando,Calle 37  Sur Carrera 32,Mesa,Urbana,"(6.166691719, -75.58118599)"
2161777,07/15/2016,3:30 p.m.,Viernes,Camion,Publico,Conductor,Masculino,No,Sin Registro,Solo Daños,Choque,Adelantar cerrando,Calle 37  Sur Carrera 32,Mesa,Urbana,"(6.166691719, -75.58118599)"
2161778,07/15/2016,3:40 p.m.,Viernes,Camioneta,Particular,Conductor,Masculino,No,Sin Registro,Solo Daños,Choque,No mantener distancia de seguridad,Calle 37  Sur Carrera 50,Las Vegas,Urbana,
2161778,07/15/2016,3:40 p.m.,Viernes,Camioneta,Particular,Conductor,Femenino,No,Sin Registro,Solo Daños,Choque,No mantener distancia de seguridad,Calle 37  Sur Carrera 50,Las Vegas,Urbana,
2161791,07/15/2016,3:45 p.m.,Viernes,Camion,Publico,Conductor,Masculino,No,Sin Registro,Solo Daños,Choque,No respetar prelacion,Calle 37  Sur Carrera 50,Las Vegas,Urbana,
2161791,07/15/2016,3:45 p.m.,Viernes,Automovil,Particular,Conductor,Masculino,No,Sin Registro,Solo Daños,Choque,No respetar prelacion,Calle 37  Sur Carrera 50,Las Vegas,Urbana,
2161767,07/15/2016,4:20 p.m.,Viernes,Automovil,Particular,Conductor,Femenino,No,Sin Registro,Solo Daños,Choque,No mantener distancia de seguridad,Calle 32 B Sur Carrera 48,Las Vegas,Urbana,"(6.177255701, -75.59003137)"
2161767,07/15/2016,4:20 p.m.,Viernes,Camioneta,Particular,Conductor,Femenino,No,Sin Registro,Solo Daños,Choque,No mantener distancia de seguridad,Calle 32 B Sur Carrera 48,Las Vegas,Urbana,"(6.177255701, -75.59003137)"
2161781,07/16/2016,5:30 a.m.,Sábado,Automovil,Particular,Conductor,Masculino,Si,3,Solo Daños,Choque,Embriaguez o droga,Calle 37  Sur Carrera 38,Zona Centro,Urbana,"(6.168685416, -75.58429124)"
2161770,07/16/2016,5:45 a.m.,Sábado,Automovil,Particular,Conductor,Masculino,No,Sin Registro,Solo Daños,Choque,Adelantar cerrando,Calle 49  Sur Carrera 50,Las Vegas,Urbana,
2161770,07/16/2016,5:45 a.m.,Sábado,Bus,Publico,Conductor,Masculino,No,Sin Registro,Solo Daños,Choque,Adelantar cerrando,Calle 49  Sur Carrera 50,Las Vegas,Urbana,
2161765,07/16/2016,8:50 a.m.,Sábado,Camioneta,Publico,Conductor,Masculino,No,Sin Registro,Solo Daños,Choque,No mantener distancia de seguridad,Calle 39  Sur Carrera 49,Sin Registro,Urbana,
2161765,07/16/2016,8:50 a.m.,Sábado,Motocicleta,Particular,Motociclista,Masculino,No,Sin Registro,Solo Daños,Choque,No mantener distancia de seguridad,Calle 39  Sur Carrera 49,Sin Registro,Urbana,
2161783,07/16/2016,9:50 a.m.,Sábado,Automovil,Particular,Conductor,Masculino,No,Sin Registro,Solo Daños,Choque,No mantener distancia de seguridad,Calle 37  Sur Carrera 50,Las Vegas,Urbana,
2161783,07/16/2016,9:50 a.m.,Sábado,Camion,Publico,Conductor,Masculino,No,Sin Registro,Solo Daños,Choque,No mantener distancia de seguridad,Calle 37  Sur Carrera 50,Las Vegas,Urbana,
2161821,07/20/2016,4:10 p.m.,Miércoles,Bicicleta,Particular,Ciclista,Masculino,No,Sin Registro,Herido,Choque,Otra,Tramo 181  Noreste Kilometro  13,Sin Registro,Rural,
2161766,07/16/2016,10:50 a.m.,Sábado,Camioneta,Particular,Conductor,Masculino,No,Sin Registro,Solo Daños,Choque,Adelantar cerrando,Calle 33 B Sur Carrera 48,Las Vegas,Urbana,"(6.172981087, -75.58607623)"
2161766,07/16/2016,10:50 a.m.,Sábado,Campero,Particular,Conductor,Masculino,No,Sin Registro,Solo Daños,Choque,Adelantar cerrando,Calle 33 B Sur Carrera 48,Las Vegas,Urbana,"(6.172981087, -75.58607623)"
2161764,07/16/2016,11:10 a.m.,Sábado,Automovil,Particular,Conductor,Masculino,No,Sin Registro,Solo Daños,Choque,Adelantar en zona prohibida,Calle 48 C Sur Carrera 46,Las Vegas,Urbana,"(6.162854875, -75.59974437)"
2161764,07/16/2016,11:10 a.m.,Sábado,Motocicleta,Particular,Motociclista,Masculino,No,Sin Registro,Solo Daños,Choque,Adelantar en zona prohibida,Calle 48 C Sur Carrera 46,Las Vegas,Urbana,"(6.162854875, -75.59974437)"
2161788,07/16/2016,11:35 a.m.,Sábado,Automovil,Particular,Conductor,Femenino,No,Sin Registro,Herido,Choque,Desobedecer senales,Calle 36  Sur Carrera 45 A,El Portal,Urbana,"(6.172557903, -75.58890252)"
2161788,07/16/2016,11:35 a.m.,Sábado,Bicicleta,Particular,Ciclista,Masculino,No,Sin Registro,Herido,Choque,Desobedecer senales,Calle 36  Sur Carrera 45 A,El Portal,Urbana,"(6.172557903, -75.58890252)"
2161769,07/16/2016,12:00 p.m.,Sábado,Automovil,Particular,Conductor,Masculino,No,Sin Registro,Solo Daños,Choque,No mantener distancia de seguridad,Calle 23  Sur Carrera 43 A,Avenida El Poblado,Urbana,"(6.182706228, -75.58032996)"
2161769,07/16/2016,12:00 p.m.,Sábado,Motocicleta,Particular,Motociclista,Masculino,No,Sin Registro,Solo Daños,Choque,No mantener distancia de seguridad,Calle 23  Sur Carrera 43 A,Avenida El Poblado,Urbana,"(6.182706228, -75.58032996)"
2161762,07/16/2016,12:30 p.m.,Sábado,Camioneta,Publico,Conductor,Masculino,No,Sin Registro,Herido,Choque,Transitar entre vehiculos,Calle 43  Sur Carrera 50,Las Vegas,Urbana,"(6.159203801, -75.60259496)"
2161762,07/16/2016,12:30 p.m.,Sábado,Motocicleta,Particular,Motociclista,Masculino,No,Sin Registro,Herido,Choque,Transitar entre vehiculos,Calle 43  Sur Carrera 50,Las Vegas,Urbana,"(6.159203801, -75.60259496)"
2161776,07/16/2016,2:20 p.m.,Sábado,Automovil,Particular,Conductor,Femenino,No,Sin Registro,Solo Daños,Choque,No mantener distancia de seguridad,Calle 36 D Sur Carrera 27,Vereda El Escobero,Urbana,"(6.162479576, -75.57022257)"
2161776,07/16/2016,2:20 p.m.,Sábado,Automovil,Publico,Conductor,Masculino,No,Sin Registro,Solo Daños,Choque,No mantener distancia de seguridad,Calle 36 D Sur Carrera 27,Vereda El Escobero,Urbana,"(6.162479576, -75.57022257)"
2161796,07/16/2016,3:00 p.m.,Sábado,Automovil,Particular,Conductor,Masculino,No,Sin Registro,Solo Daños,Choque,No mantener distancia de seguridad,Calle 37  Sur Carrera 48,Sin Registro,Urbana,"(6.17412211, -75.59306111)"
2161796,07/16/2016,3:00 p.m.,Sábado,Camioneta,Particular,Conductor,Masculino,No,Sin Registro,Solo Daños,Choque,No mantener distancia de seguridad,Calle 37  Sur Carrera 48,Sin Registro,Urbana,"(6.17412211, -75.59306111)"
2161779,07/16/2016,3:20 p.m.,Sábado,Motocicleta,Particular,Motociclista,Masculino,No,Sin Registro,Solo Daños,Choque,Adelantar cerrando,Calle 37  Sur Carrera 48,Sin Registro,Urbana,"(6.17412211, -75.59306111)"
2161779,07/16/2016,3:20 p.m.,Sábado,Automovil,Publico,Conductor,Masculino,No,Sin Registro,Solo Daños,Choque,Adelantar cerrando,Calle 37  Sur Carrera 48,Sin Registro,Urbana,"(6.17412211, -75.59306111)"
2161768,07/16/2016,4:00 p.m.,Sábado,Automovil,Particular,Conductor,Masculino,No,Sin Registro,Herido,Choque,Transitar entre vehiculos,Calle 30  Sur Carrera 48,Sin Registro,Urbana,"(6.180376127, -75.59028805)"
2161768,07/16/2016,4:00 p.m.,Sábado,Motocicleta,Particular,Motociclista,Masculino,No,Sin Registro,Herido,Choque,Transitar entre vehiculos,Calle 30  Sur Carrera 48,Sin Registro,Urbana,"(6.180376127, -75.59028805)"
2161759,07/16/2016,5:50 p.m.,Sábado,Automovil,Particular,Conductor,Masculino,No,Sin Registro,Solo Daños,Choque,No mantener distancia de seguridad,Calle 46  Sur Carrera 46 AA,Primavera,Urbana,"(6.164899577, -75.59707217)"
2161792,07/17/2016,11:00 a.m.,Domingo,Automovil,Particular,Conductor,Femenino,No,Sin Registro,Solo Daños,Choque,No mantener distancia de seguridad,Calle 39  Sur Carrera 42,Zona Centro,Urbana,"(6.168300638, -75.58815927)"
2161792,07/17/2016,11:00 a.m.,Domingo,Bus,Publico,Conductor,Masculino,No,Sin Registro,Solo Daños,Choque,No mantener distancia de seguridad,Calle 39  Sur Carrera 42,Zona Centro,Urbana,"(6.168300638, -75.58815927)"
2161790,07/17/2016,4:00 p.m.,Domingo,Motocicleta,Particular,Motociclista,Masculino,No,Sin Registro,Solo Daños,Choque,No respetar prelacion,Tramo 372 Kilometro  17,Vereda Palmas,Rural,
2161784,07/17/2016,5:00 p.m.,Domingo,Automovil,Particular,Conductor,Masculino,Si,2,Solo Daños,Choque,Desobedecer senales,Calle 40  Sur Carrera 29,San Jose,Urbana,"(6.159832302, -75.5825953)"
2161784,07/17/2016,5:00 p.m.,Domingo,Bicicleta,Particular,Ciclista,Masculino,No,Sin Registro,Solo Daños,Choque,Embriaguez o droga,Calle 40  Sur Carrera 29,San Jose,Urbana,"(6.159832302, -75.5825953)"
2161784,07/17/2016,5:00 p.m.,Domingo,Bicicleta,Particular,Ciclista,Masculino,No,Sin Registro,Solo Daños,Choque,Desobedecer senales,Calle 40  Sur Carrera 29,San Jose,Urbana,"(6.159832302, -75.5825953)"
2161784,07/17/2016,5:00 p.m.,Domingo,Automovil,Particular,Conductor,Masculino,Si,2,Solo Daños,Choque,Embriaguez o droga,Calle 40  Sur Carrera 29,San Jose,Urbana,"(6.159832302, -75.5825953)"
2161786,07/18/2016,10:45 a.m.,Lunes,Motocicleta,Particular,Motociclista,Masculino,No,Sin Registro,Herido,Choque,Desobedecer senales,Calle 38 A Sur Carrera 46,Alcala,Urbana,"(6.171457357, -75.59157663)"
2161786,07/18/2016,10:45 a.m.,Lunes,Automovil,Particular,Conductor,Femenino,No,Sin Registro,Herido,Choque,Desobedecer senales,Calle 38 A Sur Carrera 46,Alcala,Urbana,"(6.171457357, -75.59157663)"
2161803,07/18/2016,1:45 p.m.,Lunes,Automovil,Particular,Conductor,Femenino,No,Sin Registro,Solo Daños,Choque,No mantener distancia de seguridad,Diagonal 31 Transversal 31,Sin Registro,Urbana,
2161803,07/18/2016,1:45 p.m.,Lunes,Automovil,Particular,Conductor,Femenino,No,Sin Registro,Solo Daños,Choque,No mantener distancia de seguridad,Diagonal 31 Transversal 31,Sin Registro,Urbana,
2161794,07/18/2016,3:15 p.m.,Lunes,Automovil,Publico,Conductor,Masculino,No,Sin Registro,Solo Daños,Choque,Impericia en el manejo,Calle 43  Sur Carrera 36 D,Sin Registro,Urbana,"(6.171314659, -75.58700753)"
2161787,07/18/2016,4:00 p.m.,Lunes,Automovil,Publico,Conductor,Masculino,No,Sin Registro,Solo Daños,Choque,Adelantar cerrando,Calle 30  Sur Carrera 48,Las Vegas,Urbana,"(6.180376127, -75.59028805)"
2161787,07/18/2016,4:00 p.m.,Lunes,Camioneta,Particular,Conductor,Masculino,No,Sin Registro,Solo Daños,Choque,Adelantar cerrando,Calle 30  Sur Carrera 48,Las Vegas,Urbana,"(6.180376127, -75.59028805)"
2161789,07/18/2016,5:45 p.m.,Lunes,Bus,Publico,Conductor,Masculino,No,Sin Registro,Herido,Caida Ocupante,Transitar con las puertas abiertas,Calle 41 B Sur Carrera 34,El Dorado,Urbana,"(6.16121571, -75.58776935)"
2161805,07/18/2016,8:50 p.m.,Lunes,Motocicleta,Particular,Motociclista,Masculino,No,Sin Registro,Solo Daños,Choque,Poner en marcha un vehiculo sin precauci,Calle 26  Sur Carrera 43 A,Sin Registro,Urbana,"(6.180841534, -75.58293815)"
2161805,07/18/2016,8:50 p.m.,Lunes,Camioneta,Particular,Conductor,Masculino,No,Sin Registro,Solo Daños,Choque,Poner en marcha un vehiculo sin precauci,Calle 26  Sur Carrera 43 A,Sin Registro,Urbana,"(6.180841534, -75.58293815)"
2161801,07/18/2016,9:20 p.m.,Lunes,Automovil,Publico,Conductor,Masculino,No,Sin Registro,Solo Daños,Choque,Estacionar sin seguridad,Calle 36  Sur Carrera 42,Zona Centro,Urbana,"(6.17108429, -75.58648741)"
2161801,07/18/2016,9:20 p.m.,Lunes,Automovil,Particular,Conductor,Masculino,No,Sin Registro,Solo Daños,Choque,Impericia en el manejo,Calle 36  Sur Carrera 42,Zona Centro,Urbana,"(6.17108429, -75.58648741)"
2161801,07/18/2016,9:20 p.m.,Lunes,Automovil,Particular,Conductor,Masculino,No,Sin Registro,Solo Daños,Choque,Estacionar sin seguridad,Calle 36  Sur Carrera 42,Zona Centro,Urbana,"(6.17108429, -75.58648741)"
2161801,07/18/2016,9:20 p.m.,Lunes,Automovil,Publico,Conductor,Masculino,No,Sin Registro,Solo Daños,Choque,Impericia en el manejo,Calle 36  Sur Carrera 42,Zona Centro,Urbana,"(6.17108429, -75.58648741)"
2161802,07/19/2016,6:30 a.m.,Martes,Campero,Particular,Conductor,Masculino,No,Sin Registro,Solo Daños,Choque,No mantener distancia de seguridad,Calle 37  Sur Carrera 49,Las Vegas,Urbana,"(6.174789471, -75.59420424)"
2161802,07/19/2016,6:30 a.m.,Martes,Motocicleta,Particular,Motociclista,Masculino,No,Sin Registro,Solo Daños,Choque,No mantener distancia de seguridad,Calle 37  Sur Carrera 49,Las Vegas,Urbana,"(6.174789471, -75.59420424)"
2161797,07/19/2016,6:35 a.m.,Martes,Automovil,Particular,Conductor,Masculino,No,Sin Registro,Solo Daños,Choque,No mantener distancia de seguridad,Calle 40 A Sur Carrera 24 B,La Mina,Urbana,"(6.151984005, -75.58064483)"
2161797,07/19/2016,6:35 a.m.,Martes,Automovil,Particular,Conductor,Femenino,No,Sin Registro,Solo Daños,Choque,No mantener distancia de seguridad,Calle 40 A Sur Carrera 24 B,La Mina,Urbana,"(6.151984005, -75.58064483)"
2161949,01/08/2016,7:40 p.m.,Lunes,Camion,Publico,Conductor,Masculino,No,Sin Registro,Solo Daños,Choque,No mantener distancia de seguridad,Calle 37  Sur Carrera 50,Sin Registro,Urbana,
2161807,07/19/2016,8:20 a.m.,Martes,Automovil,Particular,Conductor,Masculino,No,Sin Registro,Herido,Choque,No mantener distancia de seguridad,Calle 32  Sur Carrera 50,Las Vegas,Urbana,
2161807,07/19/2016,8:20 a.m.,Martes,Motocicleta,Particular,Motociclista,Femenino,No,Sin Registro,Herido,Choque,No mantener distancia de seguridad,Calle 32  Sur Carrera 50,Las Vegas,Urbana,
2161809,07/19/2016,8:45 a.m.,Martes,Motocicleta,Particular,Motociclista,Masculino,No,Sin Registro,Solo Daños,Choque,Transitar entre vehiculos,Calle 39  Sur Carrera 27 B,El Chinguí,Urbana,"(6.159217585, -75.57883462)"
2161809,07/19/2016,8:45 a.m.,Martes,Motocicleta,Particular,Motociclista,Masculino,Si,2,Solo Daños,Choque,Transitar entre vehiculos,Calle 39  Sur Carrera 27 B,El Chinguí,Urbana,"(6.159217585, -75.57883462)"
2161814,07/19/2016,9:00 a.m.,Martes,Automovil,Particular,Conductor,Femenino,No,Sin Registro,Solo Daños,Choque,Adelantar en zona prohibida,Calle 34 D Sur Carrera 39,Obrero,Urbana,"(6.170687237, -75.58383839)"
2161814,07/19/2016,9:00 a.m.,Martes,Motocicleta,Particular,Motociclista,Masculino,No,Sin Registro,Solo Daños,Choque,Adelantar en zona prohibida,Calle 34 D Sur Carrera 39,Obrero,Urbana,"(6.170687237, -75.58383839)"
2161799,07/19/2016,11:40 a.m.,Martes,Motocicleta,Oficial,Motociclista,Masculino,No,Sin Registro,Herido,Caida Ocupante,Otra,Diagonal 30 A Transversal 34 DD,La Sebastiana,Urbana,"(6.171449044, -75.57884375)"
2161813,07/19/2016,1:15 p.m.,Martes,Buseta,Publico,Conductor,Masculino,No,Sin Registro,Solo Daños,Choque,Reverso imprudente,Calle 22  Sur Carrera 44,Zuñiga,Urbana,"(6.18394153, -75.58055297)"
2161813,07/19/2016,1:15 p.m.,Martes,Automovil,Particular,Conductor,Masculino,No,Sin Registro,Solo Daños,Choque,Reverso imprudente,Calle 22  Sur Carrera 44,Zuñiga,Urbana,"(6.18394153, -75.58055297)"
2161804,07/19/2016,1:30 p.m.,Martes,Buseta,Publico,Conductor,Masculino,No,Sin Registro,Solo Daños,Choque,No mantener distancia de seguridad,Calle 25  Sur Carrera 48,Las Vegas,Urbana,
2161804,07/19/2016,1:30 p.m.,Martes,Automovil,Publico,Conductor,Masculino,No,Sin Registro,Solo Daños,Choque,No mantener distancia de seguridad,Calle 25  Sur Carrera 48,Las Vegas,Urbana,
2161816,07/19/2016,3:30 p.m.,Martes,Automovil,Particular,Conductor,Masculino,No,Sin Registro,Solo Daños,Choque,No respetar prelacion,Calle 50  Sur Carrera 48,Sin Registro,Urbana,
2161816,07/19/2016,3:30 p.m.,Martes,Motocicleta,Particular,Motociclista,Masculino,No,Sin Registro,Solo Daños,Choque,No respetar prelacion,Calle 50  Sur Carrera 48,Sin Registro,Urbana,
2161806,07/19/2016,4:30 p.m.,Martes,Automovil,Particular,Conductor,Femenino,No,Sin Registro,Solo Daños,Choque,Adelantar cerrando,Calle 25  Sur Carrera 49,Sin Registro,Urbana,
2161806,07/19/2016,4:30 p.m.,Martes,Automovil,Particular,Conductor,Masculino,No,Sin Registro,Solo Daños,Choque,Adelantar cerrando,Calle 25  Sur Carrera 49,Sin Registro,Urbana,
2161815,07/19/2016,4:55 p.m.,Martes,Automovil,Particular,Conductor,Femenino,No,Sin Registro,Solo Daños,Choque,No mantener distancia de seguridad,Calle 37  Sur Carrera 28,Vereda El Escobero,Urbana,"(6.165679454, -75.57834042)"
2161810,07/19/2016,6:00 p.m.,Martes,Automovil,Particular,Conductor,Femenino,No,Sin Registro,Herido,Choque,Semaforo en rojo,Calle 38  Sur Carrera 32,Mesa,Urbana,"(6.166011939, -75.58158121)"
2161810,07/19/2016,6:00 p.m.,Martes,Motocicleta,Particular,Motociclista,Femenino,No,Sin Registro,Herido,Choque,Semaforo en rojo,Calle 38  Sur Carrera 32,Mesa,Urbana,"(6.166011939, -75.58158121)"
2161800,07/19/2016,11:00 p.m.,Martes,Automovil,Particular,Conductor,Masculino,No,Sin Registro,Herido,Choque,Exceso de velocidad,Tramo 372 Kilometro  12,Vereda Palmas,Rural,
2161798,07/20/2016,12:05 a.m.,Miércoles,Motocicleta,Particular,Motociclista,Masculino,No,Sin Registro,Herido,Caida Ocupante,Exceso de velocidad,Tramo 13 Kilometro  13,Vereda Palmas,Rural,
2161812,07/20/2016,12:40 p.m.,Miércoles,Automovil,Particular,Conductor,Masculino,No,Sin Registro,Solo Daños,Choque,Poner en marcha un vehiculo sin precauci,Calle 37  Sur Carrera 49,Sin Registro,Urbana,"(6.174789471, -75.59420424)"
2161812,07/20/2016,12:40 p.m.,Miércoles,Bus,Publico,Conductor,Masculino,No,Sin Registro,Solo Daños,Choque,Poner en marcha un vehiculo sin precauci,Calle 37  Sur Carrera 49,Sin Registro,Urbana,"(6.174789471, -75.59420424)"
2161808,07/20/2016,2:50 p.m.,Miércoles,Camioneta,Particular,Conductor,Masculino,No,Sin Registro,Herido,Atropello,Poner en marcha un vehiculo sin precauci,Calle 37  Sur Carrera 40 A,Zona Centro,Urbana,"(6.16965782, -75.58587339)"
2161820,07/20/2016,4:00 p.m.,Miércoles,Bicicleta,Particular,Ciclista,Sin registro,No,Sin Registro,Herido,Choque,Otra,Tramo 372 Kilometro  13,Vereda Palmas,Rural,
2161822,07/20/2016,7:00 p.m.,Miércoles,Microbus,Publico,Conductor,Masculino,No,Sin Registro,Solo Daños,Choque,Otra,Calle 40  Sur Carrera 24,El Salado,Urbana,"(6.147263187, -75.57633575)"
2161819,07/20/2016,7:30 p.m.,Miércoles,Automovil,Publico,Conductor,Masculino,No,Sin Registro,Solo Daños,Choque,Adelantar cerrando,Calle 40  Sur Carrera 43 A,El Dorado,Urbana,"(6.167965983, -75.59024215)"
2161819,07/20/2016,7:30 p.m.,Miércoles,Automovil,Particular,Conductor,Femenino,No,Sin Registro,Solo Daños,Choque,Adelantar cerrando,Calle 40  Sur Carrera 43 A,El Dorado,Urbana,"(6.167965983, -75.59024215)"
2161811,07/21/2016,10:45 a.m.,Jueves,Automovil,Publico,Conductor,Masculino,No,Sin Registro,Herido,Choque,Adelantar cerrando,Calle 25 A Sur Carrera 42 B,Sin Registro,Urbana,"(6.181402463, -75.58167941)"
2161811,07/21/2016,10:45 a.m.,Jueves,Motocicleta,Particular,Motociclista,Masculino,No,Sin Registro,Herido,Choque,Adelantar cerrando,Calle 25 A Sur Carrera 42 B,Sin Registro,Urbana,"(6.181402463, -75.58167941)"
2161817,07/21/2016,11:50 a.m.,Jueves,Camioneta,Particular,Conductor,Femenino,No,Sin Registro,Solo Daños,Choque,Exceso de velocidad,Calle 29  Sur Carrera 25,Vereda El Escobero,Urbana,"(6.167240191, -75.56467421)"
2161842,07/21/2016,12:30 p.m.,Jueves,Automovil,Diplomatico,Conductor,Femenino,No,Sin Registro,Solo Daños,Choque,No mantener distancia de seguridad,Calle 22  Sur Carrera 50,Las Vegas,Urbana,
2161842,07/21/2016,12:30 p.m.,Jueves,Automovil,Particular,Conductor,Masculino,No,Sin Registro,Solo Daños,Choque,No mantener distancia de seguridad,Calle 22  Sur Carrera 50,Las Vegas,Urbana,
2161818,07/21/2016,2:40 p.m.,Jueves,Automovil,Particular,Conductor,Femenino,No,Sin Registro,Solo Daños,Choque,No mantener distancia de seguridad,Calle 46  Sur Carrera 48,Las Vegas,Urbana,"(6.162824447, -75.59968661)"
2161818,07/21/2016,2:40 p.m.,Jueves,Automovil,Particular,Conductor,Femenino,No,Sin Registro,Solo Daños,Choque,No mantener distancia de seguridad,Calle 46  Sur Carrera 48,Las Vegas,Urbana,"(6.162824447, -75.59968661)"
2161823,07/21/2016,5:20 p.m.,Jueves,Motocicleta,Particular,Motociclista,Masculino,No,Sin Registro,Herido,Choque,Transitar entre vehiculos,Calle 26  Sur Carrera 50,Las Vegas,Urbana,
2161823,07/21/2016,5:20 p.m.,Jueves,Motocicleta,Particular,Motociclista,Masculino,No,Sin Registro,Herido,Choque,Transitar entre vehiculos,Calle 26  Sur Carrera 50,Las Vegas,Urbana,
2161847,07/22/2016,9:00 a.m.,Viernes,Automovil,Particular,Conductor,Masculino,No,Sin Registro,Solo Daños,Choque,No mantener distancia de seguridad,Calle 33 B Sur Carrera 43 A,San Marcos,Urbana,"(6.173429457, -75.58671662)"
2161847,07/22/2016,9:00 a.m.,Viernes,Automovil,Particular,Conductor,Masculino,No,Sin Registro,Solo Daños,Choque,No mantener distancia de seguridad,Calle 33 B Sur Carrera 43 A,San Marcos,Urbana,"(6.173429457, -75.58671662)"
2161862,07/22/2016,9:00 a.m.,Viernes,Camioneta,Particular,Conductor,Masculino,No,Sin Registro,Solo Daños,Choque,No mantener distancia de seguridad,Diagonal 31 Transversal 37,La Sebastiana,Urbana,"(6.165165175, -75.58026896)"
2161862,07/22/2016,9:00 a.m.,Viernes,Automovil,Particular,Conductor,Masculino,No,Sin Registro,Solo Daños,Choque,No mantener distancia de seguridad,Diagonal 31 Transversal 37,La Sebastiana,Urbana,"(6.165165175, -75.58026896)"
2161833,07/22/2016,9:50 a.m.,Viernes,Camion,Publico,Conductor,Masculino,No,Sin Registro,Solo Daños,Choque,No mantener distancia de seguridad,Calle 37  Sur Carrera 50,Las Vegas,Urbana,
2161833,07/22/2016,9:50 a.m.,Viernes,Automovil,Particular,Conductor,Masculino,No,Sin Registro,Solo Daños,Choque,No mantener distancia de seguridad,Calle 37  Sur Carrera 50,Las Vegas,Urbana,
2161826,07/22/2016,12:55 p.m.,Viernes,Camioneta,Particular,Conductor,Masculino,No,Sin Registro,Solo Daños,Choque,Reverso imprudente,Tramo 372 Kilometro  5,Vereda Palmas,Rural,
2161826,07/22/2016,12:55 p.m.,Viernes,Automovil,Particular,Conductor,Masculino,No,Sin Registro,Solo Daños,Choque,Reverso imprudente,Tramo 372 Kilometro  5,Vereda Palmas,Rural,
2161837,07/22/2016,5:30 p.m.,Viernes,Automovil,Particular,Conductor,Masculino,No,Sin Registro,Solo Daños,Choque,No mantener distancia de seguridad,Calle 40  Sur Carrera 42 B,La Paz,Urbana,
2161837,07/22/2016,5:30 p.m.,Viernes,Automovil,Particular,Conductor,Femenino,No,Sin Registro,Solo Daños,Choque,No mantener distancia de seguridad,Calle 40  Sur Carrera 42 B,La Paz,Urbana,
2161824,07/22/2016,6:40 p.m.,Viernes,Automovil,Particular,Conductor,Femenino,No,Sin Registro,Herido,Choque,Desobedecer senales,Calle 40 F Sur Carrera 40 A,El Dorado,Urbana,"(6.164811069, -75.58956509)"
2161824,07/22/2016,6:40 p.m.,Viernes,Bicicleta,Particular,Ciclista,Masculino,No,Sin Registro,Herido,Choque,Desobedecer senales,Calle 40 F Sur Carrera 40 A,El Dorado,Urbana,"(6.164811069, -75.58956509)"
2161843,07/23/2016,10:40 a.m.,Sábado,Automovil,Particular,Conductor,Masculino,No,Sin Registro,Solo Daños,Choque,Exceso de velocidad,Tramo 372 Kilometro  32,Vereda Palmas,Rural,
2161846,07/23/2016,11:00 a.m.,Sábado,Automovil,Particular,Conductor,Femenino,No,Sin Registro,Herido,Choque,Exceso de velocidad,Tramo 377 Kilometro  600,Vereda La Esperanza,Rural,
2161846,07/23/2016,11:00 a.m.,Sábado,Motocicleta,Particular,Motociclista,Masculino,No,Sin Registro,Herido,Choque,Exceso de velocidad,Tramo 377 Kilometro  600,Vereda La Esperanza,Rural,
2161834,07/23/2016,11:30 a.m.,Sábado,Automovil,Particular,Conductor,Masculino,No,Sin Registro,Solo Daños,Choque,No mantener distancia de seguridad,Calle 21  Sur Carrera 43 A,Zuñiga,Urbana,"(6.18399286, -75.57959764)"