RADICADO,FECHA,HORA,DÍA DE LA SEMANA,CLASE DE VEHICULO,TIPO DE SERVICIO,TIPO DE VICTIMA,SEXO,ESTADO DE BEODEZ,RESULTADO DE BEODEZ,GRAVEDAD,CLASE DE ACCIDENTE,CAUSA,DIRECCIÓN,BARRIO,AREA,Coordenadas
2161834,07/23/2016,11:30 a.m.,Sábado,Motocicleta,Oficial,Motociclista,Masculino,No,Sin Registro,Solo Daños,Choque,No mantener distancia de seguridad,Calle 21  Sur Carrera 43 A,Zuñiga,Urbana,"(6.18399286, -75.57959764)"
2161841,07/23/2016,12:30 p.m.,Sábado,Automovil,Particular,Conductor,Masculino,No,Sin Registro,Solo Daños,Choque,No mantener distancia de seguridad,Calle 21  Sur Carrera 43 A,Zuñiga,Urbana,"(6.18399286, -75.57959764)"
2161841,07/23/2016,12:30 p.m.,Sábado,Automovil,Publico,Conductor,Masculino,No,Sin Registro,Solo Daños,Choque,No mantener distancia de seguridad,Calle 21  Sur Carrera 43 A,Zuñiga,Urbana,"(6.18399286, -75.57959764)"
2161830,07/23/2016,1:30 p.m.,Sábado,Automovil,Particular,Conductor,Femenino,No,Sin Registro,Solo Daños,Choque,Poner en marcha un vehiculo sin precauci,Calle 39  Sur Carrera 33,Mesa,Urbana,"(6.164989355, -75.58296685)"
2161830,07/23/2016,1:30 p.m.,Sábado,Camion,Publico,Conductor,Masculino,No,Sin Registro,Solo Daños,Choque,Poner en marcha un vehiculo sin precauci,Calle 39  Sur Carrera 33,Mesa,Urbana,"(6.164989355, -75.58296685)"
2161835,07/23/2016,1:40 p.m.,Sábado,Camioneta,Particular,Conductor,Masculino,No,Sin Registro,Solo Daños,Choque,Reverso imprudente,Calle 40 DD Sur Carrera 38,El Dorado,Urbana,"(6.163340481, -75.58836246)"
2161835,07/23/2016,1:40 p.m.,Sábado,Automovil,Publico,Conductor,Masculino,No,Sin Registro,Solo Daños,Choque,Reverso imprudente,Calle 40 DD Sur Carrera 38,El Dorado,Urbana,"(6.163340481, -75.58836246)"
2161829,07/23/2016,3:20 p.m.,Sábado,Motocicleta,Particular,Motociclista,Masculino,No,Sin Registro,Herido,Atropello,Transitar entre vehiculos,Calle 35  Sur Carrera 43 A,Zona Centro,Urbana,"(6.17249645, -75.58732833)"
2161829,07/23/2016,3:20 p.m.,Sábado,Automovil,Particular,Conductor,Femenino,No,Sin Registro,Herido,Atropello,Transitar entre vehiculos,Calle 35  Sur Carrera 43 A,Zona Centro,Urbana,"(6.17249645, -75.58732833)"
2161827,07/23/2016,4:00 p.m.,Sábado,Camioneta,Particular,Conductor,Masculino,No,Sin Registro,Solo Daños,Choque,No mantener distancia de seguridad,Diagonal 32 D Transversal 34,La Magnolia,Urbana,"(6.172908151, -75.58314442)"
2161827,07/23/2016,4:00 p.m.,Sábado,Camioneta,Particular,Conductor,Masculino,No,Sin Registro,Solo Daños,Choque,No mantener distancia de seguridad,Diagonal 32 D Transversal 34,La Magnolia,Urbana,"(6.172908151, -75.58314442)"
2161825,07/23/2016,5:20 p.m.,Sábado,Camioneta,Publico,Conductor,Masculino,No,Sin Registro,Herido,Atropello,Cruzar sin observar,Tramo 181 Kilometro  14,Sin Registro,Rural,
2161825,07/23/2016,5:20 p.m.,Sábado,Camioneta,Publico,Conductor,Masculino,No,Sin Registro,Herido,Atropello,Exceso de velocidad,Tramo 181 Kilometro  14,Sin Registro,Rural,
2161838,07/23/2016,5:30 p.m.,Sábado,Automovil,Publico,Conductor,Masculino,No,Sin Registro,Solo Daños,Choque,No mantener distancia de seguridad,Calle 32 B Sur Carrera 48,Las Vegas,Urbana,"(6.177255701, -75.59003137)"
2161838,07/23/2016,5:30 p.m.,Sábado,Automovil,Particular,Conductor,Masculino,No,Sin Registro,Solo Daños,Choque,No mantener distancia de seguridad,Calle 32 B Sur Carrera 48,Las Vegas,Urbana,"(6.177255701, -75.59003137)"
2161828,07/23/2016,7:10 p.m.,Sábado,Automovil,Particular,Conductor,Masculino,No,Sin Registro,Solo Daños,Choque,No mantener distancia de seguridad,Calle 32 B Sur Carrera 48,Las Vegas,Urbana,"(6.177255701, -75.59003137)"
2161828,07/23/2016,7:10 p.m.,Sábado,Automovil,Particular,Conductor,Masculino,No,Sin Registro,Solo Daños,Choque,No mantener distancia de seguridad,Calle 32 B Sur Carrera 48,Las Vegas,Urbana,"(6.177255701, -75.59003137)"
2161832,07/23/2016,7:50 p.m.,Sábado,Automovil,Particular,Conductor,Masculino,No,Sin Registro,Solo Daños,Choque,No mantener distancia de seguridad,Calle 46  Sur Carrera 50,Las Vegas,Urbana,
2161832,07/23/2016,7:50 p.m.,Sábado,Automovil,Particular,Conductor,Masculino,No,Sin Registro,Solo Daños,Choque,No mantener distancia de seguridad,Calle 46  Sur Carrera 50,Las Vegas,Urbana,
2161839,07/23/2016,11:40 p.m.,Sábado,Camioneta,Oficial,Conductor,Masculino,No,Sin Registro,Solo Daños,Choque,No mantener distancia de seguridad,Tramo 371 Kilometro  1,Vereda El Escobero,Rural,
2161839,07/23/2016,11:40 p.m.,Sábado,Automovil,Particular,Conductor,Masculino,No,Sin Registro,Solo Daños,Choque,No mantener distancia de seguridad,Tramo 371 Kilometro  1,Vereda El Escobero,Rural,
2161839,07/23/2016,11:40 p.m.,Sábado,Automovil,Particular,Conductor,Femenino,No,Sin Registro,Solo Daños,Choque,No mantener distancia de seguridad,Tramo 371 Kilometro  1,Vereda El Escobero,Rural,
2161849,07/24/2016,10:20 a.m.,Domingo,Automovil,Particular,Conductor,Masculino,No,Sin Registro,Solo Daños,Choque,Reverso imprudente,Calle 38  Sur Carrera 41,Zona Centro,Urbana,"(6.169244976, -75.58658807)"
2161849,07/24/2016,10:20 a.m.,Domingo,Automovil,Particular,Conductor,Masculino,No,Sin Registro,Solo Daños,Choque,Reverso imprudente,Calle 38  Sur Carrera 41,Zona Centro,Urbana,"(6.169244976, -75.58658807)"
2161844,07/24/2016,11:30 a.m.,Domingo,Automovil,Particular,Conductor,Masculino,No,Sin Registro,Herido,Choque,Exceso de velocidad,Calle 45 A Sur Carrera 40,Las Antillas,Urbana,"(6.16243344, -75.59259007)"
2161844,07/24/2016,11:30 a.m.,Domingo,Bicicleta,Particular,Ciclista,Masculino,No,Sin Registro,Herido,Choque,Exceso de velocidad,Calle 45 A Sur Carrera 40,Las Antillas,Urbana,"(6.16243344, -75.59259007)"
2161854,07/24/2016,11:45 a.m.,Domingo,Automovil,Particular,Conductor,Masculino,No,Sin Registro,Herido,Atropello,Cruzar sin observar,Calle 40  Sur Carrera 29,San Jose,Urbana,"(6.159832302, -75.5825953)"
2161831,07/24/2016,12:31 p.m.,Domingo,Automovil,Particular,Conductor,Masculino,No,Sin Registro,Solo Daños,Choque,Semaforo en rojo,Calle 25  Sur Carrera 43 A,Las Orquideas,Urbana,"(6.181560189, -75.58201649)"
2161831,07/24/2016,12:31 p.m.,Domingo,Camioneta,Particular,Conductor,Masculino,No,Sin Registro,Solo Daños,Choque,Semaforo en rojo,Calle 25  Sur Carrera 43 A,Las Orquideas,Urbana,"(6.181560189, -75.58201649)"
2161850,07/24/2016,3:20 p.m.,Domingo,Automovil,Particular,Conductor,Masculino,No,Sin Registro,Solo Daños,Choque,Exceso de velocidad,Tramo 371 Kilometro  2,Vereda El Escobero,Rural,
2161850,07/24/2016,3:20 p.m.,Domingo,Campero,Particular,Conductor,Masculino,No,Sin Registro,Solo Daños,Choque,Exceso de velocidad,Tramo 371 Kilometro  2,Vereda El Escobero,Rural,
2161836,07/24/2016,3:30 p.m.,Domingo,Automovil,Particular,Conductor,Masculino,No,Sin Registro,Solo Daños,Choque,Exceso de velocidad,Tramo 371 Kilometro  2,Vereda El Escobero,Rural,
2161836,07/24/2016,3:30 p.m.,Domingo,Automovil,Particular,Conductor,Femenino,No,Sin Registro,Solo Daños,Choque,Exceso de velocidad,Tramo 371 Kilometro  2,Vereda El Escobero,Rural,
2161840,07/24/2016,7:20 p.m.,Domingo,Buseta,Publico,Conductor,Masculino,No,Sin Registro,Solo Daños,Choque,Impericia en el manejo,Calle 48 C Sur Carrera 42,Sin Registro,Urbana,"(6.159138282, -75.59625971)"
2161840,07/24/2016,7:20 p.m.,Domingo,Automovil,Particular,Conductor,Masculino,No,Sin Registro,Solo Daños,Choque,Impericia en el manejo,Calle 48 C Sur Carrera 42,Sin Registro,Urbana,"(6.159138282, -75.59625971)"
2161855,07/24/2016,9:00 p.m.,Domingo,Microbus,Publico,Conductor,Masculino,No,Sin Registro,Solo Daños,Choque,No respetar prelacion,Calle 40 F Sur Carrera 30,Sin Registro,Urbana,"(6.160823983, -75.58451946)"
2161855,07/24/2016,9:00 p.m.,Domingo,Camioneta,Particular,Conductor,Femenino,No,Sin Registro,Solo Daños,Choque,No respetar prelacion,Calle 40 F Sur Carrera 30,Sin Registro,Urbana,"(6.160823983, -75.58451946)"
2161852,07/25/2016,6:00 a.m.,Lunes,Automovil,Particular,Conductor,Femenino,No,Sin Registro,Solo Daños,Choque,No mantener distancia de seguridad,Calle 39 A Sur Carrera 27 B,Sin Registro,Urbana,"(6.159066, -75.57988094)"
2161852,07/25/2016,6:00 a.m.,Lunes,Automovil,Particular,Conductor,Femenino,No,Sin Registro,Solo Daños,Choque,No mantener distancia de seguridad,Calle 39 A Sur Carrera 27 B,Sin Registro,Urbana,"(6.159066, -75.57988094)"
2161848,07/25/2016,7:00 a.m.,Lunes,Automovil,Publico,Conductor,Masculino,No,Sin Registro,Solo Daños,Choque,No respetar prelacion,Calle 27  Sur Carrera 27,El Esmeraldal,Urbana,"(6.17243521, -75.56787192)"
2161848,07/25/2016,7:00 a.m.,Lunes,Motocicleta,Particular,Motociclista,Masculino,No,Sin Registro,Solo Daños,Choque,No respetar prelacion,Calle 27  Sur Carrera 27,El Esmeraldal,Urbana,"(6.17243521, -75.56787192)"
2161865,07/25/2016,7:00 a.m.,Lunes,Automovil,Particular,Conductor,Masculino,No,Sin Registro,Solo Daños,Choque,No mantener distancia de seguridad,Calle 24  Sur Carrera 40,Sin Registro,Urbana,"(6.179387707, -75.57584341)"
2161865,07/25/2016,7:00 a.m.,Lunes,Camioneta,Publico,Conductor,Masculino,No,Sin Registro,Solo Daños,Choque,No mantener distancia de seguridad,Calle 24  Sur Carrera 40,Sin Registro,Urbana,"(6.179387707, -75.57584341)"
2161851,07/25/2016,7:20 a.m.,Lunes,Motocicleta,Particular,Motociclista,Masculino,No,Sin Registro,Solo Daños,Choque,Adelantar por la derecha,Calle 40 C Sur Carrera 29,San Jose,Urbana,"(6.160404351, -75.58251503)"
2161851,07/25/2016,7:20 a.m.,Lunes,Automovil,Particular,Conductor,Masculino,No,Sin Registro,Solo Daños,Choque,Adelantar por la derecha,Calle 40 C Sur Carrera 29,San Jose,Urbana,"(6.160404351, -75.58251503)"
2161853,07/25/2016,9:20 a.m.,Lunes,Camioneta,Particular,Conductor,Masculino,No,Sin Registro,Solo Daños,Choque,No respetar prelacion,Calle 26 B Sur Carrera 42,Sin Registro,Urbana,"(6.176911315, -75.58005899)"
2161853,07/25/2016,9:20 a.m.,Lunes,Motocicleta,Particular,Motociclista,Masculino,No,Sin Registro,Solo Daños,Choque,No respetar prelacion,Calle 26 B Sur Carrera 42,Sin Registro,Urbana,"(6.176911315, -75.58005899)"
2161845,07/25/2016,9:45 a.m.,Lunes,Camioneta,Particular,Conductor,Masculino,No,Sin Registro,Herido,Choque,Adelantar cerrando,Calle 50  Sur Carrera 48,Sin Registro,Urbana,
2161845,07/25/2016,9:45 a.m.,Lunes,Motocicleta,Particular,Motociclista,Masculino,No,Sin Registro,Herido,Choque,Adelantar cerrando,Calle 50  Sur Carrera 48,Sin Registro,Urbana,
2161860,07/25/2016,1:10 p.m.,Lunes,Automovil,Publico,Conductor,Masculino,No,Sin Registro,Solo Daños,Choque,Adelantar cerrando,Calle 23  Sur Carrera 48,Las Vegas,Urbana,
2161860,07/25/2016,1:10 p.m.,Lunes,Automovil,Particular,Conductor,Masculino,No,Sin Registro,Solo Daños,Choque,Adelantar cerrando,Calle 23  Sur Carrera 48,Las Vegas,Urbana,
2161875,07/25/2016,2:30 p.m.,Lunes,Automovil,Particular,Conductor,Femenino,No,Sin Registro,Solo Daños,Choque,Desobedecer senales,Diagonal 32 D Transversal 32,La Magnolia,Urbana,"(6.175661946, -75.58418404)"
2161875,07/25/2016,2:30 p.m.,Lunes,Automovil,Particular,Conductor,Masculino,No,Sin Registro,Solo Daños,Choque,Desobedecer senales,Diagonal 32 D Transversal 32,La Magnolia,Urbana,"(6.175661946, -75.58418404)"
2161864,07/25/2016,3:10 p.m.,Lunes,Buseta,Publico,Conductor,Masculino,No,Sin Registro,Herido,Choque,Desobedecer senales,Calle 48  Sur Carrera 39 B,El Trianon,Urbana,"(6.157721358, -75.59392317)"
2161864,07/25/2016,3:10 p.m.,Lunes,Motocicleta,Particular,Motociclista,Masculino,No,Sin Registro,Herido,Choque,Desobedecer senales,Calle 48  Sur Carrera 39 B,El Trianon,Urbana,"(6.157721358, -75.59392317)"
2161863,07/25/2016,3:40 p.m.,Lunes,Automovil,Particular,Conductor,Masculino,No,Sin Registro,Solo Daños,Choque,Exceso de velocidad,Calle 36 E Sur Carrera 27 G,Vereda El Escobero,Urbana,"(6.167154903, -75.56933697)"
2161861,07/25/2016,3:50 p.m.,Lunes,Automovil,Particular,Conductor,Masculino,No,Sin Registro,Solo Daños,Choque,Adelantar cerrando,Calle 37  Sur Carrera 31,Mesa,Urbana,"(6.166120684, -75.58074061)"
2161861,07/25/2016,3:50 p.m.,Lunes,Camion,Publico,Conductor,Masculino,No,Sin Registro,Solo Daños,Choque,Adelantar cerrando,Calle 37  Sur Carrera 31,Mesa,Urbana,"(6.166120684, -75.58074061)"
2161858,07/25/2016,4:00 p.m.,Lunes,Motocicleta,Particular,Motociclista,Masculino,No,Sin Registro,Herido,Choque,Otra,Calle 30  Sur Carrera 50,Las Vegas,Urbana,
2161858,07/25/2016,4:00 p.m.,Lunes,Camion,Publico,Conductor,Masculino,No,Sin Registro,Herido,Choque,Otra,Calle 30  Sur Carrera 50,Las Vegas,Urbana,
2161859,07/25/2016,4:41 p.m.,Lunes,Motocicleta,Particular,Motociclista,Masculino,No,Sin Registro,Herido,Choque,Otra,Calle 41  Sur Carrera 25,La Mina,Urbana,"(6.153055964, -75.58446808)"
2161859,07/25/2016,4:41 p.m.,Lunes,Motocicleta,Particular,Motociclista,Masculino,No,Sin Registro,Herido,Choque,Otra,Calle 41  Sur Carrera 25,La Mina,Urbana,"(6.153055964, -75.58446808)"
2161867,07/25/2016,5:10 p.m.,Lunes,Automovil,Publico,Conductor,Masculino,No,Sin Registro,Solo Daños,Choque,Transitar entre vehiculos,Calle 39 A Sur Carrera 50,Las Vegas,Urbana,
2161857,07/25/2016,6:00 p.m.,Lunes,Camioneta,Particular,Conductor,Femenino,No,Sin Registro,Solo Daños,Choque,No mantener distancia de seguridad,Calle 25 A Sur Carrera 50,Las Vegas,Urbana,
2161857,07/25/2016,6:00 p.m.,Lunes,Motocicleta,Particular,Motociclista,Masculino,No,Sin Registro,Solo Daños,Choque,No mantener distancia de seguridad,Calle 25 A Sur Carrera 50,Las Vegas,Urbana,
2161856,07/25/2016,6:15 p.m.,Lunes,Automovil,Particular,Conductor,Femenino,No,Sin Registro,Solo Daños,Choque,No mantener distancia de seguridad,Calle 32  Sur Carrera 48,Las Vegas,Urbana,
2161856,07/25/2016,6:15 p.m.,Lunes,Automovil,Particular,Conductor,Femenino,No,Sin Registro,Solo Daños,Choque,No mantener distancia de seguridad,Calle 32  Sur Carrera 48,Las Vegas,Urbana,
2161856,07/25/2016,6:15 p.m.,Lunes,Automovil,Particular,Conductor,Femenino,No,Sin Registro,Solo Daños,Choque,No mantener distancia de seguridad,Calle 32  Sur Carrera 48,Las Vegas,Urbana,
2161871,07/26/2016,7:30 a.m.,Martes,Motocicleta,Particular,Motociclista,Masculino,No,Sin Registro,Herido,Choque,Otra,Tramo 372 Kilometro  7,Vereda Palmas,Rural,
2161871,07/26/2016,7:30 a.m.,Martes,Buseta,Publico,Conductor,Masculino,No,Sin Registro,Herido,Choque,Otra,Tramo 372 Kilometro  7,Vereda Palmas,Rural,
2161872,07/26/2016,9:00 a.m.,Martes,Automovil,Particular,Conductor,Masculino,No,Sin Registro,Herido,Choque,Transitar entre vehiculos,Calle 19  Sur Carrera 48,Sin Registro,Urbana,
2161872,07/26/2016,9:00 a.m.,Martes,Motocicleta,Particular,Motociclista,Masculino,No,Sin Registro,Herido,Choque,Transitar entre vehiculos,Calle 19  Sur Carrera 48,Sin Registro,Urbana,
2161866,07/26/2016,11:10 a.m.,Martes,Buseta,Publico,Conductor,Masculino,No,Sin Registro,Solo Daños,Choque,Impericia en el manejo,Calle 38  Sur Carrera 43 A,Avenida El Poblado,Urbana,"(6.170537577, -75.58862514)"
2161866,07/26/2016,11:10 a.m.,Martes,Bus,Publico,Conductor,Masculino,No,Sin Registro,Solo Daños,Choque,Impericia en el manejo,Calle 38  Sur Carrera 43 A,Avenida El Poblado,Urbana,"(6.170537577, -75.58862514)"
2161868,07/26/2016,11:20 a.m.,Martes,Camion,Publico,Conductor,Masculino,No,Sin Registro,Solo Daños,Choque,Semaforo en rojo,Calle 33 B Sur Carrera 43 A,Zona Centro,Urbana,"(6.173429457, -75.58671662)"
2161868,07/26/2016,11:20 a.m.,Martes,Buseta,Publico,Conductor,Masculino,No,Sin Registro,Solo Daños,Choque,Semaforo en rojo,Calle 33 B Sur Carrera 43 A,Zona Centro,Urbana,"(6.173429457, -75.58671662)"
2161869,07/26/2016,11:40 a.m.,Martes,Automovil,Particular,Conductor,Femenino,No,Sin Registro,Solo Daños,Choque,Adelantar cerrando,Transversal 27 A Sur Carrera 43 A,Avenida El Poblado,Urbana,"(6.157531661, -75.58331315)"
2161869,07/26/2016,11:40 a.m.,Martes,Automovil,Particular,Conductor,Masculino,No,Sin Registro,Solo Daños,Choque,Adelantar cerrando,Transversal 27 A Sur Carrera 43 A,Avenida El Poblado,Urbana,"(6.157531661, -75.58331315)"
2161879,07/26/2016,12:00 p.m.,Martes,Motocicleta,Particular,Motociclista,Masculino,No,Sin Registro,Solo Daños,Choque,No mantener distancia de seguridad,Calle 28  Sur Carrera 43 A,Sin Registro,Urbana,"(6.17886726, -75.58520592)"
2161879,07/26/2016,12:00 p.m.,Martes,Campero,Particular,Conductor,Masculino,No,Sin Registro,Solo Daños,Choque,No mantener distancia de seguridad,Calle 28  Sur Carrera 43 A,Sin Registro,Urbana,"(6.17886726, -75.58520592)"
2161874,07/26/2016,3:30 p.m.,Martes,Camioneta,Particular,Conductor,Masculino,No,Sin Registro,Solo Daños,Choque,Exceso de velocidad,Tramo 181 Kilometro  4,Sin Registro,Rural,
2161874,07/26/2016,3:30 p.m.,Martes,Camioneta,Publico,Conductor,Masculino,No,Sin Registro,Solo Daños,Choque,Exceso de velocidad,Tramo 181 Kilometro  4,Sin Registro,Rural,
2161880,07/26/2016,6:10 p.m.,Martes,Camion,Publico,Conductor,Sin registro,No,Sin Registro,Solo Daños,Choque,Otra,Calle 36 D Sur Carrera 24,Vereda El Escobero,Urbana,"(6.157425668, -75.56691387)"
2161880,07/26/2016,6:10 p.m.,Martes,Motocicleta,Particular,Motociclista,Masculino,No,Sin Registro,Solo Daños,Choque,Otra,Calle 36 D Sur Carrera 24,Vereda El Escobero,Urbana,"(6.157425668, -75.56691387)"
2161878,07/26/2016,7:15 p.m.,Martes,Automovil,Particular,Conductor,Masculino,No,Sin Registro,Solo Daños,Choque,No respetar prelacion,Calle 22  Sur Carrera 41 A,Alcala,Urbana,
2161878,07/26/2016,7:15 p.m.,Martes,Motocicleta,Particular,Motociclista,Masculino,No,Sin Registro,Solo Daños,Choque,No respetar prelacion,Calle 22  Sur Carrera 41 A,Alcala,Urbana,
2161884,07/26/2016,8:25 p.m.,Martes,Microbus,Publico,Conductor,Masculino,No,Sin Registro,Solo Daños,Choque,Impericia en el manejo,Calle 40  Sur Carrera 24 E,El Salado,Urbana,"(6.147263187, -75.57633575)"
2161884,07/26/2016,8:25 p.m.,Martes,Automovil,Particular,Conductor,Masculino,No,Sin Registro,Solo Daños,Choque,Impericia en el manejo,Calle 40  Sur Carrera 24 E,El Salado,Urbana,"(6.147263187, -75.57633575)"
2161870,07/27/2016,1:00 a.m.,Miércoles,Camion,Publico,Conductor,Masculino,No,Sin Registro,Solo Daños,Choque,Reverso imprudente,Calle 37  Sur Carrera 49,Las Vegas,Urbana,"(6.174789471, -75.59420424)"
2161870,07/27/2016,1:00 a.m.,Miércoles,Tractocamion,Publico,Conductor,Masculino,No,Sin Registro,Solo Daños,Choque,Reverso imprudente,Calle 37  Sur Carrera 49,Las Vegas,Urbana,"(6.174789471, -75.59420424)"
2161894,07/27/2016,6:10 a.m.,Miércoles,Automovil,Particular,Conductor,Sin registro,No,Sin Registro,Herido,Atropello,Exceso de velocidad,Calle 33 B Sur Carrera 43,Zona Centro,Urbana,"(6.172981087, -75.58607623)"
2161894,07/27/2016,6:10 a.m.,Miércoles,Automovil,Particular,Conductor,Sin registro,No,Sin Registro,Herido,Atropello,Cruzar sin observar,Calle 33 B Sur Carrera 43,Zona Centro,Urbana,"(6.172981087, -75.58607623)"
2162192,07/27/2016,7:40 a.m.,Miércoles,Automovil,Publico,Conductor,Masculino,No,Sin Registro,Solo Daños,Choque,Otra,Calle 13 A Sur Carrera 53,Las Vegas,Urbana,
2162192,07/27/2016,7:40 a.m.,Miércoles,Camioneta,Particular,Conductor,Sin registro,No,Sin Registro,Solo Daños,Choque,Otra,Calle 13 A Sur Carrera 53,Las Vegas,Urbana,
2161882,07/27/2016,7:50 a.m.,Miércoles,Automovil,Particular,Conductor,Masculino,No,Sin Registro,Solo Daños,Choque,No mantener distancia de seguridad,Calle 26  Sur Carrera 50,Las Vegas,Urbana,
2161882,07/27/2016,7:50 a.m.,Miércoles,Automovil,Particular,Conductor,Masculino,No,Sin Registro,Solo Daños,Choque,No mantener distancia de seguridad,Calle 26  Sur Carrera 50,Las Vegas,Urbana,
2161876,07/27/2016,9:40 a.m.,Miércoles,Microbus,Publico,Conductor,Masculino,No,Sin Registro,Muerto,Atropello,Otra,Calle 38  Sur Carrera 43 A,Zona Centro,Urbana,"(6.170537577, -75.58862514)"
2161877,07/27/2016,10:00 a.m.,Miércoles,Automovil,Particular,Conductor,Femenino,No,Sin Registro,Solo Daños,Choque,Desobedecer senales,Calle 39 B Sur Carrera 50,Las Vegas,Urbana,
2161877,07/27/2016,10:00 a.m.,Miércoles,Motocicleta,Particular,Motociclista,Masculino,No,Sin Registro,Solo Daños,Choque,Desobedecer senales,Calle 39 B Sur Carrera 50,Las Vegas,Urbana,
2161888,07/27/2016,10:10 a.m.,Miércoles,Bus,Publico,Conductor,Masculino,No,Sin Registro,Solo Daños,Choque,Exceso de velocidad,Calle 33  Sur Carrera 43,Zona Centro,Urbana,"(6.173912569, -75.58697473)"
2161888,07/27/2016,10:10 a.m.,Miércoles,Camioneta,Particular,Conductor,Masculino,No,Sin Registro,Solo Daños,Choque,Exceso de velocidad,Calle 33  Sur Carrera 43,Zona Centro,Urbana,"(6.173912569, -75.58697473)"
2161891,07/27/2016,12:50 p.m.,Miércoles,Automovil,Particular,Conductor,Masculino,No,Sin Registro,Solo Daños,Choque,Adelantar por la derecha,Tramo 372 Kilometro  12,Vereda Palmas,Rural,
2161891,07/27/2016,12:50 p.m.,Miércoles,Motocicleta,Particular,Motociclista,Masculino,No,Sin Registro,Solo Daños,Choque,Adelantar por la derecha,Tramo 372 Kilometro  12,Vereda Palmas,Rural,
2161890,07/27/2016,3:00 p.m.,Miércoles,Automovil,Publico,Conductor,Masculino,No,Sin Registro,Solo Daños,Choque,No mantener distancia de seguridad,Tramo 372 Kilometro  12,Vereda Palmas,Rural,
2161890,07/27/2016,3:00 p.m.,Miércoles,Automovil,Particular,Conductor,Masculino,No,Sin Registro,Solo Daños,Choque,No mantener distancia de seguridad,Tramo 372 Kilometro  12,Vereda Palmas,Rural,
2161890,07/27/2016,3:00 p.m.,Miércoles,Automovil,Particular,Conductor,Masculino,No,Sin Registro,Solo Daños,Choque,No mantener distancia de seguridad,Tramo 372 Kilometro  12,Vereda Palmas,Rural,
2161924,07/27/2016,3:00 p.m.,Miércoles,Camion,Publico,Conductor,Masculino,No,Sin Registro,Solo Daños,Choque,Reverso imprudente,Calle 43  Sur Carrera 48,Las Vegas,Urbana,"(6.168592602, -75.597529)"
2161924,07/27/2016,3:00 p.m.,Miércoles,Camion,Publico,Conductor,Masculino,No,Sin Registro,Solo Daños,Choque,Reverso imprudente,Calle 43  Sur Carrera 48,Las Vegas,Urbana,"(6.168592602, -75.597529)"
2161885,07/27/2016,3:45 p.m.,Miércoles,Automovil,Particular,Conductor,Masculino,No,Sin Registro,Solo Daños,Choque,No mantener distancia de seguridad,Calle 43  Sur Carrera 48,Las Vegas,Urbana,"(6.168592602, -75.597529)"
2161885,07/27/2016,3:45 p.m.,Miércoles,Automovil,Particular,Conductor,Femenino,No,Sin Registro,Solo Daños,Choque,No mantener distancia de seguridad,Calle 43  Sur Carrera 48,Las Vegas,Urbana,"(6.168592602, -75.597529)"
2161889,07/27/2016,3:50 p.m.,Miércoles,Motocicleta,Particular,Motociclista,Masculino,No,Sin Registro,Solo Daños,Choque,Otra,Calle 37  Sur Carrera 45 A,Alcala,Urbana,"(6.172226705, -75.5897566)"
2161889,07/27/2016,3:50 p.m.,Miércoles,Motocicleta,Particular,Motociclista,Masculino,No,Sin Registro,Solo Daños,Choque,Otra,Calle 37  Sur Carrera 45 A,Alcala,Urbana,"(6.172226705, -75.5897566)"
2162648,07/27/2016,5:40 p.m.,Miércoles,Automovil,Publico,Conductor,Masculino,No,Sin Registro,Solo Daños,Choque,Otra,Calle 36 D Sur Carrera 27 D,Vereda El Escobero,Urbana,"(6.164970853, -75.57463727)"
2162648,07/27/2016,5:40 p.m.,Miércoles,Motocicleta,Particular,Motociclista,Sin registro,No,Sin Registro,Solo Daños,Choque,Otra,Calle 36 D Sur Carrera 27 D,Vereda El Escobero,Urbana,"(6.164970853, -75.57463727)"
2161883,07/27/2016,6:30 p.m.,Miércoles,Automovil,Publico,Conductor,Masculino,No,Sin Registro,Solo Daños,Choque,Adelantar cerrando,Calle 39  Sur Carrera 43 A,Alcala,Urbana,"(6.169120914, -75.58953036)"
2161883,07/27/2016,6:30 p.m.,Miércoles,Motocicleta,Particular,Motociclista,Masculino,No,Sin Registro,Solo Daños,Choque,Adelantar cerrando,Calle 39  Sur Carrera 43 A,Alcala,Urbana,"(6.169120914, -75.58953036)"
2161893,07/27/2016,6:45 p.m.,Miércoles,Motocicleta,Particular,Motociclista,Femenino,No,Sin Registro,Herido,Atropello,Reverso imprudente,Calle 41  Sur Carrera 25 A,La Mina,Urbana,"(6.154531978, -75.58434641)"
2162693,07/27/2016,11:10 p.m.,Miércoles,Campero,Particular,Conductor,Masculino,No,Sin Registro,Herido,Atropello,Otra,Diagonal 40 Transversal 33 B Sur,Sin Registro,Urbana,"(6.172318879, -75.58522962)"
2161903,07/28/2016,8:10 a.m.,Jueves,Automovil,Particular,Conductor,Masculino,No,Sin Registro,Solo Daños,Choque,No mantener distancia de seguridad,Tramo 12 Kilometro  12,Vereda Palmas,Rural,
2161903,07/28/2016,8:10 a.m.,Jueves,Automovil,Particular,Conductor,Masculino,No,Sin Registro,Solo Daños,Choque,No mantener distancia de seguridad,Tramo 12 Kilometro  12,Vereda Palmas,Rural,