RADICADO,FECHA,HORA,DÍA DE LA SEMANA,CLASE DE VEHICULO,TIPO DE SERVICIO,TIPO DE VICTIMA,SEXO,ESTADO DE BEODEZ,RESULTADO DE BEODEZ,GRAVEDAD,CLASE DE ACCIDENTE,CAUSA,DIRECCIÓN,BARRIO,AREA,Coordenadas
2161946,02/08/2016,8:45 a.m.,Martes,Automovil,Particular,Conductor,Masculino,No,Sin Registro,Solo Daños,Choque,Adelantar cerrando,Calle 30  Sur Carrera 48,Las Vegas,Urbana,"(6.180376127, -75.59028805)"
2161941,02/08/2016,9:00 a.m.,Martes,Automovil,Particular,Conductor,Femenino,No,Sin Registro,Solo Daños,Choque,No mantener distancia de seguridad,Calle 46  Sur Carrera 50,Las Vegas,Urbana,
2161941,02/08/2016,9:00 a.m.,Martes,Motocicleta,Particular,Motociclista,Masculino,No,Sin Registro,Solo Daños,Choque,No mantener distancia de seguridad,Calle 46  Sur Carrera 50,Las Vegas,Urbana,
2161950,02/08/2016,12:40 p.m.,Martes,Motocicleta,Particular,Motociclista,Masculino,No,Sin Registro,Solo Daños,Choque,No respetar prelacion,Calle 27  Sur Carrera 27 B,El Esmeraldal,Urbana,"(6.173240655, -75.56909801)"
2161950,02/08/2016,12:40 p.m.,Martes,Automovil,Particular,Conductor,Femenino,No,Sin Registro,Solo Daños,Choque,No respetar prelacion,Calle 27  Sur Carrera 27 B,El Esmeraldal,Urbana,"(6.173240655, -75.56909801)"
2161945,02/08/2016,2:40 p.m.,Martes,Automovil,Particular,Conductor,Femenino,No,Sin Registro,Solo Daños,Choque,Adelantar cerrando,Calle 36 E Sur Carrera 27 G,Vereda El Escobero,Urbana,"(6.167154903, -75.56933697)"
2161945,02/08/2016,2:40 p.m.,Martes,Microbus,Publico,Conductor,Femenino,No,Sin Registro,Solo Daños,Choque,Adelantar cerrando,Calle 36 E Sur Carrera 27 G,Vereda El Escobero,Urbana,"(6.167154903, -75.56933697)"
2161947,02/08/2016,5:05 p.m.,Martes,Buseta,Publico,Conductor,Masculino,No,Sin Registro,Solo Daños,Choque,No mantener distancia de seguridad,Calle 37  Sur Carrera 50,Las Vegas,Urbana,
2161954,02/08/2016,8:15 p.m.,Martes,Automovil,Particular,Conductor,Masculino,No,Sin Registro,Solo Daños,Choque,Adelantar cerrando,Calle 38  Sur Carrera 48,Sin Registro,Urbana,
2161954,02/08/2016,8:15 p.m.,Martes,Automovil,Particular,Conductor,Masculino,No,Sin Registro,Solo Daños,Choque,Adelantar cerrando,Calle 38  Sur Carrera 48,Sin Registro,Urbana,
2161951,03/08/2016,6:35 a.m.,Miércoles,Automovil,Particular,Conductor,Femenino,No,Sin Registro,Solo Daños,Choque,Transitar entre vehiculos,Calle 32  Sur Carrera 50,Las Vegas,Urbana,
2161951,03/08/2016,6:35 a.m.,Miércoles,Motocicleta,Particular,Motociclista,Masculino,No,Sin Registro,Solo Daños,Choque,Transitar entre vehiculos,Calle 32  Sur Carrera 50,Las Vegas,Urbana,
2161959,03/08/2016,7:40 a.m.,Miércoles,Bus,Publico,Conductor,Masculino,No,Sin Registro,Solo Daños,Choque,Adelantar cerrando,Calle 24  Sur Carrera 43 A,Avenida El Poblado,Urbana,
2161959,03/08/2016,7:40 a.m.,Miércoles,Automovil,Particular,Conductor,Masculino,No,Sin Registro,Solo Daños,Choque,Adelantar cerrando,Calle 24  Sur Carrera 43 A,Avenida El Poblado,Urbana,
2161994,03/08/2016,9:30 a.m.,Miércoles,Automovil,Particular,Conductor,Masculino,No,Sin Registro,Herido,Choque,No mantener distancia de seguridad,Diagonal 31 Transversal 36,La Sebastiana,Urbana,"(6.168204377, -75.58020514)"
2161994,03/08/2016,9:30 a.m.,Miércoles,Camioneta,Particular,Conductor,Masculino,No,Sin Registro,Herido,Choque,No mantener distancia de seguridad,Diagonal 31 Transversal 36,La Sebastiana,Urbana,"(6.168204377, -75.58020514)"
2161994,03/08/2016,9:30 a.m.,Miércoles,Automovil,Particular,Conductor,Femenino,No,Sin Registro,Herido,Choque,No mantener distancia de seguridad,Diagonal 31 Transversal 36,La Sebastiana,Urbana,"(6.168204377, -75.58020514)"
2161994,03/08/2016,9:30 a.m.,Miércoles,Automovil,Particular,Conductor,Masculino,No,Sin Registro,Herido,Choque,No mantener distancia de seguridad,Diagonal 31 Transversal 36,La Sebastiana,Urbana,"(6.168204377, -75.58020514)"
2161968,03/08/2016,11:50 a.m.,Miércoles,Camion,Publico,Conductor,Masculino,No,Sin Registro,Solo Daños,Choque,No mantener distancia de seguridad,Tramo 372 Kilometro  3,Vereda Palmas,Rural,
2161968,03/08/2016,11:50 a.m.,Miércoles,Motocicleta,Particular,Motociclista,Masculino,No,Sin Registro,Solo Daños,Choque,No mantener distancia de seguridad,Tramo 372 Kilometro  3,Vereda Palmas,Rural,
2161958,03/08/2016,12:40 p.m.,Miércoles,Automovil,Particular,Conductor,Masculino,No,Sin Registro,Solo Daños,Choque,No respetar prelacion,Calle 46 C Sur Carrera 42 B,La Paz,Urbana,"(6.161737713, -75.59563707)"
2161958,03/08/2016,12:40 p.m.,Miércoles,Automovil,Publico,Conductor,Masculino,No,Sin Registro,Solo Daños,Choque,No respetar prelacion,Calle 46 C Sur Carrera 42 B,La Paz,Urbana,"(6.161737713, -75.59563707)"
2161953,03/08/2016,4:10 p.m.,Miércoles,Motocicleta,Particular,Motociclista,Masculino,No,Sin Registro,Herido,Choque,Desobedecer senales,Calle 40  Sur Carrera 41,El Dorado,Urbana,"(6.167156789, -75.58804688)"
2161955,03/08/2016,5:45 p.m.,Miércoles,Motocicleta,Particular,Motociclista,Masculino,No,Sin Registro,Solo Daños,Choque,Semaforo en rojo,Calle 25  Sur Carrera 43 A,Las Orquideas,Urbana,"(6.181560189, -75.58201649)"
2161955,03/08/2016,5:45 p.m.,Miércoles,Motocicleta,Particular,Motociclista,Femenino,No,Sin Registro,Solo Daños,Choque,Semaforo en rojo,Calle 25  Sur Carrera 43 A,Las Orquideas,Urbana,"(6.181560189, -75.58201649)"
2161963,03/08/2016,5:50 p.m.,Miércoles,Motocicleta,Particular,Motociclista,Masculino,No,Sin Registro,Solo Daños,Choque,Adelantar en zona prohibida,Calle 36 D Sur Carrera 27,Vereda El Escobero,Urbana,"(6.162479576, -75.57022257)"
2161963,03/08/2016,5:50 p.m.,Miércoles,Camioneta,Particular,Conductor,Masculino,No,Sin Registro,Solo Daños,Choque,Adelantar en zona prohibida,Calle 36 D Sur Carrera 27,Vereda El Escobero,Urbana,"(6.162479576, -75.57022257)"
2161961,04/08/2016,5:00 a.m.,Jueves,Automovil,Publico,Conductor,Masculino,No,Sin Registro,Solo Daños,Choque,Exceso de velocidad,Tramo 372 Kilometro  3,Vereda Palmas,Rural,
2161965,04/08/2016,5:50 a.m.,Jueves,Microbus,Publico,Conductor,Masculino,No,Sin Registro,Solo Daños,Choque,Otra,Calle 25  Sur Carrera 43 A,Las Orquideas,Urbana,"(6.181560189, -75.58201649)"
2161965,04/08/2016,5:50 a.m.,Jueves,Automovil,Particular,Conductor,Femenino,No,Sin Registro,Solo Daños,Choque,Otra,Calle 25  Sur Carrera 43 A,Las Orquideas,Urbana,"(6.181560189, -75.58201649)"
2161971,04/08/2016,6:20 a.m.,Jueves,Motocicleta,Particular,Motociclista,Masculino,No,Sin Registro,Herido,Atropello,No respetar prelacion,Tramo 372 Kilometro  16,Vereda Palmas,Rural,
2162005,04/08/2016,6:30 a.m.,Jueves,Automovil,Publico,Conductor,Masculino,No,Sin Registro,Solo Daños,Choque,Transitar entre vehiculos,Calle 21  Sur Carrera 43 A,Avenida El Poblado,Urbana,"(6.18399286, -75.57959764)"
2162005,04/08/2016,6:30 a.m.,Jueves,Motocicleta,Particular,Motociclista,Masculino,No,Sin Registro,Solo Daños,Choque,Transitar entre vehiculos,Calle 21  Sur Carrera 43 A,Avenida El Poblado,Urbana,"(6.18399286, -75.57959764)"
2161957,04/08/2016,7:10 a.m.,Jueves,Automovil,Particular,Conductor,Masculino,No,Sin Registro,Solo Daños,Choque,No respetar prelacion,Calle 36 D Sur Carrera 27 A,Sin Registro,Urbana,"(6.164831751, -75.57423497)"
2161957,04/08/2016,7:10 a.m.,Jueves,Automovil,Particular,Conductor,Masculino,No,Sin Registro,Solo Daños,Choque,No respetar prelacion,Calle 36 D Sur Carrera 27 A,Sin Registro,Urbana,"(6.164831751, -75.57423497)"
2161962,04/08/2016,7:10 a.m.,Jueves,Automovil,Publico,Conductor,Masculino,No,Sin Registro,Herido,Choque,Desobedecer senales,Calle 39  Sur Carrera 31,Mesa,Urbana,"(6.164350999, -75.58194251)"
2161962,04/08/2016,7:10 a.m.,Jueves,Motocicleta,Particular,Motociclista,Masculino,No,Sin Registro,Herido,Choque,Desobedecer senales,Calle 39  Sur Carrera 31,Mesa,Urbana,"(6.164350999, -75.58194251)"
2161956,04/08/2016,7:15 a.m.,Jueves,Bus,Publico,Conductor,Masculino,No,Sin Registro,Solo Daños,Choque,No respetar prelacion,Calle 37  Sur Carrera 50,Las Vegas,Urbana,
2161956,04/08/2016,7:15 a.m.,Jueves,Automovil,Particular,Conductor,Femenino,No,Sin Registro,Solo Daños,Choque,No respetar prelacion,Calle 37  Sur Carrera 50,Las Vegas,Urbana,
2161991,04/08/2016,7:35 a.m.,Jueves,Bus,Publico,Conductor,Masculino,No,Sin Registro,Solo Daños,Choque,No mantener distancia de seguridad,Calle 48 C Sur Carrera 48,Las Vegas,Urbana,"(6.159138282, -75.59625971)"
2161991,04/08/2016,7:35 a.m.,Jueves,Automovil,Particular,Conductor,Femenino,No,Sin Registro,Solo Daños,Choque,No mantener distancia de seguridad,Calle 48 C Sur Carrera 48,Las Vegas,Urbana,"(6.159138282, -75.59625971)"
2161960,04/08/2016,9:20 a.m.,Jueves,Automovil,Publico,Conductor,Masculino,No,Sin Registro,Solo Daños,Choque,No respetar prelacion,Diagonal 31 D Transversal 32 A,La Magnolia,Urbana,"(6.176123022, -75.58101992)"
2161960,04/08/2016,9:20 a.m.,Jueves,Motocicleta,Particular,Motociclista,Masculino,No,Sin Registro,Solo Daños,Choque,No respetar prelacion,Diagonal 31 D Transversal 32 A,La Magnolia,Urbana,"(6.176123022, -75.58101992)"
2161976,04/08/2016,10:05 a.m.,Jueves,Motocicleta,Particular,Motociclista,Masculino,No,Sin Registro,Solo Daños,Choque,Adelantar en zona prohibida,Calle 27  Sur Carrera 27,El Esmeraldal,Urbana,"(6.17243521, -75.56787192)"
2161976,04/08/2016,10:05 a.m.,Jueves,Automovil,Diplomatico,Conductor,Femenino,No,Sin Registro,Solo Daños,Choque,Adelantar en zona prohibida,Calle 27  Sur Carrera 27,El Esmeraldal,Urbana,"(6.17243521, -75.56787192)"
2161982,04/08/2016,10:25 a.m.,Jueves,Tractocamion,Publico,Conductor,Masculino,No,Sin Registro,Solo Daños,Choque,Adelantar cerrando,Calle 49  Sur Carrera 48,Las Casitas,Urbana,"(6.163238618, -75.60250718)"
2161982,04/08/2016,10:25 a.m.,Jueves,Automovil,Particular,Conductor,Masculino,No,Sin Registro,Solo Daños,Choque,Adelantar cerrando,Calle 49  Sur Carrera 48,Las Casitas,Urbana,"(6.163238618, -75.60250718)"
2161987,04/08/2016,12:30 p.m.,Jueves,Automovil,Particular,Conductor,Masculino,No,Sin Registro,Solo Daños,Choque,Poner en marcha un vehiculo sin precauci,Calle 46  Sur Carrera 43 A,Primavera,Urbana,"(6.164149951, -75.5959975)"
2161987,04/08/2016,12:30 p.m.,Jueves,Automovil,Particular,Conductor,Masculino,No,Sin Registro,Solo Daños,Choque,Poner en marcha un vehiculo sin precauci,Calle 46  Sur Carrera 43 A,Primavera,Urbana,"(6.164149951, -75.5959975)"
2161979,04/08/2016,2:20 p.m.,Jueves,Automovil,Particular,Conductor,Masculino,No,Sin Registro,Solo Daños,Choque,No mantener distancia de seguridad,Calle 37  Sur Carrera 48,Glorieta Peldar,Urbana,"(6.17412211, -75.59306111)"
2161979,04/08/2016,2:20 p.m.,Jueves,Automovil,Particular,Conductor,Femenino,No,Sin Registro,Solo Daños,Choque,No mantener distancia de seguridad,Calle 37  Sur Carrera 48,Glorieta Peldar,Urbana,"(6.17412211, -75.59306111)"
2161967,04/08/2016,4:30 p.m.,Jueves,Motocicleta,Particular,Motociclista,Masculino,No,Sin Registro,Herido,Choque,Otra,Calle 49  Sur Carrera 48,Las Vegas,Urbana,"(6.163238618, -75.60250718)"
2161967,04/08/2016,4:30 p.m.,Jueves,Camion,Publico,Conductor,Masculino,No,Sin Registro,Herido,Choque,Otra,Calle 49  Sur Carrera 48,Las Vegas,Urbana,"(6.163238618, -75.60250718)"
2161966,04/08/2016,5:10 p.m.,Jueves,Camioneta,Diplomatico,Conductor,Masculino,No,Sin Registro,Solo Daños,Choque,Impericia en el manejo,Calle 49 D Sur Carrera 40,La Inmaculada,Urbana,"(6.155873781, -75.60078345)"
2161966,04/08/2016,5:10 p.m.,Jueves,Microbus,Publico,Conductor,Masculino,No,Sin Registro,Solo Daños,Choque,Impericia en el manejo,Calle 49 D Sur Carrera 40,La Inmaculada,Urbana,"(6.155873781, -75.60078345)"
2161964,04/08/2016,6:50 p.m.,Jueves,Bus,Publico,Conductor,Masculino,No,Sin Registro,Solo Daños,Choque,No mantener distancia de seguridad,Calle 37  Sur Carrera 48,Glorieta Exito,Urbana,"(6.17412211, -75.59306111)"
2161964,04/08/2016,6:50 p.m.,Jueves,Automovil,Publico,Conductor,Masculino,No,Sin Registro,Solo Daños,Choque,No mantener distancia de seguridad,Calle 37  Sur Carrera 48,Glorieta Exito,Urbana,"(6.17412211, -75.59306111)"
2161996,04/08/2016,6:50 p.m.,Jueves,Camion,Publico,Conductor,Masculino,No,Sin Registro,Solo Daños,Choque,Desobedecer senales,Calle 38  Sur Carrera 29 A,San Jose,Urbana,"(6.165022576, -75.58071311)"
2161996,04/08/2016,6:50 p.m.,Jueves,Automovil,Publico,Conductor,Masculino,No,Sin Registro,Solo Daños,Choque,Desobedecer senales,Calle 38  Sur Carrera 29 A,San Jose,Urbana,"(6.165022576, -75.58071311)"
2161969,04/08/2016,7:30 p.m.,Jueves,Bus,Publico,Conductor,Masculino,No,Sin Registro,Solo Daños,Choque,No mantener distancia de seguridad,Calle 40 F Sur Carrera 36,Sin Registro,Urbana,"(6.16111564, -75.58477008)"
2161969,04/08/2016,7:30 p.m.,Jueves,Motocarro,Particular,Motociclista,Masculino,No,Sin Registro,Solo Daños,Choque,No mantener distancia de seguridad,Calle 40 F Sur Carrera 36,Sin Registro,Urbana,"(6.16111564, -75.58477008)"
2162007,05/08/2016,7:00 a.m.,Viernes,Automovil,Publico,Conductor,Masculino,No,Sin Registro,Solo Daños,Choque,Otra,Calle 38  Sur Carrera 40,Zona Centro,Urbana,"(6.16879573, -75.58588978)"
2162007,05/08/2016,7:00 a.m.,Viernes,Automovil,Particular,Conductor,Masculino,No,Sin Registro,Solo Daños,Choque,Otra,Calle 38  Sur Carrera 40,Zona Centro,Urbana,"(6.16879573, -75.58588978)"
2162011,05/08/2016,7:20 a.m.,Viernes,Buseta,Publico,Conductor,Masculino,No,Sin Registro,Solo Daños,Choque,Desobedecer senales,Calle 48 E Sur Carrera 42,Sin Registro,Urbana,"(6.159800047, -75.59509533)"
2162011,05/08/2016,7:20 a.m.,Viernes,Camioneta,Particular,Conductor,Masculino,No,Sin Registro,Solo Daños,Choque,Desobedecer senales,Calle 48 E Sur Carrera 42,Sin Registro,Urbana,"(6.159800047, -75.59509533)"
2161988,05/08/2016,10:25 a.m.,Viernes,Automovil,Diplomatico,Conductor,Femenino,No,Sin Registro,Solo Daños,Choque,Adelantar cerrando,Calle 37  Sur Carrera 41,Zona Centro,Urbana,"(6.169855492, -75.58619601)"
2161988,05/08/2016,10:25 a.m.,Viernes,Camion,Publico,Conductor,Masculino,No,Sin Registro,Solo Daños,Choque,Adelantar cerrando,Calle 37  Sur Carrera 41,Zona Centro,Urbana,"(6.169855492, -75.58619601)"
2162001,05/08/2016,12:40 p.m.,Viernes,Motocarro,Particular,Motociclista,Masculino,No,Sin Registro,Solo Daños,Choque,No mantener distancia de seguridad,Calle 38 B Sur Carrera 46,Alcala,Urbana,"(6.171053652, -75.59187948)"
2162001,05/08/2016,12:40 p.m.,Viernes,Automovil,Particular,Conductor,Femenino,No,Sin Registro,Solo Daños,Choque,No mantener distancia de seguridad,Calle 38 B Sur Carrera 46,Alcala,Urbana,"(6.171053652, -75.59187948)"
2161986,05/08/2016,1:00 p.m.,Viernes,Automovil,Particular,Conductor,Masculino,No,Sin Registro,Solo Daños,Choque,Reverso imprudente,Tramo 372 Kilometro  16,Vereda Palmas,Rural,
2161986,05/08/2016,1:00 p.m.,Viernes,Camioneta,Particular,Conductor,Masculino,No,Sin Registro,Solo Daños,Choque,Reverso imprudente,Tramo 372 Kilometro  16,Vereda Palmas,Rural,
2162002,05/08/2016,2:30 p.m.,Viernes,Campero,Particular,Conductor,Masculino,No,Sin Registro,Solo Daños,Choque,Reverso imprudente,Calle 38  Sur Carrera 40,Zona Centro,Urbana,"(6.16879573, -75.58588978)"
2162002,05/08/2016,2:30 p.m.,Viernes,Camioneta,Particular,Conductor,Femenino,No,Sin Registro,Solo Daños,Choque,Reverso imprudente,Calle 38  Sur Carrera 40,Zona Centro,Urbana,"(6.16879573, -75.58588978)"
2162000,05/08/2016,3:30 p.m.,Viernes,Camioneta,Particular,Conductor,Masculino,No,Sin Registro,Solo Daños,Choque,No respetar prelacion,Tramo 181 Kilometro  100,Sin Registro,Rural,
2162000,05/08/2016,3:30 p.m.,Viernes,Camion,Publico,Conductor,Masculino,No,Sin Registro,Solo Daños,Choque,No respetar prelacion,Tramo 181 Kilometro  100,Sin Registro,Rural,
2161974,05/08/2016,4:15 p.m.,Viernes,Microbus,Publico,Conductor,Masculino,No,Sin Registro,Solo Daños,Choque,No mantener distancia de seguridad,Calle 43  Sur Carrera 48,Las Vegas,Urbana,"(6.168592602, -75.597529)"
2161974,05/08/2016,4:15 p.m.,Viernes,Motocicleta,Particular,Motociclista,Masculino,No,Sin Registro,Solo Daños,Choque,No mantener distancia de seguridad,Calle 43  Sur Carrera 48,Las Vegas,Urbana,"(6.168592602, -75.597529)"
2161992,05/08/2016,7:00 p.m.,Viernes,Motocicleta,Particular,Motociclista,Masculino,No,Sin Registro,Herido,Choque,Semaforo en rojo,Calle 30  Sur Carrera 48,Las Vegas,Urbana,"(6.180376127, -75.59028805)"
2161992,05/08/2016,7:00 p.m.,Viernes,Automovil,Particular,Conductor,Masculino,No,Sin Registro,Herido,Choque,Semaforo en rojo,Calle 30  Sur Carrera 48,Las Vegas,Urbana,"(6.180376127, -75.59028805)"
2161995,05/08/2016,9:45 p.m.,Viernes,Motocicleta,Particular,Motociclista,Masculino,No,Sin Registro,Herido,Atropello,Cruzar sin observar,Calle 38 B Sur Carrera 43 A,Alcala,Urbana,"(6.169421121, -75.5893289)"
2163456,06/08/2016,1:30 a.m.,Sábado,Campero,Particular,Conductor,Masculino,No,Sin Registro,Solo Daños,Choque,Otra,Calle 34  Sur Carrera 43 A,Sin Registro,Urbana,"(6.173041737, -75.58696982)"
2163456,06/08/2016,1:30 a.m.,Sábado,Campero,Particular,Conductor,Sin registro,No,Sin Registro,Solo Daños,Choque,Otra,Calle 34  Sur Carrera 43 A,Sin Registro,Urbana,"(6.173041737, -75.58696982)"
2161980,06/08/2016,7:00 a.m.,Sábado,Motocicleta,Particular,Motociclista,Masculino,No,Sin Registro,Solo Daños,Choque,Adelantar cerrando,Calle 38  Sur Carrera 42,Zona Centro,Urbana,"(6.16961293, -75.58738469)"
2161980,06/08/2016,7:00 a.m.,Sábado,Automovil,Particular,Conductor,Masculino,No,Sin Registro,Solo Daños,Choque,Adelantar cerrando,Calle 38  Sur Carrera 42,Zona Centro,Urbana,"(6.16961293, -75.58738469)"
2162006,06/08/2016,8:00 a.m.,Sábado,Microbus,Publico,Conductor,Masculino,No,Sin Registro,Solo Daños,Choque,Adelantar cerrando,Calle 49  Sur Carrera 48,Las Vegas,Urbana,"(6.163238618, -75.60250718)"
2162006,06/08/2016,8:00 a.m.,Sábado,Camion,Publico,Conductor,Masculino,No,Sin Registro,Solo Daños,Choque,Adelantar cerrando,Calle 49  Sur Carrera 48,Las Vegas,Urbana,"(6.163238618, -75.60250718)"
2162009,06/08/2016,8:30 a.m.,Sábado,Motocicleta,Particular,Motociclista,Masculino,No,Sin Registro,Solo Daños,Choque,Adelantar cerrando,Calle 36  Sur Carrera 49,Glorieta De Peldar,Urbana,
2162009,06/08/2016,8:30 a.m.,Sábado,Automovil,Particular,Conductor,Masculino,No,Sin Registro,Solo Daños,Choque,Adelantar cerrando,Calle 36  Sur Carrera 49,Glorieta De Peldar,Urbana,
2162004,06/08/2016,9:15 a.m.,Sábado,Automovil,Particular,Conductor,Masculino,No,Sin Registro,Solo Daños,Choque,No mantener distancia de seguridad,Calle 37  Sur Carrera 50,Las Vegas,Urbana,
2162004,06/08/2016,9:15 a.m.,Sábado,Camion,Publico,Conductor,Masculino,No,Sin Registro,Solo Daños,Choque,No mantener distancia de seguridad,Calle 37  Sur Carrera 50,Las Vegas,Urbana,
2161981,06/08/2016,11:30 a.m.,Sábado,Camioneta,Particular,Conductor,Femenino,No,Sin Registro,Herido,Choque,No mantener distancia de seguridad,Calle 19  Sur Carrera 48,Las Vegas,Urbana,
2161981,06/08/2016,11:30 a.m.,Sábado,Camioneta,Particular,Conductor,Masculino,No,Sin Registro,Herido,Choque,No mantener distancia de seguridad,Calle 19  Sur Carrera 48,Las Vegas,Urbana,
2162008,06/08/2016,11:40 a.m.,Sábado,Automovil,Particular,Conductor,Masculino,No,Sin Registro,Solo Daños,Choque,Adelantar cerrando,Calle 33 B Sur Carrera 48,Las Vegas,Urbana,"(6.172981087, -75.58607623)"
2162008,06/08/2016,11:40 a.m.,Sábado,Camion,Publico,Conductor,Masculino,No,Sin Registro,Solo Daños,Choque,Adelantar cerrando,Calle 33 B Sur Carrera 48,Las Vegas,Urbana,"(6.172981087, -75.58607623)"
2161990,06/08/2016,12:30 p.m.,Sábado,Camioneta,Particular,Conductor,Femenino,No,Sin Registro,Solo Daños,Choque,No mantener distancia de seguridad,Calle 37  Sur Carrera 48,Las Vegas,Urbana,"(6.17412211, -75.59306111)"
2161990,06/08/2016,12:30 p.m.,Sábado,Automovil,Particular,Conductor,Masculino,No,Sin Registro,Solo Daños,Choque,No mantener distancia de seguridad,Calle 37  Sur Carrera 48,Las Vegas,Urbana,"(6.17412211, -75.59306111)"
2161999,06/08/2016,2:00 p.m.,Sábado,Automovil,Diplomatico,Conductor,Femenino,No,Sin Registro,Solo Daños,Choque,Adelantar cerrando,Calle 37  Sur Carrera 48,Las Vegas,Urbana,"(6.17412211, -75.59306111)"
2161999,06/08/2016,2:00 p.m.,Sábado,Sin Registro,Publico,Conductor,Masculino,No,Sin Registro,Solo Daños,Choque,Adelantar cerrando,Calle 37  Sur Carrera 48,Las Vegas,Urbana,"(6.17412211, -75.59306111)"
2161983,06/08/2016,2:20 p.m.,Sábado,Microbus,Publico,Conductor,Masculino,No,Sin Registro,Herido,Choque,Adelantar en zona prohibida,Calle 39  Sur Carrera 43 A,Zona Centro,Urbana,"(6.169120914, -75.58953036)"
2161983,06/08/2016,2:20 p.m.,Sábado,Motocicleta,Particular,Motociclista,Masculino,No,Sin Registro,Herido,Choque,Adelantar en zona prohibida,Calle 39  Sur Carrera 43 A,Zona Centro,Urbana,"(6.169120914, -75.58953036)"
2161997,06/08/2016,2:30 p.m.,Sábado,Camioneta,Particular,Conductor,Masculino,No,Sin Registro,Solo Daños,Choque,No mantener distancia de seguridad,Calle 49  Sur Carrera 43 A,Avenida El Poblado,Urbana,"(6.160925818, -75.59998009)"
2161997,06/08/2016,2:30 p.m.,Sábado,Campero,Particular,Conductor,Masculino,No,Sin Registro,Solo Daños,Choque,No mantener distancia de seguridad,Calle 49  Sur Carrera 43 A,Avenida El Poblado,Urbana,"(6.160925818, -75.59998009)"
2161973,06/08/2016,2:40 p.m.,Sábado,Automovil,Particular,Conductor,Masculino,No,Sin Registro,Herido,Choque,No mantener distancia de seguridad,Tramo 152 Kilometro  15,Vereda Palmas,Rural,
2161973,06/08/2016,2:40 p.m.,Sábado,Motocicleta,Particular,Motociclista,Masculino,No,Sin Registro,Herido,Choque,No mantener distancia de seguridad,Tramo 152 Kilometro  15,Vereda Palmas,Rural,
2161978,06/08/2016,3:25 p.m.,Sábado,Automovil,Particular,Conductor,Femenino,No,Sin Registro,Solo Daños,Choque,Adelantar cerrando,Calle 39 B Sur Carrera 48,Las Vegas,Urbana,"(6.170162601, -75.59457554)"
2161978,06/08/2016,3:25 p.m.,Sábado,Tractocamion,Publico,Conductor,Masculino,No,Sin Registro,Solo Daños,Choque,Adelantar cerrando,Calle 39 B Sur Carrera 48,Las Vegas,Urbana,"(6.170162601, -75.59457554)"
2161998,06/08/2016,4:50 p.m.,Sábado,Microbus,Publico,Conductor,Masculino,No,Sin Registro,Solo Daños,Choque,Impericia en el manejo,Calle 40  Sur Carrera 25 A,El Salado,Urbana,"(6.154521155, -75.57912616)"
2161998,06/08/2016,4:50 p.m.,Sábado,Automovil,Particular,Conductor,Masculino,No,Sin Registro,Solo Daños,Choque,Impericia en el manejo,Calle 40  Sur Carrera 25 A,El Salado,Urbana,"(6.154521155, -75.57912616)"
2161975,06/08/2016,6:10 p.m.,Sábado,Automovil,Particular,Conductor,Masculino,No,Sin Registro,Solo Daños,Choque,No mantener distancia de seguridad,Calle 37  Sur Carrera 50,Las Vegas,Urbana,
2161975,06/08/2016,6:10 p.m.,Sábado,Automovil,Particular,Conductor,Masculino,No,Sin Registro,Solo Daños,Choque,No mantener distancia de seguridad,Calle 37  Sur Carrera 50,Las Vegas,Urbana,
2162125,08/15/2016,10:15 a.m.,Lunes,Automovil,Particular,Conductor,Masculino,No,Sin Registro,Solo Daños,Choque,Adelantar cerrando,Tramo 372 Kilometro  15,Vereda Palmas,Rural,
2162751,06/08/2016,7:40 p.m.,Sábado,Automovil,Particular,Conductor,Masculino,No,Sin Registro,Solo Daños,Choque,Otra,Calle 35  Sur Carrera 43 B,Sin Registro,Urbana,"(6.172758366, -75.58776193)"
2162751,06/08/2016,7:40 p.m.,Sábado,Motocicleta,Particular,Motociclista,Sin registro,No,Sin Registro,Solo Daños,Choque,Otra,Calle 35  Sur Carrera 43 B,Sin Registro,Urbana,"(6.172758366, -75.58776193)"
2161977,06/08/2016,11:00 p.m.,Sábado,Automovil,Particular,Conductor,Masculino,No,Sin Registro,Solo Daños,Choque,Semaforo en rojo,Calle 25 A Sur Carrera 43 A,Avenida El Poblado,Urbana,"(6.181689385, -75.58241799)"
2161977,06/08/2016,11:00 p.m.,Sábado,Automovil,Particular,Conductor,Masculino,Si,1,Solo Daños,Choque,Semaforo en rojo,Calle 25 A Sur Carrera 43 A,Avenida El Poblado,Urbana,"(6.181689385, -75.58241799)"
2162003,07/08/2016,9:40 a.m.,Domingo,Automovil,Particular,Conductor,Sin registro,No,Sin Registro,Solo Daños,Choque,Exceso de velocidad,Calle 37  Sur Carrera 50,Las Vegas,Urbana,
2162003,07/08/2016,9:40 a.m.,Domingo,Tractocamion,Publico,Conductor,Masculino,No,Sin Registro,Solo Daños,Choque,Desobedecer senales,Calle 37  Sur Carrera 50,Las Vegas,Urbana,
2162003,07/08/2016,9:40 a.m.,Domingo,Tractocamion,Publico,Conductor,Masculino,No,Sin Registro,Solo Daños,Choque,Exceso de velocidad,Calle 37  Sur Carrera 50,Las Vegas,Urbana,