RADICADO,FECHA,HORA,DÍA DE LA SEMANA,CLASE DE VEHICULO,TIPO DE SERVICIO,TIPO DE VICTIMA,SEXO,ESTADO DE BEODEZ,RESULTADO DE BEODEZ,GRAVEDAD,CLASE DE ACCIDENTE,CAUSA,DIRECCIÓN,BARRIO,AREA,Coordenadas
2162003,07/08/2016,9:40 a.m.,Domingo,Automovil,Particular,Conductor,Sin registro,No,Sin Registro,Solo Daños,Choque,Desobedecer senales,Calle 37  Sur Carrera 50,Las Vegas,Urbana,
2162012,07/08/2016,1:10 p.m.,Domingo,Automovil,Particular,Conductor,Masculino,No,Sin Registro,Solo Daños,Choque,No mantener distancia de seguridad,Tramo 372 Kilometro  10,Vereda Palmas,Rural,
2162012,07/08/2016,1:10 p.m.,Domingo,Automovil,Particular,Conductor,Masculino,No,Sin Registro,Solo Daños,Choque,No mantener distancia de seguridad,Tramo 372 Kilometro  10,Vereda Palmas,Rural,
2161984,07/08/2016,1:30 p.m.,Domingo,Bus,Publico,Conductor,Masculino,No,Sin Registro,Solo Daños,Choque,Desobedecer senales,Calle 33 B Sur Carrera 42,Zona Centro,Urbana,"(6.17255447, -75.58554957)"
2161984,07/08/2016,1:30 p.m.,Domingo,Automovil,Particular,Conductor,Masculino,No,Sin Registro,Solo Daños,Choque,Desobedecer senales,Calle 33 B Sur Carrera 42,Zona Centro,Urbana,"(6.17255447, -75.58554957)"
2161989,07/08/2016,4:30 p.m.,Domingo,Automovil,Particular,Conductor,Masculino,No,Sin Registro,Solo Daños,Choque,Desobedecer senales,Calle 39  Sur Carrera 38,Mesa,Urbana,"(6.166656476, -75.58555336)"
2161989,07/08/2016,4:30 p.m.,Domingo,Camioneta,Particular,Conductor,Masculino,No,Sin Registro,Solo Daños,Choque,Desobedecer senales,Calle 39  Sur Carrera 38,Mesa,Urbana,"(6.166656476, -75.58555336)"
2161970,07/08/2016,5:00 p.m.,Domingo,Motocicleta,Particular,Motociclista,Femenino,Si,1,Herido,Choque,Semaforo en rojo,Calle 45  Sur Carrera 43 A,Primavera,Urbana,"(6.165246116, -75.59449417)"
2161970,07/08/2016,5:00 p.m.,Domingo,Motocicleta,Particular,Motociclista,Masculino,No,Sin Registro,Herido,Choque,Semaforo en rojo,Calle 45  Sur Carrera 43 A,Primavera,Urbana,"(6.165246116, -75.59449417)"
2161985,07/08/2016,5:30 p.m.,Domingo,Automovil,Particular,Conductor,Femenino,No,Sin Registro,Herido,Choque,Desobedecer senales,Calle 38  Sur Carrera 29,Mesa,Urbana,"(6.165022576, -75.58071311)"
2161985,07/08/2016,5:30 p.m.,Domingo,Motocicleta,Particular,Motociclista,Masculino,No,Sin Registro,Herido,Choque,Desobedecer senales,Calle 38  Sur Carrera 29,Mesa,Urbana,"(6.165022576, -75.58071311)"
2162016,07/08/2016,6:40 p.m.,Domingo,Automovil,Particular,Conductor,Femenino,No,Sin Registro,Solo Daños,Choque,Adelantar en zona prohibida,Calle 36 D Sur Carrera 27,Vereda El Escobero,Urbana,"(6.162479576, -75.57022257)"
2162016,07/08/2016,6:40 p.m.,Domingo,Motocicleta,Oficial,Motociclista,Masculino,No,Sin Registro,Solo Daños,Choque,Adelantar en zona prohibida,Calle 36 D Sur Carrera 27,Vereda El Escobero,Urbana,"(6.162479576, -75.57022257)"
2161972,07/08/2016,9:30 p.m.,Domingo,Motocicleta,Particular,Motociclista,Masculino,No,Sin Registro,Herido,Choque,Transitar entre vehiculos,Calle 37  Sur Carrera 39,Zona Centro,Urbana,"(6.169035546, -75.58484755)"
2161972,07/08/2016,9:30 p.m.,Domingo,Automovil,Particular,Conductor,Masculino,No,Sin Registro,Herido,Choque,Transitar entre vehiculos,Calle 37  Sur Carrera 39,Zona Centro,Urbana,"(6.169035546, -75.58484755)"
2162023,08/08/2016,4:30 a.m.,Lunes,Automovil,Particular,Conductor,Masculino,No,Sin Registro,Solo Daños,Choque,Embriaguez o droga,Tramo 181 Kilometro  3,Vereda El Vallano,Rural,
2161993,08/08/2016,5:40 a.m.,Lunes,Automovil,Publico,Conductor,Masculino,No,Sin Registro,Herido,Choque,Adelantar por la derecha,Calle 33 B Sur Carrera 43,Zona Centro,Urbana,"(6.172981087, -75.58607623)"
2161993,08/08/2016,5:40 a.m.,Lunes,Motocicleta,Particular,Motociclista,Masculino,No,Sin Registro,Herido,Choque,Adelantar por la derecha,Calle 33 B Sur Carrera 43,Zona Centro,Urbana,"(6.172981087, -75.58607623)"
2162017,08/08/2016,6:40 a.m.,Lunes,Automovil,Publico,Conductor,Masculino,No,Sin Registro,Herido,Choque,Desobedecer senales,Diagonal 33 Transversal 34,La Magnolia,Urbana,"(6.172651904, -75.58382242)"
2162017,08/08/2016,6:40 a.m.,Lunes,Motocicleta,Particular,Motociclista,Masculino,No,Sin Registro,Herido,Choque,Desobedecer senales,Diagonal 33 Transversal 34,La Magnolia,Urbana,"(6.172651904, -75.58382242)"
2162010,08/08/2016,6:50 a.m.,Lunes,Automovil,Particular,Conductor,Masculino,No,Sin Registro,Herido,Choque,No respetar prelacion,Calle 27  Sur Carrera 28,El Esmeraldal,Urbana,"(6.175346318, -75.5745834)"
2162010,08/08/2016,6:50 a.m.,Lunes,Motocicleta,Particular,Motociclista,Masculino,No,Sin Registro,Herido,Choque,No respetar prelacion,Calle 27  Sur Carrera 28,El Esmeraldal,Urbana,"(6.175346318, -75.5745834)"
2163010,08/08/2016,7:00 a.m.,Lunes,Automovil,Publico,Conductor,Masculino,No,Sin Registro,Solo Daños,Choque,Otra,Calle 38  Sur Carrera 43,Las Vegas,Urbana,"(6.170061667, -75.58783913)"
2163010,08/08/2016,7:00 a.m.,Lunes,Motocicleta,Particular,Motociclista,Masculino,No,Sin Registro,Solo Daños,Choque,Otra,Calle 38  Sur Carrera 43,Las Vegas,Urbana,"(6.170061667, -75.58783913)"
2162013,08/08/2016,8:15 a.m.,Lunes,Bus,Publico,Conductor,Masculino,No,Sin Registro,Solo Daños,Choque,Impericia en el manejo,Calle 39 B Sur Carrera 24 EE,El Chinguí,Urbana,"(6.150777241, -75.5751861)"
2162013,08/08/2016,8:15 a.m.,Lunes,Camion,Particular,Conductor,Masculino,No,Sin Registro,Solo Daños,Choque,Impericia en el manejo,Calle 39 B Sur Carrera 24 EE,El Chinguí,Urbana,"(6.150777241, -75.5751861)"
2162015,08/08/2016,9:15 a.m.,Lunes,Automovil,Publico,Conductor,Masculino,No,Sin Registro,Solo Daños,Choque,Desobedecer senales,Calle 39 B Sur Carrera 32,Mesa,Urbana,"(6.163909636, -75.5829262)"
2162015,08/08/2016,9:15 a.m.,Lunes,Camion,Publico,Conductor,Masculino,No,Sin Registro,Solo Daños,Choque,Desobedecer senales,Calle 39 B Sur Carrera 32,Mesa,Urbana,"(6.163909636, -75.5829262)"
2162022,08/08/2016,10:55 a.m.,Lunes,Motocicleta,Particular,Motociclista,Masculino,No,Sin Registro,Herido,Choque,Transitar entre vehiculos,Calle 46  Sur Carrera 43 A,Avenida El Poblado,Urbana,"(6.164149951, -75.5959975)"
2162022,08/08/2016,10:55 a.m.,Lunes,Motocicleta,Particular,Motociclista,Masculino,No,Sin Registro,Herido,Choque,Transitar entre vehiculos,Calle 46  Sur Carrera 43 A,Avenida El Poblado,Urbana,"(6.164149951, -75.5959975)"
2162025,08/08/2016,12:30 p.m.,Lunes,Automovil,Publico,Conductor,Masculino,No,Sin Registro,Solo Daños,Choque,Exceso de velocidad,Calle 40 BB Sur Carrera 30,La Mina,Urbana,"(6.161634947, -75.58338735)"
2162025,08/08/2016,12:30 p.m.,Lunes,Automovil,Particular,Conductor,Femenino,No,Sin Registro,Solo Daños,Choque,Exceso de velocidad,Calle 40 BB Sur Carrera 30,La Mina,Urbana,"(6.161634947, -75.58338735)"
2162014,08/08/2016,3:50 p.m.,Lunes,Automovil,Publico,Conductor,Masculino,No,Sin Registro,Solo Daños,Choque,No mantener distancia de seguridad,Calle 39  Sur Carrera 50,Las Vegas,Urbana,
2162014,08/08/2016,3:50 p.m.,Lunes,Motocicleta,Particular,Motociclista,Masculino,No,Sin Registro,Solo Daños,Choque,No mantener distancia de seguridad,Calle 39  Sur Carrera 50,Las Vegas,Urbana,
2162020,08/08/2016,7:20 p.m.,Lunes,Microbus,Publico,Conductor,Masculino,No,Sin Registro,Herido,Choque,No mantener distancia de seguridad,Calle 25 A Sur Carrera 43 A,Las Orquideas,Urbana,"(6.181689385, -75.58241799)"
2162020,08/08/2016,7:20 p.m.,Lunes,Motocicleta,Particular,Motociclista,Masculino,No,Sin Registro,Herido,Choque,No mantener distancia de seguridad,Calle 25 A Sur Carrera 43 A,Las Orquideas,Urbana,"(6.181689385, -75.58241799)"
2162029,09/08/2016,6:50 a.m.,Martes,Automovil,Particular,Conductor,Femenino,No,Sin Registro,Solo Daños,Choque,Adelantar cerrando,Calle 30  Sur Carrera 45 A,Bucarest,Urbana,"(6.178033442, -75.58652397)"
2162029,09/08/2016,6:50 a.m.,Martes,Automovil,Particular,Conductor,Femenino,No,Sin Registro,Solo Daños,Choque,No respetar prelacion,Calle 30  Sur Carrera 45 A,Bucarest,Urbana,"(6.178033442, -75.58652397)"
2162069,11/08/2016,5:00 p.m.,Jueves,Automovil,Particular,Conductor,Masculino,No,Sin Registro,Solo Daños,Choque,No mantener distancia de seguridad,Tramo 372 Kilometro  15,Vereda Palmas,Rural,
2162029,09/08/2016,6:50 a.m.,Martes,Automovil,Particular,Conductor,Femenino,No,Sin Registro,Solo Daños,Choque,Adelantar cerrando,Calle 30  Sur Carrera 45 A,Bucarest,Urbana,"(6.178033442, -75.58652397)"
2162029,09/08/2016,6:50 a.m.,Martes,Automovil,Particular,Conductor,Femenino,No,Sin Registro,Solo Daños,Choque,No respetar prelacion,Calle 30  Sur Carrera 45 A,Bucarest,Urbana,"(6.178033442, -75.58652397)"
2162028,09/08/2016,7:00 a.m.,Martes,Automovil,Publico,Conductor,Masculino,No,Sin Registro,Solo Daños,Choque,Desobedecer senales,Calle 38 A Sur Carrera 37,Mesa,Urbana,"(6.167015309, -75.58462069)"
2162028,09/08/2016,7:00 a.m.,Martes,Automovil,Particular,Conductor,Femenino,No,Sin Registro,Solo Daños,Choque,Desobedecer senales,Calle 38 A Sur Carrera 37,Mesa,Urbana,"(6.167015309, -75.58462069)"
2162018,09/08/2016,7:15 a.m.,Martes,Motocicleta,Particular,Motociclista,Femenino,No,Sin Registro,Herido,Choque,No mantener distancia de seguridad,Calle 27  Sur Carrera 50,Las Vegas,Urbana,
2162018,09/08/2016,7:15 a.m.,Martes,Motocicleta,Particular,Motociclista,Masculino,No,Sin Registro,Herido,Choque,No mantener distancia de seguridad,Calle 27  Sur Carrera 50,Las Vegas,Urbana,
2162027,09/08/2016,7:30 a.m.,Martes,Camioneta,Particular,Conductor,Masculino,No,Sin Registro,Solo Daños,Choque,Desobedecer senales,Calle 38 A Sur Carrera 39,Zona Centro,Urbana,"(6.167679571, -75.58567628)"
2162027,09/08/2016,7:30 a.m.,Martes,Automovil,Particular,Conductor,Masculino,No,Sin Registro,Solo Daños,Choque,Desobedecer senales,Calle 38 A Sur Carrera 39,Zona Centro,Urbana,"(6.167679571, -75.58567628)"
2162026,09/08/2016,8:00 a.m.,Martes,Campero,Oficial,Conductor,Masculino,No,Sin Registro,Solo Daños,Choque,No mantener distancia de seguridad,Tramo 372 Kilometro  13,Vereda Palmas,Rural,
2162026,09/08/2016,8:00 a.m.,Martes,Automovil,Particular,Conductor,Masculino,No,Sin Registro,Solo Daños,Choque,No mantener distancia de seguridad,Tramo 372 Kilometro  13,Vereda Palmas,Rural,
2162024,09/08/2016,8:15 a.m.,Martes,Bus,Publico,Conductor,Masculino,No,Sin Registro,Solo Daños,Choque,No mantener distancia de seguridad,Calle 50  Sur Carrera 48,Las Casitas,Urbana,
2162024,09/08/2016,8:15 a.m.,Martes,Camioneta,Publico,Conductor,Masculino,No,Sin Registro,Solo Daños,Choque,No mantener distancia de seguridad,Calle 50  Sur Carrera 48,Las Casitas,Urbana,
2162030,09/08/2016,10:50 a.m.,Martes,Camioneta,Particular,Conductor,Masculino,No,Sin Registro,Solo Daños,Choque,Transitar entre vehiculos,Calle 36  Sur Carrera 41,Zona Centro,Urbana,"(6.170639628, -75.58578509)"
2162030,09/08/2016,10:50 a.m.,Martes,Motocicleta,Particular,Motociclista,Masculino,No,Sin Registro,Solo Daños,Choque,Transitar entre vehiculos,Calle 36  Sur Carrera 41,Zona Centro,Urbana,"(6.170639628, -75.58578509)"
2162646,09/08/2016,12:30 p.m.,Martes,Automovil,Particular,Conductor,Masculino,No,Sin Registro,Solo Daños,Choque,Otra,Calle 46 A Sur Carrera 42 B,La Paz,Urbana,"(6.161603623, -75.59385214)"
2162646,09/08/2016,12:30 p.m.,Martes,Motocicleta,Particular,Motociclista,Sin registro,No,Sin Registro,Solo Daños,Choque,Otra,Calle 46 A Sur Carrera 42 B,La Paz,Urbana,"(6.161603623, -75.59385214)"
2162585,09/08/2016,12:45 p.m.,Martes,Camion,Publico,Conductor,Masculino,No,Sin Registro,Solo Daños,Choque,Otra,Calle 39  Sur Carrera 40,Zona Centro,Urbana,"(6.167409609, -75.58672098)"
2162585,09/08/2016,12:45 p.m.,Martes,Camioneta,Particular,Conductor,Masculino,No,Sin Registro,Solo Daños,Choque,Otra,Calle 39  Sur Carrera 40,Zona Centro,Urbana,"(6.167409609, -75.58672098)"
2162059,09/08/2016,1:10 p.m.,Martes,Motocicleta,Particular,Motociclista,Masculino,No,Sin Registro,Herido,Atropello,Cruzar sin observar,Calle 33 B Sur Carrera 42,Zona Centro,Urbana,"(6.17255447, -75.58554957)"
2162059,09/08/2016,1:10 p.m.,Martes,Motocicleta,Particular,Motociclista,Masculino,No,Sin Registro,Herido,Atropello,Exceso de velocidad,Calle 33 B Sur Carrera 42,Zona Centro,Urbana,"(6.17255447, -75.58554957)"
2162019,09/08/2016,1:15 p.m.,Martes,Motocicleta,Particular,Motociclista,Masculino,No,Sin Registro,Herido,Choque,Adelantar cerrando,Calle 20  Sur Carrera 45,Zuñiga,Urbana,"(6.184875263, -75.58015256)"
2162019,09/08/2016,1:15 p.m.,Martes,Automovil,Publico,Conductor,Masculino,No,Sin Registro,Herido,Choque,Adelantar cerrando,Calle 20  Sur Carrera 45,Zuñiga,Urbana,"(6.184875263, -75.58015256)"
2162021,09/08/2016,2:30 p.m.,Martes,Campero,Particular,Conductor,Masculino,No,Sin Registro,Herido,Choque,Desobedecer senales,Calle 38  Sur Carrera 36,Mesa,Urbana,"(6.167371692, -75.58367367)"
2162021,09/08/2016,2:30 p.m.,Martes,Motocicleta,Particular,Motociclista,Masculino,No,Sin Registro,Herido,Choque,Desobedecer senales,Calle 38  Sur Carrera 36,Mesa,Urbana,"(6.167371692, -75.58367367)"
2162031,09/08/2016,3:25 p.m.,Martes,Automovil,Publico,Conductor,Masculino,No,Sin Registro,Solo Daños,Choque,No respetar prelacion,Diagonal 29 Transversal 34 F,Alto De Misael,Urbana,"(6.169949011, -75.57757889)"
2162031,09/08/2016,3:25 p.m.,Martes,Motocicleta,Particular,Motociclista,Masculino,No,Sin Registro,Solo Daños,Choque,No respetar prelacion,Diagonal 29 Transversal 34 F,Alto De Misael,Urbana,"(6.169949011, -75.57757889)"
2162034,09/08/2016,5:30 p.m.,Martes,Motocicleta,Particular,Motociclista,Masculino,No,Sin Registro,Herido,Atropello,Cruzar sin observar,Diagonal 39 Transversal 34,Obrero,Urbana,"(6.172334278, -75.58444785)"
2162032,09/08/2016,5:45 p.m.,Martes,Camioneta,Particular,Conductor,Masculino,No,Sin Registro,Solo Daños,Choque,No mantener distancia de seguridad,Calle 21  Sur Carrera 41,Sin Registro,Urbana,"(6.182165945, -75.57677668)"
2162032,09/08/2016,5:45 p.m.,Martes,Automovil,Particular,Conductor,Femenino,No,Sin Registro,Solo Daños,Choque,No mantener distancia de seguridad,Calle 21  Sur Carrera 41,Sin Registro,Urbana,"(6.182165945, -75.57677668)"
2162036,09/08/2016,5:55 p.m.,Martes,Camioneta,Particular,Conductor,Sin registro,No,Sin Registro,Herido,Atropello,Exceso de velocidad,Calle 36 D Sur Carrera 27 A,La Magnolia,Urbana,"(6.164831751, -75.57423497)"
2162035,09/08/2016,7:20 p.m.,Martes,Automovil,Particular,Conductor,Femenino,No,Sin Registro,Solo Daños,Choque,Otra,Calle 25  Sur Carrera 46,Zuñiga,Urbana,"(6.183044029, -75.5826185)"
2162035,09/08/2016,7:20 p.m.,Martes,Motocicleta,Particular,Motociclista,Masculino,No,Sin Registro,Solo Daños,Choque,Otra,Calle 25  Sur Carrera 46,Zuñiga,Urbana,"(6.183044029, -75.5826185)"
2162047,09/08/2016,7:30 p.m.,Martes,Motocicleta,Particular,Motociclista,Masculino,No,Sin Registro,Solo Daños,Choque,Adelantar cerrando,Calle 40  Sur Carrera 24 E,Sin Registro,Urbana,"(6.147263187, -75.57633575)"
2162047,09/08/2016,7:30 p.m.,Martes,Camioneta,Particular,Conductor,Sin registro,No,Sin Registro,Solo Daños,Choque,Adelantar cerrando,Calle 40  Sur Carrera 24 E,Sin Registro,Urbana,"(6.147263187, -75.57633575)"
2162037,09/08/2016,7:50 p.m.,Martes,Motocicleta,Particular,Motociclista,Masculino,No,Sin Registro,Solo Daños,Choque,No respetar prelacion,Calle 30  Sur Carrera 48,Las Vegas,Urbana,"(6.180376127, -75.59028805)"
2162037,09/08/2016,7:50 p.m.,Martes,Motocicleta,Particular,Motociclista,Masculino,No,Sin Registro,Solo Daños,Choque,No respetar prelacion,Calle 30  Sur Carrera 48,Las Vegas,Urbana,"(6.180376127, -75.59028805)"
2162037,09/08/2016,7:50 p.m.,Martes,Automovil,Particular,Conductor,Masculino,No,Sin Registro,Solo Daños,Choque,No respetar prelacion,Calle 30  Sur Carrera 48,Las Vegas,Urbana,"(6.180376127, -75.59028805)"
2162033,10/08/2016,6:00 a.m.,Miércoles,Automovil,Particular,Conductor,Masculino,No,Sin Registro,Solo Daños,Choque,No mantener distancia de seguridad,Calle 26  Sur Carrera 50,Las Vegas,Urbana,
2162033,10/08/2016,6:00 a.m.,Miércoles,Automovil,Publico,Conductor,Masculino,No,Sin Registro,Solo Daños,Choque,No mantener distancia de seguridad,Calle 26  Sur Carrera 50,Las Vegas,Urbana,
2162033,10/08/2016,6:00 a.m.,Miércoles,Tractocamion,Publico,Conductor,Masculino,No,Sin Registro,Solo Daños,Choque,No mantener distancia de seguridad,Calle 26  Sur Carrera 50,Las Vegas,Urbana,
2162039,10/08/2016,7:30 a.m.,Miércoles,Camion,Publico,Conductor,Masculino,No,Sin Registro,Solo Daños,Choque,Carga sobresaliente sin autorizacion,Diagonal 33 Transversal 34 D,Obrero,Urbana,"(6.170891508, -75.58314017)"
2162042,10/08/2016,7:30 a.m.,Miércoles,Microbus,Publico,Conductor,Masculino,No,Sin Registro,Solo Daños,Choque,Desobedecer senales,Calle 50  Sur Carrera 46,Las Casitas,Urbana,"(6.16131219, -75.60319818)"
2162042,10/08/2016,7:30 a.m.,Miércoles,Microbus,Publico,Conductor,Femenino,No,Sin Registro,Solo Daños,Choque,Desobedecer senales,Calle 50  Sur Carrera 46,Las Casitas,Urbana,"(6.16131219, -75.60319818)"
2162038,10/08/2016,11:05 a.m.,Miércoles,Automovil,Particular,Conductor,Masculino,No,Sin Registro,Solo Daños,Choque,Transitar entre vehiculos,Calle 38  Sur Carrera 39,Zona Centro,Urbana,"(6.16839174, -75.5852478)"
2162038,10/08/2016,11:05 a.m.,Miércoles,Motocicleta,Particular,Motociclista,Masculino,No,Sin Registro,Solo Daños,Choque,Transitar entre vehiculos,Calle 38  Sur Carrera 39,Zona Centro,Urbana,"(6.16839174, -75.5852478)"
2162125,08/15/2016,10:15 a.m.,Lunes,Camioneta,Particular,Conductor,Masculino,No,Sin Registro,Solo Daños,Choque,Adelantar cerrando,Tramo 372 Kilometro  15,Vereda Palmas,Rural,
2162040,10/08/2016,11:15 a.m.,Miércoles,Automovil,Publico,Conductor,Masculino,No,Sin Registro,Solo Daños,Choque,Desobedecer senales,Diagonal 33 Transversal 32,La Magnolia,Urbana,"(6.175436587, -75.58483925)"
2162040,10/08/2016,11:15 a.m.,Miércoles,Motocicleta,Particular,Motociclista,Masculino,No,Sin Registro,Solo Daños,Choque,Desobedecer senales,Diagonal 33 Transversal 32,La Magnolia,Urbana,"(6.175436587, -75.58483925)"
2162440,10/08/2016,12:10 p.m.,Miércoles,Automovil,Particular,Conductor,Masculino,No,Sin Registro,Herido,Atropello,Otra,Calle 49 B Sur Carrera 48,Las Vegas,Urbana,"(6.162530582, -75.60255452)"
2162058,10/08/2016,12:25 p.m.,Miércoles,Camioneta,Particular,Conductor,Masculino,No,Sin Registro,Solo Daños,Choque,No mantener distancia de seguridad,Calle 36  Sur Carrera 37 D,La Inmaculada,Urbana,"(6.169187276, -75.58349763)"
2162058,10/08/2016,12:25 p.m.,Miércoles,Automovil,Particular,Conductor,Masculino,No,Sin Registro,Solo Daños,Choque,No mantener distancia de seguridad,Calle 36  Sur Carrera 37 D,La Inmaculada,Urbana,"(6.169187276, -75.58349763)"
2162051,10/08/2016,12:50 p.m.,Miércoles,Motocicleta,Particular,Motociclista,Masculino,No,Sin Registro,Solo Daños,Choque,No respetar prelacion,Calle 39  Sur Carrera 31,Mesa,Urbana,"(6.164350999, -75.58194251)"
2162051,10/08/2016,12:50 p.m.,Miércoles,Automovil,Diplomatico,Conductor,Masculino,No,Sin Registro,Solo Daños,Choque,No respetar prelacion,Calle 39  Sur Carrera 31,Mesa,Urbana,"(6.164350999, -75.58194251)"
2162045,10/08/2016,1:40 p.m.,Miércoles,Automovil,Particular,Conductor,Masculino,No,Sin Registro,Solo Daños,Choque,Desobedecer senales,Diagonal 39 Transversal 39,Obrero,Urbana,
2162045,10/08/2016,1:40 p.m.,Miércoles,Motocicleta,Particular,Motociclista,Masculino,No,Sin Registro,Solo Daños,Choque,Desobedecer senales,Diagonal 39 Transversal 39,Obrero,Urbana,
2162044,10/08/2016,3:30 p.m.,Miércoles,Automovil,Particular,Conductor,Femenino,No,Sin Registro,Solo Daños,Choque,Impericia en el manejo,Diagonal 33 Transversal 35,Los Naranjos,Urbana,"(6.169487409, -75.58204684)"
2162044,10/08/2016,3:30 p.m.,Miércoles,Automovil,Particular,Conductor,Femenino,No,Sin Registro,Solo Daños,Choque,Impericia en el manejo,Diagonal 33 Transversal 35,Los Naranjos,Urbana,"(6.169487409, -75.58204684)"
2162065,10/08/2016,3:30 p.m.,Miércoles,Buseta,Publico,Conductor,Femenino,No,Sin Registro,Solo Daños,Choque,Impericia en el manejo,Tramo 372 Kilometro  11,Vereda Palmas,Rural,
2162065,10/08/2016,3:30 p.m.,Miércoles,Automovil,Particular,Conductor,Masculino,No,Sin Registro,Solo Daños,Choque,Impericia en el manejo,Tramo 372 Kilometro  11,Vereda Palmas,Rural,
2162043,10/08/2016,7:00 p.m.,Miércoles,Campero,Particular,Conductor,Masculino,No,Sin Registro,Solo Daños,Choque,Reverso imprudente,Calle 36 D Sur Carrera 27,Vereda El Escobero,Urbana,"(6.162479576, -75.57022257)"
2162043,10/08/2016,7:00 p.m.,Miércoles,Automovil,Diplomatico,Conductor,Masculino,No,Sin Registro,Solo Daños,Choque,Reverso imprudente,Calle 36 D Sur Carrera 27,Vereda El Escobero,Urbana,"(6.162479576, -75.57022257)"
2162046,10/08/2016,8:30 p.m.,Miércoles,Automovil,Particular,Conductor,Masculino,No,Sin Registro,Solo Daños,Choque,Impericia en el manejo,Calle 26  Sur Carrera 43 A,Sin Registro,Urbana,"(6.180841534, -75.58293815)"
2162046,10/08/2016,8:30 p.m.,Miércoles,Automovil,Particular,Conductor,Femenino,No,Sin Registro,Solo Daños,Choque,Impericia en el manejo,Calle 26  Sur Carrera 43 A,Sin Registro,Urbana,"(6.180841534, -75.58293815)"
2162041,10/08/2016,9:40 p.m.,Miércoles,Automovil,Publico,Conductor,Masculino,No,Sin Registro,Herido,Choque,No mantener distancia de seguridad,Calle 25  Sur Carrera 48,Las Vegas,Urbana,
2162041,10/08/2016,9:40 p.m.,Miércoles,Automovil,Particular,Conductor,Masculino,No,Sin Registro,Herido,Choque,No mantener distancia de seguridad,Calle 25  Sur Carrera 48,Las Vegas,Urbana,
2162056,11/08/2016,6:40 a.m.,Jueves,Bus,Publico,Conductor,Masculino,No,Sin Registro,Solo Daños,Choque,Exceso de velocidad,Calle 48 C Sur Carrera 42 A,Sin Registro,Urbana,"(6.159138282, -75.59625971)"
2162056,11/08/2016,6:40 a.m.,Jueves,Automovil,Publico,Conductor,Masculino,No,Sin Registro,Solo Daños,Choque,Exceso de velocidad,Calle 48 C Sur Carrera 42 A,Sin Registro,Urbana,"(6.159138282, -75.59625971)"
2162066,11/08/2016,7:30 a.m.,Jueves,Automovil,Particular,Conductor,Masculino,No,Sin Registro,Solo Daños,Choque,No respetar prelacion,Calle 48 C Sur Carrera 43 A,Sin Registro,Urbana,"(6.162378903, -75.59763059)"
2162066,11/08/2016,7:30 a.m.,Jueves,Automovil,Particular,Conductor,Masculino,No,Sin Registro,Solo Daños,Choque,No respetar prelacion,Calle 48 C Sur Carrera 43 A,Sin Registro,Urbana,"(6.162378903, -75.59763059)"
2162052,11/08/2016,8:40 a.m.,Jueves,Bus,Publico,Conductor,Masculino,No,Sin Registro,Solo Daños,Choque,Desobedecer senales,Calle 38  Sur Carrera 32,Mesa,Urbana,"(6.166011939, -75.58158121)"
2162052,11/08/2016,8:40 a.m.,Jueves,Automovil,Particular,Conductor,Masculino,No,Sin Registro,Solo Daños,Choque,Desobedecer senales,Calle 38  Sur Carrera 32,Mesa,Urbana,"(6.166011939, -75.58158121)"
2162099,11/08/2016,8:50 a.m.,Jueves,Bus,Publico,Conductor,Masculino,No,Sin Registro,Herido,Caida Ocupante,Frenar bruscamente,Calle 27 A Sur Carrera 27 A,El Esmeraldal,Urbana,"(6.168684513, -75.56995044)"
2162049,11/08/2016,8:55 a.m.,Jueves,Microbus,Publico,Conductor,Masculino,No,Sin Registro,Solo Daños,Choque,Otra,Calle 27  Sur Carrera 27,La Inmaculada,Urbana,"(6.17243521, -75.56787192)"
2162049,11/08/2016,8:55 a.m.,Jueves,Automovil,Particular,Conductor,Femenino,No,Sin Registro,Solo Daños,Choque,Otra,Calle 27  Sur Carrera 27,La Inmaculada,Urbana,"(6.17243521, -75.56787192)"
2162050,11/08/2016,9:00 a.m.,Jueves,Campero,Particular,Conductor,Femenino,No,Sin Registro,Solo Daños,Choque,No mantener distancia de seguridad,Calle 40  Sur Carrera 50,Las Vegas,Urbana,
2162050,11/08/2016,9:00 a.m.,Jueves,Camioneta,Publico,Conductor,Masculino,No,Sin Registro,Solo Daños,Choque,No mantener distancia de seguridad,Calle 40  Sur Carrera 50,Las Vegas,Urbana,
2162054,11/08/2016,9:20 a.m.,Jueves,Automovil,Publico,Conductor,Masculino,No,Sin Registro,Solo Daños,Choque,Desobedecer senales,Calle 38  Sur Carrera 40,Zona Centro,Urbana,"(6.16879573, -75.58588978)"
2162054,11/08/2016,9:20 a.m.,Jueves,Camioneta,Particular,Conductor,Masculino,No,Sin Registro,Solo Daños,Choque,Desobedecer senales,Calle 38  Sur Carrera 40,Zona Centro,Urbana,"(6.16879573, -75.58588978)"
2162053,11/08/2016,10:20 a.m.,Jueves,Automovil,Particular,Conductor,Masculino,No,Sin Registro,Solo Daños,Choque,No respetar prelacion,Calle 21  Sur Carrera 41,Sin Registro,Urbana,"(6.182165945, -75.57677668)"