RADICADO,FECHA,HORA,DÍA DE LA SEMANA,CLASE DE VEHICULO,TIPO DE SERVICIO,TIPO DE VICTIMA,SEXO,ESTADO DE BEODEZ,RESULTADO DE BEODEZ,GRAVEDAD,CLASE DE ACCIDENTE,CAUSA,DIRECCIÓN,BARRIO,AREA,Coordenadas
2162053,11/08/2016,10:20 a.m.,Jueves,Automovil,Particular,Conductor,Masculino,No,Sin Registro,Solo Daños,Choque,No respetar prelacion,Calle 21  Sur Carrera 41,Sin Registro,Urbana,"(6.182165945, -75.57677668)"
2162057,11/08/2016,11:55 a.m.,Jueves,Automovil,Particular,Conductor,Femenino,No,Sin Registro,Herido,Choque,Desobedecer senales,Calle 38  Sur Carrera 35,Mesa,Urbana,"(6.167045877, -75.58316842)"
2162057,11/08/2016,11:55 a.m.,Jueves,Motocicleta,Particular,Motociclista,Masculino,No,Sin Registro,Herido,Choque,Desobedecer senales,Calle 38  Sur Carrera 35,Mesa,Urbana,"(6.167045877, -75.58316842)"
2162062,11/08/2016,12:45 p.m.,Jueves,Automovil,Particular,Conductor,Masculino,No,Sin Registro,Solo Daños,Choque,No respetar prelacion,Calle 26 A Sur Carrera 42 A,Las Orquideas,Urbana,"(6.177324883, -75.57942368)"
2162062,11/08/2016,12:45 p.m.,Jueves,Motocicleta,Particular,Motociclista,Masculino,No,Sin Registro,Solo Daños,Choque,No respetar prelacion,Calle 26 A Sur Carrera 42 A,Las Orquideas,Urbana,"(6.177324883, -75.57942368)"
2162055,11/08/2016,1:35 p.m.,Jueves,Bicicleta,Particular,Ciclista,Masculino,No,Sin Registro,Herido,Atropello,Exceso de velocidad,Calle 37  Sur Carrera 29 A,Manuel Uribe Angel,Urbana,"(6.166159821, -75.58061864)"
2162068,11/08/2016,4:40 p.m.,Jueves,Campero,Particular,Conductor,Masculino,No,Sin Registro,Solo Daños,Choque,No mantener distancia de seguridad,Tramo 372 Kilometro  15,Vereda Palmas,Rural,
2162068,11/08/2016,4:40 p.m.,Jueves,Automovil,Particular,Conductor,Masculino,No,Sin Registro,Solo Daños,Choque,No mantener distancia de seguridad,Tramo 372 Kilometro  15,Vereda Palmas,Rural,
2162063,11/08/2016,4:45 p.m.,Jueves,Bus,Publico,Conductor,Masculino,No,Sin Registro,Solo Daños,Choque,Adelantar cerrando,Calle 33 B Sur Carrera 43,Zona Centro,Urbana,"(6.172981087, -75.58607623)"
2162063,11/08/2016,4:45 p.m.,Jueves,Automovil,Particular,Conductor,Femenino,No,Sin Registro,Solo Daños,Choque,Adelantar cerrando,Calle 33 B Sur Carrera 43,Zona Centro,Urbana,"(6.172981087, -75.58607623)"
2162060,11/08/2016,4:55 p.m.,Jueves,Automovil,Particular,Conductor,Masculino,No,Sin Registro,Solo Daños,Choque,Desobedecer senales,Calle 36 D Sur Carrera 27,La Inmaculada,Urbana,"(6.162479576, -75.57022257)"
2162060,11/08/2016,4:55 p.m.,Jueves,Motocicleta,Particular,Motociclista,Masculino,No,Sin Registro,Solo Daños,Choque,Desobedecer senales,Calle 36 D Sur Carrera 27,La Inmaculada,Urbana,"(6.162479576, -75.57022257)"
2162069,11/08/2016,5:00 p.m.,Jueves,Campero,Particular,Conductor,Femenino,No,Sin Registro,Solo Daños,Choque,No mantener distancia de seguridad,Tramo 372 Kilometro  15,Vereda Palmas,Rural,
2162064,11/08/2016,5:05 p.m.,Jueves,Automovil,Publico,Conductor,Masculino,No,Sin Registro,Solo Daños,Choque,No mantener distancia de seguridad,Calle 44  Sur Carrera 48,Las Vegas,Urbana,"(6.168560051, -75.59898129)"
2162064,11/08/2016,5:05 p.m.,Jueves,Automovil,Particular,Conductor,Femenino,No,Sin Registro,Solo Daños,Choque,No mantener distancia de seguridad,Calle 44  Sur Carrera 48,Las Vegas,Urbana,"(6.168560051, -75.59898129)"
2162061,11/08/2016,6:40 p.m.,Jueves,Bus,Publico,Conductor,Masculino,No,Sin Registro,Solo Daños,Choque,Adelantar cerrando,Calle 39  Sur Carrera 49,Las Vegas,Urbana,
2162061,11/08/2016,6:40 p.m.,Jueves,Tractocamion,Publico,Conductor,Masculino,No,Sin Registro,Solo Daños,Choque,Adelantar cerrando,Calle 39  Sur Carrera 49,Las Vegas,Urbana,
2162067,11/08/2016,8:00 p.m.,Jueves,Automovil,Particular,Conductor,Masculino,No,Sin Registro,Solo Daños,Choque,No mantener distancia de seguridad,Calle 32 B Sur Carrera 49,Las Vegas,Urbana,"(6.176640341, -75.58918757)"
2162067,11/08/2016,8:00 p.m.,Jueves,Automovil,Particular,Conductor,Masculino,No,Sin Registro,Solo Daños,Choque,No mantener distancia de seguridad,Calle 32 B Sur Carrera 49,Las Vegas,Urbana,"(6.176640341, -75.58918757)"
2162107,11/08/2016,8:00 p.m.,Jueves,Camioneta,Particular,Conductor,Masculino,No,Sin Registro,Solo Daños,Choque,No mantener distancia de seguridad,Calle 49  Sur Carrera 50,Las Vegas,Urbana,
2162107,11/08/2016,8:00 p.m.,Jueves,Motocicleta,Particular,Motociclista,Masculino,No,Sin Registro,Solo Daños,Choque,No mantener distancia de seguridad,Calle 49  Sur Carrera 50,Las Vegas,Urbana,
2162140,11/08/2016,9:40 p.m.,Jueves,Campero,Particular,Conductor,Masculino,No,Sin Registro,Solo Daños,Choque,No respetar prelacion,Calle 26  Sur Carrera 48,Las Vegas,Urbana,"(6.183423583, -75.58542895)"
2162140,11/08/2016,9:40 p.m.,Jueves,Campero,Particular,Conductor,Masculino,No,Sin Registro,Solo Daños,Choque,No respetar prelacion,Calle 26  Sur Carrera 48,Las Vegas,Urbana,"(6.183423583, -75.58542895)"
2162091,12/08/2016,6:40 a.m.,Viernes,Automovil,Particular,Conductor,Femenino,No,Sin Registro,Solo Daños,Choque,No mantener distancia de seguridad,Calle 37  Sur Carrera 41,Zona Centro,Urbana,"(6.169855492, -75.58619601)"
2162091,12/08/2016,6:40 a.m.,Viernes,Automovil,Particular,Conductor,Masculino,No,Sin Registro,Solo Daños,Choque,No mantener distancia de seguridad,Calle 37  Sur Carrera 41,Zona Centro,Urbana,"(6.169855492, -75.58619601)"
2162101,12/08/2016,6:50 a.m.,Viernes,Bus,Publico,Conductor,Masculino,No,Sin Registro,Solo Daños,Choque,Desobedecer senales,Calle 23  Sur Carrera 43 A,Las Orquideas,Urbana,"(6.182706228, -75.58032996)"
2162101,12/08/2016,6:50 a.m.,Viernes,Automovil,Particular,Conductor,Masculino,No,Sin Registro,Solo Daños,Choque,Desobedecer senales,Calle 23  Sur Carrera 43 A,Las Orquideas,Urbana,"(6.182706228, -75.58032996)"
2162100,12/08/2016,7:10 a.m.,Viernes,Buseta,Publico,Conductor,Masculino,No,Sin Registro,Solo Daños,Choque,Poner en marcha un vehiculo sin precauci,Calle 48 E Sur Carrera 42,Sin Registro,Urbana,"(6.159800047, -75.59509533)"
2162100,12/08/2016,7:10 a.m.,Viernes,Bus,Publico,Conductor,Masculino,No,Sin Registro,Solo Daños,Choque,Poner en marcha un vehiculo sin precauci,Calle 48 E Sur Carrera 42,Sin Registro,Urbana,"(6.159800047, -75.59509533)"
2162093,12/08/2016,7:35 a.m.,Viernes,Motocicleta,Particular,Motociclista,Masculino,No,Sin Registro,Herido,Atropello,Semaforo en rojo,Calle 37  Sur Carrera 43,Zona Centro,Urbana,"(6.170662973, -75.58744852)"
2162102,12/08/2016,10:50 a.m.,Viernes,Camion,Oficial,Conductor,Masculino,No,Sin Registro,Solo Daños,Choque,Impericia en el manejo,Calle 26  Sur Carrera 48,Las Vegas,Urbana,"(6.183423583, -75.58542895)"
2162102,12/08/2016,10:50 a.m.,Viernes,Automovil,Particular,Conductor,Femenino,No,Sin Registro,Solo Daños,Choque,Impericia en el manejo,Calle 26  Sur Carrera 48,Las Vegas,Urbana,"(6.183423583, -75.58542895)"
2162097,12/08/2016,11:10 a.m.,Viernes,Sin Registro,Oficial,Conductor,Masculino,No,Sin Registro,Solo Daños,Choque,Impericia en el manejo,Calle 25  Sur Carrera 46,Sin Registro,Urbana,"(6.183044029, -75.5826185)"
2162097,12/08/2016,11:10 a.m.,Viernes,Automovil,Particular,Conductor,Femenino,No,Sin Registro,Solo Daños,Choque,Impericia en el manejo,Calle 25  Sur Carrera 46,Sin Registro,Urbana,"(6.183044029, -75.5826185)"
2162092,12/08/2016,12:05 p.m.,Viernes,Camion,Particular,Conductor,Masculino,No,Sin Registro,Solo Daños,Choque,Otra,Calle 49  Sur Carrera 43 A,Avenida El Poblado,Urbana,"(6.160925818, -75.59998009)"
2162092,12/08/2016,12:05 p.m.,Viernes,Automovil,Publico,Conductor,Masculino,No,Sin Registro,Solo Daños,Choque,Otra,Calle 49  Sur Carrera 43 A,Avenida El Poblado,Urbana,"(6.160925818, -75.59998009)"
2162085,12/08/2016,1:40 p.m.,Viernes,Automovil,Particular,Conductor,Femenino,No,Sin Registro,Herido,Choque,Estacionar sin seguridad,Calle 45 B Sur Carrera 42 A,Las Antillas,Urbana,"(6.163155121, -75.59370839)"
2162085,12/08/2016,1:40 p.m.,Viernes,Camioneta,Particular,Conductor,Masculino,No,Sin Registro,Herido,Choque,Estacionar sin seguridad,Calle 45 B Sur Carrera 42 A,Las Antillas,Urbana,"(6.163155121, -75.59370839)"
2162085,12/08/2016,1:40 p.m.,Viernes,Automovil,Particular,Conductor,Masculino,No,Sin Registro,Herido,Choque,Estacionar sin seguridad,Calle 45 B Sur Carrera 42 A,Las Antillas,Urbana,"(6.163155121, -75.59370839)"
2162094,12/08/2016,2:45 p.m.,Viernes,Microbus,Publico,Conductor,Masculino,No,Sin Registro,Solo Daños,Choque,No mantener distancia de seguridad,Calle 39 B Sur Carrera 25,El Chinguí,Urbana,"(6.154772856, -75.57488615)"
2162094,12/08/2016,2:45 p.m.,Viernes,Camioneta,Publico,Conductor,Masculino,No,Sin Registro,Solo Daños,Choque,No mantener distancia de seguridad,Calle 39 B Sur Carrera 25,El Chinguí,Urbana,"(6.154772856, -75.57488615)"
2162095,12/08/2016,3:15 p.m.,Viernes,Automovil,Particular,Conductor,Femenino,No,Sin Registro,Solo Daños,Choque,No mantener distancia de seguridad,Calle 30  Sur Carrera 43 A,Avenida El Poblado,Urbana,"(6.177126039, -75.5852509)"
2162095,12/08/2016,3:15 p.m.,Viernes,Camioneta,Particular,Conductor,Masculino,No,Sin Registro,Solo Daños,Choque,No mantener distancia de seguridad,Calle 30  Sur Carrera 43 A,Avenida El Poblado,Urbana,"(6.177126039, -75.5852509)"
2162111,12/08/2016,3:15 p.m.,Viernes,Automovil,Particular,Conductor,Masculino,No,Sin Registro,Solo Daños,Choque,Transitar entre vehiculos,Calle 37 B Sur Carrera 28,Loma De Las Brujas,Urbana,"(6.164360036, -75.57879461)"
2162111,12/08/2016,3:15 p.m.,Viernes,Motocicleta,Particular,Motociclista,Masculino,No,Sin Registro,Solo Daños,Choque,Transitar entre vehiculos,Calle 37 B Sur Carrera 28,Loma De Las Brujas,Urbana,"(6.164360036, -75.57879461)"
2162089,12/08/2016,4:15 p.m.,Viernes,Automovil,Particular,Conductor,Masculino,No,Sin Registro,Solo Daños,Choque,No respetar prelacion,Calle 46 D Sur Carrera 42 D,Sin Registro,Urbana,"(6.161005965, -75.59509467)"
2162089,12/08/2016,4:15 p.m.,Viernes,Tractocamion,Publico,Conductor,Masculino,No,Sin Registro,Solo Daños,Choque,No respetar prelacion,Calle 46 D Sur Carrera 42 D,Sin Registro,Urbana,"(6.161005965, -75.59509467)"
2162110,12/08/2016,4:40 p.m.,Viernes,Automovil,Particular,Conductor,Masculino,No,Sin Registro,Solo Daños,Choque,No respetar prelacion,Calle 33  Sur Carrera 43 A,San Marcos,Urbana,"(6.173912569, -75.58697473)"
2162110,12/08/2016,4:40 p.m.,Viernes,Motocicleta,Particular,Motociclista,Masculino,No,Sin Registro,Solo Daños,Choque,No respetar prelacion,Calle 33  Sur Carrera 43 A,San Marcos,Urbana,"(6.173912569, -75.58697473)"
2162103,12/08/2016,6:40 p.m.,Viernes,Motocicleta,Particular,Motociclista,Masculino,No,Sin Registro,Solo Daños,Choque,No mantener distancia de seguridad,Calle 50  Sur Carrera 48,Las Casitas,Urbana,
2162103,12/08/2016,6:40 p.m.,Viernes,Automovil,Particular,Conductor,Masculino,No,Sin Registro,Solo Daños,Choque,No mantener distancia de seguridad,Calle 50  Sur Carrera 48,Las Casitas,Urbana,
2162104,12/08/2016,7:10 p.m.,Viernes,Camioneta,Diplomatico,Conductor,Masculino,No,Sin Registro,Solo Daños,Choque,Adelantar cerrando,Calle 33 B Sur Carrera 48,Las Vegas,Urbana,"(6.172981087, -75.58607623)"
2162104,12/08/2016,7:10 p.m.,Viernes,Buseta,Publico,Conductor,Masculino,No,Sin Registro,Solo Daños,Choque,Adelantar cerrando,Calle 33 B Sur Carrera 48,Las Vegas,Urbana,"(6.172981087, -75.58607623)"
2162109,12/08/2016,8:00 p.m.,Viernes,Tractocamion,Publico,Conductor,Masculino,No,Sin Registro,Solo Daños,Choque,Adelantar por la derecha,Calle 37  Sur Carrera 50,Las Vegas,Urbana,
2162109,12/08/2016,8:00 p.m.,Viernes,Automovil,Particular,Conductor,Femenino,No,Sin Registro,Solo Daños,Choque,Adelantar por la derecha,Calle 37  Sur Carrera 50,Las Vegas,Urbana,
2162096,12/08/2016,8:50 p.m.,Viernes,Automovil,Particular,Conductor,Masculino,No,Sin Registro,Solo Daños,Choque,Reverso imprudente,Calle 43  Sur Carrera 47,Milan Vallejuelos,Urbana,"(6.167717539, -75.59643597)"
2162096,12/08/2016,8:50 p.m.,Viernes,Camioneta,Particular,Conductor,Masculino,No,Sin Registro,Solo Daños,Choque,Reverso imprudente,Calle 43  Sur Carrera 47,Milan Vallejuelos,Urbana,"(6.167717539, -75.59643597)"
2162112,12/08/2016,9:20 p.m.,Viernes,Camioneta,Particular,Conductor,Masculino,No,Sin Registro,Solo Daños,Choque,Salirse de la calzada,Calle 46  Sur Carrera 42 D,La Paz,Urbana,"(6.161931332, -75.59358495)"
2162112,12/08/2016,9:20 p.m.,Viernes,Camioneta,Particular,Conductor,Masculino,No,Sin Registro,Solo Daños,Choque,Salirse de la calzada,Calle 46  Sur Carrera 42 D,La Paz,Urbana,"(6.161931332, -75.59358495)"
2162115,12/08/2016,10:15 p.m.,Viernes,Automovil,Particular,Conductor,Masculino,No,Sin Registro,Solo Daños,Choque,Exceso de velocidad,Tramo 371 Kilometro  10,Vereda El Escobero,Rural,
2162115,12/08/2016,10:15 p.m.,Viernes,Automovil,Particular,Conductor,Masculino,No,Sin Registro,Solo Daños,Choque,Exceso de velocidad,Tramo 371 Kilometro  10,Vereda El Escobero,Rural,
2162098,12/08/2016,10:45 p.m.,Viernes,Motocicleta,Particular,Motociclista,Masculino,No,Sin Registro,Herido,Choque,Adelantar cerrando,Calle 27  Sur Carrera 48,Las Vegas,Urbana,
2162098,12/08/2016,10:45 p.m.,Viernes,Automovil,Particular,Conductor,Sin registro,No,Sin Registro,Herido,Choque,Adelantar cerrando,Calle 27  Sur Carrera 48,Las Vegas,Urbana,
2162087,08/13/2016,4:00 a.m.,Sábado,Automovil,Publico,Conductor,Masculino,No,Sin Registro,Solo Daños,Choque,Desobedecer senales,Calle 41  Sur Carrera 30,Sin Registro,Urbana,
2162087,08/13/2016,4:00 a.m.,Sábado,Automovil,Publico,Conductor,Masculino,No,Sin Registro,Solo Daños,Choque,Desobedecer senales,Calle 41  Sur Carrera 30,Sin Registro,Urbana,
2162079,08/13/2016,4:20 a.m.,Sábado,Automovil,Publico,Conductor,Masculino,No,Sin Registro,Solo Daños,Choque,No mantener distancia de seguridad,Calle 36 D Sur Carrera 27,La Inmaculada,Urbana,"(6.162479576, -75.57022257)"
2162079,08/13/2016,4:20 a.m.,Sábado,Automovil,Particular,Conductor,Masculino,No,Sin Registro,Solo Daños,Choque,No mantener distancia de seguridad,Calle 36 D Sur Carrera 27,La Inmaculada,Urbana,"(6.162479576, -75.57022257)"
2162090,08/13/2016,6:20 a.m.,Sábado,Motocicleta,Particular,Motociclista,Masculino,No,Sin Registro,Herido,Choque,Semaforo en rojo,Calle 38  Sur Carrera 41,Zona Centro,Urbana,"(6.169244976, -75.58658807)"
2162090,08/13/2016,6:20 a.m.,Sábado,Campero,Particular,Conductor,Masculino,No,Sin Registro,Herido,Choque,Semaforo en rojo,Calle 38  Sur Carrera 41,Zona Centro,Urbana,"(6.169244976, -75.58658807)"
2162081,08/13/2016,7:00 a.m.,Sábado,Bus,Publico,Conductor,Masculino,No,Sin Registro,Solo Daños,Choque,Otra,Calle 40 F Sur Carrera 25 B,La Mina,Urbana,"(6.156115722, -75.58240747)"
2162081,08/13/2016,7:00 a.m.,Sábado,Microbus,Publico,Conductor,Masculino,No,Sin Registro,Solo Daños,Choque,Otra,Calle 40 F Sur Carrera 25 B,La Mina,Urbana,"(6.156115722, -75.58240747)"
2162080,08/13/2016,7:20 a.m.,Sábado,Microbus,Publico,Conductor,Masculino,No,Sin Registro,Solo Daños,Choque,Exceso de velocidad,Tramo 181 Kilometro  200,Sin Registro,Rural,
2162080,08/13/2016,7:20 a.m.,Sábado,Camioneta,Publico,Conductor,Masculino,No,Sin Registro,Solo Daños,Choque,Exceso de velocidad,Tramo 181 Kilometro  200,Sin Registro,Rural,
2162086,08/13/2016,8:40 a.m.,Sábado,Automovil,Particular,Conductor,Masculino,No,Sin Registro,Solo Daños,Choque,No respetar prelacion,Tramo 181 Kilometro  1,Sin Registro,Rural,
2162086,08/13/2016,8:40 a.m.,Sábado,Automovil,Particular,Conductor,Masculino,No,Sin Registro,Solo Daños,Choque,No respetar prelacion,Tramo 181 Kilometro  1,Sin Registro,Rural,
2162088,08/13/2016,10:00 a.m.,Sábado,Motocicleta,Particular,Motociclista,Masculino,No,Sin Registro,Solo Daños,Choque,No mantener distancia de seguridad,Calle 37 B Sur Carrera 28,Loma De Las Brujas,Urbana,"(6.164360036, -75.57879461)"
2162088,08/13/2016,10:00 a.m.,Sábado,Automovil,Particular,Conductor,Masculino,No,Sin Registro,Solo Daños,Choque,No mantener distancia de seguridad,Calle 37 B Sur Carrera 28,Loma De Las Brujas,Urbana,"(6.164360036, -75.57879461)"
2162105,08/13/2016,1:00 p.m.,Sábado,Motocicleta,Particular,Motociclista,Masculino,No,Sin Registro,Herido,Choque,Desobedecer senales,Calle 38 A Sur Carrera 48,Las Vegas,Urbana,"(6.168560755, -75.58701537)"
2162105,08/13/2016,1:00 p.m.,Sábado,Camioneta,Particular,Conductor,Masculino,No,Sin Registro,Herido,Choque,Desobedecer senales,Calle 38 A Sur Carrera 48,Las Vegas,Urbana,"(6.168560755, -75.58701537)"
2162082,08/13/2016,2:30 p.m.,Sábado,Automovil,Particular,Conductor,Masculino,No,Sin Registro,Solo Daños,Choque,No mantener distancia de seguridad,Tramo 372 Kilometro  980,Vereda Palmas,Rural,
2162082,08/13/2016,2:30 p.m.,Sábado,Camioneta,Particular,Conductor,Masculino,No,Sin Registro,Solo Daños,Choque,No mantener distancia de seguridad,Tramo 372 Kilometro  980,Vereda Palmas,Rural,
2162083,08/13/2016,4:00 p.m.,Sábado,Motocicleta,Particular,Motociclista,Masculino,No,Sin Registro,Solo Daños,Choque,Transitar entre vehiculos,Calle 21  Sur Carrera 43 A,Zuñiga,Urbana,"(6.18399286, -75.57959764)"
2162083,08/13/2016,4:00 p.m.,Sábado,Automovil,Particular,Conductor,Masculino,No,Sin Registro,Solo Daños,Choque,Transitar entre vehiculos,Calle 21  Sur Carrera 43 A,Zuñiga,Urbana,"(6.18399286, -75.57959764)"
2162084,08/13/2016,7:15 p.m.,Sábado,Automovil,Publico,Conductor,Masculino,No,Sin Registro,Solo Daños,Choque,No mantener distancia de seguridad,Calle 37  Sur Carrera 38,Zona Centro,Urbana,"(6.168685416, -75.58429124)"
2162084,08/13/2016,7:15 p.m.,Sábado,Automovil,Particular,Conductor,Femenino,No,Sin Registro,Solo Daños,Choque,No mantener distancia de seguridad,Calle 37  Sur Carrera 38,Zona Centro,Urbana,"(6.168685416, -75.58429124)"
2162536,08/13/2016,11:15 p.m.,Sábado,Automovil,Particular,Conductor,Femenino,No,Sin Registro,Solo Daños,Choque,Otra,Calle 27  Sur Carrera 27 D,El Esmeraldal,Urbana,"(6.174986227, -75.57228403)"
2162073,08/14/2016,1:30 a.m.,Domingo,Automovil,Particular,Conductor,Masculino,No,Sin Registro,Solo Daños,Choque,Desobedecer senales,Calle 38  Sur Carrera 39,Mesa,Urbana,"(6.16839174, -75.5852478)"
2162073,08/14/2016,1:30 a.m.,Domingo,Automovil,Particular,Conductor,Femenino,No,Sin Registro,Solo Daños,Choque,Semaforo en rojo,Calle 38  Sur Carrera 39,Mesa,Urbana,"(6.16839174, -75.5852478)"
2162073,08/14/2016,1:30 a.m.,Domingo,Automovil,Particular,Conductor,Femenino,No,Sin Registro,Solo Daños,Choque,Desobedecer senales,Calle 38  Sur Carrera 39,Mesa,Urbana,"(6.16839174, -75.5852478)"
2162073,08/14/2016,1:30 a.m.,Domingo,Automovil,Particular,Conductor,Masculino,No,Sin Registro,Solo Daños,Choque,Semaforo en rojo,Calle 38  Sur Carrera 39,Mesa,Urbana,"(6.16839174, -75.5852478)"
2162075,08/14/2016,8:40 a.m.,Domingo,Automovil,Particular,Conductor,Femenino,No,Sin Registro,Solo Daños,Choque,No mantener distancia de seguridad,Calle 30  Sur Carrera 50,Las Vegas,Urbana,
2162075,08/14/2016,8:40 a.m.,Domingo,Camioneta,Particular,Conductor,Masculino,No,Sin Registro,Solo Daños,Choque,No mantener distancia de seguridad,Calle 30  Sur Carrera 50,Las Vegas,Urbana,
2162075,08/14/2016,8:40 a.m.,Domingo,Automovil,Publico,Conductor,Masculino,No,Sin Registro,Solo Daños,Choque,No mantener distancia de seguridad,Calle 30  Sur Carrera 50,Las Vegas,Urbana,
2162076,08/14/2016,1:40 p.m.,Domingo,Motocicleta,Particular,Motociclista,Masculino,No,Sin Registro,Solo Daños,Choque,Desobedecer senales,Diagonal 31  Noreste Transversal 34 B,Sin Registro,Urbana,"(6.172689669, -75.57882729)"
2162076,08/14/2016,1:40 p.m.,Domingo,Motocicleta,Particular,Motociclista,Masculino,No,Sin Registro,Solo Daños,Choque,Desobedecer senales,Diagonal 31  Noreste Transversal 34 B,Sin Registro,Urbana,"(6.172689669, -75.57882729)"
2162077,08/14/2016,5:08 p.m.,Domingo,Campero,Particular,Conductor,Masculino,No,Sin Registro,Solo Daños,Choque,No mantener distancia de seguridad,Calle 37  Sur Carrera 49,Sin Registro,Urbana,"(6.174789471, -75.59420424)"
2162077,08/14/2016,5:08 p.m.,Domingo,Automovil,Publico,Conductor,Masculino,No,Sin Registro,Solo Daños,Choque,No mantener distancia de seguridad,Calle 37  Sur Carrera 49,Sin Registro,Urbana,"(6.174789471, -75.59420424)"
2162072,08/14/2016,6:50 p.m.,Domingo,Motocicleta,Particular,Motociclista,Masculino,No,Sin Registro,Muerto,Atropello,Exceso de velocidad,Calle 36  Sur Carrera 39,Los Naranjos,Urbana,"(6.169751787, -75.58435113)"
2162072,08/14/2016,6:50 p.m.,Domingo,Motocicleta,Particular,Motociclista,Masculino,No,Sin Registro,Muerto,Atropello,Cruzar sin observar,Calle 36  Sur Carrera 39,Los Naranjos,Urbana,"(6.169751787, -75.58435113)"
2162074,08/14/2016,8:00 p.m.,Domingo,Camioneta,Particular,Conductor,Masculino,No,Sin Registro,Solo Daños,Choque,No mantener distancia de seguridad,Tramo 372 Kilometro  12,Vereda Palmas,Rural,
2162074,08/14/2016,8:00 p.m.,Domingo,Automovil,Particular,Conductor,Masculino,No,Sin Registro,Solo Daños,Choque,No mantener distancia de seguridad,Tramo 372 Kilometro  12,Vereda Palmas,Rural,
2162074,08/14/2016,8:00 p.m.,Domingo,Automovil,Particular,Conductor,Masculino,No,Sin Registro,Solo Daños,Choque,No mantener distancia de seguridad,Tramo 372 Kilometro  12,Vereda Palmas,Rural,
2162078,08/14/2016,11:15 p.m.,Domingo,Automovil,Particular,Conductor,Femenino,No,Sin Registro,Solo Daños,Choque,No mantener distancia de seguridad,Tramo 372 Kilometro  10,Vereda Palmas,Rural,
2162078,08/14/2016,11:15 p.m.,Domingo,Automovil,Particular,Conductor,Femenino,No,Sin Registro,Solo Daños,Choque,No mantener distancia de seguridad,Tramo 372 Kilometro  10,Vereda Palmas,Rural,
2162122,08/15/2016,7:25 a.m.,Lunes,Automovil,Particular,Conductor,Masculino,No,Sin Registro,Solo Daños,Choque,Exceso de velocidad,Tramo 372 Kilometro  13,Vereda Palmas,Rural,
2162070,08/15/2016,7:30 a.m.,Lunes,Automovil,Particular,Conductor,Masculino,No,Sin Registro,Solo Daños,Choque,Exceso de velocidad,Tramo 372 Kilometro  120,Vereda Palmas,Rural,
2162071,08/15/2016,4:45 p.m.,Lunes,Motocicleta,Particular,Motociclista,Femenino,No,Sin Registro,Solo Daños,Choque,Adelantar cerrando,Calle 38  Sur Carrera 50,Las Vegas,Urbana,
2162113,08/15/2016,7:30 p.m.,Lunes,Automovil,Particular,Conductor,Masculino,No,Sin Registro,Solo Daños,Choque,Exceso de velocidad,Calle 36 D Sur Carrera 23,Vereda El Escobero,Urbana,"(6.162479576, -75.57022257)"
2162133,08/15/2016,7:45 p.m.,Lunes,Automovil,Particular,Conductor,Masculino,No,Sin Registro,Solo Daños,Choque,Reverso imprudente,Calle 25 A Sur Carrera 49,Sin Registro,Urbana,"(6.181898839, -75.58264156)"
2162133,08/15/2016,7:45 p.m.,Lunes,Automovil,Particular,Conductor,Masculino,No,Sin Registro,Solo Daños,Choque,Poner en marcha un vehiculo sin precauci,Calle 25 A Sur Carrera 49,Sin Registro,Urbana,"(6.181898839, -75.58264156)"
2162106,08/15/2016,9:00 p.m.,Lunes,Motocicleta,Particular,Motociclista,Masculino,No,Sin Registro,Solo Daños,Choque,Adelantar cerrando,Tramo 372 Kilometro  11,Vereda Palmas,Rural,
2162106,08/15/2016,9:00 p.m.,Lunes,Camioneta,Particular,Conductor,Masculino,No,Sin Registro,Solo Daños,Choque,Adelantar cerrando,Tramo 372 Kilometro  11,Vereda Palmas,Rural,
2162108,08/16/2016,6:40 a.m.,Martes,Automovil,Particular,Conductor,Masculino,No,Sin Registro,Herido,Choque,Transitar entre vehiculos,Calle 32 B Sur Carrera 50,Las Vegas,Urbana,
2162108,08/16/2016,6:40 a.m.,Martes,Motocicleta,Particular,Motociclista,Femenino,No,Sin Registro,Herido,Choque,Transitar entre vehiculos,Calle 32 B Sur Carrera 50,Las Vegas,Urbana,
2162127,08/16/2016,10:30 a.m.,Martes,Automovil,Particular,Conductor,Femenino,No,Sin Registro,Solo Daños,Choque,Adelantar cerrando,Calle 46 C Sur Carrera 42 B,La Paz,Urbana,"(6.161737713, -75.59563707)"
2162127,08/16/2016,10:30 a.m.,Martes,Camion,Publico,Conductor,Masculino,No,Sin Registro,Solo Daños,Choque,Adelantar cerrando,Calle 46 C Sur Carrera 42 B,La Paz,Urbana,"(6.161737713, -75.59563707)"
2162116,08/16/2016,12:05 p.m.,Martes,Campero,Oficial,Conductor,Masculino,No,Sin Registro,Solo Daños,Choque,No mantener distancia de seguridad,Calle 41 D Sur Carrera 42,El Dorado,Urbana,
2162116,08/16/2016,12:05 p.m.,Martes,Automovil,Publico,Conductor,Masculino,No,Sin Registro,Solo Daños,Choque,No mantener distancia de seguridad,Calle 41 D Sur Carrera 42,El Dorado,Urbana,