RADICADO,FECHA,HORA,DÍA DE LA SEMANA,CLASE DE VEHICULO,TIPO DE SERVICIO,TIPO DE VICTIMA,SEXO,ESTADO DE BEODEZ,RESULTADO DE BEODEZ,GRAVEDAD,CLASE DE ACCIDENTE,CAUSA,DIRECCIÓN,BARRIO,AREA,Coordenadas
2162181,08/23/2016,2:20 p.m.,Martes,Automovil,Diplomatico,Conductor,Femenino,No,Sin Registro,Solo Daños,Choque,Adelantar cerrando,Calle 45  Sur Carrera 42 B,La Paz,Urbana,"(6.163744297, -75.59313788)"
2162178,08/23/2016,5:25 p.m.,Martes,Bus,Publico,Conductor,Masculino,No,Sin Registro,Solo Daños,Choque,Adelantar cerrando,Calle 37  Sur Carrera 41,Zona Centro,Urbana,"(6.169855492, -75.58619601)"
2162178,08/23/2016,5:25 p.m.,Martes,Automovil,Particular,Conductor,Masculino,No,Sin Registro,Solo Daños,Choque,Adelantar cerrando,Calle 37  Sur Carrera 41,Zona Centro,Urbana,"(6.169855492, -75.58619601)"
2162188,08/23/2016,7:00 p.m.,Martes,Automovil,Particular,Conductor,Masculino,No,Sin Registro,Solo Daños,Choque,No respetar prelacion,Calle 45 B Sur Carrera 43,La Paz,Urbana,"(6.164485785, -75.59467842)"
2162188,08/23/2016,7:00 p.m.,Martes,Automovil,Particular,Conductor,Masculino,No,Sin Registro,Solo Daños,Choque,No respetar prelacion,Calle 45 B Sur Carrera 43,La Paz,Urbana,"(6.164485785, -75.59467842)"
2162180,08/23/2016,7:45 p.m.,Martes,Automovil,Publico,Conductor,Masculino,No,Sin Registro,Solo Daños,Choque,Semaforo en rojo,Calle 37  Sur Carrera 29,Sin Registro,Urbana,"(6.165886877, -75.57955099)"
2162180,08/23/2016,7:45 p.m.,Martes,Automovil,Particular,Conductor,Femenino,No,Sin Registro,Solo Daños,Choque,Semaforo en rojo,Calle 37  Sur Carrera 29,Sin Registro,Urbana,"(6.165886877, -75.57955099)"
2162189,08/24/2016,6:25 a.m.,Miércoles,Automovil,Particular,Conductor,Sin registro,No,Sin Registro,Solo Daños,Choque,No mantener distancia de seguridad,Calle 32 B Sur Carrera 48,El Portal,Urbana,"(6.177255701, -75.59003137)"
2162189,08/24/2016,6:25 a.m.,Miércoles,Automovil,Particular,Conductor,Femenino,No,Sin Registro,Solo Daños,Choque,No mantener distancia de seguridad,Calle 32 B Sur Carrera 48,El Portal,Urbana,"(6.177255701, -75.59003137)"
2162189,08/24/2016,6:25 a.m.,Miércoles,Camioneta,Particular,Conductor,Femenino,No,Sin Registro,Solo Daños,Choque,No mantener distancia de seguridad,Calle 32 B Sur Carrera 48,El Portal,Urbana,"(6.177255701, -75.59003137)"
2162184,08/24/2016,7:35 a.m.,Miércoles,Automovil,Particular,Conductor,Masculino,No,Sin Registro,Solo Daños,Choque,Desobedecer senales,Calle 39  Sur Carrera 36,Mesa,Urbana,"(6.165994343, -75.58458117)"
2162184,08/24/2016,7:35 a.m.,Miércoles,Camioneta,Particular,Conductor,Masculino,No,Sin Registro,Solo Daños,Choque,Desobedecer senales,Calle 39  Sur Carrera 36,Mesa,Urbana,"(6.165994343, -75.58458117)"
2162220,08/24/2016,7:45 a.m.,Miércoles,Camion,Publico,Conductor,Masculino,No,Sin Registro,Solo Daños,Choque,Adelantar cerrando,Calle 48  Sur Carrera 48,Las Vegas,Urbana,"(6.164595282, -75.60138041)"
2162220,08/24/2016,7:45 a.m.,Miércoles,Automovil,Publico,Conductor,Masculino,No,Sin Registro,Solo Daños,Choque,Adelantar cerrando,Calle 48  Sur Carrera 48,Las Vegas,Urbana,"(6.164595282, -75.60138041)"
2162186,08/24/2016,10:30 a.m.,Miércoles,Buseta,Publico,Conductor,Masculino,No,Sin Registro,Solo Daños,Choque,Impericia en el manejo,Diagonal 30 B Transversal 32 A,Las Flores,Urbana,"(6.174651656, -75.57835117)"
2162186,08/24/2016,10:30 a.m.,Miércoles,Motocicleta,Particular,Motociclista,Masculino,No,Sin Registro,Solo Daños,Choque,Impericia en el manejo,Diagonal 30 B Transversal 32 A,Las Flores,Urbana,"(6.174651656, -75.57835117)"
2162182,08/24/2016,3:00 p.m.,Miércoles,Automovil,Diplomatico,Conductor,Masculino,No,Sin Registro,Solo Daños,Choque,No respetar prelacion,Calle 40  Sur Carrera 41 A,El Dorado,Urbana,"(6.167156789, -75.58804688)"
2162182,08/24/2016,3:00 p.m.,Miércoles,Automovil,Particular,Conductor,Masculino,No,Sin Registro,Solo Daños,Choque,No respetar prelacion,Calle 40  Sur Carrera 41 A,El Dorado,Urbana,"(6.167156789, -75.58804688)"
2162193,08/24/2016,3:50 p.m.,Miércoles,Bus,Publico,Conductor,Masculino,No,Sin Registro,Solo Daños,Choque,Otra,Calle 38  Sur Carrera 31,Mesa,Urbana,"(6.165577674, -75.58112182)"
2162193,08/24/2016,3:50 p.m.,Miércoles,Motocicleta,Particular,Motociclista,Masculino,No,Sin Registro,Solo Daños,Choque,Otra,Calle 38  Sur Carrera 31,Mesa,Urbana,"(6.165577674, -75.58112182)"
2162191,08/24/2016,7:40 p.m.,Miércoles,Motocicleta,Particular,Motociclista,Masculino,No,Sin Registro,Solo Daños,Choque,Transitar entre vehiculos,Calle 21  Sur Carrera 41,El Esmeraldal,Urbana,"(6.182165945, -75.57677668)"
2162191,08/24/2016,7:40 p.m.,Miércoles,Camioneta,Particular,Conductor,Femenino,No,Sin Registro,Solo Daños,Choque,Transitar entre vehiculos,Calle 21  Sur Carrera 41,El Esmeraldal,Urbana,"(6.182165945, -75.57677668)"
2162183,08/25/2016,1:50 a.m.,Jueves,Automovil,Publico,Conductor,Masculino,No,Sin Registro,Solo Daños,Choque,No respetar prelacion,Calle 30  Sur Carrera 48,Las Vegas,Urbana,"(6.180376127, -75.59028805)"
2162183,08/25/2016,1:50 a.m.,Jueves,Motocicleta,Particular,Motociclista,Sin registro,No,Sin Registro,Solo Daños,Choque,No respetar prelacion,Calle 30  Sur Carrera 48,Las Vegas,Urbana,"(6.180376127, -75.59028805)"
2162197,08/25/2016,7:20 a.m.,Jueves,Microbus,Publico,Conductor,Femenino,No,Sin Registro,Solo Daños,Choque,No mantener distancia de seguridad,Tramo 12 Kilometro  16,Vereda Palmas,Rural,
2162197,08/25/2016,7:20 a.m.,Jueves,Automovil,Particular,Conductor,Femenino,No,Sin Registro,Solo Daños,Choque,No mantener distancia de seguridad,Tramo 12 Kilometro  16,Vereda Palmas,Rural,
2162187,08/25/2016,7:30 a.m.,Jueves,Automovil,Particular,Conductor,Masculino,No,Sin Registro,Solo Daños,Choque,Reverso imprudente,Calle 45  Sur Carrera 41,La Paz,Urbana,"(6.162879731, -75.59216618)"
2162187,08/25/2016,7:30 a.m.,Jueves,Campero,Particular,Conductor,Masculino,No,Sin Registro,Solo Daños,Choque,Reverso imprudente,Calle 45  Sur Carrera 41,La Paz,Urbana,"(6.162879731, -75.59216618)"
2162190,08/25/2016,1:40 p.m.,Jueves,Camioneta,Particular,Conductor,Masculino,No,Sin Registro,Herido,Atropello,Otra,Calle 37 B Sur Carrera 27,Loma De Las Brujas,Urbana,"(6.159428343, -75.57378869)"
2162194,08/25/2016,2:10 p.m.,Jueves,Bus,Publico,Conductor,Masculino,No,Sin Registro,Solo Daños,Choque,No mantener distancia de seguridad,Calle 48 C Sur Carrera 43 A,Loma Del Barro,Urbana,"(6.162378903, -75.59763059)"
2162194,08/25/2016,2:10 p.m.,Jueves,Automovil,Particular,Conductor,Masculino,No,Sin Registro,Solo Daños,Choque,No mantener distancia de seguridad,Calle 48 C Sur Carrera 43 A,Loma Del Barro,Urbana,"(6.162378903, -75.59763059)"
2162195,08/25/2016,5:10 p.m.,Jueves,Camioneta,Particular,Conductor,Masculino,No,Sin Registro,Solo Daños,Choque,Adelantar cerrando,Calle 25  Sur Carrera 49,Las Vegas,Urbana,
2162195,08/25/2016,5:10 p.m.,Jueves,Automovil,Particular,Conductor,Femenino,No,Sin Registro,Solo Daños,Choque,Adelantar cerrando,Calle 25  Sur Carrera 49,Las Vegas,Urbana,
2162198,08/25/2016,5:10 p.m.,Jueves,Automovil,Particular,Conductor,Masculino,No,Sin Registro,Solo Daños,Choque,No mantener distancia de seguridad,Calle 44  Sur Carrera 48,Las Vegas,Urbana,"(6.168560051, -75.59898129)"
2162198,08/25/2016,5:10 p.m.,Jueves,Automovil,Particular,Conductor,Masculino,No,Sin Registro,Solo Daños,Choque,No mantener distancia de seguridad,Calle 44  Sur Carrera 48,Las Vegas,Urbana,"(6.168560051, -75.59898129)"
2162240,08/25/2016,5:20 p.m.,Jueves,Automovil,Particular,Conductor,Femenino,No,Sin Registro,Solo Daños,Choque,No mantener distancia de seguridad,Calle 21  Sur Carrera 44,Zuñiga,Urbana,
2162240,08/25/2016,5:20 p.m.,Jueves,Camioneta,Particular,Conductor,Femenino,No,Sin Registro,Solo Daños,Choque,No mantener distancia de seguridad,Calle 21  Sur Carrera 44,Zuñiga,Urbana,
2162196,08/25/2016,7:50 p.m.,Jueves,Automovil,Particular,Conductor,Masculino,No,Sin Registro,Solo Daños,Choque,Adelantar cerrando,Calle 45 B Sur Carrera 43 A,La Paz,Urbana,"(6.164485785, -75.59467842)"
2162196,08/25/2016,7:50 p.m.,Jueves,Automovil,Publico,Conductor,Masculino,No,Sin Registro,Solo Daños,Choque,Adelantar cerrando,Calle 45 B Sur Carrera 43 A,La Paz,Urbana,"(6.164485785, -75.59467842)"
2162199,08/26/2016,5:30 a.m.,Viernes,Camioneta,Publico,Conductor,Masculino,No,Sin Registro,Herido,Choque,Desobedecer senales,Diagonal 33 Transversal 34,Obrero,Urbana,"(6.172651904, -75.58382242)"
2162199,08/26/2016,5:30 a.m.,Viernes,Motocicleta,Particular,Motociclista,Masculino,No,Sin Registro,Herido,Choque,Desobedecer senales,Diagonal 33 Transversal 34,Obrero,Urbana,"(6.172651904, -75.58382242)"
2162222,08/26/2016,6:10 a.m.,Viernes,Automovil,Particular,Conductor,Masculino,No,Sin Registro,Herido,Choque,Transitar entre vehiculos,Diagonal 31 Transversal 36,La Sebastiana,Urbana,"(6.168204377, -75.58020514)"
2162222,08/26/2016,6:10 a.m.,Viernes,Motocicleta,Particular,Motociclista,Femenino,No,Sin Registro,Herido,Choque,Transitar entre vehiculos,Diagonal 31 Transversal 36,La Sebastiana,Urbana,"(6.168204377, -75.58020514)"
2162207,08/26/2016,8:00 a.m.,Viernes,Motocicleta,Particular,Motociclista,Masculino,No,Sin Registro,Herido,Caida Ocupante,Impericia en el manejo,Calle 38  Sur Carrera 42,Zona Centro,Urbana,"(6.16961293, -75.58738469)"
2162216,08/26/2016,8:30 a.m.,Viernes,Automovil,Particular,Conductor,Masculino,No,Sin Registro,Solo Daños,Choque,No mantener distancia de seguridad,Calle 25  Sur Carrera 46,Zuñiga,Urbana,"(6.183044029, -75.5826185)"
2162216,08/26/2016,8:30 a.m.,Viernes,Camion,Oficial,Conductor,Masculino,No,Sin Registro,Solo Daños,Choque,No mantener distancia de seguridad,Calle 25  Sur Carrera 46,Zuñiga,Urbana,"(6.183044029, -75.5826185)"
2162224,08/26/2016,9:45 a.m.,Viernes,Campero,Particular,Conductor,Masculino,No,Sin Registro,Solo Daños,Choque,No respetar prelacion,Calle 43  Sur Carrera 49,Las Vegas,Urbana,
2162224,08/26/2016,9:45 a.m.,Viernes,Tractocamion,Publico,Conductor,Masculino,No,Sin Registro,Solo Daños,Choque,No respetar prelacion,Calle 43  Sur Carrera 49,Las Vegas,Urbana,
2162223,08/26/2016,11:00 a.m.,Viernes,Camion,Oficial,Conductor,Masculino,No,Sin Registro,Solo Daños,Choque,Adelantar cerrando,Calle 36 E Sur Carrera 27 G,Vereda El Escobero,Urbana,"(6.167154903, -75.56933697)"
2162223,08/26/2016,11:00 a.m.,Viernes,Microbus,Publico,Conductor,Masculino,No,Sin Registro,Solo Daños,Choque,Adelantar cerrando,Calle 36 E Sur Carrera 27 G,Vereda El Escobero,Urbana,"(6.167154903, -75.56933697)"
2162203,08/27/2016,1:10 p.m.,Sábado,Automovil,Publico,Conductor,Masculino,No,Sin Registro,Solo Daños,Choque,Reverso imprudente,Calle 46  Sur Carrera 44,Primavera,Urbana,"(6.164371719, -75.59631716)"
2162228,08/26/2016,11:30 a.m.,Viernes,Motocicleta,Particular,Motociclista,Masculino,No,Sin Registro,Herido,Choque,No respetar prelacion,Diagonal 33  Norte Transversal 34 E,Los Naranjos,Urbana,"(6.172651904, -75.58382242)"
2162228,08/26/2016,11:30 a.m.,Viernes,Motocicleta,Particular,Motociclista,Masculino,No,Sin Registro,Herido,Choque,No respetar prelacion,Diagonal 33  Norte Transversal 34 E,Los Naranjos,Urbana,"(6.172651904, -75.58382242)"
2162209,08/26/2016,1:45 p.m.,Viernes,Campero,Particular,Conductor,Masculino,No,Sin Registro,Herido,Choque,Adelantar invadiendo carril de sentido contrario,Calle 22  Sur Carrera 27,El Chocho,Urbana,
2162209,08/26/2016,1:45 p.m.,Viernes,Motocicleta,Particular,Motociclista,Masculino,No,Sin Registro,Herido,Choque,Desobedecer senales,Calle 22  Sur Carrera 27,El Chocho,Urbana,
2162209,08/26/2016,1:45 p.m.,Viernes,Motocicleta,Particular,Motociclista,Masculino,No,Sin Registro,Herido,Choque,Adelantar invadiendo carril de sentido contrario,Calle 22  Sur Carrera 27,El Chocho,Urbana,
2162212,08/26/2016,1:50 p.m.,Viernes,Automovil,Particular,Conductor,Masculino,No,Sin Registro,Herido,Choque,Desobedecer senales,Calle 39  Sur Carrera 27 B,El Chinguí,Urbana,"(6.159217585, -75.57883462)"
2162212,08/26/2016,1:50 p.m.,Viernes,Motocicleta,Particular,Motociclista,Femenino,No,Sin Registro,Herido,Choque,Desobedecer senales,Calle 39  Sur Carrera 27 B,El Chinguí,Urbana,"(6.159217585, -75.57883462)"
2162213,08/26/2016,2:00 p.m.,Viernes,Campero,Particular,Conductor,Masculino,No,Sin Registro,Solo Daños,Choque,Reverso imprudente,Calle 43  Sur Carrera 48,Las Vegas,Urbana,"(6.168592602, -75.597529)"
2162213,08/26/2016,2:00 p.m.,Viernes,Tractocamion,Publico,Conductor,Masculino,No,Sin Registro,Solo Daños,Choque,Reverso imprudente,Calle 43  Sur Carrera 48,Las Vegas,Urbana,"(6.168592602, -75.597529)"
2162217,08/26/2016,2:10 p.m.,Viernes,Motocicleta,Particular,Motociclista,Masculino,No,Sin Registro,Solo Daños,Choque,Transitar entre vehiculos,Calle 26  Sur Carrera 43 A,Villa Grande,Urbana,"(6.180841534, -75.58293815)"
2162217,08/26/2016,2:10 p.m.,Viernes,Automovil,Particular,Conductor,Masculino,No,Sin Registro,Solo Daños,Choque,Transitar entre vehiculos,Calle 26  Sur Carrera 43 A,Villa Grande,Urbana,"(6.180841534, -75.58293815)"
2162211,08/26/2016,5:00 p.m.,Viernes,Automovil,Particular,Conductor,Masculino,No,Sin Registro,Solo Daños,Choque,No mantener distancia de seguridad,Calle 36 D Sur Carrera 27 A,La Magnolia,Urbana,"(6.164831751, -75.57423497)"
2162211,08/26/2016,5:00 p.m.,Viernes,Automovil,Particular,Conductor,Femenino,No,Sin Registro,Solo Daños,Choque,No mantener distancia de seguridad,Calle 36 D Sur Carrera 27 A,La Magnolia,Urbana,"(6.164831751, -75.57423497)"
2162233,08/27/2016,7:20 a.m.,Sábado,Automovil,Particular,Conductor,Masculino,No,Sin Registro,Solo Daños,Choque,Exceso de velocidad,Tramo 12 Kilometro  13,Vereda Palmas,Rural,
2162227,08/27/2016,9:00 a.m.,Sábado,Camion,Publico,Conductor,Masculino,No,Sin Registro,Solo Daños,Choque,Reverso imprudente,Calle 35 A Sur Carrera 45,Sin Registro,Urbana,"(6.172888156, -75.58870897)"
2162229,08/27/2016,9:50 a.m.,Sábado,Automovil,Particular,Conductor,Masculino,No,Sin Registro,Herido,Choque,Transitar entre vehiculos,Calle 29  Sur Carrera 50,Las Vegas,Urbana,
2162229,08/27/2016,9:50 a.m.,Sábado,Motocicleta,Particular,Motociclista,Masculino,No,Sin Registro,Herido,Choque,Transitar entre vehiculos,Calle 29  Sur Carrera 50,Las Vegas,Urbana,
2162264,08/27/2016,10:00 a.m.,Sábado,Camion,Publico,Conductor,Masculino,No,Sin Registro,Solo Daños,Choque,Otra,Calle 39  Sur Carrera 36,Mesa,Urbana,"(6.165994343, -75.58458117)"
2162241,08/27/2016,10:40 a.m.,Sábado,Campero,Particular,Conductor,Femenino,No,Sin Registro,Solo Daños,Choque,No mantener distancia de seguridad,Calle 27  Sur Carrera 50,Las Vegas,Urbana,
2162241,08/27/2016,10:40 a.m.,Sábado,Automovil,Particular,Conductor,Masculino,No,Sin Registro,Solo Daños,Choque,No mantener distancia de seguridad,Calle 27  Sur Carrera 50,Las Vegas,Urbana,
2162241,08/27/2016,10:40 a.m.,Sábado,Camion,Publico,Conductor,Masculino,No,Sin Registro,Solo Daños,Choque,No mantener distancia de seguridad,Calle 27  Sur Carrera 50,Las Vegas,Urbana,
2162241,08/27/2016,10:40 a.m.,Sábado,Camion,Particular,Conductor,Masculino,No,Sin Registro,Solo Daños,Choque,No mantener distancia de seguridad,Calle 27  Sur Carrera 50,Las Vegas,Urbana,
2162201,08/27/2016,12:50 p.m.,Sábado,Motocicleta,Particular,Motociclista,Masculino,No,Sin Registro,Herido,Caida Ocupante,Obstaculos en la via,Diagonal 31 A Transversal 34 DD,Manuel Uribe Angel,Urbana,"(6.171643894, -75.57975224)"
2162225,08/27/2016,12:55 p.m.,Sábado,Automovil,Particular,Conductor,Masculino,No,Sin Registro,Solo Daños,Choque,No mantener distancia de seguridad,Calle 37  Sur Carrera 50,Las Vegas,Urbana,
2162225,08/27/2016,12:55 p.m.,Sábado,Automovil,Particular,Conductor,Femenino,No,Sin Registro,Solo Daños,Choque,No mantener distancia de seguridad,Calle 37  Sur Carrera 50,Las Vegas,Urbana,
2162203,08/27/2016,1:10 p.m.,Sábado,Automovil,Particular,Conductor,Masculino,No,Sin Registro,Solo Daños,Choque,Reverso imprudente,Calle 46  Sur Carrera 44,Primavera,Urbana,"(6.164371719, -75.59631716)"
2162221,08/27/2016,1:10 p.m.,Sábado,Camioneta,Particular,Conductor,Masculino,No,Sin Registro,Solo Daños,Choque,No mantener distancia de seguridad,Calle 35  Sur Carrera 41,Zona Centro,Urbana,"(6.171300757, -75.58534224)"
2162221,08/27/2016,1:10 p.m.,Sábado,Automovil,Particular,Conductor,Sin registro,No,Sin Registro,Solo Daños,Choque,No mantener distancia de seguridad,Calle 35  Sur Carrera 41,Zona Centro,Urbana,"(6.171300757, -75.58534224)"
2162405,08/27/2016,1:20 p.m.,Sábado,Automovil,Particular,Conductor,Masculino,No,Sin Registro,Solo Daños,Choque,Otra,Calle 36 D Sur Carrera 27 A,Sin Registro,Urbana,"(6.164831751, -75.57423497)"
2162405,08/27/2016,1:20 p.m.,Sábado,Campero,Particular,Conductor,Sin registro,No,Sin Registro,Solo Daños,Choque,Otra,Calle 36 D Sur Carrera 27 A,Sin Registro,Urbana,"(6.164831751, -75.57423497)"
2163432,08/27/2016,1:20 p.m.,Sábado,Automovil,Particular,Conductor,Femenino,No,Sin Registro,Solo Daños,Choque,Otra,Calle 36 D Sur Carrera 27,Las Vegas,Urbana,"(6.162479576, -75.57022257)"
2163432,08/27/2016,1:20 p.m.,Sábado,Campero,Particular,Conductor,Femenino,No,Sin Registro,Solo Daños,Choque,Otra,Calle 36 D Sur Carrera 27,Las Vegas,Urbana,"(6.162479576, -75.57022257)"
2162206,08/27/2016,4:00 p.m.,Sábado,Camioneta,Particular,Conductor,Femenino,No,Sin Registro,Solo Daños,Choque,Desobedecer senales,Tramo 12 Kilometro  13,Vereda Palmas,Rural,
2162206,08/27/2016,4:00 p.m.,Sábado,Camioneta,Particular,Conductor,Masculino,No,Sin Registro,Solo Daños,Choque,Desobedecer senales,Tramo 12 Kilometro  13,Vereda Palmas,Rural,
2162210,08/27/2016,4:45 p.m.,Sábado,Automovil,Particular,Conductor,Femenino,No,Sin Registro,Solo Daños,Choque,Adelantar en zona prohibida,Calle 36 D Sur Carrera 27,Vereda El Escobero,Urbana,"(6.162479576, -75.57022257)"
2162210,08/27/2016,4:45 p.m.,Sábado,Motocicleta,Particular,Motociclista,Masculino,No,Sin Registro,Solo Daños,Choque,Adelantar en zona prohibida,Calle 36 D Sur Carrera 27,Vereda El Escobero,Urbana,"(6.162479576, -75.57022257)"
2162230,08/27/2016,7:15 p.m.,Sábado,Automovil,Particular,Conductor,Masculino,No,Sin Registro,Solo Daños,Choque,Transitar entre vehiculos,Calle 46  Sur Carrera 48,Las Vegas,Urbana,"(6.162824447, -75.59968661)"
2162230,08/27/2016,7:15 p.m.,Sábado,Motocicleta,Particular,Motociclista,Masculino,Si,3,Solo Daños,Choque,Transitar entre vehiculos,Calle 46  Sur Carrera 48,Las Vegas,Urbana,"(6.162824447, -75.59968661)"
2162218,08/27/2016,8:00 p.m.,Sábado,Camioneta,Particular,Conductor,Femenino,No,Sin Registro,Herido,Choque,Exceso de velocidad,Calle 38 A Sur Carrera 36,Mesa,Urbana,"(6.166666222, -75.58411827)"
2162218,08/27/2016,8:00 p.m.,Sábado,Motocicleta,Particular,Motociclista,Masculino,No,Sin Registro,Herido,Choque,Exceso de velocidad,Calle 38 A Sur Carrera 36,Mesa,Urbana,"(6.166666222, -75.58411827)"
2162218,08/27/2016,8:00 p.m.,Sábado,Automovil,Particular,Conductor,Masculino,No,Sin Registro,Herido,Choque,Exceso de velocidad,Calle 38 A Sur Carrera 36,Mesa,Urbana,"(6.166666222, -75.58411827)"
2162200,08/27/2016,9:00 p.m.,Sábado,Automovil,Particular,Conductor,Masculino,No,Sin Registro,Solo Daños,Choque,No respetar prelacion,Calle 37  Sur Carrera 48,Las Vegas,Urbana,"(6.17412211, -75.59306111)"
2162200,08/27/2016,9:00 p.m.,Sábado,Automovil,Particular,Conductor,Masculino,No,Sin Registro,Solo Daños,Choque,No respetar prelacion,Calle 37  Sur Carrera 48,Las Vegas,Urbana,"(6.17412211, -75.59306111)"
2162204,08/27/2016,9:10 p.m.,Sábado,Automovil,Particular,Conductor,Masculino,No,Sin Registro,Solo Daños,Choque,Exceso de velocidad,Tramo 371 Kilometro  1,Vereda El Escobero,Rural,
2162204,08/27/2016,9:10 p.m.,Sábado,Motocicleta,Particular,Motociclista,Masculino,No,Sin Registro,Solo Daños,Choque,Exceso de velocidad,Tramo 371 Kilometro  1,Vereda El Escobero,Rural,
2162214,08/27/2016,9:30 p.m.,Sábado,Motocicleta,Particular,Motociclista,Masculino,No,Sin Registro,Herido,Choque,No mantener distancia de seguridad,Calle 38  Sur Carrera 47 A,Zona Centro,Urbana,"(6.172609491, -75.59229961)"
2162214,08/27/2016,9:30 p.m.,Sábado,Automovil,Particular,Conductor,Masculino,No,Sin Registro,Herido,Choque,No mantener distancia de seguridad,Calle 38  Sur Carrera 47 A,Zona Centro,Urbana,"(6.172609491, -75.59229961)"
2162205,08/27/2016,10:05 p.m.,Sábado,Motocicleta,Particular,Motociclista,Masculino,No,Sin Registro,Solo Daños,Choque,Desobedecer senales,Diagonal 32 D Transversal 32 A,La Magnolia,Urbana,"(6.175128619, -75.58398566)"
2162205,08/27/2016,10:05 p.m.,Sábado,Automovil,Particular,Conductor,Masculino,No,Sin Registro,Solo Daños,Choque,Desobedecer senales,Diagonal 32 D Transversal 32 A,La Magnolia,Urbana,"(6.175128619, -75.58398566)"
2162208,08/27/2016,10:15 p.m.,Sábado,Automovil,Particular,Conductor,Masculino,No,Sin Registro,Solo Daños,Choque,No mantener distancia de seguridad,Calle 21  Sur Carrera 41,Zuñiga,Urbana,"(6.182165945, -75.57677668)"
2162208,08/27/2016,10:15 p.m.,Sábado,Campero,Particular,Conductor,Masculino,No,Sin Registro,Solo Daños,Choque,No mantener distancia de seguridad,Calle 21  Sur Carrera 41,Zuñiga,Urbana,"(6.182165945, -75.57677668)"
2162219,08/28/2016,1:40 a.m.,Domingo,Motocicleta,Particular,Motociclista,Masculino,No,Sin Registro,Solo Daños,Choque,Semaforo en rojo,Calle 32 B Sur Carrera 48,Las Vegas,Urbana,"(6.177255701, -75.59003137)"
2162219,08/28/2016,1:40 a.m.,Domingo,Automovil,Particular,Conductor,Masculino,No,Sin Registro,Solo Daños,Choque,Semaforo en rojo,Calle 32 B Sur Carrera 48,Las Vegas,Urbana,"(6.177255701, -75.59003137)"
2162215,08/28/2016,9:30 a.m.,Domingo,Maq. Industrial,Particular,Conductor,Masculino,No,Sin Registro,Solo Daños,Choque,Desobedecer senales,Calle 37  Sur Carrera 50,Las Vegas,Urbana,
2162215,08/28/2016,9:30 a.m.,Domingo,Camion,Publico,Conductor,Masculino,No,Sin Registro,Solo Daños,Choque,Desobedecer senales,Calle 37  Sur Carrera 50,Las Vegas,Urbana,
2162202,08/28/2016,11:50 a.m.,Domingo,Automovil,Particular,Conductor,Femenino,No,Sin Registro,Solo Daños,Choque,Adelantar por la derecha,Calle 32 B Sur Carrera 48,Glorieta De Peldar,Urbana,"(6.177255701, -75.59003137)"
2162202,08/28/2016,11:50 a.m.,Domingo,Motocicleta,Particular,Motociclista,Masculino,No,Sin Registro,Solo Daños,Choque,Adelantar por la derecha,Calle 32 B Sur Carrera 48,Glorieta De Peldar,Urbana,"(6.177255701, -75.59003137)"
2162234,08/28/2016,12:00 p.m.,Domingo,Campero,Particular,Conductor,Masculino,No,Sin Registro,Solo Daños,Choque,Desobedecer senales,Transversal 31  Sur Carrera 43 A,San Marcos,Urbana,"(6.176823564, -75.58539215)"
2162234,08/28/2016,12:00 p.m.,Domingo,Camioneta,Particular,Conductor,Masculino,No,Sin Registro,Solo Daños,Choque,Desobedecer senales,Transversal 31  Sur Carrera 43 A,San Marcos,Urbana,"(6.176823564, -75.58539215)"
2162226,08/28/2016,2:20 p.m.,Domingo,Automovil,Publico,Conductor,Masculino,No,Sin Registro,Solo Daños,Choque,No mantener distancia de seguridad,Tramo 12 Kilometro  15,Vereda Palmas,Rural,
2162226,08/28/2016,2:20 p.m.,Domingo,Campero,Particular,Conductor,Masculino,No,Sin Registro,Solo Daños,Choque,No mantener distancia de seguridad,Tramo 12 Kilometro  15,Vereda Palmas,Rural,
2162226,08/28/2016,2:20 p.m.,Domingo,Automovil,Particular,Conductor,Masculino,No,Sin Registro,Solo Daños,Choque,No mantener distancia de seguridad,Tramo 12 Kilometro  15,Vereda Palmas,Rural,
2162232,08/28/2016,3:40 p.m.,Domingo,Automovil,Particular,Conductor,Femenino,No,Sin Registro,Solo Daños,Choque,No mantener distancia de seguridad,Calle 37  Sur Carrera 50,Las Vegas,Urbana,
2162232,08/28/2016,3:40 p.m.,Domingo,Camioneta,Particular,Conductor,Masculino,No,Sin Registro,Solo Daños,Choque,No mantener distancia de seguridad,Calle 37  Sur Carrera 50,Las Vegas,Urbana,
2162235,08/29/2016,11:00 a.m.,Lunes,Automovil,Particular,Conductor,Masculino,No,Sin Registro,Solo Daños,Choque,Desobedecer senales,Calle 37  Sur Carrera 36,Zona Centro,Urbana,"(6.168044613, -75.58323697)"
2162235,08/29/2016,11:00 a.m.,Lunes,Tractocamion,Publico,Conductor,Masculino,No,Sin Registro,Solo Daños,Choque,Desobedecer senales,Calle 37  Sur Carrera 36,Zona Centro,Urbana,"(6.168044613, -75.58323697)"
2162245,08/29/2016,11:45 a.m.,Lunes,Bus,Publico,Conductor,Femenino,No,Sin Registro,Herido,Atropello,Cruzar sin observar,Calle 43  Sur Carrera 48,Milan Vallejuelos,Urbana,"(6.168592602, -75.597529)"