RADICADO,FECHA,HORA,DÍA DE LA SEMANA,CLASE DE VEHICULO,TIPO DE SERVICIO,TIPO DE VICTIMA,SEXO,ESTADO DE BEODEZ,RESULTADO DE BEODEZ,GRAVEDAD,CLASE DE ACCIDENTE,CAUSA,DIRECCIÓN,BARRIO,AREA,Coordenadas
2162243,08/29/2016,1:25 p.m.,Lunes,Camioneta,Particular,Conductor,Masculino,No,Sin Registro,Herido,Choque,No respetar prelacion,Calle 40 B Sur Carrera 37,Mesa,Urbana,"(6.164256506, -75.58642)"
2162243,08/29/2016,1:25 p.m.,Lunes,Motocicleta,Particular,Motociclista,Masculino,No,Sin Registro,Herido,Choque,No respetar prelacion,Calle 40 B Sur Carrera 37,Mesa,Urbana,"(6.164256506, -75.58642)"
2162257,08/29/2016,2:40 p.m.,Lunes,Camioneta,Particular,Conductor,Femenino,No,Sin Registro,Solo Daños,Choque,No respetar prelacion,Calle 37  Sur Carrera 43,Zona Centro,Urbana,"(6.170662973, -75.58744852)"
2162257,08/29/2016,2:40 p.m.,Lunes,Automovil,Particular,Conductor,Masculino,No,Sin Registro,Solo Daños,Choque,Desobedecer senales,Calle 37  Sur Carrera 43,Zona Centro,Urbana,"(6.170662973, -75.58744852)"
2162257,08/29/2016,2:40 p.m.,Lunes,Automovil,Particular,Conductor,Masculino,No,Sin Registro,Solo Daños,Choque,No respetar prelacion,Calle 37  Sur Carrera 43,Zona Centro,Urbana,"(6.170662973, -75.58744852)"
2162257,08/29/2016,2:40 p.m.,Lunes,Camioneta,Particular,Conductor,Femenino,No,Sin Registro,Solo Daños,Choque,Desobedecer senales,Calle 37  Sur Carrera 43,Zona Centro,Urbana,"(6.170662973, -75.58744852)"
2162248,08/29/2016,3:01 p.m.,Lunes,Motocicleta,Particular,Motociclista,Masculino,No,Sin Registro,Herido,Choque,Desobedecer senales,Diagonal 32 B Transversal 34 A,Obrero,Urbana,"(6.172777915, -75.58223786)"
2162248,08/29/2016,3:01 p.m.,Lunes,Motocicleta,Oficial,Motociclista,Masculino,No,Sin Registro,Herido,Choque,Desobedecer senales,Diagonal 32 B Transversal 34 A,Obrero,Urbana,"(6.172777915, -75.58223786)"
2162238,08/29/2016,3:40 p.m.,Lunes,Automovil,Particular,Conductor,Masculino,No,Sin Registro,Solo Daños,Choque,No mantener distancia de seguridad,Calle 50  Sur Carrera 48,Las Casitas,Urbana,
2162238,08/29/2016,3:40 p.m.,Lunes,Automovil,Particular,Conductor,Masculino,No,Sin Registro,Solo Daños,Choque,No mantener distancia de seguridad,Calle 50  Sur Carrera 48,Las Casitas,Urbana,
2162239,08/29/2016,3:55 p.m.,Lunes,Camioneta,Particular,Conductor,Femenino,No,Sin Registro,Solo Daños,Choque,No respetar prelacion,Calle 30  Sur Carrera 50,Las Vegas,Urbana,
2162239,08/29/2016,3:55 p.m.,Lunes,Motocicleta,Particular,Motociclista,Masculino,No,Sin Registro,Solo Daños,Choque,No respetar prelacion,Calle 30  Sur Carrera 50,Las Vegas,Urbana,
2162236,08/29/2016,4:10 p.m.,Lunes,Automovil,Particular,Conductor,Femenino,No,Sin Registro,Solo Daños,Choque,Reverso imprudente,Calle 23  Sur Carrera 25 B,Zuñiga,Urbana,"(6.17549466, -75.5638642)"
2162236,08/29/2016,4:10 p.m.,Lunes,Camion,Publico,Conductor,Masculino,No,Sin Registro,Solo Daños,Choque,Reverso imprudente,Calle 23  Sur Carrera 25 B,Zuñiga,Urbana,"(6.17549466, -75.5638642)"
2162237,08/29/2016,5:10 p.m.,Lunes,Motocicleta,Particular,Motociclista,Femenino,No,Sin Registro,Solo Daños,Choque,Desobedecer senales,Diagonal 32 D Carrera 32,La Magnolia,Urbana,"(6.175661946, -75.58418404)"
2162237,08/29/2016,5:10 p.m.,Lunes,Automovil,Particular,Conductor,Femenino,No,Sin Registro,Solo Daños,Choque,Desobedecer senales,Diagonal 32 D Carrera 32,La Magnolia,Urbana,"(6.175661946, -75.58418404)"
2162242,08/29/2016,5:10 p.m.,Lunes,Camioneta,Particular,Conductor,Femenino,No,Sin Registro,Herido,Choque,Desobedecer senales,Calle 38 A Sur Carrera 35,Mesa,Urbana,"(6.166333039, -75.58360674)"
2162242,08/29/2016,5:10 p.m.,Lunes,Motocicleta,Particular,Motociclista,Masculino,No,Sin Registro,Herido,Choque,Desobedecer senales,Calle 38 A Sur Carrera 35,Mesa,Urbana,"(6.166333039, -75.58360674)"
2162231,08/29/2016,10:44 p.m.,Lunes,Automovil,Particular,Conductor,Masculino,No,Sin Registro,Solo Daños,Choque,Impericia en el manejo,Calle 35 A Sur Carrera 48,El Portal,Urbana,"(6.172888156, -75.58870897)"
2162246,08/30/2016,5:30 a.m.,Martes,Motocicleta,Particular,Motociclista,Femenino,No,Sin Registro,Herido,Caida Ocupante,Transitar entre vehiculos,Calle 48  Sur Carrera 50,Las Vegas,Urbana,
2162246,08/30/2016,5:30 a.m.,Martes,Motocicleta,Particular,Motociclista,Masculino,No,Sin Registro,Herido,Caida Ocupante,Transitar entre vehiculos,Calle 48  Sur Carrera 50,Las Vegas,Urbana,
2162247,08/30/2016,7:20 a.m.,Martes,Motocicleta,Particular,Motociclista,Masculino,No,Sin Registro,Solo Daños,Choque,Exceso de velocidad,Calle 25  Sur Carrera 42 B,Las Orquideas,Urbana,"(6.179561127, -75.57986633)"
2162247,08/30/2016,7:20 a.m.,Martes,Automovil,Particular,Conductor,Femenino,No,Sin Registro,Solo Daños,Choque,Exceso de velocidad,Calle 25  Sur Carrera 42 B,Las Orquideas,Urbana,"(6.179561127, -75.57986633)"
2162244,08/30/2016,8:40 a.m.,Martes,Camion,Publico,Conductor,Masculino,No,Sin Registro,Solo Daños,Choque,Adelantar cerrando,Calle 48  Sur Carrera 50,Las Vegas,Urbana,
2162244,08/30/2016,8:40 a.m.,Martes,Camion,Particular,Conductor,Masculino,No,Sin Registro,Solo Daños,Choque,Adelantar cerrando,Calle 48  Sur Carrera 50,Las Vegas,Urbana,
2162258,08/30/2016,9:30 a.m.,Martes,Automovil,Particular,Conductor,Masculino,No,Sin Registro,Herido,Choque,Adelantar cerrando,Calle 37  Sur Carrera 49,El Portal,Urbana,"(6.174789471, -75.59420424)"
2162258,08/30/2016,9:30 a.m.,Martes,Motocicleta,Particular,Motociclista,Masculino,No,Sin Registro,Herido,Choque,Adelantar cerrando,Calle 37  Sur Carrera 49,El Portal,Urbana,"(6.174789471, -75.59420424)"
2162252,08/30/2016,10:10 a.m.,Martes,Camioneta,Particular,Conductor,Masculino,No,Sin Registro,Solo Daños,Choque,No mantener distancia de seguridad,Calle 42  Sur Carrera 50,Las Vegas,Urbana,
2162252,08/30/2016,10:10 a.m.,Martes,Automovil,Publico,Conductor,Masculino,No,Sin Registro,Solo Daños,Choque,No mantener distancia de seguridad,Calle 42  Sur Carrera 50,Las Vegas,Urbana,
2162265,08/30/2016,10:20 a.m.,Martes,Microbus,Publico,Conductor,Masculino,No,Sin Registro,Solo Daños,Choque,Adelantar cerrando,Calle 37 B Sur Carrera 49,Las Vegas,Urbana,
2162265,08/30/2016,10:20 a.m.,Martes,Automovil,Particular,Conductor,Masculino,No,Sin Registro,Solo Daños,Choque,Adelantar cerrando,Calle 37 B Sur Carrera 49,Las Vegas,Urbana,
2162254,08/30/2016,12:15 p.m.,Martes,Automovil,Particular,Conductor,Masculino,No,Sin Registro,Solo Daños,Choque,No mantener distancia de seguridad,Calle 30  Sur Carrera 44 A,Jardines,Urbana,"(6.177491165, -75.58577495)"
2162254,08/30/2016,12:15 p.m.,Martes,Campero,Particular,Conductor,Masculino,No,Sin Registro,Solo Daños,Choque,No mantener distancia de seguridad,Calle 30  Sur Carrera 44 A,Jardines,Urbana,"(6.177491165, -75.58577495)"
2162271,08/30/2016,1:55 p.m.,Martes,Motocicleta,Particular,Motociclista,Masculino,No,Sin Registro,Solo Daños,Choque,Adelantar en zona prohibida,Calle 45 A Sur Carrera 39 D,Sin Registro,Urbana,"(6.161471458, -75.59098184)"
2162271,08/30/2016,1:55 p.m.,Martes,Camioneta,Particular,Conductor,Masculino,No,Sin Registro,Solo Daños,Choque,Adelantar en zona prohibida,Calle 45 A Sur Carrera 39 D,Sin Registro,Urbana,"(6.161471458, -75.59098184)"
2162266,08/30/2016,3:10 p.m.,Martes,Motocicleta,Particular,Motociclista,Masculino,No,Sin Registro,Solo Daños,Choque,Desobedecer senales,Calle 45 B Sur Carrera 43,La Paz,Urbana,"(6.164485785, -75.59467842)"
2162266,08/30/2016,3:10 p.m.,Martes,Automovil,Particular,Conductor,Femenino,No,Sin Registro,Solo Daños,Choque,Desobedecer senales,Calle 45 B Sur Carrera 43,La Paz,Urbana,"(6.164485785, -75.59467842)"
2162277,08/30/2016,3:45 p.m.,Martes,Campero,Particular,Conductor,Femenino,No,Sin Registro,Solo Daños,Choque,Desobedecer senales,Calle 45 B Sur Carrera 43,La Paz,Urbana,"(6.164485785, -75.59467842)"
2162277,08/30/2016,3:45 p.m.,Martes,Automovil,Particular,Conductor,Masculino,No,Sin Registro,Solo Daños,Choque,Desobedecer senales,Calle 45 B Sur Carrera 43,La Paz,Urbana,"(6.164485785, -75.59467842)"
2162251,08/30/2016,4:30 p.m.,Martes,Automovil,Particular,Conductor,Masculino,No,Sin Registro,Solo Daños,Choque,No mantener distancia de seguridad,Calle 40  Sur Carrera 42,El Dorado,Urbana,
2162251,08/30/2016,4:30 p.m.,Martes,Campero,Particular,Conductor,Femenino,No,Sin Registro,Solo Daños,Choque,No mantener distancia de seguridad,Calle 40  Sur Carrera 42,El Dorado,Urbana,
2162255,08/30/2016,5:30 p.m.,Martes,Automovil,Particular,Conductor,Masculino,No,Sin Registro,Solo Daños,Choque,No mantener distancia de seguridad,Calle 25  Sur Carrera 45,Zuñiga,Urbana,"(6.182658265, -75.58204251)"
2162255,08/30/2016,5:30 p.m.,Martes,Motocicleta,Particular,Motociclista,Masculino,No,Sin Registro,Solo Daños,Choque,No mantener distancia de seguridad,Calle 25  Sur Carrera 45,Zuñiga,Urbana,"(6.182658265, -75.58204251)"
2162256,08/30/2016,5:50 p.m.,Martes,Automovil,Particular,Conductor,Masculino,No,Sin Registro,Solo Daños,Choque,Adelantar cerrando,Calle 37  Sur Carrera 49,Las Vegas,Urbana,"(6.174789471, -75.59420424)"
2162256,08/30/2016,5:50 p.m.,Martes,Camioneta,Particular,Conductor,Masculino,No,Sin Registro,Solo Daños,Choque,Adelantar cerrando,Calle 37  Sur Carrera 49,Las Vegas,Urbana,"(6.174789471, -75.59420424)"
2162249,08/30/2016,7:20 p.m.,Martes,Automovil,Particular,Conductor,Femenino,No,Sin Registro,Solo Daños,Choque,No mantener distancia de seguridad,Calle 38  Sur Carrera 39,Zona Centro,Urbana,"(6.16839174, -75.5852478)"
2162249,08/30/2016,7:20 p.m.,Martes,Motocicleta,Particular,Motociclista,Sin registro,No,Sin Registro,Solo Daños,Choque,No mantener distancia de seguridad,Calle 38  Sur Carrera 39,Zona Centro,Urbana,"(6.16839174, -75.5852478)"
2162250,08/30/2016,7:20 p.m.,Martes,Campero,Particular,Conductor,Masculino,No,Sin Registro,Solo Daños,Choque,Adelantar cerrando,Calle 36  Sur Carrera 43 A,Zona Centro,Urbana,"(6.171868319, -75.58774823)"
2162250,08/30/2016,7:20 p.m.,Martes,Automovil,Particular,Conductor,Femenino,No,Sin Registro,Solo Daños,Choque,Adelantar cerrando,Calle 36  Sur Carrera 43 A,Zona Centro,Urbana,"(6.171868319, -75.58774823)"
2163464,08/30/2016,7:40 p.m.,Martes,Automovil,Particular,Conductor,Masculino,No,Sin Registro,Solo Daños,Choque,Otra,Calle 37  Sur Carrera 32,Sin Registro,Urbana,"(6.166691719, -75.58118599)"
2163464,08/30/2016,7:40 p.m.,Martes,Automovil,Diplomatico,Conductor,Masculino,No,Sin Registro,Solo Daños,Choque,Otra,Calle 37  Sur Carrera 32,Sin Registro,Urbana,"(6.166691719, -75.58118599)"
2162261,08/31/2016,7:55 a.m.,Miércoles,Motocicleta,Particular,Motociclista,Femenino,No,Sin Registro,Herido,Atropello,Impericia en el manejo,Calle 37  Sur Carrera 48,Las Vegas,Urbana,"(6.17412211, -75.59306111)"
2162278,08/31/2016,10:30 a.m.,Miércoles,Motocicleta,Particular,Motociclista,Masculino,No,Sin Registro,Solo Daños,Choque,No respetar prelacion,Calle 36 D Sur Carrera 27,Vereda El Escobero,Urbana,"(6.162479576, -75.57022257)"
2162278,08/31/2016,10:30 a.m.,Miércoles,Automovil,Publico,Conductor,Masculino,No,Sin Registro,Solo Daños,Choque,No respetar prelacion,Calle 36 D Sur Carrera 27,Vereda El Escobero,Urbana,"(6.162479576, -75.57022257)"
2162272,08/31/2016,11:50 a.m.,Miércoles,Motocicleta,Particular,Motociclista,Masculino,No,Sin Registro,Solo Daños,Choque,Otra,Calle 38  Sur Carrera 32,Mesa,Urbana,"(6.166011939, -75.58158121)"
2162272,08/31/2016,11:50 a.m.,Miércoles,Automovil,Publico,Conductor,Masculino,No,Sin Registro,Solo Daños,Choque,Otra,Calle 38  Sur Carrera 32,Mesa,Urbana,"(6.166011939, -75.58158121)"
2162273,08/31/2016,12:05 p.m.,Miércoles,Automovil,Diplomatico,Conductor,Femenino,No,Sin Registro,Herido,Choque,No respetar prelacion,Calle 39  Sur Carrera 29 A,San Jose,Urbana,"(6.164019418, -75.58120807)"
2162273,08/31/2016,12:05 p.m.,Miércoles,Motocicleta,Particular,Motociclista,Masculino,No,Sin Registro,Herido,Choque,No respetar prelacion,Calle 39  Sur Carrera 29 A,San Jose,Urbana,"(6.164019418, -75.58120807)"
2162267,08/31/2016,1:00 p.m.,Miércoles,Camioneta,Particular,Conductor,Masculino,No,Sin Registro,Solo Daños,Choque,Reverso imprudente,Calle 43 A Sur Carrera 43 A,Primavera,Urbana,"(6.166401394, -75.59238411)"
2162267,08/31/2016,1:00 p.m.,Miércoles,Motocicleta,Particular,Motociclista,Masculino,No,Sin Registro,Solo Daños,Choque,Reverso imprudente,Calle 43 A Sur Carrera 43 A,Primavera,Urbana,"(6.166401394, -75.59238411)"
2162283,08/31/2016,1:25 p.m.,Miércoles,Motocicleta,Particular,Motociclista,Masculino,No,Sin Registro,Herido,Choque,Desobedecer senales,Calle 46  Sur Carrera 42 B,La Paz,Urbana,"(6.162405159, -75.59434952)"
2162283,08/31/2016,1:25 p.m.,Miércoles,Camioneta,Publico,Conductor,Masculino,No,Sin Registro,Herido,Choque,Desobedecer senales,Calle 46  Sur Carrera 42 B,La Paz,Urbana,"(6.162405159, -75.59434952)"
2162279,08/31/2016,3:21 p.m.,Miércoles,Automovil,Particular,Conductor,Masculino,No,Sin Registro,Solo Daños,Choque,Adelantar en zona prohibida,Calle 39 A Sur Carrera 46,Zona Centro,Urbana,"(6.170082274, -75.59291438)"
2162279,08/31/2016,3:21 p.m.,Miércoles,Motocicleta,Particular,Motociclista,Masculino,No,Sin Registro,Solo Daños,Choque,Adelantar en zona prohibida,Calle 39 A Sur Carrera 46,Zona Centro,Urbana,"(6.170082274, -75.59291438)"
2162268,08/31/2016,4:30 p.m.,Miércoles,Motocicleta,Particular,Motociclista,Masculino,No,Sin Registro,Herido,Choque,Otra,Diagonal 31 Transversal 36  Sur,La Pradera,Urbana,"(6.168204377, -75.58020514)"
2162268,08/31/2016,4:30 p.m.,Miércoles,Bus,Publico,Conductor,Masculino,No,Sin Registro,Herido,Choque,Otra,Diagonal 31 Transversal 36  Sur,La Pradera,Urbana,"(6.168204377, -75.58020514)"
2162269,08/31/2016,5:07 p.m.,Miércoles,Automovil,Particular,Conductor,Masculino,No,Sin Registro,Solo Daños,Choque,Transitar entre vehiculos,Calle 38  Sur Carrera 44,Zona Centro,Urbana,"(6.170783841, -75.58925878)"
2162269,08/31/2016,5:07 p.m.,Miércoles,Motocicleta,Particular,Motociclista,Masculino,No,Sin Registro,Solo Daños,Choque,Transitar entre vehiculos,Calle 38  Sur Carrera 44,Zona Centro,Urbana,"(6.170783841, -75.58925878)"
2162270,08/31/2016,5:45 p.m.,Miércoles,Camioneta,Publico,Conductor,Masculino,No,Sin Registro,Solo Daños,Choque,Adelantar cerrando,Calle 31  Sur Carrera 48,Las Vegas,Urbana,
2162270,08/31/2016,5:45 p.m.,Miércoles,Motocicleta,Particular,Motociclista,Femenino,No,Sin Registro,Solo Daños,Choque,Adelantar cerrando,Calle 31  Sur Carrera 48,Las Vegas,Urbana,
2162260,08/31/2016,7:45 p.m.,Miércoles,Motocicleta,Particular,Motociclista,Femenino,No,Sin Registro,Herido,Otro,Impericia en el manejo,Calle 41  Sur Carrera 25 A,La Mina,Urbana,"(6.154531978, -75.58434641)"
2162263,08/31/2016,8:00 p.m.,Miércoles,Automovil,Particular,Conductor,Masculino,No,Sin Registro,Solo Daños,Choque,No respetar prelacion,Calle 37  Sur Carrera 48,Las Vegas,Urbana,"(6.17412211, -75.59306111)"
2162263,08/31/2016,8:00 p.m.,Miércoles,Campero,Oficial,Conductor,Masculino,No,Sin Registro,Solo Daños,Choque,No respetar prelacion,Calle 37  Sur Carrera 48,Las Vegas,Urbana,"(6.17412211, -75.59306111)"
2162259,08/31/2016,9:50 p.m.,Miércoles,Motocicleta,Particular,Motociclista,Masculino,No,Sin Registro,Herido,Caida Ocupante,Impericia en el manejo,Calle 40  Sur Carrera 48,Las Vegas,Urbana,"(6.158744179, -75.59459712)"
2162262,08/31/2016,10:40 p.m.,Miércoles,Motocicleta,Particular,Motociclista,Femenino,No,Sin Registro,Herido,Caida Ocupante,Impericia en el manejo,Calle 31  Sur Carrera 50,Las Vegas,Urbana,
2162276,01/09/2016,7:45 a.m.,Jueves,Automovil,Particular,Conductor,Masculino,No,Sin Registro,Solo Daños,Choque,Exceso de velocidad,Tramo 371 Kilometro  1,Vereda El Escobero,Rural,
2162276,01/09/2016,7:45 a.m.,Jueves,Automovil,Particular,Conductor,Masculino,No,Sin Registro,Solo Daños,Choque,Exceso de velocidad,Tramo 371 Kilometro  1,Vereda El Escobero,Rural,
2162276,01/09/2016,7:45 a.m.,Jueves,Automovil,Particular,Conductor,Femenino,No,Sin Registro,Solo Daños,Choque,Exceso de velocidad,Tramo 371 Kilometro  1,Vereda El Escobero,Rural,
2162281,01/09/2016,10:15 a.m.,Jueves,Automovil,Particular,Conductor,Masculino,No,Sin Registro,Solo Daños,Choque,Exceso de velocidad,Tramo 372 Kilometro  12,Vereda Palmas,Rural,
2162275,01/09/2016,1:30 p.m.,Jueves,Automovil,Particular,Conductor,Sin registro,No,Sin Registro,Herido,Choque,No respetar prelacion,Calle 37  Sur Carrera 41,Zona Centro,Urbana,"(6.169855492, -75.58619601)"
2162275,01/09/2016,1:30 p.m.,Jueves,Motocicleta,Particular,Motociclista,Femenino,No,Sin Registro,Herido,Choque,No respetar prelacion,Calle 37  Sur Carrera 41,Zona Centro,Urbana,"(6.169855492, -75.58619601)"
2162286,01/09/2016,2:25 p.m.,Jueves,Motocicleta,Particular,Motociclista,Masculino,No,Sin Registro,Solo Daños,Choque,Adelantar en zona prohibida,Calle 46 A Sur Carrera 49,Zona Centro,Urbana,"(6.167038176, -75.60081726)"
2162286,01/09/2016,2:25 p.m.,Jueves,Automovil,Particular,Conductor,Femenino,No,Sin Registro,Solo Daños,Choque,Adelantar en zona prohibida,Calle 46 A Sur Carrera 49,Zona Centro,Urbana,"(6.167038176, -75.60081726)"
2162282,01/09/2016,3:15 p.m.,Jueves,Automovil,Particular,Conductor,Masculino,No,Sin Registro,Herido,Atropello,Cruzar sin observar,Calle 44  Sur Carrera 43 A,Milan Vallejuelos,Urbana,"(6.165598746, -75.59402113)"
2162282,01/09/2016,3:15 p.m.,Jueves,Automovil,Particular,Conductor,Masculino,No,Sin Registro,Herido,Atropello,Exceso de velocidad,Calle 44  Sur Carrera 43 A,Milan Vallejuelos,Urbana,"(6.165598746, -75.59402113)"
2162280,01/09/2016,6:40 p.m.,Jueves,Automovil,Publico,Conductor,Masculino,No,Sin Registro,Solo Daños,Choque,Transitar entre vehiculos,Calle 37  Sur Carrera 43,Zona Centro,Urbana,"(6.170662973, -75.58744852)"
2162280,01/09/2016,6:40 p.m.,Jueves,Automovil,Particular,Conductor,Femenino,No,Sin Registro,Solo Daños,Choque,Adelantar cerrando,Calle 37  Sur Carrera 43,Zona Centro,Urbana,"(6.170662973, -75.58744852)"
2162280,01/09/2016,6:40 p.m.,Jueves,Automovil,Particular,Conductor,Femenino,No,Sin Registro,Solo Daños,Choque,Transitar entre vehiculos,Calle 37  Sur Carrera 43,Zona Centro,Urbana,"(6.170662973, -75.58744852)"
2162280,01/09/2016,6:40 p.m.,Jueves,Motocicleta,Particular,Motociclista,Masculino,No,Sin Registro,Solo Daños,Choque,Adelantar cerrando,Calle 37  Sur Carrera 43,Zona Centro,Urbana,"(6.170662973, -75.58744852)"
2162280,01/09/2016,6:40 p.m.,Jueves,Motocicleta,Particular,Motociclista,Masculino,No,Sin Registro,Solo Daños,Choque,Transitar entre vehiculos,Calle 37  Sur Carrera 43,Zona Centro,Urbana,"(6.170662973, -75.58744852)"
2162280,01/09/2016,6:40 p.m.,Jueves,Automovil,Publico,Conductor,Masculino,No,Sin Registro,Solo Daños,Choque,Adelantar cerrando,Calle 37  Sur Carrera 43,Zona Centro,Urbana,"(6.170662973, -75.58744852)"
2162297,01/09/2016,7:15 p.m.,Jueves,Motocicleta,Diplomatico,Motociclista,Masculino,No,Sin Registro,Herido,Choque,Semaforo en rojo,Diagonal 31 Transversal 34 D,Obrero,Urbana,"(6.17201459, -75.57921611)"
2162297,01/09/2016,7:15 p.m.,Jueves,Motocicleta,Particular,Motociclista,Masculino,No,Sin Registro,Herido,Choque,Semaforo en rojo,Diagonal 31 Transversal 34 D,Obrero,Urbana,"(6.17201459, -75.57921611)"
2162289,01/09/2016,7:30 p.m.,Jueves,Motocicleta,Particular,Motociclista,Masculino,No,Sin Registro,Herido,Atropello,Cruzar sin observar,Calle 23  Sur Carrera 27,La Inmaculada,Urbana,"(6.176668041, -75.56752563)"
2162274,01/09/2016,9:45 p.m.,Jueves,Bus,Publico,Conductor,Masculino,No,Sin Registro,Herido,Choque,Semaforo en rojo,Calle 38  Sur Carrera 40,Zona Centro,Urbana,"(6.16879573, -75.58588978)"
2162274,01/09/2016,9:45 p.m.,Jueves,Bicicleta,Particular,Ciclista,Masculino,No,Sin Registro,Herido,Choque,Semaforo en rojo,Calle 38  Sur Carrera 40,Zona Centro,Urbana,"(6.16879573, -75.58588978)"
2162274,01/09/2016,9:45 p.m.,Jueves,Motocicleta,Particular,Motociclista,Masculino,No,Sin Registro,Herido,Choque,Semaforo en rojo,Calle 38  Sur Carrera 40,Zona Centro,Urbana,"(6.16879573, -75.58588978)"
2162309,02/09/2016,5:30 a.m.,Viernes,Motocicleta,Particular,Motociclista,Masculino,No,Sin Registro,Solo Daños,Choque,No mantener distancia de seguridad,Calle 39  Sur Carrera 50,Las Vegas,Urbana,
2162309,02/09/2016,5:30 a.m.,Viernes,Tractocamion,Publico,Conductor,Masculino,No,Sin Registro,Solo Daños,Choque,No mantener distancia de seguridad,Calle 39  Sur Carrera 50,Las Vegas,Urbana,
2162293,02/09/2016,6:55 a.m.,Viernes,Motocicleta,Particular,Motociclista,Masculino,No,Sin Registro,Herido,Choque,Desobedecer senales,Calle 38  Sur Carrera 26,Mesa,Urbana,"(6.157269643, -75.57805787)"
2162293,02/09/2016,6:55 a.m.,Viernes,Automovil,Particular,Conductor,Femenino,No,Sin Registro,Herido,Choque,Desobedecer senales,Calle 38  Sur Carrera 26,Mesa,Urbana,"(6.157269643, -75.57805787)"
2162298,02/09/2016,7:00 a.m.,Viernes,Automovil,Particular,Conductor,Masculino,No,Sin Registro,Solo Daños,Choque,No respetar prelacion,Calle 37 B Sur Carrera 28,Loma De Las Brujas,Urbana,"(6.164360036, -75.57879461)"
2162298,02/09/2016,7:00 a.m.,Viernes,Motocicleta,Particular,Motociclista,Sin registro,No,Sin Registro,Solo Daños,Choque,No respetar prelacion,Calle 37 B Sur Carrera 28,Loma De Las Brujas,Urbana,"(6.164360036, -75.57879461)"
2162313,02/09/2016,7:50 a.m.,Viernes,Automovil,Particular,Conductor,Femenino,No,Sin Registro,Solo Daños,Choque,Desobedecer senales,Calle 37  Sur Carrera 50,Las Vegas,Urbana,
2162313,02/09/2016,7:50 a.m.,Viernes,Camion,Publico,Conductor,Masculino,No,Sin Registro,Solo Daños,Choque,Desobedecer senales,Calle 37  Sur Carrera 50,Las Vegas,Urbana,
2162299,02/09/2016,10:50 a.m.,Viernes,Campero,Particular,Conductor,Masculino,No,Sin Registro,Solo Daños,Choque,No respetar prelacion,Calle 37  Sur Carrera 49,Las Vegas,Urbana,"(6.174789471, -75.59420424)"
2162299,02/09/2016,10:50 a.m.,Viernes,Automovil,Particular,Conductor,Femenino,No,Sin Registro,Solo Daños,Choque,No respetar prelacion,Calle 37  Sur Carrera 49,Las Vegas,Urbana,"(6.174789471, -75.59420424)"
2162295,02/09/2016,1:50 p.m.,Viernes,Motocicleta,Particular,Motociclista,Masculino,No,Sin Registro,Solo Daños,Choque,Adelantar en zona prohibida,Calle 50  Sur Carrera 48,Las Vegas,Urbana,
2162295,02/09/2016,1:50 p.m.,Viernes,Camioneta,Particular,Conductor,Femenino,No,Sin Registro,Solo Daños,Choque,Adelantar en zona prohibida,Calle 50  Sur Carrera 48,Las Vegas,Urbana,
2162285,02/09/2016,2:20 p.m.,Viernes,Microbus,Publico,Conductor,Masculino,No,Sin Registro,Solo Daños,Choque,Reverso imprudente,Calle 26  Sur Carrera 43 A,Villa Grande,Urbana,"(6.180841534, -75.58293815)"
2162285,02/09/2016,2:20 p.m.,Viernes,Automovil,Particular,Conductor,Femenino,No,Sin Registro,Solo Daños,Choque,Reverso imprudente,Calle 26  Sur Carrera 43 A,Villa Grande,Urbana,"(6.180841534, -75.58293815)"
2162302,02/09/2016,4:20 p.m.,Viernes,Motocicleta,Particular,Motociclista,Femenino,No,Sin Registro,Herido,Choque,Exceso de velocidad,Tramo 12 Kilometro  16,Vereda Palmas,Rural,
2162302,02/09/2016,4:20 p.m.,Viernes,Automovil,Particular,Conductor,Masculino,No,Sin Registro,Herido,Choque,No respetar prelacion,Tramo 12 Kilometro  16,Vereda Palmas,Rural,
2162302,02/09/2016,4:20 p.m.,Viernes,Automovil,Particular,Conductor,Masculino,No,Sin Registro,Herido,Choque,Exceso de velocidad,Tramo 12 Kilometro  16,Vereda Palmas,Rural,
2162302,02/09/2016,4:20 p.m.,Viernes,Motocicleta,Particular,Motociclista,Femenino,No,Sin Registro,Herido,Choque,No respetar prelacion,Tramo 12 Kilometro  16,Vereda Palmas,Rural,
2162290,02/09/2016,4:50 p.m.,Viernes,Motocicleta,Particular,Motociclista,Masculino,No,Sin Registro,Herido,Choque,Exceso de velocidad,Tramo 192 Kilometro  16,Vereda Palmas,Rural,
2162290,02/09/2016,4:50 p.m.,Viernes,Camioneta,Particular,Conductor,Masculino,No,Sin Registro,Herido,Choque,Exceso de velocidad,Tramo 192 Kilometro  16,Vereda Palmas,Rural,
2162296,02/09/2016,5:10 p.m.,Viernes,Camion,Publico,Conductor,Masculino,No,Sin Registro,Herido,Choque,Transitar entre vehiculos,Calle 48  Sur Carrera 50,Las Vegas,Urbana,
2162296,02/09/2016,5:10 p.m.,Viernes,Motocicleta,Particular,Motociclista,Masculino,No,Sin Registro,Herido,Choque,Transitar entre vehiculos,Calle 48  Sur Carrera 50,Las Vegas,Urbana,
2162291,02/09/2016,5:50 p.m.,Viernes,Motocicleta,Particular,Motociclista,Masculino,No,Sin Registro,Herido,Atropello,Cruzar sin observar,Calle 44  Sur Carrera 46 A,Alcala,Urbana,"(6.166598302, -75.59740688)"