RADICADO,FECHA,HORA,DÍA DE LA SEMANA,CLASE DE VEHICULO,TIPO DE SERVICIO,TIPO DE VICTIMA,SEXO,ESTADO DE BEODEZ,RESULTADO DE BEODEZ,GRAVEDAD,CLASE DE ACCIDENTE,CAUSA,DIRECCIÓN,BARRIO,AREA,Coordenadas
2162353,08/09/2016,2:50 p.m.,Jueves,Automovil,Particular,Conductor,Masculino,No,Sin Registro,Solo Daños,Choque,No respetar prelacion,Calle 44  Sur Carrera 43,Alcala,Urbana,"(6.165598746, -75.59402113)"
2162382,08/09/2016,3:45 p.m.,Jueves,Motocicleta,Particular,Motociclista,Masculino,No,Sin Registro,Herido,Atropello,Cruzar sin observar,Calle 36  Sur Carrera 40,Zona Centro,Urbana,"(6.170187625, -75.58505766)"
2162382,08/09/2016,3:45 p.m.,Jueves,Motocicleta,Particular,Motociclista,Masculino,No,Sin Registro,Herido,Atropello,Impericia en el manejo,Calle 36  Sur Carrera 40,Zona Centro,Urbana,"(6.170187625, -75.58505766)"
2162377,08/09/2016,4:40 p.m.,Jueves,Automovil,Publico,Conductor,Masculino,No,Sin Registro,Solo Daños,Choque,No respetar prelacion,Calle 48 C Sur Carrera 42 A,Loma Del Barro,Urbana,"(6.159138282, -75.59625971)"
2162377,08/09/2016,4:40 p.m.,Jueves,Motocicleta,Particular,Motociclista,Masculino,No,Sin Registro,Solo Daños,Choque,No respetar prelacion,Calle 48 C Sur Carrera 42 A,Loma Del Barro,Urbana,"(6.159138282, -75.59625971)"
2162356,08/09/2016,6:15 p.m.,Jueves,Motocicleta,Particular,Motociclista,Masculino,No,Sin Registro,Solo Daños,Choque,Adelantar en zona prohibida,Calle 40 B Sur Carrera 39 A,El Dorado,Urbana,"(6.165386968, -75.58718501)"
2162356,08/09/2016,6:15 p.m.,Jueves,Automovil,Particular,Conductor,Femenino,No,Sin Registro,Solo Daños,Choque,Adelantar en zona prohibida,Calle 40 B Sur Carrera 39 A,El Dorado,Urbana,"(6.165386968, -75.58718501)"
2162370,08/09/2016,7:15 p.m.,Jueves,Automovil,Particular,Conductor,Femenino,No,Sin Registro,Herido,Choque,Adelantar por la derecha,Calle 25  Sur Carrera 46,Villa Grande,Urbana,"(6.183044029, -75.5826185)"
2162370,08/09/2016,7:15 p.m.,Jueves,Motocicleta,Particular,Motociclista,Femenino,No,Sin Registro,Herido,Choque,Adelantar por la derecha,Calle 25  Sur Carrera 46,Villa Grande,Urbana,"(6.183044029, -75.5826185)"
2162348,08/09/2016,7:20 p.m.,Jueves,Motocicleta,Particular,Motociclista,Masculino,No,Sin Registro,Solo Daños,Choque,No mantener distancia de seguridad,Calle 37  Sur Carrera 50,Las Vegas,Urbana,
2162348,08/09/2016,7:20 p.m.,Jueves,Automovil,Particular,Conductor,Femenino,No,Sin Registro,Solo Daños,Choque,No mantener distancia de seguridad,Calle 37  Sur Carrera 50,Las Vegas,Urbana,
2162362,08/09/2016,9:05 p.m.,Jueves,Automovil,Particular,Conductor,Masculino,No,Sin Registro,Solo Daños,Choque,Transitar entre vehiculos,Calle 50  Sur Carrera 48,Las Vegas,Urbana,
2162362,08/09/2016,9:05 p.m.,Jueves,Motocicleta,Particular,Motociclista,Femenino,No,Sin Registro,Solo Daños,Choque,Transitar entre vehiculos,Calle 50  Sur Carrera 48,Las Vegas,Urbana,
2162357,08/09/2016,9:10 p.m.,Jueves,Automovil,Publico,Conductor,Masculino,No,Sin Registro,Solo Daños,Choque,No mantener distancia de seguridad,Calle 26  Sur Carrera 50,Las Vegas,Urbana,
2162357,08/09/2016,9:10 p.m.,Jueves,Bicicleta,Particular,Ciclista,Masculino,No,Sin Registro,Solo Daños,Choque,No hacer uso de senales reflectivas o luminosas,Calle 26  Sur Carrera 50,Las Vegas,Urbana,
2162357,08/09/2016,9:10 p.m.,Jueves,Bicicleta,Particular,Ciclista,Masculino,No,Sin Registro,Solo Daños,Choque,No mantener distancia de seguridad,Calle 26  Sur Carrera 50,Las Vegas,Urbana,
2162357,08/09/2016,9:10 p.m.,Jueves,Automovil,Publico,Conductor,Masculino,No,Sin Registro,Solo Daños,Choque,No hacer uso de senales reflectivas o luminosas,Calle 26  Sur Carrera 50,Las Vegas,Urbana,
2162347,08/09/2016,10:00 p.m.,Jueves,Automovil,Publico,Conductor,Masculino,No,Sin Registro,Herido,Choque,Semaforo en rojo,Calle 40 B Sur Carrera 40 A,El Dorado,Urbana,"(6.165969162, -75.58780013)"
2162347,08/09/2016,10:00 p.m.,Jueves,Motocicleta,Particular,Motociclista,Masculino,No,Sin Registro,Herido,Choque,Semaforo en rojo,Calle 40 B Sur Carrera 40 A,El Dorado,Urbana,"(6.165969162, -75.58780013)"
2162394,09/09/2016,4:50 a.m.,Viernes,Automovil,Particular,Conductor,Femenino,No,Sin Registro,Herido,Atropello,Cruzar sin observar,Calle 39  Sur Carrera 25,El Chinguí,Urbana,"(6.157563812, -75.57922413)"
2163145,09/09/2016,5:13 a.m.,Viernes,Automovil,Particular,Conductor,Masculino,No,Sin Registro,Solo Daños,Choque,Otra,Diagonal 33 Transversal 34 E,Sin Registro,Urbana,"(6.172651904, -75.58382242)"
2163145,09/09/2016,5:13 a.m.,Viernes,Bus,Publico,Conductor,Femenino,No,Sin Registro,Solo Daños,Choque,Otra,Diagonal 33 Transversal 34 E,Sin Registro,Urbana,"(6.172651904, -75.58382242)"
2162391,09/09/2016,6:20 a.m.,Viernes,Automovil,Particular,Conductor,Femenino,No,Sin Registro,Herido,Choque,No mantener distancia de seguridad,Calle 26  Sur Carrera 50,Las Vegas,Urbana,
2162391,09/09/2016,6:20 a.m.,Viernes,Automovil,Particular,Conductor,Masculino,No,Sin Registro,Herido,Choque,No mantener distancia de seguridad,Calle 26  Sur Carrera 50,Las Vegas,Urbana,
2162391,09/09/2016,6:20 a.m.,Viernes,Campero,Particular,Conductor,Femenino,No,Sin Registro,Herido,Choque,No mantener distancia de seguridad,Calle 26  Sur Carrera 50,Las Vegas,Urbana,
2162391,09/09/2016,6:20 a.m.,Viernes,Automovil,Particular,Conductor,Masculino,No,Sin Registro,Herido,Choque,No mantener distancia de seguridad,Calle 26  Sur Carrera 50,Las Vegas,Urbana,
2162393,09/09/2016,9:40 a.m.,Viernes,Automovil,Particular,Conductor,Femenino,No,Sin Registro,Solo Daños,Choque,No mantener distancia de seguridad,Calle 39 A Sur Carrera 50,Las Vegas,Urbana,
2162361,09/09/2016,9:47 a.m.,Viernes,Camion,Publico,Conductor,Masculino,No,Sin Registro,Solo Daños,Choque,Exceso de velocidad,Calle 39  Sur Carrera 43,Zona Centro,Urbana,"(6.168678771, -75.58876156)"
2162361,09/09/2016,9:47 a.m.,Viernes,Camioneta,Publico,Conductor,Masculino,No,Sin Registro,Solo Daños,Choque,Exceso de velocidad,Calle 39  Sur Carrera 43,Zona Centro,Urbana,"(6.168678771, -75.58876156)"
2162369,09/09/2016,10:10 a.m.,Viernes,Motocicleta,Particular,Motociclista,Masculino,No,Sin Registro,Herido,Choque,No mantener distancia de seguridad,Calle 36  Sur Carrera 25,El Chocho,Urbana,"(6.167194335, -75.56482628)"
2162369,09/09/2016,10:10 a.m.,Viernes,Motocicleta,Particular,Motociclista,Femenino,No,Sin Registro,Herido,Choque,No mantener distancia de seguridad,Calle 36  Sur Carrera 25,El Chocho,Urbana,"(6.167194335, -75.56482628)"
2162372,09/09/2016,1:00 p.m.,Viernes,Automovil,Particular,Conductor,Femenino,No,Sin Registro,Herido,Otro,Exceso de velocidad,Tramo 372 Kilometro  12,Vereda Palmas,Rural,
2162378,09/09/2016,3:10 p.m.,Viernes,Automovil,Particular,Conductor,Femenino,No,Sin Registro,Solo Daños,Choque,No mantener distancia de seguridad,Calle 38 A Sur Carrera 48,Las Vegas,Urbana,"(6.168560755, -75.58701537)"
2162378,09/09/2016,3:10 p.m.,Viernes,Motocicleta,Particular,Motociclista,Masculino,No,Sin Registro,Solo Daños,Choque,No mantener distancia de seguridad,Calle 38 A Sur Carrera 48,Las Vegas,Urbana,"(6.168560755, -75.58701537)"
2162365,09/09/2016,3:30 p.m.,Viernes,Automovil,Particular,Conductor,Masculino,No,Sin Registro,Solo Daños,Choque,No mantener distancia de seguridad,Calle 39  Sur Carrera 39,Zona Centro,Urbana,"(6.166978259, -75.58604492)"
2162365,09/09/2016,3:30 p.m.,Viernes,Campero,Particular,Conductor,Femenino,No,Sin Registro,Solo Daños,Choque,No mantener distancia de seguridad,Calle 39  Sur Carrera 39,Zona Centro,Urbana,"(6.166978259, -75.58604492)"
2162367,09/09/2016,4:20 p.m.,Viernes,Automovil,Particular,Conductor,Femenino,No,Sin Registro,Solo Daños,Choque,Adelantar cerrando,Calle 37 B Sur Carrera 27 B,Loma De Las Brujas,Urbana,"(6.161472845, -75.57610787)"
2162367,09/09/2016,4:20 p.m.,Viernes,Motocicleta,Diplomatico,Motociclista,Masculino,No,Sin Registro,Solo Daños,Choque,Adelantar cerrando,Calle 37 B Sur Carrera 27 B,Loma De Las Brujas,Urbana,"(6.161472845, -75.57610787)"
2162359,09/09/2016,10:10 p.m.,Viernes,Automovil,Particular,Conductor,Masculino,No,Sin Registro,Solo Daños,Choque,Desobedecer senales,Calle 33 B Sur Carrera 33 B,Zona Centro,Urbana,"(6.173020436, -75.58406146)"
2162359,09/09/2016,10:10 p.m.,Viernes,Motocicleta,Particular,Motociclista,Masculino,No,Sin Registro,Solo Daños,Choque,Desobedecer senales,Calle 33 B Sur Carrera 33 B,Zona Centro,Urbana,"(6.173020436, -75.58406146)"
2162363,09/09/2016,10:30 p.m.,Viernes,Automovil,Particular,Conductor,Masculino,No,Sin Registro,Solo Daños,Choque,Adelantar cerrando,Calle 31 A Sur Carrera 43 A,San Marcos,Urbana,"(6.17641909, -75.58556133)"
2162363,09/09/2016,10:30 p.m.,Viernes,Camioneta,Particular,Conductor,Femenino,No,Sin Registro,Solo Daños,Choque,Adelantar cerrando,Calle 31 A Sur Carrera 43 A,San Marcos,Urbana,"(6.17641909, -75.58556133)"
2162389,10/09/2016,4:15 a.m.,Sábado,Automovil,Publico,Conductor,Masculino,No,Sin Registro,Solo Daños,Choque,Semaforo en rojo,Calle 37  Sur Carrera 43 A,Zona Centro,Urbana,"(6.171151654, -75.58815663)"
2162389,10/09/2016,4:15 a.m.,Sábado,Automovil,Publico,Conductor,Masculino,No,Sin Registro,Solo Daños,Choque,Semaforo en rojo,Calle 37  Sur Carrera 43 A,Zona Centro,Urbana,"(6.171151654, -75.58815663)"
2162371,10/09/2016,7:30 a.m.,Sábado,Campero,Particular,Conductor,Masculino,No,Sin Registro,Solo Daños,Choque,Desobedecer senales,Calle 43  Sur Carrera 48,Las Vegas,Urbana,"(6.168592602, -75.597529)"
2162371,10/09/2016,7:30 a.m.,Sábado,Automovil,Particular,Conductor,Masculino,No,Sin Registro,Solo Daños,Choque,Desobedecer senales,Calle 43  Sur Carrera 48,Las Vegas,Urbana,"(6.168592602, -75.597529)"
2162375,10/09/2016,9:50 a.m.,Sábado,Bus,Publico,Conductor,Masculino,No,Sin Registro,Solo Daños,Choque,Otra,Calle 45 C Sur Carrera 40,Las Antillas,Urbana,"(6.161670296, -75.59235049)"
2162375,10/09/2016,9:50 a.m.,Sábado,Automovil,Particular,Conductor,Masculino,No,Sin Registro,Solo Daños,Choque,Otra,Calle 45 C Sur Carrera 40,Las Antillas,Urbana,"(6.161670296, -75.59235049)"
2162395,10/09/2016,10:25 a.m.,Sábado,Automovil,Particular,Conductor,Masculino,No,Sin Registro,Solo Daños,Choque,Adelantar cerrando,Calle 39  Sur Carrera 43 A,Zona Centro,Urbana,"(6.169120914, -75.58953036)"
2162395,10/09/2016,10:25 a.m.,Sábado,Automovil,Publico,Conductor,Masculino,No,Sin Registro,Solo Daños,Choque,Adelantar cerrando,Calle 39  Sur Carrera 43 A,Zona Centro,Urbana,"(6.169120914, -75.58953036)"
2162376,10/09/2016,11:15 a.m.,Sábado,Automovil,Particular,Conductor,Femenino,No,Sin Registro,Solo Daños,Choque,No respetar prelacion,Calle 21  Sur Carrera 41,Zuñiga,Urbana,"(6.182165945, -75.57677668)"
2162376,10/09/2016,11:15 a.m.,Sábado,Motocicleta,Particular,Motociclista,Masculino,No,Sin Registro,Solo Daños,Choque,No respetar prelacion,Calle 21  Sur Carrera 41,Zuñiga,Urbana,"(6.182165945, -75.57677668)"
2162379,10/09/2016,11:15 a.m.,Sábado,Bus,Publico,Conductor,Masculino,No,Sin Registro,Solo Daños,Choque,Adelantar cerrando,Calle 39  Sur Carrera 43 A,Alcala,Urbana,"(6.169120914, -75.58953036)"
2162379,10/09/2016,11:15 a.m.,Sábado,Camioneta,Particular,Conductor,Masculino,No,Sin Registro,Solo Daños,Choque,Adelantar cerrando,Calle 39  Sur Carrera 43 A,Alcala,Urbana,"(6.169120914, -75.58953036)"
2162397,10/09/2016,12:15 p.m.,Sábado,Automovil,Particular,Conductor,Femenino,No,Sin Registro,Herido,Atropello,Cruzar sin observar,Calle 35  Sur Carrera 43 A,San Marcos,Urbana,"(6.17249645, -75.58732833)"
2162397,10/09/2016,12:15 p.m.,Sábado,Automovil,Particular,Conductor,Femenino,No,Sin Registro,Herido,Atropello,Poner en marcha un vehiculo sin precauci,Calle 35  Sur Carrera 43 A,San Marcos,Urbana,"(6.17249645, -75.58732833)"
2162380,10/09/2016,1:20 p.m.,Sábado,Automovil,Particular,Conductor,Femenino,No,Sin Registro,Solo Daños,Choque,Reverso imprudente,Calle 38  Sur Carrera 46,Zona Centro,Urbana,"(6.171966643, -75.59136974)"
2162380,10/09/2016,1:20 p.m.,Sábado,Camioneta,Particular,Conductor,Femenino,No,Sin Registro,Solo Daños,Choque,Reverso imprudente,Calle 38  Sur Carrera 46,Zona Centro,Urbana,"(6.171966643, -75.59136974)"
2162752,10/09/2016,2:00 p.m.,Sábado,Motocicleta,Particular,Motociclista,Sin registro,No,Sin Registro,Herido,Atropello,Otra,Diagonal 31 Transversal 34 D Sur,Manuel Uribe Angel,Urbana,"(6.17201459, -75.57921611)"
2162355,10/09/2016,2:40 p.m.,Sábado,Automovil,Particular,Conductor,Masculino,No,Sin Registro,Herido,Choque,Transitar entre vehiculos,Calle 35  Sur Carrera 50,Las Vegas,Urbana,
2162355,10/09/2016,2:40 p.m.,Sábado,Motocicleta,Particular,Motociclista,Masculino,No,Sin Registro,Herido,Choque,Transitar entre vehiculos,Calle 35  Sur Carrera 50,Las Vegas,Urbana,
2162355,10/09/2016,2:40 p.m.,Sábado,Automovil,Particular,Conductor,Masculino,No,Sin Registro,Herido,Choque,Transitar entre vehiculos,Calle 35  Sur Carrera 50,Las Vegas,Urbana,
2162355,10/09/2016,2:40 p.m.,Sábado,Motocicleta,Particular,Motociclista,Femenino,No,Sin Registro,Herido,Choque,Transitar entre vehiculos,Calle 35  Sur Carrera 50,Las Vegas,Urbana,
2162355,10/09/2016,2:40 p.m.,Sábado,Camioneta,Particular,Conductor,Masculino,No,Sin Registro,Herido,Choque,Transitar entre vehiculos,Calle 35  Sur Carrera 50,Las Vegas,Urbana,
2162355,10/09/2016,2:40 p.m.,Sábado,Motocicleta,Particular,Motociclista,Masculino,No,Sin Registro,Herido,Choque,Transitar entre vehiculos,Calle 35  Sur Carrera 50,Las Vegas,Urbana,
2162374,10/09/2016,2:50 p.m.,Sábado,Automovil,Particular,Conductor,Masculino,No,Sin Registro,Solo Daños,Choque,Transitar entre vehiculos,Calle 32 B Sur Carrera 48,Las Vegas,Urbana,"(6.177255701, -75.59003137)"
2162374,10/09/2016,2:50 p.m.,Sábado,Motocicleta,Particular,Motociclista,Masculino,No,Sin Registro,Solo Daños,Choque,Transitar entre vehiculos,Calle 32 B Sur Carrera 48,Las Vegas,Urbana,"(6.177255701, -75.59003137)"
2162374,10/09/2016,2:50 p.m.,Sábado,Motocicleta,Particular,Motociclista,Masculino,No,Sin Registro,Solo Daños,Choque,Transitar entre vehiculos,Calle 32 B Sur Carrera 48,Las Vegas,Urbana,"(6.177255701, -75.59003137)"
2162390,10/09/2016,3:30 p.m.,Sábado,Automovil,Particular,Conductor,Masculino,No,Sin Registro,Solo Daños,Choque,No mantener distancia de seguridad,Calle 39 A Sur Carrera 48,Las Vegas,Urbana,"(6.168916704, -75.59147177)"
2162390,10/09/2016,3:30 p.m.,Sábado,Automovil,Particular,Conductor,Masculino,No,Sin Registro,Solo Daños,Choque,No mantener distancia de seguridad,Calle 39 A Sur Carrera 48,Las Vegas,Urbana,"(6.168916704, -75.59147177)"
2162368,10/09/2016,5:40 p.m.,Sábado,Automovil,Particular,Conductor,Femenino,No,Sin Registro,Solo Daños,Choque,Adelantar cerrando,Calle 39  Sur Carrera 27,El Chinguí,Urbana,"(6.159217585, -75.57883462)"
2162368,10/09/2016,5:40 p.m.,Sábado,Motocicleta,Particular,Motociclista,Masculino,No,Sin Registro,Solo Daños,Choque,Adelantar cerrando,Calle 39  Sur Carrera 27,El Chinguí,Urbana,"(6.159217585, -75.57883462)"
2162383,10/09/2016,9:20 p.m.,Sábado,Automovil,Particular,Conductor,Masculino,No,Sin Registro,Solo Daños,Choque,No mantener distancia de seguridad,Calle 33 B Sur Carrera 50,Las Vegas,Urbana,
2162383,10/09/2016,9:20 p.m.,Sábado,Automovil,Particular,Conductor,Masculino,No,Sin Registro,Solo Daños,Choque,No mantener distancia de seguridad,Calle 33 B Sur Carrera 50,Las Vegas,Urbana,
2162381,10/09/2016,11:30 p.m.,Sábado,Automovil,Particular,Conductor,Masculino,No,Sin Registro,Solo Daños,Choque,Otra,Calle 27 A Sur Carrera 43 A,Villa Grande,Urbana,"(6.180069628, -75.585608)"
2162381,10/09/2016,11:30 p.m.,Sábado,Automovil,Particular,Conductor,Masculino,No,Sin Registro,Solo Daños,Choque,Otra,Calle 27 A Sur Carrera 43 A,Villa Grande,Urbana,"(6.180069628, -75.585608)"
2162373,11/09/2016,8:30 a.m.,Domingo,Automovil,Particular,Conductor,Masculino,No,Sin Registro,Herido,Choque,Desobedecer senales,Calle 27  Sur Carrera 28,El Esmeraldal,Urbana,"(6.175346318, -75.5745834)"
2162373,11/09/2016,8:30 a.m.,Domingo,Motocicleta,Particular,Motociclista,Masculino,No,Sin Registro,Herido,Choque,Desobedecer senales,Calle 27  Sur Carrera 28,El Esmeraldal,Urbana,"(6.175346318, -75.5745834)"
2162400,11/09/2016,11:10 a.m.,Domingo,Motocicleta,Particular,Motociclista,Masculino,No,Sin Registro,Herido,Choque,Desobedecer senales,Calle 35  Sur Carrera 42,Zona Centro,Urbana,"(6.17174158, -75.58606857)"
2162400,11/09/2016,11:10 a.m.,Domingo,Automovil,Publico,Conductor,Masculino,No,Sin Registro,Herido,Choque,Desobedecer senales,Calle 35  Sur Carrera 42,Zona Centro,Urbana,"(6.17174158, -75.58606857)"
2162364,11/09/2016,11:15 a.m.,Domingo,Camioneta,Publico,Conductor,Masculino,No,Sin Registro,Solo Daños,Choque,Impericia en el manejo,Calle 38  Sur Carrera 44,Zona Centro,Urbana,"(6.170783841, -75.58925878)"
2162364,11/09/2016,11:15 a.m.,Domingo,Automovil,Particular,Conductor,Femenino,No,Sin Registro,Solo Daños,Choque,Impericia en el manejo,Calle 38  Sur Carrera 44,Zona Centro,Urbana,"(6.170783841, -75.58925878)"
2162387,11/09/2016,12:40 p.m.,Domingo,Automovil,Particular,Conductor,Masculino,No,Sin Registro,Solo Daños,Choque,Impericia en el manejo,Diagonal 40 Transversal 34 B,Obrero,Urbana,"(6.171277439, -75.5847512)"
2162392,11/09/2016,2:45 p.m.,Domingo,Automovil,Particular,Conductor,Masculino,No,Sin Registro,Solo Daños,Choque,Reverso imprudente,Calle 37  Sur Carrera 28,Vereda El Escobero,Urbana,"(6.165679454, -75.57834042)"
2162392,11/09/2016,2:45 p.m.,Domingo,Automovil,Particular,Conductor,Masculino,No,Sin Registro,Solo Daños,Choque,Reverso imprudente,Calle 37  Sur Carrera 28,Vereda El Escobero,Urbana,"(6.165679454, -75.57834042)"
2162360,11/09/2016,5:30 p.m.,Domingo,Automovil,Particular,Conductor,Sin registro,No,Sin Registro,Herido,Caida Ocupante,Desobedecer senales,Diagonal 33 Transversal 34 D,Obrero,Urbana,"(6.170891508, -75.58314017)"
2162360,11/09/2016,5:30 p.m.,Domingo,Motocicleta,Particular,Motociclista,Femenino,No,Sin Registro,Herido,Caida Ocupante,Desobedecer senales,Diagonal 33 Transversal 34 D,Obrero,Urbana,"(6.170891508, -75.58314017)"
2162386,11/09/2016,7:00 p.m.,Domingo,Automovil,Publico,Conductor,Masculino,No,Sin Registro,Solo Daños,Choque,Desobedecer senales,Calle 39 B Sur Carrera 29 A,Mesa,Urbana,"(6.163042511, -75.58152744)"
2162386,11/09/2016,7:00 p.m.,Domingo,Motocicleta,Particular,Motociclista,Femenino,No,Sin Registro,Solo Daños,Choque,Desobedecer senales,Calle 39 B Sur Carrera 29 A,Mesa,Urbana,"(6.163042511, -75.58152744)"
2162384,11/09/2016,8:20 p.m.,Domingo,Automovil,Particular,Conductor,Masculino,No,Sin Registro,Solo Daños,Choque,Impericia en el manejo,Calle 48 F Sur Carrera 42 D,Loma Del Barro,Urbana,"(6.157476884, -75.59803224)"
2162384,11/09/2016,8:20 p.m.,Domingo,Automovil,Particular,Conductor,Femenino,No,Sin Registro,Solo Daños,Choque,Impericia en el manejo,Calle 48 F Sur Carrera 42 D,Loma Del Barro,Urbana,"(6.157476884, -75.59803224)"
2162366,12/09/2016,12:25 a.m.,Lunes,Motocicleta,Particular,Motociclista,Masculino,No,Sin Registro,Herido,Choque,Desobedecer senales,Diagonal 32 B Transversal 34,Obrero,Urbana,"(6.172777915, -75.58223786)"
2162366,12/09/2016,12:25 a.m.,Lunes,Motocicleta,Particular,Motociclista,Sin registro,No,Sin Registro,Herido,Choque,Desobedecer senales,Diagonal 32 B Transversal 34,Obrero,Urbana,"(6.172777915, -75.58223786)"
2162402,12/09/2016,5:50 a.m.,Lunes,Camioneta,Particular,Conductor,Masculino,No,Sin Registro,Solo Daños,Choque,Desobedecer senales,Tramo 372 Kilometro  120,Vereda Palmas,Rural,
2162402,12/09/2016,5:50 a.m.,Lunes,Automovil,Particular,Conductor,Masculino,No,Sin Registro,Solo Daños,Choque,Desobedecer senales,Tramo 372 Kilometro  120,Vereda Palmas,Rural,
2162388,12/09/2016,6:00 a.m.,Lunes,Automovil,Particular,Conductor,Masculino,No,Sin Registro,Solo Daños,Choque,No mantener distancia de seguridad,Calle 25  Sur Carrera 48,Las Vegas,Urbana,
2162388,12/09/2016,6:00 a.m.,Lunes,Bus,Publico,Conductor,Masculino,No,Sin Registro,Solo Daños,Choque,No mantener distancia de seguridad,Calle 25  Sur Carrera 48,Las Vegas,Urbana,
2162396,12/09/2016,7:15 a.m.,Lunes,Automovil,Particular,Conductor,Masculino,No,Sin Registro,Solo Daños,Choque,No mantener distancia de seguridad,Calle 39  Sur Carrera 48,Las Vegas,Urbana,"(6.17373153, -75.59688397)"
2162396,12/09/2016,7:15 a.m.,Lunes,Automovil,Particular,Conductor,Masculino,No,Sin Registro,Solo Daños,Choque,No mantener distancia de seguridad,Calle 39  Sur Carrera 48,Las Vegas,Urbana,"(6.17373153, -75.59688397)"
2162396,12/09/2016,7:15 a.m.,Lunes,Automovil,Diplomatico,Conductor,Masculino,No,Sin Registro,Solo Daños,Choque,No mantener distancia de seguridad,Calle 39  Sur Carrera 48,Las Vegas,Urbana,"(6.17373153, -75.59688397)"
2162410,12/09/2016,8:40 a.m.,Lunes,Camioneta,Particular,Conductor,Masculino,No,Sin Registro,Solo Daños,Choque,No mantener distancia de seguridad,Calle 25  Sur Carrera 47,Zuñiga,Urbana,
2162410,12/09/2016,8:40 a.m.,Lunes,Motocicleta,Particular,Motociclista,Masculino,No,Sin Registro,Solo Daños,Choque,No mantener distancia de seguridad,Calle 25  Sur Carrera 47,Zuñiga,Urbana,
2162406,12/09/2016,12:45 p.m.,Lunes,Automovil,Publico,Conductor,Masculino,No,Sin Registro,Herido,Choque,No mantener distancia de seguridad,Tramo 373 Kilometro  12,Vereda Palmas,Rural,
2162406,12/09/2016,12:45 p.m.,Lunes,Motocicleta,Particular,Motociclista,Masculino,No,Sin Registro,Herido,Choque,No mantener distancia de seguridad,Tramo 373 Kilometro  12,Vereda Palmas,Rural,
2162406,12/09/2016,12:45 p.m.,Lunes,Automovil,Particular,Conductor,Femenino,No,Sin Registro,Herido,Choque,No mantener distancia de seguridad,Tramo 373 Kilometro  12,Vereda Palmas,Rural,
2162414,12/09/2016,1:30 p.m.,Lunes,Bus,Publico,Conductor,Masculino,No,Sin Registro,Solo Daños,Choque,No mantener distancia de seguridad,Calle 39 B Sur Carrera 29,San Jose,Urbana,"(6.161392412, -75.58070734)"
2162414,12/09/2016,1:30 p.m.,Lunes,Automovil,Publico,Conductor,Masculino,No,Sin Registro,Solo Daños,Choque,No mantener distancia de seguridad,Calle 39 B Sur Carrera 29,San Jose,Urbana,"(6.161392412, -75.58070734)"
2162403,12/09/2016,2:00 p.m.,Lunes,Microbus,Publico,Conductor,Masculino,No,Sin Registro,Solo Daños,Choque,Exceso de velocidad,Diagonal 29 Transversal 34 DD,La Sebastiana,Urbana,"(6.171592718, -75.57742835)"
2162403,12/09/2016,2:00 p.m.,Lunes,Automovil,Particular,Conductor,Femenino,No,Sin Registro,Solo Daños,Choque,Exceso de velocidad,Diagonal 29 Transversal 34 DD,La Sebastiana,Urbana,"(6.171592718, -75.57742835)"
2162425,12/09/2016,2:35 p.m.,Lunes,Camion,Particular,Conductor,Masculino,No,Sin Registro,Solo Daños,Choque,Impericia en el manejo,Calle 31  Sur Carrera 43,San Marcos,Urbana,"(6.176823564, -75.58539215)"
2162399,12/09/2016,3:30 p.m.,Lunes,Camion,Publico,Conductor,Masculino,No,Sin Registro,Solo Daños,Choque,No respetar prelacion,Tramo 181 Kilometro  100,Vereda Palmas,Rural,
2162399,12/09/2016,3:30 p.m.,Lunes,Camioneta,Particular,Conductor,Femenino,No,Sin Registro,Solo Daños,Choque,No respetar prelacion,Tramo 181 Kilometro  100,Vereda Palmas,Rural,
2162404,12/09/2016,3:30 p.m.,Lunes,Automovil,Particular,Conductor,Femenino,No,Sin Registro,Solo Daños,Choque,No mantener distancia de seguridad,Calle 50  Sur Carrera 48,Las Casitas,Urbana,
2162404,12/09/2016,3:30 p.m.,Lunes,Automovil,Publico,Conductor,Masculino,No,Sin Registro,Solo Daños,Choque,No mantener distancia de seguridad,Calle 50  Sur Carrera 48,Las Casitas,Urbana,
2162409,12/09/2016,4:30 p.m.,Lunes,Automovil,Particular,Conductor,Masculino,No,Sin Registro,Solo Daños,Choque,Adelantar cerrando,Calle 38 A Sur Carrera 40,Zona Centro,Urbana,"(6.168097144, -75.58630781)"
2162409,12/09/2016,4:30 p.m.,Lunes,Camioneta,Particular,Conductor,Masculino,No,Sin Registro,Solo Daños,Choque,Adelantar cerrando,Calle 38 A Sur Carrera 40,Zona Centro,Urbana,"(6.168097144, -75.58630781)"
2162429,12/09/2016,4:45 p.m.,Lunes,Automovil,Particular,Conductor,Masculino,No,Sin Registro,Solo Daños,Choque,No mantener distancia de seguridad,Calle 37  Sur Carrera 49,Las Vegas,Urbana,"(6.174789471, -75.59420424)"
2162429,12/09/2016,4:45 p.m.,Lunes,Camioneta,Particular,Conductor,Femenino,No,Sin Registro,Solo Daños,Choque,No mantener distancia de seguridad,Calle 37  Sur Carrera 49,Las Vegas,Urbana,"(6.174789471, -75.59420424)"