RADICADO,FECHA,HORA,DÍA DE LA SEMANA,CLASE DE VEHICULO,TIPO DE SERVICIO,TIPO DE VICTIMA,SEXO,ESTADO DE BEODEZ,RESULTADO DE BEODEZ,GRAVEDAD,CLASE DE ACCIDENTE,CAUSA,DIRECCIÓN,BARRIO,AREA,Coordenadas
2162407,09/13/2016,12:20 a.m.,Martes,Automovil,Publico,Conductor,Masculino,No,Sin Registro,Herido,Atropello,Cruzar sin observar,Calle 37  Sur Carrera 43,Zona Centro,Urbana,"(6.170662973, -75.58744852)"
2162401,09/13/2016,5:50 a.m.,Martes,Bus,Publico,Conductor,Masculino,No,Sin Registro,Solo Daños,Choque,Impericia en el manejo,Calle 48  Sur Carrera 40,El Trianon,Urbana,"(6.158853504, -75.59456088)"
2162401,09/13/2016,5:50 a.m.,Martes,Buseta,Publico,Conductor,Masculino,No,Sin Registro,Solo Daños,Choque,Reverso imprudente,Calle 48  Sur Carrera 40,El Trianon,Urbana,"(6.158853504, -75.59456088)"
2162401,09/13/2016,5:50 a.m.,Martes,Buseta,Publico,Conductor,Masculino,No,Sin Registro,Solo Daños,Choque,Impericia en el manejo,Calle 48  Sur Carrera 40,El Trianon,Urbana,"(6.158853504, -75.59456088)"
2162401,09/13/2016,5:50 a.m.,Martes,Bus,Publico,Conductor,Masculino,No,Sin Registro,Solo Daños,Choque,Reverso imprudente,Calle 48  Sur Carrera 40,El Trianon,Urbana,"(6.158853504, -75.59456088)"
2162411,09/13/2016,6:20 a.m.,Martes,Motocicleta,Particular,Motociclista,Femenino,No,Sin Registro,Herido,Choque,No mantener distancia de seguridad,Calle 25  Sur Carrera 48,Las Vegas,Urbana,
2162411,09/13/2016,6:20 a.m.,Martes,Motocicleta,Particular,Motociclista,Masculino,No,Sin Registro,Herido,Choque,No mantener distancia de seguridad,Calle 25  Sur Carrera 48,Las Vegas,Urbana,
2162431,09/13/2016,7:30 a.m.,Martes,Automovil,Particular,Conductor,Masculino,No,Sin Registro,Solo Daños,Choque,Reverso imprudente,Calle 52 D Sur Carrera 39,La Inmaculada,Urbana,
2162431,09/13/2016,7:30 a.m.,Martes,Camioneta,Particular,Conductor,Masculino,No,Sin Registro,Solo Daños,Choque,Reverso imprudente,Calle 52 D Sur Carrera 39,La Inmaculada,Urbana,
2162424,09/13/2016,11:10 a.m.,Martes,Motocicleta,Particular,Motociclista,Masculino,No,Sin Registro,Herido,Atropello,Otra,Calle 40 F Sur Carrera 25 A,La Mina,Urbana,"(6.155555232, -75.58231672)"
2162412,09/13/2016,11:40 a.m.,Martes,Automovil,Particular,Conductor,Femenino,No,Sin Registro,Solo Daños,Choque,No mantener distancia de seguridad,Calle 25 AA Sur Carrera 48,Las Vegas,Urbana,"(6.18405129, -75.58478383)"
2162412,09/13/2016,11:40 a.m.,Martes,Motocicleta,Particular,Motociclista,Masculino,No,Sin Registro,Solo Daños,Choque,No mantener distancia de seguridad,Calle 25 AA Sur Carrera 48,Las Vegas,Urbana,"(6.18405129, -75.58478383)"
2162418,09/13/2016,12:30 p.m.,Martes,Microbus,Publico,Conductor,Masculino,No,Sin Registro,Herido,Choque,No mantener distancia de seguridad,Calle 37  Sur Carrera 48,Las Vegas,Urbana,"(6.17412211, -75.59306111)"
2162418,09/13/2016,12:30 p.m.,Martes,Motocicleta,Particular,Motociclista,Masculino,No,Sin Registro,Herido,Choque,No mantener distancia de seguridad,Calle 37  Sur Carrera 48,Las Vegas,Urbana,"(6.17412211, -75.59306111)"
2162426,09/13/2016,2:15 p.m.,Martes,Automovil,Particular,Conductor,Masculino,No,Sin Registro,Solo Daños,Choque,No mantener distancia de seguridad,Calle 28  Sur Carrera 50,Las Vegas,Urbana,
2162426,09/13/2016,2:15 p.m.,Martes,Camioneta,Particular,Conductor,Masculino,No,Sin Registro,Solo Daños,Choque,No mantener distancia de seguridad,Calle 28  Sur Carrera 50,Las Vegas,Urbana,
2162408,09/13/2016,3:15 p.m.,Martes,Buseta,Publico,Conductor,Masculino,No,Sin Registro,Solo Daños,Choque,Adelantar cerrando,Calle 19  Sur Carrera 48,Zuñiga,Urbana,
2162408,09/13/2016,3:15 p.m.,Martes,Campero,Particular,Conductor,Masculino,No,Sin Registro,Solo Daños,Choque,Adelantar cerrando,Calle 19  Sur Carrera 48,Zuñiga,Urbana,
2162415,09/13/2016,3:20 p.m.,Martes,Campero,Particular,Conductor,Masculino,No,Sin Registro,Herido,Choque,No mantener distancia de seguridad,Calle 39  Sur Carrera 29 A,El Chinguí,Urbana,"(6.164019418, -75.58120807)"
2162415,09/13/2016,3:20 p.m.,Martes,Motocicleta,Particular,Motociclista,Masculino,No,Sin Registro,Herido,Choque,No mantener distancia de seguridad,Calle 39  Sur Carrera 29 A,El Chinguí,Urbana,"(6.164019418, -75.58120807)"
2162419,09/13/2016,3:30 p.m.,Martes,Automovil,Particular,Conductor,Masculino,No,Sin Registro,Solo Daños,Choque,Desobedecer senales,Calle 39  Sur Carrera 29 A,El Chinguí,Urbana,"(6.164019418, -75.58120807)"
2162419,09/13/2016,3:30 p.m.,Martes,Automovil,Particular,Conductor,Masculino,No,Sin Registro,Solo Daños,Choque,Desobedecer senales,Calle 39  Sur Carrera 29 A,El Chinguí,Urbana,"(6.164019418, -75.58120807)"
2162731,10/10/2016,9:40 a.m.,Lunes,Automovil,Particular,Conductor,Femenino,No,Sin Registro,Solo Daños,Choque,Adelantar cerrando,Tramo 372 Kilometro  15,Vereda Palmas,Rural,
2162427,09/13/2016,3:30 p.m.,Martes,Automovil,Publico,Conductor,Masculino,No,Sin Registro,Solo Daños,Choque,No mantener distancia de seguridad,Calle 19  Sur Carrera 48,Las Vegas,Urbana,
2162427,09/13/2016,3:30 p.m.,Martes,Campero,Particular,Conductor,Masculino,No,Sin Registro,Solo Daños,Choque,No mantener distancia de seguridad,Calle 19  Sur Carrera 48,Las Vegas,Urbana,
2162433,09/13/2016,4:50 p.m.,Martes,Camioneta,Publico,Conductor,Sin registro,No,Sin Registro,Herido,Choque,Otra,Calle 49  Sur Carrera 50,Las Vegas,Urbana,
2162433,09/13/2016,4:50 p.m.,Martes,Motocicleta,Particular,Motociclista,Masculino,No,Sin Registro,Herido,Choque,Otra,Calle 49  Sur Carrera 50,Las Vegas,Urbana,
2162417,09/13/2016,5:35 p.m.,Martes,Camioneta,Particular,Conductor,Masculino,No,Sin Registro,Solo Daños,Choque,No mantener distancia de seguridad,Calle 49  Sur Carrera 50,Las Vegas,Urbana,
2162417,09/13/2016,5:35 p.m.,Martes,Camion,Publico,Conductor,Masculino,No,Sin Registro,Solo Daños,Choque,No mantener distancia de seguridad,Calle 49  Sur Carrera 50,Las Vegas,Urbana,
2162413,09/14/2016,6:10 a.m.,Miércoles,Camioneta,Particular,Conductor,Masculino,No,Sin Registro,Solo Daños,Choque,No mantener distancia de seguridad,Calle 25 AA Sur Carrera 48,Las Vegas,Urbana,"(6.18405129, -75.58478383)"
2162413,09/14/2016,6:10 a.m.,Miércoles,Automovil,Particular,Conductor,Masculino,No,Sin Registro,Solo Daños,Choque,No mantener distancia de seguridad,Calle 25 AA Sur Carrera 48,Las Vegas,Urbana,"(6.18405129, -75.58478383)"
2162434,09/14/2016,6:20 a.m.,Miércoles,Microbus,Oficial,Conductor,Masculino,No,Sin Registro,Solo Daños,Choque,Poner en marcha un vehiculo sin precauci,Calle 38  Sur Carrera 32,Mesa,Urbana,"(6.166011939, -75.58158121)"
2162434,09/14/2016,6:20 a.m.,Miércoles,Automovil,Particular,Conductor,Masculino,No,Sin Registro,Solo Daños,Choque,Poner en marcha un vehiculo sin precauci,Calle 38  Sur Carrera 32,Mesa,Urbana,"(6.166011939, -75.58158121)"
2162420,09/14/2016,6:30 a.m.,Miércoles,Bus,Publico,Conductor,Masculino,No,Sin Registro,Solo Daños,Choque,No mantener distancia de seguridad,Calle 37  Sur Carrera 33,Mesa,Urbana,"(6.167021726, -75.58168458)"
2162420,09/14/2016,6:30 a.m.,Miércoles,Campero,Particular,Conductor,Femenino,No,Sin Registro,Solo Daños,Choque,No mantener distancia de seguridad,Calle 37  Sur Carrera 33,Mesa,Urbana,"(6.167021726, -75.58168458)"
2162423,09/14/2016,6:40 a.m.,Miércoles,Automovil,Particular,Conductor,Masculino,No,Sin Registro,Solo Daños,Choque,Poner en marcha un vehiculo sin precauci,Calle 37  Sur Carrera 43 A,Zona Centro,Urbana,"(6.171151654, -75.58815663)"
2162423,09/14/2016,6:40 a.m.,Miércoles,Automovil,Particular,Conductor,Femenino,No,Sin Registro,Solo Daños,Choque,Poner en marcha un vehiculo sin precauci,Calle 37  Sur Carrera 43 A,Zona Centro,Urbana,"(6.171151654, -75.58815663)"
2162435,09/14/2016,8:40 a.m.,Miércoles,Automovil,Particular,Conductor,Femenino,No,Sin Registro,Solo Daños,Choque,No mantener distancia de seguridad,Calle 38  Sur Carrera 29 A,El Chinguí,Urbana,"(6.165022576, -75.58071311)"
2162435,09/14/2016,8:40 a.m.,Miércoles,Motocicleta,Particular,Motociclista,Masculino,No,Sin Registro,Solo Daños,Choque,No mantener distancia de seguridad,Calle 38  Sur Carrera 29 A,El Chinguí,Urbana,"(6.165022576, -75.58071311)"
2162422,09/14/2016,1:25 p.m.,Miércoles,Motocicleta,Particular,Motociclista,Masculino,No,Sin Registro,Herido,Atropello,Cruzar sin observar,Tramo 371 Kilometro  10,Vereda El Escobero,Rural,
2162445,09/14/2016,2:20 p.m.,Miércoles,Campero,Particular,Conductor,Masculino,No,Sin Registro,Solo Daños,Choque,Poner en marcha un vehiculo sin precauci,Calle 36  Sur Carrera 39,Zona Centro,Urbana,"(6.169751787, -75.58435113)"
2162445,09/14/2016,2:20 p.m.,Miércoles,Motocicleta,Particular,Motociclista,Femenino,No,Sin Registro,Solo Daños,Choque,Poner en marcha un vehiculo sin precauci,Calle 36  Sur Carrera 39,Zona Centro,Urbana,"(6.169751787, -75.58435113)"
2162421,09/14/2016,3:40 p.m.,Miércoles,Bus,Publico,Conductor,Masculino,No,Sin Registro,Solo Daños,Otro,Otra,Calle 38 A Sur Carrera 42,Zona Centro,Urbana,"(6.169022232, -75.58772239)"
2162442,09/14/2016,4:30 p.m.,Miércoles,Automovil,Particular,Conductor,Femenino,No,Sin Registro,Solo Daños,Choque,Reverso imprudente,Calle 38 A Sur Carrera 43,Zona Centro,Urbana,"(6.169370628, -75.5883151)"
2162442,09/14/2016,4:30 p.m.,Miércoles,Camioneta,Particular,Conductor,Masculino,No,Sin Registro,Solo Daños,Choque,Reverso imprudente,Calle 38 A Sur Carrera 43,Zona Centro,Urbana,"(6.169370628, -75.5883151)"
2162441,09/14/2016,5:05 p.m.,Miércoles,Camioneta,Particular,Conductor,Masculino,No,Sin Registro,Solo Daños,Choque,Impericia en el manejo,Calle 41 C Sur Carrera 42,El Dorado,Urbana,"(6.16639828, -75.59428311)"
2162441,09/14/2016,5:05 p.m.,Miércoles,Automovil,Particular,Conductor,Masculino,No,Sin Registro,Solo Daños,Choque,Impericia en el manejo,Calle 41 C Sur Carrera 42,El Dorado,Urbana,"(6.16639828, -75.59428311)"
2162416,09/14/2016,6:00 p.m.,Miércoles,Tractocamion,Publico,Conductor,Masculino,No,Sin Registro,Solo Daños,Choque,Adelantar cerrando,Calle 32 A Sur Carrera 50,Las Vegas,Urbana,
2162416,09/14/2016,6:00 p.m.,Miércoles,Automovil,Particular,Conductor,Femenino,No,Sin Registro,Solo Daños,Choque,Adelantar cerrando,Calle 32 A Sur Carrera 50,Las Vegas,Urbana,
2162439,09/14/2016,7:10 p.m.,Miércoles,Automovil,Particular,Conductor,Masculino,No,Sin Registro,Herido,Choque,No respetar pelacion de interseccion o giros,Tramo 376 Kilometro  9,Vereda Perico,Rural,
2162439,09/14/2016,7:10 p.m.,Miércoles,Motocicleta,Particular,Motociclista,Masculino,No,Sin Registro,Herido,Choque,No respetar pelacion de interseccion o giros,Tramo 376 Kilometro  9,Vereda Perico,Rural,
2162438,09/14/2016,7:50 p.m.,Miércoles,Motocicleta,Particular,Motociclista,Masculino,No,Sin Registro,Solo Daños,Choque,Desobedecer senales,Calle 36 D Sur Carrera 27 A,Vereda El Escobero,Urbana,"(6.164831751, -75.57423497)"
2162438,09/14/2016,7:50 p.m.,Miércoles,Automovil,Particular,Conductor,Masculino,No,Sin Registro,Solo Daños,Choque,Desobedecer senales,Calle 36 D Sur Carrera 27 A,Vereda El Escobero,Urbana,"(6.164831751, -75.57423497)"
2162452,09/15/2016,7:10 a.m.,Jueves,Automovil,Particular,Conductor,Masculino,No,Sin Registro,Solo Daños,Choque,No respetar prelacion,Calle 27 A Sur Carrera 48,Las Vegas,Urbana,"(6.179449536, -75.5850415)"
2162452,09/15/2016,7:10 a.m.,Jueves,Buseta,Publico,Conductor,Masculino,No,Sin Registro,Solo Daños,Choque,No respetar prelacion,Calle 27 A Sur Carrera 48,Las Vegas,Urbana,"(6.179449536, -75.5850415)"
2162428,09/15/2016,8:00 a.m.,Jueves,Automovil,Particular,Conductor,Masculino,No,Sin Registro,Solo Daños,Choque,No mantener distancia de seguridad,Calle 36  Sur Carrera 27,La Inmaculada,Urbana,"(6.167154903, -75.56933697)"
2162428,09/15/2016,8:00 a.m.,Jueves,Campero,Particular,Conductor,Masculino,No,Sin Registro,Solo Daños,Choque,No mantener distancia de seguridad,Calle 36  Sur Carrera 27,La Inmaculada,Urbana,"(6.167154903, -75.56933697)"
2162432,09/15/2016,9:05 a.m.,Jueves,Motocicleta,Particular,Motociclista,Masculino,No,Sin Registro,Herido,Choque,No mantener distancia de seguridad,Calle 30  Noreste Carrera 48,Las Vegas,Urbana,"(6.180376127, -75.59028805)"
2162432,09/15/2016,9:05 a.m.,Jueves,Motocicleta,Particular,Motociclista,Masculino,No,Sin Registro,Herido,Choque,No mantener distancia de seguridad,Calle 30  Noreste Carrera 48,Las Vegas,Urbana,"(6.180376127, -75.59028805)"
2162430,09/15/2016,11:00 a.m.,Jueves,Camioneta,Particular,Conductor,Masculino,No,Sin Registro,Solo Daños,Choque,Reverso imprudente,Diagonal 31 Transversal 33 A,Manuel Uribe Angel,Urbana,"(6.173761816, -75.5789197)"
2162430,09/15/2016,11:00 a.m.,Jueves,Motocicleta,Particular,Motociclista,Masculino,No,Sin Registro,Solo Daños,Choque,Reverso imprudente,Diagonal 31 Transversal 33 A,Manuel Uribe Angel,Urbana,"(6.173761816, -75.5789197)"
2162443,09/15/2016,12:30 p.m.,Jueves,Automovil,Diplomatico,Conductor,Femenino,No,Sin Registro,Solo Daños,Choque,No mantener distancia de seguridad,Calle 26  Sur Carrera 50,Las Vegas,Urbana,
2162443,09/15/2016,12:30 p.m.,Jueves,Camion,Particular,Conductor,Masculino,No,Sin Registro,Solo Daños,Choque,No mantener distancia de seguridad,Calle 26  Sur Carrera 50,Las Vegas,Urbana,
2162493,09/15/2016,12:30 p.m.,Jueves,Automovil,Particular,Conductor,Femenino,No,Sin Registro,Herido,Atropello,Impericia en el manejo,Calle 32 B Sur Carrera 49,Las Vegas,Urbana,"(6.176640341, -75.58918757)"
2162451,09/15/2016,12:40 p.m.,Jueves,Campero,Particular,Conductor,Masculino,No,Sin Registro,Solo Daños,Choque,No mantener distancia de seguridad,Calle 37  Sur Carrera 50,Las Vegas,Urbana,
2162451,09/15/2016,12:40 p.m.,Jueves,Automovil,Particular,Conductor,Femenino,No,Sin Registro,Solo Daños,Choque,No mantener distancia de seguridad,Calle 37  Sur Carrera 50,Las Vegas,Urbana,
2162494,09/15/2016,2:40 p.m.,Jueves,Campero,Particular,Conductor,Masculino,No,Sin Registro,Solo Daños,Choque,No mantener distancia de seguridad,Calle 36 D Sur Carrera 27 G,Vereda El Escobero,Urbana,"(6.162479576, -75.57022257)"
2162494,09/15/2016,2:40 p.m.,Jueves,Automovil,Particular,Conductor,Masculino,No,Sin Registro,Solo Daños,Choque,No mantener distancia de seguridad,Calle 36 D Sur Carrera 27 G,Vereda El Escobero,Urbana,"(6.162479576, -75.57022257)"
2162471,09/15/2016,3:15 p.m.,Jueves,Bus,Publico,Conductor,Masculino,No,Sin Registro,Solo Daños,Choque,Exceso de velocidad,Calle 49 D Sur Carrera 40 A,La Inmaculada,Urbana,"(6.155814881, -75.60075467)"
2162471,09/15/2016,3:15 p.m.,Jueves,Automovil,Particular,Conductor,Masculino,No,Sin Registro,Solo Daños,Choque,Exceso de velocidad,Calle 49 D Sur Carrera 40 A,La Inmaculada,Urbana,"(6.155814881, -75.60075467)"
2162472,09/15/2016,3:30 p.m.,Jueves,Microbus,Publico,Conductor,Masculino,No,Sin Registro,Solo Daños,Choque,No mantener distancia de seguridad,Calle 37  Sur Carrera 50,Las Vegas,Urbana,
2162472,09/15/2016,3:30 p.m.,Jueves,Automovil,Diplomatico,Conductor,Masculino,No,Sin Registro,Solo Daños,Choque,No mantener distancia de seguridad,Calle 37  Sur Carrera 50,Las Vegas,Urbana,
2162450,09/15/2016,5:00 p.m.,Jueves,Motocicleta,Particular,Motociclista,Masculino,No,Sin Registro,Solo Daños,Choque,No mantener distancia de seguridad,Calle 38 A Sur Carrera 41,Zona Centro,Urbana,"(6.168560755, -75.58701537)"
2162450,09/15/2016,5:00 p.m.,Jueves,Automovil,Particular,Conductor,Masculino,No,Sin Registro,Solo Daños,Choque,No mantener distancia de seguridad,Calle 38 A Sur Carrera 41,Zona Centro,Urbana,"(6.168560755, -75.58701537)"
2162437,09/15/2016,5:10 p.m.,Jueves,Automovil,Particular,Conductor,Femenino,No,Sin Registro,Solo Daños,Choque,No mantener distancia de seguridad,Calle 45  Sur Carrera 43,La Paz,Urbana,"(6.164788767, -75.59421113)"
2162437,09/15/2016,5:10 p.m.,Jueves,Automovil,Particular,Conductor,Masculino,No,Sin Registro,Solo Daños,Choque,No mantener distancia de seguridad,Calle 45  Sur Carrera 43,La Paz,Urbana,"(6.164788767, -75.59421113)"
2162436,09/15/2016,5:50 p.m.,Jueves,Automovil,Particular,Conductor,Masculino,No,Sin Registro,Solo Daños,Choque,No mantener distancia de seguridad,Tramo 373 Kilometro  12,Vereda Palmas,Rural,
2162436,09/15/2016,5:50 p.m.,Jueves,Campero,Publico,Conductor,Masculino,No,Sin Registro,Solo Daños,Choque,No mantener distancia de seguridad,Tramo 373 Kilometro  12,Vereda Palmas,Rural,
2162446,09/15/2016,6:50 p.m.,Jueves,Bicicleta,Particular,Ciclista,Masculino,No,Sin Registro,Solo Daños,Choque,No respetar prelacion,Tramo 372 Kilometro  14,Vereda Palmas,Rural,
2162446,09/15/2016,6:50 p.m.,Jueves,Automovil,Particular,Conductor,Masculino,No,Sin Registro,Solo Daños,Choque,No respetar prelacion,Tramo 372 Kilometro  14,Vereda Palmas,Rural,
2162444,09/15/2016,7:30 p.m.,Jueves,Buseta,Publico,Conductor,Masculino,No,Sin Registro,Solo Daños,Choque,No respetar prelacion,Calle 39 B Sur Carrera 32,Mesa,Urbana,"(6.163909636, -75.5829262)"
2162444,09/15/2016,7:30 p.m.,Jueves,Motocicleta,Particular,Motociclista,Femenino,No,Sin Registro,Solo Daños,Choque,No respetar prelacion,Calle 39 B Sur Carrera 32,Mesa,Urbana,"(6.163909636, -75.5829262)"
2162478,09/16/2016,1:30 a.m.,Viernes,Camion,Publico,Conductor,Masculino,No,Sin Registro,Solo Daños,Choque,Poner en marcha un vehiculo sin precauci,Calle 43  Sur Carrera 48,Las Vegas,Urbana,"(6.168592602, -75.597529)"
2162453,09/16/2016,6:55 a.m.,Viernes,Campero,Particular,Conductor,Masculino,No,Sin Registro,Solo Daños,Choque,Reverso imprudente,Calle 39 A Sur Carrera 27 B,El Chinguí,Urbana,"(6.159066, -75.57988094)"
2162453,09/16/2016,6:55 a.m.,Viernes,Automovil,Particular,Conductor,Masculino,No,Sin Registro,Solo Daños,Choque,Reverso imprudente,Calle 39 A Sur Carrera 27 B,El Chinguí,Urbana,"(6.159066, -75.57988094)"
2162473,09/16/2016,9:05 a.m.,Viernes,Microbus,Publico,Conductor,Masculino,No,Sin Registro,Solo Daños,Choque,No mantener distancia de seguridad,Calle 45  Sur Carrera 43 A,La Paz,Urbana,"(6.165246116, -75.59449417)"
2162473,09/16/2016,9:05 a.m.,Viernes,Automovil,Particular,Conductor,Masculino,No,Sin Registro,Solo Daños,Choque,No mantener distancia de seguridad,Calle 45  Sur Carrera 43 A,La Paz,Urbana,"(6.165246116, -75.59449417)"
2162484,09/16/2016,9:25 a.m.,Viernes,Automovil,Particular,Conductor,Masculino,No,Sin Registro,Solo Daños,Choque,Desobedecer senales,Calle 37  Sur Carrera 38,Zona Centro,Urbana,"(6.168685416, -75.58429124)"
2162484,09/16/2016,9:25 a.m.,Viernes,Automovil,Particular,Conductor,Masculino,No,Sin Registro,Solo Daños,Choque,Desobedecer senales,Calle 37  Sur Carrera 38,Zona Centro,Urbana,"(6.168685416, -75.58429124)"
2162503,09/16/2016,12:20 p.m.,Viernes,Camioneta,Publico,Conductor,Masculino,No,Sin Registro,Solo Daños,Choque,Adelantar cerrando,Calle 38 A Sur Carrera 48,Alcala,Urbana,"(6.168560755, -75.58701537)"
2162503,09/16/2016,12:20 p.m.,Viernes,Automovil,Particular,Conductor,Masculino,No,Sin Registro,Solo Daños,Choque,Adelantar cerrando,Calle 38 A Sur Carrera 48,Alcala,Urbana,"(6.168560755, -75.58701537)"
2162486,09/16/2016,1:00 p.m.,Viernes,Camion,Publico,Conductor,Masculino,No,Sin Registro,Solo Daños,Choque,Obstaculos en la via,Diagonal 29 Transversal 28,Alto De Misael,Urbana,"(6.175122612, -75.57695594)"
2162487,09/16/2016,2:00 p.m.,Viernes,Motocicleta,Particular,Motociclista,Masculino,No,Sin Registro,Herido,Choque,No respetar prelacion,Calle 49  Sur Carrera 48,Las Vegas,Urbana,"(6.163238618, -75.60250718)"
2162487,09/16/2016,2:00 p.m.,Viernes,Motocicleta,Particular,Motociclista,Masculino,No,Sin Registro,Herido,Choque,No respetar prelacion,Calle 49  Sur Carrera 48,Las Vegas,Urbana,"(6.163238618, -75.60250718)"
2162483,09/16/2016,2:35 p.m.,Viernes,Motocicleta,Particular,Motociclista,Masculino,No,Sin Registro,Solo Daños,Choque,Transitar entre vehiculos,Calle 45 B Sur Carrera 43 A,La Paz,Urbana,"(6.164485785, -75.59467842)"
2162483,09/16/2016,2:35 p.m.,Viernes,Microbus,Publico,Conductor,Masculino,No,Sin Registro,Solo Daños,Choque,Transitar entre vehiculos,Calle 45 B Sur Carrera 43 A,La Paz,Urbana,"(6.164485785, -75.59467842)"
2162459,09/16/2016,2:40 p.m.,Viernes,Bus,Publico,Conductor,Masculino,No,Sin Registro,Solo Daños,Choque,Desobedecer senales,Calle 38  Sur Carrera 32,Mesa,Urbana,"(6.166011939, -75.58158121)"
2162459,09/16/2016,2:40 p.m.,Viernes,Automovil,Particular,Conductor,Masculino,No,Sin Registro,Solo Daños,Choque,Desobedecer senales,Calle 38  Sur Carrera 32,Mesa,Urbana,"(6.166011939, -75.58158121)"
2162464,09/16/2016,3:20 p.m.,Viernes,Automovil,Particular,Conductor,Masculino,No,Sin Registro,Solo Daños,Choque,No respetar prelacion,Calle 22  Sur Carrera 46,Zuñiga,Urbana,
2162464,09/16/2016,3:20 p.m.,Viernes,Motocicleta,Particular,Motociclista,Masculino,No,Sin Registro,Solo Daños,Choque,No respetar prelacion,Calle 22  Sur Carrera 46,Zuñiga,Urbana,
2162476,09/16/2016,3:50 p.m.,Viernes,Automovil,Particular,Conductor,Femenino,No,Sin Registro,Solo Daños,Choque,No mantener distancia de seguridad,Calle 48  Sur Carrera 48,Las Vegas,Urbana,"(6.164595282, -75.60138041)"
2162476,09/16/2016,3:50 p.m.,Viernes,Camioneta,Particular,Conductor,Masculino,No,Sin Registro,Solo Daños,Choque,No mantener distancia de seguridad,Calle 48  Sur Carrera 48,Las Vegas,Urbana,"(6.164595282, -75.60138041)"
2163450,09/16/2016,4:30 p.m.,Viernes,Buseta,Publico,Conductor,Masculino,No,Sin Registro,Solo Daños,Choque,Otra,Calle 45  Sur Carrera 43 A,La Paz,Urbana,"(6.165246116, -75.59449417)"
2163450,09/16/2016,4:30 p.m.,Viernes,Motocicleta,Particular,Motociclista,Femenino,No,Sin Registro,Solo Daños,Choque,Otra,Calle 45  Sur Carrera 43 A,La Paz,Urbana,"(6.165246116, -75.59449417)"
2162460,09/16/2016,4:50 p.m.,Viernes,Campero,Particular,Conductor,Masculino,No,Sin Registro,Solo Daños,Choque,No mantener distancia de seguridad,Calle 46 A Sur Carrera 50,Las Vegas,Urbana,
2162460,09/16/2016,4:50 p.m.,Viernes,Automovil,Particular,Conductor,Femenino,No,Sin Registro,Solo Daños,Choque,No mantener distancia de seguridad,Calle 46 A Sur Carrera 50,Las Vegas,Urbana,
2162479,09/16/2016,7:40 p.m.,Viernes,Automovil,Particular,Conductor,Masculino,No,Sin Registro,Solo Daños,Choque,Reverso imprudente,Tramo 12 Kilometro  5,Vereda Palmas,Rural,
2162479,09/16/2016,7:40 p.m.,Viernes,Campero,Particular,Conductor,Masculino,No,Sin Registro,Solo Daños,Choque,Reverso imprudente,Tramo 12 Kilometro  5,Vereda Palmas,Rural,
2162465,09/16/2016,9:25 p.m.,Viernes,Camioneta,Publico,Conductor,Masculino,No,Sin Registro,Solo Daños,Choque,No mantener distancia de seguridad,Calle 32 B Sur Carrera 50,Las Vegas,Urbana,
2162465,09/16/2016,9:25 p.m.,Viernes,Camion,Publico,Conductor,Masculino,No,Sin Registro,Solo Daños,Choque,No mantener distancia de seguridad,Calle 32 B Sur Carrera 50,Las Vegas,Urbana,
2162465,09/16/2016,9:25 p.m.,Viernes,Bus,Publico,Conductor,Masculino,No,Sin Registro,Solo Daños,Choque,No mantener distancia de seguridad,Calle 32 B Sur Carrera 50,Las Vegas,Urbana,
2162447,09/16/2016,9:50 p.m.,Viernes,Automovil,Particular,Conductor,Femenino,No,Sin Registro,Solo Daños,Choque,Adelantar en zona prohibida,Calle 40 F Sur Carrera 36 B,Sin Registro,Urbana,"(6.162643008, -75.58590704)"
2162447,09/16/2016,9:50 p.m.,Viernes,Motocicleta,Particular,Motociclista,Femenino,No,Sin Registro,Solo Daños,Choque,Adelantar en zona prohibida,Calle 40 F Sur Carrera 36 B,Sin Registro,Urbana,"(6.162643008, -75.58590704)"
2162474,09/17/2016,11:30 a.m.,Sábado,Automovil,Particular,Conductor,Masculino,No,Sin Registro,Solo Daños,Choque,No mantener distancia de seguridad,Calle 37  Sur Carrera 49,Las Vegas,Urbana,"(6.174789471, -75.59420424)"
2162474,09/17/2016,11:30 a.m.,Sábado,Automovil,Particular,Conductor,Masculino,No,Sin Registro,Solo Daños,Choque,No mantener distancia de seguridad,Calle 37  Sur Carrera 49,Las Vegas,Urbana,"(6.174789471, -75.59420424)"
2162468,09/17/2016,11:45 a.m.,Sábado,Motocicleta,Particular,Motociclista,Masculino,No,Sin Registro,Herido,Choque,No mantener distancia de seguridad,Calle 39  Sur Carrera 50,Las Vegas,Urbana,
2162468,09/17/2016,11:45 a.m.,Sábado,Automovil,Particular,Conductor,Masculino,No,Sin Registro,Herido,Choque,No mantener distancia de seguridad,Calle 39  Sur Carrera 50,Las Vegas,Urbana,
2162468,09/17/2016,11:45 a.m.,Sábado,Automovil,Particular,Conductor,Femenino,No,Sin Registro,Herido,Choque,No mantener distancia de seguridad,Calle 39  Sur Carrera 50,Las Vegas,Urbana,