RADICADO,FECHA,HORA,DÍA DE LA SEMANA,CLASE DE VEHICULO,TIPO DE SERVICIO,TIPO DE VICTIMA,SEXO,ESTADO DE BEODEZ,RESULTADO DE BEODEZ,GRAVEDAD,CLASE DE ACCIDENTE,CAUSA,DIRECCIÓN,BARRIO,AREA,Coordenadas
2162527,09/21/2016,5:25 p.m.,Miércoles,Camioneta,Publico,Conductor,Masculino,No,Sin Registro,Solo Daños,Choque,Adelantar cerrando,Diagonal 32 Transversal 35 A,Los Naranjos,Urbana,"(6.169858515, -75.58097336)"
2162527,09/21/2016,5:25 p.m.,Miércoles,Automovil,Particular,Conductor,Femenino,No,Sin Registro,Solo Daños,Choque,Adelantar cerrando,Diagonal 32 Transversal 35 A,Los Naranjos,Urbana,"(6.169858515, -75.58097336)"
2162539,09/21/2016,5:50 p.m.,Miércoles,Bus,Publico,Conductor,Masculino,No,Sin Registro,Solo Daños,Choque,Adelantar cerrando,Calle 38  Sur Carrera 32,Mesa,Urbana,"(6.166011939, -75.58158121)"
2162539,09/21/2016,5:50 p.m.,Miércoles,Automovil,Diplomatico,Conductor,Masculino,No,Sin Registro,Solo Daños,Choque,Adelantar cerrando,Calle 38  Sur Carrera 32,Mesa,Urbana,"(6.166011939, -75.58158121)"
2162540,09/22/2016,6:10 a.m.,Jueves,Camion,Publico,Conductor,Masculino,No,Sin Registro,Solo Daños,Choque,Reverso imprudente,Tramo 373 Kilometro  15,Vereda Palmas,Rural,
2162540,09/22/2016,6:10 a.m.,Jueves,Camioneta,Publico,Conductor,Masculino,No,Sin Registro,Solo Daños,Choque,Reverso imprudente,Tramo 373 Kilometro  15,Vereda Palmas,Rural,
2162534,09/22/2016,7:00 a.m.,Jueves,Campero,Particular,Conductor,Femenino,No,Sin Registro,Solo Daños,Choque,No mantener distancia de seguridad,Calle 36  Sur Carrera 27,El Chocho,Urbana,"(6.167154903, -75.56933697)"
2162534,09/22/2016,7:00 a.m.,Jueves,Camioneta,Particular,Conductor,Femenino,No,Sin Registro,Solo Daños,Choque,No mantener distancia de seguridad,Calle 36  Sur Carrera 27,El Chocho,Urbana,"(6.167154903, -75.56933697)"
2162521,09/22/2016,7:35 a.m.,Jueves,Bus,Publico,Conductor,Masculino,No,Sin Registro,Herido,Caida Ocupante,Transitar con las puertas abiertas,Calle 48 C Sur Carrera 43 A,Sin Registro,Urbana,"(6.162378903, -75.59763059)"
2162521,09/22/2016,7:35 a.m.,Jueves,Bus,Publico,Conductor,Masculino,No,Sin Registro,Herido,Caida Ocupante,Arrancar sin precaucion,Calle 48 C Sur Carrera 43 A,Sin Registro,Urbana,"(6.162378903, -75.59763059)"
2162522,09/22/2016,7:40 a.m.,Jueves,Campero,Particular,Conductor,Femenino,No,Sin Registro,Solo Daños,Choque,No mantener distancia de seguridad,Calle 25  Sur Carrera 49,Las Vegas,Urbana,
2162522,09/22/2016,7:40 a.m.,Jueves,Microbus,Publico,Conductor,Masculino,No,Sin Registro,Solo Daños,Choque,No mantener distancia de seguridad,Calle 25  Sur Carrera 49,Las Vegas,Urbana,
2162519,09/22/2016,7:45 a.m.,Jueves,Camion,Publico,Conductor,Masculino,No,Sin Registro,Muerto,Otro,Vehiculo mal estacionado,Tramo 372 Kilometro  17,Vereda Palmas,Rural,
2162533,09/22/2016,7:45 a.m.,Jueves,Camioneta,Particular,Conductor,Femenino,No,Sin Registro,Solo Daños,Choque,Reverso imprudente,Calle 23  Sur Carrera 15,Sin Registro,Urbana,"(6.174857575, -75.55961504)"
2162533,09/22/2016,7:45 a.m.,Jueves,Microbus,Publico,Conductor,Masculino,No,Sin Registro,Solo Daños,Choque,Reverso imprudente,Calle 23  Sur Carrera 15,Sin Registro,Urbana,"(6.174857575, -75.55961504)"
2162543,09/22/2016,8:10 a.m.,Jueves,Automovil,Particular,Conductor,Femenino,No,Sin Registro,Solo Daños,Choque,Reverso imprudente,Calle 22 D Sur Carrera 46,Zuñiga,Urbana,
2162543,09/22/2016,8:10 a.m.,Jueves,Camion,Publico,Conductor,Masculino,No,Sin Registro,Solo Daños,Choque,Reverso imprudente,Calle 22 D Sur Carrera 46,Zuñiga,Urbana,
2162544,09/22/2016,8:20 a.m.,Jueves,Bus,Publico,Conductor,Masculino,No,Sin Registro,Solo Daños,Choque,Impericia en el manejo,Diagonal 31 Transversal 33 A,Las Flores,Urbana,"(6.173761816, -75.5789197)"
2162544,09/22/2016,8:20 a.m.,Jueves,Automovil,Publico,Conductor,Masculino,No,Sin Registro,Solo Daños,Choque,Impericia en el manejo,Diagonal 31 Transversal 33 A,Las Flores,Urbana,"(6.173761816, -75.5789197)"
2162565,09/22/2016,10:20 a.m.,Jueves,Motocicleta,Particular,Motociclista,Masculino,No,Sin Registro,Herido,Atropello,Exceso de velocidad,Diagonal 32 Transversal 36,Los Naranjos,Urbana,"(6.168258576, -75.58067017)"
2162537,09/23/2016,8:05 a.m.,Viernes,Automovil,Particular,Conductor,Masculino,No,Sin Registro,Solo Daños,Choque,No mantener distancia de seguridad,Calle 37  Sur Carrera 50,Las Vegas,Urbana,
2162565,09/22/2016,10:20 a.m.,Jueves,Motocicleta,Particular,Motociclista,Masculino,No,Sin Registro,Herido,Atropello,Cruzar sin observar,Diagonal 32 Transversal 36,Los Naranjos,Urbana,"(6.168258576, -75.58067017)"
2162528,09/22/2016,1:30 p.m.,Jueves,Automovil,Publico,Conductor,Masculino,No,Sin Registro,Solo Daños,Choque,No mantener distancia de seguridad,Calle 40 B Sur Carrera 27,La Mina,Urbana,"(6.157910673, -75.5815536)"
2162528,09/22/2016,1:30 p.m.,Jueves,Automovil,Publico,Conductor,Masculino,No,Sin Registro,Solo Daños,Choque,No mantener distancia de seguridad,Calle 40 B Sur Carrera 27,La Mina,Urbana,"(6.157910673, -75.5815536)"
2162529,09/22/2016,1:30 p.m.,Jueves,Automovil,Particular,Conductor,Masculino,No,Sin Registro,Solo Daños,Choque,No mantener distancia de seguridad,Calle 32  Sur Carrera 46,El Portal,Urbana,"(6.176931913, -75.58849911)"
2162529,09/22/2016,1:30 p.m.,Jueves,Automovil,Particular,Conductor,Masculino,No,Sin Registro,Solo Daños,Choque,No mantener distancia de seguridad,Calle 32  Sur Carrera 46,El Portal,Urbana,"(6.176931913, -75.58849911)"
2162545,09/22/2016,1:50 p.m.,Jueves,Sin Registro,Publico,Conductor,Masculino,No,Sin Registro,Herido,Choque,Transitar entre vehiculos,Calle 25  Sur Carrera 48,Las Vegas,Urbana,
2162545,09/22/2016,1:50 p.m.,Jueves,Motocicleta,Particular,Motociclista,Femenino,No,Sin Registro,Herido,Choque,Transitar entre vehiculos,Calle 25  Sur Carrera 48,Las Vegas,Urbana,
2162531,09/22/2016,2:40 p.m.,Jueves,Camion,Particular,Conductor,Masculino,No,Sin Registro,Herido,Choque,Transitar entre vehiculos,Calle 46  Sur Carrera 50,Las Vegas,Urbana,
2162531,09/22/2016,2:40 p.m.,Jueves,Motocicleta,Particular,Motociclista,Masculino,No,Sin Registro,Herido,Choque,Transitar entre vehiculos,Calle 46  Sur Carrera 50,Las Vegas,Urbana,
2162531,09/22/2016,2:40 p.m.,Jueves,Camion,Publico,Conductor,Masculino,No,Sin Registro,Herido,Choque,Transitar entre vehiculos,Calle 46  Sur Carrera 50,Las Vegas,Urbana,
2162538,09/22/2016,2:45 p.m.,Jueves,Camioneta,Publico,Conductor,Masculino,No,Sin Registro,Herido,Choque,Exceso de velocidad,Calle 46  Sur Carrera 50,Las Vegas,Urbana,
2162538,09/22/2016,2:45 p.m.,Jueves,Bicicleta,Particular,Ciclista,Femenino,No,Sin Registro,Herido,Choque,Exceso de velocidad,Calle 46  Sur Carrera 50,Las Vegas,Urbana,
2163183,09/22/2016,5:30 p.m.,Jueves,Motocicleta,Diplomatico,Motociclista,Masculino,No,Sin Registro,Solo Daños,Choque,Otra,Calle 36 D Sur Carrera 27,Vereda El Escobero,Urbana,"(6.162479576, -75.57022257)"
2163183,09/22/2016,5:30 p.m.,Jueves,Automovil,Particular,Conductor,Femenino,No,Sin Registro,Solo Daños,Choque,Otra,Calle 36 D Sur Carrera 27,Vereda El Escobero,Urbana,"(6.162479576, -75.57022257)"
2162541,09/22/2016,6:50 p.m.,Jueves,Motocicleta,Particular,Motociclista,Masculino,No,Sin Registro,Solo Daños,Choque,Transitar entre vehiculos,Calle 25  Sur Carrera 43 A,Zuñiga,Urbana,"(6.181560189, -75.58201649)"
2162541,09/22/2016,6:50 p.m.,Jueves,Automovil,Particular,Conductor,Masculino,No,Sin Registro,Solo Daños,Choque,Transitar entre vehiculos,Calle 25  Sur Carrera 43 A,Zuñiga,Urbana,"(6.181560189, -75.58201649)"
2162530,09/22/2016,7:00 p.m.,Jueves,Bus,Publico,Conductor,Masculino,No,Sin Registro,Solo Daños,Choque,Adelantar cerrando,Calle 39  Sur Carrera 31,Mesa,Urbana,"(6.164350999, -75.58194251)"
2162530,09/22/2016,7:00 p.m.,Jueves,Automovil,Publico,Conductor,Masculino,No,Sin Registro,Solo Daños,Choque,Adelantar cerrando,Calle 39  Sur Carrera 31,Mesa,Urbana,"(6.164350999, -75.58194251)"
2162575,09/22/2016,8:30 p.m.,Jueves,Microbus,Publico,Conductor,Masculino,No,Sin Registro,Herido,Choque,Impericia en el manejo,Calle 40  Sur Carrera 24,El Salado,Urbana,"(6.147263187, -75.57633575)"
2162575,09/22/2016,8:30 p.m.,Jueves,Motocicleta,Particular,Motociclista,Masculino,No,Sin Registro,Herido,Choque,Impericia en el manejo,Calle 40  Sur Carrera 24,El Salado,Urbana,"(6.147263187, -75.57633575)"
2162561,09/23/2016,6:30 a.m.,Viernes,Buseta,Publico,Conductor,Masculino,No,Sin Registro,Herido,Caida Ocupante,Arrancar sin precaucion,Calle 38  Sur Carrera 49,Las Vegas,Urbana,
2162559,09/23/2016,8:00 a.m.,Viernes,Automovil,Particular,Conductor,Femenino,No,Sin Registro,Solo Daños,Choque,No mantener distancia de seguridad,Calle 31  Sur Carrera 45 A,San Marcos,Urbana,"(6.17732964, -75.58702584)"
2162559,09/23/2016,8:00 a.m.,Viernes,Automovil,Particular,Conductor,Masculino,No,Sin Registro,Solo Daños,Choque,No mantener distancia de seguridad,Calle 31  Sur Carrera 45 A,San Marcos,Urbana,"(6.17732964, -75.58702584)"
2162537,09/23/2016,8:05 a.m.,Viernes,Automovil,Publico,Conductor,Masculino,No,Sin Registro,Solo Daños,Choque,No mantener distancia de seguridad,Calle 37  Sur Carrera 50,Las Vegas,Urbana,
2162574,09/23/2016,8:50 a.m.,Viernes,Automovil,Particular,Conductor,Femenino,No,Sin Registro,Solo Daños,Choque,No mantener distancia de seguridad,Calle 25  Sur Carrera 43 A,Avenida El Poblado,Urbana,"(6.181560189, -75.58201649)"
2162574,09/23/2016,8:50 a.m.,Viernes,Automovil,Particular,Conductor,Masculino,No,Sin Registro,Solo Daños,Choque,No mantener distancia de seguridad,Calle 25  Sur Carrera 43 A,Avenida El Poblado,Urbana,"(6.181560189, -75.58201649)"
2162571,09/23/2016,11:40 a.m.,Viernes,Automovil,Particular,Conductor,Femenino,No,Sin Registro,Herido,Atropello,Cruzar sin observar,Calle 38 A Sur Carrera 42,Zona Centro,Urbana,"(6.169022232, -75.58772239)"
2162554,09/23/2016,12:45 p.m.,Viernes,Motocicleta,Particular,Motociclista,Masculino,No,Sin Registro,Herido,Atropello,Otra,Diagonal 31 E Transversal 33 A Sur,La Magnolia,Urbana,"(6.173761816, -75.5789197)"
2162549,09/23/2016,12:50 p.m.,Viernes,Automovil,Publico,Conductor,Masculino,No,Sin Registro,Solo Daños,Choque,No mantener distancia de seguridad,Tramo 371 Kilometro  9,Vereda Palmas,Rural,
2162549,09/23/2016,12:50 p.m.,Viernes,Campero,Particular,Conductor,Femenino,No,Sin Registro,Solo Daños,Choque,No mantener distancia de seguridad,Tramo 371 Kilometro  9,Vereda Palmas,Rural,
2162552,09/23/2016,2:00 p.m.,Viernes,Motocicleta,Particular,Motociclista,Masculino,No,Sin Registro,Herido,Atropello,Cruzar sin observar,Calle 37  Sur Carrera 49,Las Vegas,Urbana,"(6.174789471, -75.59420424)"
2162546,09/23/2016,2:10 p.m.,Viernes,Motocicleta,Particular,Motociclista,Masculino,No,Sin Registro,Solo Daños,Choque,No mantener distancia de seguridad,Calle 38  Sur Carrera 43 A,Zona Centro,Urbana,"(6.170537577, -75.58862514)"
2162546,09/23/2016,2:10 p.m.,Viernes,Automovil,Particular,Conductor,Masculino,No,Sin Registro,Solo Daños,Choque,No mantener distancia de seguridad,Calle 38  Sur Carrera 43 A,Zona Centro,Urbana,"(6.170537577, -75.58862514)"
2162551,09/23/2016,3:00 p.m.,Viernes,Camioneta,Particular,Conductor,Femenino,No,Sin Registro,Herido,Choque,Desobedecer senales,Calle 38 A Sur Carrera 46,Alcala,Urbana,"(6.171457357, -75.59157663)"
2162551,09/23/2016,3:00 p.m.,Viernes,Motocicleta,Particular,Motociclista,Femenino,No,Sin Registro,Herido,Choque,Desobedecer senales,Calle 38 A Sur Carrera 46,Alcala,Urbana,"(6.171457357, -75.59157663)"
2162548,09/23/2016,3:10 p.m.,Viernes,Bus,Publico,Conductor,Masculino,No,Sin Registro,Solo Daños,Choque,Impericia en el manejo,Calle 34 A Sur Carrera 27 D,La Inmaculada,Urbana,"(6.172512502, -75.57704738)"
2162548,09/23/2016,3:10 p.m.,Viernes,Automovil,Particular,Conductor,Femenino,No,Sin Registro,Solo Daños,Choque,Impericia en el manejo,Calle 34 A Sur Carrera 27 D,La Inmaculada,Urbana,"(6.172512502, -75.57704738)"
2162550,09/23/2016,4:30 p.m.,Viernes,Sin Registro,Publico,Conductor,Masculino,No,Sin Registro,Solo Daños,Choque,Adelantar cerrando,Calle 37  Sur Carrera 43 A,Zona Centro,Urbana,"(6.171151654, -75.58815663)"
2162550,09/23/2016,4:30 p.m.,Viernes,Automovil,Publico,Conductor,Masculino,No,Sin Registro,Solo Daños,Choque,Adelantar cerrando,Calle 37  Sur Carrera 43 A,Zona Centro,Urbana,"(6.171151654, -75.58815663)"
2162542,09/23/2016,4:35 p.m.,Viernes,Automovil,Particular,Conductor,Masculino,No,Sin Registro,Herido,Choque,Desobedecer senales,Calle 39  Sur Carrera 39,Mesa,Urbana,"(6.166978259, -75.58604492)"
2162542,09/23/2016,4:35 p.m.,Viernes,Motocicleta,Particular,Motociclista,Masculino,No,Sin Registro,Herido,Choque,Desobedecer senales,Calle 39  Sur Carrera 39,Mesa,Urbana,"(6.166978259, -75.58604492)"
2162547,09/23/2016,4:50 p.m.,Viernes,Camioneta,Particular,Conductor,Masculino,No,Sin Registro,Herido,Atropello,Exceso de velocidad,Calle 21  Sur Carrera 41 A,Zuñiga,Urbana,"(6.182549881, -75.57750033)"
2162547,09/23/2016,4:50 p.m.,Viernes,Camioneta,Particular,Conductor,Masculino,No,Sin Registro,Herido,Atropello,Cruzar sin observar,Calle 21  Sur Carrera 41 A,Zuñiga,Urbana,"(6.182549881, -75.57750033)"
2162569,09/23/2016,5:20 p.m.,Viernes,Motocicleta,Particular,Motociclista,Masculino,No,Sin Registro,Herido,Choque,Adelantar por la derecha,Tramo 372 Kilometro  7,Vereda Palmas,Rural,
2162569,09/23/2016,5:20 p.m.,Viernes,Motocicleta,Particular,Motociclista,Masculino,No,Sin Registro,Herido,Choque,Adelantar por la derecha,Tramo 372 Kilometro  7,Vereda Palmas,Rural,
2162553,09/24/2016,10:30 a.m.,Sábado,Motocicleta,Particular,Motociclista,Masculino,No,Sin Registro,Herido,Caida Ocupante,Huecos,Calle 28  Sur Carrera 48,Las Vegas,Urbana,
2162570,09/24/2016,12:00 p.m.,Sábado,Automovil,Particular,Conductor,Femenino,No,Sin Registro,Solo Daños,Choque,Adelantar cerrando,Calle 37  Sur Diagonal 31,Sin Registro,Urbana,"(6.166120684, -75.58074061)"
2162570,09/24/2016,12:00 p.m.,Sábado,Sin Registro,Publico,Conductor,Masculino,No,Sin Registro,Solo Daños,Choque,Adelantar cerrando,Calle 37  Sur Diagonal 31,Sin Registro,Urbana,"(6.166120684, -75.58074061)"
2162563,09/24/2016,1:00 p.m.,Sábado,Automovil,Particular,Conductor,Masculino,No,Sin Registro,Solo Daños,Choque,Adelantar cerrando,Calle 46  Sur Carrera 46,Primavera,Urbana,"(6.164633401, -75.59668961)"
2162563,09/24/2016,1:00 p.m.,Sábado,Automovil,Publico,Conductor,Masculino,No,Sin Registro,Solo Daños,Choque,Adelantar cerrando,Calle 46  Sur Carrera 46,Primavera,Urbana,"(6.164633401, -75.59668961)"
2162557,09/24/2016,2:50 p.m.,Sábado,Buseta,Publico,Conductor,Masculino,No,Sin Registro,Solo Daños,Choque,Adelantar cerrando,Calle 37  Sur Carrera 39,Zona Centro,Urbana,"(6.169035546, -75.58484755)"
2162557,09/24/2016,2:50 p.m.,Sábado,Automovil,Particular,Conductor,Masculino,No,Sin Registro,Solo Daños,Choque,Adelantar cerrando,Calle 37  Sur Carrera 39,Zona Centro,Urbana,"(6.169035546, -75.58484755)"
2162560,09/24/2016,6:19 p.m.,Sábado,Bicicleta,Particular,Ciclista,Masculino,No,Sin Registro,Herido,Choque,Desobedecer senales,Calle 44  Sur Carrera 41,El Dorado,Urbana,"(6.164161335, -75.5915997)"
2162560,09/24/2016,6:19 p.m.,Sábado,Automovil,Publico,Conductor,Masculino,No,Sin Registro,Herido,Choque,Desobedecer senales,Calle 44  Sur Carrera 41,El Dorado,Urbana,"(6.164161335, -75.5915997)"
2162556,09/24/2016,9:00 p.m.,Sábado,Automovil,Particular,Conductor,Masculino,No,Sin Registro,Solo Daños,Choque,No mantener distancia de seguridad,Calle 32 B Sur Carrera 48,Las Vegas,Urbana,"(6.177255701, -75.59003137)"
2162556,09/24/2016,9:00 p.m.,Sábado,Motocicleta,Particular,Motociclista,Masculino,No,Sin Registro,Solo Daños,Choque,No mantener distancia de seguridad,Calle 32 B Sur Carrera 48,Las Vegas,Urbana,"(6.177255701, -75.59003137)"
2162576,09/25/2016,7:30 a.m.,Domingo,Automovil,Particular,Conductor,Masculino,No,Sin Registro,Solo Daños,Volcamiento,Exceso de velocidad,Tramo 372 Kilometro  14,Vereda Palmas,Rural,
2162562,09/25/2016,9:35 a.m.,Domingo,Automovil,Particular,Conductor,Masculino,No,Sin Registro,Solo Daños,Choque,Desobedecer senales,Diagonal 32 B Transversal 34,La Magnolia,Urbana,"(6.172777915, -75.58223786)"
2162562,09/25/2016,9:35 a.m.,Domingo,Bus,Publico,Conductor,Masculino,No,Sin Registro,Solo Daños,Choque,Desobedecer senales,Diagonal 32 B Transversal 34,La Magnolia,Urbana,"(6.172777915, -75.58223786)"
2162582,09/25/2016,11:00 a.m.,Domingo,Camioneta,Particular,Conductor,Femenino,No,Sin Registro,Solo Daños,Choque,No respetar prelacion,Calle 37  Sur Carrera 48,Sin Registro,Urbana,"(6.17412211, -75.59306111)"
2162582,09/25/2016,11:00 a.m.,Domingo,Automovil,Particular,Conductor,Masculino,No,Sin Registro,Solo Daños,Choque,No respetar prelacion,Calle 37  Sur Carrera 48,Sin Registro,Urbana,"(6.17412211, -75.59306111)"
2162558,09/25/2016,1:00 p.m.,Domingo,Automovil,Particular,Conductor,Masculino,No,Sin Registro,Solo Daños,Choque,Desobedecer senales,Calle 37  Sur Carrera 38,Zona Centro,Urbana,"(6.168685416, -75.58429124)"
2162558,09/25/2016,1:00 p.m.,Domingo,Motocicleta,Particular,Motociclista,Masculino,No,Sin Registro,Solo Daños,Choque,Desobedecer senales,Calle 37  Sur Carrera 38,Zona Centro,Urbana,"(6.168685416, -75.58429124)"
2162564,09/26/2016,6:40 a.m.,Lunes,Campero,Particular,Conductor,Masculino,No,Sin Registro,Solo Daños,Choque,No mantener distancia de seguridad,Calle 21  Sur Carrera 41,Sin Registro,Urbana,"(6.182165945, -75.57677668)"
2162564,09/26/2016,6:40 a.m.,Lunes,Automovil,Particular,Conductor,Masculino,No,Sin Registro,Solo Daños,Choque,No mantener distancia de seguridad,Calle 21  Sur Carrera 41,Sin Registro,Urbana,"(6.182165945, -75.57677668)"
2162568,09/26/2016,7:15 a.m.,Lunes,Camioneta,Particular,Conductor,Masculino,No,Sin Registro,Solo Daños,Choque,Desobedecer senales,Calle 31  Sur Carrera 43 A,San Marcos,Urbana,"(6.176823564, -75.58539215)"
2162568,09/26/2016,7:15 a.m.,Lunes,Automovil,Particular,Conductor,Femenino,No,Sin Registro,Solo Daños,Choque,Desobedecer senales,Calle 31  Sur Carrera 43 A,San Marcos,Urbana,"(6.176823564, -75.58539215)"
2162567,09/26/2016,8:00 a.m.,Lunes,Motocicleta,Particular,Motociclista,Femenino,No,Sin Registro,Solo Daños,Choque,Adelantar por la derecha,Calle 37  Sur Carrera 50,Las Vegas,Urbana,
2162567,09/26/2016,8:00 a.m.,Lunes,Tracto-Camion Remolque,Publico,Conductor,Masculino,No,Sin Registro,Solo Daños,Choque,Adelantar por la derecha,Calle 37  Sur Carrera 50,Las Vegas,Urbana,
2162566,09/26/2016,9:40 a.m.,Lunes,Automovil,Particular,Conductor,Masculino,No,Sin Registro,Solo Daños,Choque,No mantener distancia de seguridad,Calle 40  Sur Carrera 48,Las Vegas,Urbana,"(6.158744179, -75.59459712)"
2162566,09/26/2016,9:40 a.m.,Lunes,Camioneta,Publico,Conductor,Masculino,No,Sin Registro,Solo Daños,Choque,No mantener distancia de seguridad,Calle 40  Sur Carrera 48,Las Vegas,Urbana,"(6.158744179, -75.59459712)"
2162577,09/26/2016,9:45 a.m.,Lunes,Camioneta,Publico,Conductor,Masculino,No,Sin Registro,Solo Daños,Choque,No mantener distancia de seguridad,Tramo 372 Kilometro  16,Vereda Palmas,Rural,
2162577,09/26/2016,9:45 a.m.,Lunes,Automovil,Particular,Conductor,Masculino,No,Sin Registro,Solo Daños,Choque,No mantener distancia de seguridad,Tramo 372 Kilometro  16,Vereda Palmas,Rural,
2162584,09/26/2016,11:20 a.m.,Lunes,Automovil,Publico,Conductor,Masculino,No,Sin Registro,Solo Daños,Choque,Otra,Calle 43  Sur Carrera 49,Las Vegas,Urbana,
2162584,09/26/2016,11:20 a.m.,Lunes,Camion,Publico,Conductor,Masculino,No,Sin Registro,Solo Daños,Choque,Otra,Calle 43  Sur Carrera 49,Las Vegas,Urbana,
2162579,09/26/2016,2:15 p.m.,Lunes,Automovil,Particular,Conductor,Masculino,No,Sin Registro,Solo Daños,Choque,Desobedecer senales,Diagonal 32 D Transversal 33,La Magnolia,Urbana,"(6.174101275, -75.58360607)"
2162579,09/26/2016,2:15 p.m.,Lunes,Motocicleta,Particular,Motociclista,Masculino,No,Sin Registro,Solo Daños,Choque,Desobedecer senales,Diagonal 32 D Transversal 33,La Magnolia,Urbana,"(6.174101275, -75.58360607)"
2162578,09/26/2016,2:50 p.m.,Lunes,Camioneta,Particular,Conductor,Femenino,No,Sin Registro,Solo Daños,Choque,Adelantar en zona prohibida,Calle 39  Sur Carrera 27 B,Sin Registro,Urbana,"(6.159217585, -75.57883462)"
2162578,09/26/2016,2:50 p.m.,Lunes,Motocicleta,Particular,Motociclista,Masculino,No,Sin Registro,Solo Daños,Choque,Adelantar en zona prohibida,Calle 39  Sur Carrera 27 B,Sin Registro,Urbana,"(6.159217585, -75.57883462)"
2162572,09/26/2016,4:45 p.m.,Lunes,Automovil,Particular,Conductor,Femenino,No,Sin Registro,Solo Daños,Choque,Impericia en el manejo,Calle 48 F Sur Carrera 39 E,Loma Del Barro,Urbana,"(6.156024221, -75.59807255)"
2162572,09/26/2016,4:45 p.m.,Lunes,Automovil,Particular,Conductor,Masculino,No,Sin Registro,Solo Daños,Choque,Impericia en el manejo,Calle 48 F Sur Carrera 39 E,Loma Del Barro,Urbana,"(6.156024221, -75.59807255)"
2162573,09/26/2016,5:10 p.m.,Lunes,Motocicleta,Particular,Motociclista,Masculino,No,Sin Registro,Solo Daños,Choque,No mantener distancia de seguridad,Calle 36 D Sur Carrera 27,Vereda El Escobero,Urbana,"(6.162479576, -75.57022257)"
2162573,09/26/2016,5:10 p.m.,Lunes,Automovil,Particular,Conductor,Femenino,No,Sin Registro,Solo Daños,Choque,No mantener distancia de seguridad,Calle 36 D Sur Carrera 27,Vereda El Escobero,Urbana,"(6.162479576, -75.57022257)"
2162593,09/27/2016,6:40 a.m.,Martes,Automovil,Particular,Conductor,Masculino,No,Sin Registro,Solo Daños,Choque,Desobedecer senales,Calle 45 B Sur Carrera 43,La Paz,Urbana,"(6.164485785, -75.59467842)"
2162593,09/27/2016,6:40 a.m.,Martes,Motocicleta,Particular,Motociclista,Masculino,No,Sin Registro,Solo Daños,Choque,Desobedecer senales,Calle 45 B Sur Carrera 43,La Paz,Urbana,"(6.164485785, -75.59467842)"
2162581,09/27/2016,8:10 a.m.,Martes,Buseta,Publico,Conductor,Masculino,No,Sin Registro,Solo Daños,Choque,Adelantar cerrando,Calle 25  Sur Carrera 48,Las Vegas,Urbana,
2162581,09/27/2016,8:10 a.m.,Martes,Campero,Particular,Conductor,Masculino,No,Sin Registro,Solo Daños,Choque,Adelantar cerrando,Calle 25  Sur Carrera 48,Las Vegas,Urbana,
2162603,09/29/2016,7:15 a.m.,Jueves,Camion,Publico,Conductor,Masculino,No,Sin Registro,Herido,Choque,Semaforo en rojo,Calle 39  Sur Carrera 41,Zona Centro,Urbana,"(6.167870042, -75.58744871)"
2162583,09/27/2016,8:40 a.m.,Martes,Automovil,Particular,Conductor,Masculino,No,Sin Registro,Solo Daños,Choque,No mantener distancia de seguridad,Diagonal 31 Calle 36 A Sur,La Magnolia,Urbana,"(6.167967817, -75.58028177)"
2162583,09/27/2016,8:40 a.m.,Martes,Automovil,Publico,Conductor,Masculino,No,Sin Registro,Solo Daños,Choque,No mantener distancia de seguridad,Diagonal 31 Calle 36 A Sur,La Magnolia,Urbana,"(6.167967817, -75.58028177)"
2162897,09/27/2016,10:30 a.m.,Martes,Automovil,Particular,Conductor,Masculino,No,Sin Registro,Solo Daños,Choque,Otra,Calle 26 B Sur Carrera 42 B,Sin Registro,Urbana,"(6.176911315, -75.58005899)"
2162897,09/27/2016,10:30 a.m.,Martes,Campero,Particular,Conductor,Masculino,No,Sin Registro,Solo Daños,Choque,Otra,Calle 26 B Sur Carrera 42 B,Sin Registro,Urbana,"(6.176911315, -75.58005899)"
2162586,09/27/2016,11:50 a.m.,Martes,Bus,Publico,Conductor,Masculino,No,Sin Registro,Solo Daños,Choque,Adelantar cerrando,Diagonal 32 D Transversal 32 A,La Magnolia,Urbana,"(6.175128619, -75.58398566)"
2162586,09/27/2016,11:50 a.m.,Martes,Camioneta,Particular,Conductor,Femenino,No,Sin Registro,Solo Daños,Choque,Adelantar cerrando,Diagonal 32 D Transversal 32 A,La Magnolia,Urbana,"(6.175128619, -75.58398566)"
2162580,09/27/2016,2:10 p.m.,Martes,Motocicleta,Particular,Motociclista,Femenino,No,Sin Registro,Herido,Choque,No mantener distancia de seguridad,Calle 37  Sur Carrera 48,El Portal,Urbana,"(6.17412211, -75.59306111)"
2162580,09/27/2016,2:10 p.m.,Martes,Campero,Particular,Conductor,Masculino,No,Sin Registro,Herido,Choque,No mantener distancia de seguridad,Calle 37  Sur Carrera 48,El Portal,Urbana,"(6.17412211, -75.59306111)"
2162589,09/27/2016,6:20 p.m.,Martes,Motocicleta,Particular,Motociclista,Masculino,No,Sin Registro,Herido,Atropello,No respetar prelacion,Calle 20  Sur Carrera 48,Las Vegas,Urbana,
2162587,09/28/2016,6:00 a.m.,Miércoles,Microbus,Publico,Conductor,Femenino,No,Sin Registro,Solo Daños,Choque,Impericia en el manejo,Calle 27  Sur Carrera 28,El Esmeraldal,Urbana,"(6.175346318, -75.5745834)"