RADICADO,FECHA,HORA,DÍA DE LA SEMANA,CLASE DE VEHICULO,TIPO DE SERVICIO,TIPO DE VICTIMA,SEXO,ESTADO DE BEODEZ,RESULTADO DE BEODEZ,GRAVEDAD,CLASE DE ACCIDENTE,CAUSA,DIRECCIÓN,BARRIO,AREA,Coordenadas
2162587,09/28/2016,6:00 a.m.,Miércoles,Automovil,Particular,Conductor,Masculino,No,Sin Registro,Solo Daños,Choque,Impericia en el manejo,Calle 27  Sur Carrera 28,El Esmeraldal,Urbana,"(6.175346318, -75.5745834)"
2162596,09/28/2016,6:15 a.m.,Miércoles,Automovil,Publico,Conductor,Masculino,No,Sin Registro,Solo Daños,Choque,Desobedecer senales,Calle 39  Sur Carrera 27 B,El Chinguí,Urbana,"(6.159217585, -75.57883462)"
2162596,09/28/2016,6:15 a.m.,Miércoles,Automovil,Publico,Conductor,Femenino,No,Sin Registro,Solo Daños,Choque,Desobedecer senales,Calle 39  Sur Carrera 27 B,El Chinguí,Urbana,"(6.159217585, -75.57883462)"
2162588,09/28/2016,7:00 a.m.,Miércoles,Motocicleta,Particular,Motociclista,Femenino,No,Sin Registro,Solo Daños,Choque,No mantener distancia de seguridad,Calle 28  Sur Carrera 43 A,San Marcos,Urbana,"(6.17886726, -75.58520592)"
2162588,09/28/2016,7:00 a.m.,Miércoles,Motocicleta,Particular,Motociclista,Femenino,No,Sin Registro,Solo Daños,Choque,No mantener distancia de seguridad,Calle 28  Sur Carrera 43 A,San Marcos,Urbana,"(6.17886726, -75.58520592)"
2162600,09/28/2016,11:30 a.m.,Miércoles,Automovil,Publico,Conductor,Masculino,No,Sin Registro,Solo Daños,Choque,Semaforo en rojo,Calle 45  Sur Carrera 43 A,La Paz,Urbana,"(6.165246116, -75.59449417)"
2162600,09/28/2016,11:30 a.m.,Miércoles,Buseta,Publico,Conductor,Masculino,No,Sin Registro,Solo Daños,Choque,Semaforo en rojo,Calle 45  Sur Carrera 43 A,La Paz,Urbana,"(6.165246116, -75.59449417)"
2162591,09/28/2016,3:10 p.m.,Miércoles,Camioneta,Particular,Conductor,Masculino,No,Sin Registro,Solo Daños,Choque,Adelantar cerrando,Calle 21  Sur Carrera 41,Zuñiga,Urbana,"(6.182165945, -75.57677668)"
2162591,09/28/2016,3:10 p.m.,Miércoles,Camioneta,Particular,Conductor,Masculino,No,Sin Registro,Solo Daños,Choque,Adelantar cerrando,Calle 21  Sur Carrera 41,Zuñiga,Urbana,"(6.182165945, -75.57677668)"
2162592,09/28/2016,4:50 p.m.,Miércoles,Automovil,Diplomatico,Conductor,Femenino,No,Sin Registro,Solo Daños,Choque,Reverso imprudente,Calle 39  Sur Carrera 44 A,Alcala,Urbana,"(6.16947488, -75.59058438)"
2162592,09/28/2016,4:50 p.m.,Miércoles,Automovil,Particular,Conductor,Masculino,No,Sin Registro,Solo Daños,Choque,Reverso imprudente,Calle 39  Sur Carrera 44 A,Alcala,Urbana,"(6.16947488, -75.59058438)"
2162594,09/28/2016,5:30 p.m.,Miércoles,Microbus,Publico,Conductor,Masculino,No,Sin Registro,Solo Daños,Choque,No respetar prelacion,Tramo 377 Kilometro  800,Vereda Palmas,Rural,
2162594,09/28/2016,5:30 p.m.,Miércoles,Motocicleta,Particular,Motociclista,Masculino,No,Sin Registro,Solo Daños,Choque,No respetar prelacion,Tramo 377 Kilometro  800,Vereda Palmas,Rural,
2162590,09/28/2016,7:00 p.m.,Miércoles,Automovil,Particular,Conductor,Masculino,No,Sin Registro,Solo Daños,Choque,Exceso de velocidad,Calle 27  Sur Carrera 27 D,El Esmeraldal,Urbana,"(6.174986227, -75.57228403)"
2162590,09/28/2016,7:00 p.m.,Miércoles,Camioneta,Particular,Conductor,Femenino,No,Sin Registro,Solo Daños,Choque,Exceso de velocidad,Calle 27  Sur Carrera 27 D,El Esmeraldal,Urbana,"(6.174986227, -75.57228403)"
2162864,10/24/2016,10:50 a.m.,Lunes,Motocicleta,Particular,Motociclista,Masculino,No,Sin Registro,Solo Daños,Choque,Otra,Calle 26  Sur Carrera 50,Las Vegas,Urbana,
2162623,09/29/2016,6:15 a.m.,Jueves,Automovil,Particular,Conductor,Femenino,No,Sin Registro,Solo Daños,Choque,Adelantar cerrando,Calle 37  Sur Carrera 31,Mesa,Urbana,"(6.166120684, -75.58074061)"
2162623,09/29/2016,6:15 a.m.,Jueves,Bus,Publico,Conductor,Masculino,No,Sin Registro,Solo Daños,Choque,Adelantar cerrando,Calle 37  Sur Carrera 31,Mesa,Urbana,"(6.166120684, -75.58074061)"
2162603,09/29/2016,7:15 a.m.,Jueves,Motocicleta,Particular,Motociclista,Masculino,No,Sin Registro,Herido,Choque,Semaforo en rojo,Calle 39  Sur Carrera 41,Zona Centro,Urbana,"(6.167870042, -75.58744871)"
2162601,09/29/2016,10:05 a.m.,Jueves,Automovil,Particular,Conductor,Masculino,No,Sin Registro,Solo Daños,Choque,No mantener distancia de seguridad,Calle 43  Sur Carrera 48,Las Vegas,Urbana,"(6.168592602, -75.597529)"
2162601,09/29/2016,10:05 a.m.,Jueves,Automovil,Particular,Conductor,Masculino,No,Sin Registro,Solo Daños,Choque,No mantener distancia de seguridad,Calle 43  Sur Carrera 48,Las Vegas,Urbana,"(6.168592602, -75.597529)"
2162638,09/29/2016,10:50 a.m.,Jueves,Bus,Publico,Conductor,Masculino,No,Sin Registro,Solo Daños,Choque,Otra,Calle 37  Sur Carrera 29 A,Sin Registro,Urbana,"(6.166159821, -75.58061864)"
2162638,09/29/2016,10:50 a.m.,Jueves,Automovil,Particular,Conductor,Femenino,No,Sin Registro,Solo Daños,Choque,Otra,Calle 37  Sur Carrera 29 A,Sin Registro,Urbana,"(6.166159821, -75.58061864)"
2162602,09/29/2016,10:55 a.m.,Jueves,Motocicleta,Particular,Motociclista,Masculino,No,Sin Registro,Solo Daños,Choque,Adelantar cerrando,Calle 43  Sur Carrera 48,Las Vegas,Urbana,"(6.168592602, -75.597529)"
2162602,09/29/2016,10:55 a.m.,Jueves,Automovil,Particular,Conductor,Sin registro,No,Sin Registro,Solo Daños,Choque,Adelantar cerrando,Calle 43  Sur Carrera 48,Las Vegas,Urbana,"(6.168592602, -75.597529)"
2162616,09/29/2016,2:40 p.m.,Jueves,Motocicleta,Particular,Motociclista,Masculino,No,Sin Registro,Herido,Choque,Exceso de velocidad,Calle 36 D Sur Carrera 22,Vereda El Escobero,Urbana,"(6.162479576, -75.57022257)"
2162616,09/29/2016,2:40 p.m.,Jueves,Motocicleta,Particular,Motociclista,Masculino,No,Sin Registro,Herido,Choque,Impericia en el manejo,Calle 36 D Sur Carrera 22,Vereda El Escobero,Urbana,"(6.162479576, -75.57022257)"
2162639,09/29/2016,3:00 p.m.,Jueves,Motocicleta,Particular,Motociclista,Masculino,No,Sin Registro,Solo Daños,Choque,Adelantar cerrando,Calle 50  Sur Carrera 48,Sin Registro,Urbana,
2162639,09/29/2016,3:00 p.m.,Jueves,Automovil,Particular,Conductor,Femenino,No,Sin Registro,Solo Daños,Choque,Adelantar cerrando,Calle 50  Sur Carrera 48,Sin Registro,Urbana,
2162595,09/29/2016,4:00 p.m.,Jueves,Campero,Particular,Conductor,Masculino,No,Sin Registro,Herido,Choque,No respetar prelacion,Tramo 376 Kilometro  2,Vereda Perico,Rural,
2162595,09/29/2016,4:00 p.m.,Jueves,Motocicleta,Particular,Motociclista,Masculino,No,Sin Registro,Herido,Choque,No respetar prelacion,Tramo 376 Kilometro  2,Vereda Perico,Rural,
2162598,09/29/2016,4:12 p.m.,Jueves,Campero,Particular,Conductor,Masculino,No,Sin Registro,Solo Daños,Choque,Adelantar cerrando,Calle 37  Sur Carrera 48,Las Vegas,Urbana,"(6.17412211, -75.59306111)"
2162598,09/29/2016,4:12 p.m.,Jueves,Camioneta,Publico,Conductor,Masculino,No,Sin Registro,Solo Daños,Choque,Adelantar cerrando,Calle 37  Sur Carrera 48,Las Vegas,Urbana,"(6.17412211, -75.59306111)"
2162647,09/29/2016,5:10 p.m.,Jueves,Camion,Publico,Conductor,Masculino,No,Sin Registro,Herido,Choque,Otra,Tramo 12 Kilometro  15,Vereda Palmas,Rural,
2162608,09/29/2016,5:30 p.m.,Jueves,Motocicleta,Particular,Motociclista,Masculino,No,Sin Registro,Herido,Choque,No respetar prelacion,Calle 37  Sur Carrera 48,El Portal,Urbana,"(6.17412211, -75.59306111)"
2162608,09/29/2016,5:30 p.m.,Jueves,Motocicleta,Particular,Motociclista,Masculino,No,Sin Registro,Herido,Choque,No respetar prelacion,Calle 37  Sur Carrera 48,El Portal,Urbana,"(6.17412211, -75.59306111)"
2162599,09/29/2016,5:45 p.m.,Jueves,Microbus,Publico,Conductor,Masculino,No,Sin Registro,Solo Daños,Choque,No mantener distancia de seguridad,Calle 27 A Sur Carrera 48,Las Vegas,Urbana,"(6.179449536, -75.5850415)"
2162599,09/29/2016,5:45 p.m.,Jueves,Camioneta,Particular,Conductor,Femenino,No,Sin Registro,Solo Daños,Choque,No mantener distancia de seguridad,Calle 27 A Sur Carrera 48,Las Vegas,Urbana,"(6.179449536, -75.5850415)"
2162597,09/29/2016,7:00 p.m.,Jueves,Motocicleta,Particular,Motociclista,Masculino,No,Sin Registro,Solo Daños,Choque,Desobedecer senales,Diagonal 40 Calle 35 B Sur,Zona Centro,Urbana,"(6.170776136, -75.58458325)"
2162597,09/29/2016,7:00 p.m.,Jueves,Automovil,Particular,Conductor,Femenino,No,Sin Registro,Solo Daños,Choque,Desobedecer senales,Diagonal 40 Calle 35 B Sur,Zona Centro,Urbana,"(6.170776136, -75.58458325)"
2162621,09/30/2016,6:30 a.m.,Viernes,Automovil,Particular,Conductor,Femenino,No,Sin Registro,Solo Daños,Choque,Desobedecer senales,Calle 46 A Sur Carrera 42,La Paz,Urbana,"(6.161603623, -75.59385214)"
2162621,09/30/2016,6:30 a.m.,Viernes,Buseta,Publico,Conductor,Masculino,No,Sin Registro,Solo Daños,Choque,Desobedecer senales,Calle 46 A Sur Carrera 42,La Paz,Urbana,"(6.161603623, -75.59385214)"
2162642,03/10/2016,1:00 p.m.,Lunes,Bus,Publico,Conductor,Masculino,No,Sin Registro,Solo Daños,Choque,Adelantar cerrando,Calle 25 A Sur Carrera 43 A,Sin Registro,Urbana,"(6.181689385, -75.58241799)"
2162611,09/30/2016,7:10 a.m.,Viernes,Automovil,Particular,Conductor,Masculino,No,Sin Registro,Solo Daños,Choque,No respetar pelacion de interseccion o giros,Calle 36 D Sur Carrera 27,Vereda El Escobero,Urbana,"(6.162479576, -75.57022257)"
2162611,09/30/2016,7:10 a.m.,Viernes,Automovil,Publico,Conductor,Masculino,No,Sin Registro,Solo Daños,Choque,Adelantar cerrando,Calle 36 D Sur Carrera 27,Vereda El Escobero,Urbana,"(6.162479576, -75.57022257)"
2162611,09/30/2016,7:10 a.m.,Viernes,Automovil,Publico,Conductor,Masculino,No,Sin Registro,Solo Daños,Choque,No respetar pelacion de interseccion o giros,Calle 36 D Sur Carrera 27,Vereda El Escobero,Urbana,"(6.162479576, -75.57022257)"
2162611,09/30/2016,7:10 a.m.,Viernes,Automovil,Particular,Conductor,Masculino,No,Sin Registro,Solo Daños,Choque,Adelantar cerrando,Calle 36 D Sur Carrera 27,Vereda El Escobero,Urbana,"(6.162479576, -75.57022257)"
2162604,09/30/2016,8:00 a.m.,Viernes,Motocicleta,Particular,Motociclista,Masculino,No,Sin Registro,Herido,Choque,No respetar prelacion,Calle 40  Sur Carrera 24 E,El Salado,Urbana,"(6.147263187, -75.57633575)"
2162604,09/30/2016,8:00 a.m.,Viernes,Motocicleta,Particular,Motociclista,Masculino,No,Sin Registro,Herido,Choque,No respetar prelacion,Calle 40  Sur Carrera 24 E,El Salado,Urbana,"(6.147263187, -75.57633575)"
2162612,09/30/2016,8:40 a.m.,Viernes,Motocicleta,Particular,Motociclista,Masculino,No,Sin Registro,Herido,Choque,Adelantar cerrando,Tramo 372 Kilometro  17,Vereda Palmas,Rural,
2162612,09/30/2016,8:40 a.m.,Viernes,Automovil,Particular,Conductor,Femenino,No,Sin Registro,Herido,Choque,Adelantar cerrando,Tramo 372 Kilometro  17,Vereda Palmas,Rural,
2162620,09/30/2016,9:00 a.m.,Viernes,Camioneta,Particular,Conductor,Masculino,No,Sin Registro,Solo Daños,Choque,Desobedecer senales,Calle 21  Sur Carrera 43 A,Zuñiga,Urbana,"(6.18399286, -75.57959764)"
2162620,09/30/2016,9:00 a.m.,Viernes,Motocicleta,Particular,Motociclista,Masculino,No,Sin Registro,Solo Daños,Choque,Desobedecer senales,Calle 21  Sur Carrera 43 A,Zuñiga,Urbana,"(6.18399286, -75.57959764)"
2162610,09/30/2016,12:00 p.m.,Viernes,Camioneta,Particular,Conductor,Masculino,No,Sin Registro,Herido,Choque,Desobedecer senales,Calle 33 B Sur Carrera 42,Zona Centro,Urbana,"(6.17255447, -75.58554957)"
2162610,09/30/2016,12:00 p.m.,Viernes,Motocicleta,Particular,Motociclista,Masculino,No,Sin Registro,Herido,Choque,Desobedecer senales,Calle 33 B Sur Carrera 42,Zona Centro,Urbana,"(6.17255447, -75.58554957)"
2162637,09/30/2016,2:00 p.m.,Viernes,Automovil,Particular,Conductor,Femenino,No,Sin Registro,Solo Daños,Choque,Adelantar cerrando,Calle 38 A Sur Carrera 48,Las Vegas,Urbana,"(6.168560755, -75.58701537)"
2162637,09/30/2016,2:00 p.m.,Viernes,Camioneta,Particular,Conductor,Masculino,No,Sin Registro,Solo Daños,Choque,Adelantar cerrando,Calle 38 A Sur Carrera 48,Las Vegas,Urbana,"(6.168560755, -75.58701537)"
2162624,09/30/2016,2:20 p.m.,Viernes,Automovil,Publico,Conductor,Masculino,No,Sin Registro,Solo Daños,Choque,Adelantar cerrando,Calle 48  Sur Carrera 48,Las Vegas,Urbana,"(6.164595282, -75.60138041)"
2162624,09/30/2016,2:20 p.m.,Viernes,Automovil,Particular,Conductor,Masculino,No,Sin Registro,Solo Daños,Choque,Adelantar cerrando,Calle 48  Sur Carrera 48,Las Vegas,Urbana,"(6.164595282, -75.60138041)"
2162640,09/30/2016,6:00 p.m.,Viernes,Automovil,Particular,Conductor,Masculino,No,Sin Registro,Solo Daños,Choque,Desobedecer senales,Calle 39  Sur Carrera 33,Mesa,Urbana,"(6.164989355, -75.58296685)"
2162640,09/30/2016,6:00 p.m.,Viernes,Automovil,Publico,Conductor,Masculino,No,Sin Registro,Solo Daños,Choque,Desobedecer senales,Calle 39  Sur Carrera 33,Mesa,Urbana,"(6.164989355, -75.58296685)"
2162609,09/30/2016,6:50 p.m.,Viernes,Automovil,Particular,Conductor,Masculino,No,Sin Registro,Solo Daños,Choque,No mantener distancia de seguridad,Calle 37 A Sur Carrera 46,Las Vegas,Urbana,"(6.172419884, -75.59109871)"
2162609,09/30/2016,6:50 p.m.,Viernes,Automovil,Particular,Conductor,Masculino,No,Sin Registro,Solo Daños,Choque,No mantener distancia de seguridad,Calle 37 A Sur Carrera 46,Las Vegas,Urbana,"(6.172419884, -75.59109871)"
2162614,09/30/2016,7:10 p.m.,Viernes,Camioneta,Particular,Conductor,Masculino,No,Sin Registro,Solo Daños,Choque,No mantener distancia de seguridad,Tramo 372 Kilometro  16,Vereda Palmas,Rural,
2162614,09/30/2016,7:10 p.m.,Viernes,Automovil,Particular,Conductor,Masculino,No,Sin Registro,Solo Daños,Choque,No mantener distancia de seguridad,Tramo 372 Kilometro  16,Vereda Palmas,Rural,
2162625,09/30/2016,10:00 p.m.,Viernes,Automovil,Publico,Conductor,Masculino,No,Sin Registro,Solo Daños,Choque,Desobedecer senales,Calle 39  Sur Carrera 27,Sin Registro,Urbana,"(6.159217585, -75.57883462)"
2162625,09/30/2016,10:00 p.m.,Viernes,Automovil,Particular,Conductor,Masculino,No,Sin Registro,Solo Daños,Choque,Desobedecer senales,Calle 39  Sur Carrera 27,Sin Registro,Urbana,"(6.159217585, -75.57883462)"
2162617,09/30/2016,10:30 p.m.,Viernes,Motocicleta,Particular,Motociclista,Masculino,No,Sin Registro,Herido,Choque,No mantener distancia de seguridad,Calle 25 B Sur Carrera 43 A,Milan Vallejuelos,Urbana,"(6.182085855, -75.58502925)"
2162617,09/30/2016,10:30 p.m.,Viernes,Motocicleta,Particular,Motociclista,Masculino,No,Sin Registro,Herido,Choque,No mantener distancia de seguridad,Calle 25 B Sur Carrera 43 A,Milan Vallejuelos,Urbana,"(6.182085855, -75.58502925)"
2162606,01/10/2016,1:50 a.m.,Sábado,Motocicleta,Particular,Motociclista,Masculino,No,Sin Registro,Herido,Caida Ocupante,Otra,Calle 50  Sur Carrera 48,Las Vegas,Urbana,
2162605,01/10/2016,10:10 a.m.,Sábado,Automovil,Particular,Conductor,Masculino,No,Sin Registro,Solo Daños,Choque,No respetar prelacion,Calle 36 AA Sur Carrera 26 A,Las Vegas,Urbana,"(6.164449671, -75.56797106)"
2162605,01/10/2016,10:10 a.m.,Sábado,Automovil,Particular,Conductor,Masculino,No,Sin Registro,Solo Daños,Choque,No respetar prelacion,Calle 36 AA Sur Carrera 26 A,Las Vegas,Urbana,"(6.164449671, -75.56797106)"
2162644,01/10/2016,12:50 p.m.,Sábado,Automovil,Particular,Conductor,Masculino,No,Sin Registro,Solo Daños,Choque,No mantener distancia de seguridad,Calle 25 A Sur Carrera 43 A,Zuñiga,Urbana,"(6.181689385, -75.58241799)"
2162644,01/10/2016,12:50 p.m.,Sábado,Automovil,Particular,Conductor,Masculino,No,Sin Registro,Solo Daños,Choque,No mantener distancia de seguridad,Calle 25 A Sur Carrera 43 A,Zuñiga,Urbana,"(6.181689385, -75.58241799)"
2162615,01/10/2016,1:30 p.m.,Sábado,Automovil,Publico,Conductor,Masculino,No,Sin Registro,Solo Daños,Choque,Otra,Calle 40 H Sur Carrera 43 A,Alcala,Urbana,"(6.167061568, -75.59080663)"
2162615,01/10/2016,1:30 p.m.,Sábado,Camioneta,Particular,Conductor,Masculino,No,Sin Registro,Solo Daños,Choque,Otra,Calle 40 H Sur Carrera 43 A,Alcala,Urbana,"(6.167061568, -75.59080663)"
2162628,01/10/2016,1:30 p.m.,Sábado,Campero,Particular,Conductor,Masculino,No,Sin Registro,Solo Daños,Choque,Adelantar cerrando,Calle 30  Sur Carrera 43 A,Avenida El Poblado,Urbana,"(6.177126039, -75.5852509)"
2162628,01/10/2016,1:30 p.m.,Sábado,Microbus,Publico,Conductor,Masculino,No,Sin Registro,Solo Daños,Choque,Adelantar cerrando,Calle 30  Sur Carrera 43 A,Avenida El Poblado,Urbana,"(6.177126039, -75.5852509)"
2162630,01/10/2016,1:30 p.m.,Sábado,Camioneta,Particular,Conductor,Masculino,No,Sin Registro,Solo Daños,Choque,Exceso de velocidad,Tramo 372 Kilometro  13,Vereda Palmas,Rural,
2162630,01/10/2016,1:30 p.m.,Sábado,Automovil,Particular,Conductor,Femenino,No,Sin Registro,Solo Daños,Choque,Exceso de velocidad,Tramo 372 Kilometro  13,Vereda Palmas,Rural,
2162627,01/10/2016,2:50 p.m.,Sábado,Automovil,Particular,Conductor,Masculino,No,Sin Registro,Solo Daños,Choque,No mantener distancia de seguridad,Calle 22  Sur Carrera 41,Sin Registro,Urbana,
2162627,01/10/2016,2:50 p.m.,Sábado,Camioneta,Particular,Conductor,Femenino,No,Sin Registro,Solo Daños,Choque,No mantener distancia de seguridad,Calle 22  Sur Carrera 41,Sin Registro,Urbana,
2162613,01/10/2016,3:00 p.m.,Sábado,Camioneta,Particular,Conductor,Masculino,No,Sin Registro,Solo Daños,Choque,No mantener distancia de seguridad,Tramo 373 Kilometro  12,Vereda Palmas,Rural,
2162613,01/10/2016,3:00 p.m.,Sábado,Automovil,Particular,Conductor,Masculino,No,Sin Registro,Solo Daños,Choque,No mantener distancia de seguridad,Tramo 373 Kilometro  12,Vereda Palmas,Rural,
2162632,01/10/2016,4:00 p.m.,Sábado,Automovil,Particular,Conductor,Masculino,No,Sin Registro,Solo Daños,Choque,Otra,Diagonal 32 Calle 36  Sur,Los Naranjos,Urbana,"(6.168258576, -75.58067017)"
2162678,04/10/2016,6:40 p.m.,Martes,Motocicleta,Particular,Motociclista,Masculino,No,Sin Registro,Herido,Choque,Adelantar por la derecha,Calle 19  Sur Carrera 48,Las Vegas,Urbana,
2162632,01/10/2016,4:00 p.m.,Sábado,Motocicleta,Particular,Motociclista,Masculino,No,Sin Registro,Solo Daños,Choque,Otra,Diagonal 32 Calle 36  Sur,Los Naranjos,Urbana,"(6.168258576, -75.58067017)"
2162635,01/10/2016,4:15 p.m.,Sábado,Automovil,Particular,Conductor,Masculino,No,Sin Registro,Herido,Choque,Desobedecer senales,Calle 40 AA Sur Carrera 36,El Dorado,Urbana,"(6.164225597, -75.58532014)"
2162635,01/10/2016,4:15 p.m.,Sábado,Motocicleta,Particular,Motociclista,Femenino,No,Sin Registro,Herido,Choque,Desobedecer senales,Calle 40 AA Sur Carrera 36,El Dorado,Urbana,"(6.164225597, -75.58532014)"
2162645,01/10/2016,5:10 p.m.,Sábado,Bus,Publico,Conductor,Masculino,No,Sin Registro,Herido,Caida Ocupante,Otra,Calle 39  Sur Carrera 31,Sin Registro,Urbana,"(6.164350999, -75.58194251)"
2162618,01/10/2016,5:40 p.m.,Sábado,Camion,Publico,Conductor,Masculino,No,Sin Registro,Solo Daños,Choque,Impericia en el manejo,Calle 32 B Sur Carrera 50,Las Vegas,Urbana,
2162618,01/10/2016,5:40 p.m.,Sábado,Automovil,Particular,Conductor,Masculino,No,Sin Registro,Solo Daños,Choque,Impericia en el manejo,Calle 32 B Sur Carrera 50,Las Vegas,Urbana,
2162622,01/10/2016,7:50 p.m.,Sábado,Automovil,Particular,Conductor,Masculino,No,Sin Registro,Solo Daños,Choque,Desobedecer senales,Calle 32 B Sur Carrera 48,Las Vegas,Urbana,"(6.177255701, -75.59003137)"
2162622,01/10/2016,7:50 p.m.,Sábado,Automovil,Particular,Conductor,Femenino,No,Sin Registro,Solo Daños,Choque,Desobedecer senales,Calle 32 B Sur Carrera 48,Las Vegas,Urbana,"(6.177255701, -75.59003137)"
2162619,01/10/2016,9:30 p.m.,Sábado,Microbus,Particular,Conductor,Masculino,No,Sin Registro,Herido,Choque,Embriaguez o droga,Calle 40  Sur Carrera 24 D,El Salado,Urbana,"(6.147263187, -75.57633575)"
2162619,01/10/2016,9:30 p.m.,Sábado,Motocicleta,Particular,Motociclista,Masculino,Si,2,Herido,Choque,Embriaguez o droga,Calle 40  Sur Carrera 24 D,El Salado,Urbana,"(6.147263187, -75.57633575)"
2162626,02/10/2016,6:40 a.m.,Domingo,Camioneta,Particular,Conductor,Masculino,No,Sin Registro,Solo Daños,Choque,Impericia en el manejo,Diagonal 31 D Transversal 32 A,Sin Registro,Urbana,"(6.176123022, -75.58101992)"
2162626,02/10/2016,6:40 a.m.,Domingo,Automovil,Publico,Conductor,Masculino,No,Sin Registro,Solo Daños,Choque,Impericia en el manejo,Diagonal 31 D Transversal 32 A,Sin Registro,Urbana,"(6.176123022, -75.58101992)"
2162634,02/10/2016,8:50 a.m.,Domingo,Motocicleta,Particular,Motociclista,Masculino,No,Sin Registro,Solo Daños,Choque,No mantener distancia de seguridad,Calle 31 A Sur Carrera 43 A,San Marcos,Urbana,"(6.17641909, -75.58556133)"
2162634,02/10/2016,8:50 a.m.,Domingo,Automovil,Particular,Conductor,Masculino,No,Sin Registro,Solo Daños,Choque,No mantener distancia de seguridad,Calle 31 A Sur Carrera 43 A,San Marcos,Urbana,"(6.17641909, -75.58556133)"
2162631,02/10/2016,10:00 a.m.,Domingo,Automovil,Particular,Conductor,Masculino,No,Sin Registro,Herido,Choque,Adelantar invadiendo carril de sentido contrario,Tramo 372 Kilometro  11,Vereda Palmas,Rural,
2162631,02/10/2016,10:00 a.m.,Domingo,Bicicleta,Particular,Ciclista,Masculino,No,Sin Registro,Herido,Choque,Exceso de velocidad,Tramo 372 Kilometro  11,Vereda Palmas,Rural,
2162631,02/10/2016,10:00 a.m.,Domingo,Bicicleta,Particular,Ciclista,Masculino,No,Sin Registro,Herido,Choque,Adelantar invadiendo carril de sentido contrario,Tramo 372 Kilometro  11,Vereda Palmas,Rural,
2162631,02/10/2016,10:00 a.m.,Domingo,Automovil,Particular,Conductor,Masculino,No,Sin Registro,Herido,Choque,Exceso de velocidad,Tramo 372 Kilometro  11,Vereda Palmas,Rural,
2162659,02/10/2016,11:10 a.m.,Domingo,Bicicleta,Particular,Ciclista,Masculino,No,Sin Registro,Herido,Choque,Adelantar cerrando,Calle 46 A Sur Carrera 50,Las Vegas,Urbana,
2162633,02/10/2016,12:00 p.m.,Domingo,Automovil,Particular,Conductor,Masculino,No,Sin Registro,Solo Daños,Choque,No mantener distancia de seguridad,Calle 40 DD Sur Carrera 42,El Dorado,Urbana,"(6.165700924, -75.58924551)"
2162633,02/10/2016,12:00 p.m.,Domingo,Automovil,Publico,Conductor,Masculino,No,Sin Registro,Solo Daños,Choque,No mantener distancia de seguridad,Calle 40 DD Sur Carrera 42,El Dorado,Urbana,"(6.165700924, -75.58924551)"
2162655,02/10/2016,1:00 p.m.,Domingo,Automovil,Particular,Conductor,Masculino,No,Sin Registro,Solo Daños,Choque,Otra,Calle 38 A Sur Carrera 40,Zona Centro,Urbana,"(6.168097144, -75.58630781)"
2162989,10/10/2016,9:00 a.m.,Lunes,Motocicleta,Particular,Motociclista,Masculino,No,Sin Registro,Solo Daños,Choque,Otra,Calle 25  Sur Carrera 48,Las Vegas,Urbana,
2162655,02/10/2016,1:00 p.m.,Domingo,Campero,Particular,Conductor,Femenino,No,Sin Registro,Solo Daños,Choque,Otra,Calle 38 A Sur Carrera 40,Zona Centro,Urbana,"(6.168097144, -75.58630781)"
2162643,02/10/2016,1:10 p.m.,Domingo,Bus,Publico,Conductor,Masculino,No,Sin Registro,Solo Daños,Choque,Impericia en el manejo,Calle 31  Sur Carrera 44 A,San Marcos,Urbana,"(6.176897223, -75.58628103)"
2162643,02/10/2016,1:10 p.m.,Domingo,Campero,Particular,Conductor,Femenino,No,Sin Registro,Solo Daños,Choque,Impericia en el manejo,Calle 31  Sur Carrera 44 A,San Marcos,Urbana,"(6.176897223, -75.58628103)"
2162643,02/10/2016,1:10 p.m.,Domingo,Automovil,Particular,Conductor,Masculino,No,Sin Registro,Solo Daños,Choque,Impericia en el manejo,Calle 31  Sur Carrera 44 A,San Marcos,Urbana,"(6.176897223, -75.58628103)"
2162660,02/10/2016,2:10 p.m.,Domingo,Automovil,Particular,Conductor,Masculino,No,Sin Registro,Solo Daños,Choque,Desobedecer senales,Diagonal 40 Transversal 34 A Sur,Obrero,Urbana,"(6.171697591, -75.58494481)"
2162660,02/10/2016,2:10 p.m.,Domingo,Automovil,Particular,Conductor,Femenino,No,Sin Registro,Solo Daños,Choque,Desobedecer senales,Diagonal 40 Transversal 34 A Sur,Obrero,Urbana,"(6.171697591, -75.58494481)"
2162629,02/10/2016,3:45 p.m.,Domingo,Bus,Publico,Conductor,Masculino,No,Sin Registro,Solo Daños,Choque,No mantener distancia de seguridad,Calle 50  Sur Carrera 48,Las Casitas,Urbana,
2162629,02/10/2016,3:45 p.m.,Domingo,Automovil,Particular,Conductor,Masculino,No,Sin Registro,Solo Daños,Choque,No mantener distancia de seguridad,Calle 50  Sur Carrera 48,Las Casitas,Urbana,
2162607,02/10/2016,8:10 p.m.,Domingo,Automovil,Particular,Conductor,Masculino,No,Sin Registro,Solo Daños,Choque,No respetar prelacion,Calle 45 B Sur Carrera 42 D,La Paz,Urbana,"(6.163728453, -75.59429537)"
2162607,02/10/2016,8:10 p.m.,Domingo,Automovil,Particular,Conductor,Masculino,No,Sin Registro,Solo Daños,Choque,No respetar prelacion,Calle 45 B Sur Carrera 42 D,La Paz,Urbana,"(6.163728453, -75.59429537)"