RADICADO,FECHA,HORA,DÍA DE LA SEMANA,CLASE DE VEHICULO,TIPO DE SERVICIO,TIPO DE VICTIMA,SEXO,ESTADO DE BEODEZ,RESULTADO DE BEODEZ,GRAVEDAD,CLASE DE ACCIDENTE,CAUSA,DIRECCIÓN,BARRIO,AREA,Coordenadas
2162650,03/10/2016,12:40 a.m.,Lunes,Motocicleta,Particular,Motociclista,Femenino,No,Sin Registro,Herido,Choque,Semaforo en rojo,Calle 37  Sur Carrera 39,Zona Centro,Urbana,"(6.169035546, -75.58484755)"
2162650,03/10/2016,12:40 a.m.,Lunes,Automovil,Particular,Conductor,Sin registro,No,Sin Registro,Herido,Choque,Semaforo en rojo,Calle 37  Sur Carrera 39,Zona Centro,Urbana,"(6.169035546, -75.58484755)"
2162636,03/10/2016,7:00 a.m.,Lunes,Automovil,Particular,Conductor,Femenino,No,Sin Registro,Solo Daños,Choque,Desobedecer senales,Diagonal 32 B Transversal 32 A,La Magnolia,Urbana,"(6.175372751, -75.58324574)"
2162636,03/10/2016,7:00 a.m.,Lunes,Camioneta,Particular,Conductor,Masculino,No,Sin Registro,Solo Daños,Choque,Desobedecer senales,Diagonal 32 B Transversal 32 A,La Magnolia,Urbana,"(6.175372751, -75.58324574)"
2162649,03/10/2016,8:40 a.m.,Lunes,Motocicleta,Particular,Motociclista,Masculino,No,Sin Registro,Herido,Choque,Transitar entre vehiculos,Calle 32  Sur Carrera 50,Las Vegas,Urbana,
2162649,03/10/2016,8:40 a.m.,Lunes,Camion,Publico,Conductor,Masculino,No,Sin Registro,Herido,Choque,Transitar entre vehiculos,Calle 32  Sur Carrera 50,Las Vegas,Urbana,
2162667,03/10/2016,11:00 a.m.,Lunes,Microbus,Particular,Conductor,Masculino,No,Sin Registro,Solo Daños,Choque,Vehiculo mal estacionado,Calle 40 AA Sur Carrera 36,Sin Registro,Urbana,"(6.164225597, -75.58532014)"
2162667,03/10/2016,11:00 a.m.,Lunes,Motocicleta,Particular,Motociclista,Masculino,No,Sin Registro,Solo Daños,Choque,Vehiculo mal estacionado,Calle 40 AA Sur Carrera 36,Sin Registro,Urbana,"(6.164225597, -75.58532014)"
2162667,03/10/2016,11:00 a.m.,Lunes,Automovil,Particular,Conductor,Femenino,No,Sin Registro,Solo Daños,Choque,Vehiculo mal estacionado,Calle 40 AA Sur Carrera 36,Sin Registro,Urbana,"(6.164225597, -75.58532014)"
2162651,03/10/2016,11:45 a.m.,Lunes,Automovil,Particular,Conductor,Femenino,No,Sin Registro,Solo Daños,Choque,Adelantar cerrando,Calle 39 B Sur Carrera 50,Las Vegas,Urbana,
2162651,03/10/2016,11:45 a.m.,Lunes,Motocicleta,Particular,Motociclista,Masculino,No,Sin Registro,Solo Daños,Choque,Adelantar cerrando,Calle 39 B Sur Carrera 50,Las Vegas,Urbana,
2162672,03/10/2016,12:30 p.m.,Lunes,Microbus,Publico,Conductor,Masculino,No,Sin Registro,Solo Daños,Choque,Impericia en el manejo,Calle 48 B Sur Carrera 39 D,El Trianon,Urbana,"(6.157878558, -75.59484044)"
2162672,03/10/2016,12:30 p.m.,Lunes,Camioneta,Particular,Conductor,Femenino,No,Sin Registro,Solo Daños,Choque,Exceso de velocidad,Calle 48 B Sur Carrera 39 D,El Trianon,Urbana,"(6.157878558, -75.59484044)"
2162672,03/10/2016,12:30 p.m.,Lunes,Camioneta,Particular,Conductor,Femenino,No,Sin Registro,Solo Daños,Choque,Impericia en el manejo,Calle 48 B Sur Carrera 39 D,El Trianon,Urbana,"(6.157878558, -75.59484044)"
2162672,03/10/2016,12:30 p.m.,Lunes,Motocicleta,Particular,Motociclista,Masculino,No,Sin Registro,Solo Daños,Choque,Exceso de velocidad,Calle 48 B Sur Carrera 39 D,El Trianon,Urbana,"(6.157878558, -75.59484044)"
2162672,03/10/2016,12:30 p.m.,Lunes,Motocicleta,Particular,Motociclista,Masculino,No,Sin Registro,Solo Daños,Choque,Impericia en el manejo,Calle 48 B Sur Carrera 39 D,El Trianon,Urbana,"(6.157878558, -75.59484044)"
2162672,03/10/2016,12:30 p.m.,Lunes,Microbus,Publico,Conductor,Masculino,No,Sin Registro,Solo Daños,Choque,Exceso de velocidad,Calle 48 B Sur Carrera 39 D,El Trianon,Urbana,"(6.157878558, -75.59484044)"
2162642,03/10/2016,1:00 p.m.,Lunes,Motocicleta,Particular,Motociclista,Masculino,No,Sin Registro,Solo Daños,Choque,Adelantar cerrando,Calle 25 A Sur Carrera 43 A,Sin Registro,Urbana,"(6.181689385, -75.58241799)"
2162657,03/10/2016,1:50 p.m.,Lunes,Automovil,Particular,Conductor,Masculino,No,Sin Registro,Solo Daños,Choque,Desobedecer senales,Diagonal 33 B Transversal 34,Los Naranjos,Urbana,
2162657,03/10/2016,1:50 p.m.,Lunes,Buseta,Publico,Conductor,Masculino,No,Sin Registro,Solo Daños,Choque,Desobedecer senales,Diagonal 33 B Transversal 34,Los Naranjos,Urbana,
2162641,03/10/2016,3:42 p.m.,Lunes,Automovil,Particular,Conductor,Masculino,No,Sin Registro,Solo Daños,Choque,Desobedecer senales,Diagonal 32 D Transversal 32,La Magnolia,Urbana,"(6.175661946, -75.58418404)"
2162641,03/10/2016,3:42 p.m.,Lunes,Camion,Publico,Conductor,Masculino,No,Sin Registro,Solo Daños,Choque,Desobedecer senales,Diagonal 32 D Transversal 32,La Magnolia,Urbana,"(6.175661946, -75.58418404)"
2162680,03/10/2016,4:00 p.m.,Lunes,Automovil,Particular,Conductor,Masculino,No,Sin Registro,Solo Daños,Choque,No mantener distancia de seguridad,Calle 32  Sur Carrera 50,Las Vegas,Urbana,
2162680,03/10/2016,4:00 p.m.,Lunes,Campero,Particular,Conductor,Masculino,No,Sin Registro,Solo Daños,Choque,No mantener distancia de seguridad,Calle 32  Sur Carrera 50,Las Vegas,Urbana,
2162680,03/10/2016,4:00 p.m.,Lunes,Motocicleta,Particular,Motociclista,Masculino,No,Sin Registro,Solo Daños,Choque,No mantener distancia de seguridad,Calle 32  Sur Carrera 50,Las Vegas,Urbana,
2162661,03/10/2016,4:40 p.m.,Lunes,Camioneta,Particular,Conductor,Femenino,No,Sin Registro,Herido,Choque,No respetar prelacion,Calle 37 B Sur Carrera 27 D,Sin Registro,Urbana,"(6.159428343, -75.57378869)"
2162661,03/10/2016,4:40 p.m.,Lunes,Motocicleta,Particular,Motociclista,Femenino,No,Sin Registro,Herido,Choque,No respetar prelacion,Calle 37 B Sur Carrera 27 D,Sin Registro,Urbana,"(6.159428343, -75.57378869)"
2162654,03/10/2016,5:15 p.m.,Lunes,Automovil,Particular,Conductor,Femenino,No,Sin Registro,Solo Daños,Choque,No mantener distancia de seguridad,Calle 37 B Sur Carrera 27 E,Sin Registro,Urbana,"(6.159428343, -75.57378869)"
2162654,03/10/2016,5:15 p.m.,Lunes,Motocicleta,Particular,Motociclista,Masculino,No,Sin Registro,Solo Daños,Choque,No mantener distancia de seguridad,Calle 37 B Sur Carrera 27 E,Sin Registro,Urbana,"(6.159428343, -75.57378869)"
2162673,03/10/2016,7:45 p.m.,Lunes,Automovil,Particular,Conductor,Masculino,No,Sin Registro,Solo Daños,Choque,Desobedecer senales,Calle 38 A Sur Carrera 38,Mesa,Urbana,"(6.167339205, -75.58513636)"
2162673,03/10/2016,7:45 p.m.,Lunes,Motocicleta,Particular,Motociclista,Masculino,No,Sin Registro,Solo Daños,Choque,Desobedecer senales,Calle 38 A Sur Carrera 38,Mesa,Urbana,"(6.167339205, -75.58513636)"
2162662,04/10/2016,6:00 a.m.,Martes,Camion,Publico,Conductor,Masculino,No,Sin Registro,Herido,Choque,Desobedecer senales,Calle 37  Sur Carrera 50,Las Vegas,Urbana,
2162662,04/10/2016,6:00 a.m.,Martes,Motocicleta,Particular,Motociclista,Masculino,No,Sin Registro,Herido,Choque,Desobedecer senales,Calle 37  Sur Carrera 50,Las Vegas,Urbana,
2162658,04/10/2016,6:40 a.m.,Martes,Camion,Publico,Conductor,Masculino,No,Sin Registro,Solo Daños,Choque,Desobedecer senales,Calle 37  Sur Carrera 50,Las Vegas,Urbana,
2162658,04/10/2016,6:40 a.m.,Martes,Automovil,Particular,Conductor,Femenino,No,Sin Registro,Solo Daños,Choque,Desobedecer senales,Calle 37  Sur Carrera 50,Las Vegas,Urbana,
2162664,04/10/2016,6:50 a.m.,Martes,Automovil,Particular,Conductor,Masculino,No,Sin Registro,Solo Daños,Choque,No respetar prelacion,Calle 26 A Sur Carrera 42 A,Las Orquideas,Urbana,"(6.177324883, -75.57942368)"
2162664,04/10/2016,6:50 a.m.,Martes,Motocicleta,Particular,Motociclista,Masculino,No,Sin Registro,Solo Daños,Choque,No respetar prelacion,Calle 26 A Sur Carrera 42 A,Las Orquideas,Urbana,"(6.177324883, -75.57942368)"
2162675,04/10/2016,7:00 a.m.,Martes,Automovil,Particular,Conductor,Femenino,No,Sin Registro,Solo Daños,Choque,No respetar prelacion,Calle 27  Sur Carrera 28,Sin Registro,Urbana,"(6.175346318, -75.5745834)"
2162675,04/10/2016,7:00 a.m.,Martes,Motocicleta,Particular,Motociclista,Femenino,No,Sin Registro,Solo Daños,Choque,No respetar prelacion,Calle 27  Sur Carrera 28,Sin Registro,Urbana,"(6.175346318, -75.5745834)"
2162656,04/10/2016,7:20 a.m.,Martes,Automovil,Particular,Conductor,Masculino,No,Sin Registro,Solo Daños,Choque,No respetar prelacion,Calle 25  Sur Carrera 43 A,Villa Grande,Urbana,"(6.181560189, -75.58201649)"
2162656,04/10/2016,7:20 a.m.,Martes,Motocicleta,Particular,Motociclista,Masculino,No,Sin Registro,Solo Daños,Choque,Exceso de velocidad,Calle 25  Sur Carrera 43 A,Villa Grande,Urbana,"(6.181560189, -75.58201649)"
2162656,04/10/2016,7:20 a.m.,Martes,Motocicleta,Particular,Motociclista,Masculino,No,Sin Registro,Solo Daños,Choque,No respetar prelacion,Calle 25  Sur Carrera 43 A,Villa Grande,Urbana,"(6.181560189, -75.58201649)"
2162656,04/10/2016,7:20 a.m.,Martes,Automovil,Particular,Conductor,Masculino,No,Sin Registro,Solo Daños,Choque,Exceso de velocidad,Calle 25  Sur Carrera 43 A,Villa Grande,Urbana,"(6.181560189, -75.58201649)"
2162652,04/10/2016,9:30 a.m.,Martes,Camioneta,Particular,Conductor,Femenino,No,Sin Registro,Herido,Atropello,Exceso de velocidad,Calle 49  Sur Carrera 43 A,Las Casitas,Urbana,"(6.160925818, -75.59998009)"
2162653,04/10/2016,11:00 a.m.,Martes,Campero,Diplomatico,Conductor,Masculino,No,Sin Registro,Solo Daños,Choque,No mantener distancia de seguridad,Calle 23  Sur Carrera 27,Zuñiga,Urbana,"(6.176668041, -75.56752563)"
2162653,04/10/2016,11:00 a.m.,Martes,Automovil,Particular,Conductor,Masculino,No,Sin Registro,Solo Daños,Choque,No mantener distancia de seguridad,Calle 23  Sur Carrera 27,Zuñiga,Urbana,"(6.176668041, -75.56752563)"
2162676,04/10/2016,11:30 a.m.,Martes,Automovil,Oficial,Conductor,Masculino,No,Sin Registro,Solo Daños,Choque,No mantener distancia de seguridad,Calle 39 B Sur Carrera 50,Las Vegas,Urbana,
2162676,04/10/2016,11:30 a.m.,Martes,Motocicleta,Particular,Motociclista,Sin registro,No,Sin Registro,Solo Daños,Choque,No mantener distancia de seguridad,Calle 39 B Sur Carrera 50,Las Vegas,Urbana,
2162676,04/10/2016,11:30 a.m.,Martes,Automovil,Particular,Conductor,Masculino,No,Sin Registro,Solo Daños,Choque,No mantener distancia de seguridad,Calle 39 B Sur Carrera 50,Las Vegas,Urbana,
2162676,04/10/2016,11:30 a.m.,Martes,Automovil,Publico,Conductor,Masculino,No,Sin Registro,Solo Daños,Choque,No mantener distancia de seguridad,Calle 39 B Sur Carrera 50,Las Vegas,Urbana,
2162676,04/10/2016,11:30 a.m.,Martes,Automovil,Particular,Conductor,Femenino,No,Sin Registro,Solo Daños,Choque,No mantener distancia de seguridad,Calle 39 B Sur Carrera 50,Las Vegas,Urbana,
2162669,04/10/2016,3:30 p.m.,Martes,Camioneta,Particular,Conductor,Femenino,No,Sin Registro,Solo Daños,Choque,Adelantar en zona prohibida,Calle 39  Sur Carrera 28,Sin Registro,Urbana,"(6.160790572, -75.57942846)"
2162669,04/10/2016,3:30 p.m.,Martes,Motocicleta,Particular,Motociclista,Masculino,No,Sin Registro,Solo Daños,Choque,Adelantar en zona prohibida,Calle 39  Sur Carrera 28,Sin Registro,Urbana,"(6.160790572, -75.57942846)"
2162665,04/10/2016,4:20 p.m.,Martes,Camioneta,Particular,Conductor,Masculino,No,Sin Registro,Herido,Atropello,Otra,Calle 32 A Sur Carrera 43 A,San Marcos,Urbana,"(6.174867987, -75.58533492)"
2162668,04/10/2016,6:00 p.m.,Martes,Microbus,Publico,Conductor,Masculino,No,Sin Registro,Herido,Atropello,Transitar entre vehiculos,Carrera 43 A Transversal 27 D,San Marcos,Urbana,"(6.179697995, -75.58317722)"
2162668,04/10/2016,6:00 p.m.,Martes,Motocicleta,Particular,Motociclista,Masculino,No,Sin Registro,Herido,Atropello,Transitar entre vehiculos,Carrera 43 A Transversal 27 D,San Marcos,Urbana,"(6.179697995, -75.58317722)"
2162663,04/10/2016,6:05 p.m.,Martes,Automovil,Publico,Conductor,Masculino,No,Sin Registro,Solo Daños,Choque,Adelantar cerrando,Calle 39  Sur Carrera 31,Mesa,Urbana,"(6.164350999, -75.58194251)"
2162663,04/10/2016,6:05 p.m.,Martes,Bus,Publico,Conductor,Masculino,No,Sin Registro,Solo Daños,Choque,Adelantar cerrando,Calle 39  Sur Carrera 31,Mesa,Urbana,"(6.164350999, -75.58194251)"
2162678,04/10/2016,6:40 p.m.,Martes,Motocicleta,Particular,Motociclista,Masculino,No,Sin Registro,Herido,Choque,Adelantar por la derecha,Calle 19  Sur Carrera 48,Las Vegas,Urbana,
2162704,06/10/2016,7:00 a.m.,Jueves,Automovil,Publico,Conductor,Femenino,No,Sin Registro,Solo Daños,Choque,Adelantar cerrando,Calle 30  Sur Carrera 43 A,Jardines,Urbana,"(6.177126039, -75.5852509)"
2162666,04/10/2016,7:10 p.m.,Martes,Motocicleta,Diplomatico,Motociclista,Masculino,No,Sin Registro,Herido,Choque,Transitar en contravia,Calle 40 DD Sur Carrera 40 AA,El Dorado,Urbana,"(6.16527158, -75.58887857)"
2162666,04/10/2016,7:10 p.m.,Martes,Bicicleta,Particular,Ciclista,Masculino,No,Sin Registro,Herido,Choque,Transitar en contravia,Calle 40 DD Sur Carrera 40 AA,El Dorado,Urbana,"(6.16527158, -75.58887857)"
2162687,04/10/2016,8:30 p.m.,Martes,Camioneta,Particular,Conductor,Masculino,No,Sin Registro,Herido,Choque,Transitar entre vehiculos,Calle 43  Sur Carrera 50,Las Vegas,Urbana,"(6.159203801, -75.60259496)"
2162687,04/10/2016,8:30 p.m.,Martes,Motocicleta,Particular,Motociclista,Masculino,No,Sin Registro,Herido,Choque,Transitar entre vehiculos,Calle 43  Sur Carrera 50,Las Vegas,Urbana,"(6.159203801, -75.60259496)"
2162687,04/10/2016,8:30 p.m.,Martes,Campero,Particular,Conductor,Femenino,No,Sin Registro,Herido,Choque,Transitar entre vehiculos,Calle 43  Sur Carrera 50,Las Vegas,Urbana,"(6.159203801, -75.60259496)"
2162714,05/10/2016,6:25 a.m.,Miércoles,Motocicleta,Particular,Motociclista,Femenino,No,Sin Registro,Herido,Choque,Semaforo en rojo,Diagonal 31 Transversal 33 A,Las Flores,Urbana,"(6.173761816, -75.5789197)"
2162714,05/10/2016,6:25 a.m.,Miércoles,Automovil,Publico,Conductor,Sin registro,No,Sin Registro,Herido,Choque,Semaforo en rojo,Diagonal 31 Transversal 33 A,Las Flores,Urbana,"(6.173761816, -75.5789197)"
2162683,05/10/2016,7:30 a.m.,Miércoles,Automovil,Publico,Conductor,Femenino,No,Sin Registro,Herido,Atropello,Poner en marcha un vehiculo sin precauci,Diagonal 32 Transversal 32  Sur,La Magnolia,Urbana,"(6.176182339, -75.58266522)"
2162671,05/10/2016,8:00 a.m.,Miércoles,Campero,Particular,Conductor,Femenino,No,Sin Registro,Solo Daños,Choque,Reverso imprudente,Calle 48 F Sur Carrera 39 E,Loma Del Barro,Urbana,"(6.156024221, -75.59807255)"
2162671,05/10/2016,8:00 a.m.,Miércoles,Automovil,Particular,Conductor,Femenino,No,Sin Registro,Solo Daños,Choque,Reverso imprudente,Calle 48 F Sur Carrera 39 E,Loma Del Barro,Urbana,"(6.156024221, -75.59807255)"
2162670,05/10/2016,9:15 a.m.,Miércoles,Camion,Oficial,Conductor,Masculino,No,Sin Registro,Solo Daños,Choque,Vehiculo mal estacionado,Calle 36 E Sur Carrera 29 A,Sin Registro,Urbana,
2162670,05/10/2016,9:15 a.m.,Miércoles,Automovil,Particular,Conductor,Femenino,No,Sin Registro,Solo Daños,Choque,Vehiculo mal estacionado,Calle 36 E Sur Carrera 29 A,Sin Registro,Urbana,
2162679,05/10/2016,10:40 a.m.,Miércoles,Automovil,Particular,Conductor,Masculino,No,Sin Registro,Herido,Choque,No respetar prelacion,Tramo 373 Kilometro  14,Vereda Palmas,Rural,
2162679,05/10/2016,10:40 a.m.,Miércoles,Motocicleta,Particular,Motociclista,Femenino,No,Sin Registro,Herido,Choque,No respetar prelacion,Tramo 373 Kilometro  14,Vereda Palmas,Rural,
2162690,05/10/2016,11:00 a.m.,Miércoles,Camion,Particular,Conductor,Masculino,No,Sin Registro,Herido,Atropello,Reverso imprudente,Diagonal 29 Transversal 32 A,Alto De Misael,Urbana,"(6.175050214, -75.57789094)"
2162684,05/10/2016,11:47 a.m.,Miércoles,Automovil,Publico,Conductor,Masculino,No,Sin Registro,Herido,Choque,Desobedecer senales,Diagonal 32 D Transversal 32,La Magnolia,Urbana,"(6.175661946, -75.58418404)"
2162684,05/10/2016,11:47 a.m.,Miércoles,Motocicleta,Particular,Motociclista,Femenino,No,Sin Registro,Herido,Choque,Desobedecer senales,Diagonal 32 D Transversal 32,La Magnolia,Urbana,"(6.175661946, -75.58418404)"
2162677,05/10/2016,12:20 p.m.,Miércoles,Automovil,Particular,Conductor,Masculino,No,Sin Registro,Herido,Choque,Otra,Calle 30  Sur Carrera 48,Las Vegas,Urbana,"(6.180376127, -75.59028805)"
2162677,05/10/2016,12:20 p.m.,Miércoles,Motocicleta,Particular,Motociclista,Masculino,No,Sin Registro,Herido,Choque,Otra,Calle 30  Sur Carrera 48,Las Vegas,Urbana,"(6.180376127, -75.59028805)"
2162677,05/10/2016,12:20 p.m.,Miércoles,Automovil,Publico,Conductor,Masculino,No,Sin Registro,Herido,Choque,Otra,Calle 30  Sur Carrera 48,Las Vegas,Urbana,"(6.180376127, -75.59028805)"
2162677,05/10/2016,12:20 p.m.,Miércoles,Automovil,Publico,Conductor,Femenino,No,Sin Registro,Herido,Choque,Otra,Calle 30  Sur Carrera 48,Las Vegas,Urbana,"(6.180376127, -75.59028805)"
2162674,05/10/2016,2:25 p.m.,Miércoles,Buseta,Publico,Conductor,Masculino,No,Sin Registro,Solo Daños,Choque,No respetar prelacion,Diagonal 40 Transversal 33,Sin Registro,Urbana,"(6.173507784, -75.58545751)"
2162674,05/10/2016,2:25 p.m.,Miércoles,Automovil,Particular,Conductor,Femenino,No,Sin Registro,Solo Daños,Choque,No respetar prelacion,Diagonal 40 Transversal 33,Sin Registro,Urbana,"(6.173507784, -75.58545751)"
2162691,05/10/2016,2:30 p.m.,Miércoles,Camioneta,Particular,Conductor,Masculino,No,Sin Registro,Solo Daños,Choque,Impericia en el manejo,Calle 32 B Sur Carrera 49 B,Las Vegas,Urbana,"(6.175124981, -75.58651547)"
2162691,05/10/2016,2:30 p.m.,Miércoles,Camioneta,Particular,Conductor,Femenino,No,Sin Registro,Solo Daños,Choque,Impericia en el manejo,Calle 32 B Sur Carrera 49 B,Las Vegas,Urbana,"(6.175124981, -75.58651547)"
2162695,05/10/2016,2:30 p.m.,Miércoles,Automovil,Particular,Conductor,Masculino,No,Sin Registro,Solo Daños,Choque,No mantener distancia de seguridad,Calle 36 D Sur Carrera 27,El Esmeraldal,Urbana,"(6.162479576, -75.57022257)"
2162695,05/10/2016,2:30 p.m.,Miércoles,Camioneta,Particular,Conductor,Masculino,No,Sin Registro,Solo Daños,Choque,No mantener distancia de seguridad,Calle 36 D Sur Carrera 27,El Esmeraldal,Urbana,"(6.162479576, -75.57022257)"
2162704,06/10/2016,7:00 a.m.,Jueves,Automovil,Particular,Conductor,Femenino,No,Sin Registro,Solo Daños,Choque,Adelantar cerrando,Calle 30  Sur Carrera 43 A,Jardines,Urbana,"(6.177126039, -75.5852509)"
2162700,06/10/2016,9:45 a.m.,Jueves,Bus,Publico,Conductor,Masculino,No,Sin Registro,Solo Daños,Choque,Adelantar cerrando,Calle 39  Sur Carrera 43 A,Zona Centro,Urbana,"(6.169120914, -75.58953036)"
2162700,06/10/2016,9:45 a.m.,Jueves,Automovil,Particular,Conductor,Masculino,No,Sin Registro,Solo Daños,Choque,Adelantar cerrando,Calle 39  Sur Carrera 43 A,Zona Centro,Urbana,"(6.169120914, -75.58953036)"
2162682,06/10/2016,12:40 p.m.,Jueves,Camioneta,Publico,Conductor,Masculino,No,Sin Registro,Herido,Choque,Transitar entre vehiculos,Calle 37  Sur Carrera 38,Zona Centro,Urbana,"(6.168685416, -75.58429124)"
2162682,06/10/2016,12:40 p.m.,Jueves,Motocicleta,Particular,Motociclista,Masculino,No,Sin Registro,Herido,Choque,Transitar entre vehiculos,Calle 37  Sur Carrera 38,Zona Centro,Urbana,"(6.168685416, -75.58429124)"
2162682,06/10/2016,12:40 p.m.,Jueves,Automovil,Particular,Conductor,Masculino,No,Sin Registro,Herido,Choque,Transitar entre vehiculos,Calle 37  Sur Carrera 38,Zona Centro,Urbana,"(6.168685416, -75.58429124)"
2162681,06/10/2016,1:10 p.m.,Jueves,Automovil,Publico,Conductor,Masculino,No,Sin Registro,Solo Daños,Choque,No mantener distancia de seguridad,Calle 37  Sur Carrera 50,Las Vegas,Urbana,
2162681,06/10/2016,1:10 p.m.,Jueves,Automovil,Particular,Conductor,Femenino,No,Sin Registro,Solo Daños,Choque,No mantener distancia de seguridad,Calle 37  Sur Carrera 50,Las Vegas,Urbana,
2162711,06/10/2016,1:50 p.m.,Jueves,Campero,Particular,Conductor,Masculino,No,Sin Registro,Solo Daños,Choque,No mantener distancia de seguridad,Calle 30  Sur Carrera 50,Las Vegas,Urbana,
2162711,06/10/2016,1:50 p.m.,Jueves,Motocicleta,Particular,Motociclista,Masculino,No,Sin Registro,Solo Daños,Choque,No mantener distancia de seguridad,Calle 30  Sur Carrera 50,Las Vegas,Urbana,
2162685,06/10/2016,2:00 p.m.,Jueves,Camioneta,Particular,Conductor,Masculino,No,Sin Registro,Solo Daños,Choque,Impericia en el manejo,Diagonal 32 D Transversal 32 A,La Magnolia,Urbana,"(6.175128619, -75.58398566)"
2162685,06/10/2016,2:00 p.m.,Jueves,Automovil,Publico,Conductor,Masculino,No,Sin Registro,Solo Daños,Choque,Impericia en el manejo,Diagonal 32 D Transversal 32 A,La Magnolia,Urbana,"(6.175128619, -75.58398566)"
2162706,06/10/2016,3:50 p.m.,Jueves,Microbus,Publico,Conductor,Masculino,No,Sin Registro,Solo Daños,Choque,No mantener distancia de seguridad,Calle 50  Sur Carrera 48,Las Vegas,Urbana,
2162706,06/10/2016,3:50 p.m.,Jueves,Camion,Publico,Conductor,Masculino,No,Sin Registro,Solo Daños,Choque,No mantener distancia de seguridad,Calle 50  Sur Carrera 48,Las Vegas,Urbana,
2162705,06/10/2016,4:00 p.m.,Jueves,Automovil,Particular,Conductor,Femenino,No,Sin Registro,Solo Daños,Choque,No mantener distancia de seguridad,Calle 36 D Sur Carrera 27 B,Vereda El Escobero,Urbana,"(6.162479576, -75.57022257)"
2162705,06/10/2016,4:00 p.m.,Jueves,Campero,Particular,Conductor,Femenino,No,Sin Registro,Solo Daños,Choque,No mantener distancia de seguridad,Calle 36 D Sur Carrera 27 B,Vereda El Escobero,Urbana,"(6.162479576, -75.57022257)"
2162686,06/10/2016,6:35 p.m.,Jueves,Automovil,Diplomatico,Conductor,Masculino,No,Sin Registro,Solo Daños,Choque,Impericia en el manejo,Calle 40 F Sur Carrera 29,Sin Registro,Urbana,"(6.160257642, -75.58404641)"
2162686,06/10/2016,6:35 p.m.,Jueves,Automovil,Particular,Conductor,Femenino,No,Sin Registro,Solo Daños,Choque,Impericia en el manejo,Calle 40 F Sur Carrera 29,Sin Registro,Urbana,"(6.160257642, -75.58404641)"
2162712,06/10/2016,7:25 p.m.,Jueves,Motocicleta,Particular,Motociclista,Masculino,No,Sin Registro,Herido,Choque,Otra,Calle 37  Sur Carrera 36,Zona Centro,Urbana,"(6.168044613, -75.58323697)"
2162712,06/10/2016,7:25 p.m.,Jueves,Automovil,Particular,Conductor,Masculino,No,Sin Registro,Herido,Choque,Otra,Calle 37  Sur Carrera 36,Zona Centro,Urbana,"(6.168044613, -75.58323697)"
2162729,06/10/2016,10:00 p.m.,Jueves,Automovil,Particular,Conductor,Femenino,No,Sin Registro,Solo Daños,Choque,Desobedecer senales,Calle 39  Sur Carrera 43,Zona Centro,Urbana,"(6.168678771, -75.58876156)"
2162729,06/10/2016,10:00 p.m.,Jueves,Automovil,Particular,Conductor,Masculino,No,Sin Registro,Solo Daños,Choque,Desobedecer senales,Calle 39  Sur Carrera 43,Zona Centro,Urbana,"(6.168678771, -75.58876156)"
2162721,07/10/2016,4:40 a.m.,Viernes,Camioneta,Particular,Conductor,Masculino,No,Sin Registro,Herido,Choque,Semaforo en rojo,Calle 25 AA Sur Carrera 48,Las Vegas,Urbana,"(6.18405129, -75.58478383)"
2162721,07/10/2016,4:40 a.m.,Viernes,Motocicleta,Particular,Motociclista,Masculino,No,Sin Registro,Herido,Choque,Semaforo en rojo,Calle 25 AA Sur Carrera 48,Las Vegas,Urbana,"(6.18405129, -75.58478383)"
2162716,07/10/2016,5:50 a.m.,Viernes,Motocicleta,Particular,Motociclista,Masculino,No,Sin Registro,Herido,Caida Ocupante,Impericia en el manejo,Transversal 27 A Sur Carrera 43 A,Avenida El Poblado,Urbana,"(6.157531661, -75.58331315)"
2162703,07/10/2016,6:30 a.m.,Viernes,Automovil,Particular,Conductor,Masculino,No,Sin Registro,Solo Daños,Choque,Transitar entre vehiculos,Calle 39 A Sur Carrera 48,Las Vegas,Urbana,"(6.168916704, -75.59147177)"
2162703,07/10/2016,6:30 a.m.,Viernes,Motocicleta,Particular,Motociclista,Masculino,No,Sin Registro,Solo Daños,Choque,Transitar entre vehiculos,Calle 39 A Sur Carrera 48,Las Vegas,Urbana,"(6.168916704, -75.59147177)"
2162718,07/10/2016,9:20 a.m.,Viernes,Automovil,Publico,Conductor,Masculino,No,Sin Registro,Herido,Choque,No respetar prelacion,Calle 39 B Sur Carrera 30,San Jose,Urbana,"(6.16327841, -75.58191643)"
2162718,07/10/2016,9:20 a.m.,Viernes,Motocicleta,Particular,Motociclista,Masculino,No,Sin Registro,Herido,Choque,No respetar prelacion,Calle 39 B Sur Carrera 30,San Jose,Urbana,"(6.16327841, -75.58191643)"
2162702,07/10/2016,12:05 p.m.,Viernes,Microbus,Publico,Conductor,Masculino,No,Sin Registro,Solo Daños,Choque,Exceso de velocidad,Calle 25  Sur Carrera 25,El Chocho,Urbana,