RADICADO,FECHA,HORA,DÍA DE LA SEMANA,CLASE DE VEHICULO,TIPO DE SERVICIO,TIPO DE VICTIMA,SEXO,ESTADO DE BEODEZ,RESULTADO DE BEODEZ,GRAVEDAD,CLASE DE ACCIDENTE,CAUSA,DIRECCIÓN,BARRIO,AREA,Coordenadas
2162787,10/14/2016,6:30 a.m.,Viernes,Bus,Publico,Conductor,Masculino,No,Sin Registro,Herido,Choque,Desobedecer senales,Calle 38  Sur Carrera 38,Zona Centro,Urbana,"(6.16803936, -75.58469435)"
2162787,10/14/2016,6:30 a.m.,Viernes,Motocicleta,Particular,Motociclista,Masculino,No,Sin Registro,Herido,Choque,Desobedecer senales,Calle 38  Sur Carrera 38,Zona Centro,Urbana,"(6.16803936, -75.58469435)"
2162776,10/14/2016,12:00 p.m.,Viernes,Automovil,Particular,Conductor,Femenino,No,Sin Registro,Solo Daños,Choque,Reverso imprudente,Calle 32 A Sur Carrera 43,La Magnolia,Urbana,"(6.174867987, -75.58533492)"
2162776,10/14/2016,12:00 p.m.,Viernes,Camion,Publico,Conductor,Masculino,No,Sin Registro,Solo Daños,Choque,Reverso imprudente,Calle 32 A Sur Carrera 43,La Magnolia,Urbana,"(6.174867987, -75.58533492)"
2162779,10/14/2016,1:50 p.m.,Viernes,Automovil,Particular,Conductor,Femenino,No,Sin Registro,Solo Daños,Choque,Adelantar cerrando,Tramo 372 Kilometro  16,Vereda Palmas,Rural,
2162779,10/14/2016,1:50 p.m.,Viernes,Automovil,Particular,Conductor,Masculino,No,Sin Registro,Solo Daños,Choque,Adelantar cerrando,Tramo 372 Kilometro  16,Vereda Palmas,Rural,
2162786,10/14/2016,2:40 p.m.,Viernes,Bus,Publico,Conductor,Masculino,No,Sin Registro,Solo Daños,Choque,Adelantar cerrando,Calle 37  Sur Carrera 41,Zona Centro,Urbana,"(6.169855492, -75.58619601)"
2162786,10/14/2016,2:40 p.m.,Viernes,Camioneta,Particular,Conductor,Masculino,No,Sin Registro,Solo Daños,Choque,Adelantar cerrando,Calle 37  Sur Carrera 41,Zona Centro,Urbana,"(6.169855492, -75.58619601)"
2162766,10/14/2016,3:05 p.m.,Viernes,Automovil,Particular,Conductor,Masculino,No,Sin Registro,Solo Daños,Choque,No mantener distancia de seguridad,Calle 44  Sur Carrera 41,El Dorado,Urbana,"(6.164161335, -75.5915997)"
2162766,10/14/2016,3:05 p.m.,Viernes,Automovil,Particular,Conductor,Masculino,No,Sin Registro,Solo Daños,Choque,No mantener distancia de seguridad,Calle 44  Sur Carrera 41,El Dorado,Urbana,"(6.164161335, -75.5915997)"
2162769,10/14/2016,4:05 p.m.,Viernes,Automovil,Particular,Conductor,Femenino,No,Sin Registro,Herido,Choque,No mantener distancia de seguridad,Calle 43  Sur Carrera 48,Las Vegas,Urbana,"(6.168592602, -75.597529)"
2162769,10/14/2016,4:05 p.m.,Viernes,Automovil,Particular,Conductor,Sin registro,No,Sin Registro,Herido,Choque,No mantener distancia de seguridad,Calle 43  Sur Carrera 48,Las Vegas,Urbana,"(6.168592602, -75.597529)"
2162769,10/14/2016,4:05 p.m.,Viernes,Camioneta,Particular,Conductor,Masculino,No,Sin Registro,Herido,Choque,No mantener distancia de seguridad,Calle 43  Sur Carrera 48,Las Vegas,Urbana,"(6.168592602, -75.597529)"
2162790,10/14/2016,4:15 p.m.,Viernes,Automovil,Particular,Conductor,Masculino,No,Sin Registro,Solo Daños,Choque,No mantener distancia de seguridad,Calle 36 D Sur Carrera 27 D,Vereda El Escobero,Urbana,"(6.164970853, -75.57463727)"
2162790,10/14/2016,4:15 p.m.,Viernes,Motocicleta,Particular,Motociclista,Masculino,No,Sin Registro,Solo Daños,Choque,No mantener distancia de seguridad,Calle 36 D Sur Carrera 27 D,Vereda El Escobero,Urbana,"(6.164970853, -75.57463727)"
2162764,10/14/2016,5:15 p.m.,Viernes,Microbus,Publico,Conductor,Masculino,No,Sin Registro,Solo Daños,Choque,Poner en marcha un vehiculo sin precauci,Calle 40 E Sur Carrera 30,Sin Registro,Urbana,"(6.162574498, -75.58234673)"
2162764,10/14/2016,5:15 p.m.,Viernes,Clase Accide No Identifi,Particular,Conductor,Masculino,No,Sin Registro,Solo Daños,Choque,Poner en marcha un vehiculo sin precauci,Calle 40 E Sur Carrera 30,Sin Registro,Urbana,"(6.162574498, -75.58234673)"
2162760,10/14/2016,5:20 p.m.,Viernes,Motocicleta,Particular,Motociclista,Masculino,No,Sin Registro,Herido,Choque,Exceso de velocidad,Tramo 372 Kilometro  13,Vereda Palmas,Rural,
2162792,10/14/2016,5:20 p.m.,Viernes,Motocicleta,Particular,Motociclista,Masculino,No,Sin Registro,Herido,Choque,Desobedecer senales,Diagonal 32 D Transversal 34,Obrero,Urbana,"(6.172908151, -75.58314442)"
2162792,10/14/2016,5:20 p.m.,Viernes,Motocicleta,Particular,Motociclista,Masculino,No,Sin Registro,Herido,Choque,Desobedecer senales,Diagonal 32 D Transversal 34,Obrero,Urbana,"(6.172908151, -75.58314442)"
2162795,10/14/2016,6:05 p.m.,Viernes,Camion,Publico,Conductor,Masculino,No,Sin Registro,Solo Daños,Choque,Impericia en el manejo,Calle 37 B Sur Carrera 27 E,Sin Registro,Urbana,"(6.159428343, -75.57378869)"
2162795,10/14/2016,6:05 p.m.,Viernes,Camion,Publico,Conductor,Masculino,No,Sin Registro,Solo Daños,Choque,Reverso imprudente,Calle 37 B Sur Carrera 27 E,Sin Registro,Urbana,"(6.159428343, -75.57378869)"
2162777,10/14/2016,9:00 p.m.,Viernes,Camioneta,Particular,Conductor,Masculino,No,Sin Registro,Solo Daños,Choque,Exceso de velocidad,Calle 36  Sur Carrera 27,Sin Registro,Urbana,"(6.167154903, -75.56933697)"
2162777,10/14/2016,9:00 p.m.,Viernes,Motocicleta,Particular,Motociclista,Masculino,No,Sin Registro,Solo Daños,Choque,Exceso de velocidad,Calle 36  Sur Carrera 27,Sin Registro,Urbana,"(6.167154903, -75.56933697)"
2162788,10/15/2016,7:55 a.m.,Sábado,Camion,Publico,Conductor,Masculino,No,Sin Registro,Solo Daños,Choque,Desobedecer senales,Calle 38 A Sur Carrera 39,Mesa,Urbana,"(6.167679571, -75.58567628)"
2162788,10/15/2016,7:55 a.m.,Sábado,Motocicleta,Particular,Motociclista,Masculino,No,Sin Registro,Solo Daños,Choque,Desobedecer senales,Calle 38 A Sur Carrera 39,Mesa,Urbana,"(6.167679571, -75.58567628)"
2162788,10/15/2016,7:55 a.m.,Sábado,Automovil,Particular,Conductor,Femenino,No,Sin Registro,Solo Daños,Choque,Desobedecer senales,Calle 38 A Sur Carrera 39,Mesa,Urbana,"(6.167679571, -75.58567628)"
2162773,10/15/2016,11:15 a.m.,Sábado,Motocicleta,Particular,Motociclista,Masculino,No,Sin Registro,Solo Daños,Choque,Adelantar en zona prohibida,Calle 23  Sur Carrera 27,Sin Registro,Urbana,"(6.176668041, -75.56752563)"
2162773,10/15/2016,11:15 a.m.,Sábado,Automovil,Particular,Conductor,Masculino,No,Sin Registro,Solo Daños,Choque,Adelantar en zona prohibida,Calle 23  Sur Carrera 27,Sin Registro,Urbana,"(6.176668041, -75.56752563)"
2162781,10/15/2016,12:40 p.m.,Sábado,Camioneta,Particular,Conductor,Femenino,No,Sin Registro,Solo Daños,Choque,No mantener distancia de seguridad,Calle 28  Sur Carrera 27,El Esmeraldal,Urbana,"(6.175270544, -75.57368693)"
2162781,10/15/2016,12:40 p.m.,Sábado,Automovil,Particular,Conductor,Masculino,No,Sin Registro,Solo Daños,Choque,No mantener distancia de seguridad,Calle 28  Sur Carrera 27,El Esmeraldal,Urbana,"(6.175270544, -75.57368693)"
2162783,10/15/2016,1:30 p.m.,Sábado,Automovil,Particular,Conductor,Masculino,No,Sin Registro,Solo Daños,Choque,No mantener distancia de seguridad,Calle 37  Sur Carrera 37,Zona Centro,Urbana,"(6.168351775, -75.58376911)"
2162783,10/15/2016,1:30 p.m.,Sábado,Motocicleta,Diplomatico,Motociclista,Masculino,No,Sin Registro,Solo Daños,Choque,No mantener distancia de seguridad,Calle 37  Sur Carrera 37,Zona Centro,Urbana,"(6.168351775, -75.58376911)"
2162765,10/15/2016,2:00 p.m.,Sábado,Automovil,Publico,Conductor,Masculino,No,Sin Registro,Solo Daños,Choque,No mantener distancia de seguridad,Calle 19  Sur Carrera 48,Las Vegas,Urbana,
2162765,10/15/2016,2:00 p.m.,Sábado,Automovil,Particular,Conductor,Masculino,No,Sin Registro,Solo Daños,Choque,No mantener distancia de seguridad,Calle 19  Sur Carrera 48,Las Vegas,Urbana,
2162768,10/15/2016,2:15 p.m.,Sábado,Automovil,Particular,Conductor,Masculino,No,Sin Registro,Herido,Choque,Desobedecer senales,Tramo 371 Kilometro  11,Vereda El Escobero,Rural,
2162768,10/15/2016,2:15 p.m.,Sábado,Motocicleta,Particular,Motociclista,Masculino,No,Sin Registro,Herido,Choque,Desobedecer senales,Tramo 371 Kilometro  11,Vereda El Escobero,Rural,
2162784,10/15/2016,2:40 p.m.,Sábado,Automovil,Publico,Conductor,Masculino,No,Sin Registro,Solo Daños,Choque,No mantener distancia de seguridad,Calle 39  Sur Carrera 39 A,Los Naranjos,Urbana,"(6.166978259, -75.58604492)"
2162784,10/15/2016,2:40 p.m.,Sábado,Motocicleta,Particular,Motociclista,Masculino,No,Sin Registro,Solo Daños,Choque,No mantener distancia de seguridad,Calle 39  Sur Carrera 39 A,Los Naranjos,Urbana,"(6.166978259, -75.58604492)"
2162782,10/15/2016,2:50 p.m.,Sábado,Automovil,Particular,Conductor,Masculino,No,Sin Registro,Solo Daños,Choque,No mantener distancia de seguridad,Calle 19  Sur Carrera 48,Las Vegas,Urbana,
2162782,10/15/2016,2:50 p.m.,Sábado,Motocicleta,Particular,Motociclista,Masculino,No,Sin Registro,Solo Daños,Choque,No mantener distancia de seguridad,Calle 19  Sur Carrera 48,Las Vegas,Urbana,
2162774,10/15/2016,6:00 p.m.,Sábado,Automovil,Particular,Conductor,Masculino,No,Sin Registro,Solo Daños,Choque,No mantener distancia de seguridad,Calle 25  Sur Carrera 43 A,Avenida El Poblado,Urbana,"(6.181560189, -75.58201649)"
2162774,10/15/2016,6:00 p.m.,Sábado,Camioneta,Particular,Conductor,Femenino,No,Sin Registro,Solo Daños,Choque,No mantener distancia de seguridad,Calle 25  Sur Carrera 43 A,Avenida El Poblado,Urbana,"(6.181560189, -75.58201649)"
2162762,10/15/2016,7:40 p.m.,Sábado,Campero,Particular,Conductor,Masculino,No,Sin Registro,Solo Daños,Choque,Poner en marcha un vehiculo sin precauci,Calle 39  Sur Carrera 43,Zona Centro,Urbana,"(6.168678771, -75.58876156)"
2162762,10/15/2016,7:40 p.m.,Sábado,Automovil,Particular,Conductor,Femenino,No,Sin Registro,Solo Daños,Choque,Poner en marcha un vehiculo sin precauci,Calle 39  Sur Carrera 43,Zona Centro,Urbana,"(6.168678771, -75.58876156)"
2162785,10/16/2016,5:10 a.m.,Domingo,Automovil,Publico,Conductor,Masculino,No,Sin Registro,Solo Daños,Choque,Adelantar cerrando,Calle 30  Sur Carrera 48,Las Vegas,Urbana,"(6.180376127, -75.59028805)"
2162785,10/16/2016,5:10 a.m.,Domingo,Automovil,Particular,Conductor,Masculino,No,Sin Registro,Solo Daños,Choque,Adelantar cerrando,Calle 30  Sur Carrera 48,Las Vegas,Urbana,"(6.180376127, -75.59028805)"
2162793,10/16/2016,3:45 p.m.,Domingo,Automovil,Particular,Conductor,Masculino,No,Sin Registro,Solo Daños,Choque,No mantener distancia de seguridad,Calle 37  Sur Carrera 33,Sin Registro,Urbana,"(6.167021726, -75.58168458)"
2162793,10/16/2016,3:45 p.m.,Domingo,Automovil,Particular,Conductor,Masculino,No,Sin Registro,Solo Daños,Choque,No mantener distancia de seguridad,Calle 37  Sur Carrera 33,Sin Registro,Urbana,"(6.167021726, -75.58168458)"
2162793,10/16/2016,3:45 p.m.,Domingo,Camioneta,Particular,Conductor,Femenino,No,Sin Registro,Solo Daños,Choque,No mantener distancia de seguridad,Calle 37  Sur Carrera 33,Sin Registro,Urbana,"(6.167021726, -75.58168458)"
2162793,10/16/2016,3:45 p.m.,Domingo,Automovil,Particular,Conductor,Masculino,No,Sin Registro,Solo Daños,Choque,No mantener distancia de seguridad,Calle 37  Sur Carrera 33,Sin Registro,Urbana,"(6.167021726, -75.58168458)"
2162770,10/16/2016,5:10 p.m.,Domingo,Automovil,Particular,Conductor,Femenino,No,Sin Registro,Herido,Atropello,Cruzar sin observar,Calle 45 B Sur Carrera 43,La Paz,Urbana,"(6.164485785, -75.59467842)"
2162810,10/17/2016,11:20 a.m.,Lunes,Camioneta,Particular,Conductor,Femenino,No,Sin Registro,Solo Daños,Choque,No mantener distancia de seguridad,Tramo 373 Kilometro  24,Vereda Palmas,Rural,
2162810,10/17/2016,11:20 a.m.,Lunes,Motocicleta,Particular,Motociclista,Masculino,No,Sin Registro,Solo Daños,Choque,No mantener distancia de seguridad,Tramo 373 Kilometro  24,Vereda Palmas,Rural,
2162804,10/17/2016,3:05 p.m.,Lunes,Campero,Particular,Conductor,Masculino,No,Sin Registro,Solo Daños,Choque,Adelantar cerrando,Calle 45  Sur Carrera 42 B,La Paz,Urbana,"(6.163744297, -75.59313788)"
2162804,10/17/2016,3:05 p.m.,Lunes,Motocicleta,Particular,Motociclista,Masculino,No,Sin Registro,Solo Daños,Choque,Adelantar cerrando,Calle 45  Sur Carrera 42 B,La Paz,Urbana,"(6.163744297, -75.59313788)"
2162807,10/17/2016,5:10 p.m.,Lunes,Camioneta,Particular,Conductor,Masculino,No,Sin Registro,Solo Daños,Choque,No mantener distancia de seguridad,Tramo 373 Kilometro  100,Vereda Palmas,Rural,
2162807,10/17/2016,5:10 p.m.,Lunes,Camioneta,Particular,Conductor,Masculino,No,Sin Registro,Solo Daños,Choque,No mantener distancia de seguridad,Tramo 373 Kilometro  100,Vereda Palmas,Rural,
2162807,10/17/2016,5:10 p.m.,Lunes,Automovil,Particular,Conductor,Masculino,No,Sin Registro,Solo Daños,Choque,No mantener distancia de seguridad,Tramo 373 Kilometro  100,Vereda Palmas,Rural,
2162780,10/17/2016,6:00 p.m.,Lunes,Camioneta,Particular,Conductor,Masculino,No,Sin Registro,Solo Daños,Choque,No respetar prelacion,Calle 30  Sur Carrera 45 A,Sin Registro,Urbana,"(6.178033442, -75.58652397)"
2162780,10/17/2016,6:00 p.m.,Lunes,Automovil,Particular,Conductor,Masculino,No,Sin Registro,Solo Daños,Choque,No respetar prelacion,Calle 30  Sur Carrera 45 A,Sin Registro,Urbana,"(6.178033442, -75.58652397)"
2162796,10/18/2016,6:20 a.m.,Martes,Automovil,Particular,Conductor,Masculino,No,Sin Registro,Solo Daños,Choque,No mantener distancia de seguridad,Calle 43  Sur Carrera 50,Las Vegas,Urbana,"(6.159203801, -75.60259496)"
2162796,10/18/2016,6:20 a.m.,Martes,Automovil,Particular,Conductor,Masculino,No,Sin Registro,Solo Daños,Choque,No mantener distancia de seguridad,Calle 43  Sur Carrera 50,Las Vegas,Urbana,"(6.159203801, -75.60259496)"
2162802,10/18/2016,6:30 a.m.,Martes,Microbus,Publico,Conductor,Masculino,No,Sin Registro,Herido,Choque,Otra,Calle 44 B Sur Carrera 42 B,La Paz,Urbana,"(6.164617098, -75.59342426)"
2162802,10/18/2016,6:30 a.m.,Martes,Motocicleta,Particular,Motociclista,Masculino,No,Sin Registro,Herido,Choque,Otra,Calle 44 B Sur Carrera 42 B,La Paz,Urbana,"(6.164617098, -75.59342426)"
2162772,10/18/2016,8:00 a.m.,Martes,Camioneta,Particular,Conductor,Masculino,No,Sin Registro,Solo Daños,Choque,Poner en marcha un vehiculo sin precauci,Calle 37  Sur Carrera 48,Las Vegas,Urbana,"(6.17412211, -75.59306111)"
2162772,10/18/2016,8:00 a.m.,Martes,Camion,Publico,Conductor,Masculino,No,Sin Registro,Solo Daños,Choque,Poner en marcha un vehiculo sin precauci,Calle 37  Sur Carrera 48,Las Vegas,Urbana,"(6.17412211, -75.59306111)"
2162778,10/18/2016,9:32 a.m.,Martes,Automovil,Particular,Conductor,Masculino,No,Sin Registro,Solo Daños,Choque,No mantener distancia de seguridad,Diagonal 31 BB Transversal 32,Las Flores,Urbana,"(6.176224449, -75.57960235)"
2162778,10/18/2016,9:32 a.m.,Martes,Automovil,Particular,Conductor,Femenino,No,Sin Registro,Solo Daños,Choque,No mantener distancia de seguridad,Diagonal 31 BB Transversal 32,Las Flores,Urbana,"(6.176224449, -75.57960235)"
2162801,10/18/2016,10:45 a.m.,Martes,Bus,Publico,Conductor,Masculino,No,Sin Registro,Solo Daños,Choque,Otra,Calle 34  Sur Carrera 43 A,Sin Registro,Urbana,"(6.173041737, -75.58696982)"
2162801,10/18/2016,10:45 a.m.,Martes,Motocicleta,Particular,Motociclista,Masculino,No,Sin Registro,Solo Daños,Choque,Otra,Calle 34  Sur Carrera 43 A,Sin Registro,Urbana,"(6.173041737, -75.58696982)"
2162801,10/18/2016,10:45 a.m.,Martes,Automovil,Particular,Conductor,Masculino,No,Sin Registro,Solo Daños,Choque,Otra,Calle 34  Sur Carrera 43 A,Sin Registro,Urbana,"(6.173041737, -75.58696982)"
2162789,10/18/2016,11:05 a.m.,Martes,Automovil,Publico,Conductor,Masculino,No,Sin Registro,Solo Daños,Choque,Adelantar cerrando,Calle 38  Sur Carrera 42,Zona Centro,Urbana,"(6.16961293, -75.58738469)"
2162789,10/18/2016,11:05 a.m.,Martes,Motocicleta,Particular,Motociclista,Masculino,No,Sin Registro,Solo Daños,Choque,Adelantar cerrando,Calle 38  Sur Carrera 42,Zona Centro,Urbana,"(6.16961293, -75.58738469)"
2162791,10/18/2016,12:00 p.m.,Martes,Campero,Particular,Conductor,Masculino,No,Sin Registro,Solo Daños,Choque,Exceso de velocidad,Calle 46 D Sur Carrera 42 B,La Paz,Urbana,"(6.161005965, -75.59509467)"
2162791,10/18/2016,12:00 p.m.,Martes,Motocicleta,Particular,Motociclista,Masculino,No,Sin Registro,Solo Daños,Choque,Exceso de velocidad,Calle 46 D Sur Carrera 42 B,La Paz,Urbana,"(6.161005965, -75.59509467)"
2162791,10/18/2016,12:00 p.m.,Martes,Automovil,Particular,Conductor,Femenino,No,Sin Registro,Solo Daños,Choque,Exceso de velocidad,Calle 46 D Sur Carrera 42 B,La Paz,Urbana,"(6.161005965, -75.59509467)"
2162822,10/18/2016,12:00 p.m.,Martes,Motocicleta,Particular,Motociclista,Masculino,No,Sin Registro,Herido,Choque,Desobedecer senales,Diagonal 33 Transversal 33,La Magnolia,Urbana,"(6.173879308, -75.58428383)"
2162822,10/18/2016,12:00 p.m.,Martes,Automovil,Particular,Conductor,Femenino,No,Sin Registro,Herido,Choque,Desobedecer senales,Diagonal 33 Transversal 33,La Magnolia,Urbana,"(6.173879308, -75.58428383)"
2162800,10/18/2016,1:40 p.m.,Martes,Motocicleta,Particular,Motociclista,Masculino,No,Sin Registro,Herido,Otro,Otra,Calle 27  Sur Carrera 50,Las Vegas,Urbana,
2162806,10/18/2016,2:40 p.m.,Martes,Camioneta,Particular,Conductor,Femenino,No,Sin Registro,Solo Daños,Choque,Reverso imprudente,Calle 36  Sur Carrera 40,Zona Centro,Urbana,"(6.170187625, -75.58505766)"
2162806,10/18/2016,2:40 p.m.,Martes,Automovil,Particular,Conductor,Masculino,No,Sin Registro,Solo Daños,Choque,Reverso imprudente,Calle 36  Sur Carrera 40,Zona Centro,Urbana,"(6.170187625, -75.58505766)"
2162803,10/18/2016,3:00 p.m.,Martes,Automovil,Publico,Conductor,Masculino,No,Sin Registro,Solo Daños,Choque,No respetar prelacion,Calle 34 DD Sur Diagonal 29,Sin Registro,Urbana,"(6.170939487, -75.5766906)"
2162803,10/18/2016,3:00 p.m.,Martes,Automovil,Particular,Conductor,Femenino,No,Sin Registro,Solo Daños,Choque,No respetar prelacion,Calle 34 DD Sur Diagonal 29,Sin Registro,Urbana,"(6.170939487, -75.5766906)"
2162811,10/18/2016,4:40 p.m.,Martes,Automovil,Publico,Conductor,Masculino,No,Sin Registro,Solo Daños,Choque,Desobedecer senales,Calle 38 A Sur Carrera 39,Zona Centro,Urbana,"(6.167679571, -75.58567628)"
2162811,10/18/2016,4:40 p.m.,Martes,Motocicleta,Particular,Motociclista,Femenino,No,Sin Registro,Solo Daños,Choque,Desobedecer senales,Calle 38 A Sur Carrera 39,Zona Centro,Urbana,"(6.167679571, -75.58567628)"
2162799,10/18/2016,5:17 p.m.,Martes,Automovil,Particular,Conductor,Femenino,No,Sin Registro,Solo Daños,Choque,Transitar entre vehiculos,Calle 38  Sur Carrera 41,Zona Centro,Urbana,"(6.169244976, -75.58658807)"
2162799,10/18/2016,5:17 p.m.,Martes,Motocicleta,Particular,Motociclista,Femenino,No,Sin Registro,Solo Daños,Choque,Transitar entre vehiculos,Calle 38  Sur Carrera 41,Zona Centro,Urbana,"(6.169244976, -75.58658807)"
2162809,10/18/2016,6:10 p.m.,Martes,Campero,Particular,Conductor,Femenino,No,Sin Registro,Solo Daños,Choque,Otra,Calle 36 D Sur Carrera 27 A,Sin Registro,Urbana,"(6.164831751, -75.57423497)"
2162809,10/18/2016,6:10 p.m.,Martes,Motocicleta,Particular,Motociclista,Masculino,No,Sin Registro,Solo Daños,Choque,Otra,Calle 36 D Sur Carrera 27 A,Sin Registro,Urbana,"(6.164831751, -75.57423497)"
2162797,10/18/2016,6:40 p.m.,Martes,Automovil,Particular,Conductor,Masculino,No,Sin Registro,Solo Daños,Choque,No mantener distancia de seguridad,Calle 37  Sur Carrera 46,Sin Registro,Urbana,"(6.172613713, -75.59090911)"
2162797,10/18/2016,6:40 p.m.,Martes,Camion,Publico,Conductor,Masculino,No,Sin Registro,Solo Daños,Choque,No mantener distancia de seguridad,Calle 37  Sur Carrera 46,Sin Registro,Urbana,"(6.172613713, -75.59090911)"
2162819,10/18/2016,8:10 p.m.,Martes,Automovil,Particular,Conductor,Femenino,No,Sin Registro,Solo Daños,Choque,Adelantar cerrando,Tramo 373 Kilometro  5,Vereda Palmas,Rural,
2162819,10/18/2016,8:10 p.m.,Martes,Automovil,Particular,Conductor,Masculino,No,Sin Registro,Solo Daños,Choque,Adelantar cerrando,Tramo 373 Kilometro  5,Vereda Palmas,Rural,
2162805,10/18/2016,9:10 p.m.,Martes,Motocicleta,Particular,Motociclista,Femenino,No,Sin Registro,Herido,Choque,No mantener distancia de seguridad,Calle 30  Sur Carrera 48,Las Vegas,Urbana,"(6.180376127, -75.59028805)"
2162805,10/18/2016,9:10 p.m.,Martes,Automovil,Particular,Conductor,Masculino,No,Sin Registro,Herido,Choque,No mantener distancia de seguridad,Calle 30  Sur Carrera 48,Las Vegas,Urbana,"(6.180376127, -75.59028805)"
2162821,10/19/2016,7:00 a.m.,Miércoles,Microbus,Publico,Conductor,Masculino,No,Sin Registro,Solo Daños,Choque,Desobedecer senales,Carrera 43 Transversal 33,La Magnolia,Urbana,"(6.173540656, -75.58568337)"
2162821,10/19/2016,7:00 a.m.,Miércoles,Bus,Publico,Conductor,Masculino,No,Sin Registro,Solo Daños,Choque,Desobedecer senales,Carrera 43 Transversal 33,La Magnolia,Urbana,"(6.173540656, -75.58568337)"
2162821,10/19/2016,7:00 a.m.,Miércoles,Automovil,Particular,Conductor,Femenino,No,Sin Registro,Solo Daños,Choque,Desobedecer senales,Carrera 43 Transversal 33,La Magnolia,Urbana,"(6.173540656, -75.58568337)"
2162808,10/19/2016,9:45 a.m.,Miércoles,Motocicleta,Particular,Motociclista,Masculino,No,Sin Registro,Herido,Atropello,Cruzar sin observar,Diagonal 32 Transversal 34,Obrero,Urbana,"(6.173484731, -75.58169049)"
2162825,10/19/2016,10:40 a.m.,Miércoles,Automovil,Particular,Conductor,Masculino,No,Sin Registro,Solo Daños,Choque,No mantener distancia de seguridad,Calle 37  Sur Carrera 50,Las Vegas,Urbana,
2162825,10/19/2016,10:40 a.m.,Miércoles,Automovil,Publico,Conductor,Masculino,No,Sin Registro,Solo Daños,Choque,No mantener distancia de seguridad,Calle 37  Sur Carrera 50,Las Vegas,Urbana,
2162798,10/19/2016,1:10 p.m.,Miércoles,Motocicleta,Particular,Motociclista,Masculino,No,Sin Registro,Herido,Choque,Desobedecer senales,Transversal 33  Sur Diagonal 33,Obrero,Urbana,"(6.173879308, -75.58428383)"
2162798,10/19/2016,1:10 p.m.,Miércoles,Automovil,Particular,Conductor,Femenino,No,Sin Registro,Herido,Choque,Desobedecer senales,Transversal 33  Sur Diagonal 33,Obrero,Urbana,"(6.173879308, -75.58428383)"
2162798,10/19/2016,1:10 p.m.,Miércoles,Microbus,Publico,Conductor,Femenino,No,Sin Registro,Herido,Choque,Desobedecer senales,Transversal 33  Sur Diagonal 33,Obrero,Urbana,"(6.173879308, -75.58428383)"
2162816,10/19/2016,2:25 p.m.,Miércoles,Automovil,Particular,Conductor,Femenino,No,Sin Registro,Solo Daños,Choque,No respetar prelacion,Calle 26  Sur Carrera 34 A,Villa Grande,Urbana,
2162816,10/19/2016,2:25 p.m.,Miércoles,Automovil,Particular,Conductor,Masculino,No,Sin Registro,Solo Daños,Choque,No respetar prelacion,Calle 26  Sur Carrera 34 A,Villa Grande,Urbana,
2162846,10/19/2016,2:40 p.m.,Miércoles,Automovil,Particular,Conductor,Masculino,No,Sin Registro,Solo Daños,Choque,No mantener distancia de seguridad,Calle 30  Sur Carrera 46 A,Jardines,Urbana,"(6.179166125, -75.58749587)"
2162846,10/19/2016,2:40 p.m.,Miércoles,Camioneta,Particular,Conductor,Femenino,No,Sin Registro,Solo Daños,Choque,No mantener distancia de seguridad,Calle 30  Sur Carrera 46 A,Jardines,Urbana,"(6.179166125, -75.58749587)"
2162824,10/19/2016,2:50 p.m.,Miércoles,Camion,Particular,Conductor,Masculino,No,Sin Registro,Solo Daños,Choque,Poner en marcha un vehiculo sin precauci,Calle 40 H Sur Carrera 41,El Dorado,Urbana,"(6.164634475, -75.59046213)"
2162824,10/19/2016,2:50 p.m.,Miércoles,Automovil,Particular,Conductor,Masculino,No,Sin Registro,Solo Daños,Choque,Poner en marcha un vehiculo sin precauci,Calle 40 H Sur Carrera 41,El Dorado,Urbana,"(6.164634475, -75.59046213)"
2162823,10/19/2016,3:00 p.m.,Miércoles,Automovil,Particular,Conductor,Masculino,No,Sin Registro,Solo Daños,Choque,Otra,Calle 29  Sur Carrera 45 A,Sin Registro,Urbana,"(6.179923549, -75.58625675)"
2162823,10/19/2016,3:00 p.m.,Miércoles,Automovil,Particular,Conductor,Masculino,No,Sin Registro,Solo Daños,Choque,Otra,Calle 29  Sur Carrera 45 A,Sin Registro,Urbana,"(6.179923549, -75.58625675)"
2162814,10/19/2016,3:15 p.m.,Miércoles,Tractocamion,Publico,Conductor,Masculino,No,Sin Registro,Solo Daños,Choque,Adelantar cerrando,Calle 40  Sur Carrera 48,Las Vegas,Urbana,"(6.158744179, -75.59459712)"
2162814,10/19/2016,3:15 p.m.,Miércoles,Automovil,Publico,Conductor,Masculino,No,Sin Registro,Solo Daños,Choque,Adelantar cerrando,Calle 40  Sur Carrera 48,Las Vegas,Urbana,"(6.158744179, -75.59459712)"
2162818,10/19/2016,5:10 p.m.,Miércoles,Automovil,Particular,Conductor,Masculino,No,Sin Registro,Herido,Choque,Desobedecer senales,Diagonal 32 D Transversal 32 A,La Magnolia,Urbana,"(6.175128619, -75.58398566)"