RADICADO,FECHA,HORA,DÍA DE LA SEMANA,CLASE DE VEHICULO,TIPO DE SERVICIO,TIPO DE VICTIMA,SEXO,ESTADO DE BEODEZ,RESULTADO DE BEODEZ,GRAVEDAD,CLASE DE ACCIDENTE,CAUSA,DIRECCIÓN,BARRIO,AREA,Coordenadas
2162818,10/19/2016,5:10 p.m.,Miércoles,Motocicleta,Particular,Motociclista,Masculino,No,Sin Registro,Herido,Choque,Desobedecer senales,Diagonal 32 D Transversal 32 A,La Magnolia,Urbana,"(6.175128619, -75.58398566)"
2162832,10/19/2016,6:00 p.m.,Miércoles,Camion,Particular,Conductor,Masculino,No,Sin Registro,Solo Daños,Choque,Reverso imprudente,Tramo 373 Kilometro  10,Vereda Palmas,Rural,
2162832,10/19/2016,6:00 p.m.,Miércoles,Camioneta,Particular,Conductor,Masculino,No,Sin Registro,Solo Daños,Choque,Reverso imprudente,Tramo 373 Kilometro  10,Vereda Palmas,Rural,
2163597,10/19/2016,6:10 p.m.,Miércoles,Automovil,Particular,Conductor,Masculino,No,Sin Registro,Herido,Atropello,Otra,Calle 38 A Sur Carrera 38,San Jose,Urbana,"(6.167339205, -75.58513636)"
2162817,10/19/2016,6:30 p.m.,Miércoles,Motocicleta,Particular,Motociclista,Masculino,No,Sin Registro,Solo Daños,Choque,Exceso de velocidad,Diagonal 39 Transversal 34 B,Obrero,Urbana,"(6.171523576, -75.58413244)"
2162817,10/19/2016,6:30 p.m.,Miércoles,Automovil,Particular,Conductor,Masculino,No,Sin Registro,Solo Daños,Choque,Exceso de velocidad,Diagonal 39 Transversal 34 B,Obrero,Urbana,"(6.171523576, -75.58413244)"
2162815,10/19/2016,7:20 p.m.,Miércoles,Motocicleta,Diplomatico,Motociclista,Masculino,No,Sin Registro,Solo Daños,Choque,No mantener distancia de seguridad,Calle 40 A Sur Carrera 46 A,Alcala,Urbana,"(6.168801152, -75.59444901)"
2162815,10/19/2016,7:20 p.m.,Miércoles,Automovil,Particular,Conductor,Femenino,No,Sin Registro,Solo Daños,Choque,No mantener distancia de seguridad,Calle 40 A Sur Carrera 46 A,Alcala,Urbana,"(6.168801152, -75.59444901)"
2162830,10/20/2016,6:00 a.m.,Jueves,Automovil,Publico,Conductor,Masculino,No,Sin Registro,Solo Daños,Choque,Desobedecer senales,Calle 38 B Sur Carrera 47 A,Alcala,Urbana,"(6.17185993, -75.59296557)"
2162830,10/20/2016,6:00 a.m.,Jueves,Motocicleta,Particular,Motociclista,Masculino,No,Sin Registro,Solo Daños,Choque,Desobedecer senales,Calle 38 B Sur Carrera 47 A,Alcala,Urbana,"(6.17185993, -75.59296557)"
2162826,10/20/2016,7:05 a.m.,Jueves,Bus,Publico,Conductor,Masculino,No,Sin Registro,Solo Daños,Choque,Impericia en el manejo,Calle 40  Sur Carrera 28 B,San Jose,Urbana,"(6.160728003, -75.58142402)"
2162826,10/20/2016,7:05 a.m.,Jueves,Motocicleta,Particular,Motociclista,Masculino,No,Sin Registro,Solo Daños,Choque,Impericia en el manejo,Calle 40  Sur Carrera 28 B,San Jose,Urbana,"(6.160728003, -75.58142402)"
2162859,10/20/2016,8:20 a.m.,Jueves,Automovil,Particular,Conductor,Femenino,No,Sin Registro,Solo Daños,Volcamiento,Impericia en el manejo,Tramo 372 Kilometro  15,Vereda Palmas,Rural,
2162831,10/20/2016,9:20 a.m.,Jueves,Automovil,Publico,Conductor,Masculino,No,Sin Registro,Solo Daños,Choque,Desobedecer senales,Calle 45 B Sur Carrera 43,La Paz,Urbana,"(6.164485785, -75.59467842)"
2162831,10/20/2016,9:20 a.m.,Jueves,Motocicleta,Particular,Motociclista,Masculino,No,Sin Registro,Solo Daños,Choque,Desobedecer senales,Calle 45 B Sur Carrera 43,La Paz,Urbana,"(6.164485785, -75.59467842)"
2162812,10/20/2016,10:30 a.m.,Jueves,Camion,Particular,Conductor,Masculino,No,Sin Registro,Solo Daños,Choque,No mantener distancia de seguridad,Calle 38  Sur Carrera 43 A,Zona Centro,Urbana,"(6.170537577, -75.58862514)"
2162812,10/20/2016,10:30 a.m.,Jueves,Motocicleta,Particular,Motociclista,Masculino,No,Sin Registro,Solo Daños,Choque,No mantener distancia de seguridad,Calle 38  Sur Carrera 43 A,Zona Centro,Urbana,"(6.170537577, -75.58862514)"
2162813,10/20/2016,11:05 a.m.,Jueves,Campero,Particular,Conductor,Masculino,No,Sin Registro,Solo Daños,Choque,Adelantar cerrando,Calle 45 A Sur Carrera 42 B,La Paz,Urbana,"(6.164010693, -75.59395211)"
2162813,10/20/2016,11:05 a.m.,Jueves,Automovil,Publico,Conductor,Masculino,No,Sin Registro,Solo Daños,Choque,Adelantar cerrando,Calle 45 A Sur Carrera 42 B,La Paz,Urbana,"(6.164010693, -75.59395211)"
2162820,10/20/2016,6:00 p.m.,Jueves,Camioneta,Particular,Conductor,Femenino,No,Sin Registro,Solo Daños,Choque,No mantener distancia de seguridad,Calle 36 D Sur Carrera 27 A,Vereda El Escobero,Urbana,"(6.164831751, -75.57423497)"
2162820,10/20/2016,6:00 p.m.,Jueves,Automovil,Particular,Conductor,Masculino,No,Sin Registro,Solo Daños,Choque,No mantener distancia de seguridad,Calle 36 D Sur Carrera 27 A,Vereda El Escobero,Urbana,"(6.164831751, -75.57423497)"
2162828,10/20/2016,6:20 p.m.,Jueves,Automovil,Particular,Conductor,Masculino,No,Sin Registro,Herido,Choque,Adelantar por la derecha,Calle 21  Sur Carrera 42,Sin Registro,Urbana,"(6.183287121, -75.5789598)"
2162828,10/20/2016,6:20 p.m.,Jueves,Motocicleta,Particular,Motociclista,Masculino,No,Sin Registro,Herido,Choque,Adelantar por la derecha,Calle 21  Sur Carrera 42,Sin Registro,Urbana,"(6.183287121, -75.5789598)"
2162829,10/20/2016,9:50 p.m.,Jueves,Automovil,Publico,Conductor,Masculino,No,Sin Registro,Solo Daños,Choque,Desobedecer senales,Calle 38  Sur Carrera 48,Sin Registro,Urbana,
2162829,10/20/2016,9:50 p.m.,Jueves,Camioneta,Publico,Conductor,Masculino,No,Sin Registro,Solo Daños,Choque,Desobedecer senales,Calle 38  Sur Carrera 48,Sin Registro,Urbana,
2162848,10/21/2016,6:40 a.m.,Viernes,Camioneta,Particular,Conductor,Masculino,No,Sin Registro,Solo Daños,Choque,No respetar prelacion,Calle 48 C Sur Carrera 48,Las Vegas,Urbana,"(6.159138282, -75.59625971)"
2162848,10/21/2016,6:40 a.m.,Viernes,Automovil,Particular,Conductor,Femenino,No,Sin Registro,Solo Daños,Choque,No respetar prelacion,Calle 48 C Sur Carrera 48,Las Vegas,Urbana,"(6.159138282, -75.59625971)"
2162840,10/21/2016,7:10 a.m.,Viernes,Motocicleta,Particular,Motociclista,Masculino,No,Sin Registro,Herido,Choque,Transitar entre vehiculos,Calle 25 AA Sur Carrera 50,Las Vegas,Urbana,"(6.182478523, -75.58331336)"
2162902,10/27/2016,10:30 a.m.,Jueves,Campero,Particular,Conductor,Femenino,No,Sin Registro,Herido,Choque,Impericia en el manejo,Tramo 372 Kilometro  12,Vereda Palmas,Rural,
2162840,10/21/2016,7:10 a.m.,Viernes,Motocicleta,Particular,Motociclista,Masculino,No,Sin Registro,Herido,Choque,Transitar entre vehiculos,Calle 25 AA Sur Carrera 50,Las Vegas,Urbana,"(6.182478523, -75.58331336)"
2162863,10/21/2016,7:55 a.m.,Viernes,Motocicleta,Particular,Motociclista,Masculino,No,Sin Registro,Solo Daños,Choque,No mantener distancia de seguridad,Calle 25 AA Sur Carrera 50,Las Vegas,Urbana,"(6.182478523, -75.58331336)"
2162863,10/21/2016,7:55 a.m.,Viernes,Automovil,Particular,Conductor,Masculino,No,Sin Registro,Solo Daños,Choque,No mantener distancia de seguridad,Calle 25 AA Sur Carrera 50,Las Vegas,Urbana,"(6.182478523, -75.58331336)"
2162858,10/21/2016,8:05 a.m.,Viernes,Automovil,Publico,Conductor,Masculino,No,Sin Registro,Solo Daños,Choque,Desobedecer senales,Calle 38  Sur Carrera 48,Las Vegas,Urbana,
2162858,10/21/2016,8:05 a.m.,Viernes,Automovil,Particular,Conductor,Femenino,No,Sin Registro,Solo Daños,Choque,Desobedecer senales,Calle 38  Sur Carrera 48,Las Vegas,Urbana,
2162850,10/21/2016,8:20 a.m.,Viernes,Automovil,Particular,Conductor,Femenino,No,Sin Registro,Solo Daños,Choque,Transitar entre vehiculos,Calle 35  Sur Carrera 48,Las Vegas,Urbana,
2162850,10/21/2016,8:20 a.m.,Viernes,Motocicleta,Particular,Motociclista,Masculino,No,Sin Registro,Solo Daños,Choque,Transitar entre vehiculos,Calle 35  Sur Carrera 48,Las Vegas,Urbana,
2162857,10/21/2016,8:50 a.m.,Viernes,Camioneta,Particular,Conductor,Femenino,No,Sin Registro,Solo Daños,Choque,Adelantar cerrando,Calle 46 A Sur Carrera 50,Las Vegas,Urbana,
2162857,10/21/2016,8:50 a.m.,Viernes,Camion,Particular,Conductor,Masculino,No,Sin Registro,Solo Daños,Choque,Adelantar cerrando,Calle 46 A Sur Carrera 50,Las Vegas,Urbana,
2162827,10/21/2016,12:15 p.m.,Viernes,Tracto-Camion Remolque,Publico,Conductor,Masculino,No,Sin Registro,Herido,Choque,No mantener distancia de seguridad,Calle 25  Sur Carrera 50,Las Vegas,Urbana,
2162827,10/21/2016,12:15 p.m.,Viernes,Motocicleta,Particular,Motociclista,Masculino,No,Sin Registro,Herido,Choque,No mantener distancia de seguridad,Calle 25  Sur Carrera 50,Las Vegas,Urbana,
2162856,10/21/2016,12:30 p.m.,Viernes,Camioneta,Particular,Conductor,Masculino,No,Sin Registro,Solo Daños,Choque,No respetar prelacion,Calle 38  Sur Carrera 48,Las Vegas,Urbana,
2162856,10/21/2016,12:30 p.m.,Viernes,Automovil,Publico,Conductor,Masculino,No,Sin Registro,Solo Daños,Choque,No respetar prelacion,Calle 38  Sur Carrera 48,Las Vegas,Urbana,
2162865,10/21/2016,1:10 p.m.,Viernes,Campero,Particular,Conductor,Masculino,No,Sin Registro,Solo Daños,Choque,No mantener distancia de seguridad,Diagonal 32 Transversal 35 D,Sin Registro,Urbana,"(6.168815732, -75.58069242)"
2162865,10/21/2016,1:10 p.m.,Viernes,Automovil,Particular,Conductor,Masculino,No,Sin Registro,Solo Daños,Choque,No mantener distancia de seguridad,Diagonal 32 Transversal 35 D,Sin Registro,Urbana,"(6.168815732, -75.58069242)"
2162834,10/21/2016,1:30 p.m.,Viernes,Bus,Publico,Conductor,Masculino,No,Sin Registro,Herido,Caida Ocupante,Exceso de velocidad,Tramo 377 Kilometro  16,Vereda Palmas,Rural,
2162845,10/21/2016,2:07 p.m.,Viernes,Automovil,Particular,Conductor,Femenino,No,Sin Registro,Solo Daños,Choque,No mantener distancia de seguridad,Calle 40  Sur Carrera 43 A,Alcala,Urbana,"(6.167965983, -75.59024215)"
2162845,10/21/2016,2:07 p.m.,Viernes,Automovil,Publico,Conductor,Masculino,No,Sin Registro,Solo Daños,Choque,No mantener distancia de seguridad,Calle 40  Sur Carrera 43 A,Alcala,Urbana,"(6.167965983, -75.59024215)"
2162852,10/21/2016,3:00 p.m.,Viernes,Automovil,Publico,Conductor,Masculino,No,Sin Registro,Solo Daños,Choque,Adelantar cerrando,Calle 37  Sur Carrera 43 A,Zona Centro,Urbana,"(6.171151654, -75.58815663)"
2162852,10/21/2016,3:00 p.m.,Viernes,Automovil,Particular,Conductor,Masculino,No,Sin Registro,Solo Daños,Choque,Adelantar cerrando,Calle 37  Sur Carrera 43 A,Zona Centro,Urbana,"(6.171151654, -75.58815663)"
2162833,10/21/2016,6:00 p.m.,Viernes,Motocicleta,Particular,Motociclista,Masculino,No,Sin Registro,Solo Daños,Choque,Otra,Calle 31 D Sur Carrera 24,Vereda El Escobero,Urbana,
2162833,10/21/2016,6:00 p.m.,Viernes,Motocicleta,Particular,Motociclista,Masculino,No,Sin Registro,Solo Daños,Choque,Otra,Calle 31 D Sur Carrera 24,Vereda El Escobero,Urbana,
2162836,10/21/2016,6:30 p.m.,Viernes,Automovil,Publico,Conductor,Masculino,No,Sin Registro,Herido,Choque,Desobedecer senales,Diagonal 32 D Transversal 32,La Magnolia,Urbana,"(6.175661946, -75.58418404)"
2162836,10/21/2016,6:30 p.m.,Viernes,Motocicleta,Particular,Motociclista,Masculino,No,Sin Registro,Herido,Choque,Desobedecer senales,Diagonal 32 D Transversal 32,La Magnolia,Urbana,"(6.175661946, -75.58418404)"
2162838,10/21/2016,9:20 p.m.,Viernes,Bicicleta,Particular,Ciclista,Masculino,No,Sin Registro,Herido,Atropello,Exceso de velocidad,Calle 46 B Sur Carrera 42,La Paz,Urbana,"(6.161302711, -75.59399845)"
2162855,10/21/2016,9:45 p.m.,Viernes,Motocicleta,Particular,Motociclista,Femenino,No,Sin Registro,Solo Daños,Choque,No respetar prelacion,Calle 46  Sur Carrera 48,Las Vegas,Urbana,"(6.162824447, -75.59968661)"
2162855,10/21/2016,9:45 p.m.,Viernes,Bicicleta,Particular,Ciclista,Masculino,No,Sin Registro,Solo Daños,Choque,No respetar prelacion,Calle 46  Sur Carrera 48,Las Vegas,Urbana,"(6.162824447, -75.59968661)"
2162837,10/22/2016,6:10 a.m.,Sábado,Motocicleta,Particular,Motociclista,Masculino,No,Sin Registro,Herido,Choque,Desobedecer senales,Calle 38  Sur Carrera 35,Mesa,Urbana,"(6.167045877, -75.58316842)"
2162837,10/22/2016,6:10 a.m.,Sábado,Automovil,Particular,Conductor,Femenino,No,Sin Registro,Herido,Choque,Desobedecer senales,Calle 38  Sur Carrera 35,Mesa,Urbana,"(6.167045877, -75.58316842)"
2162868,10/22/2016,7:05 a.m.,Sábado,Automovil,Particular,Conductor,Masculino,No,Sin Registro,Herido,Choque,No mantener distancia de seguridad,Calle 25 A Sur Carrera 50,Las Vegas,Urbana,
2162868,10/22/2016,7:05 a.m.,Sábado,Bicicleta,Particular,Ciclista,Masculino,No,Sin Registro,Herido,Choque,No mantener distancia de seguridad,Calle 25 A Sur Carrera 50,Las Vegas,Urbana,
2162860,10/22/2016,8:00 a.m.,Sábado,Automovil,Particular,Conductor,Masculino,No,Sin Registro,Solo Daños,Choque,No mantener distancia de seguridad,Calle 49  Sur Carrera 48,Las Vegas,Urbana,"(6.163238618, -75.60250718)"
2162860,10/22/2016,8:00 a.m.,Sábado,Motocicleta,Particular,Motociclista,Masculino,No,Sin Registro,Solo Daños,Choque,No mantener distancia de seguridad,Calle 49  Sur Carrera 48,Las Vegas,Urbana,"(6.163238618, -75.60250718)"
2162875,10/22/2016,8:40 a.m.,Sábado,Motocicleta,Particular,Motociclista,Masculino,No,Sin Registro,Solo Daños,Choque,Adelantar invadiendo carril de sentido contrario,Calle 36 D Sur Carrera 27,Vereda El Escobero,Urbana,"(6.162479576, -75.57022257)"
2162875,10/22/2016,8:40 a.m.,Sábado,Camioneta,Particular,Conductor,Masculino,No,Sin Registro,Solo Daños,Choque,Adelantar invadiendo carril de sentido contrario,Calle 36 D Sur Carrera 27,Vereda El Escobero,Urbana,"(6.162479576, -75.57022257)"
2162862,10/22/2016,12:40 p.m.,Sábado,Campero,Particular,Conductor,Masculino,No,Sin Registro,Solo Daños,Choque,Impericia en el manejo,Calle 33  Sur Carrera 43,Zona Centro,Urbana,"(6.173912569, -75.58697473)"
2162862,10/22/2016,12:40 p.m.,Sábado,Camion,Publico,Conductor,Masculino,No,Sin Registro,Solo Daños,Choque,Impericia en el manejo,Calle 33  Sur Carrera 43,Zona Centro,Urbana,"(6.173912569, -75.58697473)"
2162861,10/22/2016,12:45 p.m.,Sábado,Automovil,Particular,Conductor,Masculino,No,Sin Registro,Solo Daños,Choque,No mantener distancia de seguridad,Calle 39  Sur Carrera 43 A,Alcala,Urbana,"(6.169120914, -75.58953036)"
2162861,10/22/2016,12:45 p.m.,Sábado,Automovil,Particular,Conductor,Masculino,No,Sin Registro,Solo Daños,Choque,No mantener distancia de seguridad,Calle 39  Sur Carrera 43 A,Alcala,Urbana,"(6.169120914, -75.58953036)"
2162844,10/22/2016,1:25 p.m.,Sábado,Automovil,Particular,Conductor,Femenino,No,Sin Registro,Solo Daños,Choque,Adelantar cerrando,Calle 37  Sur Carrera 48,Las Vegas,Urbana,"(6.17412211, -75.59306111)"
2162844,10/22/2016,1:25 p.m.,Sábado,Camioneta,Particular,Conductor,Masculino,No,Sin Registro,Solo Daños,Choque,Adelantar cerrando,Calle 37  Sur Carrera 48,Las Vegas,Urbana,"(6.17412211, -75.59306111)"
2162842,10/22/2016,1:40 p.m.,Sábado,Automovil,Particular,Conductor,Masculino,No,Sin Registro,Solo Daños,Choque,Poner en marcha un vehiculo sin precauci,Diagonal 32 D Transversal 31,San Marcos,Urbana,"(6.176384961, -75.58429424)"
2162842,10/22/2016,1:40 p.m.,Sábado,Camioneta,Particular,Conductor,Femenino,No,Sin Registro,Solo Daños,Choque,Poner en marcha un vehiculo sin precauci,Diagonal 32 D Transversal 31,San Marcos,Urbana,"(6.176384961, -75.58429424)"
2162839,10/22/2016,1:50 p.m.,Sábado,Camioneta,Particular,Conductor,Masculino,No,Sin Registro,Herido,Choque,Desobedecer senales,Calle 37  Sur Carrera 37,Mesa,Urbana,"(6.168351775, -75.58376911)"
2162839,10/22/2016,1:50 p.m.,Sábado,Motocicleta,Particular,Motociclista,Femenino,No,Sin Registro,Herido,Choque,Desobedecer senales,Calle 37  Sur Carrera 37,Mesa,Urbana,"(6.168351775, -75.58376911)"
2162853,10/22/2016,2:30 p.m.,Sábado,Automovil,Particular,Conductor,Masculino,No,Sin Registro,Solo Daños,Choque,No mantener distancia de seguridad,Calle 37  Sur Carrera 48,Las Vegas,Urbana,"(6.17412211, -75.59306111)"
2162853,10/22/2016,2:30 p.m.,Sábado,Camioneta,Particular,Conductor,Femenino,No,Sin Registro,Solo Daños,Choque,No mantener distancia de seguridad,Calle 37  Sur Carrera 48,Las Vegas,Urbana,"(6.17412211, -75.59306111)"
2162841,10/22/2016,3:20 p.m.,Sábado,Bus,Publico,Conductor,Masculino,No,Sin Registro,Solo Daños,Choque,No mantener distancia de seguridad,Calle 25  Sur Carrera 46,Villa Grande,Urbana,"(6.183044029, -75.5826185)"
2162841,10/22/2016,3:20 p.m.,Sábado,Automovil,Publico,Conductor,Masculino,No,Sin Registro,Solo Daños,Choque,No mantener distancia de seguridad,Calle 25  Sur Carrera 46,Villa Grande,Urbana,"(6.183044029, -75.5826185)"
2162870,10/22/2016,4:20 p.m.,Sábado,Campero,Particular,Conductor,Femenino,No,Sin Registro,Herido,Choque,No mantener distancia de seguridad,Calle 23  Sur Carrera 27,Zuñiga,Urbana,"(6.176668041, -75.56752563)"
2162870,10/22/2016,4:20 p.m.,Sábado,Automovil,Particular,Conductor,Masculino,No,Sin Registro,Herido,Choque,No mantener distancia de seguridad,Calle 23  Sur Carrera 27,Zuñiga,Urbana,"(6.176668041, -75.56752563)"
2162835,10/22/2016,4:30 p.m.,Sábado,Motocicleta,Particular,Motociclista,Masculino,No,Sin Registro,Herido,Caida Ocupante,Exceso de velocidad,Calle 40  Sur Carrera 24 F,El Salado,Urbana,"(6.151179811, -75.57759933)"
2162847,10/22/2016,8:00 p.m.,Sábado,Automovil,Publico,Conductor,Masculino,No,Sin Registro,Solo Daños,Choque,Desobedecer senales,Diagonal 31 E Transversal 33,La Magnolia,Urbana,"(6.174094397, -75.57881853)"
2162847,10/22/2016,8:00 p.m.,Sábado,Automovil,Publico,Conductor,Masculino,No,Sin Registro,Solo Daños,Choque,Desobedecer senales,Diagonal 31 E Transversal 33,La Magnolia,Urbana,"(6.174094397, -75.57881853)"
2162851,10/22/2016,8:30 p.m.,Sábado,Motocicleta,Particular,Motociclista,Masculino,No,Sin Registro,Solo Daños,Choque,Adelantar en zona prohibida,Calle 37  Sur Carrera 27,Vereda El Escobero,Urbana,
2162851,10/22/2016,8:30 p.m.,Sábado,Automovil,Particular,Conductor,Masculino,No,Sin Registro,Solo Daños,Choque,Adelantar en zona prohibida,Calle 37  Sur Carrera 27,Vereda El Escobero,Urbana,
2162854,10/22/2016,8:30 p.m.,Sábado,Camioneta,Particular,Conductor,Femenino,No,Sin Registro,Solo Daños,Choque,Desobedecer senales,Calle 37 B Sur Carrera 27 A,Sin Registro,Urbana,"(6.159881312, -75.57465353)"
2162854,10/22/2016,8:30 p.m.,Sábado,Motocicleta,Particular,Motociclista,Masculino,No,Sin Registro,Solo Daños,Choque,Desobedecer senales,Calle 37 B Sur Carrera 27 A,Sin Registro,Urbana,"(6.159881312, -75.57465353)"
2162849,10/23/2016,6:50 p.m.,Domingo,Automovil,Particular,Conductor,Masculino,No,Sin Registro,Solo Daños,Choque,No mantener distancia de seguridad,Calle 46  Sur Carrera 48,Las Vegas,Urbana,"(6.162824447, -75.59968661)"
2162849,10/23/2016,6:50 p.m.,Domingo,Motocicleta,Particular,Motociclista,Masculino,No,Sin Registro,Solo Daños,Choque,No mantener distancia de seguridad,Calle 46  Sur Carrera 48,Las Vegas,Urbana,"(6.162824447, -75.59968661)"
2162843,10/23/2016,8:50 p.m.,Domingo,Motocicleta,Particular,Motociclista,Masculino,No,Sin Registro,Solo Daños,Choque,No mantener distancia de seguridad,Calle 48 C Sur Carrera 48,Las Vegas,Urbana,"(6.159138282, -75.59625971)"
2162843,10/23/2016,8:50 p.m.,Domingo,Automovil,Particular,Conductor,Masculino,No,Sin Registro,Solo Daños,Choque,No mantener distancia de seguridad,Calle 48 C Sur Carrera 48,Las Vegas,Urbana,"(6.159138282, -75.59625971)"
2162886,10/23/2016,9:00 p.m.,Domingo,Motocicleta,Particular,Motociclista,Masculino,No,Sin Registro,Solo Daños,Choque,Desobedecer senales,Carrera 27 Calle 27  Sur,El Esmeraldal,Urbana,"(6.172298689, -75.56780953)"
2162886,10/23/2016,9:00 p.m.,Domingo,Campero,Particular,Conductor,Masculino,No,Sin Registro,Solo Daños,Choque,Desobedecer senales,Carrera 27 Calle 27  Sur,El Esmeraldal,Urbana,"(6.172298689, -75.56780953)"
2162882,10/24/2016,6:30 a.m.,Lunes,Campero,Particular,Conductor,Masculino,No,Sin Registro,Solo Daños,Choque,Adelantar en zona prohibida,Calle 46  Sur Carrera 46,Las Vegas,Urbana,"(6.164633401, -75.59668961)"
2162882,10/24/2016,6:30 a.m.,Lunes,Bus,Publico,Conductor,Masculino,No,Sin Registro,Solo Daños,Choque,Adelantar en zona prohibida,Calle 46  Sur Carrera 46,Las Vegas,Urbana,"(6.164633401, -75.59668961)"
2162872,10/24/2016,8:50 a.m.,Lunes,Campero,Particular,Conductor,Femenino,No,Sin Registro,Solo Daños,Choque,Reverso imprudente,Calle 41 C Sur Carrera 39 A,Sin Registro,Urbana,
2162891,10/24/2016,12:45 p.m.,Lunes,Camion,Publico,Conductor,Masculino,No,Sin Registro,Solo Daños,Choque,Reverso imprudente,Diagonal 32 Transversal 32,La Magnolia,Urbana,"(6.176182339, -75.58266522)"
2162871,10/24/2016,2:50 p.m.,Lunes,Microbus,Publico,Conductor,Masculino,No,Sin Registro,Solo Daños,Choque,Desobedecer senales,Calle 39  Sur Carrera 36,Mesa,Urbana,"(6.165994343, -75.58458117)"
2162871,10/24/2016,2:50 p.m.,Lunes,Motocicleta,Particular,Motociclista,Masculino,No,Sin Registro,Solo Daños,Choque,Desobedecer senales,Calle 39  Sur Carrera 36,Mesa,Urbana,"(6.165994343, -75.58458117)"
2162874,10/24/2016,3:15 p.m.,Lunes,Buseta,Publico,Conductor,Masculino,No,Sin Registro,Solo Daños,Choque,Adelantar cerrando,Calle 26 A Sur Carrera 42 B,Sin Registro,Urbana,"(6.177324883, -75.57942368)"
2162874,10/24/2016,3:15 p.m.,Lunes,Buseta,Publico,Conductor,Masculino,No,Sin Registro,Solo Daños,Choque,Adelantar cerrando,Calle 26 A Sur Carrera 42 B,Sin Registro,Urbana,"(6.177324883, -75.57942368)"
2162884,10/24/2016,3:25 p.m.,Lunes,Motocicleta,Particular,Motociclista,Masculino,No,Sin Registro,Herido,Caida Ocupante,Impericia en el manejo,Calle 26  Sur Carrera 43 A,Sin Registro,Urbana,"(6.180841534, -75.58293815)"
2162866,10/24/2016,3:30 p.m.,Lunes,Motocicleta,Particular,Motociclista,Masculino,No,Sin Registro,Herido,Caida Ocupante,Impericia en el manejo,Tramo 371 Kilometro  80,Vereda El Escobero,Rural,
2162873,10/24/2016,4:00 p.m.,Lunes,Camion,Publico,Conductor,Masculino,No,Sin Registro,Solo Daños,Choque,Desobedecer senales,Calle 39  Sur Carrera 33,Mesa,Urbana,"(6.164989355, -75.58296685)"
2162873,10/24/2016,4:00 p.m.,Lunes,Automovil,Particular,Conductor,Masculino,No,Sin Registro,Solo Daños,Choque,Desobedecer senales,Calle 39  Sur Carrera 33,Mesa,Urbana,"(6.164989355, -75.58296685)"
2162879,10/24/2016,4:00 p.m.,Lunes,Motocicleta,Particular,Motociclista,Masculino,No,Sin Registro,Solo Daños,Choque,No respetar prelacion,Calle 46 A Sur Carrera 50,Las Vegas,Urbana,
2162879,10/24/2016,4:00 p.m.,Lunes,Camion,Publico,Conductor,Masculino,No,Sin Registro,Solo Daños,Choque,No respetar prelacion,Calle 46 A Sur Carrera 50,Las Vegas,Urbana,
2162879,10/24/2016,4:00 p.m.,Lunes,Automovil,Particular,Conductor,Masculino,No,Sin Registro,Solo Daños,Choque,No respetar prelacion,Calle 46 A Sur Carrera 50,Las Vegas,Urbana,
2162867,10/24/2016,4:30 p.m.,Lunes,Automovil,Publico,Conductor,Masculino,No,Sin Registro,Herido,Atropello,Cruzar sin observar,Transversal 34 D Sur Diagonal 31,Las Flores,Urbana,"(6.172106631, -75.57927512)"
2162883,10/24/2016,4:40 p.m.,Lunes,Automovil,Particular,Conductor,Femenino,No,Sin Registro,Solo Daños,Choque,Exceso de velocidad,Calle 40  Sur Carrera 43 A,Alcala,Urbana,"(6.167965983, -75.59024215)"
2162877,10/24/2016,5:00 p.m.,Lunes,Microbus,Publico,Conductor,Masculino,No,Sin Registro,Solo Daños,Choque,Adelantar cerrando,Calle 39  Sur Carrera 43 A,Avenida El Poblado,Urbana,"(6.169120914, -75.58953036)"
2162877,10/24/2016,5:00 p.m.,Lunes,Motocicleta,Particular,Motociclista,Femenino,No,Sin Registro,Solo Daños,Choque,Adelantar cerrando,Calle 39  Sur Carrera 43 A,Avenida El Poblado,Urbana,"(6.169120914, -75.58953036)"
2162878,10/24/2016,5:00 p.m.,Lunes,Motocicleta,Particular,Motociclista,Masculino,No,Sin Registro,Solo Daños,Choque,Adelantar cerrando,Calle 50  Sur Carrera 48,Las Casitas,Urbana,
2162878,10/24/2016,5:00 p.m.,Lunes,Automovil,Particular,Conductor,Femenino,No,Sin Registro,Solo Daños,Choque,Adelantar cerrando,Calle 50  Sur Carrera 48,Las Casitas,Urbana,
2162876,10/24/2016,5:40 p.m.,Lunes,Microbus,Publico,Conductor,Masculino,No,Sin Registro,Solo Daños,Choque,Adelantar cerrando,Calle 39  Sur Carrera 43 A,Zona Centro,Urbana,"(6.169120914, -75.58953036)"
2162876,10/24/2016,5:40 p.m.,Lunes,Camioneta,Particular,Conductor,Masculino,No,Sin Registro,Solo Daños,Choque,Adelantar cerrando,Calle 39  Sur Carrera 43 A,Zona Centro,Urbana,"(6.169120914, -75.58953036)"
2162881,10/25/2016,6:10 a.m.,Martes,Campero,Particular,Conductor,Femenino,No,Sin Registro,Solo Daños,Choque,No mantener distancia de seguridad,Tramo 373 Kilometro  11,Vereda Palmas,Rural,