RADICADO,FECHA,HORA,DÍA DE LA SEMANA,CLASE DE VEHICULO,TIPO DE SERVICIO,TIPO DE VICTIMA,SEXO,ESTADO DE BEODEZ,RESULTADO DE BEODEZ,GRAVEDAD,CLASE DE ACCIDENTE,CAUSA,DIRECCIÓN,BARRIO,AREA,Coordenadas
2162881,10/25/2016,6:10 a.m.,Martes,Automovil,Particular,Conductor,Masculino,No,Sin Registro,Solo Daños,Choque,No mantener distancia de seguridad,Tramo 373 Kilometro  11,Vereda Palmas,Rural,
2162869,10/25/2016,6:40 a.m.,Martes,Camioneta,Particular,Conductor,Masculino,No,Sin Registro,Herido,Choque,Impericia en el manejo,Tramo 372 Kilometro  12,Vereda Palmas,Rural,
2162889,10/25/2016,7:10 a.m.,Martes,Campero,Particular,Conductor,Masculino,No,Sin Registro,Solo Daños,Choque,No mantener distancia de seguridad,Tramo 373 Kilometro  13,Vereda Palmas,Rural,
2162889,10/25/2016,7:10 a.m.,Martes,Motocicleta,Particular,Motociclista,Masculino,No,Sin Registro,Solo Daños,Choque,No mantener distancia de seguridad,Tramo 373 Kilometro  13,Vereda Palmas,Rural,
2162880,10/25/2016,8:40 a.m.,Martes,Automovil,Particular,Conductor,Masculino,No,Sin Registro,Solo Daños,Choque,Reverso imprudente,Calle 48  Sur Carrera 49,Las Vegas,Urbana,"(6.166315885, -75.60240415)"
2162880,10/25/2016,8:40 a.m.,Martes,Camion,Publico,Conductor,Masculino,No,Sin Registro,Solo Daños,Choque,Reverso imprudente,Calle 48  Sur Carrera 49,Las Vegas,Urbana,"(6.166315885, -75.60240415)"
2162888,10/25/2016,10:00 a.m.,Martes,Automovil,Particular,Conductor,Masculino,No,Sin Registro,Solo Daños,Choque,No mantener distancia de seguridad,Calle 37  Sur Carrera 50,Las Vegas,Urbana,
2162888,10/25/2016,10:00 a.m.,Martes,Camioneta,Publico,Conductor,Masculino,No,Sin Registro,Solo Daños,Choque,No mantener distancia de seguridad,Calle 37  Sur Carrera 50,Las Vegas,Urbana,
2162885,10/25/2016,11:50 a.m.,Martes,Motocicleta,Particular,Motociclista,Masculino,No,Sin Registro,Herido,Choque,No respetar prelacion,Calle 36  Sur Carrera 43 A,Zona Centro,Urbana,"(6.171868319, -75.58774823)"
2162885,10/25/2016,11:50 a.m.,Martes,Motocicleta,Particular,Motociclista,Masculino,No,Sin Registro,Herido,Choque,No respetar prelacion,Calle 36  Sur Carrera 43 A,Zona Centro,Urbana,"(6.171868319, -75.58774823)"
2162885,10/25/2016,11:50 a.m.,Martes,Automovil,Particular,Conductor,Masculino,No,Sin Registro,Herido,Choque,No respetar prelacion,Calle 36  Sur Carrera 43 A,Zona Centro,Urbana,"(6.171868319, -75.58774823)"
2162887,10/25/2016,12:00 p.m.,Martes,Motocicleta,Particular,Motociclista,Masculino,No,Sin Registro,Solo Daños,Choque,No mantener distancia de seguridad,Calle 50  Sur Carrera 48,Las Vegas,Urbana,
2162887,10/25/2016,12:00 p.m.,Martes,Automovil,Particular,Conductor,Masculino,No,Sin Registro,Solo Daños,Choque,No mantener distancia de seguridad,Calle 50  Sur Carrera 48,Las Vegas,Urbana,
2162901,10/25/2016,3:50 p.m.,Martes,Automovil,Particular,Conductor,Masculino,No,Sin Registro,Solo Daños,Choque,Adelantar cerrando,Diagonal 33 Transversal 34,Obrero,Urbana,"(6.172651904, -75.58382242)"
2162901,10/25/2016,3:50 p.m.,Martes,Camioneta,Particular,Conductor,Masculino,No,Sin Registro,Solo Daños,Choque,Adelantar cerrando,Diagonal 33 Transversal 34,Obrero,Urbana,"(6.172651904, -75.58382242)"
2162892,10/25/2016,5:10 p.m.,Martes,Camioneta,Particular,Conductor,Masculino,No,Sin Registro,Solo Daños,Choque,No mantener distancia de seguridad,Calle 25  Sur Carrera 46,Zuñiga,Urbana,"(6.183044029, -75.5826185)"
2162892,10/25/2016,5:10 p.m.,Martes,Automovil,Particular,Conductor,Masculino,No,Sin Registro,Solo Daños,Choque,No mantener distancia de seguridad,Calle 25  Sur Carrera 46,Zuñiga,Urbana,"(6.183044029, -75.5826185)"
2162890,10/25/2016,5:25 p.m.,Martes,Camioneta,Particular,Conductor,Masculino,No,Sin Registro,Solo Daños,Choque,No mantener distancia de seguridad,Carrera 48 Calle 32  Sur,Las Vegas,Urbana,"(6.177503621, -75.58948538)"
2162890,10/25/2016,5:25 p.m.,Martes,Camioneta,Particular,Conductor,Femenino,No,Sin Registro,Solo Daños,Choque,No mantener distancia de seguridad,Carrera 48 Calle 32  Sur,Las Vegas,Urbana,"(6.177503621, -75.58948538)"
2162923,10/26/2016,4:00 a.m.,Miércoles,Camioneta,Particular,Conductor,Masculino,No,Sin Registro,Solo Daños,Choque,No mantener distancia de seguridad,Calle 44  Sur Carrera 48,Las Vegas,Urbana,"(6.168560051, -75.59898129)"
2162923,10/26/2016,4:00 a.m.,Miércoles,Camioneta,Particular,Conductor,Femenino,No,Sin Registro,Solo Daños,Choque,No mantener distancia de seguridad,Calle 44  Sur Carrera 48,Las Vegas,Urbana,"(6.168560051, -75.59898129)"
2162893,10/26/2016,6:45 a.m.,Miércoles,Automovil,Particular,Conductor,Masculino,No,Sin Registro,Solo Daños,Choque,Desobedecer senales,Calle 40 AA Sur Carrera 36,Sin Registro,Urbana,"(6.164225597, -75.58532014)"
2162893,10/26/2016,6:45 a.m.,Miércoles,Motocicleta,Particular,Motociclista,Masculino,No,Sin Registro,Solo Daños,Choque,Desobedecer senales,Calle 40 AA Sur Carrera 36,Sin Registro,Urbana,"(6.164225597, -75.58532014)"
2162907,10/26/2016,7:50 a.m.,Miércoles,Campero,Particular,Conductor,Masculino,No,Sin Registro,Solo Daños,Choque,No mantener distancia de seguridad,Carrera 48 Calle 33 B Sur,Las Vegas,Urbana,"(6.175955833, -75.59046195)"
2162907,10/26/2016,7:50 a.m.,Miércoles,Motocicleta,Particular,Motociclista,Masculino,No,Sin Registro,Solo Daños,Choque,No mantener distancia de seguridad,Carrera 48 Calle 33 B Sur,Las Vegas,Urbana,"(6.175955833, -75.59046195)"
2162902,10/27/2016,10:30 a.m.,Jueves,Motocicleta,Particular,Motociclista,Masculino,No,Sin Registro,Herido,Choque,Exceso de velocidad,Tramo 372 Kilometro  12,Vereda Palmas,Rural,
2162894,10/26/2016,9:25 a.m.,Miércoles,Camioneta,Particular,Conductor,Femenino,No,Sin Registro,Solo Daños,Choque,No respetar prelacion,Calle 33 B Sur Carrera 45,El Portal,Urbana,"(6.174167802, -75.58799211)"
2162894,10/26/2016,9:25 a.m.,Miércoles,Camioneta,Particular,Conductor,Masculino,No,Sin Registro,Solo Daños,Choque,No respetar prelacion,Calle 33 B Sur Carrera 45,El Portal,Urbana,"(6.174167802, -75.58799211)"
2162895,10/26/2016,11:00 a.m.,Miércoles,Camioneta,Particular,Conductor,Masculino,No,Sin Registro,Solo Daños,Choque,Otra,Calle 25  Sur Carrera 43 A,Las Orquideas,Urbana,"(6.181560189, -75.58201649)"
2162895,10/26/2016,11:00 a.m.,Miércoles,Motocicleta,Particular,Motociclista,Sin registro,No,Sin Registro,Solo Daños,Choque,Otra,Calle 25  Sur Carrera 43 A,Las Orquideas,Urbana,"(6.181560189, -75.58201649)"
2162900,10/26/2016,2:30 p.m.,Miércoles,Camion,Publico,Conductor,Masculino,No,Sin Registro,Solo Daños,Choque,Adelantar cerrando,Calle 46 C Sur Carrera 42,La Paz,Urbana,"(6.161231999, -75.59450407)"
2162900,10/26/2016,2:30 p.m.,Miércoles,Camioneta,Particular,Conductor,Masculino,No,Sin Registro,Solo Daños,Choque,Adelantar cerrando,Calle 46 C Sur Carrera 42,La Paz,Urbana,"(6.161231999, -75.59450407)"
2162912,10/26/2016,9:00 p.m.,Miércoles,Camioneta,Particular,Conductor,Masculino,No,Sin Registro,Solo Daños,Choque,No mantener distancia de seguridad,Calle 40 B Sur Carrera 41,El Dorado,Urbana,"(6.166413827, -75.5882014)"
2162912,10/26/2016,9:00 p.m.,Miércoles,Automovil,Particular,Conductor,Masculino,No,Sin Registro,Solo Daños,Choque,No mantener distancia de seguridad,Calle 40 B Sur Carrera 41,El Dorado,Urbana,"(6.166413827, -75.5882014)"
2162899,10/27/2016,6:30 a.m.,Jueves,Motocicleta,Particular,Motociclista,Masculino,No,Sin Registro,Solo Daños,Choque,Transitar entre vehiculos,Calle 39  Sur Carrera 50,Las Vegas,Urbana,
2162899,10/27/2016,6:30 a.m.,Jueves,Automovil,Particular,Conductor,Masculino,No,Sin Registro,Solo Daños,Choque,Transitar entre vehiculos,Calle 39  Sur Carrera 50,Las Vegas,Urbana,
2162906,10/27/2016,6:40 a.m.,Jueves,Automovil,Particular,Conductor,Masculino,No,Sin Registro,Solo Daños,Choque,No mantener distancia de seguridad,Calle 39  Sur Carrera 42,Zona Centro,Urbana,"(6.168300638, -75.58815927)"
2162906,10/27/2016,6:40 a.m.,Jueves,Automovil,Particular,Conductor,Masculino,No,Sin Registro,Solo Daños,Choque,No mantener distancia de seguridad,Calle 39  Sur Carrera 42,Zona Centro,Urbana,"(6.168300638, -75.58815927)"
2162898,10/27/2016,6:45 a.m.,Jueves,Automovil,Particular,Conductor,Femenino,No,Sin Registro,Solo Daños,Choque,No mantener distancia de seguridad,Calle 31  Sur Carrera 48,Las Vegas,Urbana,
2162898,10/27/2016,6:45 a.m.,Jueves,Motocicleta,Particular,Motociclista,Masculino,No,Sin Registro,Solo Daños,Choque,No mantener distancia de seguridad,Calle 31  Sur Carrera 48,Las Vegas,Urbana,
2162911,10/27/2016,6:45 a.m.,Jueves,Automovil,Particular,Conductor,Masculino,No,Sin Registro,Solo Daños,Choque,Transitar entre vehiculos,Calle 46  Sur Carrera 50,Las Vegas,Urbana,
2162911,10/27/2016,6:45 a.m.,Jueves,Motocicleta,Particular,Motociclista,Femenino,No,Sin Registro,Solo Daños,Choque,Transitar entre vehiculos,Calle 46  Sur Carrera 50,Las Vegas,Urbana,
2162924,10/27/2016,6:50 a.m.,Jueves,Microbus,Publico,Conductor,Femenino,No,Sin Registro,Solo Daños,Choque,Otra,Transversal 27 A Sur Carrera 42 B,La Magnolia,Urbana,"(6.158218327, -75.58174111)"
2162924,10/27/2016,6:50 a.m.,Jueves,Motocicleta,Particular,Motociclista,Masculino,No,Sin Registro,Solo Daños,Choque,Otra,Transversal 27 A Sur Carrera 42 B,La Magnolia,Urbana,"(6.158218327, -75.58174111)"
2162904,10/27/2016,7:20 a.m.,Jueves,Automovil,Particular,Conductor,Masculino,No,Sin Registro,Herido,Choque,Adelantar cerrando,Tramo 12 Kilometro  9,Vereda Palmas,Rural,
2162904,10/27/2016,7:20 a.m.,Jueves,Motocicleta,Particular,Motociclista,Masculino,No,Sin Registro,Herido,Choque,Adelantar cerrando,Tramo 12 Kilometro  9,Vereda Palmas,Rural,
2162949,10/27/2016,8:10 a.m.,Jueves,Campero,Particular,Conductor,Femenino,No,Sin Registro,Solo Daños,Choque,No mantener distancia de seguridad,Calle 37  Sur Carrera 50,Sin Registro,Urbana,
2162949,10/27/2016,8:10 a.m.,Jueves,Campero,Particular,Conductor,Masculino,No,Sin Registro,Solo Daños,Choque,No mantener distancia de seguridad,Calle 37  Sur Carrera 50,Sin Registro,Urbana,
2162908,10/27/2016,10:00 a.m.,Jueves,Automovil,Particular,Conductor,Masculino,No,Sin Registro,Solo Daños,Choque,Adelantar por la derecha,Calle 25  Sur Carrera 48,Las Vegas,Urbana,
2162908,10/27/2016,10:00 a.m.,Jueves,Motocicleta,Particular,Motociclista,Masculino,No,Sin Registro,Solo Daños,Choque,Adelantar por la derecha,Calle 25  Sur Carrera 48,Las Vegas,Urbana,
2162902,10/27/2016,10:30 a.m.,Jueves,Motocicleta,Particular,Motociclista,Masculino,No,Sin Registro,Herido,Choque,Impericia en el manejo,Tramo 372 Kilometro  12,Vereda Palmas,Rural,
2162902,10/27/2016,10:30 a.m.,Jueves,Campero,Particular,Conductor,Femenino,No,Sin Registro,Herido,Choque,Exceso de velocidad,Tramo 372 Kilometro  12,Vereda Palmas,Rural,
2162914,10/27/2016,11:00 a.m.,Jueves,Motocicleta,Particular,Motociclista,Masculino,No,Sin Registro,Herido,Choque,No mantener distancia de seguridad,Calle 27 A Sur Carrera 43 A,Avenida El Poblado,Urbana,"(6.180069628, -75.585608)"
2162914,10/27/2016,11:00 a.m.,Jueves,Automovil,Publico,Conductor,Masculino,No,Sin Registro,Herido,Choque,No mantener distancia de seguridad,Calle 27 A Sur Carrera 43 A,Avenida El Poblado,Urbana,"(6.180069628, -75.585608)"
2162935,10/27/2016,11:00 a.m.,Jueves,Automovil,Particular,Conductor,Masculino,No,Sin Registro,Solo Daños,Choque,Otra,Calle 48 C Sur Carrera 43 A,Primavera,Urbana,"(6.162378903, -75.59763059)"
2162935,10/27/2016,11:00 a.m.,Jueves,Camioneta,Particular,Conductor,Masculino,No,Sin Registro,Solo Daños,Choque,Otra,Calle 48 C Sur Carrera 43 A,Primavera,Urbana,"(6.162378903, -75.59763059)"
2162918,10/27/2016,1:10 p.m.,Jueves,Camioneta,Particular,Conductor,Femenino,No,Sin Registro,Solo Daños,Choque,No mantener distancia de seguridad,Tramo 372 Kilometro  400,Vereda Palmas,Rural,
2162918,10/27/2016,1:10 p.m.,Jueves,Camioneta,Particular,Conductor,Masculino,No,Sin Registro,Solo Daños,Choque,No mantener distancia de seguridad,Tramo 372 Kilometro  400,Vereda Palmas,Rural,
2162913,10/27/2016,2:40 p.m.,Jueves,Bus,Publico,Conductor,Masculino,No,Sin Registro,Solo Daños,Choque,Desobedecer senales,Calle 38  Sur Carrera 37,Mesa,Urbana,"(6.167718264, -75.5841855)"
2162913,10/27/2016,2:40 p.m.,Jueves,Automovil,Particular,Conductor,Femenino,No,Sin Registro,Solo Daños,Choque,Desobedecer senales,Calle 38  Sur Carrera 37,Mesa,Urbana,"(6.167718264, -75.5841855)"
2162916,10/27/2016,4:00 p.m.,Jueves,Motocicleta,Particular,Motociclista,Masculino,No,Sin Registro,Herido,Atropello,Cruzar sin observar,Calle 40  Sur Carrera 29,San Rafael,Urbana,"(6.159832302, -75.5825953)"
2162916,10/27/2016,4:00 p.m.,Jueves,Motocicleta,Particular,Motociclista,Masculino,No,Sin Registro,Herido,Atropello,Exceso de velocidad,Calle 40  Sur Carrera 29,San Rafael,Urbana,"(6.159832302, -75.5825953)"
2162919,10/27/2016,5:50 p.m.,Jueves,Motocicleta,Particular,Motociclista,Masculino,No,Sin Registro,Solo Daños,Choque,Semaforo en rojo,Calle 30  Sur Carrera 48,Las Vegas,Urbana,"(6.180376127, -75.59028805)"
2162919,10/27/2016,5:50 p.m.,Jueves,Automovil,Particular,Conductor,Masculino,No,Sin Registro,Solo Daños,Choque,Semaforo en rojo,Calle 30  Sur Carrera 48,Las Vegas,Urbana,"(6.180376127, -75.59028805)"
2162909,10/27/2016,6:15 p.m.,Jueves,Camioneta,Particular,Conductor,Masculino,No,Sin Registro,Solo Daños,Choque,Adelantar cerrando,Calle 50  Sur Carrera 48,Las Casitas,Urbana,
2162909,10/27/2016,6:15 p.m.,Jueves,Automovil,Particular,Conductor,Femenino,No,Sin Registro,Solo Daños,Choque,Adelantar cerrando,Calle 50  Sur Carrera 48,Las Casitas,Urbana,
2162905,10/27/2016,8:00 p.m.,Jueves,Automovil,Particular,Conductor,Masculino,No,Sin Registro,Herido,Caida Ocupante,Otra,Transversal 33  Sur Diagonal 33,La Magnolia,Urbana,"(6.173879308, -75.58428383)"
2162931,10/27/2016,8:00 p.m.,Jueves,Camion,Particular,Conductor,Masculino,No,Sin Registro,Solo Daños,Choque,Otra,Tramo 372 Kilometro  12,Vereda Palmas,Rural,
2162910,10/27/2016,9:30 p.m.,Jueves,Automovil,Publico,Conductor,Masculino,No,Sin Registro,Solo Daños,Choque,No mantener distancia de seguridad,Tramo 372 Kilometro  13,Vereda Palmas,Rural,
2162910,10/27/2016,9:30 p.m.,Jueves,Bus,Publico,Conductor,Masculino,No,Sin Registro,Solo Daños,Choque,No mantener distancia de seguridad,Tramo 372 Kilometro  13,Vereda Palmas,Rural,
2162903,10/27/2016,10:50 p.m.,Jueves,Camioneta,Particular,Conductor,Femenino,No,Sin Registro,Herido,Choque,No mantener distancia de seguridad,Calle 37  Sur Carrera 49,Las Vegas,Urbana,"(6.174789471, -75.59420424)"
2162903,10/27/2016,10:50 p.m.,Jueves,Automovil,Particular,Conductor,Masculino,No,Sin Registro,Herido,Choque,No mantener distancia de seguridad,Calle 37  Sur Carrera 49,Las Vegas,Urbana,"(6.174789471, -75.59420424)"
2162915,10/28/2016,6:40 a.m.,Viernes,Bus,Publico,Conductor,Masculino,No,Sin Registro,Herido,Caida Ocupante,Exceso de velocidad,Calle 46  Sur Carrera 46 A,Primavera,Urbana,"(6.164633401, -75.59668961)"
2162917,10/28/2016,6:40 a.m.,Viernes,Campero,Particular,Conductor,Masculino,No,Sin Registro,Herido,Atropello,Cruzar sin observar,Calle 40  Sur Carrera 29,San Jose,Urbana,"(6.159832302, -75.5825953)"
2162961,10/28/2016,6:45 a.m.,Viernes,Camion,Publico,Conductor,Masculino,No,Sin Registro,Solo Daños,Choque,Adelantar cerrando,Tramo 371 Kilometro  1,Vereda Palmas,Rural,
2162961,10/28/2016,6:45 a.m.,Viernes,Automovil,Particular,Conductor,Femenino,No,Sin Registro,Solo Daños,Choque,Adelantar cerrando,Tramo 371 Kilometro  1,Vereda Palmas,Rural,
2162944,10/28/2016,10:30 a.m.,Viernes,Camion,Publico,Conductor,Masculino,No,Sin Registro,Solo Daños,Choque,Obstaculos en la via,Tramo 375  Norte Kilometro  700,Vereda Palmas,Rural,
2162944,10/28/2016,10:30 a.m.,Viernes,Camioneta,Particular,Conductor,Masculino,No,Sin Registro,Solo Daños,Choque,Obstaculos en la via,Tramo 375  Norte Kilometro  700,Vereda Palmas,Rural,
2162959,10/28/2016,11:10 a.m.,Viernes,Camion,Publico,Conductor,Masculino,No,Sin Registro,Solo Daños,Choque,No mantener distancia de seguridad,Calle 36 E Sur Carrera 27 G,Sin Registro,Urbana,"(6.167154903, -75.56933697)"
2162959,10/28/2016,11:10 a.m.,Viernes,Camioneta,Particular,Conductor,Masculino,No,Sin Registro,Solo Daños,Choque,No mantener distancia de seguridad,Calle 36 E Sur Carrera 27 G,Sin Registro,Urbana,"(6.167154903, -75.56933697)"
2162959,10/28/2016,11:10 a.m.,Viernes,Camioneta,Publico,Conductor,Masculino,No,Sin Registro,Solo Daños,Choque,No mantener distancia de seguridad,Calle 36 E Sur Carrera 27 G,Sin Registro,Urbana,"(6.167154903, -75.56933697)"
2162940,10/28/2016,2:45 p.m.,Viernes,Camioneta,Particular,Conductor,Femenino,No,Sin Registro,Solo Daños,Choque,No mantener distancia de seguridad,Calle 36  Sur Carrera 27,El Chocho,Urbana,"(6.167154903, -75.56933697)"
2162940,10/28/2016,2:45 p.m.,Viernes,Camioneta,Particular,Conductor,Masculino,No,Sin Registro,Solo Daños,Choque,No mantener distancia de seguridad,Calle 36  Sur Carrera 27,El Chocho,Urbana,"(6.167154903, -75.56933697)"
2162926,10/28/2016,3:10 p.m.,Viernes,Buseta,Publico,Conductor,Masculino,No,Sin Registro,Solo Daños,Choque,No mantener distancia de seguridad,Calle 23  Sur Carrera 43 A,Zuñiga,Urbana,"(6.182706228, -75.58032996)"
2162926,10/28/2016,3:10 p.m.,Viernes,Camioneta,Particular,Conductor,Masculino,No,Sin Registro,Solo Daños,Choque,No mantener distancia de seguridad,Calle 23  Sur Carrera 43 A,Zuñiga,Urbana,"(6.182706228, -75.58032996)"
2162965,10/28/2016,3:30 p.m.,Viernes,Automovil,Particular,Conductor,Femenino,No,Sin Registro,Solo Daños,Choque,Exceso de velocidad,Tramo 371 Kilometro  3,Vereda El Escobero,Rural,
2162965,10/28/2016,3:30 p.m.,Viernes,Automovil,Particular,Conductor,Masculino,No,Sin Registro,Solo Daños,Choque,Exceso de velocidad,Tramo 371 Kilometro  3,Vereda El Escobero,Rural,
2162922,10/28/2016,3:50 p.m.,Viernes,Automovil,Particular,Conductor,Femenino,No,Sin Registro,Solo Daños,Choque,Adelantar cerrando,Calle 24  Sur Carrera 38,Sin Registro,Urbana,"(6.177798131, -75.5727217)"
2162922,10/28/2016,3:50 p.m.,Viernes,Automovil,Particular,Conductor,Masculino,No,Sin Registro,Solo Daños,Choque,Adelantar cerrando,Calle 24  Sur Carrera 38,Sin Registro,Urbana,"(6.177798131, -75.5727217)"
2162930,10/28/2016,5:20 p.m.,Viernes,Campero,Particular,Conductor,Masculino,No,Sin Registro,Solo Daños,Choque,No mantener distancia de seguridad,Calle 39  Sur Carrera 43 A,Alcala,Urbana,"(6.169120914, -75.58953036)"
2162930,10/28/2016,5:20 p.m.,Viernes,Motocicleta,Particular,Motociclista,Masculino,No,Sin Registro,Solo Daños,Choque,No mantener distancia de seguridad,Calle 39  Sur Carrera 43 A,Alcala,Urbana,"(6.169120914, -75.58953036)"
2162945,10/28/2016,6:00 p.m.,Viernes,Automovil,Particular,Conductor,Masculino,No,Sin Registro,Solo Daños,Choque,Obstaculos en la via,Calle 29  Sur Carrera 45 B,Sin Registro,Urbana,"(6.179896057, -75.58639703)"
2162951,10/28/2016,6:15 p.m.,Viernes,Automovil,Particular,Conductor,Femenino,No,Sin Registro,Solo Daños,Choque,No mantener distancia de seguridad,Calle 32 B Sur Carrera 48,Las Vegas,Urbana,"(6.177255701, -75.59003137)"
2162951,10/28/2016,6:15 p.m.,Viernes,Automovil,Particular,Conductor,Femenino,No,Sin Registro,Solo Daños,Choque,No mantener distancia de seguridad,Calle 32 B Sur Carrera 48,Las Vegas,Urbana,"(6.177255701, -75.59003137)"
2162946,10/29/2016,5:45 a.m.,Sábado,Camion,Publico,Conductor,Masculino,No,Sin Registro,Solo Daños,Choque,Exceso de velocidad,Tramo 371 Kilometro  12,Vereda Palmas,Rural,
2162921,10/29/2016,6:20 a.m.,Sábado,Automovil,Particular,Conductor,Masculino,No,Sin Registro,Solo Daños,Choque,Reverso imprudente,Calle 45 C Sur Carrera 42,La Paz,Urbana,"(6.16308661, -75.59436881)"
2162921,10/29/2016,6:20 a.m.,Sábado,Automovil,Publico,Conductor,Masculino,No,Sin Registro,Solo Daños,Choque,Reverso imprudente,Calle 45 C Sur Carrera 42,La Paz,Urbana,"(6.16308661, -75.59436881)"
2162967,10/29/2016,10:35 a.m.,Sábado,Campero,Particular,Conductor,Femenino,No,Sin Registro,Solo Daños,Choque,Adelantar cerrando,Diagonal 32 B Transversal 29,La Magnolia,Urbana,"(6.176900416, -75.58356252)"
2162967,10/29/2016,10:35 a.m.,Sábado,Automovil,Particular,Conductor,Femenino,No,Sin Registro,Solo Daños,Choque,Adelantar cerrando,Diagonal 32 B Transversal 29,La Magnolia,Urbana,"(6.176900416, -75.58356252)"
2162956,10/29/2016,12:30 p.m.,Sábado,Automovil,Particular,Conductor,Masculino,No,Sin Registro,Herido,Choque,No mantener distancia de seguridad,Calle 37  Sur Carrera 49,Las Vegas,Urbana,"(6.174789471, -75.59420424)"
2162956,10/29/2016,12:30 p.m.,Sábado,Motocicleta,Particular,Motociclista,Masculino,No,Sin Registro,Herido,Choque,No mantener distancia de seguridad,Calle 37  Sur Carrera 49,Las Vegas,Urbana,"(6.174789471, -75.59420424)"
2162950,10/29/2016,1:00 p.m.,Sábado,Camioneta,Particular,Conductor,Masculino,No,Sin Registro,Solo Daños,Choque,No mantener distancia de seguridad,Calle 32 B Sur Carrera 50,Las Vegas,Urbana,
2162950,10/29/2016,1:00 p.m.,Sábado,Automovil,Particular,Conductor,Masculino,No,Sin Registro,Solo Daños,Choque,No mantener distancia de seguridad,Calle 32 B Sur Carrera 50,Las Vegas,Urbana,
2162950,10/29/2016,1:00 p.m.,Sábado,Automovil,Particular,Conductor,Masculino,No,Sin Registro,Solo Daños,Choque,No mantener distancia de seguridad,Calle 32 B Sur Carrera 50,Las Vegas,Urbana,
2162933,10/29/2016,2:00 p.m.,Sábado,Automovil,Particular,Conductor,Masculino,No,Sin Registro,Solo Daños,Choque,No mantener distancia de seguridad,Calle 31  Sur Carrera 48,Las Vegas,Urbana,
2162933,10/29/2016,2:00 p.m.,Sábado,Motocicleta,Particular,Motociclista,Masculino,No,Sin Registro,Solo Daños,Choque,No mantener distancia de seguridad,Calle 31  Sur Carrera 48,Las Vegas,Urbana,
2162936,10/29/2016,2:50 p.m.,Sábado,Automovil,Particular,Conductor,Femenino,No,Sin Registro,Solo Daños,Choque,No mantener distancia de seguridad,Calle 25 A Sur Carrera 48,Las Vegas,Urbana,"(6.185202689, -75.58358718)"
2162936,10/29/2016,2:50 p.m.,Sábado,Motocicleta,Particular,Motociclista,Masculino,No,Sin Registro,Solo Daños,Choque,No mantener distancia de seguridad,Calle 25 A Sur Carrera 48,Las Vegas,Urbana,"(6.185202689, -75.58358718)"
2162928,10/29/2016,4:00 p.m.,Sábado,Automovil,Publico,Conductor,Masculino,No,Sin Registro,Solo Daños,Choque,Desobedecer senales,Calle 30  Sur Carrera 43 A,Bucarest,Urbana,"(6.177126039, -75.5852509)"
2162928,10/29/2016,4:00 p.m.,Sábado,Camioneta,Particular,Conductor,Masculino,No,Sin Registro,Solo Daños,Choque,Desobedecer senales,Calle 30  Sur Carrera 43 A,Bucarest,Urbana,"(6.177126039, -75.5852509)"
2162947,10/29/2016,4:00 p.m.,Sábado,Automovil,Particular,Conductor,Masculino,No,Sin Registro,Solo Daños,Choque,No mantener distancia de seguridad,Calle 37  Sur Carrera 50,Las Vegas,Urbana,
2162947,10/29/2016,4:00 p.m.,Sábado,Camion,Publico,Conductor,Masculino,No,Sin Registro,Solo Daños,Choque,No mantener distancia de seguridad,Calle 37  Sur Carrera 50,Las Vegas,Urbana,
2162925,10/29/2016,4:40 p.m.,Sábado,Motocicleta,Particular,Motociclista,Masculino,No,Sin Registro,Solo Daños,Choque,No mantener distancia de seguridad,Transversal 34 DD Sur Diagonal 31,La Sebastiana,Urbana,"(6.171640129, -75.5793791)"
2162925,10/29/2016,4:40 p.m.,Sábado,Automovil,Particular,Conductor,Femenino,No,Sin Registro,Solo Daños,Choque,No mantener distancia de seguridad,Transversal 34 DD Sur Diagonal 31,La Sebastiana,Urbana,"(6.171640129, -75.5793791)"
2162942,10/29/2016,4:40 p.m.,Sábado,Automovil,Particular,Conductor,Femenino,No,Sin Registro,Solo Daños,Choque,Transitar por vias prohibidas,Calle 31  Sur Carrera 45 A,Jardines,Urbana,"(6.17732964, -75.58702584)"
2162942,10/29/2016,4:40 p.m.,Sábado,Bicicleta,Particular,Ciclista,Masculino,No,Sin Registro,Solo Daños,Choque,Transitar por vias prohibidas,Calle 31  Sur Carrera 45 A,Jardines,Urbana,"(6.17732964, -75.58702584)"
2162927,10/29/2016,5:40 p.m.,Sábado,Automovil,Particular,Conductor,Femenino,No,Sin Registro,Solo Daños,Choque,Reverso imprudente,Calle 26  Sur Carrera 23 A,El Chocho,Urbana,"(6.171326598, -75.56505716)"
2162927,10/29/2016,5:40 p.m.,Sábado,Automovil,Particular,Conductor,Femenino,No,Sin Registro,Solo Daños,Choque,Reverso imprudente,Calle 26  Sur Carrera 23 A,El Chocho,Urbana,"(6.171326598, -75.56505716)"
2162920,10/29/2016,6:30 p.m.,Sábado,Bus,Publico,Conductor,Masculino,No,Sin Registro,Solo Daños,Choque,No mantener distancia de seguridad,Calle 38 A Sur Carrera 41,Zona Centro,Urbana,"(6.168560755, -75.58701537)"