RADICADO,FECHA,HORA,DÍA DE LA SEMANA,CLASE DE VEHICULO,TIPO DE SERVICIO,TIPO DE VICTIMA,SEXO,ESTADO DE BEODEZ,RESULTADO DE BEODEZ,GRAVEDAD,CLASE DE ACCIDENTE,CAUSA,DIRECCIÓN,BARRIO,AREA,Coordenadas
2162920,10/29/2016,6:30 p.m.,Sábado,Automovil,Particular,Conductor,Masculino,No,Sin Registro,Solo Daños,Choque,No mantener distancia de seguridad,Calle 38 A Sur Carrera 41,Zona Centro,Urbana,"(6.168560755, -75.58701537)"
2162968,10/29/2016,6:40 p.m.,Sábado,Automovil,Particular,Conductor,Femenino,No,Sin Registro,Solo Daños,Choque,Adelantar cerrando,Calle 37  Sur Carrera 46 A,Alcala,Urbana,"(6.173105489, -75.59126093)"
2162968,10/29/2016,6:40 p.m.,Sábado,Camion,Publico,Conductor,Masculino,No,Sin Registro,Solo Daños,Choque,Adelantar cerrando,Calle 37  Sur Carrera 46 A,Alcala,Urbana,"(6.173105489, -75.59126093)"
2162953,10/29/2016,7:00 p.m.,Sábado,Motocicleta,Particular,Motociclista,Masculino,No,Sin Registro,Solo Daños,Choque,No mantener distancia de seguridad,Calle 36  Sur Carrera 50,Las Vegas,Urbana,
2162953,10/29/2016,7:00 p.m.,Sábado,Camioneta,Particular,Conductor,Masculino,No,Sin Registro,Solo Daños,Choque,No mantener distancia de seguridad,Calle 36  Sur Carrera 50,Las Vegas,Urbana,
2162977,10/29/2016,8:30 p.m.,Sábado,Automovil,Diplomatico,Conductor,Masculino,No,Sin Registro,Solo Daños,Choque,Vehiculo mal estacionado,Calle 40  Sur Carrera 24 D,Sin Registro,Urbana,"(6.147263187, -75.57633575)"
2162934,10/29/2016,9:40 p.m.,Sábado,Automovil,Particular,Conductor,Masculino,No,Sin Registro,Solo Daños,Choque,No mantener distancia de seguridad,Tramo 372 Kilometro  12,Vereda Palmas,Rural,
2162934,10/29/2016,9:40 p.m.,Sábado,Camioneta,Particular,Conductor,Masculino,No,Sin Registro,Solo Daños,Choque,No mantener distancia de seguridad,Tramo 372 Kilometro  12,Vereda Palmas,Rural,
2162957,10/29/2016,10:40 p.m.,Sábado,Automovil,Particular,Conductor,Masculino,No,Sin Registro,Solo Daños,Choque,No mantener distancia de seguridad,Tramo 371 Kilometro  12,Vereda Palmas,Rural,
2162957,10/29/2016,10:40 p.m.,Sábado,Campero,Particular,Conductor,Masculino,No,Sin Registro,Solo Daños,Choque,No mantener distancia de seguridad,Tramo 371 Kilometro  12,Vereda Palmas,Rural,
2162957,10/29/2016,10:40 p.m.,Sábado,Campero,Particular,Conductor,Masculino,No,Sin Registro,Solo Daños,Choque,No mantener distancia de seguridad,Tramo 371 Kilometro  12,Vereda Palmas,Rural,
2162957,10/29/2016,10:40 p.m.,Sábado,Automovil,Particular,Conductor,Masculino,No,Sin Registro,Solo Daños,Choque,No mantener distancia de seguridad,Tramo 371 Kilometro  12,Vereda Palmas,Rural,
2162941,10/30/2016,8:00 a.m.,Domingo,Automovil,Particular,Conductor,Masculino,No,Sin Registro,Herido,Atropello,No respetar prelacion,Calle 38 A Sur Carrera 43,Zona Centro,Urbana,"(6.169370628, -75.5883151)"
2162943,10/30/2016,2:55 p.m.,Domingo,Motocicleta,Particular,Motociclista,Masculino,Si,1,Herido,Choque,Transitar entre vehiculos,Calle 39  Sur Carrera 48,Las Vegas,Urbana,"(6.17373153, -75.59688397)"
2162943,10/30/2016,2:55 p.m.,Domingo,Motocicleta,Particular,Motociclista,Masculino,No,Sin Registro,Herido,Choque,Transitar entre vehiculos,Calle 39  Sur Carrera 48,Las Vegas,Urbana,"(6.17373153, -75.59688397)"
2162939,10/30/2016,4:30 p.m.,Domingo,Camioneta,Particular,Conductor,Masculino,Si,3,Herido,Volcamiento,Embriaguez o droga,Calle 40  Sur Carrera 24 D,El Salado,Urbana,"(6.147263187, -75.57633575)"
2162939,10/30/2016,4:30 p.m.,Domingo,Camioneta,Particular,Conductor,Masculino,Si,3,Herido,Volcamiento,Exceso de velocidad,Calle 40  Sur Carrera 24 D,El Salado,Urbana,"(6.147263187, -75.57633575)"
2162938,10/30/2016,4:40 p.m.,Domingo,Automovil,Particular,Conductor,Masculino,No,Sin Registro,Herido,Choque,Transitar entre vehiculos,Tramo 372 Kilometro  7,Vereda Palmas,Rural,
2162938,10/30/2016,4:40 p.m.,Domingo,Motocicleta,Particular,Motociclista,Masculino,No,Sin Registro,Herido,Choque,Transitar entre vehiculos,Tramo 372 Kilometro  7,Vereda Palmas,Rural,
2162937,10/30/2016,6:45 p.m.,Domingo,Camioneta,Particular,Conductor,Masculino,No,Sin Registro,Herido,Choque,Adelantar por la derecha,Tramo 372 Kilometro  11,Vereda Palmas,Rural,
2162937,10/30/2016,6:45 p.m.,Domingo,Motocicleta,Particular,Motociclista,Masculino,No,Sin Registro,Herido,Choque,Adelantar por la derecha,Tramo 372 Kilometro  11,Vereda Palmas,Rural,
2162973,10/30/2016,8:00 p.m.,Domingo,Automovil,Particular,Conductor,Femenino,No,Sin Registro,Solo Daños,Choque,Embriaguez o droga,Calle 48 C Sur Carrera 43 A,Loma Del Barro,Urbana,"(6.162378903, -75.59763059)"
2162973,10/30/2016,8:00 p.m.,Domingo,Automovil,Particular,Conductor,Masculino,Si,1,Solo Daños,Choque,No mantener distancia de seguridad,Calle 48 C Sur Carrera 43 A,Loma Del Barro,Urbana,"(6.162378903, -75.59763059)"
2162973,10/30/2016,8:00 p.m.,Domingo,Automovil,Particular,Conductor,Masculino,Si,1,Solo Daños,Choque,Embriaguez o droga,Calle 48 C Sur Carrera 43 A,Loma Del Barro,Urbana,"(6.162378903, -75.59763059)"
2162973,10/30/2016,8:00 p.m.,Domingo,Automovil,Particular,Conductor,Femenino,No,Sin Registro,Solo Daños,Choque,No mantener distancia de seguridad,Calle 48 C Sur Carrera 43 A,Loma Del Barro,Urbana,"(6.162378903, -75.59763059)"
2162979,10/30/2016,9:10 p.m.,Domingo,Microbus,Publico,Conductor,Masculino,No,Sin Registro,Solo Daños,Choque,Otra,Carrera 48 Calle 38  Sur,Las Vegas,Urbana,"(6.172747818, -75.59269817)"
2162979,10/30/2016,9:10 p.m.,Domingo,Automovil,Particular,Conductor,Masculino,No,Sin Registro,Solo Daños,Choque,Otra,Carrera 48 Calle 38  Sur,Las Vegas,Urbana,"(6.172747818, -75.59269817)"
2162932,10/30/2016,9:30 p.m.,Domingo,Automovil,Particular,Conductor,Masculino,No,Sin Registro,Solo Daños,Choque,Adelantar cerrando,Tramo 371 Kilometro  950,Vereda Palmas,Rural,
2162932,10/30/2016,9:30 p.m.,Domingo,Motocicleta,Particular,Motociclista,Masculino,No,Sin Registro,Solo Daños,Choque,Adelantar cerrando,Tramo 371 Kilometro  950,Vereda Palmas,Rural,
2162971,10/31/2016,7:10 a.m.,Lunes,Motocicleta,Particular,Motociclista,Masculino,No,Sin Registro,Solo Daños,Choque,Otra,Tramo 377 Kilometro  500,Vereda Palmas,Rural,
2162971,10/31/2016,7:10 a.m.,Lunes,Bus,Publico,Conductor,Masculino,No,Sin Registro,Solo Daños,Choque,Otra,Tramo 377 Kilometro  500,Vereda Palmas,Rural,
2162958,10/31/2016,8:45 a.m.,Lunes,Motocicleta,Particular,Motociclista,Masculino,No,Sin Registro,Solo Daños,Choque,No respetar prelacion,Calle 33 B Sur Carrera 45,Jardines,Urbana,"(6.174167802, -75.58799211)"
2162958,10/31/2016,8:45 a.m.,Lunes,Automovil,Particular,Conductor,Masculino,No,Sin Registro,Solo Daños,Choque,No respetar prelacion,Calle 33 B Sur Carrera 45,Jardines,Urbana,"(6.174167802, -75.58799211)"
2162962,10/31/2016,12:30 p.m.,Lunes,Camion,Publico,Conductor,Masculino,No,Sin Registro,Solo Daños,Choque,Adelantar cerrando,Calle 37  Sur Carrera 50,Las Vegas,Urbana,
2162962,10/31/2016,12:30 p.m.,Lunes,Tractocamion,Publico,Conductor,Masculino,No,Sin Registro,Solo Daños,Choque,Adelantar cerrando,Calle 37  Sur Carrera 50,Las Vegas,Urbana,
2162987,10/31/2016,1:40 p.m.,Lunes,Automovil,Particular,Conductor,Masculino,No,Sin Registro,Herido,Choque,Impericia en el manejo,Diagonal 31 Transversal 33 A,La Sebastiana,Urbana,"(6.173761816, -75.5789197)"
2162974,10/31/2016,3:00 p.m.,Lunes,Automovil,Particular,Conductor,Femenino,No,Sin Registro,Herido,Choque,Desobedecer senales,Calle 42 D Sur Carrera 42 D,La Paz,Urbana,"(6.159992907, -75.59795447)"
2162974,10/31/2016,3:00 p.m.,Lunes,Motocicleta,Particular,Motociclista,Masculino,No,Sin Registro,Herido,Choque,Desobedecer senales,Calle 42 D Sur Carrera 42 D,La Paz,Urbana,"(6.159992907, -75.59795447)"
2162992,10/31/2016,3:20 p.m.,Lunes,Buseta,Publico,Conductor,Masculino,No,Sin Registro,Solo Daños,Choque,No respetar prelacion,Calle 46 D Sur Carrera 42 D,La Paz,Urbana,"(6.161005965, -75.59509467)"
2162992,10/31/2016,3:20 p.m.,Lunes,Automovil,Particular,Conductor,Masculino,No,Sin Registro,Solo Daños,Choque,No respetar prelacion,Calle 46 D Sur Carrera 42 D,La Paz,Urbana,"(6.161005965, -75.59509467)"
2162948,10/31/2016,3:30 p.m.,Lunes,Motocicleta,Particular,Motociclista,Femenino,No,Sin Registro,Herido,Choque,Otra,Calle 48 C Sur Carrera 46,Las Vegas,Urbana,"(6.162854875, -75.59974437)"
2162948,10/31/2016,3:30 p.m.,Lunes,Motocicleta,Particular,Motociclista,Masculino,No,Sin Registro,Herido,Choque,Otra,Calle 48 C Sur Carrera 46,Las Vegas,Urbana,"(6.162854875, -75.59974437)"
2162964,10/31/2016,4:10 p.m.,Lunes,Automovil,Publico,Conductor,Masculino,No,Sin Registro,Solo Daños,Choque,No mantener distancia de seguridad,Calle 37  Sur Carrera 48,Las Vegas,Urbana,"(6.17412211, -75.59306111)"
2162964,10/31/2016,4:10 p.m.,Lunes,Camioneta,Particular,Conductor,Masculino,No,Sin Registro,Solo Daños,Choque,No mantener distancia de seguridad,Calle 37  Sur Carrera 48,Las Vegas,Urbana,"(6.17412211, -75.59306111)"
2162991,10/31/2016,4:20 p.m.,Lunes,Campero,Diplomatico,Conductor,Femenino,No,Sin Registro,Solo Daños,Choque,Adelantar cerrando,Calle 24  Sur Carrera 48,Las Vegas,Urbana,
2162991,10/31/2016,4:20 p.m.,Lunes,Automovil,Diplomatico,Conductor,Masculino,No,Sin Registro,Solo Daños,Choque,Adelantar cerrando,Calle 24  Sur Carrera 48,Las Vegas,Urbana,
2162952,10/31/2016,6:15 p.m.,Lunes,Automovil,Particular,Conductor,Masculino,No,Sin Registro,Herido,Choque,Desobedecer senales,Calle 30  Sur Carrera 46 A,Jardines,Urbana,"(6.179166125, -75.58749587)"
2162952,10/31/2016,6:15 p.m.,Lunes,Motocicleta,Particular,Motociclista,Masculino,No,Sin Registro,Herido,Choque,Desobedecer senales,Calle 30  Sur Carrera 46 A,Jardines,Urbana,"(6.179166125, -75.58749587)"
2162993,10/31/2016,6:15 p.m.,Lunes,Automovil,Publico,Conductor,Masculino,No,Sin Registro,Solo Daños,Choque,Desobedecer senales,Calle 47  Sur Carrera 40,El Trianon,Urbana,"(6.15929595, -75.5937748)"
2162993,10/31/2016,6:15 p.m.,Lunes,Bus,Publico,Conductor,Masculino,No,Sin Registro,Solo Daños,Choque,Adelantar cerrando,Calle 47  Sur Carrera 40,El Trianon,Urbana,"(6.15929595, -75.5937748)"
2162993,10/31/2016,6:15 p.m.,Lunes,Bus,Publico,Conductor,Masculino,No,Sin Registro,Solo Daños,Choque,Desobedecer senales,Calle 47  Sur Carrera 40,El Trianon,Urbana,"(6.15929595, -75.5937748)"
2162993,10/31/2016,6:15 p.m.,Lunes,Automovil,Publico,Conductor,Masculino,No,Sin Registro,Solo Daños,Choque,Adelantar cerrando,Calle 47  Sur Carrera 40,El Trianon,Urbana,"(6.15929595, -75.5937748)"
2162975,10/31/2016,7:00 p.m.,Lunes,Automovil,Particular,Conductor,Masculino,No,Sin Registro,Solo Daños,Choque,Desobedecer senales,Calle 40  Sur Carrera 29 A,San Jose,Urbana,"(6.162116724, -75.58212004)"
2162975,10/31/2016,7:00 p.m.,Lunes,Automovil,Publico,Conductor,Masculino,No,Sin Registro,Solo Daños,Choque,Desobedecer senales,Calle 40  Sur Carrera 29 A,San Jose,Urbana,"(6.162116724, -75.58212004)"
2162960,10/31/2016,7:30 p.m.,Lunes,Automovil,Particular,Conductor,Femenino,No,Sin Registro,Solo Daños,Choque,Poner en marcha un vehiculo sin precauci,Calle 39  Sur Carrera 40,Zona Centro,Urbana,"(6.167409609, -75.58672098)"
2162960,10/31/2016,7:30 p.m.,Lunes,Automovil,Publico,Conductor,Masculino,No,Sin Registro,Solo Daños,Choque,Poner en marcha un vehiculo sin precauci,Calle 39  Sur Carrera 40,Zona Centro,Urbana,"(6.167409609, -75.58672098)"
2162995,10/31/2016,7:40 p.m.,Lunes,Motocicleta,Diplomatico,Motociclista,Masculino,No,Sin Registro,Solo Daños,Choque,No mantener distancia de seguridad,Calle 45 B Sur Carrera 38,Las Antillas,Urbana,"(6.156508956, -75.58987661)"
2162995,10/31/2016,7:40 p.m.,Lunes,Automovil,Particular,Conductor,Femenino,No,Sin Registro,Solo Daños,Choque,No mantener distancia de seguridad,Calle 45 B Sur Carrera 38,Las Antillas,Urbana,"(6.156508956, -75.58987661)"
2162955,10/31/2016,8:00 p.m.,Lunes,Buseta,Publico,Conductor,Masculino,No,Sin Registro,Herido,Choque,Transitar con las puertas abiertas,Calle 48 C Sur Carrera 42,Loma Del Barro,Urbana,"(6.159138282, -75.59625971)"
2162955,10/31/2016,8:00 p.m.,Lunes,Automovil,Particular,Conductor,Masculino,No,Sin Registro,Herido,Choque,Transitar con las puertas abiertas,Calle 48 C Sur Carrera 42,Loma Del Barro,Urbana,"(6.159138282, -75.59625971)"
2162988,10/31/2016,8:55 p.m.,Lunes,Camioneta,Particular,Conductor,Femenino,No,Sin Registro,Solo Daños,Choque,Adelantar cerrando,Carrera 43 A Calle 38  Sur,Zona Centro,Urbana,"(6.170421178, -75.58859877)"
2162988,10/31/2016,8:55 p.m.,Lunes,Camioneta,Particular,Conductor,Masculino,No,Sin Registro,Solo Daños,Choque,Adelantar cerrando,Carrera 43 A Calle 38  Sur,Zona Centro,Urbana,"(6.170421178, -75.58859877)"
2162954,10/31/2016,9:20 p.m.,Lunes,Motocicleta,Particular,Motociclista,Masculino,No,Sin Registro,Herido,Atropello,Cruzar sin observar,Diagonal 32 D Transversal 33,La Magnolia,Urbana,"(6.174101275, -75.58360607)"
2162966,10/31/2016,9:20 p.m.,Lunes,Bus,Publico,Conductor,Masculino,No,Sin Registro,Solo Daños,Choque,Impericia en el manejo,Calle 35  Sur Carrera 43 A,Las Vegas,Urbana,"(6.17249645, -75.58732833)"
2162966,10/31/2016,9:20 p.m.,Lunes,Automovil,Publico,Conductor,Masculino,No,Sin Registro,Solo Daños,Choque,Girar bruscamente,Calle 35  Sur Carrera 43 A,Las Vegas,Urbana,"(6.17249645, -75.58732833)"
2162966,10/31/2016,9:20 p.m.,Lunes,Automovil,Publico,Conductor,Masculino,No,Sin Registro,Solo Daños,Choque,Impericia en el manejo,Calle 35  Sur Carrera 43 A,Las Vegas,Urbana,"(6.17249645, -75.58732833)"
2162966,10/31/2016,9:20 p.m.,Lunes,Bus,Publico,Conductor,Masculino,No,Sin Registro,Solo Daños,Choque,Girar bruscamente,Calle 35  Sur Carrera 43 A,Las Vegas,Urbana,"(6.17249645, -75.58732833)"
2162963,01/11/2016,11:10 a.m.,Martes,Motocicleta,Particular,Motociclista,Masculino,No,Sin Registro,Solo Daños,Choque,Adelantar por la derecha,Calle 40  Sur Carrera 46 A,Alcala,Urbana,"(6.169204277, -75.59429539)"
2162963,01/11/2016,11:10 a.m.,Martes,Automovil,Particular,Conductor,Masculino,No,Sin Registro,Solo Daños,Choque,Adelantar por la derecha,Calle 40  Sur Carrera 46 A,Alcala,Urbana,"(6.169204277, -75.59429539)"
2163001,01/11/2016,12:40 p.m.,Martes,Automovil,Publico,Conductor,Masculino,No,Sin Registro,Solo Daños,Choque,Otra,Calle 25  Sur Carrera 41 B,Sin Registro,Urbana,"(6.179149922, -75.57834505)"
2163001,01/11/2016,12:40 p.m.,Martes,Automovil,Particular,Conductor,Femenino,No,Sin Registro,Solo Daños,Choque,Otra,Calle 25  Sur Carrera 41 B,Sin Registro,Urbana,"(6.179149922, -75.57834505)"
2162990,01/11/2016,1:30 p.m.,Martes,Camion,Publico,Conductor,Masculino,No,Sin Registro,Solo Daños,Choque,Desobedecer senales,Calle 39  Sur Carrera 32,Mesa,Urbana,"(6.164669196, -75.58245865)"
2162990,01/11/2016,1:30 p.m.,Martes,Bus,Publico,Conductor,Masculino,No,Sin Registro,Solo Daños,Choque,Adelantar cerrando,Calle 39  Sur Carrera 32,Mesa,Urbana,"(6.164669196, -75.58245865)"
2162990,01/11/2016,1:30 p.m.,Martes,Bus,Publico,Conductor,Masculino,No,Sin Registro,Solo Daños,Choque,Desobedecer senales,Calle 39  Sur Carrera 32,Mesa,Urbana,"(6.164669196, -75.58245865)"
2162990,01/11/2016,1:30 p.m.,Martes,Camion,Publico,Conductor,Masculino,No,Sin Registro,Solo Daños,Choque,Adelantar cerrando,Calle 39  Sur Carrera 32,Mesa,Urbana,"(6.164669196, -75.58245865)"
2162999,01/11/2016,1:30 p.m.,Martes,Bus,Publico,Conductor,Masculino,No,Sin Registro,Solo Daños,Choque,Poner en marcha un vehiculo sin precauci,Calle 39  Sur Carrera 49,Sin Registro,Urbana,
2162999,01/11/2016,1:30 p.m.,Martes,Camioneta,Particular,Conductor,Femenino,No,Sin Registro,Solo Daños,Choque,Poner en marcha un vehiculo sin precauci,Calle 39  Sur Carrera 49,Sin Registro,Urbana,
2162970,01/11/2016,2:30 p.m.,Martes,Motocicleta,Particular,Motociclista,Masculino,No,Sin Registro,Herido,Atropello,Cruzar sin observar,Calle 49  Sur Carrera 48,Las Casitas,Urbana,"(6.163238618, -75.60250718)"
2162970,01/11/2016,2:30 p.m.,Martes,Motocicleta,Particular,Motociclista,Masculino,No,Sin Registro,Herido,Atropello,Impericia en el manejo,Calle 49  Sur Carrera 48,Las Casitas,Urbana,"(6.163238618, -75.60250718)"
2162978,01/11/2016,5:30 p.m.,Martes,Motocicleta,Particular,Motociclista,Masculino,No,Sin Registro,Herido,Choque,Otra,Calle 36  Sur Carrera 50,Las Vegas,Urbana,
2162978,01/11/2016,5:30 p.m.,Martes,Motocicleta,Particular,Motociclista,Masculino,No,Sin Registro,Herido,Choque,Otra,Calle 36  Sur Carrera 50,Las Vegas,Urbana,
2162984,01/11/2016,6:15 p.m.,Martes,Camioneta,Particular,Conductor,Masculino,No,Sin Registro,Herido,Choque,Otra,Calle 36  Sur Carrera 50,Las Vegas,Urbana,
2162984,01/11/2016,6:15 p.m.,Martes,Motocicleta,Particular,Motociclista,Masculino,No,Sin Registro,Herido,Choque,Otra,Calle 36  Sur Carrera 50,Las Vegas,Urbana,
2162969,01/11/2016,7:20 p.m.,Martes,Campero,Particular,Conductor,Femenino,No,Sin Registro,Herido,Atropello,Otra,Diagonal 31 Transversal 36 A,Manuel Uribe Angel,Urbana,"(6.167967817, -75.58028177)"
2162972,01/11/2016,8:30 p.m.,Martes,Camion,Publico,Conductor,Masculino,No,Sin Registro,Solo Daños,Choque,Impericia en el manejo,Calle 34  Sur Carrera 47,Las Vegas,Urbana,"(6.175152875, -75.59025623)"
2162972,01/11/2016,8:30 p.m.,Martes,Automovil,Particular,Conductor,Femenino,No,Sin Registro,Solo Daños,Choque,Impericia en el manejo,Calle 34  Sur Carrera 47,Las Vegas,Urbana,"(6.175152875, -75.59025623)"
2163000,01/11/2016,10:00 p.m.,Martes,Bus,Publico,Conductor,Femenino,No,Sin Registro,Solo Daños,Choque,Desobedecer senales,Diagonal 31 E Transversal 32 A,Sin Registro,Urbana,"(6.174681134, -75.57847104)"
2163000,01/11/2016,10:00 p.m.,Martes,Automovil,Particular,Conductor,Femenino,No,Sin Registro,Solo Daños,Choque,Desobedecer senales,Diagonal 31 E Transversal 32 A,Sin Registro,Urbana,"(6.174681134, -75.57847104)"
2163382,02/11/2016,5:30 a.m.,Miércoles,Automovil,Particular,Conductor,Femenino,No,Sin Registro,Solo Daños,Choque,Otra,Calle 38  Sur Carrera 50,Las Vegas,Urbana,
2163382,02/11/2016,5:30 a.m.,Miércoles,Motocicleta,Particular,Motociclista,Masculino,No,Sin Registro,Solo Daños,Choque,Otra,Calle 38  Sur Carrera 50,Las Vegas,Urbana,
2162976,02/11/2016,9:50 a.m.,Miércoles,Automovil,Particular,Conductor,Femenino,No,Sin Registro,Solo Daños,Choque,No mantener distancia de seguridad,Calle 46  Sur Carrera 48,Las Vegas,Urbana,"(6.162824447, -75.59968661)"
2162976,02/11/2016,9:50 a.m.,Miércoles,Automovil,Particular,Conductor,Masculino,No,Sin Registro,Solo Daños,Choque,No mantener distancia de seguridad,Calle 46  Sur Carrera 48,Las Vegas,Urbana,"(6.162824447, -75.59968661)"
2162982,02/11/2016,10:30 a.m.,Miércoles,Automovil,Particular,Conductor,Femenino,No,Sin Registro,Solo Daños,Choque,Adelantar por la derecha,Carrera 43 A Calle 49  Sur,Las Casitas,Urbana,"(6.160914202, -75.60002299)"
2162982,02/11/2016,10:30 a.m.,Miércoles,Motocicleta,Particular,Motociclista,Masculino,No,Sin Registro,Solo Daños,Choque,Adelantar por la derecha,Carrera 43 A Calle 49  Sur,Las Casitas,Urbana,"(6.160914202, -75.60002299)"
2162986,02/11/2016,1:30 p.m.,Miércoles,Buseta,Publico,Conductor,Masculino,No,Sin Registro,Solo Daños,Choque,Adelantar cerrando,Carrera 43 A Calle 39  Sur,Alcala,Urbana,"(6.169011071, -75.5894849)"
2162986,02/11/2016,1:30 p.m.,Miércoles,Buseta,Publico,Conductor,Masculino,No,Sin Registro,Solo Daños,Choque,Adelantar cerrando,Carrera 43 A Calle 39  Sur,Alcala,Urbana,"(6.169011071, -75.5894849)"
2163008,02/11/2016,2:30 p.m.,Miércoles,Camioneta,Particular,Conductor,Masculino,No,Sin Registro,Solo Daños,Choque,Exceso de velocidad,Tramo 371 Kilometro  720,Vereda Palmas,Rural,
2163008,02/11/2016,2:30 p.m.,Miércoles,Motocicleta,Particular,Motociclista,Masculino,No,Sin Registro,Solo Daños,Choque,Reverso imprudente,Tramo 371 Kilometro  720,Vereda Palmas,Rural,
2163008,02/11/2016,2:30 p.m.,Miércoles,Motocicleta,Particular,Motociclista,Masculino,No,Sin Registro,Solo Daños,Choque,Exceso de velocidad,Tramo 371 Kilometro  720,Vereda Palmas,Rural,
2163008,02/11/2016,2:30 p.m.,Miércoles,Camioneta,Particular,Conductor,Masculino,No,Sin Registro,Solo Daños,Choque,Reverso imprudente,Tramo 371 Kilometro  720,Vereda Palmas,Rural,
2162981,02/11/2016,3:00 p.m.,Miércoles,Camion,Particular,Conductor,Masculino,No,Sin Registro,Solo Daños,Choque,Exceso de velocidad,Carrera 27 B Calle 34 DD Sur,Sin Registro,Urbana,"(6.168840811, -75.5723558)"
2162981,02/11/2016,3:00 p.m.,Miércoles,Motocicleta,Particular,Motociclista,Femenino,No,Sin Registro,Solo Daños,Choque,Impericia en el manejo,Carrera 27 B Calle 34 DD Sur,Sin Registro,Urbana,"(6.168840811, -75.5723558)"
2162981,02/11/2016,3:00 p.m.,Miércoles,Motocicleta,Particular,Motociclista,Femenino,No,Sin Registro,Solo Daños,Choque,Exceso de velocidad,Carrera 27 B Calle 34 DD Sur,Sin Registro,Urbana,"(6.168840811, -75.5723558)"
2162981,02/11/2016,3:00 p.m.,Miércoles,Camion,Particular,Conductor,Masculino,No,Sin Registro,Solo Daños,Choque,Impericia en el manejo,Carrera 27 B Calle 34 DD Sur,Sin Registro,Urbana,"(6.168840811, -75.5723558)"
2163003,02/11/2016,3:00 p.m.,Miércoles,Camioneta,Particular,Conductor,Masculino,No,Sin Registro,Solo Daños,Choque,Reverso imprudente,Carrera 28 Calle 37 B Sur,Loma De Las Brujas,Urbana,"(6.164229297, -75.57882145)"
2163003,02/11/2016,3:00 p.m.,Miércoles,Automovil,Particular,Conductor,Masculino,No,Sin Registro,Solo Daños,Choque,Reverso imprudente,Carrera 28 Calle 37 B Sur,Loma De Las Brujas,Urbana,"(6.164229297, -75.57882145)"
2162983,02/11/2016,3:40 p.m.,Miércoles,Motocicleta,Particular,Motociclista,Masculino,No,Sin Registro,Solo Daños,Choque,No mantener distancia de seguridad,Carrera 50 Calle 30  Sur,Las Vegas,Urbana,
2162983,02/11/2016,3:40 p.m.,Miércoles,Motocicleta,Particular,Motociclista,Masculino,No,Sin Registro,Solo Daños,Choque,No mantener distancia de seguridad,Carrera 50 Calle 30  Sur,Las Vegas,Urbana,
2163004,02/11/2016,3:40 p.m.,Miércoles,Automovil,Particular,Conductor,Masculino,No,Sin Registro,Solo Daños,Choque,No mantener distancia de seguridad,Carrera 50 Calle 27  Sur,Las Vegas,Urbana,
2163004,02/11/2016,3:40 p.m.,Miércoles,Camion,Publico,Conductor,Masculino,No,Sin Registro,Solo Daños,Choque,No mantener distancia de seguridad,Carrera 50 Calle 27  Sur,Las Vegas,Urbana,
2163004,02/11/2016,3:40 p.m.,Miércoles,Automovil,Particular,Conductor,Masculino,No,Sin Registro,Solo Daños,Choque,No mantener distancia de seguridad,Carrera 50 Calle 27  Sur,Las Vegas,Urbana,
2163004,02/11/2016,3:40 p.m.,Miércoles,Campero,Particular,Conductor,Masculino,No,Sin Registro,Solo Daños,Choque,No mantener distancia de seguridad,Carrera 50 Calle 27  Sur,Las Vegas,Urbana,
2162996,02/11/2016,4:39 p.m.,Miércoles,Camion,Publico,Conductor,Masculino,No,Sin Registro,Solo Daños,Choque,Transitar entre vehiculos,Carrera 43 A Calle 36  Sur,Zona Centro,Urbana,"(6.171753325, -75.58772767)"
2162996,02/11/2016,4:39 p.m.,Miércoles,Motocicleta,Particular,Motociclista,Masculino,No,Sin Registro,Solo Daños,Choque,Transitar entre vehiculos,Carrera 43 A Calle 36  Sur,Zona Centro,Urbana,"(6.171753325, -75.58772767)"
2163002,02/11/2016,5:00 p.m.,Miércoles,Camioneta,Particular,Conductor,Femenino,No,Sin Registro,Solo Daños,Choque,Impericia en el manejo,Calle 48 E Sur Carrera 42,Sin Registro,Urbana,"(6.159800047, -75.59509533)"
2163002,02/11/2016,5:00 p.m.,Miércoles,Camion,Publico,Conductor,Masculino,No,Sin Registro,Solo Daños,Choque,Impericia en el manejo,Calle 48 E Sur Carrera 42,Sin Registro,Urbana,"(6.159800047, -75.59509533)"
2163011,02/11/2016,5:15 p.m.,Miércoles,Camioneta,Particular,Conductor,Masculino,No,Sin Registro,Solo Daños,Choque,No respetar prelacion,Tramo 377 Kilometro  10,Vereda Palmas,Rural,
2163011,02/11/2016,5:15 p.m.,Miércoles,Motocicleta,Particular,Motociclista,Masculino,No,Sin Registro,Solo Daños,Choque,No respetar prelacion,Tramo 377 Kilometro  10,Vereda Palmas,Rural,
2163009,02/11/2016,5:30 p.m.,Miércoles,Motocicleta,Particular,Motociclista,Femenino,No,Sin Registro,Solo Daños,Choque,Poner en marcha un vehiculo sin precauci,Calle 43  Sur Carrera 49,Las Vegas,Urbana,
2163009,02/11/2016,5:30 p.m.,Miércoles,Camion,Publico,Conductor,Masculino,No,Sin Registro,Solo Daños,Choque,Poner en marcha un vehiculo sin precauci,Calle 43  Sur Carrera 49,Las Vegas,Urbana,