RADICADO,FECHA,HORA,DÍA DE LA SEMANA,CLASE DE VEHICULO,TIPO DE SERVICIO,TIPO DE VICTIMA,SEXO,ESTADO DE BEODEZ,RESULTADO DE BEODEZ,GRAVEDAD,CLASE DE ACCIDENTE,CAUSA,DIRECCIÓN,BARRIO,AREA,Coordenadas
2162985,02/11/2016,6:50 p.m.,Miércoles,Automovil,Oficial,Conductor,Masculino,No,Sin Registro,Solo Daños,Choque,Adelantar por la derecha,Calle 39 D Sur Carrera 36,Mesa,Urbana,
2162985,02/11/2016,6:50 p.m.,Miércoles,Motocicleta,Particular,Motociclista,Femenino,No,Sin Registro,Solo Daños,Choque,Adelantar por la derecha,Calle 39 D Sur Carrera 36,Mesa,Urbana,
2162994,02/11/2016,9:20 p.m.,Miércoles,Motocicleta,Particular,Motociclista,Masculino,No,Sin Registro,Solo Daños,Choque,Exceso de velocidad,Carrera 42 A Calle 26 A Sur,Las Orquideas,Urbana,"(6.177792644, -75.57868354)"
2162994,02/11/2016,9:20 p.m.,Miércoles,Automovil,Particular,Conductor,Sin registro,No,Sin Registro,Solo Daños,Choque,Exceso de velocidad,Carrera 42 A Calle 26 A Sur,Las Orquideas,Urbana,"(6.177792644, -75.57868354)"
2162994,02/11/2016,9:20 p.m.,Miércoles,Automovil,Particular,Conductor,Masculino,No,Sin Registro,Solo Daños,Choque,Exceso de velocidad,Carrera 42 A Calle 26 A Sur,Las Orquideas,Urbana,"(6.177792644, -75.57868354)"
2162994,02/11/2016,9:20 p.m.,Miércoles,Motocicleta,Particular,Motociclista,Masculino,No,Sin Registro,Solo Daños,Choque,Exceso de velocidad,Carrera 42 A Calle 26 A Sur,Las Orquideas,Urbana,"(6.177792644, -75.57868354)"
2163030,03/11/2016,6:38 a.m.,Jueves,Automovil,Particular,Conductor,Masculino,No,Sin Registro,Solo Daños,Choque,Desobedecer senales,Calle 39  Sur Carrera 48,El Portal,Urbana,"(6.17373153, -75.59688397)"
2163030,03/11/2016,6:38 a.m.,Jueves,Camioneta,Publico,Conductor,Masculino,No,Sin Registro,Solo Daños,Choque,Adelantar cerrando,Calle 39  Sur Carrera 48,El Portal,Urbana,"(6.17373153, -75.59688397)"
2163030,03/11/2016,6:38 a.m.,Jueves,Camioneta,Publico,Conductor,Masculino,No,Sin Registro,Solo Daños,Choque,Desobedecer senales,Calle 39  Sur Carrera 48,El Portal,Urbana,"(6.17373153, -75.59688397)"
2163030,03/11/2016,6:38 a.m.,Jueves,Automovil,Particular,Conductor,Masculino,No,Sin Registro,Solo Daños,Choque,Adelantar cerrando,Calle 39  Sur Carrera 48,El Portal,Urbana,"(6.17373153, -75.59688397)"
2163049,03/11/2016,6:55 a.m.,Jueves,Microbus,Publico,Conductor,Masculino,No,Sin Registro,Solo Daños,Choque,Adelantar cerrando,Carrera 43 A Calle 39  Sur,Avenida El Poblado,Urbana,"(6.169011071, -75.5894849)"
2163049,03/11/2016,6:55 a.m.,Jueves,Automovil,Particular,Conductor,Masculino,No,Sin Registro,Solo Daños,Choque,Adelantar cerrando,Carrera 43 A Calle 39  Sur,Avenida El Poblado,Urbana,"(6.169011071, -75.5894849)"
2162997,03/11/2016,7:10 a.m.,Jueves,Automovil,Publico,Conductor,Masculino,No,Sin Registro,Solo Daños,Choque,No mantener distancia de seguridad,Carrera 48 Calle 46  Sur,Las Vegas,Urbana,"(6.166195386, -75.59928549)"
2162997,03/11/2016,7:10 a.m.,Jueves,Motocicleta,Particular,Motociclista,Masculino,No,Sin Registro,Solo Daños,Choque,No mantener distancia de seguridad,Carrera 48 Calle 46  Sur,Las Vegas,Urbana,"(6.166195386, -75.59928549)"
2162998,03/11/2016,8:00 a.m.,Jueves,Bus,Publico,Conductor,Masculino,No,Sin Registro,Solo Daños,Choque,Poner en marcha un vehiculo sin precauci,Carrera 43 A Calle 21  Sur,Avenida El Poblado,Urbana,"(6.183599544, -75.57940986)"
2162998,03/11/2016,8:00 a.m.,Jueves,Motocicleta,Particular,Motociclista,Masculino,No,Sin Registro,Solo Daños,Choque,Poner en marcha un vehiculo sin precauci,Carrera 43 A Calle 21  Sur,Avenida El Poblado,Urbana,"(6.183599544, -75.57940986)"
2163058,03/11/2016,8:10 a.m.,Jueves,Camion,Particular,Conductor,Masculino,No,Sin Registro,Solo Daños,Choque,Desobedecer senales,Calle 37  Sur Carrera 37,Zona Centro,Urbana,"(6.168351775, -75.58376911)"
2163058,03/11/2016,8:10 a.m.,Jueves,Camioneta,Particular,Conductor,Femenino,No,Sin Registro,Solo Daños,Choque,Desobedecer senales,Calle 37  Sur Carrera 37,Zona Centro,Urbana,"(6.168351775, -75.58376911)"
2163024,03/11/2016,8:30 a.m.,Jueves,Camioneta,Particular,Conductor,Masculino,No,Sin Registro,Solo Daños,Choque,No mantener distancia de seguridad,Calle 40  Sur Carrera 40,El Dorado,Urbana,"(6.166958927, -75.58785403)"
2163024,03/11/2016,8:30 a.m.,Jueves,Motocicleta,Particular,Motociclista,Masculino,No,Sin Registro,Solo Daños,Choque,No mantener distancia de seguridad,Calle 40  Sur Carrera 40,El Dorado,Urbana,"(6.166958927, -75.58785403)"
2163050,03/11/2016,11:00 a.m.,Jueves,Automovil,Particular,Conductor,Masculino,No,Sin Registro,Solo Daños,Choque,No mantener distancia de seguridad,Tramo 371 Kilometro  15,Vereda Palmas,Rural,
2163141,11/15/2016,12:00 p.m.,Martes,Camioneta,Particular,Conductor,Masculino,No,Sin Registro,Solo Daños,Choque,No respetar prelacion,Carrera 50 Calle 37  Sur,Las Vegas,Urbana,
2163050,03/11/2016,11:00 a.m.,Jueves,Automovil,Publico,Conductor,Masculino,No,Sin Registro,Solo Daños,Choque,No mantener distancia de seguridad,Tramo 371 Kilometro  15,Vereda Palmas,Rural,
2163006,03/11/2016,2:25 p.m.,Jueves,Automovil,Particular,Conductor,Masculino,No,Sin Registro,Solo Daños,Choque,No mantener distancia de seguridad,Carrera 48 Calle 37  Sur,Sin Registro,Urbana,"(6.172859211, -75.59276992)"
2163006,03/11/2016,2:25 p.m.,Jueves,Motocicleta,Particular,Motociclista,Masculino,No,Sin Registro,Solo Daños,Choque,No mantener distancia de seguridad,Carrera 48 Calle 37  Sur,Sin Registro,Urbana,"(6.172859211, -75.59276992)"
2163005,03/11/2016,3:35 p.m.,Jueves,Buseta,Publico,Conductor,Masculino,No,Sin Registro,Solo Daños,Choque,Impericia en el manejo,Carrera 48 Calle 37  Sur,Sin Registro,Urbana,"(6.172859211, -75.59276992)"
2163005,03/11/2016,3:35 p.m.,Jueves,Automovil,Particular,Conductor,Masculino,No,Sin Registro,Solo Daños,Choque,Impericia en el manejo,Carrera 48 Calle 37  Sur,Sin Registro,Urbana,"(6.172859211, -75.59276992)"
2163007,03/11/2016,4:20 p.m.,Jueves,Automovil,Particular,Conductor,Masculino,No,Sin Registro,Solo Daños,Choque,Desobedecer senales,Transversal 33  Sur Diagonal 32,La Magnolia,Urbana,"(6.174666095, -75.58222807)"
2163007,03/11/2016,4:20 p.m.,Jueves,Camion,Publico,Conductor,Masculino,No,Sin Registro,Solo Daños,Choque,Desobedecer senales,Transversal 33  Sur Diagonal 32,La Magnolia,Urbana,"(6.174666095, -75.58222807)"
2163037,03/11/2016,4:20 p.m.,Jueves,Automovil,Particular,Conductor,Femenino,No,Sin Registro,Solo Daños,Choque,No mantener distancia de seguridad,Carrera 48 Calle 43  Sur,Las Vegas,Urbana,"(6.168335134, -75.59723358)"
2163037,03/11/2016,4:20 p.m.,Jueves,Automovil,Publico,Conductor,Masculino,No,Sin Registro,Solo Daños,Choque,No mantener distancia de seguridad,Carrera 48 Calle 43  Sur,Las Vegas,Urbana,"(6.168335134, -75.59723358)"
2163016,03/11/2016,5:45 p.m.,Jueves,Camioneta,Particular,Conductor,Femenino,No,Sin Registro,Herido,Choque,Desobedecer senales,Diagonal 32 D Transversal 32,La Magnolia,Urbana,"(6.175661946, -75.58418404)"
2163016,03/11/2016,5:45 p.m.,Jueves,Motocicleta,Particular,Motociclista,Masculino,No,Sin Registro,Herido,Choque,Desobedecer senales,Diagonal 32 D Transversal 32,La Magnolia,Urbana,"(6.175661946, -75.58418404)"
2163016,03/11/2016,5:45 p.m.,Jueves,Camioneta,Particular,Conductor,Masculino,No,Sin Registro,Herido,Choque,Desobedecer senales,Diagonal 32 D Transversal 32,La Magnolia,Urbana,"(6.175661946, -75.58418404)"
2163028,03/11/2016,6:00 p.m.,Jueves,Camion,Publico,Conductor,Masculino,No,Sin Registro,Solo Daños,Choque,Desobedecer senales,Transversal 33 B Sur Diagonal 39,La Magnolia,Urbana,"(6.172812431, -75.58472031)"
2163028,03/11/2016,6:00 p.m.,Jueves,Automovil,Particular,Conductor,Masculino,No,Sin Registro,Solo Daños,Choque,Desobedecer senales,Transversal 33 B Sur Diagonal 39,La Magnolia,Urbana,"(6.172812431, -75.58472031)"
2163032,04/11/2016,12:00 a.m.,Viernes,Automovil,Particular,Conductor,Masculino,No,Sin Registro,Herido,Atropello,Impericia en el manejo,Calle 39  Sur Carrera 27 B,El Chinguí,Urbana,"(6.159217585, -75.57883462)"
2163055,04/11/2016,1:05 a.m.,Viernes,Automovil,Publico,Conductor,Masculino,No,Sin Registro,Solo Daños,Choque,Adelantar cerrando,Tramo 371 Kilometro  5,Vereda Palmas,Rural,
2163055,04/11/2016,1:05 a.m.,Viernes,Automovil,Particular,Conductor,Masculino,No,Sin Registro,Solo Daños,Choque,Adelantar cerrando,Tramo 371 Kilometro  5,Vereda Palmas,Rural,
2163019,04/11/2016,7:05 a.m.,Viernes,Motocicleta,Particular,Motociclista,Masculino,No,Sin Registro,Solo Daños,Choque,No respetar pelacion de interseccion o giros,Calle 40 AA Sur Carrera 36,San Rafael,Urbana,"(6.164225597, -75.58532014)"
2163019,04/11/2016,7:05 a.m.,Viernes,Camioneta,Particular,Conductor,Masculino,No,Sin Registro,Solo Daños,Choque,Girar bruscamente,Calle 40 AA Sur Carrera 36,San Rafael,Urbana,"(6.164225597, -75.58532014)"
2163019,04/11/2016,7:05 a.m.,Viernes,Camioneta,Particular,Conductor,Masculino,No,Sin Registro,Solo Daños,Choque,No respetar pelacion de interseccion o giros,Calle 40 AA Sur Carrera 36,San Rafael,Urbana,"(6.164225597, -75.58532014)"
2163019,04/11/2016,7:05 a.m.,Viernes,Motocicleta,Particular,Motociclista,Masculino,No,Sin Registro,Solo Daños,Choque,Girar bruscamente,Calle 40 AA Sur Carrera 36,San Rafael,Urbana,"(6.164225597, -75.58532014)"
2163082,04/11/2016,11:10 a.m.,Viernes,Automovil,Particular,Conductor,Masculino,No,Sin Registro,Solo Daños,Choque,No mantener distancia de seguridad,Calle 26  Sur Carrera 25,El Esmeraldal,Urbana,
2163082,04/11/2016,11:10 a.m.,Viernes,Sin Registro,Publico,Conductor,Masculino,No,Sin Registro,Solo Daños,Choque,No mantener distancia de seguridad,Calle 26  Sur Carrera 25,El Esmeraldal,Urbana,
2163026,04/11/2016,11:40 a.m.,Viernes,Camioneta,Particular,Conductor,Masculino,No,Sin Registro,Solo Daños,Choque,No mantener distancia de seguridad,Tramo 371 Kilometro  13,Vereda Palmas,Rural,
2163026,04/11/2016,11:40 a.m.,Viernes,Motocicleta,Particular,Motociclista,Femenino,No,Sin Registro,Solo Daños,Choque,No mantener distancia de seguridad,Tramo 371 Kilometro  13,Vereda Palmas,Rural,
2163062,04/11/2016,12:10 p.m.,Viernes,Automovil,Particular,Conductor,Masculino,No,Sin Registro,Solo Daños,Choque,Otra,Calle 45 B Sur Carrera 42 B,La Paz,Urbana,"(6.163155121, -75.59370839)"
2163062,04/11/2016,12:10 p.m.,Viernes,Motocicleta,Particular,Motociclista,Masculino,No,Sin Registro,Solo Daños,Choque,Otra,Calle 45 B Sur Carrera 42 B,La Paz,Urbana,"(6.163155121, -75.59370839)"
2163021,04/11/2016,12:31 p.m.,Viernes,Camioneta,Particular,Conductor,Masculino,No,Sin Registro,Solo Daños,Choque,Adelantar cerrando,Calle 36  Sur Carrera 42,Zona Centro,Urbana,"(6.17108429, -75.58648741)"
2163021,04/11/2016,12:31 p.m.,Viernes,Automovil,Particular,Conductor,Masculino,No,Sin Registro,Solo Daños,Choque,Adelantar cerrando,Calle 36  Sur Carrera 42,Zona Centro,Urbana,"(6.17108429, -75.58648741)"
2163033,04/11/2016,2:40 p.m.,Viernes,Camioneta,Diplomatico,Conductor,Masculino,No,Sin Registro,Solo Daños,Choque,No mantener distancia de seguridad,Calle 38 A Sur Carrera 39,Mesa,Urbana,"(6.167679571, -75.58567628)"
2163033,04/11/2016,2:40 p.m.,Viernes,Automovil,Particular,Conductor,Masculino,No,Sin Registro,Solo Daños,Choque,No mantener distancia de seguridad,Calle 38 A Sur Carrera 39,Mesa,Urbana,"(6.167679571, -75.58567628)"
2163053,04/11/2016,2:50 p.m.,Viernes,Camioneta,Particular,Conductor,Masculino,No,Sin Registro,Solo Daños,Choque,Transitar entre vehiculos,Calle 37  Sur Carrera 33,Los Naranjos,Urbana,"(6.167021726, -75.58168458)"
2163053,04/11/2016,2:50 p.m.,Viernes,Motocicleta,Particular,Motociclista,Masculino,No,Sin Registro,Solo Daños,Choque,Transitar entre vehiculos,Calle 37  Sur Carrera 33,Los Naranjos,Urbana,"(6.167021726, -75.58168458)"
2163017,04/11/2016,6:50 p.m.,Viernes,Microbus,Publico,Conductor,Masculino,No,Sin Registro,Solo Daños,Choque,Otra,Calle 26  Sur Carrera 50,Las Vegas,Urbana,
2163017,04/11/2016,6:50 p.m.,Viernes,Motocicleta,Particular,Motociclista,Masculino,No,Sin Registro,Solo Daños,Choque,Otra,Calle 26  Sur Carrera 50,Las Vegas,Urbana,
2163012,04/11/2016,7:30 p.m.,Viernes,Automovil,Particular,Conductor,Femenino,No,Sin Registro,Herido,Choque,Exceso de velocidad,Calle 27 C Sur Carrera 27 B,El Esmeraldal,Urbana,"(6.177266495, -75.56883008)"
2163029,04/11/2016,9:30 p.m.,Viernes,Motocicleta,Particular,Motociclista,Masculino,No,Sin Registro,Herido,Atropello,Semaforo en rojo,Calle 38  Suroriente Carrera 38,Zona Centro,Urbana,
2163038,04/11/2016,9:40 p.m.,Viernes,Camioneta,Particular,Conductor,Masculino,No,Sin Registro,Solo Daños,Choque,Otra,Carrera 43 A Calle 48 C Sur,Avenida El Poblado,Urbana,"(6.162218777, -75.59764446)"
2163038,04/11/2016,9:40 p.m.,Viernes,Automovil,Particular,Conductor,Masculino,No,Sin Registro,Solo Daños,Choque,Otra,Carrera 43 A Calle 48 C Sur,Avenida El Poblado,Urbana,"(6.162218777, -75.59764446)"
2163064,05/11/2016,2:30 a.m.,Sábado,Motocicleta,Particular,Motociclista,Masculino,No,Sin Registro,Solo Daños,Choque,Embriaguez o droga,Calle 38  Sur Carrera 42,Zona Centro,Urbana,"(6.16961293, -75.58738469)"
2163064,05/11/2016,2:30 a.m.,Sábado,Automovil,Publico,Conductor,Masculino,Si,2,Solo Daños,Choque,Embriaguez o droga,Calle 38  Sur Carrera 42,Zona Centro,Urbana,"(6.16961293, -75.58738469)"
2163023,05/11/2016,6:10 a.m.,Sábado,Camion,Publico,Conductor,Masculino,No,Sin Registro,Solo Daños,Choque,Impericia en el manejo,Tramo 371 Kilometro  13,Vereda Palmas,Rural,
2163023,05/11/2016,6:10 a.m.,Sábado,Camion,Publico,Conductor,Masculino,No,Sin Registro,Solo Daños,Choque,Exceso de velocidad,Tramo 371 Kilometro  13,Vereda Palmas,Rural,
2170620,05/11/2016,8:00 a.m.,Sábado,Motocicleta,Particular,Motociclista,Masculino,No,Sin Registro,Herido,Choque,Otra,Calle 46  Sur Carrera 46,Primavera,Urbana,"(6.164633401, -75.59668961)"
2170620,05/11/2016,8:00 a.m.,Sábado,Automovil,Publico,Conductor,Masculino,No,Sin Registro,Herido,Choque,Otra,Calle 46  Sur Carrera 46,Primavera,Urbana,"(6.164633401, -75.59668961)"
2163040,05/11/2016,8:15 a.m.,Sábado,Automovil,Particular,Conductor,Masculino,No,Sin Registro,Solo Daños,Choque,No mantener distancia de seguridad,Calle 37  Sur Carrera 50,Las Vegas,Urbana,
2163040,05/11/2016,8:15 a.m.,Sábado,Camioneta,Particular,Conductor,Masculino,No,Sin Registro,Solo Daños,Choque,No mantener distancia de seguridad,Calle 37  Sur Carrera 50,Las Vegas,Urbana,
2163044,05/11/2016,8:50 a.m.,Sábado,Camioneta,Publico,Conductor,Masculino,No,Sin Registro,Solo Daños,Choque,Ausencia o deficencia en demarcacion,Calle 36 D Sur Carrera 24,Vereda El Escobero,Urbana,"(6.157425668, -75.56691387)"
2163048,05/11/2016,10:15 a.m.,Sábado,Bus,Publico,Conductor,Masculino,No,Sin Registro,Solo Daños,Choque,Poner en marcha un vehiculo sin precauci,Transversal 34  Sur Diagonal 32 B,Obrero,Urbana,"(6.173239256, -75.58251486)"
2163048,05/11/2016,10:15 a.m.,Sábado,Automovil,Particular,Conductor,Femenino,No,Sin Registro,Solo Daños,Choque,Poner en marcha un vehiculo sin precauci,Transversal 34  Sur Diagonal 32 B,Obrero,Urbana,"(6.173239256, -75.58251486)"
2163067,05/11/2016,10:20 a.m.,Sábado,Automovil,Particular,Conductor,Masculino,No,Sin Registro,Herido,Volcamiento,Otra,Tramo 372 Kilometro  7,Vereda Palmas,Rural,
2163035,05/11/2016,11:15 a.m.,Sábado,Camioneta,Diplomatico,Conductor,Masculino,No,Sin Registro,Solo Daños,Choque,No mantener distancia de seguridad,Calle 39  Sur Carrera 44,Alcala,Urbana,"(6.169314183, -75.5901252)"
2163035,05/11/2016,11:15 a.m.,Sábado,Automovil,Particular,Conductor,Femenino,No,Sin Registro,Solo Daños,Choque,No mantener distancia de seguridad,Calle 39  Sur Carrera 44,Alcala,Urbana,"(6.169314183, -75.5901252)"
2163022,05/11/2016,11:20 a.m.,Sábado,Buseta,Publico,Conductor,Masculino,No,Sin Registro,Solo Daños,Choque,No mantener distancia de seguridad,Calle 38 A Sur Carrera 40,Zona Centro,Urbana,"(6.168097144, -75.58630781)"
2163022,05/11/2016,11:20 a.m.,Sábado,Camioneta,Particular,Conductor,Masculino,No,Sin Registro,Solo Daños,Choque,No mantener distancia de seguridad,Calle 38 A Sur Carrera 40,Zona Centro,Urbana,"(6.168097144, -75.58630781)"
2163046,05/11/2016,11:20 a.m.,Sábado,Bus,Publico,Conductor,Masculino,No,Sin Registro,Solo Daños,Choque,Adelantar cerrando,Calle 37  Sur Carrera 42,Zona Centro,Urbana,"(6.17029993, -75.58693548)"
2163046,05/11/2016,11:20 a.m.,Sábado,Automovil,Particular,Conductor,Masculino,No,Sin Registro,Solo Daños,Choque,Adelantar cerrando,Calle 37  Sur Carrera 42,Zona Centro,Urbana,"(6.17029993, -75.58693548)"
2163043,05/11/2016,12:00 p.m.,Sábado,Automovil,Particular,Conductor,Masculino,No,Sin Registro,Solo Daños,Choque,Adelantar cerrando,Carrera 50 Calle 37  Sur,Las Vegas,Urbana,
2163043,05/11/2016,12:00 p.m.,Sábado,Camioneta,Particular,Conductor,Femenino,No,Sin Registro,Solo Daños,Choque,Adelantar cerrando,Carrera 50 Calle 37  Sur,Las Vegas,Urbana,
2163047,05/11/2016,12:30 p.m.,Sábado,Automovil,Particular,Conductor,Masculino,No,Sin Registro,Solo Daños,Choque,No mantener distancia de seguridad,Calle 37  Sur Carrera 40,Zona Centro,Urbana,"(6.169435767, -75.58550725)"
2163047,05/11/2016,12:30 p.m.,Sábado,Automovil,Particular,Conductor,Masculino,No,Sin Registro,Solo Daños,Choque,No mantener distancia de seguridad,Calle 37  Sur Carrera 40,Zona Centro,Urbana,"(6.169435767, -75.58550725)"
2163014,05/11/2016,3:30 p.m.,Sábado,Campero,Particular,Conductor,Masculino,No,Sin Registro,Herido,Choque,Adelantar cerrando,Tramo 372 Kilometro  12,Vereda Palmas,Rural,
2163014,05/11/2016,3:30 p.m.,Sábado,Motocicleta,Particular,Motociclista,Masculino,No,Sin Registro,Herido,Choque,Adelantar cerrando,Tramo 372 Kilometro  12,Vereda Palmas,Rural,
2163015,05/11/2016,3:30 p.m.,Sábado,Campero,Particular,Conductor,Masculino,No,Sin Registro,Solo Daños,Choque,Otra,Tramo 372 Kilometro  12,Vereda Palmas,Rural,
2163015,05/11/2016,3:30 p.m.,Sábado,Automovil,Publico,Conductor,Masculino,No,Sin Registro,Solo Daños,Choque,Otra,Tramo 372 Kilometro  12,Vereda Palmas,Rural,
2163034,05/11/2016,5:30 p.m.,Sábado,Camioneta,Publico,Conductor,Masculino,No,Sin Registro,Solo Daños,Choque,Adelantar por la derecha,Carrera 50 Calle 30  Sur,Las Vegas,Urbana,
2163034,05/11/2016,5:30 p.m.,Sábado,Motocicleta,Particular,Motociclista,Masculino,No,Sin Registro,Solo Daños,Choque,Adelantar por la derecha,Carrera 50 Calle 30  Sur,Las Vegas,Urbana,
2163344,08/11/2016,7:40 a.m.,Martes,Automovil,Publico,Conductor,Masculino,No,Sin Registro,Solo Daños,Choque,Otra,Calle 37  Sur Carrera 50,Vereda Palmas,Urbana,
2163051,05/11/2016,7:30 p.m.,Sábado,Automovil,Particular,Conductor,Masculino,No,Sin Registro,Solo Daños,Choque,No mantener distancia de seguridad,Tramo 371 Kilometro  7,Vereda Palmas,Rural,
2163051,05/11/2016,7:30 p.m.,Sábado,Automovil,Particular,Conductor,Masculino,No,Sin Registro,Solo Daños,Choque,No mantener distancia de seguridad,Tramo 371 Kilometro  7,Vereda Palmas,Rural,
2163025,06/11/2016,1:20 a.m.,Domingo,Automovil,Particular,Conductor,Femenino,Si,2,Solo Daños,Choque,Exceso de velocidad,Calle 46 D Sur Carrera 40 A,El Trianon,Urbana,"(6.160324408, -75.59278249)"
2163025,06/11/2016,1:20 a.m.,Domingo,Automovil,Particular,Conductor,Femenino,Si,2,Solo Daños,Choque,Embriaguez o droga,Calle 46 D Sur Carrera 40 A,El Trianon,Urbana,"(6.160324408, -75.59278249)"
2163018,06/11/2016,2:00 p.m.,Domingo,Automovil,Particular,Conductor,Masculino,No,Sin Registro,Solo Daños,Choque,No mantener distancia de seguridad,Tramo 371 Kilometro  8,Vereda Palmas,Rural,
2163018,06/11/2016,2:00 p.m.,Domingo,Automovil,Particular,Conductor,Masculino,No,Sin Registro,Solo Daños,Choque,No mantener distancia de seguridad,Tramo 371 Kilometro  8,Vereda Palmas,Rural,
2163013,06/11/2016,2:50 p.m.,Domingo,Motocicleta,Particular,Motociclista,Femenino,No,Sin Registro,Herido,Choque,Impericia en el manejo,Tramo 371 Kilometro  5,Vereda El Escobero,Rural,
2163013,06/11/2016,2:50 p.m.,Domingo,Motocicleta,Particular,Motociclista,Femenino,No,Sin Registro,Herido,Choque,Exceso de velocidad,Tramo 371 Kilometro  5,Vereda El Escobero,Rural,
2163039,06/11/2016,4:00 p.m.,Domingo,Buseta,Publico,Conductor,Masculino,No,Sin Registro,Solo Daños,Choque,Desobedecer senales,Calle 45  Sur Carrera 42 D,La Paz,Urbana,"(6.164313516, -75.59376955)"
2163039,06/11/2016,4:00 p.m.,Domingo,Automovil,Particular,Conductor,Femenino,No,Sin Registro,Solo Daños,Choque,Desobedecer senales,Calle 45  Sur Carrera 42 D,La Paz,Urbana,"(6.164313516, -75.59376955)"
2163020,06/11/2016,8:40 p.m.,Domingo,Automovil,Particular,Conductor,Femenino,No,Sin Registro,Solo Daños,Choque,No mantener distancia de seguridad,Tramo 371 Kilometro  12,Vereda Palmas,Rural,
2163020,06/11/2016,8:40 p.m.,Domingo,Automovil,Particular,Conductor,Masculino,No,Sin Registro,Solo Daños,Choque,No mantener distancia de seguridad,Tramo 371 Kilometro  12,Vereda Palmas,Rural,
2163057,07/11/2016,7:00 a.m.,Lunes,Automovil,Particular,Conductor,Masculino,No,Sin Registro,Solo Daños,Choque,Otra,Calle 37  Sur Carrera 31,Sin Registro,Urbana,"(6.166120684, -75.58074061)"
2163057,07/11/2016,7:00 a.m.,Lunes,Automovil,Particular,Conductor,Femenino,No,Sin Registro,Solo Daños,Choque,Otra,Calle 37  Sur Carrera 31,Sin Registro,Urbana,"(6.166120684, -75.58074061)"
2163036,07/11/2016,9:00 a.m.,Lunes,Tractocamion,Publico,Conductor,Masculino,No,Sin Registro,Solo Daños,Choque,Huecos,Calle 32 B Sur Carrera 48,Las Vegas,Urbana,"(6.177255701, -75.59003137)"
2163027,07/11/2016,10:30 a.m.,Lunes,Sin Registro,Oficial,Conductor,Masculino,No,Sin Registro,Solo Daños,Choque,Transitar con las puertas abiertas,Calle 38 A Sur Carrera 43,Zona Centro,Urbana,"(6.169370628, -75.5883151)"
2163042,07/11/2016,4:40 p.m.,Lunes,Camioneta,Particular,Conductor,Masculino,No,Sin Registro,Solo Daños,Choque,No mantener distancia de seguridad,Calle 37  Sur Carrera 50,Las Vegas,Urbana,
2163042,07/11/2016,4:40 p.m.,Lunes,Automovil,Particular,Conductor,Masculino,No,Sin Registro,Solo Daños,Choque,No mantener distancia de seguridad,Calle 37  Sur Carrera 50,Las Vegas,Urbana,
2163069,07/11/2016,7:30 p.m.,Lunes,Motocicleta,Particular,Motociclista,Masculino,No,Sin Registro,Herido,Otro,Otra,Carrera 50 Calle 39  Sur,Las Vegas,Urbana,
2163045,07/11/2016,10:00 p.m.,Lunes,Automovil,Particular,Conductor,Masculino,No,Sin Registro,Solo Daños,Choque,No mantener distancia de seguridad,Calle 25  Sur Carrera 43 A,Las Orquideas,Urbana,"(6.181560189, -75.58201649)"
2163045,07/11/2016,10:00 p.m.,Lunes,Campero,Particular,Conductor,Masculino,No,Sin Registro,Solo Daños,Choque,No mantener distancia de seguridad,Calle 25  Sur Carrera 43 A,Las Orquideas,Urbana,"(6.181560189, -75.58201649)"
2163060,08/11/2016,3:00 a.m.,Martes,Automovil,Publico,Conductor,Masculino,No,Sin Registro,Solo Daños,Choque,Impericia en el manejo,Carrera 42 Calle 38 A Sur,Zona Centro,Urbana,"(6.168903475, -75.58769578)"
2163060,08/11/2016,3:00 a.m.,Martes,Campero,Particular,Conductor,Masculino,No,Sin Registro,Solo Daños,Choque,Impericia en el manejo,Carrera 42 Calle 38 A Sur,Zona Centro,Urbana,"(6.168903475, -75.58769578)"
2163083,08/11/2016,5:30 a.m.,Martes,Automovil,Particular,Conductor,Masculino,No,Sin Registro,Solo Daños,Choque,Otra,Tramo 372 Kilometro  8,Vereda Palmas,Rural,
2163031,08/11/2016,9:00 a.m.,Martes,Automovil,Particular,Conductor,Masculino,Si,1,Herido,Atropello,Embriaguez o droga,Calle 35  Sur Carrera 42,Zona Centro,Urbana,"(6.17174158, -75.58606857)"
2163054,08/11/2016,9:10 a.m.,Martes,Automovil,Particular,Conductor,Masculino,No,Sin Registro,Solo Daños,Choque,Reverso imprudente,Diagonal 33 Transversal 33,La Magnolia,Urbana,"(6.173879308, -75.58428383)"
2163054,08/11/2016,9:10 a.m.,Martes,Motocicleta,Particular,Motociclista,Masculino,No,Sin Registro,Solo Daños,Choque,Reverso imprudente,Diagonal 33 Transversal 33,La Magnolia,Urbana,"(6.173879308, -75.58428383)"
2163052,08/11/2016,9:30 a.m.,Martes,Camioneta,Oficial,Conductor,Masculino,No,Sin Registro,Herido,Choque,Semaforo en rojo,Calle 39  Sur Carrera 40,Mesa,Urbana,"(6.167409609, -75.58672098)"
2163052,08/11/2016,9:30 a.m.,Martes,Motocicleta,Particular,Motociclista,Masculino,No,Sin Registro,Herido,Choque,Semaforo en rojo,Calle 39  Sur Carrera 40,Mesa,Urbana,"(6.167409609, -75.58672098)"
2163056,08/11/2016,10:30 a.m.,Martes,Automovil,Particular,Conductor,Masculino,No,Sin Registro,Solo Daños,Choque,Desobedecer senales,Carrera 37 Calle 39  Sur,Mesa,Urbana,"(6.166206359, -75.58501897)"