RADICADO,FECHA,HORA,DÍA DE LA SEMANA,CLASE DE VEHICULO,TIPO DE SERVICIO,TIPO DE VICTIMA,SEXO,ESTADO DE BEODEZ,RESULTADO DE BEODEZ,GRAVEDAD,CLASE DE ACCIDENTE,CAUSA,DIRECCIÓN,BARRIO,AREA,Coordenadas
2163056,08/11/2016,10:30 a.m.,Martes,Automovil,Publico,Conductor,Masculino,No,Sin Registro,Solo Daños,Choque,Desobedecer senales,Carrera 37 Calle 39  Sur,Mesa,Urbana,"(6.166206359, -75.58501897)"
2163059,08/11/2016,11:30 a.m.,Martes,Microbus,Publico,Conductor,Masculino,No,Sin Registro,Solo Daños,Choque,Impericia en el manejo,Transversal 35  Sur Diagonal 30,La Sebastiana,Urbana,"(6.170161165, -75.57837052)"
2163059,08/11/2016,11:30 a.m.,Martes,Camioneta,Publico,Conductor,Masculino,No,Sin Registro,Solo Daños,Choque,Impericia en el manejo,Transversal 35  Sur Diagonal 30,La Sebastiana,Urbana,"(6.170161165, -75.57837052)"
2163081,08/11/2016,12:15 p.m.,Martes,Camion,Publico,Conductor,Masculino,No,Sin Registro,Herido,Choque,Exceso de velocidad,Tramo 371 Kilometro  1,Vereda El Escobero,Rural,
2163081,08/11/2016,12:15 p.m.,Martes,Automovil,Particular,Conductor,Masculino,No,Sin Registro,Herido,Choque,Exceso de velocidad,Tramo 371 Kilometro  1,Vereda El Escobero,Rural,
2163075,08/11/2016,12:25 p.m.,Martes,Automovil,Particular,Conductor,Masculino,No,Sin Registro,Solo Daños,Choque,No respetar prelacion,Calle 50  Sur Carrera 46 A,Las Casitas,Urbana,"(6.16131219, -75.60319818)"
2163075,08/11/2016,12:25 p.m.,Martes,Automovil,Publico,Conductor,Masculino,No,Sin Registro,Solo Daños,Choque,Desobedecer senales,Calle 50  Sur Carrera 46 A,Las Casitas,Urbana,"(6.16131219, -75.60319818)"
2163075,08/11/2016,12:25 p.m.,Martes,Automovil,Publico,Conductor,Masculino,No,Sin Registro,Solo Daños,Choque,No respetar prelacion,Calle 50  Sur Carrera 46 A,Las Casitas,Urbana,"(6.16131219, -75.60319818)"
2163075,08/11/2016,12:25 p.m.,Martes,Automovil,Particular,Conductor,Masculino,No,Sin Registro,Solo Daños,Choque,Desobedecer senales,Calle 50  Sur Carrera 46 A,Las Casitas,Urbana,"(6.16131219, -75.60319818)"
2163073,08/11/2016,4:00 p.m.,Martes,Motocicleta,Particular,Motociclista,Masculino,No,Sin Registro,Solo Daños,Choque,Adelantar cerrando,Transversal 34 B Sur Diagonal 39,Los Naranjos,Urbana,"(6.17156559, -75.58423932)"
2163073,08/11/2016,4:00 p.m.,Martes,Motocicleta,Particular,Motociclista,Masculino,No,Sin Registro,Solo Daños,Choque,Adelantar cerrando,Transversal 34 B Sur Diagonal 39,Los Naranjos,Urbana,"(6.17156559, -75.58423932)"
2163061,08/11/2016,4:20 p.m.,Martes,Automovil,Particular,Conductor,Masculino,No,Sin Registro,Solo Daños,Choque,No mantener distancia de seguridad,Carrera 50 Calle 43  Sur,Las Vegas,Urbana,
2163061,08/11/2016,4:20 p.m.,Martes,Sin Registro,Publico,Conductor,Masculino,No,Sin Registro,Solo Daños,Choque,No mantener distancia de seguridad,Carrera 50 Calle 43  Sur,Las Vegas,Urbana,
2163063,08/11/2016,4:30 p.m.,Martes,Automovil,Particular,Conductor,Femenino,No,Sin Registro,Solo Daños,Choque,No mantener distancia de seguridad,Carrera 50 Calle 46  Sur,Las Vegas,Urbana,"(6.16131219, -75.60319818)"
2163063,08/11/2016,4:30 p.m.,Martes,Camion,Publico,Conductor,Masculino,No,Sin Registro,Solo Daños,Choque,No mantener distancia de seguridad,Carrera 50 Calle 46  Sur,Las Vegas,Urbana,"(6.16131219, -75.60319818)"
2163088,08/11/2016,4:45 p.m.,Martes,Camioneta,Particular,Conductor,Masculino,No,Sin Registro,Solo Daños,Choque,Adelantar cerrando,Calle 38 A Sur Carrera 48,Las Vegas,Urbana,"(6.168560755, -75.58701537)"
2163088,08/11/2016,4:45 p.m.,Martes,Campero,Particular,Conductor,Femenino,No,Sin Registro,Solo Daños,Choque,Adelantar cerrando,Calle 38 A Sur Carrera 48,Las Vegas,Urbana,"(6.168560755, -75.58701537)"
2163071,08/11/2016,6:00 p.m.,Martes,Motocicleta,Particular,Motociclista,Masculino,No,Sin Registro,Herido,Atropello,Semaforo en rojo,Calle 37  Sur Carrera 41,Zona Centro,Urbana,"(6.169855492, -75.58619601)"
2163071,08/11/2016,6:00 p.m.,Martes,Motocicleta,Particular,Motociclista,Masculino,No,Sin Registro,Herido,Atropello,Semaforo en rojo,Calle 37  Sur Carrera 41,Zona Centro,Urbana,"(6.169855492, -75.58619601)"
2163074,08/11/2016,6:10 p.m.,Martes,Automovil,Particular,Conductor,Femenino,No,Sin Registro,Solo Daños,Choque,Desobedecer senales,Carrera 43 A Calle 31 A Sur,San Marcos,Urbana,"(6.176310274, -75.58548716)"
2163074,08/11/2016,6:10 p.m.,Martes,Motocicleta,Particular,Motociclista,Femenino,No,Sin Registro,Solo Daños,Choque,Desobedecer senales,Carrera 43 A Calle 31 A Sur,San Marcos,Urbana,"(6.176310274, -75.58548716)"
2163084,08/11/2016,7:00 p.m.,Martes,Automovil,Publico,Conductor,Masculino,No,Sin Registro,Solo Daños,Choque,Reverso imprudente,Tramo 372 Kilometro  17,Vereda Palmas,Rural,
2163084,08/11/2016,7:00 p.m.,Martes,Camioneta,Publico,Conductor,Masculino,No,Sin Registro,Solo Daños,Choque,Reverso imprudente,Tramo 372 Kilometro  17,Vereda Palmas,Rural,
2163066,09/11/2016,6:00 a.m.,Miércoles,Camion,Publico,Conductor,Masculino,No,Sin Registro,Herido,Choque,Adelantar cerrando,Carrera 50 Calle 29  Sur,Las Vegas,Urbana,"(6.182760672, -75.58882785)"
2163066,09/11/2016,6:00 a.m.,Miércoles,Motocicleta,Particular,Motociclista,Masculino,No,Sin Registro,Herido,Choque,Adelantar cerrando,Carrera 50 Calle 29  Sur,Las Vegas,Urbana,"(6.182760672, -75.58882785)"
2163102,09/11/2016,6:14 a.m.,Miércoles,Camioneta,Particular,Conductor,Masculino,No,Sin Registro,Herido,Choque,Adelantar cerrando,Tramo 372 Kilometro  7,Vereda Palmas,Rural,
2163102,09/11/2016,6:14 a.m.,Miércoles,Motocicleta,Particular,Motociclista,Femenino,No,Sin Registro,Herido,Choque,Adelantar por la derecha,Tramo 372 Kilometro  7,Vereda Palmas,Rural,
2163102,09/11/2016,6:14 a.m.,Miércoles,Motocicleta,Particular,Motociclista,Femenino,No,Sin Registro,Herido,Choque,Adelantar cerrando,Tramo 372 Kilometro  7,Vereda Palmas,Rural,
2163102,09/11/2016,6:14 a.m.,Miércoles,Camioneta,Particular,Conductor,Masculino,No,Sin Registro,Herido,Choque,Adelantar por la derecha,Tramo 372 Kilometro  7,Vereda Palmas,Rural,
2163076,09/11/2016,6:30 a.m.,Miércoles,Camioneta,Particular,Conductor,Masculino,No,Sin Registro,Solo Daños,Choque,No mantener distancia de seguridad,Carrera 49 Calle 43  Sur,Las Vegas,Urbana,"(6.160925818, -75.59998009)"
2163076,09/11/2016,6:30 a.m.,Miércoles,Microbus,Publico,Conductor,Masculino,No,Sin Registro,Solo Daños,Choque,No mantener distancia de seguridad,Carrera 49 Calle 43  Sur,Las Vegas,Urbana,"(6.160925818, -75.59998009)"
2163076,09/11/2016,6:30 a.m.,Miércoles,Motocicleta,Particular,Motociclista,Masculino,No,Sin Registro,Solo Daños,Choque,No mantener distancia de seguridad,Carrera 49 Calle 43  Sur,Las Vegas,Urbana,"(6.160925818, -75.59998009)"
2163087,09/11/2016,6:50 a.m.,Miércoles,Automovil,Publico,Conductor,Masculino,No,Sin Registro,Solo Daños,Choque,Desobedecer senales,Carrera 48 Calle 38  Sur,Las Vegas,Urbana,"(6.172747818, -75.59269817)"
2163087,09/11/2016,6:50 a.m.,Miércoles,Camioneta,Particular,Conductor,Masculino,No,Sin Registro,Solo Daños,Choque,No respetar prelacion,Carrera 48 Calle 38  Sur,Las Vegas,Urbana,"(6.172747818, -75.59269817)"
2163087,09/11/2016,6:50 a.m.,Miércoles,Camioneta,Particular,Conductor,Masculino,No,Sin Registro,Solo Daños,Choque,Desobedecer senales,Carrera 48 Calle 38  Sur,Las Vegas,Urbana,"(6.172747818, -75.59269817)"
2163087,09/11/2016,6:50 a.m.,Miércoles,Automovil,Publico,Conductor,Masculino,No,Sin Registro,Solo Daños,Choque,No respetar prelacion,Carrera 48 Calle 38  Sur,Las Vegas,Urbana,"(6.172747818, -75.59269817)"
2163065,09/11/2016,9:30 a.m.,Miércoles,Camioneta,Particular,Conductor,Femenino,No,Sin Registro,Muerto,Atropello,Exceso de velocidad,Transversal 34 D Diagonal 31 F,Los Naranjos,Urbana,"(6.172106631, -75.57927512)"
2163092,09/11/2016,10:40 a.m.,Miércoles,Camion,Publico,Conductor,Masculino,No,Sin Registro,Solo Daños,Choque,Impericia en el manejo,Calle 39  Sur Carrera 42,Zona Centro,Urbana,"(6.168300638, -75.58815927)"
2163092,09/11/2016,10:40 a.m.,Miércoles,Automovil,Particular,Conductor,Femenino,No,Sin Registro,Solo Daños,Choque,Impericia en el manejo,Calle 39  Sur Carrera 42,Zona Centro,Urbana,"(6.168300638, -75.58815927)"
2163070,09/11/2016,1:40 p.m.,Miércoles,Automovil,Publico,Conductor,Masculino,No,Sin Registro,Herido,Atropello,Cruzar sin observar,Carrera 40 Calle 38  Sur,Zona Centro,Urbana,"(6.168682985, -75.58587025)"
2163070,09/11/2016,1:40 p.m.,Miércoles,Automovil,Publico,Conductor,Masculino,No,Sin Registro,Herido,Atropello,Exceso de velocidad,Carrera 40 Calle 38  Sur,Zona Centro,Urbana,"(6.168682985, -75.58587025)"
2163068,09/11/2016,2:00 p.m.,Miércoles,Bus,Publico,Conductor,Masculino,No,Sin Registro,Herido,Atropello,Cruzar sin observar,Calle 39 A Sur Carrera 50,Las Vegas,Urbana,
2163096,09/11/2016,2:00 p.m.,Miércoles,Automovil,Particular,Conductor,Masculino,No,Sin Registro,Solo Daños,Choque,No mantener distancia de seguridad,Calle 40  Sur Carrera 41,El Dorado,Urbana,"(6.167156789, -75.58804688)"
2163096,09/11/2016,2:00 p.m.,Miércoles,Automovil,Particular,Conductor,Masculino,No,Sin Registro,Solo Daños,Choque,No mantener distancia de seguridad,Calle 40  Sur Carrera 41,El Dorado,Urbana,"(6.167156789, -75.58804688)"
2163089,09/11/2016,3:00 p.m.,Miércoles,Motocicleta,Particular,Motociclista,Femenino,No,Sin Registro,Herido,Choque,Otra,Calle 37  Sur Carrera 43,Zona Centro,Urbana,"(6.170662973, -75.58744852)"
2163089,09/11/2016,3:00 p.m.,Miércoles,Camioneta,Publico,Conductor,Masculino,No,Sin Registro,Herido,Choque,Otra,Calle 37  Sur Carrera 43,Zona Centro,Urbana,"(6.170662973, -75.58744852)"
2163085,09/11/2016,4:50 p.m.,Miércoles,Automovil,Particular,Conductor,Masculino,No,Sin Registro,Solo Daños,Choque,No respetar prelacion,Carrera 50 Calle 37  Sur,Las Vegas,Urbana,
2163085,09/11/2016,4:50 p.m.,Miércoles,Sin Registro,Publico,Conductor,Masculino,No,Sin Registro,Solo Daños,Choque,No respetar prelacion,Carrera 50 Calle 37  Sur,Las Vegas,Urbana,
2163091,09/11/2016,5:10 p.m.,Miércoles,Camioneta,Particular,Conductor,Femenino,No,Sin Registro,Solo Daños,Choque,No mantener distancia de seguridad,Calle 22  Sur Carrera 40,Sin Registro,Urbana,"(6.18123897, -75.57675149)"
2163091,09/11/2016,5:10 p.m.,Miércoles,Automovil,Particular,Conductor,Masculino,No,Sin Registro,Solo Daños,Choque,No mantener distancia de seguridad,Calle 22  Sur Carrera 40,Sin Registro,Urbana,"(6.18123897, -75.57675149)"
2163086,09/11/2016,6:20 p.m.,Miércoles,Automovil,Publico,Conductor,Masculino,No,Sin Registro,Solo Daños,Choque,Adelantar cerrando,Calle 37  Sur Carrera 47,Alcala,Urbana,"(6.173046979, -75.59165286)"
2163086,09/11/2016,6:20 p.m.,Miércoles,Camioneta,Particular,Conductor,Masculino,No,Sin Registro,Solo Daños,Choque,Adelantar cerrando,Calle 37  Sur Carrera 47,Alcala,Urbana,"(6.173046979, -75.59165286)"
2163078,09/11/2016,8:05 p.m.,Miércoles,Microbus,Publico,Conductor,Masculino,No,Sin Registro,Herido,Choque,Transitar entre vehiculos,Calle 37  Sur Carrera 35,Los Naranjos,Urbana,"(6.167699744, -75.58270755)"
2163078,09/11/2016,8:05 p.m.,Miércoles,Motocicleta,Particular,Motociclista,Masculino,No,Sin Registro,Herido,Choque,Transitar entre vehiculos,Calle 37  Sur Carrera 35,Los Naranjos,Urbana,"(6.167699744, -75.58270755)"
2163090,09/11/2016,9:50 p.m.,Miércoles,Microbus,Publico,Conductor,Masculino,No,Sin Registro,Solo Daños,Choque,Poner en marcha un vehiculo sin precauci,Calle 38  Sur Carrera 43,Zona Centro,Urbana,"(6.170061667, -75.58783913)"
2163090,09/11/2016,9:50 p.m.,Miércoles,Automovil,Publico,Conductor,Masculino,No,Sin Registro,Solo Daños,Choque,Poner en marcha un vehiculo sin precauci,Calle 38  Sur Carrera 43,Zona Centro,Urbana,"(6.170061667, -75.58783913)"
2163072,10/11/2016,12:35 a.m.,Jueves,Automovil,Particular,Conductor,Masculino,No,Sin Registro,Herido,Choque,Semaforo en rojo,Calle 37  Sur Carrera 39,Zona Centro,Urbana,"(6.169035546, -75.58484755)"
2163072,10/11/2016,12:35 a.m.,Jueves,Motocicleta,Particular,Motociclista,Femenino,No,Sin Registro,Herido,Choque,Semaforo en rojo,Calle 37  Sur Carrera 39,Zona Centro,Urbana,"(6.169035546, -75.58484755)"
2163093,10/11/2016,6:00 a.m.,Jueves,Automovil,Publico,Conductor,Sin registro,No,Sin Registro,Solo Daños,Choque,No mantener distancia de seguridad,Carrera 50 Calle 46 A Sur,Las Vegas,Urbana,"(6.16131219, -75.60319818)"
2163093,10/11/2016,6:00 a.m.,Jueves,Automovil,Particular,Conductor,Masculino,No,Sin Registro,Solo Daños,Choque,No mantener distancia de seguridad,Carrera 50 Calle 46 A Sur,Las Vegas,Urbana,"(6.16131219, -75.60319818)"
2163079,10/11/2016,8:20 a.m.,Jueves,Automovil,Publico,Conductor,Masculino,No,Sin Registro,Herido,Choque,Semaforo en rojo,Calle 48 C Sur Carrera 43 A,Primavera,Urbana,"(6.162378903, -75.59763059)"
2163079,10/11/2016,8:20 a.m.,Jueves,Motocicleta,Particular,Motociclista,Masculino,No,Sin Registro,Herido,Choque,Semaforo en rojo,Calle 48 C Sur Carrera 43 A,Primavera,Urbana,"(6.162378903, -75.59763059)"
2163148,11/11/2016,4:40 p.m.,Viernes,Automovil,Particular,Conductor,Masculino,No,Sin Registro,Solo Daños,Choque,No mantener distancia de seguridad,Tramo 372 Kilometro  19,Vereda Palmas,Rural,
2163097,10/11/2016,9:00 a.m.,Jueves,Automovil,Particular,Conductor,Masculino,No,Sin Registro,Solo Daños,Choque,No mantener distancia de seguridad,Calle 23  Sur Carrera 27,El Esmeraldal,Urbana,"(6.176668041, -75.56752563)"
2163097,10/11/2016,9:00 a.m.,Jueves,Automovil,Particular,Conductor,Femenino,No,Sin Registro,Solo Daños,Choque,No mantener distancia de seguridad,Calle 23  Sur Carrera 27,El Esmeraldal,Urbana,"(6.176668041, -75.56752563)"
2163080,10/11/2016,9:30 a.m.,Jueves,Motocicleta,Particular,Motociclista,Masculino,No,Sin Registro,Herido,Atropello,Cruzar sin observar,Diagonal 39 Transversal 34,Obrero,Urbana,"(6.172334278, -75.58444785)"
2163094,10/11/2016,11:20 a.m.,Jueves,Automovil,Particular,Conductor,Masculino,No,Sin Registro,Solo Daños,Choque,Poner en marcha un vehiculo sin precauci,Calle 38  Sur Carrera 43,Zona Centro,Urbana,"(6.170061667, -75.58783913)"
2163094,10/11/2016,11:20 a.m.,Jueves,Automovil,Particular,Conductor,Femenino,No,Sin Registro,Solo Daños,Choque,Poner en marcha un vehiculo sin precauci,Calle 38  Sur Carrera 43,Zona Centro,Urbana,"(6.170061667, -75.58783913)"
2163118,10/11/2016,12:20 p.m.,Jueves,Campero,Particular,Conductor,Femenino,No,Sin Registro,Solo Daños,Choque,Adelantar cerrando,Calle 31 A Sur Carrera 43 A,San Marcos,Urbana,"(6.17641909, -75.58556133)"
2163118,10/11/2016,12:20 p.m.,Jueves,Camioneta,Particular,Conductor,Femenino,No,Sin Registro,Solo Daños,Choque,Adelantar cerrando,Calle 31 A Sur Carrera 43 A,San Marcos,Urbana,"(6.17641909, -75.58556133)"
2163095,10/11/2016,4:15 p.m.,Jueves,Camioneta,Particular,Conductor,Masculino,No,Sin Registro,Solo Daños,Choque,Reverso imprudente,Calle 30 A Sur Carrera 45 A,Jardines,Urbana,"(6.177125457, -75.58608593)"
2163095,10/11/2016,4:15 p.m.,Jueves,Automovil,Particular,Conductor,Femenino,No,Sin Registro,Solo Daños,Choque,Reverso imprudente,Calle 30 A Sur Carrera 45 A,Jardines,Urbana,"(6.177125457, -75.58608593)"
2163077,10/11/2016,9:45 p.m.,Jueves,Motocicleta,Particular,Motociclista,Masculino,No,Sin Registro,Herido,Atropello,Otra,Calle 37  Sur Carrera 29,La Magnolia,Urbana,"(6.165886877, -75.57955099)"
2163124,11/11/2016,6:40 a.m.,Viernes,Motocicleta,Particular,Motociclista,Masculino,No,Sin Registro,Solo Daños,Choque,No mantener distancia de seguridad,Carrera 43 A Calle 23  Sur,Zuñiga,Urbana,"(6.182555831, -75.58017793)"
2163124,11/11/2016,6:40 a.m.,Viernes,Automovil,Particular,Conductor,Femenino,No,Sin Registro,Solo Daños,Choque,No mantener distancia de seguridad,Carrera 43 A Calle 23  Sur,Zuñiga,Urbana,"(6.182555831, -75.58017793)"
2163132,11/11/2016,8:50 a.m.,Viernes,Motocicleta,Particular,Motociclista,Masculino,No,Sin Registro,Solo Daños,Choque,Adelantar cerrando,Calle 48 E Sur Carrera 42,Loma Del Barro,Urbana,"(6.159800047, -75.59509533)"
2163132,11/11/2016,8:50 a.m.,Viernes,Motocicleta,Particular,Motociclista,Masculino,No,Sin Registro,Solo Daños,Choque,Adelantar cerrando,Calle 48 E Sur Carrera 42,Loma Del Barro,Urbana,"(6.159800047, -75.59509533)"
2163114,11/11/2016,10:10 a.m.,Viernes,Motocicleta,Oficial,Motociclista,Masculino,No,Sin Registro,Herido,Caida Ocupante,Otra,Calle 35 A Sur Carrera 45 B,El Portal,Urbana,"(6.173368676, -75.58983571)"
2163108,11/11/2016,12:20 p.m.,Viernes,Bus,Publico,Conductor,Masculino,No,Sin Registro,Solo Daños,Choque,Adelantar cerrando,Carrera 44 Calle 39  Sur,Alcala,Urbana,"(6.169209151, -75.59008343)"
2163108,11/11/2016,12:20 p.m.,Viernes,Automovil,Particular,Conductor,Masculino,No,Sin Registro,Solo Daños,Choque,Adelantar cerrando,Carrera 44 Calle 39  Sur,Alcala,Urbana,"(6.169209151, -75.59008343)"
2163117,11/11/2016,1:20 p.m.,Viernes,Camioneta,Particular,Conductor,Masculino,No,Sin Registro,Solo Daños,Choque,Desobedecer senales,Calle 40  Sur Carrera 46 A,Alcala,Urbana,"(6.169204277, -75.59429539)"
2163117,11/11/2016,1:20 p.m.,Viernes,Automovil,Particular,Conductor,Masculino,No,Sin Registro,Solo Daños,Choque,Desobedecer senales,Calle 40  Sur Carrera 46 A,Alcala,Urbana,"(6.169204277, -75.59429539)"
2163129,11/11/2016,3:40 p.m.,Viernes,Camioneta,Particular,Conductor,Masculino,No,Sin Registro,Solo Daños,Choque,Adelantar en zona prohibida,Calle 39 A Sur Carrera 46,Alcala,Urbana,"(6.170082274, -75.59291438)"
2163129,11/11/2016,3:40 p.m.,Viernes,Motocicleta,Particular,Motociclista,Masculino,No,Sin Registro,Solo Daños,Choque,Adelantar en zona prohibida,Calle 39 A Sur Carrera 46,Alcala,Urbana,"(6.170082274, -75.59291438)"
2163148,11/11/2016,4:40 p.m.,Viernes,Automovil,Particular,Conductor,Masculino,No,Sin Registro,Solo Daños,Choque,No mantener distancia de seguridad,Tramo 372 Kilometro  19,Vereda Palmas,Rural,
2163128,11/11/2016,5:00 p.m.,Viernes,Automovil,Particular,Conductor,Femenino,No,Sin Registro,Solo Daños,Choque,No mantener distancia de seguridad,Calle 37  Sur Carrera 49,Las Vegas,Urbana,"(6.174789471, -75.59420424)"
2163128,11/11/2016,5:00 p.m.,Viernes,Motocicleta,Particular,Motociclista,Masculino,No,Sin Registro,Solo Daños,Choque,No mantener distancia de seguridad,Calle 37  Sur Carrera 49,Las Vegas,Urbana,"(6.174789471, -75.59420424)"
2163112,11/11/2016,5:40 p.m.,Viernes,Motocicleta,Particular,Motociclista,Masculino,No,Sin Registro,Solo Daños,Choque,Adelantar en zona prohibida,Carrera 50 Calle 25 A Sur,Las Vegas,Urbana,"(6.186515998, -75.58512541)"
2163112,11/11/2016,5:40 p.m.,Viernes,Motocicleta,Particular,Motociclista,Masculino,No,Sin Registro,Solo Daños,Choque,Adelantar en zona prohibida,Carrera 50 Calle 25 A Sur,Las Vegas,Urbana,"(6.186515998, -75.58512541)"
2163127,11/11/2016,5:50 p.m.,Viernes,Campero,Particular,Conductor,Femenino,No,Sin Registro,Solo Daños,Choque,Adelantar cerrando,Calle 39  Sur Carrera 29 A,San Jose,Urbana,"(6.164019418, -75.58120807)"
2163127,11/11/2016,5:50 p.m.,Viernes,Automovil,Particular,Conductor,Masculino,No,Sin Registro,Solo Daños,Choque,Adelantar cerrando,Calle 39  Sur Carrera 29 A,San Jose,Urbana,"(6.164019418, -75.58120807)"
2163130,11/11/2016,6:05 p.m.,Viernes,Automovil,Particular,Conductor,Masculino,No,Sin Registro,Solo Daños,Choque,No mantener distancia de seguridad,Tramo 371 Kilometro  12,Vereda Palmas,Rural,
2163130,11/11/2016,6:05 p.m.,Viernes,Camioneta,Particular,Conductor,Masculino,No,Sin Registro,Solo Daños,Choque,No mantener distancia de seguridad,Tramo 371 Kilometro  12,Vereda Palmas,Rural,
2163100,11/11/2016,6:10 p.m.,Viernes,Automovil,Publico,Conductor,Masculino,No,Sin Registro,Herido,Choque,Otra,Calle 38  Sur Carrera 31,Mesa,Urbana,"(6.165577674, -75.58112182)"
2163100,11/11/2016,6:10 p.m.,Viernes,Motocicleta,Particular,Motociclista,Masculino,No,Sin Registro,Herido,Choque,Otra,Calle 38  Sur Carrera 31,Mesa,Urbana,"(6.165577674, -75.58112182)"
2163113,11/11/2016,6:40 p.m.,Viernes,Automovil,Publico,Conductor,Masculino,No,Sin Registro,Solo Daños,Choque,No mantener distancia de seguridad,Calle 38 A Sur Carrera 48,Las Vegas,Urbana,"(6.168560755, -75.58701537)"
2163113,11/11/2016,6:40 p.m.,Viernes,Automovil,Publico,Conductor,Masculino,No,Sin Registro,Solo Daños,Choque,No mantener distancia de seguridad,Calle 38 A Sur Carrera 48,Las Vegas,Urbana,"(6.168560755, -75.58701537)"
2163104,11/11/2016,7:50 p.m.,Viernes,Motocicleta,Particular,Motociclista,Masculino,No,Sin Registro,Herido,Choque,Desobedecer senales,Transversal 32 C Sur Diagonal 32,La Magnolia,Urbana,"(6.175116463, -75.58238464)"
2163104,11/11/2016,7:50 p.m.,Viernes,Automovil,Particular,Conductor,Masculino,No,Sin Registro,Herido,Choque,Desobedecer senales,Transversal 32 C Sur Diagonal 32,La Magnolia,Urbana,"(6.175116463, -75.58238464)"
2163105,11/11/2016,9:10 p.m.,Viernes,Automovil,Particular,Conductor,Femenino,No,Sin Registro,Herido,Choque,Adelantar por la derecha,Diagonal 31 Transversal 32 A,Las Flores,Urbana,"(6.174681134, -75.57847104)"
2163105,11/11/2016,9:10 p.m.,Viernes,Motocicleta,Particular,Motociclista,Femenino,No,Sin Registro,Herido,Choque,Adelantar por la derecha,Diagonal 31 Transversal 32 A,Las Flores,Urbana,"(6.174681134, -75.57847104)"
2163167,11/11/2016,10:50 p.m.,Viernes,Automovil,Publico,Conductor,Masculino,No,Sin Registro,Solo Daños,Choque,No mantener distancia de seguridad,Carrera 43 A Calle 39  Sur,Zona Centro,Urbana,"(6.169011071, -75.5894849)"
2163167,11/11/2016,10:50 p.m.,Viernes,Automovil,Publico,Conductor,Masculino,No,Sin Registro,Solo Daños,Choque,No mantener distancia de seguridad,Carrera 43 A Calle 39  Sur,Zona Centro,Urbana,"(6.169011071, -75.5894849)"
2163521,12/11/2016,7:00 a.m.,Sábado,Automovil,Publico,Conductor,Masculino,No,Sin Registro,Solo Daños,Choque,Otra,Tramo 372 Kilometro  16,Vereda Palmas,Rural,
2163521,12/11/2016,7:00 a.m.,Sábado,Camioneta,Particular,Conductor,Sin registro,No,Sin Registro,Solo Daños,Choque,Otra,Tramo 372 Kilometro  16,Vereda Palmas,Rural,
2163465,12/11/2016,8:45 a.m.,Sábado,Camioneta,Publico,Conductor,Masculino,No,Sin Registro,Solo Daños,Choque,Otra,Calle 36  Sur Carrera 49,Sin Registro,Urbana,
2163465,12/11/2016,8:45 a.m.,Sábado,Campero,Particular,Conductor,Sin registro,No,Sin Registro,Solo Daños,Choque,Otra,Calle 36  Sur Carrera 49,Sin Registro,Urbana,
2163166,12/11/2016,10:00 a.m.,Sábado,Camioneta,Particular,Conductor,Masculino,No,Sin Registro,Solo Daños,Choque,Impericia en el manejo,Calle 25  Sur Carrera 42 B,Las Orquideas,Urbana,"(6.179561127, -75.57986633)"
2163166,12/11/2016,10:00 a.m.,Sábado,Automovil,Particular,Conductor,Masculino,No,Sin Registro,Solo Daños,Choque,Impericia en el manejo,Calle 25  Sur Carrera 42 B,Las Orquideas,Urbana,"(6.179561127, -75.57986633)"
2163140,12/11/2016,10:05 a.m.,Sábado,Automovil,Particular,Conductor,Masculino,No,Sin Registro,Herido,Choque,No respetar pelacion de interseccion o giros,Diagonal 40 Transversal 41,Obrero,Urbana,
2163140,12/11/2016,10:05 a.m.,Sábado,Motocicleta,Particular,Motociclista,Femenino,No,Sin Registro,Herido,Choque,No respetar pelacion de interseccion o giros,Diagonal 40 Transversal 41,Obrero,Urbana,
2163139,12/11/2016,11:00 a.m.,Sábado,Camioneta,Particular,Conductor,Masculino,No,Sin Registro,Solo Daños,Choque,Estacionar sin seguridad,Diagonal 31 A Transversal 34 F,La Sebastiana,Urbana,"(6.170512058, -75.57998573)"
2163139,12/11/2016,11:00 a.m.,Sábado,Camion,Publico,Conductor,Masculino,No,Sin Registro,Solo Daños,Choque,Estacionar sin seguridad,Diagonal 31 A Transversal 34 F,La Sebastiana,Urbana,"(6.170512058, -75.57998573)"
2163099,12/11/2016,1:20 p.m.,Sábado,Automovil,Particular,Conductor,Masculino,No,Sin Registro,Solo Daños,Choque,No mantener distancia de seguridad,Calle 40 B Sur Carrera 37,El Dorado,Urbana,"(6.164256506, -75.58642)"
2163099,12/11/2016,1:20 p.m.,Sábado,Automovil,Publico,Conductor,Masculino,No,Sin Registro,Solo Daños,Choque,No mantener distancia de seguridad,Calle 40 B Sur Carrera 37,El Dorado,Urbana,"(6.164256506, -75.58642)"
2163098,12/11/2016,2:15 p.m.,Sábado,Automovil,Particular,Conductor,Femenino,No,Sin Registro,Herido,Atropello,Otra,Calle 40 F Sur Carrera 25,Sin Registro,Urbana,"(6.153189897, -75.58381114)"