RADICADO,FECHA,HORA,DÍA DE LA SEMANA,CLASE DE VEHICULO,TIPO DE SERVICIO,TIPO DE VICTIMA,SEXO,ESTADO DE BEODEZ,RESULTADO DE BEODEZ,GRAVEDAD,CLASE DE ACCIDENTE,CAUSA,DIRECCIÓN,BARRIO,AREA,Coordenadas
2163110,12/11/2016,4:30 p.m.,Sábado,Automovil,Particular,Conductor,Femenino,No,Sin Registro,Solo Daños,Choque,No mantener distancia de seguridad,Carrera 50 Calle 28  Sur,Las Vegas,Urbana,
2163110,12/11/2016,4:30 p.m.,Sábado,Bus,Publico,Conductor,Masculino,No,Sin Registro,Solo Daños,Choque,No mantener distancia de seguridad,Carrera 50 Calle 28  Sur,Las Vegas,Urbana,
2163106,12/11/2016,5:30 p.m.,Sábado,Automovil,Particular,Conductor,Masculino,No,Sin Registro,Herido,Choque,Otra,Calle 38  Sur Carrera 34,Mesa,Urbana,"(6.166700674, -75.58264033)"
2163106,12/11/2016,5:30 p.m.,Sábado,Motocicleta,Particular,Motociclista,Masculino,No,Sin Registro,Herido,Choque,Otra,Calle 38  Sur Carrera 34,Mesa,Urbana,"(6.166700674, -75.58264033)"
2163103,12/11/2016,6:30 p.m.,Sábado,Motocicleta,Particular,Motociclista,Masculino,No,Sin Registro,Herido,Atropello,Semaforo en rojo,Calle 37  Sur Carrera 41,Zona Centro,Urbana,"(6.169855492, -75.58619601)"
2163111,12/11/2016,6:40 p.m.,Sábado,Motocicleta,Particular,Motociclista,Masculino,Si,3,Solo Daños,Choque,Embriaguez o droga,Calle 25  Sur Carrera 49,Las Vegas,Urbana,
2163111,12/11/2016,6:40 p.m.,Sábado,Automovil,Particular,Conductor,Masculino,No,Sin Registro,Solo Daños,Choque,Embriaguez o droga,Calle 25  Sur Carrera 49,Las Vegas,Urbana,
2163161,12/11/2016,6:45 p.m.,Sábado,Automovil,Particular,Conductor,Masculino,No,Sin Registro,Solo Daños,Choque,Adelantar cerrando,Calle 38  Sur Carrera 40 A,Zona Centro,Urbana,"(6.169040015, -75.58626825)"
2163161,12/11/2016,6:45 p.m.,Sábado,Automovil,Particular,Conductor,Masculino,No,Sin Registro,Solo Daños,Choque,Adelantar cerrando,Calle 38  Sur Carrera 40 A,Zona Centro,Urbana,"(6.169040015, -75.58626825)"
2163144,11/13/2016,2:10 a.m.,Domingo,Automovil,Particular,Conductor,Masculino,No,Sin Registro,Herido,Atropello,Otra,Calle 40 DD Sur Carrera 42,El Dorado,Urbana,"(6.165700924, -75.58924551)"
2163109,11/13/2016,3:50 a.m.,Domingo,Automovil,Publico,Conductor,Masculino,No,Sin Registro,Solo Daños,Choque,Reverso imprudente,Carrera 40 B Calle 52 B Sur,La Inmaculada,Urbana,"(6.156207212, -75.60199313)"
2163109,11/13/2016,3:50 a.m.,Domingo,Automovil,Particular,Conductor,Femenino,No,Sin Registro,Solo Daños,Choque,Reverso imprudente,Carrera 40 B Calle 52 B Sur,La Inmaculada,Urbana,"(6.156207212, -75.60199313)"
2163165,11/13/2016,6:00 a.m.,Domingo,Automovil,Particular,Conductor,Masculino,No,Sin Registro,Solo Daños,Choque,Impericia en el manejo,Calle 27  Sur Carrera 28,Zuñiga,Urbana,"(6.175346318, -75.5745834)"
2163377,11/13/2016,9:00 a.m.,Domingo,Automovil,Publico,Conductor,Masculino,No,Sin Registro,Solo Daños,Choque,Otra,Calle 37  Sur Carrera 43 A,Sin Registro,Urbana,"(6.171151654, -75.58815663)"
2163377,11/13/2016,9:00 a.m.,Domingo,Motocicleta,Particular,Motociclista,Femenino,No,Sin Registro,Solo Daños,Choque,Otra,Calle 37  Sur Carrera 43 A,Sin Registro,Urbana,"(6.171151654, -75.58815663)"
2163143,11/13/2016,10:40 a.m.,Domingo,Automovil,Particular,Conductor,Masculino,No,Sin Registro,Solo Daños,Choque,Impericia en el manejo,Calle 39  Sur Carrera 35,Mesa,Urbana,"(6.165647651, -75.58402953)"
2163143,11/13/2016,10:40 a.m.,Domingo,Automovil,Publico,Conductor,Masculino,No,Sin Registro,Solo Daños,Choque,Impericia en el manejo,Calle 39  Sur Carrera 35,Mesa,Urbana,"(6.165647651, -75.58402953)"
2163138,11/13/2016,2:00 p.m.,Domingo,Automovil,Particular,Conductor,Femenino,No,Sin Registro,Solo Daños,Choque,No respetar prelacion,Calle 38  Sur Carrera 42,Zona Centro,Urbana,"(6.16961293, -75.58738469)"
2163138,11/13/2016,2:00 p.m.,Domingo,Automovil,Particular,Conductor,Masculino,No,Sin Registro,Solo Daños,Choque,No respetar prelacion,Calle 38  Sur Carrera 42,Zona Centro,Urbana,"(6.16961293, -75.58738469)"
2163119,11/13/2016,3:30 p.m.,Domingo,Automovil,Diplomatico,Conductor,Masculino,No,Sin Registro,Solo Daños,Choque,Girar bruscamente,Calle 40  Sur Carrera 45,Alcala,Urbana,"(6.168378422, -75.59154781)"
2163119,11/13/2016,3:30 p.m.,Domingo,Automovil,Publico,Conductor,Masculino,No,Sin Registro,Solo Daños,Choque,Girar bruscamente,Calle 40  Sur Carrera 45,Alcala,Urbana,"(6.168378422, -75.59154781)"
2163131,11/13/2016,3:30 p.m.,Domingo,Campero,Particular,Conductor,Masculino,No,Sin Registro,Solo Daños,Choque,Superficie humeda,Calle 45 B Sur Carrera 42 B,La Paz,Urbana,"(6.163155121, -75.59370839)"
2163131,11/13/2016,3:30 p.m.,Domingo,Motocicleta,Particular,Motociclista,Masculino,No,Sin Registro,Solo Daños,Choque,Superficie lisa,Calle 45 B Sur Carrera 42 B,La Paz,Urbana,"(6.163155121, -75.59370839)"
2163131,11/13/2016,3:30 p.m.,Domingo,Motocicleta,Particular,Motociclista,Masculino,No,Sin Registro,Solo Daños,Choque,Superficie humeda,Calle 45 B Sur Carrera 42 B,La Paz,Urbana,"(6.163155121, -75.59370839)"
2163131,11/13/2016,3:30 p.m.,Domingo,Motocicleta,Particular,Motociclista,Femenino,No,Sin Registro,Solo Daños,Choque,Superficie lisa,Calle 45 B Sur Carrera 42 B,La Paz,Urbana,"(6.163155121, -75.59370839)"
2163131,11/13/2016,3:30 p.m.,Domingo,Motocicleta,Particular,Motociclista,Femenino,No,Sin Registro,Solo Daños,Choque,Superficie humeda,Calle 45 B Sur Carrera 42 B,La Paz,Urbana,"(6.163155121, -75.59370839)"
2163131,11/13/2016,3:30 p.m.,Domingo,Campero,Particular,Conductor,Masculino,No,Sin Registro,Solo Daños,Choque,Superficie lisa,Calle 45 B Sur Carrera 42 B,La Paz,Urbana,"(6.163155121, -75.59370839)"
2163156,11/13/2016,4:10 p.m.,Domingo,Automovil,Particular,Conductor,Femenino,No,Sin Registro,Solo Daños,Choque,Desobedecer senales,Carrera 48 Calle 38  Sur,Las Vegas,Urbana,"(6.172747818, -75.59269817)"
2163156,11/13/2016,4:10 p.m.,Domingo,Automovil,Particular,Conductor,Femenino,No,Sin Registro,Solo Daños,Choque,Desobedecer senales,Carrera 48 Calle 38  Sur,Las Vegas,Urbana,"(6.172747818, -75.59269817)"
2163116,11/13/2016,8:10 p.m.,Domingo,Camioneta,Particular,Conductor,Masculino,No,Sin Registro,Solo Daños,Choque,No mantener distancia de seguridad,Carrera 42 Calle 48 E Sur,Loma Del Barro,Urbana,
2163116,11/13/2016,8:10 p.m.,Domingo,Camioneta,Particular,Conductor,Masculino,No,Sin Registro,Solo Daños,Choque,No mantener distancia de seguridad,Carrera 42 Calle 48 E Sur,Loma Del Barro,Urbana,
2163147,11/14/2016,2:20 a.m.,Lunes,Automovil,Publico,Conductor,Masculino,No,Sin Registro,Solo Daños,Choque,Exceso de velocidad,Carrera 43 A Calle 38  Sur,Zona Centro,Urbana,"(6.170421178, -75.58859877)"
2163147,11/14/2016,2:20 a.m.,Lunes,Motocicleta,Particular,Motociclista,Masculino,No,Sin Registro,Solo Daños,Choque,Exceso de velocidad,Carrera 43 A Calle 38  Sur,Zona Centro,Urbana,"(6.170421178, -75.58859877)"
2163107,11/14/2016,12:15 p.m.,Lunes,Motocicleta,Particular,Motociclista,Masculino,No,Sin Registro,Herido,Choque,Transitar entre vehiculos,Carrera 50 Calle 39 B Sur,Las Vegas,Urbana,
2163107,11/14/2016,12:15 p.m.,Lunes,Campero,Particular,Conductor,Masculino,No,Sin Registro,Herido,Choque,Transitar entre vehiculos,Carrera 50 Calle 39 B Sur,Las Vegas,Urbana,
2163137,11/14/2016,2:20 p.m.,Lunes,Automovil,Publico,Conductor,Masculino,No,Sin Registro,Solo Daños,Choque,Desobedecer senales,Diagonal 32 D Transversal 33  Sur,La Magnolia,Urbana,"(6.174101275, -75.58360607)"
2163137,11/14/2016,2:20 p.m.,Lunes,Automovil,Particular,Conductor,Masculino,No,Sin Registro,Solo Daños,Choque,Desobedecer senales,Diagonal 32 D Transversal 33  Sur,La Magnolia,Urbana,"(6.174101275, -75.58360607)"
2163121,11/14/2016,4:20 p.m.,Lunes,Camioneta,Particular,Conductor,Femenino,No,Sin Registro,Solo Daños,Choque,No mantener distancia de seguridad,Carrera 27 Calle 35  Sur,El Chocho,Urbana,
2163121,11/14/2016,4:20 p.m.,Lunes,Camioneta,Particular,Conductor,Masculino,No,Sin Registro,Solo Daños,Choque,No mantener distancia de seguridad,Carrera 27 Calle 35  Sur,El Chocho,Urbana,
2163136,11/14/2016,4:20 p.m.,Lunes,Automovil,Particular,Conductor,Masculino,No,Sin Registro,Solo Daños,Choque,No mantener distancia de seguridad,Diagonal 31 D Transversal 35 B,La Sebastiana,Urbana,"(6.176680777, -75.58109194)"
2163136,11/14/2016,4:20 p.m.,Lunes,Automovil,Oficial,Conductor,Masculino,No,Sin Registro,Solo Daños,Choque,No mantener distancia de seguridad,Diagonal 31 D Transversal 35 B,La Sebastiana,Urbana,"(6.176680777, -75.58109194)"
2163115,11/14/2016,5:00 p.m.,Lunes,Automovil,Particular,Conductor,Femenino,No,Sin Registro,Solo Daños,Choque,Exceso de velocidad,Tramo 181 Kilometro  1,Vereda El Escobero,Rural,
2163115,11/14/2016,5:00 p.m.,Lunes,Campero,Particular,Conductor,Femenino,No,Sin Registro,Solo Daños,Choque,Exceso de velocidad,Tramo 181 Kilometro  1,Vereda El Escobero,Rural,
2163134,11/14/2016,5:50 p.m.,Lunes,Automovil,Particular,Conductor,Masculino,No,Sin Registro,Herido,Atropello,Cruzar sin observar,Carrera 27 Calle 40 B Sur,La Mina,Urbana,"(6.157824846, -75.58161391)"
2163123,11/14/2016,7:40 p.m.,Lunes,Automovil,Particular,Conductor,Masculino,No,Sin Registro,Solo Daños,Choque,Adelantar en zona prohibida,Carrera 40 Calle 40  Sur,El Dorado,Urbana,"(6.166408442, -75.58741325)"
2163123,11/14/2016,7:40 p.m.,Lunes,Motocicleta,Particular,Motociclista,Masculino,No,Sin Registro,Solo Daños,Choque,Adelantar en zona prohibida,Carrera 40 Calle 40  Sur,El Dorado,Urbana,"(6.166408442, -75.58741325)"
2163142,11/14/2016,8:30 p.m.,Lunes,Camioneta,Particular,Conductor,Masculino,No,Sin Registro,Solo Daños,Choque,Otra,Calle 37  Sur Carrera 49,Sin Registro,Urbana,"(6.174789471, -75.59420424)"
2163142,11/14/2016,8:30 p.m.,Lunes,Automovil,Particular,Conductor,Masculino,No,Sin Registro,Solo Daños,Choque,Otra,Calle 37  Sur Carrera 49,Sin Registro,Urbana,"(6.174789471, -75.59420424)"
2163142,11/14/2016,8:30 p.m.,Lunes,Automovil,Particular,Conductor,Masculino,No,Sin Registro,Solo Daños,Choque,Otra,Calle 37  Sur Carrera 49,Sin Registro,Urbana,"(6.174789471, -75.59420424)"
2163101,11/15/2016,12:15 a.m.,Martes,Motocicleta,Particular,Motociclista,Masculino,No,Sin Registro,Herido,Choque,Semaforo en rojo,Calle 37  Sur Carrera 48,Glorieta Peldar,Urbana,"(6.17412211, -75.59306111)"
2163101,11/15/2016,12:15 a.m.,Martes,Automovil,Particular,Conductor,Masculino,No,Sin Registro,Herido,Choque,Semaforo en rojo,Calle 37  Sur Carrera 48,Glorieta Peldar,Urbana,"(6.17412211, -75.59306111)"
2163125,11/15/2016,6:05 a.m.,Martes,Camioneta,Particular,Conductor,Masculino,No,Sin Registro,Solo Daños,Choque,Impericia en el manejo,Calle 36 D Sur Carrera 27 D,Vereda El Escobero,Urbana,"(6.164970853, -75.57463727)"
2163125,11/15/2016,6:05 a.m.,Martes,Camioneta,Particular,Conductor,Masculino,No,Sin Registro,Solo Daños,Choque,Exceso de velocidad,Calle 36 D Sur Carrera 27 D,Vereda El Escobero,Urbana,"(6.164970853, -75.57463727)"
2163146,11/15/2016,8:10 a.m.,Martes,Automovil,Particular,Conductor,Femenino,No,Sin Registro,Solo Daños,Choque,No mantener distancia de seguridad,Carrera 49 Calle 46  Sur,Las Vegas,Urbana,"(6.166966077, -75.60088817)"
2163146,11/15/2016,8:10 a.m.,Martes,Motocicleta,Particular,Motociclista,Masculino,No,Sin Registro,Solo Daños,Choque,No mantener distancia de seguridad,Carrera 49 Calle 46  Sur,Las Vegas,Urbana,"(6.166966077, -75.60088817)"
2163126,11/15/2016,9:05 a.m.,Martes,Camioneta,Particular,Conductor,Masculino,No,Sin Registro,Solo Daños,Choque,Adelantar cerrando,Carrera 43 A Calle 38  Sur,Zona Centro,Urbana,"(6.170421178, -75.58859877)"
2163126,11/15/2016,9:05 a.m.,Martes,Campero,Particular,Conductor,Masculino,No,Sin Registro,Solo Daños,Choque,Adelantar cerrando,Carrera 43 A Calle 38  Sur,Zona Centro,Urbana,"(6.170421178, -75.58859877)"
2163120,11/15/2016,9:20 a.m.,Martes,Bus,Publico,Conductor,Masculino,No,Sin Registro,Solo Daños,Choque,Transitar entre vehiculos,Carrera 50 Calle 19 A Sur,Las Vegas,Urbana,
2163120,11/15/2016,9:20 a.m.,Martes,Motocicleta,Particular,Motociclista,Masculino,No,Sin Registro,Solo Daños,Choque,Transitar entre vehiculos,Carrera 50 Calle 19 A Sur,Las Vegas,Urbana,
2163133,11/15/2016,10:10 a.m.,Martes,Automovil,Particular,Conductor,Femenino,No,Sin Registro,Herido,Choque,No mantener distancia de seguridad,Carrera 50 Calle 46 A Sur,Las Vegas,Urbana,"(6.16131219, -75.60319818)"
2163133,11/15/2016,10:10 a.m.,Martes,Camioneta,Particular,Conductor,Masculino,No,Sin Registro,Herido,Choque,No mantener distancia de seguridad,Carrera 50 Calle 46 A Sur,Las Vegas,Urbana,"(6.16131219, -75.60319818)"
2163141,11/15/2016,12:00 p.m.,Martes,Automovil,Particular,Conductor,Masculino,No,Sin Registro,Solo Daños,Choque,No respetar prelacion,Carrera 50 Calle 37  Sur,Las Vegas,Urbana,
2163158,11/15/2016,12:20 p.m.,Martes,Motocicleta,Particular,Motociclista,Masculino,No,Sin Registro,Solo Daños,Choque,Adelantar por la derecha,Calle 37  Sur Carrera 42,Zona Centro,Urbana,"(6.17029993, -75.58693548)"
2163158,11/15/2016,12:20 p.m.,Martes,Camioneta,Particular,Conductor,Masculino,No,Sin Registro,Solo Daños,Choque,Adelantar por la derecha,Calle 37  Sur Carrera 42,Zona Centro,Urbana,"(6.17029993, -75.58693548)"
2163168,11/15/2016,12:20 p.m.,Martes,Automovil,Particular,Conductor,Femenino,No,Sin Registro,Solo Daños,Choque,Adelantar en zona prohibida,Calle 39  Sur Carrera 28,Sin Registro,Urbana,"(6.160790572, -75.57942846)"
2163168,11/15/2016,12:20 p.m.,Martes,Motocicleta,Particular,Motociclista,Masculino,No,Sin Registro,Solo Daños,Choque,Adelantar en zona prohibida,Calle 39  Sur Carrera 28,Sin Registro,Urbana,"(6.160790572, -75.57942846)"
2163172,11/15/2016,12:40 p.m.,Martes,Camioneta,Particular,Conductor,Masculino,No,Sin Registro,Solo Daños,Choque,Girar bruscamente,Carrera 41 Calle 40 B Sur,El Dorado,Urbana,"(6.166298108, -75.58821929)"
2163172,11/15/2016,12:40 p.m.,Martes,Camioneta,Publico,Conductor,Masculino,No,Sin Registro,Solo Daños,Choque,Girar bruscamente,Carrera 41 Calle 40 B Sur,El Dorado,Urbana,"(6.166298108, -75.58821929)"
2163149,11/15/2016,2:00 p.m.,Martes,Campero,Diplomatico,Conductor,Masculino,No,Sin Registro,Solo Daños,Choque,Reverso imprudente,Carrera 35  Sur Calle 40  Sur,Zona Centro,Urbana,"(6.170898217, -75.58463009)"
2163149,11/15/2016,2:00 p.m.,Martes,Camioneta,Particular,Conductor,Femenino,No,Sin Registro,Solo Daños,Choque,Reverso imprudente,Carrera 35  Sur Calle 40  Sur,Zona Centro,Urbana,"(6.170898217, -75.58463009)"
2163135,11/15/2016,2:20 p.m.,Martes,Automovil,Particular,Conductor,Masculino,No,Sin Registro,Herido,Choque,Impericia en el manejo,Tramo 371 Kilometro  6,Sin Registro,Rural,
2163160,11/15/2016,7:30 p.m.,Martes,Automovil,Particular,Conductor,Femenino,No,Sin Registro,Solo Daños,Choque,Otra,Carrera 50 Calle 37  Sur,Las Vegas,Urbana,
2163160,11/15/2016,7:30 p.m.,Martes,Motocicleta,Particular,Motociclista,Masculino,No,Sin Registro,Solo Daños,Choque,Otra,Carrera 50 Calle 37  Sur,Las Vegas,Urbana,
2163122,11/15/2016,8:45 p.m.,Martes,Automovil,Particular,Conductor,Femenino,No,Sin Registro,Solo Daños,Choque,No respetar prelacion,Tramo 371 Kilometro  5,Vereda Palmas,Rural,
2163122,11/15/2016,8:45 p.m.,Martes,Automovil,Particular,Conductor,Femenino,No,Sin Registro,Solo Daños,Choque,No respetar prelacion,Tramo 371 Kilometro  5,Vereda Palmas,Rural,
2163151,11/16/2016,6:25 a.m.,Miércoles,Automovil,Publico,Conductor,Masculino,No,Sin Registro,Solo Daños,Choque,Otra,Calle 38 A Sur Carrera 36,Mesa,Urbana,"(6.166666222, -75.58411827)"
2163151,11/16/2016,6:25 a.m.,Miércoles,Automovil,Particular,Conductor,Masculino,No,Sin Registro,Solo Daños,Choque,Otra,Calle 38 A Sur Carrera 36,Mesa,Urbana,"(6.166666222, -75.58411827)"
2163150,11/16/2016,7:10 a.m.,Miércoles,Camioneta,Particular,Conductor,Masculino,No,Sin Registro,Herido,Choque,No mantener distancia de seguridad,Tramo 371 Kilometro  10,Vereda El Escobero,Rural,
2163150,11/16/2016,7:10 a.m.,Miércoles,Motocicleta,Particular,Motociclista,Masculino,No,Sin Registro,Herido,Choque,No mantener distancia de seguridad,Tramo 371 Kilometro  10,Vereda El Escobero,Rural,
2163152,11/16/2016,9:45 a.m.,Miércoles,Automovil,Particular,Conductor,Femenino,No,Sin Registro,Solo Daños,Choque,Impericia en el manejo,Carrera 49 Calle 36  Sur,Las Vegas,Urbana,"(6.176317818, -75.59256724)"
2163152,11/16/2016,9:45 a.m.,Miércoles,Tractocamion,Publico,Conductor,Masculino,No,Sin Registro,Solo Daños,Choque,Impericia en el manejo,Carrera 49 Calle 36  Sur,Las Vegas,Urbana,"(6.176317818, -75.59256724)"
2163154,11/16/2016,10:00 a.m.,Miércoles,Camioneta,Particular,Conductor,Masculino,No,Sin Registro,Solo Daños,Choque,No respetar prelacion,Carrera 48 Calle 38  Sur,Las Vegas,Urbana,"(6.172747818, -75.59269817)"
2163154,11/16/2016,10:00 a.m.,Miércoles,Camion,Publico,Conductor,Masculino,No,Sin Registro,Solo Daños,Choque,No respetar prelacion,Carrera 48 Calle 38  Sur,Las Vegas,Urbana,"(6.172747818, -75.59269817)"
2163155,11/16/2016,10:10 a.m.,Miércoles,Camion,Publico,Conductor,Masculino,No,Sin Registro,Solo Daños,Choque,Fallas en los frenos,Calle 39  Sur Carrera 48,Alcala,Urbana,"(6.17373153, -75.59688397)"
2163155,11/16/2016,10:10 a.m.,Miércoles,Camion,Publico,Conductor,Masculino,No,Sin Registro,Solo Daños,Choque,Fallas en los frenos,Calle 39  Sur Carrera 48,Alcala,Urbana,"(6.17373153, -75.59688397)"
2163155,11/16/2016,10:10 a.m.,Miércoles,Automovil,Particular,Conductor,Masculino,No,Sin Registro,Solo Daños,Choque,Fallas en los frenos,Calle 39  Sur Carrera 48,Alcala,Urbana,"(6.17373153, -75.59688397)"
2163159,11/16/2016,11:20 a.m.,Miércoles,Campero,Particular,Conductor,Femenino,No,Sin Registro,Solo Daños,Choque,Adelantar cerrando,Calle 38 A Sur Carrera 43,Zona Centro,Urbana,"(6.169370628, -75.5883151)"
2163159,11/16/2016,11:20 a.m.,Miércoles,Automovil,Particular,Conductor,Femenino,No,Sin Registro,Solo Daños,Choque,Adelantar cerrando,Calle 38 A Sur Carrera 43,Zona Centro,Urbana,"(6.169370628, -75.5883151)"
2163164,11/16/2016,11:30 a.m.,Miércoles,Campero,Particular,Conductor,Femenino,No,Sin Registro,Solo Daños,Choque,No respetar pelacion de interseccion o giros,Calle 37  Sur Carrera 50,Las Vegas,Urbana,
2163164,11/16/2016,11:30 a.m.,Miércoles,Automovil,Particular,Conductor,Masculino,No,Sin Registro,Solo Daños,Choque,No respetar pelacion de interseccion o giros,Calle 37  Sur Carrera 50,Las Vegas,Urbana,
2163163,11/16/2016,12:30 p.m.,Miércoles,Automovil,Particular,Conductor,Masculino,No,Sin Registro,Solo Daños,Choque,Estacionar sin seguridad,Calle 38  Sur Carrera 47,Alcala,Urbana,"(6.172469073, -75.59209252)"
2163163,11/16/2016,12:30 p.m.,Miércoles,Campero,Particular,Conductor,Masculino,No,Sin Registro,Solo Daños,Choque,Estacionar sin seguridad,Calle 38  Sur Carrera 47,Alcala,Urbana,"(6.172469073, -75.59209252)"
2163175,11/16/2016,12:40 p.m.,Miércoles,Campero,Particular,Conductor,Masculino,No,Sin Registro,Solo Daños,Choque,Impericia en el manejo,Calle 35  Sur Carrera 39,Obrero,Urbana,"(6.170534598, -75.58418107)"
2163175,11/16/2016,12:40 p.m.,Miércoles,Camioneta,Publico,Conductor,Masculino,No,Sin Registro,Solo Daños,Choque,Impericia en el manejo,Calle 35  Sur Carrera 39,Obrero,Urbana,"(6.170534598, -75.58418107)"
2163181,11/16/2016,4:00 p.m.,Miércoles,Motocicleta,Particular,Motociclista,Masculino,No,Sin Registro,Solo Daños,Choque,Reverso imprudente,Carrera 30 Calle 39 B Sur,San Jose,Urbana,"(6.163159855, -75.58189547)"
2163181,11/16/2016,4:00 p.m.,Miércoles,Automovil,Particular,Conductor,Femenino,No,Sin Registro,Solo Daños,Choque,Reverso imprudente,Carrera 30 Calle 39 B Sur,San Jose,Urbana,"(6.163159855, -75.58189547)"
2163177,11/16/2016,4:25 p.m.,Miércoles,Automovil,Publico,Conductor,Masculino,No,Sin Registro,Solo Daños,Choque,Desobedecer senales,Calle 38 A Sur Carrera 36,Mesa,Urbana,"(6.166666222, -75.58411827)"
2163177,11/16/2016,4:25 p.m.,Miércoles,Automovil,Particular,Conductor,Femenino,No,Sin Registro,Solo Daños,Choque,Desobedecer senales,Calle 38 A Sur Carrera 36,Mesa,Urbana,"(6.166666222, -75.58411827)"
2163180,11/16/2016,5:00 p.m.,Miércoles,Automovil,Particular,Conductor,Masculino,No,Sin Registro,Solo Daños,Choque,Girar bruscamente,Carrera 43 A Calle 48 C Sur,Las Casitas,Urbana,"(6.162218777, -75.59764446)"
2163180,11/16/2016,5:00 p.m.,Miércoles,Camion,Particular,Conductor,Masculino,No,Sin Registro,Solo Daños,Choque,Girar bruscamente,Carrera 43 A Calle 48 C Sur,Las Casitas,Urbana,"(6.162218777, -75.59764446)"
2163178,11/16/2016,6:50 p.m.,Miércoles,Automovil,Particular,Conductor,Masculino,No,Sin Registro,Solo Daños,Choque,No respetar prelacion,Tramo 371 Kilometro  5,Vereda Palmas,Rural,
2163178,11/16/2016,6:50 p.m.,Miércoles,Campero,Particular,Conductor,Masculino,No,Sin Registro,Solo Daños,Choque,No respetar prelacion,Tramo 371 Kilometro  5,Vereda Palmas,Rural,
2163171,11/16/2016,8:30 p.m.,Miércoles,Motocicleta,Particular,Motociclista,Masculino,No,Sin Registro,Herido,Choque,Desobedecer senales,Calle 45 B Sur Carrera 43,La Paz,Urbana,"(6.164485785, -75.59467842)"
2163171,11/16/2016,8:30 p.m.,Miércoles,Bicicleta,Particular,Ciclista,Masculino,No,Sin Registro,Herido,Choque,Desobedecer senales,Calle 45 B Sur Carrera 43,La Paz,Urbana,"(6.164485785, -75.59467842)"
2163173,11/16/2016,9:50 p.m.,Miércoles,Motocicleta,Particular,Motociclista,Masculino,No,Sin Registro,Solo Daños,Choque,Impericia en el manejo,Calle 38 A Sur Carrera 41,Zona Centro,Urbana,"(6.168560755, -75.58701537)"
2163173,11/16/2016,9:50 p.m.,Miércoles,Motocicleta,Particular,Motociclista,Masculino,No,Sin Registro,Solo Daños,Choque,Impericia en el manejo,Calle 38 A Sur Carrera 41,Zona Centro,Urbana,"(6.168560755, -75.58701537)"
2163173,11/16/2016,9:50 p.m.,Miércoles,Automovil,Particular,Conductor,Masculino,No,Sin Registro,Solo Daños,Choque,Impericia en el manejo,Calle 38 A Sur Carrera 41,Zona Centro,Urbana,"(6.168560755, -75.58701537)"
2163170,11/16/2016,11:40 p.m.,Miércoles,Automovil,Particular,Conductor,Masculino,No,Sin Registro,Solo Daños,Choque,Semaforo en rojo,Carrera 48 Calle 25  Sur,Las Vegas,Urbana,"(6.185059174, -75.58329333)"
2163170,11/16/2016,11:40 p.m.,Miércoles,Motocicleta,Particular,Motociclista,Masculino,No,Sin Registro,Solo Daños,Choque,Semaforo en rojo,Carrera 48 Calle 25  Sur,Las Vegas,Urbana,"(6.185059174, -75.58329333)"
2163169,11/17/2016,1:00 a.m.,Jueves,Automovil,Publico,Conductor,Masculino,No,Sin Registro,Solo Daños,Choque,Semaforo en rojo,Calle 37  Sur Carrera 41,Zona Centro,Urbana,"(6.169855492, -75.58619601)"
2163169,11/17/2016,1:00 a.m.,Jueves,Automovil,Particular,Conductor,Masculino,No,Sin Registro,Solo Daños,Choque,Semaforo en rojo,Calle 37  Sur Carrera 41,Zona Centro,Urbana,"(6.169855492, -75.58619601)"
2163193,11/17/2016,4:40 a.m.,Jueves,Motocicleta,Particular,Motociclista,Masculino,No,Sin Registro,Herido,Choque,No respetar prelacion,Tramo 372 Kilometro  7,Vereda Palmas,Rural,
2163193,11/17/2016,4:40 a.m.,Jueves,Motocicleta,Particular,Motociclista,Masculino,No,Sin Registro,Herido,Choque,No respetar prelacion,Tramo 372 Kilometro  7,Vereda Palmas,Rural,
2163157,11/17/2016,6:10 a.m.,Jueves,Microbus,Publico,Conductor,Masculino,No,Sin Registro,Solo Daños,Choque,No respetar prelacion,Calle 50  Sur Carrera 48,Las Vegas,Urbana,
2163157,11/17/2016,6:10 a.m.,Jueves,Bicicleta,Particular,Ciclista,Masculino,No,Sin Registro,Solo Daños,Choque,No respetar prelacion,Calle 50  Sur Carrera 48,Las Vegas,Urbana,
2163162,11/17/2016,10:15 a.m.,Jueves,Camion,Publico,Conductor,Masculino,No,Sin Registro,Solo Daños,Choque,Reverso imprudente,Calle 24  Sur Carrera 28,Las Vegas,Urbana,
2163162,11/17/2016,10:15 a.m.,Jueves,Automovil,Publico,Conductor,Masculino,No,Sin Registro,Solo Daños,Choque,Reverso imprudente,Calle 24  Sur Carrera 28,Las Vegas,Urbana,
2163153,11/17/2016,10:30 a.m.,Jueves,Camioneta,Particular,Conductor,Masculino,No,Sin Registro,Solo Daños,Choque,Transitar entre vehiculos,Calle 38  Sur Carrera 43 A,Zona Centro,Urbana,"(6.170537577, -75.58862514)"
2163153,11/17/2016,10:30 a.m.,Jueves,Motocicleta,Particular,Motociclista,Masculino,No,Sin Registro,Solo Daños,Choque,Transitar entre vehiculos,Calle 38  Sur Carrera 43 A,Zona Centro,Urbana,"(6.170537577, -75.58862514)"
2163179,11/17/2016,2:40 p.m.,Jueves,Camioneta,Particular,Conductor,Masculino,No,Sin Registro,Solo Daños,Choque,Girar bruscamente,Calle 37  Sur Carrera 41,Zona Centro,Urbana,"(6.169855492, -75.58619601)"