RADICADO,FECHA,HORA,DÍA DE LA SEMANA,CLASE DE VEHICULO,TIPO DE SERVICIO,TIPO DE VICTIMA,SEXO,ESTADO DE BEODEZ,RESULTADO DE BEODEZ,GRAVEDAD,CLASE DE ACCIDENTE,CAUSA,DIRECCIÓN,BARRIO,AREA,Coordenadas
2163179,11/17/2016,2:40 p.m.,Jueves,Camion,Publico,Conductor,Masculino,No,Sin Registro,Solo Daños,Choque,Girar bruscamente,Calle 37  Sur Carrera 41,Zona Centro,Urbana,"(6.169855492, -75.58619601)"
2163174,11/17/2016,2:50 p.m.,Jueves,Automovil,Publico,Conductor,Masculino,No,Sin Registro,Solo Daños,Choque,Desobedecer senales,Calle 38  Sur Carrera 32,Mesa,Urbana,"(6.166011939, -75.58158121)"
2163174,11/17/2016,2:50 p.m.,Jueves,Camioneta,Particular,Conductor,Masculino,No,Sin Registro,Solo Daños,Choque,Desobedecer senales,Calle 38  Sur Carrera 32,Mesa,Urbana,"(6.166011939, -75.58158121)"
2163182,11/17/2016,3:30 p.m.,Jueves,Automovil,Particular,Conductor,Femenino,No,Sin Registro,Solo Daños,Choque,Impericia en el manejo,Calle 36  Sur Carrera 27,El Chocho,Urbana,"(6.167154903, -75.56933697)"
2163176,11/17/2016,4:10 p.m.,Jueves,Bus,Publico,Conductor,Masculino,No,Sin Registro,Solo Daños,Choque,Reverso imprudente,Calle 40 B Sur Carrera 39 A,El Dorado,Urbana,"(6.165386968, -75.58718501)"
2163176,11/17/2016,4:10 p.m.,Jueves,Bus,Publico,Conductor,Masculino,No,Sin Registro,Solo Daños,Choque,Reverso imprudente,Calle 40 B Sur Carrera 39 A,El Dorado,Urbana,"(6.165386968, -75.58718501)"
2163194,11/17/2016,7:50 p.m.,Jueves,Automovil,Particular,Conductor,Sin registro,No,Sin Registro,Solo Daños,Choque,Adelantar cerrando,Calle 38 A Sur Carrera 40,Zona Centro,Urbana,"(6.168097144, -75.58630781)"
2163194,11/17/2016,7:50 p.m.,Jueves,Automovil,Particular,Conductor,Masculino,No,Sin Registro,Solo Daños,Choque,Adelantar cerrando,Calle 38 A Sur Carrera 40,Zona Centro,Urbana,"(6.168097144, -75.58630781)"
2163200,11/17/2016,8:25 p.m.,Jueves,Camioneta,Particular,Conductor,Masculino,No,Sin Registro,Solo Daños,Choque,Reverso imprudente,Carrera 47 Calle 32  Sur,El Portal,Urbana,"(6.177043355, -75.5888062)"
2163200,11/17/2016,8:25 p.m.,Jueves,Automovil,Particular,Conductor,Femenino,No,Sin Registro,Solo Daños,Choque,Reverso imprudente,Carrera 47 Calle 32  Sur,El Portal,Urbana,"(6.177043355, -75.5888062)"
2163214,11/18/2016,7:50 a.m.,Viernes,Campero,Particular,Conductor,Masculino,No,Sin Registro,Solo Daños,Choque,No mantener distancia de seguridad,Carrera 50 Calle 30  Sur,Las Vegas,Urbana,
2163214,11/18/2016,7:50 a.m.,Viernes,Camioneta,Particular,Conductor,Masculino,No,Sin Registro,Solo Daños,Choque,No mantener distancia de seguridad,Carrera 50 Calle 30  Sur,Las Vegas,Urbana,
2163211,11/18/2016,9:00 a.m.,Viernes,Automovil,Publico,Conductor,Masculino,No,Sin Registro,Solo Daños,Choque,Desobedecer senales,Transversal 34  Sur Diagonal 33,Obrero,Urbana,"(6.172688175, -75.5839342)"
2163211,11/18/2016,9:00 a.m.,Viernes,Automovil,Particular,Conductor,Femenino,No,Sin Registro,Solo Daños,Choque,Desobedecer senales,Transversal 34  Sur Diagonal 33,Obrero,Urbana,"(6.172688175, -75.5839342)"
2163211,11/18/2016,9:00 a.m.,Viernes,Motocicleta,Particular,Motociclista,Femenino,No,Sin Registro,Solo Daños,Choque,Desobedecer senales,Transversal 34  Sur Diagonal 33,Obrero,Urbana,"(6.172688175, -75.5839342)"
2163196,11/18/2016,11:40 a.m.,Viernes,Camioneta,Particular,Conductor,Masculino,No,Sin Registro,Solo Daños,Choque,No mantener distancia de seguridad,Carrera 29 A Calle 39  Sur,El Chinguí,Urbana,"(6.163897984, -75.58087718)"
2163196,11/18/2016,11:40 a.m.,Viernes,Motocicleta,Particular,Motociclista,Masculino,No,Sin Registro,Solo Daños,Choque,No mantener distancia de seguridad,Carrera 29 A Calle 39  Sur,El Chinguí,Urbana,"(6.163897984, -75.58087718)"
2163195,11/18/2016,12:00 p.m.,Viernes,Automovil,Particular,Conductor,Femenino,No,Sin Registro,Solo Daños,Choque,Adelantar cerrando,Calle 25  Sur Carrera 49,Las Vegas,Urbana,
2163195,11/18/2016,12:00 p.m.,Viernes,Camion,Publico,Conductor,Masculino,No,Sin Registro,Solo Daños,Choque,Adelantar cerrando,Calle 25  Sur Carrera 49,Las Vegas,Urbana,
2163185,11/18/2016,1:20 p.m.,Viernes,Bus,Publico,Conductor,Masculino,No,Sin Registro,Solo Daños,Choque,Poner en marcha un vehiculo sin precauci,Carrera 49 Calle 37  Sur,Las Vegas,Urbana,
2163185,11/18/2016,1:20 p.m.,Viernes,Automovil,Particular,Conductor,Masculino,No,Sin Registro,Solo Daños,Choque,Poner en marcha un vehiculo sin precauci,Carrera 49 Calle 37  Sur,Las Vegas,Urbana,
2163198,11/18/2016,4:00 p.m.,Viernes,Automovil,Particular,Conductor,Femenino,No,Sin Registro,Solo Daños,Choque,Reverso imprudente,Carrera 38 Calle 40 B Sur,Sin Registro,Urbana,"(6.16879573, -75.58588978)"
2163198,11/18/2016,4:00 p.m.,Viernes,Microbus,Publico,Conductor,Masculino,No,Sin Registro,Solo Daños,Choque,Reverso imprudente,Carrera 38 Calle 40 B Sur,Sin Registro,Urbana,"(6.16879573, -75.58588978)"
2163203,11/18/2016,4:15 p.m.,Viernes,Automovil,Particular,Conductor,Masculino,No,Sin Registro,Solo Daños,Choque,No mantener distancia de seguridad,Carrera 48 Calle 25 A Sur,Las Vegas,Urbana,"(6.184740152, -75.58365742)"
2163203,11/18/2016,4:15 p.m.,Viernes,Camioneta,Particular,Conductor,Femenino,No,Sin Registro,Solo Daños,Choque,No mantener distancia de seguridad,Carrera 48 Calle 25 A Sur,Las Vegas,Urbana,"(6.184740152, -75.58365742)"
2163203,11/18/2016,4:15 p.m.,Viernes,Automovil,Particular,Conductor,Masculino,No,Sin Registro,Solo Daños,Choque,No mantener distancia de seguridad,Carrera 48 Calle 25 A Sur,Las Vegas,Urbana,"(6.184740152, -75.58365742)"
2163204,11/18/2016,6:50 p.m.,Viernes,Automovil,Particular,Conductor,Masculino,No,Sin Registro,Solo Daños,Choque,No respetar prelacion,Calle 38 A Sur Carrera 36,Mesa,Urbana,"(6.166666222, -75.58411827)"
2163204,11/18/2016,6:50 p.m.,Viernes,Automovil,Publico,Conductor,Masculino,No,Sin Registro,Solo Daños,Choque,No respetar prelacion,Calle 38 A Sur Carrera 36,Mesa,Urbana,"(6.166666222, -75.58411827)"
2163189,11/18/2016,7:45 p.m.,Viernes,Campero,Particular,Conductor,Masculino,No,Sin Registro,Solo Daños,Choque,Girar bruscamente,Carrera 43 A Calle 21  Sur,Sin Registro,Urbana,"(6.183599544, -75.57940986)"
2163189,11/18/2016,7:45 p.m.,Viernes,Motocicleta,Particular,Motociclista,Masculino,No,Sin Registro,Solo Daños,Choque,Girar bruscamente,Carrera 43 A Calle 21  Sur,Sin Registro,Urbana,"(6.183599544, -75.57940986)"
2163210,11/19/2016,8:00 a.m.,Sábado,Motocicleta,Particular,Motociclista,Masculino,No,Sin Registro,Solo Daños,Choque,Transitar entre vehiculos,Calle 37  Sur Carrera 46 A,El Portal,Urbana,"(6.173105489, -75.59126093)"
2163210,11/19/2016,8:00 a.m.,Sábado,Camioneta,Particular,Conductor,Masculino,No,Sin Registro,Solo Daños,Choque,Transitar entre vehiculos,Calle 37  Sur Carrera 46 A,El Portal,Urbana,"(6.173105489, -75.59126093)"
2163188,11/19/2016,8:35 a.m.,Sábado,Camioneta,Particular,Conductor,Masculino,No,Sin Registro,Solo Daños,Choque,Reverso imprudente,Transversal 35 D Diagonal 32,Los Naranjos,Urbana,"(6.168929436, -75.58068885)"
2163188,11/19/2016,8:35 a.m.,Sábado,Camioneta,Particular,Conductor,Masculino,No,Sin Registro,Solo Daños,Choque,Reverso imprudente,Transversal 35 D Diagonal 32,Los Naranjos,Urbana,"(6.168929436, -75.58068885)"
2163237,11/22/2016,7:10 p.m.,Martes,Automovil,Particular,Conductor,Masculino,No,Sin Registro,Herido,Choque,Sujetarse a otro veh!culo,Calle 39  Sur Carrera 26,El Chinguí,Urbana,
2163225,11/19/2016,9:10 a.m.,Sábado,Camion,Publico,Conductor,Masculino,No,Sin Registro,Solo Daños,Choque,No mantener distancia de seguridad,Calle 37 B Sur Carrera 25 A,Vereda El Escobero,Urbana,"(6.159881312, -75.57465353)"
2163225,11/19/2016,9:10 a.m.,Sábado,Camioneta,Particular,Conductor,Femenino,No,Sin Registro,Solo Daños,Choque,Exceso de velocidad,Calle 37 B Sur Carrera 25 A,Vereda El Escobero,Urbana,"(6.159881312, -75.57465353)"
2163225,11/19/2016,9:10 a.m.,Sábado,Camioneta,Particular,Conductor,Femenino,No,Sin Registro,Solo Daños,Choque,No mantener distancia de seguridad,Calle 37 B Sur Carrera 25 A,Vereda El Escobero,Urbana,"(6.159881312, -75.57465353)"
2163225,11/19/2016,9:10 a.m.,Sábado,Camion,Publico,Conductor,Masculino,No,Sin Registro,Solo Daños,Choque,Exceso de velocidad,Calle 37 B Sur Carrera 25 A,Vereda El Escobero,Urbana,"(6.159881312, -75.57465353)"
2163219,11/19/2016,9:15 a.m.,Sábado,Motocicleta,Particular,Motociclista,Masculino,No,Sin Registro,Solo Daños,Choque,No mantener distancia de seguridad,Carrera 27 Calle 36  Sur,La Inmaculada,Urbana,"(6.167009975, -75.56927808)"
2163219,11/19/2016,9:15 a.m.,Sábado,Camioneta,Particular,Conductor,Femenino,No,Sin Registro,Solo Daños,Choque,No mantener distancia de seguridad,Carrera 27 Calle 36  Sur,La Inmaculada,Urbana,"(6.167009975, -75.56927808)"
2163201,11/19/2016,9:30 a.m.,Sábado,Bus,Publico,Conductor,Masculino,No,Sin Registro,Solo Daños,Choque,No mantener distancia de seguridad,Calle 38 A Sur Carrera 41,Zona Centro,Urbana,"(6.168560755, -75.58701537)"
2163201,11/19/2016,9:30 a.m.,Sábado,Automovil,Particular,Conductor,Masculino,No,Sin Registro,Solo Daños,Choque,No mantener distancia de seguridad,Calle 38 A Sur Carrera 41,Zona Centro,Urbana,"(6.168560755, -75.58701537)"
2163197,11/19/2016,11:10 a.m.,Sábado,Automovil,Particular,Conductor,Masculino,No,Sin Registro,Solo Daños,Choque,Reverso imprudente,Calle 27  Sur Carrera 27,El Esmeraldal,Urbana,"(6.17243521, -75.56787192)"
2163197,11/19/2016,11:10 a.m.,Sábado,Camioneta,Particular,Conductor,Femenino,No,Sin Registro,Solo Daños,Choque,Reverso imprudente,Calle 27  Sur Carrera 27,El Esmeraldal,Urbana,"(6.17243521, -75.56787192)"
2163206,11/19/2016,11:35 a.m.,Sábado,Automovil,Particular,Conductor,Femenino,No,Sin Registro,Solo Daños,Choque,No respetar prelacion,Carrera 48 Calle 32 B Sur,Glorieta De Peldar,Urbana,"(6.176994311, -75.58984119)"
2163206,11/19/2016,11:35 a.m.,Sábado,Camioneta,Particular,Conductor,Masculino,No,Sin Registro,Solo Daños,Choque,No respetar prelacion,Carrera 48 Calle 32 B Sur,Glorieta De Peldar,Urbana,"(6.176994311, -75.58984119)"
2163191,11/19/2016,12:15 p.m.,Sábado,Automovil,Publico,Conductor,Masculino,No,Sin Registro,Solo Daños,Choque,No mantener distancia de seguridad,Carrera 48 Calle 39 A Sur,Las Vegas,Urbana,"(6.17097263, -75.59431326)"
2163191,11/19/2016,12:15 p.m.,Sábado,Camioneta,Particular,Conductor,Femenino,No,Sin Registro,Solo Daños,Choque,No mantener distancia de seguridad,Carrera 48 Calle 39 A Sur,Las Vegas,Urbana,"(6.17097263, -75.59431326)"
2163192,11/19/2016,12:40 p.m.,Sábado,Camioneta,Particular,Conductor,Masculino,No,Sin Registro,Solo Daños,Choque,No mantener distancia de seguridad,Carrera 50 Calle 45  Sur,Las Vegas,Urbana,
2163192,11/19/2016,12:40 p.m.,Sábado,Automovil,Particular,Conductor,Femenino,No,Sin Registro,Solo Daños,Choque,No mantener distancia de seguridad,Carrera 50 Calle 45  Sur,Las Vegas,Urbana,
2163212,11/19/2016,1:00 p.m.,Sábado,Camioneta,Diplomatico,Conductor,Masculino,No,Sin Registro,Solo Daños,Choque,Reverso imprudente,Carrera 45 Calle 39  Sur,Alcala,Urbana,"(6.169521683, -75.59098806)"
2163212,11/19/2016,1:00 p.m.,Sábado,Camioneta,Particular,Conductor,Masculino,No,Sin Registro,Solo Daños,Choque,Impericia en el manejo,Carrera 45 Calle 39  Sur,Alcala,Urbana,"(6.169521683, -75.59098806)"
2163212,11/19/2016,1:00 p.m.,Sábado,Camioneta,Particular,Conductor,Masculino,No,Sin Registro,Solo Daños,Choque,Reverso imprudente,Carrera 45 Calle 39  Sur,Alcala,Urbana,"(6.169521683, -75.59098806)"
2163212,11/19/2016,1:00 p.m.,Sábado,Camioneta,Diplomatico,Conductor,Masculino,No,Sin Registro,Solo Daños,Choque,Impericia en el manejo,Carrera 45 Calle 39  Sur,Alcala,Urbana,"(6.169521683, -75.59098806)"
2163215,11/19/2016,1:00 p.m.,Sábado,Motocicleta,Particular,Motociclista,Masculino,No,Sin Registro,Herido,Choque,Girar bruscamente,Calle 45 B Sur Carrera 43 A,La Paz,Urbana,"(6.164485785, -75.59467842)"
2163215,11/19/2016,1:00 p.m.,Sábado,Motocicleta,Particular,Motociclista,Femenino,No,Sin Registro,Herido,Choque,Girar bruscamente,Calle 45 B Sur Carrera 43 A,La Paz,Urbana,"(6.164485785, -75.59467842)"
2163190,11/19/2016,4:00 p.m.,Sábado,Bus,Publico,Conductor,Masculino,No,Sin Registro,Herido,Choque,No respetar prelacion,Diagonal 31 Transversal 33 A,Las Flores,Urbana,"(6.173761816, -75.5789197)"
2163190,11/19/2016,4:00 p.m.,Sábado,Bicicleta,Particular,Ciclista,Masculino,No,Sin Registro,Herido,Choque,No respetar prelacion,Diagonal 31 Transversal 33 A,Las Flores,Urbana,"(6.173761816, -75.5789197)"
2163199,11/19/2016,5:00 p.m.,Sábado,Automovil,Particular,Conductor,Femenino,No,Sin Registro,Solo Daños,Choque,Semaforo en rojo,Calle 45  Sur Carrera 43 A,La Paz,Urbana,"(6.165246116, -75.59449417)"
2163199,11/19/2016,5:00 p.m.,Sábado,Automovil,Particular,Conductor,Masculino,No,Sin Registro,Solo Daños,Choque,Semaforo en rojo,Calle 45  Sur Carrera 43 A,La Paz,Urbana,"(6.165246116, -75.59449417)"
2163199,11/19/2016,5:00 p.m.,Sábado,Bus,Publico,Conductor,Masculino,No,Sin Registro,Solo Daños,Choque,Semaforo en rojo,Calle 45  Sur Carrera 43 A,La Paz,Urbana,"(6.165246116, -75.59449417)"
2163202,11/19/2016,7:25 p.m.,Sábado,Automovil,Particular,Conductor,Masculino,No,Sin Registro,Solo Daños,Choque,Adelantar cerrando,Calle 37  Sur Carrera 46 A,Las Vegas,Urbana,"(6.173105489, -75.59126093)"
2163202,11/19/2016,7:25 p.m.,Sábado,Camion,Publico,Conductor,Masculino,No,Sin Registro,Solo Daños,Choque,Adelantar cerrando,Calle 37  Sur Carrera 46 A,Las Vegas,Urbana,"(6.173105489, -75.59126093)"
2163218,11/19/2016,8:20 p.m.,Sábado,Automovil,Particular,Conductor,Masculino,No,Sin Registro,Solo Daños,Choque,No mantener distancia de seguridad,Carrera 43 A Calle 38  Sur,Zona Centro,Urbana,"(6.170421178, -75.58859877)"
2163218,11/19/2016,8:20 p.m.,Sábado,Motocicleta,Particular,Motociclista,Masculino,No,Sin Registro,Solo Daños,Choque,No mantener distancia de seguridad,Carrera 43 A Calle 38  Sur,Zona Centro,Urbana,"(6.170421178, -75.58859877)"
2163186,11/19/2016,11:00 p.m.,Sábado,Automovil,Publico,Conductor,Masculino,No,Sin Registro,Herido,Choque,Adelantar por la derecha,Calle 48 C Sur Carrera 48,Las Vegas,Urbana,"(6.159138282, -75.59625971)"
2163186,11/19/2016,11:00 p.m.,Sábado,Motocicleta,Particular,Motociclista,Femenino,No,Sin Registro,Herido,Choque,Adelantar por la derecha,Calle 48 C Sur Carrera 48,Las Vegas,Urbana,"(6.159138282, -75.59625971)"
2163216,11/20/2016,8:20 a.m.,Domingo,Automovil,Particular,Conductor,Masculino,No,Sin Registro,Solo Daños,Choque,Reverso imprudente,Calle 45  Sur Carrera 41,La Paz,Urbana,"(6.162879731, -75.59216618)"
2163216,11/20/2016,8:20 a.m.,Domingo,Automovil,Particular,Conductor,Masculino,No,Sin Registro,Solo Daños,Choque,Reverso imprudente,Calle 45  Sur Carrera 41,La Paz,Urbana,"(6.162879731, -75.59216618)"
2163216,11/20/2016,8:20 a.m.,Domingo,Automovil,Particular,Conductor,Masculino,No,Sin Registro,Solo Daños,Choque,Reverso imprudente,Calle 45  Sur Carrera 41,La Paz,Urbana,"(6.162879731, -75.59216618)"
2163184,11/20/2016,12:10 p.m.,Domingo,Motocicleta,Particular,Motociclista,Masculino,No,Sin Registro,Herido,Atropello,Poner en marcha un vehiculo sin precauci,Calle 36  Sur Carrera 42,Zona Centro,Urbana,"(6.17108429, -75.58648741)"
2163184,11/20/2016,12:10 p.m.,Domingo,Motocicleta,Particular,Motociclista,Masculino,No,Sin Registro,Herido,Atropello,Exceso de velocidad,Calle 36  Sur Carrera 42,Zona Centro,Urbana,"(6.17108429, -75.58648741)"
2163207,11/20/2016,5:15 p.m.,Domingo,Bus,Publico,Conductor,Masculino,No,Sin Registro,Solo Daños,Choque,No mantener distancia de seguridad,Diagonal 31 Transversal 33,Las Flores,Urbana,"(6.174094397, -75.57881853)"
2163207,11/20/2016,5:15 p.m.,Domingo,Automovil,Particular,Conductor,Femenino,No,Sin Registro,Solo Daños,Choque,No mantener distancia de seguridad,Diagonal 31 Transversal 33,Las Flores,Urbana,"(6.174094397, -75.57881853)"
2163213,11/20/2016,7:10 p.m.,Domingo,Campero,Particular,Conductor,Femenino,No,Sin Registro,Herido,Choque,Exceso de velocidad,Calle 48 F Sur Carrera 42,Loma Del Barro,Urbana,"(6.157476884, -75.59803224)"
2163213,11/20/2016,7:10 p.m.,Domingo,Campero,Particular,Conductor,Femenino,No,Sin Registro,Herido,Choque,Impericia en el manejo,Calle 48 F Sur Carrera 42,Loma Del Barro,Urbana,"(6.157476884, -75.59803224)"
2163217,11/20/2016,8:00 p.m.,Domingo,Automovil,Particular,Conductor,Masculino,No,Sin Registro,Solo Daños,Choque,Desobedecer senales,Carrera 32 Calle 38 A Sur,Mesa,Urbana,"(6.165198458, -75.58200793)"
2163217,11/20/2016,8:00 p.m.,Domingo,Motocicleta,Particular,Motociclista,Masculino,No,Sin Registro,Solo Daños,Choque,Desobedecer senales,Carrera 32 Calle 38 A Sur,Mesa,Urbana,"(6.165198458, -75.58200793)"
2163187,11/20/2016,10:40 p.m.,Domingo,Motocicleta,Particular,Motociclista,Masculino,No,Sin Registro,Herido,Choque,Desobedecer senales,Calle 42  Sur Carrera 36 D,Las Antillas,Urbana,"(6.170966181, -75.5864635)"
2163187,11/20/2016,10:40 p.m.,Domingo,Bicicleta,Particular,Ciclista,Masculino,No,Sin Registro,Herido,Choque,Desobedecer senales,Calle 42  Sur Carrera 36 D,Las Antillas,Urbana,"(6.170966181, -75.5864635)"
2163208,11/21/2016,6:35 a.m.,Lunes,Automovil,Particular,Conductor,Masculino,No,Sin Registro,Solo Daños,Choque,No mantener distancia de seguridad,Carrera 48 Calle 25  Sur,Las Vegas,Urbana,"(6.185059174, -75.58329333)"
2163208,11/21/2016,6:35 a.m.,Lunes,Motocicleta,Particular,Motociclista,Masculino,No,Sin Registro,Solo Daños,Choque,No mantener distancia de seguridad,Carrera 48 Calle 25  Sur,Las Vegas,Urbana,"(6.185059174, -75.58329333)"
2163227,11/21/2016,8:30 a.m.,Lunes,Motocicleta,Particular,Motociclista,Masculino,No,Sin Registro,Herido,Otro,Impericia en el manejo,Tramo 371 Kilometro  7,Vereda El Escobero,Rural,
2163209,11/21/2016,8:35 a.m.,Lunes,Microbus,Publico,Conductor,Masculino,No,Sin Registro,Solo Daños,Choque,Adelantar cerrando,Carrera 43 A Calle 36  Sur,Zona Centro,Urbana,"(6.171753325, -75.58772767)"
2163209,11/21/2016,8:35 a.m.,Lunes,Automovil,Particular,Conductor,Masculino,No,Sin Registro,Solo Daños,Choque,Adelantar cerrando,Carrera 43 A Calle 36  Sur,Zona Centro,Urbana,"(6.171753325, -75.58772767)"
2163230,11/21/2016,1:10 p.m.,Lunes,Camion,Publico,Conductor,Masculino,No,Sin Registro,Solo Daños,Choque,Desobedecer senales,Calle 45 B Sur Carrera 43,La Paz,Urbana,"(6.164485785, -75.59467842)"
2163230,11/21/2016,1:10 p.m.,Lunes,Automovil,Particular,Conductor,Masculino,No,Sin Registro,Solo Daños,Choque,Desobedecer senales,Calle 45 B Sur Carrera 43,La Paz,Urbana,"(6.164485785, -75.59467842)"
2171782,11/21/2016,2:00 p.m.,Lunes,Automovil,Particular,Conductor,Femenino,No,Sin Registro,Solo Daños,Choque,Otra,Calle 23  Sur Carrera 43 A,Las Vegas,Urbana,"(6.182706228, -75.58032996)"
2171782,11/21/2016,2:00 p.m.,Lunes,Automovil,Particular,Conductor,Sin registro,No,Sin Registro,Solo Daños,Choque,Otra,Calle 23  Sur Carrera 43 A,Las Vegas,Urbana,"(6.182706228, -75.58032996)"
2163231,11/21/2016,3:10 p.m.,Lunes,Camioneta,Diplomatico,Conductor,Masculino,No,Sin Registro,Solo Daños,Choque,Desobedecer senales,Calle 39  Sur Carrera 29 A,El Chinguí,Urbana,"(6.164019418, -75.58120807)"
2163231,11/21/2016,3:10 p.m.,Lunes,Automovil,Publico,Conductor,Masculino,No,Sin Registro,Solo Daños,Choque,Desobedecer senales,Calle 39  Sur Carrera 29 A,El Chinguí,Urbana,"(6.164019418, -75.58120807)"
2163232,11/21/2016,4:10 p.m.,Lunes,Camioneta,Publico,Conductor,Masculino,No,Sin Registro,Solo Daños,Choque,Impericia en el manejo,Calle 36  Sur Carrera 37,Mesa,Urbana,"(6.169187276, -75.58349763)"
2163232,11/21/2016,4:10 p.m.,Lunes,Camioneta,Particular,Conductor,Masculino,No,Sin Registro,Solo Daños,Choque,Impericia en el manejo,Calle 36  Sur Carrera 37,Mesa,Urbana,"(6.169187276, -75.58349763)"
2163222,11/21/2016,4:50 p.m.,Lunes,Motocicleta,Particular,Motociclista,Masculino,No,Sin Registro,Solo Daños,Choque,Girar bruscamente,Calle 38  Sur Carrera 44,Zona Centro,Urbana,"(6.170783841, -75.58925878)"
2163222,11/21/2016,4:50 p.m.,Lunes,Automovil,Particular,Conductor,Masculino,No,Sin Registro,Solo Daños,Choque,Adelantar en zona prohibida,Calle 38  Sur Carrera 44,Zona Centro,Urbana,"(6.170783841, -75.58925878)"
2163222,11/21/2016,4:50 p.m.,Lunes,Automovil,Particular,Conductor,Masculino,No,Sin Registro,Solo Daños,Choque,Girar bruscamente,Calle 38  Sur Carrera 44,Zona Centro,Urbana,"(6.170783841, -75.58925878)"
2163222,11/21/2016,4:50 p.m.,Lunes,Motocicleta,Particular,Motociclista,Masculino,No,Sin Registro,Solo Daños,Choque,Adelantar en zona prohibida,Calle 38  Sur Carrera 44,Zona Centro,Urbana,"(6.170783841, -75.58925878)"
2163239,11/21/2016,4:50 p.m.,Lunes,Motocicleta,Diplomatico,Motociclista,Masculino,No,Sin Registro,Herido,Atropello,Cruzar sin observar,Calle 41 AA Sur Carrera 30,San Rafael,Urbana,"(6.166753687, -75.59285168)"
2163239,11/21/2016,4:50 p.m.,Lunes,Motocicleta,Diplomatico,Motociclista,Masculino,No,Sin Registro,Herido,Atropello,Exceso de velocidad,Calle 41 AA Sur Carrera 30,San Rafael,Urbana,"(6.166753687, -75.59285168)"
2163224,11/21/2016,5:00 p.m.,Lunes,Motocicleta,Particular,Motociclista,Femenino,No,Sin Registro,Solo Daños,Choque,No mantener distancia de seguridad,Calle 45  Sur Carrera 42 B,La Paz,Urbana,"(6.163744297, -75.59313788)"
2163224,11/21/2016,5:00 p.m.,Lunes,Camioneta,Diplomatico,Conductor,Masculino,No,Sin Registro,Solo Daños,Choque,No mantener distancia de seguridad,Calle 45  Sur Carrera 42 B,La Paz,Urbana,"(6.163744297, -75.59313788)"
2163226,11/21/2016,5:00 p.m.,Lunes,Microbus,Publico,Conductor,Masculino,No,Sin Registro,Herido,Choque,No mantener distancia de seguridad,Calle 25 AA Sur Carrera 48,Las Vegas,Urbana,"(6.18405129, -75.58478383)"
2163226,11/21/2016,5:00 p.m.,Lunes,Automovil,Particular,Conductor,Masculino,No,Sin Registro,Herido,Choque,No mantener distancia de seguridad,Calle 25 AA Sur Carrera 48,Las Vegas,Urbana,"(6.18405129, -75.58478383)"
2163226,11/21/2016,5:00 p.m.,Lunes,Camioneta,Particular,Conductor,Masculino,No,Sin Registro,Herido,Choque,No mantener distancia de seguridad,Calle 25 AA Sur Carrera 48,Las Vegas,Urbana,"(6.18405129, -75.58478383)"
2163242,11/21/2016,5:30 p.m.,Lunes,Microbus,Publico,Conductor,Masculino,No,Sin Registro,Solo Daños,Choque,No mantener distancia de seguridad,Carrera 42 Calle 48 DD Sur,Loma Del Barro,Urbana,
2163242,11/21/2016,5:30 p.m.,Lunes,Automovil,Particular,Conductor,Masculino,No,Sin Registro,Solo Daños,Choque,No mantener distancia de seguridad,Carrera 42 Calle 48 DD Sur,Loma Del Barro,Urbana,
2163205,11/21/2016,5:40 p.m.,Lunes,Tractocamion,Publico,Conductor,Sin registro,No,Sin Registro,Herido,Choque,Girar bruscamente,Calle 26  Sur Carrera 50,Las Vegas,Urbana,
2163205,11/21/2016,5:40 p.m.,Lunes,Motocicleta,Particular,Motociclista,Femenino,No,Sin Registro,Herido,Choque,Girar bruscamente,Calle 26  Sur Carrera 50,Las Vegas,Urbana,
2163243,11/21/2016,7:00 p.m.,Lunes,Automovil,Particular,Conductor,Masculino,No,Sin Registro,Solo Daños,Choque,Exceso de velocidad,Calle 40  Sur Carrera 27,San Jose,Urbana,"(6.158366235, -75.58080793)"
2163243,11/21/2016,7:00 p.m.,Lunes,Automovil,Particular,Conductor,Masculino,No,Sin Registro,Solo Daños,Choque,Exceso de velocidad,Calle 40  Sur Carrera 27,San Jose,Urbana,"(6.158366235, -75.58080793)"
2163221,11/21/2016,9:00 p.m.,Lunes,Motocicleta,Particular,Motociclista,Masculino,No,Sin Registro,Herido,Atropello,Exceso de velocidad,Calle 46 D Sur Carrera 42 A,La Paz,Urbana,"(6.161005965, -75.59509467)"
2163236,11/22/2016,6:50 a.m.,Martes,Motocicleta,Particular,Motociclista,Masculino,No,Sin Registro,Herido,Choque,Adelantar cerrando,Calle 19  Sur Carrera 50,Las Vegas,Urbana,
2163236,11/22/2016,6:50 a.m.,Martes,Campero,Particular,Conductor,Femenino,No,Sin Registro,Herido,Choque,Adelantar cerrando,Calle 19  Sur Carrera 50,Las Vegas,Urbana,
2163220,11/22/2016,10:10 a.m.,Martes,Automovil,Particular,Conductor,Masculino,No,Sin Registro,Herido,Choque,No mantener distancia de seguridad,Calle 27  Sur Carrera 48,Las Vegas,Urbana,
2163220,11/22/2016,10:10 a.m.,Martes,Motocicleta,Particular,Motociclista,Masculino,No,Sin Registro,Herido,Choque,No mantener distancia de seguridad,Calle 27  Sur Carrera 48,Las Vegas,Urbana,