RADICADO,FECHA,HORA,DÍA DE LA SEMANA,CLASE DE VEHICULO,TIPO DE SERVICIO,TIPO DE VICTIMA,SEXO,ESTADO DE BEODEZ,RESULTADO DE BEODEZ,GRAVEDAD,CLASE DE ACCIDENTE,CAUSA,DIRECCIÓN,BARRIO,AREA,Coordenadas
2163234,11/22/2016,11:10 a.m.,Martes,Motocicleta,Diplomatico,Motociclista,Masculino,No,Sin Registro,Solo Daños,Choque,Desobedecer senales,Calle 39  Sur Carrera 37,Mesa,Urbana,"(6.166324664, -75.58503975)"
2163234,11/22/2016,11:10 a.m.,Martes,Automovil,Particular,Conductor,Femenino,No,Sin Registro,Solo Daños,Choque,Desobedecer senales,Calle 39  Sur Carrera 37,Mesa,Urbana,"(6.166324664, -75.58503975)"
2163248,11/22/2016,12:05 p.m.,Martes,Camion,Publico,Conductor,Masculino,No,Sin Registro,Solo Daños,Choque,No respetar prelacion,Tramo 371 Kilometro  12,Vereda Palmas,Rural,
2163248,11/22/2016,12:05 p.m.,Martes,Automovil,Particular,Conductor,Masculino,No,Sin Registro,Solo Daños,Choque,No respetar prelacion,Tramo 371 Kilometro  12,Vereda Palmas,Rural,
2163261,11/22/2016,12:15 p.m.,Martes,Automovil,Particular,Conductor,Femenino,No,Sin Registro,Solo Daños,Choque,No mantener distancia de seguridad,Calle 22  Sur Carrera 43 A,Las Vegas,Urbana,
2163261,11/22/2016,12:15 p.m.,Martes,Automovil,Particular,Conductor,Femenino,No,Sin Registro,Solo Daños,Choque,No mantener distancia de seguridad,Calle 22  Sur Carrera 43 A,Las Vegas,Urbana,
2163241,11/22/2016,2:00 p.m.,Martes,Automovil,Particular,Conductor,Femenino,No,Sin Registro,Herido,Choque,No mantener distancia de seguridad,Carrera 50 Calle 35  Sur,Las Vegas,Urbana,
2163241,11/22/2016,2:00 p.m.,Martes,Motocicleta,Particular,Motociclista,Masculino,No,Sin Registro,Herido,Choque,No mantener distancia de seguridad,Carrera 50 Calle 35  Sur,Las Vegas,Urbana,
2163244,11/22/2016,3:00 p.m.,Martes,Automovil,Particular,Conductor,Masculino,No,Sin Registro,Solo Daños,Choque,Impericia en el manejo,Carrera 44 A Calle 35  Sur,San Marcos,Urbana,"(6.17286904, -75.58812136)"
2163256,11/23/2016,7:30 p.m.,Miércoles,Bus,Publico,Conductor,Masculino,No,Sin Registro,Solo Daños,Choque,No mantener distancia de seguridad,Calle 50  Sur Carrera 48,Las Vegas,Urbana,
2163244,11/22/2016,3:00 p.m.,Martes,Automovil,Diplomatico,Conductor,Sin registro,No,Sin Registro,Solo Daños,Choque,Impericia en el manejo,Carrera 44 A Calle 35  Sur,San Marcos,Urbana,"(6.17286904, -75.58812136)"
2163245,11/22/2016,3:10 p.m.,Martes,Automovil,Publico,Conductor,Masculino,No,Sin Registro,Solo Daños,Choque,Semaforo en rojo,Carrera 43 Calle 32 A Sur,San Marcos,Urbana,"(6.174730521, -75.58521526)"
2163245,11/22/2016,3:10 p.m.,Martes,Buseta,Publico,Conductor,Masculino,No,Sin Registro,Solo Daños,Choque,Semaforo en rojo,Carrera 43 Calle 32 A Sur,San Marcos,Urbana,"(6.174730521, -75.58521526)"
2163233,11/22/2016,3:35 p.m.,Martes,Automovil,Publico,Conductor,Masculino,No,Sin Registro,Solo Daños,Choque,Adelantar en zona prohibida,Calle 36 D Sur Carrera 27,Vereda El Escobero,Urbana,"(6.162479576, -75.57022257)"
2163233,11/22/2016,3:35 p.m.,Martes,Motocicleta,Particular,Motociclista,Masculino,No,Sin Registro,Solo Daños,Choque,Adelantar en zona prohibida,Calle 36 D Sur Carrera 27,Vereda El Escobero,Urbana,"(6.162479576, -75.57022257)"
2163228,11/22/2016,4:10 p.m.,Martes,Bus,Publico,Conductor,Masculino,No,Sin Registro,Solo Daños,Choque,Exceso de velocidad,Tramo 379 Kilometro  3,El Vallano,Rural,
2163228,11/22/2016,4:10 p.m.,Martes,Automovil,Particular,Conductor,Masculino,No,Sin Registro,Solo Daños,Choque,Exceso de velocidad,Tramo 379 Kilometro  3,El Vallano,Rural,
2163235,11/22/2016,4:50 p.m.,Martes,Tractocamion,Publico,Conductor,Masculino,No,Sin Registro,Solo Daños,Choque,Desobedecer senales,Calle 39  Sur Carrera 50,Las Vegas,Urbana,
2163235,11/22/2016,4:50 p.m.,Martes,Bus,Publico,Conductor,Masculino,No,Sin Registro,Solo Daños,Choque,Desobedecer senales,Calle 39  Sur Carrera 50,Las Vegas,Urbana,
2163238,11/22/2016,5:00 p.m.,Martes,Motocicleta,Particular,Motociclista,Femenino,No,Sin Registro,Solo Daños,Choque,Adelantar cerrando,Calle 37  Sur Carrera 39,Zona Centro,Urbana,"(6.169035546, -75.58484755)"
2163238,11/22/2016,5:00 p.m.,Martes,Motocicleta,Particular,Motociclista,Masculino,No,Sin Registro,Solo Daños,Choque,Adelantar cerrando,Calle 37  Sur Carrera 39,Zona Centro,Urbana,"(6.169035546, -75.58484755)"
2163246,11/22/2016,5:10 p.m.,Martes,Automovil,Particular,Conductor,Masculino,No,Sin Registro,Solo Daños,Choque,No respetar prelacion,Tramo 371 Kilometro  9,Vereda Palmas,Rural,
2163246,11/22/2016,5:10 p.m.,Martes,Motocicleta,Particular,Motociclista,Masculino,No,Sin Registro,Solo Daños,Choque,No respetar prelacion,Tramo 371 Kilometro  9,Vereda Palmas,Rural,
2163229,11/22/2016,5:20 p.m.,Martes,Camioneta,Particular,Conductor,Masculino,No,Sin Registro,Solo Daños,Choque,Exceso de velocidad,Calle 36 D Sur Carrera 26 A,Vereda El Escobero,Urbana,"(6.161435642, -75.56848949)"
2163229,11/22/2016,5:20 p.m.,Martes,Motocicleta,Particular,Motociclista,Masculino,No,Sin Registro,Solo Daños,Choque,Impericia en el manejo,Calle 36 D Sur Carrera 26 A,Vereda El Escobero,Urbana,"(6.161435642, -75.56848949)"
2163229,11/22/2016,5:20 p.m.,Martes,Motocicleta,Particular,Motociclista,Masculino,No,Sin Registro,Solo Daños,Choque,Exceso de velocidad,Calle 36 D Sur Carrera 26 A,Vereda El Escobero,Urbana,"(6.161435642, -75.56848949)"
2163229,11/22/2016,5:20 p.m.,Martes,Camioneta,Particular,Conductor,Masculino,No,Sin Registro,Solo Daños,Choque,Impericia en el manejo,Calle 36 D Sur Carrera 26 A,Vereda El Escobero,Urbana,"(6.161435642, -75.56848949)"
2163247,11/22/2016,6:10 p.m.,Martes,Automovil,Particular,Conductor,Masculino,No,Sin Registro,Solo Daños,Choque,Adelantar cerrando,Tramo 371 Kilometro  14,Vereda Palmas,Rural,
2163247,11/22/2016,6:10 p.m.,Martes,Automovil,Particular,Conductor,Masculino,No,Sin Registro,Solo Daños,Choque,Adelantar cerrando,Tramo 371 Kilometro  14,Vereda Palmas,Rural,
2163240,11/22/2016,6:20 p.m.,Martes,Automovil,Particular,Conductor,Masculino,No,Sin Registro,Solo Daños,Choque,Adelantar cerrando,Calle 36 D Sur Carrera 27 D,Vereda El Escobero,Urbana,"(6.164970853, -75.57463727)"
2163240,11/22/2016,6:20 p.m.,Martes,Camion,Publico,Conductor,Masculino,No,Sin Registro,Solo Daños,Choque,Adelantar cerrando,Calle 36 D Sur Carrera 27 D,Vereda El Escobero,Urbana,"(6.164970853, -75.57463727)"
2163223,11/22/2016,7:00 p.m.,Martes,Motocicleta,Particular,Motociclista,Masculino,No,Sin Registro,Solo Daños,Choque,Otra,Calle 25  Sur Carrera 50,Las Vegas,Urbana,
2163223,11/22/2016,7:00 p.m.,Martes,Motocicleta,Particular,Motociclista,Masculino,No,Sin Registro,Solo Daños,Choque,Otra,Calle 25  Sur Carrera 50,Las Vegas,Urbana,
2163237,11/22/2016,7:10 p.m.,Martes,Camioneta,Particular,Conductor,Femenino,No,Sin Registro,Herido,Choque,Sujetarse a otro veh!culo,Calle 39  Sur Carrera 26,El Chinguí,Urbana,
2163295,11/23/2016,7:20 a.m.,Miércoles,Motocicleta,Particular,Motociclista,Femenino,No,Sin Registro,Solo Daños,Choque,No mantener distancia de seguridad,Calle 37  Sur Carrera 49,Sin Registro,Urbana,"(6.174789471, -75.59420424)"
2163295,11/23/2016,7:20 a.m.,Miércoles,Motocicleta,Particular,Motociclista,Masculino,No,Sin Registro,Solo Daños,Choque,No mantener distancia de seguridad,Calle 37  Sur Carrera 49,Sin Registro,Urbana,"(6.174789471, -75.59420424)"
2163295,11/23/2016,7:20 a.m.,Miércoles,Automovil,Particular,Conductor,Femenino,No,Sin Registro,Solo Daños,Choque,No mantener distancia de seguridad,Calle 37  Sur Carrera 49,Sin Registro,Urbana,"(6.174789471, -75.59420424)"
2163278,11/23/2016,8:55 a.m.,Miércoles,Automovil,Particular,Conductor,Femenino,No,Sin Registro,Solo Daños,Choque,No mantener distancia de seguridad,Carrera 41 Calle 40 G Sur,El Dorado,Urbana,"(6.164988702, -75.59009566)"
2163278,11/23/2016,8:55 a.m.,Miércoles,Camioneta,Particular,Conductor,Masculino,No,Sin Registro,Solo Daños,Choque,No mantener distancia de seguridad,Carrera 41 Calle 40 G Sur,El Dorado,Urbana,"(6.164988702, -75.59009566)"
2163254,11/23/2016,10:45 a.m.,Miércoles,Camioneta,Publico,Conductor,Masculino,No,Sin Registro,Solo Daños,Choque,Otra,Carrera 48 Calle 39  Sur,Las Vegas,Urbana,"(6.17163722, -75.59364999)"
2163254,11/23/2016,10:45 a.m.,Miércoles,Camioneta,Publico,Conductor,Femenino,No,Sin Registro,Solo Daños,Choque,Otra,Carrera 48 Calle 39  Sur,Las Vegas,Urbana,"(6.17163722, -75.59364999)"
2163251,11/23/2016,11:50 a.m.,Miércoles,Camion,Publico,Conductor,Masculino,No,Sin Registro,Solo Daños,Choque,No respetar pelacion de interseccion o giros,Transversal 34 DD Diagonal 27,Sin Registro,Urbana,"(6.171412516, -75.57773368)"
2163251,11/23/2016,11:50 a.m.,Miércoles,Motocicleta,Particular,Motociclista,Masculino,No,Sin Registro,Solo Daños,Choque,No respetar pelacion de interseccion o giros,Transversal 34 DD Diagonal 27,Sin Registro,Urbana,"(6.171412516, -75.57773368)"
2163258,11/23/2016,1:15 p.m.,Miércoles,Microbus,Publico,Conductor,Masculino,No,Sin Registro,Solo Daños,Choque,No respetar pelacion de interseccion o giros,Calle 41 B Sur Carrera 42,El Dorado,Urbana,"(6.165585181, -75.59159057)"
2163258,11/23/2016,1:15 p.m.,Miércoles,Motocicleta,Particular,Motociclista,Masculino,No,Sin Registro,Solo Daños,Choque,No respetar pelacion de interseccion o giros,Calle 41 B Sur Carrera 42,El Dorado,Urbana,"(6.165585181, -75.59159057)"
2163294,11/23/2016,1:30 p.m.,Miércoles,Camioneta,Particular,Conductor,Masculino,No,Sin Registro,Solo Daños,Choque,No mantener distancia de seguridad,Carrera 48 Calle 25 AA Sur,Las Vegas,Urbana,"(6.183765745, -75.58469035)"
2163294,11/23/2016,1:30 p.m.,Miércoles,Automovil,Particular,Conductor,Masculino,No,Sin Registro,Solo Daños,Choque,No mantener distancia de seguridad,Carrera 48 Calle 25 AA Sur,Las Vegas,Urbana,"(6.183765745, -75.58469035)"
2163294,11/23/2016,1:30 p.m.,Miércoles,Camion,Publico,Conductor,Masculino,No,Sin Registro,Solo Daños,Choque,No mantener distancia de seguridad,Carrera 48 Calle 25 AA Sur,Las Vegas,Urbana,"(6.183765745, -75.58469035)"
2163252,11/23/2016,3:00 p.m.,Miércoles,Automovil,Particular,Conductor,Femenino,No,Sin Registro,Solo Daños,Choque,Adelantar cerrando,Carrera 50 Calle 37  Sur,Las Vegas,Urbana,
2163252,11/23/2016,3:00 p.m.,Miércoles,Camioneta,Particular,Conductor,Masculino,No,Sin Registro,Solo Daños,Choque,Adelantar cerrando,Carrera 50 Calle 37  Sur,Las Vegas,Urbana,
2163250,11/23/2016,4:40 p.m.,Miércoles,Automovil,Particular,Conductor,Femenino,No,Sin Registro,Herido,Choque,Girar bruscamente,Calle 40 F Sur Carrera 34,El Dorado,Urbana,"(6.162749546, -75.58582407)"
2163250,11/23/2016,4:40 p.m.,Miércoles,Motocicleta,Particular,Motociclista,Masculino,No,Sin Registro,Herido,Choque,Girar bruscamente,Calle 40 F Sur Carrera 34,El Dorado,Urbana,"(6.162749546, -75.58582407)"
2163250,11/23/2016,4:40 p.m.,Miércoles,Motocicleta,Particular,Motociclista,Masculino,No,Sin Registro,Herido,Choque,Girar bruscamente,Calle 40 F Sur Carrera 34,El Dorado,Urbana,"(6.162749546, -75.58582407)"
2163249,11/23/2016,5:00 p.m.,Miércoles,Motocicleta,Particular,Motociclista,Masculino,No,Sin Registro,Solo Daños,Choque,Impericia en el manejo,Carrera 43 A Calle 40  Sur,Avenida El Poblado,Urbana,"(6.168044687, -75.59026877)"
2163257,11/23/2016,5:40 p.m.,Miércoles,Camion,Publico,Conductor,Masculino,No,Sin Registro,Muerto,Choque,Adelantar cerrando,Carrera 43 A Calle 45 B Sur,La Paz,Urbana,"(6.164786739, -75.59493527)"
2163257,11/23/2016,5:40 p.m.,Miércoles,Motocicleta,Particular,Motociclista,Masculino,No,Sin Registro,Muerto,Choque,Adelantar cerrando,Carrera 43 A Calle 45 B Sur,La Paz,Urbana,"(6.164786739, -75.59493527)"
2163256,11/23/2016,7:30 p.m.,Miércoles,Bus,Publico,Conductor,Masculino,No,Sin Registro,Solo Daños,Choque,No mantener distancia de seguridad,Calle 50  Sur Carrera 48,Las Vegas,Urbana,
2163256,11/23/2016,7:30 p.m.,Miércoles,Bus,Publico,Conductor,Sin registro,No,Sin Registro,Solo Daños,Choque,No mantener distancia de seguridad,Calle 50  Sur Carrera 48,Las Vegas,Urbana,
2163276,11/24/2016,6:15 a.m.,Jueves,Automovil,Particular,Conductor,Femenino,No,Sin Registro,Solo Daños,Choque,Desobedecer senales,Calle 39  Sur Carrera 37,Mesa,Urbana,"(6.166324664, -75.58503975)"
2163276,11/24/2016,6:15 a.m.,Jueves,Automovil,Particular,Conductor,Masculino,No,Sin Registro,Solo Daños,Choque,Desobedecer senales,Calle 39  Sur Carrera 37,Mesa,Urbana,"(6.166324664, -75.58503975)"
2163287,11/24/2016,7:05 a.m.,Jueves,Automovil,Publico,Conductor,Masculino,No,Sin Registro,Herido,Choque,No respetar prelacion,Calle 38 A Sur Carrera 36,Mesa,Urbana,"(6.166666222, -75.58411827)"
2163287,11/24/2016,7:05 a.m.,Jueves,Motocicleta,Particular,Motociclista,Femenino,No,Sin Registro,Herido,Choque,No respetar prelacion,Calle 38 A Sur Carrera 36,Mesa,Urbana,"(6.166666222, -75.58411827)"
2163255,11/24/2016,8:55 a.m.,Jueves,Automovil,Particular,Conductor,Masculino,No,Sin Registro,Solo Daños,Choque,Otra,Calle 38 A Sur Carrera 36,Mesa,Urbana,"(6.166666222, -75.58411827)"
2163255,11/24/2016,8:55 a.m.,Jueves,Campero,Particular,Conductor,Masculino,No,Sin Registro,Solo Daños,Choque,Otra,Calle 38 A Sur Carrera 36,Mesa,Urbana,"(6.166666222, -75.58411827)"
2163259,11/24/2016,9:30 a.m.,Jueves,Motocicleta,Particular,Motociclista,Masculino,No,Sin Registro,Herido,Choque,Exceso de velocidad,Tramo 372 Kilometro  15,Vereda Palmas,Rural,
2163259,11/24/2016,9:30 a.m.,Jueves,Motocicleta,Particular,Motociclista,Masculino,No,Sin Registro,Herido,Choque,Exceso de velocidad,Tramo 372 Kilometro  15,Vereda Palmas,Rural,
2163259,11/24/2016,9:30 a.m.,Jueves,Automovil,Particular,Conductor,Masculino,No,Sin Registro,Herido,Choque,Exceso de velocidad,Tramo 372 Kilometro  15,Vereda Palmas,Rural,
2163253,11/24/2016,11:50 a.m.,Jueves,Automovil,Publico,Conductor,Masculino,No,Sin Registro,Solo Daños,Choque,Otra,Carrera 50 Calle 30  Sur,Las Vegas,Urbana,
2163253,11/24/2016,11:50 a.m.,Jueves,Motocicleta,Particular,Motociclista,Masculino,No,Sin Registro,Solo Daños,Choque,Otra,Carrera 50 Calle 30  Sur,Las Vegas,Urbana,
2163277,11/24/2016,12:00 p.m.,Jueves,Camion,Publico,Conductor,Masculino,No,Sin Registro,Solo Daños,Choque,No mantener distancia de seguridad,Calle 36 D Sur Carrera 27 D,Vereda El Escobero,Urbana,"(6.164970853, -75.57463727)"
2163277,11/24/2016,12:00 p.m.,Jueves,Motocicleta,Particular,Motociclista,Masculino,No,Sin Registro,Solo Daños,Choque,No mantener distancia de seguridad,Calle 36 D Sur Carrera 27 D,Vereda El Escobero,Urbana,"(6.164970853, -75.57463727)"
2163264,11/24/2016,4:30 p.m.,Jueves,Automovil,Particular,Conductor,Femenino,No,Sin Registro,Solo Daños,Choque,Desobedecer senales,Calle 30  Sur Carrera 43 A,Las Vegas,Urbana,"(6.177126039, -75.5852509)"
2163264,11/24/2016,4:30 p.m.,Jueves,Motocicleta,Particular,Motociclista,Masculino,No,Sin Registro,Solo Daños,Choque,Desobedecer senales,Calle 30  Sur Carrera 43 A,Las Vegas,Urbana,"(6.177126039, -75.5852509)"
2163262,11/24/2016,5:00 p.m.,Jueves,Motocicleta,Particular,Motociclista,Masculino,No,Sin Registro,Solo Daños,Choque,Transitar entre vehiculos,Calle 48 C Sur Carrera 48,Las Vegas,Urbana,"(6.159138282, -75.59625971)"
2163262,11/24/2016,5:00 p.m.,Jueves,Automovil,Particular,Conductor,Masculino,No,Sin Registro,Solo Daños,Choque,Transitar entre vehiculos,Calle 48 C Sur Carrera 48,Las Vegas,Urbana,"(6.159138282, -75.59625971)"
2163292,11/24/2016,7:30 p.m.,Jueves,Automovil,Particular,Conductor,Masculino,No,Sin Registro,Solo Daños,Choque,Transitar entre vehiculos,Carrera 50 Calle 39  Sur,Las Vegas,Urbana,
2163292,11/24/2016,7:30 p.m.,Jueves,Motocicleta,Particular,Motociclista,Sin registro,No,Sin Registro,Solo Daños,Choque,Transitar entre vehiculos,Carrera 50 Calle 39  Sur,Las Vegas,Urbana,
2163263,11/24/2016,8:10 p.m.,Jueves,Bus,Publico,Conductor,Masculino,No,Sin Registro,Solo Daños,Choque,No mantener distancia de seguridad,Calle 25 A Sur Carrera 43 A,Las Vegas,Urbana,"(6.181689385, -75.58241799)"
2163263,11/24/2016,8:10 p.m.,Jueves,Automovil,Particular,Conductor,Femenino,No,Sin Registro,Solo Daños,Choque,No mantener distancia de seguridad,Calle 25 A Sur Carrera 43 A,Las Vegas,Urbana,"(6.181689385, -75.58241799)"
2163260,11/24/2016,9:20 p.m.,Jueves,Automovil,Particular,Conductor,Masculino,No,Sin Registro,Herido,Choque,No mantener distancia de seguridad,Calle 35  Sur Carrera 27 G,La Sebastiana,Urbana,"(6.169124713, -75.57731924)"
2163260,11/24/2016,9:20 p.m.,Jueves,Bicicleta,Particular,Ciclista,Masculino,No,Sin Registro,Herido,Choque,No mantener distancia de seguridad,Calle 35  Sur Carrera 27 G,La Sebastiana,Urbana,"(6.169124713, -75.57731924)"
2163285,11/25/2016,6:30 a.m.,Viernes,Bus,Publico,Conductor,Masculino,No,Sin Registro,Herido,Choque,Otra,Calle 33 B Sur Carrera 45,San Marcos,Urbana,"(6.174167802, -75.58799211)"
2163285,11/25/2016,6:30 a.m.,Viernes,Automovil,Particular,Conductor,Femenino,No,Sin Registro,Herido,Choque,Otra,Calle 33 B Sur Carrera 45,San Marcos,Urbana,"(6.174167802, -75.58799211)"
2163281,11/25/2016,10:15 a.m.,Viernes,Automovil,Particular,Conductor,Femenino,No,Sin Registro,Solo Daños,Choque,No mantener distancia de seguridad,Carrera 48 Calle 32 B Sur,Las Vegas,Urbana,"(6.176994311, -75.58984119)"
2163281,11/25/2016,10:15 a.m.,Viernes,Automovil,Particular,Conductor,Masculino,No,Sin Registro,Solo Daños,Choque,No mantener distancia de seguridad,Carrera 48 Calle 32 B Sur,Las Vegas,Urbana,"(6.176994311, -75.58984119)"
2163315,11/25/2016,10:40 a.m.,Viernes,Camioneta,Oficial,Conductor,Masculino,No,Sin Registro,Solo Daños,Choque,Girar bruscamente,Calle 46  Sur Carrera 44,Primavera,Urbana,"(6.164371719, -75.59631716)"
2163315,11/25/2016,10:40 a.m.,Viernes,Automovil,Particular,Conductor,Femenino,No,Sin Registro,Solo Daños,Choque,Girar bruscamente,Calle 46  Sur Carrera 44,Primavera,Urbana,"(6.164371719, -75.59631716)"
2163271,11/25/2016,11:00 a.m.,Viernes,Automovil,Particular,Conductor,Femenino,No,Sin Registro,Solo Daños,Choque,No mantener distancia de seguridad,Carrera 50 Calle 47  Sur,Las Vegas,Urbana,
2163271,11/25/2016,11:00 a.m.,Viernes,Camion,Publico,Conductor,Masculino,No,Sin Registro,Solo Daños,Choque,No mantener distancia de seguridad,Carrera 50 Calle 47  Sur,Las Vegas,Urbana,
2163282,11/25/2016,11:45 a.m.,Viernes,Automovil,Particular,Conductor,Masculino,No,Sin Registro,Solo Daños,Choque,Reverso imprudente,Carrera 48 Calle 35  Sur,Glorieta De Peldar,Urbana,"(6.174910353, -75.59114403)"
2163282,11/25/2016,11:45 a.m.,Viernes,Automovil,Particular,Conductor,Masculino,No,Sin Registro,Solo Daños,Choque,Reverso imprudente,Carrera 48 Calle 35  Sur,Glorieta De Peldar,Urbana,"(6.174910353, -75.59114403)"
2163310,11/25/2016,1:00 p.m.,Viernes,Automovil,Particular,Conductor,Masculino,No,Sin Registro,Solo Daños,Choque,No mantener distancia de seguridad,Tramo 372 Kilometro  14,Vereda Palmas,Rural,
2163310,11/25/2016,1:00 p.m.,Viernes,Camioneta,Particular,Conductor,Masculino,No,Sin Registro,Solo Daños,Choque,No mantener distancia de seguridad,Tramo 372 Kilometro  14,Vereda Palmas,Rural,
2163288,11/25/2016,1:40 p.m.,Viernes,Microbus,Publico,Conductor,Masculino,No,Sin Registro,Herido,Caida Ocupante,Transitar con las puertas abiertas,Calle 38 A Sur Carrera 41,Zona Centro,Urbana,"(6.168560755, -75.58701537)"
2163312,11/25/2016,1:40 p.m.,Viernes,Campero,Particular,Conductor,Masculino,No,Sin Registro,Solo Daños,Choque,Exceso de velocidad,Tramo 371 Kilometro  9,Vereda Palmas,Rural,
2163312,11/25/2016,1:40 p.m.,Viernes,Automovil,Particular,Conductor,Femenino,No,Sin Registro,Solo Daños,Choque,Exceso de velocidad,Tramo 371 Kilometro  9,Vereda Palmas,Rural,
2163302,11/25/2016,1:45 p.m.,Viernes,Camioneta,Particular,Conductor,Femenino,No,Sin Registro,Herido,Choque,No mantener distancia de seguridad,Tramo 371 Kilometro  16,Vereda Palmas,Rural,
2163302,11/25/2016,1:45 p.m.,Viernes,Motocicleta,Particular,Motociclista,Masculino,No,Sin Registro,Herido,Choque,No mantener distancia de seguridad,Tramo 371 Kilometro  16,Vereda Palmas,Rural,
2163274,11/25/2016,2:05 p.m.,Viernes,Automovil,Publico,Conductor,Masculino,No,Sin Registro,Solo Daños,Choque,Adelantar cerrando,Carrera 43 A Calle 23  Sur,Avenida El Poblado,Urbana,"(6.182555831, -75.58017793)"
2163274,11/25/2016,2:05 p.m.,Viernes,Motocicleta,Particular,Motociclista,Masculino,No,Sin Registro,Solo Daños,Choque,Adelantar cerrando,Carrera 43 A Calle 23  Sur,Avenida El Poblado,Urbana,"(6.182555831, -75.58017793)"
2163267,11/25/2016,2:30 p.m.,Viernes,Automovil,Particular,Conductor,Masculino,No,Sin Registro,Herido,Choque,Transitar entre vehiculos,Carrera 43 A Calle 23  Sur,Villa Grande,Urbana,"(6.182555831, -75.58017793)"
2163267,11/25/2016,2:30 p.m.,Viernes,Motocicleta,Particular,Motociclista,Masculino,No,Sin Registro,Herido,Choque,Transitar entre vehiculos,Carrera 43 A Calle 23  Sur,Villa Grande,Urbana,"(6.182555831, -75.58017793)"
2163284,11/25/2016,2:45 p.m.,Viernes,Automovil,Particular,Conductor,Masculino,No,Sin Registro,Solo Daños,Choque,No mantener distancia de seguridad,Carrera 48 Calle 19  Sur,Las Vegas,Urbana,"(6.187349001, -75.58153568)"
2163284,11/25/2016,2:45 p.m.,Viernes,Motocicleta,Particular,Motociclista,Masculino,No,Sin Registro,Solo Daños,Choque,No mantener distancia de seguridad,Carrera 48 Calle 19  Sur,Las Vegas,Urbana,"(6.187349001, -75.58153568)"
2163275,11/25/2016,5:00 p.m.,Viernes,Camioneta,Particular,Conductor,Femenino,No,Sin Registro,Solo Daños,Choque,Adelantar cerrando,Calle 21  Sur Carrera 43 A,Zuñiga,Urbana,"(6.18399286, -75.57959764)"
2163275,11/25/2016,5:00 p.m.,Viernes,Camioneta,Particular,Conductor,Masculino,No,Sin Registro,Solo Daños,Choque,Adelantar cerrando,Calle 21  Sur Carrera 43 A,Zuñiga,Urbana,"(6.18399286, -75.57959764)"
2163272,11/25/2016,6:15 p.m.,Viernes,Automovil,Particular,Conductor,Masculino,No,Sin Registro,Solo Daños,Choque,Exceso de velocidad,Tramo 371 Kilometro  5,Vereda El Escobero,Rural,
2163265,11/25/2016,9:30 p.m.,Viernes,Motocicleta,Particular,Motociclista,Femenino,No,Sin Registro,Herido,Choque,Semaforo en rojo,Carrera 48 Calle 46  Sur,Las Vegas,Urbana,"(6.166195386, -75.59928549)"
2163265,11/25/2016,9:30 p.m.,Viernes,Motocicleta,Particular,Motociclista,Masculino,No,Sin Registro,Herido,Choque,Semaforo en rojo,Carrera 48 Calle 46  Sur,Las Vegas,Urbana,"(6.166195386, -75.59928549)"
2163300,11/26/2016,2:00 a.m.,Sábado,Motocicleta,Particular,Motociclista,Masculino,Si,1,Herido,Choque,Semaforo en rojo,Calle 37  Sur Diagonal 31,La Pradera,Urbana,"(6.166120684, -75.58074061)"
2163300,11/26/2016,2:00 a.m.,Sábado,Motocicleta,Particular,Motociclista,Masculino,No,Sin Registro,Herido,Choque,Semaforo en rojo,Calle 37  Sur Diagonal 31,La Pradera,Urbana,"(6.166120684, -75.58074061)"
2163298,11/26/2016,5:30 a.m.,Sábado,Motocicleta,Particular,Motociclista,Masculino,No,Sin Registro,Herido,Choque,Otra,Carrera 50 Calle 32 B Sur,Las Vegas,Urbana,"(6.178248378, -75.59168828)"
2163298,11/26/2016,5:30 a.m.,Sábado,Motocicleta,Particular,Motociclista,Masculino,No,Sin Registro,Herido,Choque,Otra,Carrera 50 Calle 32 B Sur,Las Vegas,Urbana,"(6.178248378, -75.59168828)"
2163270,11/26/2016,10:45 a.m.,Sábado,Automovil,Particular,Conductor,Masculino,No,Sin Registro,Solo Daños,Choque,Girar bruscamente,Calle 40  Sur Carrera 46,Alcala,Urbana,"(6.169002847, -75.59390017)"
2163270,11/26/2016,10:45 a.m.,Sábado,Camioneta,Publico,Conductor,Masculino,No,Sin Registro,Solo Daños,Choque,Girar bruscamente,Calle 40  Sur Carrera 46,Alcala,Urbana,"(6.169002847, -75.59390017)"
2163309,11/26/2016,11:15 a.m.,Sábado,Motocicleta,Particular,Motociclista,Masculino,No,Sin Registro,Solo Daños,Choque,Transitar entre vehiculos,Carrera 50 Calle 32  Sur,Las Vegas,Urbana,"(6.178248378, -75.59168828)"
2163309,11/26/2016,11:15 a.m.,Sábado,Automovil,Publico,Conductor,Masculino,No,Sin Registro,Solo Daños,Choque,Transitar entre vehiculos,Carrera 50 Calle 32  Sur,Las Vegas,Urbana,"(6.178248378, -75.59168828)"
2163309,11/26/2016,11:15 a.m.,Sábado,Motocicleta,Particular,Motociclista,Masculino,No,Sin Registro,Solo Daños,Choque,Transitar entre vehiculos,Carrera 50 Calle 32  Sur,Las Vegas,Urbana,"(6.178248378, -75.59168828)"
2163291,11/26/2016,1:30 p.m.,Sábado,Microbus,Publico,Conductor,Masculino,No,Sin Registro,Solo Daños,Choque,Semaforo en rojo,Carrera 48 Calle 46  Sur,Las Vegas,Urbana,"(6.166195386, -75.59928549)"