RADICADO,FECHA,HORA,DÍA DE LA SEMANA,CLASE DE VEHICULO,TIPO DE SERVICIO,TIPO DE VICTIMA,SEXO,ESTADO DE BEODEZ,RESULTADO DE BEODEZ,GRAVEDAD,CLASE DE ACCIDENTE,CAUSA,DIRECCIÓN,BARRIO,AREA,Coordenadas
2163291,11/26/2016,1:30 p.m.,Sábado,Automovil,Particular,Conductor,Femenino,No,Sin Registro,Solo Daños,Choque,Semaforo en rojo,Carrera 48 Calle 46  Sur,Las Vegas,Urbana,"(6.166195386, -75.59928549)"
2163303,11/26/2016,1:30 p.m.,Sábado,Camioneta,Particular,Conductor,Femenino,No,Sin Registro,Herido,Choque,Desobedecer senales,Tramo 371 Kilometro  1,Vereda Palmas,Rural,
2163303,11/26/2016,1:30 p.m.,Sábado,Motocicleta,Particular,Motociclista,Masculino,No,Sin Registro,Herido,Choque,Desobedecer senales,Tramo 371 Kilometro  1,Vereda Palmas,Rural,
2163279,11/26/2016,2:40 p.m.,Sábado,Camion,Particular,Conductor,Masculino,No,Sin Registro,Solo Daños,Choque,Adelantar cerrando,Calle 37  Sur Carrera 43 A,Zona Centro,Urbana,"(6.171151654, -75.58815663)"
2163279,11/26/2016,2:40 p.m.,Sábado,Camioneta,Particular,Conductor,Masculino,No,Sin Registro,Solo Daños,Choque,Adelantar cerrando,Calle 37  Sur Carrera 43 A,Zona Centro,Urbana,"(6.171151654, -75.58815663)"
2163268,11/26/2016,3:15 p.m.,Sábado,Camioneta,Particular,Conductor,Masculino,No,Sin Registro,Solo Daños,Choque,No mantener distancia de seguridad,Tramo 371 Kilometro  7,Vereda Palmas,Rural,
2163268,11/26/2016,3:15 p.m.,Sábado,Automovil,Publico,Conductor,Masculino,No,Sin Registro,Solo Daños,Choque,No mantener distancia de seguridad,Tramo 371 Kilometro  7,Vereda Palmas,Rural,
2163268,11/26/2016,3:15 p.m.,Sábado,Automovil,Particular,Conductor,Masculino,No,Sin Registro,Solo Daños,Choque,No mantener distancia de seguridad,Tramo 371 Kilometro  7,Vereda Palmas,Rural,
2163280,11/26/2016,3:30 p.m.,Sábado,Automovil,Particular,Conductor,Femenino,No,Sin Registro,Solo Daños,Choque,Poner en marcha un vehiculo sin precauci,Carrera 43 A Calle 33  Sur,San Marcos,Urbana,"(6.173661976, -75.58650365)"
2163280,11/26/2016,3:30 p.m.,Sábado,Automovil,Particular,Conductor,Femenino,No,Sin Registro,Solo Daños,Choque,Poner en marcha un vehiculo sin precauci,Carrera 43 A Calle 33  Sur,San Marcos,Urbana,"(6.173661976, -75.58650365)"
2163269,11/26/2016,5:00 p.m.,Sábado,Motocicleta,Particular,Motociclista,Masculino,No,Sin Registro,Solo Daños,Choque,Semaforo en rojo,Calle 39  Sur Carrera 42,Zona Centro,Urbana,"(6.168300638, -75.58815927)"
2163269,11/26/2016,5:00 p.m.,Sábado,Motocicleta,Particular,Motociclista,Masculino,No,Sin Registro,Solo Daños,Choque,Semaforo en rojo,Calle 39  Sur Carrera 42,Zona Centro,Urbana,"(6.168300638, -75.58815927)"
2163297,11/27/2016,4:45 a.m.,Domingo,Automovil,Particular,Conductor,Masculino,No,Sin Registro,Solo Daños,Choque,Exceso de velocidad,Tramo 371 Kilometro  9,Vereda Palmas,Rural,
2163307,11/27/2016,6:30 a.m.,Domingo,Automovil,Publico,Conductor,Masculino,No,Sin Registro,Solo Daños,Choque,No mantener distancia de seguridad,Diagonal 31 Transversal 34,Sin Registro,Urbana,"(6.172689669, -75.57882729)"
2163307,11/27/2016,6:30 a.m.,Domingo,Automovil,Diplomatico,Conductor,Masculino,No,Sin Registro,Solo Daños,Choque,No mantener distancia de seguridad,Diagonal 31 Transversal 34,Sin Registro,Urbana,"(6.172689669, -75.57882729)"
2163273,11/27/2016,9:00 a.m.,Domingo,Motocicleta,Particular,Motociclista,Masculino,No,Sin Registro,Solo Daños,Choque,Desobedecer senales,Calle 38  Sur Carrera 46,Alcala,Urbana,"(6.171966643, -75.59136974)"
2163273,11/27/2016,9:00 a.m.,Domingo,Automovil,Particular,Conductor,Masculino,No,Sin Registro,Solo Daños,Choque,Desobedecer senales,Calle 38  Sur Carrera 46,Alcala,Urbana,"(6.171966643, -75.59136974)"
2163293,11/27/2016,12:40 p.m.,Domingo,Automovil,Particular,Conductor,Masculino,No,Sin Registro,Solo Daños,Choque,No respetar prelacion,Calle 38 A Sur Carrera 32,Mesa,Urbana,"(6.165315433, -75.58202949)"
2163293,11/27/2016,12:40 p.m.,Domingo,Automovil,Publico,Conductor,Masculino,No,Sin Registro,Solo Daños,Choque,No respetar prelacion,Calle 38 A Sur Carrera 32,Mesa,Urbana,"(6.165315433, -75.58202949)"
2163296,11/27/2016,3:30 p.m.,Domingo,Camioneta,Particular,Conductor,Masculino,No,Sin Registro,Solo Daños,Choque,Impericia en el manejo,Carrera 24 F Calle 40  Sur,El Salado,Urbana,"(6.150574304, -75.57767045)"
2163266,11/27/2016,9:30 p.m.,Domingo,Automovil,Publico,Conductor,Masculino,No,Sin Registro,Solo Daños,Choque,Adelantar cerrando,Calle 38 B Sur Carrera 26,El Chinguí,Urbana,
2163266,11/27/2016,9:30 p.m.,Domingo,Automovil,Particular,Conductor,Masculino,No,Sin Registro,Solo Daños,Choque,Adelantar cerrando,Calle 38 B Sur Carrera 26,El Chinguí,Urbana,
2163283,11/27/2016,9:30 p.m.,Domingo,Campero,Particular,Conductor,Femenino,No,Sin Registro,Solo Daños,Choque,Exceso de velocidad,Carrera 42 A Calle 26 A Sur,Las Orquideas,Urbana,"(6.177792644, -75.57868354)"
2163283,11/27/2016,9:30 p.m.,Domingo,Automovil,Particular,Conductor,Masculino,No,Sin Registro,Solo Daños,Choque,Exceso de velocidad,Carrera 42 A Calle 26 A Sur,Las Orquideas,Urbana,"(6.177792644, -75.57868354)"
2163311,11/28/2016,6:00 a.m.,Lunes,Motocicleta,Particular,Motociclista,Masculino,No,Sin Registro,Herido,Choque,Transitar entre vehiculos,Calle 37  Sur Carrera 49,Las Vegas,Urbana,"(6.174789471, -75.59420424)"
2163311,11/28/2016,6:00 a.m.,Lunes,Bicicleta,Particular,Ciclista,Masculino,No,Sin Registro,Herido,Choque,Transitar entre vehiculos,Calle 37  Sur Carrera 49,Las Vegas,Urbana,"(6.174789471, -75.59420424)"
2163286,11/28/2016,7:00 a.m.,Lunes,Motocicleta,Particular,Motociclista,Masculino,No,Sin Registro,Herido,Choque,Adelantar cerrando,Tramo 372 Kilometro  16,Vereda Palmas,Rural,
2163286,11/28/2016,7:00 a.m.,Lunes,Motocicleta,Particular,Motociclista,Masculino,No,Sin Registro,Herido,Choque,Adelantar cerrando,Tramo 372 Kilometro  16,Vereda Palmas,Rural,
2163308,11/28/2016,7:20 a.m.,Lunes,Automovil,Particular,Conductor,Masculino,No,Sin Registro,Solo Daños,Choque,No mantener distancia de seguridad,Carrera 48 Calle 50  Sur,Las Casitas,Urbana,
2163308,11/28/2016,7:20 a.m.,Lunes,Automovil,Publico,Conductor,Masculino,No,Sin Registro,Solo Daños,Choque,No mantener distancia de seguridad,Carrera 48 Calle 50  Sur,Las Casitas,Urbana,
2163290,11/28/2016,7:45 a.m.,Lunes,Motocicleta,Particular,Motociclista,Masculino,No,Sin Registro,Solo Daños,Choque,Adelantar por la derecha,Carrera 49 Calle 43  Sur,Las Vegas,Urbana,"(6.160925818, -75.59998009)"
2163290,11/28/2016,7:45 a.m.,Lunes,Automovil,Diplomatico,Conductor,Masculino,No,Sin Registro,Solo Daños,Choque,Adelantar por la derecha,Carrera 49 Calle 43  Sur,Las Vegas,Urbana,"(6.160925818, -75.59998009)"
2170419,11/28/2016,8:00 a.m.,Lunes,Automovil,Particular,Conductor,Femenino,No,Sin Registro,Solo Daños,Choque,Otra,Tramo 372 Kilometro  3,Vereda Palmas,Rural,
2170419,11/28/2016,8:00 a.m.,Lunes,Microbus,Publico,Conductor,Masculino,No,Sin Registro,Solo Daños,Choque,Otra,Tramo 372 Kilometro  3,Vereda Palmas,Rural,
2163289,11/28/2016,11:00 a.m.,Lunes,Camioneta,Particular,Conductor,Masculino,No,Sin Registro,Solo Daños,Choque,No respetar prelacion,Calle 37  Sur Carrera 32,Mesa,Urbana,"(6.166691719, -75.58118599)"
2163289,11/28/2016,11:00 a.m.,Lunes,Automovil,Publico,Conductor,Masculino,No,Sin Registro,Solo Daños,Choque,No respetar prelacion,Calle 37  Sur Carrera 32,Mesa,Urbana,"(6.166691719, -75.58118599)"
2163305,11/28/2016,12:30 p.m.,Lunes,Automovil,Particular,Conductor,Femenino,No,Sin Registro,Solo Daños,Choque,Adelantar en zona prohibida,Calle 45 C Sur Carrera 39 E,Las Antillas,Urbana,"(6.161304446, -75.59172604)"
2163305,11/28/2016,12:30 p.m.,Lunes,Motocicleta,Particular,Motociclista,Masculino,No,Sin Registro,Solo Daños,Choque,Adelantar en zona prohibida,Calle 45 C Sur Carrera 39 E,Las Antillas,Urbana,"(6.161304446, -75.59172604)"
2163319,11/28/2016,3:20 p.m.,Lunes,Camioneta,Particular,Conductor,Masculino,No,Sin Registro,Solo Daños,Choque,Girar bruscamente,Carrera 49 Calle 25 AA Sur,Las Vegas,Urbana,"(6.18641241, -75.58506296)"
2163319,11/28/2016,3:20 p.m.,Lunes,Camioneta,Particular,Conductor,Masculino,No,Sin Registro,Solo Daños,Choque,Girar bruscamente,Carrera 49 Calle 25 AA Sur,Las Vegas,Urbana,"(6.18641241, -75.58506296)"
2163329,11/28/2016,3:40 p.m.,Lunes,Camioneta,Particular,Conductor,Femenino,No,Sin Registro,Solo Daños,Choque,No mantener distancia de seguridad,Carrera 43 A Calle 31  Sur,San Marcos,Urbana,"(6.176754685, -75.58546897)"
2163329,11/28/2016,3:40 p.m.,Lunes,Motocicleta,Particular,Motociclista,Masculino,No,Sin Registro,Solo Daños,Choque,No mantener distancia de seguridad,Carrera 43 A Calle 31  Sur,San Marcos,Urbana,"(6.176754685, -75.58546897)"
2163324,11/28/2016,4:00 p.m.,Lunes,Motocicleta,Particular,Motociclista,Masculino,No,Sin Registro,Solo Daños,Choque,Desobedecer senales,Carrera 41 Calle 40 B Sur,El Dorado,Urbana,"(6.166298108, -75.58821929)"
2163324,11/28/2016,4:00 p.m.,Lunes,Automovil,Particular,Conductor,Masculino,No,Sin Registro,Solo Daños,Choque,Desobedecer senales,Carrera 41 Calle 40 B Sur,El Dorado,Urbana,"(6.166298108, -75.58821929)"
2163320,11/28/2016,5:40 p.m.,Lunes,Camioneta,Diplomatico,Conductor,Masculino,No,Sin Registro,Solo Daños,Choque,Reverso imprudente,Carrera 48 Calle 37  Sur,Glorieta De Peldar,Urbana,"(6.172859211, -75.59276992)"
2163320,11/28/2016,5:40 p.m.,Lunes,Camioneta,Particular,Conductor,Femenino,No,Sin Registro,Solo Daños,Choque,Reverso imprudente,Carrera 48 Calle 37  Sur,Glorieta De Peldar,Urbana,"(6.172859211, -75.59276992)"
2163304,11/28/2016,8:50 p.m.,Lunes,Tractocamion,Publico,Conductor,Masculino,No,Sin Registro,Herido,Choque,Vehiculo mal estacionado,Carrera 50 Calle 32 B Sur,Las Vegas,Urbana,"(6.178248378, -75.59168828)"
2163304,11/28/2016,8:50 p.m.,Lunes,Motocicleta,Particular,Motociclista,Masculino,No,Sin Registro,Herido,Choque,Vehiculo mal estacionado,Carrera 50 Calle 32 B Sur,Las Vegas,Urbana,"(6.178248378, -75.59168828)"
2163299,11/28/2016,10:30 p.m.,Lunes,Camion,Publico,Conductor,Masculino,No,Sin Registro,Solo Daños,Choque,Otra,Calle 53 C Sur Carrera 40 B,Sin Registro,Urbana,
2163299,11/28/2016,10:30 p.m.,Lunes,Automovil,Particular,Conductor,Femenino,No,Sin Registro,Solo Daños,Choque,Otra,Calle 53 C Sur Carrera 40 B,Sin Registro,Urbana,
2163301,11/29/2016,5:15 a.m.,Martes,Automovil,Publico,Conductor,Masculino,No,Sin Registro,Herido,Atropello,Cruzar sin observar,Carrera 49 Calle 39 B Sur,Las Vegas,Urbana,"(6.173609359, -75.59707057)"
2163331,11/29/2016,5:20 a.m.,Martes,Bus,Publico,Conductor,Masculino,No,Sin Registro,Solo Daños,Choque,Adelantar cerrando,Carrera 49 Calle 39 B Sur,Las Vegas,Urbana,"(6.173609359, -75.59707057)"
2163331,11/29/2016,5:20 a.m.,Martes,Automovil,Publico,Conductor,Masculino,No,Sin Registro,Solo Daños,Choque,Adelantar cerrando,Carrera 49 Calle 39 B Sur,Las Vegas,Urbana,"(6.173609359, -75.59707057)"
2163306,11/29/2016,6:20 a.m.,Martes,Automovil,Particular,Conductor,Femenino,No,Sin Registro,Solo Daños,Choque,No mantener distancia de seguridad,Carrera 50 Calle 37  Sur,Las Vegas,Urbana,
2163306,11/29/2016,6:20 a.m.,Martes,Automovil,Particular,Conductor,Masculino,No,Sin Registro,Solo Daños,Choque,No mantener distancia de seguridad,Carrera 50 Calle 37  Sur,Las Vegas,Urbana,
2163313,11/29/2016,7:30 a.m.,Martes,Campero,Particular,Conductor,Masculino,No,Sin Registro,Solo Daños,Choque,Adelantar por la derecha,Carrera 48 Calle 37  Sur,Las Vegas,Urbana,"(6.172859211, -75.59276992)"
2163313,11/29/2016,7:30 a.m.,Martes,Camion,Publico,Conductor,Masculino,No,Sin Registro,Solo Daños,Choque,Adelantar por la derecha,Carrera 48 Calle 37  Sur,Las Vegas,Urbana,"(6.172859211, -75.59276992)"
2163314,11/29/2016,9:45 a.m.,Martes,Automovil,Particular,Conductor,Femenino,No,Sin Registro,Solo Daños,Choque,Adelantar por la derecha,Calle 36 D Sur Carrera 27 D,Vereda El Escobero,Urbana,"(6.164970853, -75.57463727)"
2163314,11/29/2016,9:45 a.m.,Martes,Motocicleta,Particular,Motociclista,Masculino,No,Sin Registro,Solo Daños,Choque,Adelantar por la derecha,Calle 36 D Sur Carrera 27 D,Vereda El Escobero,Urbana,"(6.164970853, -75.57463727)"
2170420,11/29/2016,10:00 a.m.,Martes,Automovil,Particular,Conductor,Masculino,No,Sin Registro,Solo Daños,Choque,Otra,Calle 25 AA Sur Carrera 48,Las Vegas,Urbana,"(6.18405129, -75.58478383)"
2170420,11/29/2016,10:00 a.m.,Martes,Camion,Publico,Conductor,Masculino,No,Sin Registro,Solo Daños,Choque,Otra,Calle 25 AA Sur Carrera 48,Las Vegas,Urbana,"(6.18405129, -75.58478383)"
2163335,11/29/2016,10:30 a.m.,Martes,Bus,Publico,Conductor,Masculino,No,Sin Registro,Solo Daños,Choque,No respetar prelacion,Calle 38 A Sur Carrera 31,Mesa,Urbana,"(6.164992599, -75.58152738)"
2163335,11/29/2016,10:30 a.m.,Martes,Camioneta,Publico,Conductor,Masculino,No,Sin Registro,Solo Daños,Choque,No respetar prelacion,Calle 38 A Sur Carrera 31,Mesa,Urbana,"(6.164992599, -75.58152738)"
2163332,11/29/2016,11:50 a.m.,Martes,Camion,Publico,Conductor,Masculino,No,Sin Registro,Solo Daños,Choque,Adelantar cerrando,Carrera 50 Calle 49  Sur,Las Vegas,Urbana,
2163332,11/29/2016,11:50 a.m.,Martes,Clase Accide No Identifi,Particular,Conductor,Masculino,No,Sin Registro,Solo Daños,Choque,Adelantar cerrando,Carrera 50 Calle 49  Sur,Las Vegas,Urbana,
2163337,11/29/2016,12:30 p.m.,Martes,Bus,Publico,Conductor,Masculino,No,Sin Registro,Solo Daños,Choque,Adelantar cerrando,Calle 39  Sur Carrera 43,Zona Centro,Urbana,"(6.168678771, -75.58876156)"
2163337,11/29/2016,12:30 p.m.,Martes,Automovil,Publico,Conductor,Masculino,No,Sin Registro,Solo Daños,Choque,Adelantar cerrando,Calle 39  Sur Carrera 43,Zona Centro,Urbana,"(6.168678771, -75.58876156)"
2163327,11/29/2016,1:45 p.m.,Martes,Bus,Publico,Conductor,Masculino,No,Sin Registro,Solo Daños,Choque,Poner en marcha un vehiculo sin precauci,Carrera 49 Calle 39 B Sur,Las Vegas,Urbana,"(6.173609359, -75.59707057)"
2163327,11/29/2016,1:45 p.m.,Martes,Camioneta,Particular,Conductor,Masculino,No,Sin Registro,Solo Daños,Choque,Poner en marcha un vehiculo sin precauci,Carrera 49 Calle 39 B Sur,Las Vegas,Urbana,"(6.173609359, -75.59707057)"
2163322,11/29/2016,3:05 p.m.,Martes,Motocicleta,Particular,Motociclista,Masculino,No,Sin Registro,Solo Daños,Choque,Transitar entre vehiculos,Carrera 48 Calle 19  Sur,Las Vegas,Urbana,"(6.187349001, -75.58153568)"
2163322,11/29/2016,3:05 p.m.,Martes,Motocicleta,Particular,Motociclista,Masculino,No,Sin Registro,Solo Daños,Choque,Transitar entre vehiculos,Carrera 48 Calle 19  Sur,Las Vegas,Urbana,"(6.187349001, -75.58153568)"
2163322,11/29/2016,3:05 p.m.,Martes,Motocicleta,Particular,Motociclista,Masculino,No,Sin Registro,Solo Daños,Choque,Transitar entre vehiculos,Carrera 48 Calle 19  Sur,Las Vegas,Urbana,"(6.187349001, -75.58153568)"
2163323,11/29/2016,5:20 p.m.,Martes,Camioneta,Particular,Conductor,Masculino,No,Sin Registro,Solo Daños,Choque,Reverso imprudente,Carrera 50 Calle 23  Sur,Zuñiga,Urbana,
2163323,11/29/2016,5:20 p.m.,Martes,Automovil,Particular,Conductor,Masculino,No,Sin Registro,Solo Daños,Choque,Reverso imprudente,Carrera 50 Calle 23  Sur,Zuñiga,Urbana,
2163318,11/29/2016,6:00 p.m.,Martes,Motocicleta,Particular,Motociclista,Masculino,No,Sin Registro,Herido,Choque,Semaforo en rojo,Calle 30  Sur Carrera 48,Las Vegas,Urbana,"(6.180376127, -75.59028805)"
2163318,11/29/2016,6:00 p.m.,Martes,Motocicleta,Particular,Motociclista,Masculino,No,Sin Registro,Herido,Choque,Semaforo en rojo,Calle 30  Sur Carrera 48,Las Vegas,Urbana,"(6.180376127, -75.59028805)"
2163330,11/29/2016,8:30 p.m.,Martes,Tractocamion,Publico,Conductor,Masculino,No,Sin Registro,Herido,Choque,Transitar entre vehiculos,Carrera 50 Calle 25  Sur,Las Vegas,Urbana,"(6.186515998, -75.58512541)"
2163330,11/29/2016,8:30 p.m.,Martes,Motocicleta,Particular,Motociclista,Masculino,No,Sin Registro,Herido,Choque,Transitar entre vehiculos,Carrera 50 Calle 25  Sur,Las Vegas,Urbana,"(6.186515998, -75.58512541)"
2163325,11/29/2016,10:40 p.m.,Martes,Automovil,Particular,Conductor,Masculino,No,Sin Registro,Solo Daños,Choque,No mantener distancia de seguridad,Calle 37  Sur Carrera 50,Las Vegas,Urbana,
2163325,11/29/2016,10:40 p.m.,Martes,Camioneta,Particular,Conductor,Masculino,No,Sin Registro,Solo Daños,Choque,No mantener distancia de seguridad,Calle 37  Sur Carrera 50,Las Vegas,Urbana,
2163338,11/30/2016,4:30 a.m.,Miércoles,Camion,Publico,Conductor,Masculino,No,Sin Registro,Herido,Choque,Desobedecer senales,Calle 38 A Sur Carrera 38,Mesa,Urbana,"(6.167339205, -75.58513636)"
2163338,11/30/2016,4:30 a.m.,Miércoles,Motocicleta,Particular,Motociclista,Masculino,No,Sin Registro,Herido,Choque,Desobedecer senales,Calle 38 A Sur Carrera 38,Mesa,Urbana,"(6.167339205, -75.58513636)"
2163354,11/30/2016,7:00 a.m.,Miércoles,Automovil,Particular,Conductor,Masculino,No,Sin Registro,Solo Daños,Choque,No mantener distancia de seguridad,Carrera 50 Calle 32  Sur,Las Vegas,Urbana,"(6.178248378, -75.59168828)"
2163354,11/30/2016,7:00 a.m.,Miércoles,Motocicleta,Particular,Motociclista,Masculino,No,Sin Registro,Solo Daños,Choque,No mantener distancia de seguridad,Carrera 50 Calle 32  Sur,Las Vegas,Urbana,"(6.178248378, -75.59168828)"
2163326,11/30/2016,8:10 a.m.,Miércoles,Camioneta,Particular,Conductor,Masculino,No,Sin Registro,Solo Daños,Choque,Transporte de carga sin seguridad,Carrera 50 Calle 25  Sur,Las Vegas,Urbana,"(6.186515998, -75.58512541)"
2163326,11/30/2016,8:10 a.m.,Miércoles,Motocicleta,Particular,Motociclista,Masculino,No,Sin Registro,Solo Daños,Choque,Transporte de carga sin seguridad,Carrera 50 Calle 25  Sur,Las Vegas,Urbana,"(6.186515998, -75.58512541)"
2163340,11/30/2016,8:30 a.m.,Miércoles,Camioneta,Particular,Conductor,Femenino,No,Sin Registro,Herido,Atropello,Poner en marcha un vehiculo sin precauci,Calle 25  Sur Carrera 43 A,Zuñiga,Urbana,"(6.181560189, -75.58201649)"
2163340,11/30/2016,8:30 a.m.,Miércoles,Camioneta,Particular,Conductor,Femenino,No,Sin Registro,Herido,Atropello,Cruzar sin observar,Calle 25  Sur Carrera 43 A,Zuñiga,Urbana,"(6.181560189, -75.58201649)"
2163316,11/30/2016,9:20 a.m.,Miércoles,Bus,Publico,Conductor,Masculino,No,Sin Registro,Solo Daños,Choque,Adelantar cerrando,Calle 25  Sur Carrera 46,Sin Registro,Urbana,"(6.183044029, -75.5826185)"
2163316,11/30/2016,9:20 a.m.,Miércoles,Campero,Particular,Conductor,Masculino,No,Sin Registro,Solo Daños,Choque,Adelantar cerrando,Calle 25  Sur Carrera 46,Sin Registro,Urbana,"(6.183044029, -75.5826185)"
2163333,11/30/2016,9:20 a.m.,Miércoles,Bus,Publico,Conductor,Masculino,No,Sin Registro,Solo Daños,Choque,No mantener distancia de seguridad,Calle 38 A Sur Carrera 43,Zona Centro,Urbana,"(6.169370628, -75.5883151)"
2163333,11/30/2016,9:20 a.m.,Miércoles,Automovil,Particular,Conductor,Masculino,No,Sin Registro,Solo Daños,Choque,No mantener distancia de seguridad,Calle 38 A Sur Carrera 43,Zona Centro,Urbana,"(6.169370628, -75.5883151)"
2163317,11/30/2016,10:55 a.m.,Miércoles,Camion,Publico,Conductor,Masculino,No,Sin Registro,Solo Daños,Choque,Impericia en el manejo,Carrera 48 Calle 25  Sur,Las Vegas,Urbana,"(6.185059174, -75.58329333)"
2163317,11/30/2016,10:55 a.m.,Miércoles,Automovil,Particular,Conductor,Masculino,No,Sin Registro,Solo Daños,Choque,Adelantar cerrando,Carrera 48 Calle 25  Sur,Las Vegas,Urbana,"(6.185059174, -75.58329333)"
2163317,11/30/2016,10:55 a.m.,Miércoles,Automovil,Particular,Conductor,Masculino,No,Sin Registro,Solo Daños,Choque,Impericia en el manejo,Carrera 48 Calle 25  Sur,Las Vegas,Urbana,"(6.185059174, -75.58329333)"
2163317,11/30/2016,10:55 a.m.,Miércoles,Camion,Publico,Conductor,Masculino,No,Sin Registro,Solo Daños,Choque,Adelantar cerrando,Carrera 48 Calle 25  Sur,Las Vegas,Urbana,"(6.185059174, -75.58329333)"
2163321,11/30/2016,12:30 p.m.,Miércoles,Automovil,Publico,Conductor,Masculino,No,Sin Registro,Solo Daños,Choque,Adelantar cerrando,Carrera 48 Calle 50  Sur,Las Vegas,Urbana,
2163321,11/30/2016,12:30 p.m.,Miércoles,Camion,Publico,Conductor,Masculino,No,Sin Registro,Solo Daños,Choque,Adelantar cerrando,Carrera 48 Calle 50  Sur,Las Vegas,Urbana,
2163466,12/14/2016,5:10 p.m.,Miércoles,Bus,Publico,Conductor,Masculino,No,Sin Registro,Solo Daños,Choque,No mantener distancia de seguridad,Carrera 50 Calle 37  Sur,Las Vegas,Urbana,
2163343,11/30/2016,1:20 p.m.,Miércoles,Microbus,Publico,Conductor,Masculino,No,Sin Registro,Solo Daños,Choque,Exceso de velocidad,Calle 36  Sur Carrera 25,La Inmaculada,Urbana,"(6.167194335, -75.56482628)"
2163343,11/30/2016,1:20 p.m.,Miércoles,Motocicleta,Particular,Motociclista,Masculino,No,Sin Registro,Solo Daños,Choque,Exceso de velocidad,Calle 36  Sur Carrera 25,La Inmaculada,Urbana,"(6.167194335, -75.56482628)"
2163334,11/30/2016,4:10 p.m.,Miércoles,Automovil,Particular,Conductor,Femenino,No,Sin Registro,Solo Daños,Choque,Adelantar cerrando,Calle 33 B Sur Carrera 48,Las Vegas,Urbana,"(6.172981087, -75.58607623)"
2163334,11/30/2016,4:10 p.m.,Miércoles,Sin Registro,Publico,Conductor,Masculino,No,Sin Registro,Solo Daños,Choque,Adelantar cerrando,Calle 33 B Sur Carrera 48,Las Vegas,Urbana,"(6.172981087, -75.58607623)"
2163361,11/30/2016,5:15 p.m.,Miércoles,Automovil,Particular,Conductor,Masculino,No,Sin Registro,Solo Daños,Choque,No mantener distancia de seguridad,Carrera 49 Calle 37  Sur,Sin Registro,Urbana,
2163361,11/30/2016,5:15 p.m.,Miércoles,Automovil,Particular,Conductor,Femenino,No,Sin Registro,Solo Daños,Choque,No mantener distancia de seguridad,Carrera 49 Calle 37  Sur,Sin Registro,Urbana,
2163336,11/30/2016,6:10 p.m.,Miércoles,Automovil,Particular,Conductor,Masculino,No,Sin Registro,Solo Daños,Choque,No respetar prelacion,Carrera 48 Calle 23  Sur,Las Vegas,Urbana,
2163336,11/30/2016,6:10 p.m.,Miércoles,Camion,Publico,Conductor,Masculino,No,Sin Registro,Solo Daños,Choque,No respetar prelacion,Carrera 48 Calle 23  Sur,Las Vegas,Urbana,
2163339,11/30/2016,8:10 p.m.,Miércoles,Camioneta,Particular,Conductor,Masculino,No,Sin Registro,Solo Daños,Choque,No mantener distancia de seguridad,Carrera 43 A Calle 22  Sur,Sin Registro,Urbana,"(6.183599544, -75.57940986)"
2163339,11/30/2016,8:10 p.m.,Miércoles,Automovil,Particular,Conductor,Masculino,No,Sin Registro,Solo Daños,Choque,No mantener distancia de seguridad,Carrera 43 A Calle 22  Sur,Sin Registro,Urbana,"(6.183599544, -75.57940986)"
2163342,11/30/2016,9:00 p.m.,Miércoles,Automovil,Particular,Conductor,Masculino,No,Sin Registro,Solo Daños,Choque,Otra,Calle 37  Sur Carrera 36,Mesa,Urbana,"(6.168044613, -75.58323697)"
2163342,11/30/2016,9:00 p.m.,Miércoles,Motocicleta,Particular,Motociclista,Masculino,No,Sin Registro,Solo Daños,Choque,Otra,Calle 37  Sur Carrera 36,Mesa,Urbana,"(6.168044613, -75.58323697)"
2163328,01/12/2016,12:20 a.m.,Jueves,Motocicleta,Particular,Motociclista,Masculino,No,Sin Registro,Muerto,Caida Ocupante,Impericia en el manejo,Calle 49  Sur Carrera 50,Las Vegas,Urbana,
2163341,01/12/2016,10:50 a.m.,Jueves,Bus,Publico,Conductor,Masculino,No,Sin Registro,Herido,Atropello,Otra,Calle 38  Sur Carrera 43 A,Zona Centro,Urbana,"(6.170537577, -75.58862514)"
2163368,01/12/2016,12:10 p.m.,Jueves,Motocicleta,Particular,Motociclista,Masculino,No,Sin Registro,Herido,Choque,No respetar prelacion,Calle 39  Sur Carrera 46,Alcala,Urbana,"(6.170549172, -75.59241821)"
2163368,01/12/2016,12:10 p.m.,Jueves,Motocicleta,Particular,Motociclista,Masculino,No,Sin Registro,Herido,Choque,No respetar prelacion,Calle 39  Sur Carrera 46,Alcala,Urbana,"(6.170549172, -75.59241821)"
2163363,02/12/2016,7:10 a.m.,Viernes,Automovil,Particular,Conductor,Femenino,No,Sin Registro,Solo Daños,Choque,Adelantar en zona prohibida,Calle 36  Sur Carrera 27,Sin Registro,Urbana,"(6.167154903, -75.56933697)"
2163363,02/12/2016,7:10 a.m.,Viernes,Motocicleta,Particular,Motociclista,Masculino,No,Sin Registro,Solo Daños,Choque,Adelantar en zona prohibida,Calle 36  Sur Carrera 27,Sin Registro,Urbana,"(6.167154903, -75.56933697)"
2163345,02/12/2016,10:40 a.m.,Viernes,Buseta,Publico,Conductor,Masculino,No,Sin Registro,Solo Daños,Choque,Desobedecer senales,Calle 45 A Sur Carrera 39 DD,El Trianon,Urbana,"(6.161984106, -75.59219678)"
2163345,02/12/2016,10:40 a.m.,Viernes,Motocicleta,Particular,Motociclista,Femenino,No,Sin Registro,Solo Daños,Choque,Desobedecer senales,Calle 45 A Sur Carrera 39 DD,El Trianon,Urbana,"(6.161984106, -75.59219678)"