RADICADO,FECHA,HORA,DÍA DE LA SEMANA,CLASE DE VEHICULO,TIPO DE SERVICIO,TIPO DE VICTIMA,SEXO,ESTADO DE BEODEZ,RESULTADO DE BEODEZ,GRAVEDAD,CLASE DE ACCIDENTE,CAUSA,DIRECCIÓN,BARRIO,AREA,Coordenadas
2163376,02/12/2016,12:15 p.m.,Viernes,Camioneta,Particular,Conductor,Masculino,No,Sin Registro,Solo Daños,Choque,Adelantar en zona prohibida,Tramo 371 Kilometro  7,Vereda Palmas,Rural,
2163376,02/12/2016,12:15 p.m.,Viernes,Motocicleta,Particular,Motociclista,Masculino,No,Sin Registro,Solo Daños,Choque,Adelantar en zona prohibida,Tramo 371 Kilometro  7,Vereda Palmas,Rural,
2163366,02/12/2016,1:50 p.m.,Viernes,Motocicleta,Particular,Motociclista,Masculino,No,Sin Registro,Solo Daños,Choque,No respetar prelacion,Calle 40  Sur Carrera 28 B,San Jose,Urbana,"(6.160728003, -75.58142402)"
2163366,02/12/2016,1:50 p.m.,Viernes,Automovil,Particular,Conductor,Masculino,No,Sin Registro,Solo Daños,Choque,No respetar prelacion,Calle 40  Sur Carrera 28 B,San Jose,Urbana,"(6.160728003, -75.58142402)"
2163353,02/12/2016,2:15 p.m.,Viernes,Camion,Publico,Conductor,Masculino,No,Sin Registro,Solo Daños,Choque,Otra,Calle 39 B Sur Carrera 50,Las Vegas,Urbana,
2163353,02/12/2016,2:15 p.m.,Viernes,Camioneta,Particular,Conductor,Masculino,No,Sin Registro,Solo Daños,Choque,Otra,Calle 39 B Sur Carrera 50,Las Vegas,Urbana,
2163353,02/12/2016,2:15 p.m.,Viernes,Camioneta,Particular,Conductor,Masculino,No,Sin Registro,Solo Daños,Choque,Otra,Calle 39 B Sur Carrera 50,Las Vegas,Urbana,
2163356,02/12/2016,2:50 p.m.,Viernes,Automovil,Particular,Conductor,Masculino,No,Sin Registro,Solo Daños,Choque,Exceso de velocidad,Tramo 371 Kilometro  14,Vereda Palmas,Rural,
2163359,02/12/2016,3:40 p.m.,Viernes,Automovil,Particular,Conductor,Masculino,No,Sin Registro,Solo Daños,Choque,Poner en marcha un vehiculo sin precauci,Calle 36  Sur Carrera 41,Zona Centro,Urbana,"(6.170639628, -75.58578509)"
2163359,02/12/2016,3:40 p.m.,Viernes,Camioneta,Particular,Conductor,Femenino,No,Sin Registro,Solo Daños,Choque,Poner en marcha un vehiculo sin precauci,Calle 36  Sur Carrera 41,Zona Centro,Urbana,"(6.170639628, -75.58578509)"
2163355,02/12/2016,4:15 p.m.,Viernes,Camion,Publico,Conductor,Masculino,No,Sin Registro,Solo Daños,Choque,No mantener distancia de seguridad,Carrera 50 Calle 39  Sur,Las Vegas,Urbana,
2163355,02/12/2016,4:15 p.m.,Viernes,Camioneta,Particular,Conductor,Masculino,No,Sin Registro,Solo Daños,Choque,No mantener distancia de seguridad,Carrera 50 Calle 39  Sur,Las Vegas,Urbana,
2163364,02/12/2016,6:40 p.m.,Viernes,Automovil,Particular,Conductor,Masculino,No,Sin Registro,Solo Daños,Choque,Adelantar cerrando,Carrera 43 A Calle 34  Sur,Zona Centro,Urbana,"(6.172927746, -75.586944)"
2163364,02/12/2016,6:40 p.m.,Viernes,Camion,Particular,Conductor,Masculino,No,Sin Registro,Solo Daños,Choque,Adelantar cerrando,Carrera 43 A Calle 34  Sur,Zona Centro,Urbana,"(6.172927746, -75.586944)"
2163371,02/12/2016,9:45 p.m.,Viernes,Automovil,Publico,Conductor,Masculino,No,Sin Registro,Solo Daños,Choque,Reverso imprudente,Carrera 49 Calle 39  Sur,Las Vegas,Urbana,"(6.173609359, -75.59707057)"
2163371,02/12/2016,9:45 p.m.,Viernes,Microbus,Publico,Conductor,Masculino,No,Sin Registro,Solo Daños,Choque,Reverso imprudente,Carrera 49 Calle 39  Sur,Las Vegas,Urbana,"(6.173609359, -75.59707057)"
2163362,03/12/2016,2:40 a.m.,Sábado,Microbus,Publico,Conductor,Masculino,No,Sin Registro,Solo Daños,Choque,Girar bruscamente,Carrera 50 Calle 37  Sur,Las Vegas,Urbana,
2163362,03/12/2016,2:40 a.m.,Sábado,Camion,Publico,Conductor,Masculino,No,Sin Registro,Solo Daños,Choque,Girar bruscamente,Carrera 50 Calle 37  Sur,Las Vegas,Urbana,
2163360,03/12/2016,12:00 p.m.,Sábado,Campero,Particular,Conductor,Masculino,No,Sin Registro,Solo Daños,Choque,No respetar prelacion,Calle 37 B Sur Carrera 27 E,Sin Registro,Urbana,"(6.159428343, -75.57378869)"
2163360,03/12/2016,12:00 p.m.,Sábado,Campero,Particular,Conductor,Masculino,No,Sin Registro,Solo Daños,Choque,No respetar prelacion,Calle 37 B Sur Carrera 27 E,Sin Registro,Urbana,"(6.159428343, -75.57378869)"
2163357,03/12/2016,2:30 p.m.,Sábado,Campero,Oficial,Conductor,Masculino,No,Sin Registro,Herido,Choque,No mantener distancia de seguridad,Diagonal 32 D Transversal 32,La Magnolia,Urbana,"(6.175661946, -75.58418404)"
2163357,03/12/2016,2:30 p.m.,Sábado,Motocicleta,Particular,Motociclista,Masculino,No,Sin Registro,Herido,Choque,No mantener distancia de seguridad,Diagonal 32 D Transversal 32,La Magnolia,Urbana,"(6.175661946, -75.58418404)"
2163358,03/12/2016,10:15 p.m.,Sábado,Automovil,Particular,Conductor,Masculino,No,Sin Registro,Solo Daños,Choque,Adelantar cerrando,Carrera 43 A Calle 39  Sur,Zona Centro,Urbana,"(6.169011071, -75.5894849)"
2163358,03/12/2016,10:15 p.m.,Sábado,Bus,Publico,Conductor,Masculino,No,Sin Registro,Solo Daños,Choque,Adelantar cerrando,Carrera 43 A Calle 39  Sur,Zona Centro,Urbana,"(6.169011071, -75.5894849)"
2163352,04/12/2016,4:00 a.m.,Domingo,Automovil,Particular,Conductor,Masculino,No,Sin Registro,Solo Daños,Choque,Impericia en el manejo,Tramo 372 Kilometro  16,Vereda Palmas,Rural,
2163352,04/12/2016,4:00 a.m.,Domingo,Automovil,Particular,Conductor,Masculino,No,Sin Registro,Solo Daños,Choque,Exceso de velocidad,Tramo 372 Kilometro  16,Vereda Palmas,Rural,
2163346,04/12/2016,5:50 a.m.,Domingo,Campero,Particular,Conductor,Masculino,Si,3,Solo Daños,Choque,Embriaguez o droga,Calle 40 A Sur Carrera 42,El Dorado,Urbana,"(6.168801152, -75.59444901)"
2163350,04/12/2016,6:50 a.m.,Domingo,Automovil,Particular,Conductor,Femenino,Si,2,Solo Daños,Choque,Exceso de velocidad,Calle 25  Sur Carrera 46,Zuñiga,Urbana,"(6.183044029, -75.5826185)"
2163351,04/12/2016,2:00 p.m.,Domingo,Bus,Publico,Conductor,Masculino,No,Sin Registro,Solo Daños,Choque,Desobedecer senales,Carrera 46 Calle 39  Sur,Alcala,Urbana,"(6.170504216, -75.59251874)"
2163351,04/12/2016,2:00 p.m.,Domingo,Motocicleta,Particular,Motociclista,Femenino,No,Sin Registro,Solo Daños,Choque,Desobedecer senales,Carrera 46 Calle 39  Sur,Alcala,Urbana,"(6.170504216, -75.59251874)"
2163347,04/12/2016,8:06 p.m.,Domingo,Automovil,Particular,Conductor,Masculino,No,Sin Registro,Solo Daños,Choque,No mantener distancia de seguridad,Carrera 50 Calle 37  Sur,Las Vegas,Urbana,
2163347,04/12/2016,8:06 p.m.,Domingo,Camioneta,Publico,Conductor,Masculino,No,Sin Registro,Solo Daños,Choque,No mantener distancia de seguridad,Carrera 50 Calle 37  Sur,Las Vegas,Urbana,
2163349,04/12/2016,8:30 p.m.,Domingo,Automovil,Particular,Conductor,Masculino,No,Sin Registro,Solo Daños,Choque,No mantener distancia de seguridad,Calle 37  Sur Carrera 48,Las Vegas,Urbana,"(6.17412211, -75.59306111)"
2163349,04/12/2016,8:30 p.m.,Domingo,Automovil,Publico,Conductor,Masculino,No,Sin Registro,Solo Daños,Choque,No mantener distancia de seguridad,Calle 37  Sur Carrera 48,Las Vegas,Urbana,"(6.17412211, -75.59306111)"
2163369,04/12/2016,8:50 p.m.,Domingo,Automovil,Particular,Conductor,Masculino,No,Sin Registro,Solo Daños,Choque,Desobedecer senales,Calle 36 D Sur Carrera 27,Vereda El Escobero,Urbana,"(6.162479576, -75.57022257)"
2163369,04/12/2016,8:50 p.m.,Domingo,Motocicleta,Particular,Motociclista,Masculino,No,Sin Registro,Solo Daños,Choque,Desobedecer senales,Calle 36 D Sur Carrera 27,Vereda El Escobero,Urbana,"(6.162479576, -75.57022257)"
2163348,04/12/2016,10:15 p.m.,Domingo,Automovil,Particular,Conductor,Masculino,No,Sin Registro,Solo Daños,Choque,Exceso de velocidad,Tramo 372 Kilometro  15,Vereda Palmas,Rural,
2163365,05/12/2016,6:30 a.m.,Lunes,Bus,Publico,Conductor,Masculino,No,Sin Registro,Solo Daños,Choque,Estacionar sin seguridad,Calle 40 B Sur Carrera 39 A,El Dorado,Urbana,"(6.165386968, -75.58718501)"
2163373,05/12/2016,7:15 a.m.,Lunes,Automovil,Particular,Conductor,Femenino,No,Sin Registro,Solo Daños,Choque,No respetar prelacion,Carrera 48 Calle 37  Sur,Las Vegas,Urbana,"(6.172859211, -75.59276992)"
2163373,05/12/2016,7:15 a.m.,Lunes,Automovil,Particular,Conductor,Masculino,No,Sin Registro,Solo Daños,Choque,No respetar prelacion,Carrera 48 Calle 37  Sur,Las Vegas,Urbana,"(6.172859211, -75.59276992)"
2163374,05/12/2016,10:30 a.m.,Lunes,Motocicleta,Particular,Motociclista,Masculino,No,Sin Registro,Solo Daños,Choque,No mantener distancia de seguridad,Carrera 48 Calle 49 B Sur,Las Casitas,Urbana,"(6.162599027, -75.60278747)"
2163374,05/12/2016,10:30 a.m.,Lunes,Camioneta,Particular,Conductor,Femenino,No,Sin Registro,Solo Daños,Choque,No mantener distancia de seguridad,Carrera 48 Calle 49 B Sur,Las Casitas,Urbana,"(6.162599027, -75.60278747)"
2163380,05/12/2016,12:00 p.m.,Lunes,Tractocamion,Publico,Conductor,Masculino,No,Sin Registro,Solo Daños,Choque,Reverso imprudente,Carrera 48 Calle 25 A Sur,Las Vegas,Urbana,"(6.184740152, -75.58365742)"
2163380,05/12/2016,12:00 p.m.,Lunes,Camion,Publico,Conductor,Masculino,No,Sin Registro,Solo Daños,Choque,Reverso imprudente,Carrera 48 Calle 25 A Sur,Las Vegas,Urbana,"(6.184740152, -75.58365742)"
2170240,05/12/2016,1:15 p.m.,Lunes,Automovil,Particular,Conductor,Femenino,No,Sin Registro,Solo Daños,Choque,Otra,Calle 37  Sur Carrera 48,El Portal,Urbana,"(6.17412211, -75.59306111)"
2170240,05/12/2016,1:15 p.m.,Lunes,Tractocamion,Publico,Conductor,Sin registro,No,Sin Registro,Solo Daños,Choque,Otra,Calle 37  Sur Carrera 48,El Portal,Urbana,"(6.17412211, -75.59306111)"
2163372,05/12/2016,1:30 p.m.,Lunes,Automovil,Particular,Conductor,Masculino,No,Sin Registro,Solo Daños,Choque,No mantener distancia de seguridad,Carrera 48 Calle 38 A Sur,Las Vegas,Urbana,"(6.172315595, -75.59309025)"
2163372,05/12/2016,1:30 p.m.,Lunes,Camion,Publico,Conductor,Masculino,No,Sin Registro,Solo Daños,Choque,No mantener distancia de seguridad,Carrera 48 Calle 38 A Sur,Las Vegas,Urbana,"(6.172315595, -75.59309025)"
2163370,05/12/2016,3:45 p.m.,Lunes,Motocicleta,Particular,Motociclista,Masculino,No,Sin Registro,Herido,Caida Ocupante,Impericia en el manejo,Tramo 371 Kilometro  1,Vereda El Escobero,Rural,
2163375,05/12/2016,4:00 p.m.,Lunes,Automovil,Publico,Conductor,Masculino,No,Sin Registro,Solo Daños,Choque,No mantener distancia de seguridad,Carrera 43 A Calle 25 A Sur,Zuñiga,Urbana,"(6.181504184, -75.5817415)"
2163375,05/12/2016,4:00 p.m.,Lunes,Automovil,Particular,Conductor,Masculino,No,Sin Registro,Solo Daños,Choque,No mantener distancia de seguridad,Carrera 43 A Calle 25 A Sur,Zuñiga,Urbana,"(6.181504184, -75.5817415)"
2163378,05/12/2016,5:51 p.m.,Lunes,Motocicleta,Particular,Motociclista,Masculino,No,Sin Registro,Solo Daños,Choque,Desobedecer senales,Calle 38 A Sur Carrera 38,Mesa,Urbana,"(6.167339205, -75.58513636)"
2163378,05/12/2016,5:51 p.m.,Lunes,Motocicleta,Particular,Motociclista,Masculino,No,Sin Registro,Solo Daños,Choque,Desobedecer senales,Calle 38 A Sur Carrera 38,Mesa,Urbana,"(6.167339205, -75.58513636)"
2170815,05/12/2016,6:00 p.m.,Lunes,Automovil,Particular,Conductor,Masculino,No,Sin Registro,Solo Daños,Choque,Otra,Calle 36 D Sur Carrera 27 D,La Magnolia,Urbana,"(6.164970853, -75.57463727)"
2170815,05/12/2016,6:00 p.m.,Lunes,Motocicleta,Particular,Motociclista,Sin registro,No,Sin Registro,Solo Daños,Choque,Otra,Calle 36 D Sur Carrera 27 D,La Magnolia,Urbana,"(6.164970853, -75.57463727)"
2163384,05/12/2016,7:00 p.m.,Lunes,Campero,Particular,Conductor,Masculino,No,Sin Registro,Herido,Choque,Adelantar por la derecha,Calle 38  Sur Carrera 32,Mesa,Urbana,"(6.166011939, -75.58158121)"
2163384,05/12/2016,7:00 p.m.,Lunes,Motocicleta,Particular,Motociclista,Masculino,No,Sin Registro,Herido,Choque,Adelantar por la derecha,Calle 38  Sur Carrera 32,Mesa,Urbana,"(6.166011939, -75.58158121)"
2163381,06/12/2016,8:15 a.m.,Martes,Campero,Particular,Conductor,Masculino,No,Sin Registro,Solo Daños,Choque,Impericia en el manejo,Tramo 371 Kilometro  1,Vereda Perico,Rural,
2163381,06/12/2016,8:15 a.m.,Martes,Motocicleta,Particular,Motociclista,Masculino,No,Sin Registro,Solo Daños,Choque,Impericia en el manejo,Tramo 371 Kilometro  1,Vereda Perico,Rural,
2163379,06/12/2016,9:50 a.m.,Martes,Bus,Publico,Conductor,Masculino,No,Sin Registro,Herido,Otro,Impericia en el manejo,Diagonal 31 Transversal 33 A,Las Flores,Urbana,"(6.173761816, -75.5789197)"
2163394,06/12/2016,12:50 p.m.,Martes,Automovil,Particular,Conductor,Masculino,No,Sin Registro,Solo Daños,Choque,No respetar prelacion,Carrera 50 Calle 37  Sur,Las Vegas,Urbana,
2163394,06/12/2016,12:50 p.m.,Martes,Sin Registro,Publico,Conductor,Masculino,No,Sin Registro,Solo Daños,Choque,No respetar prelacion,Carrera 50 Calle 37  Sur,Las Vegas,Urbana,
2163394,06/12/2016,12:50 p.m.,Martes,Automovil,Publico,Conductor,Masculino,No,Sin Registro,Solo Daños,Choque,No respetar prelacion,Carrera 50 Calle 37  Sur,Las Vegas,Urbana,
2163386,06/12/2016,3:10 p.m.,Martes,Automovil,Particular,Conductor,Femenino,No,Sin Registro,Herido,Choque,Desobedecer senales,Carrera 46 Calle 39  Sur,Alcala,Urbana,"(6.170504216, -75.59251874)"
2163386,06/12/2016,3:10 p.m.,Martes,Motocicleta,Particular,Motociclista,Masculino,No,Sin Registro,Herido,Choque,Desobedecer senales,Carrera 46 Calle 39  Sur,Alcala,Urbana,"(6.170504216, -75.59251874)"
2163386,06/12/2016,3:10 p.m.,Martes,Automovil,Particular,Conductor,Masculino,No,Sin Registro,Herido,Choque,Desobedecer senales,Carrera 46 Calle 39  Sur,Alcala,Urbana,"(6.170504216, -75.59251874)"
2163385,06/12/2016,3:30 p.m.,Martes,Automovil,Particular,Conductor,Masculino,No,Sin Registro,Herido,Choque,Adelantar cerrando,Carrera 50 Calle 43  Sur,Las Vegas,Urbana,
2163385,06/12/2016,3:30 p.m.,Martes,Motocicleta,Particular,Motociclista,Femenino,No,Sin Registro,Herido,Choque,Adelantar cerrando,Carrera 50 Calle 43  Sur,Las Vegas,Urbana,
2163391,06/12/2016,7:35 p.m.,Martes,Motocicleta,Particular,Motociclista,Masculino,No,Sin Registro,Herido,Choque,No respetar prelacion,Calle 21  Sur Carrera 41 AA,Zuñiga,Urbana,"(6.182549881, -75.57750033)"
2163391,06/12/2016,7:35 p.m.,Martes,Automovil,Particular,Conductor,Masculino,No,Sin Registro,Herido,Choque,No respetar prelacion,Calle 21  Sur Carrera 41 AA,Zuñiga,Urbana,"(6.182549881, -75.57750033)"
2163387,06/12/2016,10:40 p.m.,Martes,Automovil,Particular,Conductor,Masculino,No,Sin Registro,Solo Daños,Choque,Desobedecer senales,Calle 38 A Sur Carrera 31,Mesa,Urbana,"(6.164992599, -75.58152738)"
2163387,06/12/2016,10:40 p.m.,Martes,Automovil,Particular,Conductor,Femenino,No,Sin Registro,Solo Daños,Choque,Desobedecer senales,Calle 38 A Sur Carrera 31,Mesa,Urbana,"(6.164992599, -75.58152738)"
2163392,07/12/2016,7:10 a.m.,Miércoles,Camioneta,Particular,Conductor,Masculino,No,Sin Registro,Herido,Choque,Desobedecer senales,Carrera 27 Calle 27  Sur,El Esmeraldal,Urbana,"(6.172298689, -75.56780953)"
2163392,07/12/2016,7:10 a.m.,Miércoles,Motocicleta,Particular,Motociclista,Masculino,No,Sin Registro,Herido,Choque,Desobedecer senales,Carrera 27 Calle 27  Sur,El Esmeraldal,Urbana,"(6.172298689, -75.56780953)"
2163398,07/12/2016,9:00 a.m.,Miércoles,Camioneta,Particular,Conductor,Masculino,No,Sin Registro,Solo Daños,Choque,No mantener distancia de seguridad,Transversal 35  Sur Diagonal 30,La Sebastiana,Urbana,"(6.170161165, -75.57837052)"
2163398,07/12/2016,9:00 a.m.,Miércoles,Camioneta,Particular,Conductor,Masculino,No,Sin Registro,Solo Daños,Choque,No mantener distancia de seguridad,Transversal 35  Sur Diagonal 30,La Sebastiana,Urbana,"(6.170161165, -75.57837052)"
2163383,07/12/2016,10:05 a.m.,Miércoles,Camion,Oficial,Conductor,Masculino,No,Sin Registro,Solo Daños,Choque,Desobedecer senales,Calle 45 B Sur Carrera 43,La Paz,Urbana,"(6.164485785, -75.59467842)"
2163383,07/12/2016,10:05 a.m.,Miércoles,Automovil,Publico,Conductor,Masculino,No,Sin Registro,Solo Daños,Choque,Desobedecer senales,Calle 45 B Sur Carrera 43,La Paz,Urbana,"(6.164485785, -75.59467842)"
2163610,07/12/2016,11:00 a.m.,Miércoles,Automovil,Particular,Conductor,Masculino,No,Sin Registro,Solo Daños,Choque,Otra,Calle 36  Sur Carrera 48,Las Vegas,Urbana,
2163610,07/12/2016,11:00 a.m.,Miércoles,Camioneta,Publico,Conductor,Masculino,No,Sin Registro,Solo Daños,Choque,Otra,Calle 36  Sur Carrera 48,Las Vegas,Urbana,
2163403,07/12/2016,1:00 p.m.,Miércoles,Campero,Diplomatico,Conductor,Masculino,No,Sin Registro,Solo Daños,Choque,Adelantar en zona prohibida,Calle 36 D Sur Carrera 27,Vereda El Escobero,Urbana,"(6.162479576, -75.57022257)"
2163403,07/12/2016,1:00 p.m.,Miércoles,Motocicleta,Particular,Motociclista,Masculino,No,Sin Registro,Solo Daños,Choque,Adelantar en zona prohibida,Calle 36 D Sur Carrera 27,Vereda El Escobero,Urbana,"(6.162479576, -75.57022257)"
2163418,07/12/2016,1:50 p.m.,Miércoles,Camion,Publico,Conductor,Masculino,No,Sin Registro,Solo Daños,Choque,Girar bruscamente,Calle 38 A Sur Carrera 43,Zona Centro,Urbana,"(6.169370628, -75.5883151)"
2163418,07/12/2016,1:50 p.m.,Miércoles,Automovil,Particular,Conductor,Masculino,No,Sin Registro,Solo Daños,Choque,Girar bruscamente,Calle 38 A Sur Carrera 43,Zona Centro,Urbana,"(6.169370628, -75.5883151)"
2163390,07/12/2016,3:00 p.m.,Miércoles,Automovil,Particular,Conductor,Femenino,No,Sin Registro,Solo Daños,Choque,No mantener distancia de seguridad,Tramo 372 Kilometro  14,Vereda Palmas,Rural,
2163390,07/12/2016,3:00 p.m.,Miércoles,Motocicleta,Particular,Motociclista,Masculino,No,Sin Registro,Solo Daños,Choque,No mantener distancia de seguridad,Tramo 372 Kilometro  14,Vereda Palmas,Rural,
2163396,07/12/2016,3:15 p.m.,Miércoles,Motocicleta,Particular,Motociclista,Masculino,No,Sin Registro,Solo Daños,Choque,Reverso imprudente,Carrera 27 A Calle 37  Sur,Vereda El Escobero,Urbana,"(6.161839158, -75.57410689)"
2163396,07/12/2016,3:15 p.m.,Miércoles,Camion,Publico,Conductor,Masculino,No,Sin Registro,Solo Daños,Choque,Reverso imprudente,Carrera 27 A Calle 37  Sur,Vereda El Escobero,Urbana,"(6.161839158, -75.57410689)"
2163389,07/12/2016,4:00 p.m.,Miércoles,Automovil,Particular,Conductor,Masculino,No,Sin Registro,Solo Daños,Choque,No mantener distancia de seguridad,Carrera 49 Calle 46  Sur,Las Vegas,Urbana,"(6.166966077, -75.60088817)"
2163389,07/12/2016,4:00 p.m.,Miércoles,Camion,Publico,Conductor,Masculino,No,Sin Registro,Solo Daños,Choque,No mantener distancia de seguridad,Carrera 49 Calle 46  Sur,Las Vegas,Urbana,"(6.166966077, -75.60088817)"
2163388,07/12/2016,5:00 p.m.,Miércoles,Camioneta,Particular,Conductor,Masculino,No,Sin Registro,Solo Daños,Choque,No mantener distancia de seguridad,Tramo 371 Kilometro  14,Vereda Palmas,Rural,
2163388,07/12/2016,5:00 p.m.,Miércoles,Campero,Particular,Conductor,Masculino,No,Sin Registro,Solo Daños,Choque,No mantener distancia de seguridad,Tramo 371 Kilometro  14,Vereda Palmas,Rural,
2163395,07/12/2016,5:00 p.m.,Miércoles,Camioneta,Particular,Conductor,Masculino,No,Sin Registro,Herido,Choque,No mantener distancia de seguridad,Tramo 371 Kilometro  10,Vereda Palmas,Rural,
2163395,07/12/2016,5:00 p.m.,Miércoles,Motocicleta,Particular,Motociclista,Masculino,No,Sin Registro,Herido,Choque,No mantener distancia de seguridad,Tramo 371 Kilometro  10,Vereda Palmas,Rural,
2163393,07/12/2016,7:00 p.m.,Miércoles,Motocicleta,Particular,Motociclista,Sin registro,No,Sin Registro,Herido,Atropello,Otra,Carrera 42 Calle 39  Sur,Zona Centro,Urbana,"(6.168170129, -75.58814193)"
2163397,07/12/2016,8:00 p.m.,Miércoles,Automovil,Particular,Conductor,Masculino,No,Sin Registro,Herido,Choque,No respetar prelacion,Calle 48  Sur Carrera 39 B,El Trianon,Urbana,"(6.157721358, -75.59392317)"
2163397,07/12/2016,8:00 p.m.,Miércoles,Motocicleta,Particular,Motociclista,Femenino,No,Sin Registro,Herido,Choque,No respetar prelacion,Calle 48  Sur Carrera 39 B,El Trianon,Urbana,"(6.157721358, -75.59392317)"
2163412,08/12/2016,3:10 p.m.,Jueves,Camion,Particular,Conductor,Masculino,No,Sin Registro,Solo Daños,Choque,Adelantar cerrando,Carrera 50  Norte Calle 25  Sur,Las Vegas,Urbana,"(6.186515998, -75.58512541)"
2163412,08/12/2016,3:10 p.m.,Jueves,Automovil,Particular,Conductor,Masculino,No,Sin Registro,Solo Daños,Choque,Adelantar cerrando,Carrera 50  Norte Calle 25  Sur,Las Vegas,Urbana,"(6.186515998, -75.58512541)"
2163411,08/12/2016,6:50 p.m.,Jueves,Automovil,Particular,Conductor,Masculino,No,Sin Registro,Solo Daños,Choque,No mantener distancia de seguridad,Tramo 371 Kilometro  1,Vereda Palmas,Rural,
2163411,08/12/2016,6:50 p.m.,Jueves,Camioneta,Particular,Conductor,Masculino,No,Sin Registro,Solo Daños,Choque,No mantener distancia de seguridad,Tramo 371 Kilometro  1,Vereda Palmas,Rural,
2163410,09/12/2016,7:55 a.m.,Viernes,Motocicleta,Particular,Motociclista,Masculino,No,Sin Registro,Solo Daños,Choque,Desobedecer senales,Calle 21  Sur Carrera 43 A,Zuñiga,Urbana,"(6.18399286, -75.57959764)"
2163410,09/12/2016,7:55 a.m.,Viernes,Automovil,Particular,Conductor,Masculino,No,Sin Registro,Solo Daños,Choque,Desobedecer senales,Calle 21  Sur Carrera 43 A,Zuñiga,Urbana,"(6.18399286, -75.57959764)"
2163404,09/12/2016,10:30 a.m.,Viernes,Bus,Publico,Conductor,Masculino,No,Sin Registro,Solo Daños,Choque,Adelantar cerrando,Carrera 48 Calle 25  Sur,Las Vegas,Urbana,"(6.185059174, -75.58329333)"
2163404,09/12/2016,10:30 a.m.,Viernes,Camion,Publico,Conductor,Masculino,No,Sin Registro,Solo Daños,Choque,Adelantar cerrando,Carrera 48 Calle 25  Sur,Las Vegas,Urbana,"(6.185059174, -75.58329333)"
2163408,09/12/2016,11:45 a.m.,Viernes,Motocicleta,Oficial,Motociclista,Masculino,No,Sin Registro,Solo Daños,Choque,Impericia en el manejo,Tramo 371 Kilometro  1,El Vallano,Rural,
2163408,09/12/2016,11:45 a.m.,Viernes,Motocicleta,Particular,Motociclista,Masculino,No,Sin Registro,Solo Daños,Choque,Impericia en el manejo,Tramo 371 Kilometro  1,El Vallano,Rural,
2163430,09/12/2016,12:30 p.m.,Viernes,Automovil,Particular,Conductor,Masculino,No,Sin Registro,Solo Daños,Choque,No mantener distancia de seguridad,Carrera 32 Calle 37  Sur,Mesa,Urbana,"(6.1665774, -75.58116341)"
2163430,09/12/2016,12:30 p.m.,Viernes,Camion,Publico,Conductor,Masculino,No,Sin Registro,Solo Daños,Choque,No mantener distancia de seguridad,Carrera 32 Calle 37  Sur,Mesa,Urbana,"(6.1665774, -75.58116341)"
2163429,09/12/2016,1:45 p.m.,Viernes,Automovil,Particular,Conductor,Masculino,No,Sin Registro,Solo Daños,Choque,No mantener distancia de seguridad,Carrera 48 Calle 31  Sur,Las Vegas,Urbana,"(6.178537792, -75.58885189)"
2163429,09/12/2016,1:45 p.m.,Viernes,Camioneta,Oficial,Conductor,Masculino,No,Sin Registro,Solo Daños,Choque,No mantener distancia de seguridad,Carrera 48 Calle 31  Sur,Las Vegas,Urbana,"(6.178537792, -75.58885189)"
2163429,09/12/2016,1:45 p.m.,Viernes,Automovil,Particular,Conductor,Masculino,No,Sin Registro,Solo Daños,Choque,No mantener distancia de seguridad,Carrera 48 Calle 31  Sur,Las Vegas,Urbana,"(6.178537792, -75.58885189)"
2163416,09/12/2016,4:00 p.m.,Viernes,Automovil,Particular,Conductor,Femenino,No,Sin Registro,Solo Daños,Choque,Desobedecer senales,Transversal 33  Sur Diagonal 31 E,La Magnolia,Urbana,"(6.174189158, -75.57888419)"
2163416,09/12/2016,4:00 p.m.,Viernes,Automovil,Particular,Conductor,Masculino,No,Sin Registro,Solo Daños,Choque,Desobedecer senales,Transversal 33  Sur Diagonal 31 E,La Magnolia,Urbana,"(6.174189158, -75.57888419)"
2163422,09/12/2016,5:40 p.m.,Viernes,Camioneta,Particular,Conductor,Masculino,No,Sin Registro,Solo Daños,Choque,Reverso imprudente,Transversal 35 A Sur Diagonal 36,Los Naranjos,Urbana,"(6.169960996, -75.58095702)"
2163422,09/12/2016,5:40 p.m.,Viernes,Camioneta,Particular,Conductor,Femenino,No,Sin Registro,Solo Daños,Choque,Reverso imprudente,Transversal 35 A Sur Diagonal 36,Los Naranjos,Urbana,"(6.169960996, -75.58095702)"
2163427,09/12/2016,9:20 p.m.,Viernes,Motocicleta,Particular,Motociclista,Masculino,No,Sin Registro,Solo Daños,Choque,Desobedecer senales,Calle 30  Sur Carrera 46 A,Jardines,Urbana,"(6.179166125, -75.58749587)"
2163427,09/12/2016,9:20 p.m.,Viernes,Automovil,Particular,Conductor,Masculino,No,Sin Registro,Solo Daños,Choque,Desobedecer senales,Calle 30  Sur Carrera 46 A,Jardines,Urbana,"(6.179166125, -75.58749587)"
2163428,09/12/2016,10:30 p.m.,Viernes,Motocicleta,Particular,Motociclista,Masculino,No,Sin Registro,Herido,Choque,Adelantar por la derecha,Carrera 50 Calle 46  Sur,Las Vegas,Urbana,"(6.16131219, -75.60319818)"