RADICADO,FECHA,HORA,DÍA DE LA SEMANA,CLASE DE VEHICULO,TIPO DE SERVICIO,TIPO DE VICTIMA,SEXO,ESTADO DE BEODEZ,RESULTADO DE BEODEZ,GRAVEDAD,CLASE DE ACCIDENTE,CAUSA,DIRECCIÓN,BARRIO,AREA,Coordenadas
2163466,12/14/2016,5:10 p.m.,Miércoles,Camion,Particular,Conductor,Masculino,No,Sin Registro,Solo Daños,Choque,No mantener distancia de seguridad,Carrera 50 Calle 37  Sur,Las Vegas,Urbana,
2163428,09/12/2016,10:30 p.m.,Viernes,Campero,Particular,Conductor,Masculino,No,Sin Registro,Herido,Choque,Adelantar por la derecha,Carrera 50 Calle 46  Sur,Las Vegas,Urbana,"(6.16131219, -75.60319818)"
2163405,10/12/2016,5:30 a.m.,Sábado,Buseta,Publico,Conductor,Masculino,No,Sin Registro,Solo Daños,Choque,No respetar prelacion,Calle 30  Sur Carrera 43 A,San Marcos,Urbana,"(6.177126039, -75.5852509)"
2163405,10/12/2016,5:30 a.m.,Sábado,Automovil,Particular,Conductor,Masculino,No,Sin Registro,Solo Daños,Choque,No respetar prelacion,Calle 30  Sur Carrera 43 A,San Marcos,Urbana,"(6.177126039, -75.5852509)"
2163417,10/12/2016,10:45 a.m.,Sábado,Automovil,Publico,Conductor,Masculino,No,Sin Registro,Herido,Choque,Desobedecer senales,Calle 39  Sur Carrera 27 B,Las Vegas,Urbana,"(6.159217585, -75.57883462)"
2163417,10/12/2016,10:45 a.m.,Sábado,Motocicleta,Particular,Motociclista,Masculino,No,Sin Registro,Herido,Choque,Impericia en el manejo,Calle 39  Sur Carrera 27 B,Las Vegas,Urbana,"(6.159217585, -75.57883462)"
2163417,10/12/2016,10:45 a.m.,Sábado,Motocicleta,Particular,Motociclista,Masculino,No,Sin Registro,Herido,Choque,Exceso de velocidad,Calle 39  Sur Carrera 27 B,Las Vegas,Urbana,"(6.159217585, -75.57883462)"
2163417,10/12/2016,10:45 a.m.,Sábado,Motocicleta,Particular,Motociclista,Masculino,No,Sin Registro,Herido,Choque,Desobedecer senales,Calle 39  Sur Carrera 27 B,Las Vegas,Urbana,"(6.159217585, -75.57883462)"
2163417,10/12/2016,10:45 a.m.,Sábado,Automovil,Publico,Conductor,Masculino,No,Sin Registro,Herido,Choque,Impericia en el manejo,Calle 39  Sur Carrera 27 B,Las Vegas,Urbana,"(6.159217585, -75.57883462)"
2163417,10/12/2016,10:45 a.m.,Sábado,Automovil,Publico,Conductor,Masculino,No,Sin Registro,Herido,Choque,Exceso de velocidad,Calle 39  Sur Carrera 27 B,Las Vegas,Urbana,"(6.159217585, -75.57883462)"
2163406,10/12/2016,12:55 p.m.,Sábado,Camion,Publico,Conductor,Masculino,No,Sin Registro,Solo Daños,Choque,Girar bruscamente,Calle 25 AA Sur Carrera 49,Las Vegas,Urbana,"(6.182478523, -75.58331336)"
2163406,10/12/2016,12:55 p.m.,Sábado,Automovil,Particular,Conductor,Masculino,No,Sin Registro,Solo Daños,Choque,Girar bruscamente,Calle 25 AA Sur Carrera 49,Las Vegas,Urbana,"(6.182478523, -75.58331336)"
2163413,10/12/2016,1:10 p.m.,Sábado,Automovil,Particular,Conductor,Masculino,No,Sin Registro,Solo Daños,Choque,No mantener distancia de seguridad,Calle 46  Sur Carrera 44,Primavera,Urbana,"(6.164371719, -75.59631716)"
2163413,10/12/2016,1:10 p.m.,Sábado,Motocicleta,Particular,Motociclista,Masculino,No,Sin Registro,Solo Daños,Choque,No mantener distancia de seguridad,Calle 46  Sur Carrera 44,Primavera,Urbana,"(6.164371719, -75.59631716)"
2163400,10/12/2016,1:40 p.m.,Sábado,Automovil,Particular,Conductor,Masculino,No,Sin Registro,Herido,Choque,No mantener distancia de seguridad,Calle 26  Sur Carrera 48,Las Vegas,Urbana,"(6.183423583, -75.58542895)"
2163400,10/12/2016,1:40 p.m.,Sábado,Motocicleta,Particular,Motociclista,Masculino,No,Sin Registro,Herido,Choque,No mantener distancia de seguridad,Calle 26  Sur Carrera 48,Las Vegas,Urbana,"(6.183423583, -75.58542895)"
2163414,10/12/2016,1:50 p.m.,Sábado,Bus,Publico,Conductor,Masculino,No,Sin Registro,Solo Daños,Choque,Otra,Carrera 48 Calle 39 B Sur,Las Vegas,Urbana,"(6.170456638, -75.59483004)"
2163414,10/12/2016,1:50 p.m.,Sábado,Automovil,Particular,Conductor,Masculino,No,Sin Registro,Solo Daños,Choque,Otra,Carrera 48 Calle 39 B Sur,Las Vegas,Urbana,"(6.170456638, -75.59483004)"
2163445,10/12/2016,3:00 p.m.,Sábado,Automovil,Particular,Conductor,Masculino,No,Sin Registro,Solo Daños,Choque,Adelantar por la derecha,Calle 45  Sur Carrera 43 A,La Paz,Urbana,"(6.165246116, -75.59449417)"
2163445,10/12/2016,3:00 p.m.,Sábado,Motocicleta,Particular,Motociclista,Masculino,No,Sin Registro,Solo Daños,Choque,Adelantar por la derecha,Calle 45  Sur Carrera 43 A,La Paz,Urbana,"(6.165246116, -75.59449417)"
2163409,10/12/2016,4:20 p.m.,Sábado,Automovil,Particular,Conductor,Masculino,No,Sin Registro,Solo Daños,Choque,Desobedecer senales,Diagonal 32 D Transversal 32,La Magnolia,Urbana,"(6.175661946, -75.58418404)"
2163409,10/12/2016,4:20 p.m.,Sábado,Camioneta,Particular,Conductor,Masculino,No,Sin Registro,Solo Daños,Choque,Desobedecer senales,Diagonal 32 D Transversal 32,La Magnolia,Urbana,"(6.175661946, -75.58418404)"
2163415,10/12/2016,8:35 p.m.,Sábado,Camioneta,Particular,Conductor,Masculino,No,Sin Registro,Solo Daños,Choque,No mantener distancia de seguridad,Calle 37  Sur Carrera 33,Los Naranjos,Urbana,"(6.167021726, -75.58168458)"
2163415,10/12/2016,8:35 p.m.,Sábado,Automovil,Particular,Conductor,Masculino,No,Sin Registro,Solo Daños,Choque,No mantener distancia de seguridad,Calle 37  Sur Carrera 33,Los Naranjos,Urbana,"(6.167021726, -75.58168458)"
2170362,10/12/2016,9:15 p.m.,Sábado,Bicicleta,Particular,Ciclista,Masculino,No,Sin Registro,Solo Daños,Choque,Otra,Calle 39 A Sur Carrera 45,Alcala,Urbana,"(6.168916704, -75.59147177)"
2170362,10/12/2016,9:15 p.m.,Sábado,Automovil,Publico,Conductor,Masculino,No,Sin Registro,Solo Daños,Choque,Otra,Calle 39 A Sur Carrera 45,Alcala,Urbana,"(6.168916704, -75.59147177)"
2163407,11/12/2016,1:50 a.m.,Domingo,Automovil,Particular,Conductor,Masculino,No,Sin Registro,Solo Daños,Choque,Girar bruscamente,Calle 40  Sur Carrera 43 A,Alcala,Urbana,"(6.167965983, -75.59024215)"
2163407,11/12/2016,1:50 a.m.,Domingo,Motocicleta,Particular,Motociclista,Masculino,No,Sin Registro,Solo Daños,Choque,Girar bruscamente,Calle 40  Sur Carrera 43 A,Alcala,Urbana,"(6.167965983, -75.59024215)"
2163401,11/12/2016,3:10 a.m.,Domingo,Automovil,Publico,Conductor,Masculino,No,Sin Registro,Herido,Choque,Semaforo en rojo,Calle 39  Sur Carrera 41,Zona Centro,Urbana,"(6.167870042, -75.58744871)"
2163401,11/12/2016,3:10 a.m.,Domingo,Motocicleta,Particular,Motociclista,Masculino,No,Sin Registro,Herido,Choque,Semaforo en rojo,Calle 39  Sur Carrera 41,Zona Centro,Urbana,"(6.167870042, -75.58744871)"
2163423,11/12/2016,7:35 a.m.,Domingo,Camioneta,Publico,Conductor,Masculino,No,Sin Registro,Solo Daños,Choque,Desobedecer senales,Calle 25  Sur Carrera 43 A,Las Orquideas,Urbana,"(6.181560189, -75.58201649)"
2163423,11/12/2016,7:35 a.m.,Domingo,Motocicleta,Particular,Motociclista,Masculino,No,Sin Registro,Solo Daños,Choque,Desobedecer senales,Calle 25  Sur Carrera 43 A,Las Orquideas,Urbana,"(6.181560189, -75.58201649)"
2163402,11/12/2016,1:45 p.m.,Domingo,Automovil,Particular,Conductor,Masculino,No,Sin Registro,Solo Daños,Choque,Reverso imprudente,Diagonal 29 Transversal 25,Zuñiga,Urbana,"(6.17938169, -75.57898084)"
2163402,11/12/2016,1:45 p.m.,Domingo,Automovil,Particular,Conductor,Masculino,No,Sin Registro,Solo Daños,Choque,Reverso imprudente,Diagonal 29 Transversal 25,Zuñiga,Urbana,"(6.17938169, -75.57898084)"
2163420,11/12/2016,6:05 p.m.,Domingo,Automovil,Publico,Conductor,Masculino,No,Sin Registro,Solo Daños,Choque,Desobedecer senales,Diagonal 32 Transversal 32 A,La Magnolia,Urbana,"(6.17563197, -75.58246654)"
2163420,11/12/2016,6:05 p.m.,Domingo,Camioneta,Publico,Conductor,Sin registro,No,Sin Registro,Solo Daños,Choque,Desobedecer senales,Diagonal 32 Transversal 32 A,La Magnolia,Urbana,"(6.17563197, -75.58246654)"
2163449,11/12/2016,6:45 p.m.,Domingo,Motocicleta,Particular,Motociclista,Masculino,No,Sin Registro,Solo Daños,Choque,Desobedecer senales,Diagonal 32 B Transversal 32,La Magnolia,Urbana,"(6.175921286, -75.58342085)"
2163449,11/12/2016,6:45 p.m.,Domingo,Camioneta,Particular,Conductor,Masculino,No,Sin Registro,Solo Daños,Choque,Desobedecer senales,Diagonal 32 B Transversal 32,La Magnolia,Urbana,"(6.175921286, -75.58342085)"
2163424,11/12/2016,6:50 p.m.,Domingo,Motocicleta,Particular,Motociclista,Masculino,No,Sin Registro,Solo Daños,Choque,Transitar entre vehiculos,Carrera 42 Calle 41 B Sur,El Dorado,Urbana,"(6.165452222, -75.59156991)"
2163424,11/12/2016,6:50 p.m.,Domingo,Campero,Particular,Conductor,Masculino,No,Sin Registro,Solo Daños,Choque,Transitar entre vehiculos,Carrera 42 Calle 41 B Sur,El Dorado,Urbana,"(6.165452222, -75.59156991)"
2163421,12/12/2016,6:50 a.m.,Lunes,Automovil,Publico,Conductor,Masculino,No,Sin Registro,Solo Daños,Choque,Adelantar en zona prohibida,Calle 41 A Sur Carrera 42,El Dorado,Urbana,"(6.165845136, -75.59161165)"
2163421,12/12/2016,6:50 a.m.,Lunes,Motocicleta,Particular,Motociclista,Masculino,No,Sin Registro,Solo Daños,Choque,Adelantar en zona prohibida,Calle 41 A Sur Carrera 42,El Dorado,Urbana,"(6.165845136, -75.59161165)"
2163426,12/12/2016,8:50 a.m.,Lunes,Automovil,Particular,Conductor,Masculino,No,Sin Registro,Solo Daños,Choque,Impericia en el manejo,Calle 39  Sur Carrera 39,Mesa,Urbana,"(6.166978259, -75.58604492)"
2163426,12/12/2016,8:50 a.m.,Lunes,Camion,Publico,Conductor,Masculino,No,Sin Registro,Solo Daños,Choque,Impericia en el manejo,Calle 39  Sur Carrera 39,Mesa,Urbana,"(6.166978259, -75.58604492)"
2163419,12/12/2016,10:30 a.m.,Lunes,Microbus,Publico,Conductor,Masculino,No,Sin Registro,Solo Daños,Choque,Reverso imprudente,Carrera 24 F Calle 40  Sur,El Salado,Urbana,"(6.150574304, -75.57767045)"
2163419,12/12/2016,10:30 a.m.,Lunes,Automovil,Publico,Conductor,Masculino,No,Sin Registro,Solo Daños,Choque,Reverso imprudente,Carrera 24 F Calle 40  Sur,El Salado,Urbana,"(6.150574304, -75.57767045)"
2163431,12/12/2016,11:00 a.m.,Lunes,Motocicleta,Particular,Motociclista,Masculino,No,Sin Registro,Solo Daños,Choque,Transitar entre vehiculos,Calle 38  Sur Carrera 43,Zona Centro,Urbana,"(6.170061667, -75.58783913)"
2163431,12/12/2016,11:00 a.m.,Lunes,Automovil,Particular,Conductor,Masculino,No,Sin Registro,Solo Daños,Choque,Transitar entre vehiculos,Calle 38  Sur Carrera 43,Zona Centro,Urbana,"(6.170061667, -75.58783913)"
2163441,12/12/2016,11:40 a.m.,Lunes,Motocicleta,Particular,Motociclista,Masculino,No,Sin Registro,Solo Daños,Choque,Reverso imprudente,Carrera 44 A Calle 32  Sur,San Marcos,Urbana,"(6.175714751, -75.58666738)"
2163441,12/12/2016,11:40 a.m.,Lunes,Campero,Particular,Conductor,Femenino,No,Sin Registro,Solo Daños,Choque,Reverso imprudente,Carrera 44 A Calle 32  Sur,San Marcos,Urbana,"(6.175714751, -75.58666738)"
2163434,12/12/2016,12:00 p.m.,Lunes,Camion,Particular,Conductor,Masculino,No,Sin Registro,Solo Daños,Choque,Adelantar cerrando,Calle 32  Sur Carrera 43 A,San Marcos,Urbana,"(6.175707678, -75.58626241)"
2163434,12/12/2016,12:00 p.m.,Lunes,Camioneta,Particular,Conductor,Masculino,No,Sin Registro,Solo Daños,Choque,Adelantar cerrando,Calle 32  Sur Carrera 43 A,San Marcos,Urbana,"(6.175707678, -75.58626241)"
2163439,12/12/2016,3:00 p.m.,Lunes,Automovil,Particular,Conductor,Femenino,No,Sin Registro,Solo Daños,Choque,Poner en marcha un vehiculo sin precauci,Calle 38  Sur Carrera 43,Zona Centro,Urbana,"(6.170061667, -75.58783913)"
2163439,12/12/2016,3:00 p.m.,Lunes,Camioneta,Particular,Conductor,Masculino,No,Sin Registro,Solo Daños,Choque,Poner en marcha un vehiculo sin precauci,Calle 38  Sur Carrera 43,Zona Centro,Urbana,"(6.170061667, -75.58783913)"
2163446,12/12/2016,3:00 p.m.,Lunes,Pavimentadora,Particular,Conductor,Masculino,No,Sin Registro,Solo Daños,Choque,Impericia en el manejo,Carrera 27 Calle 26  Sur,La Mina,Urbana,
2163446,12/12/2016,3:00 p.m.,Lunes,Motocicleta,Particular,Motociclista,Masculino,No,Sin Registro,Solo Daños,Choque,Impericia en el manejo,Carrera 27 Calle 26  Sur,La Mina,Urbana,
2163436,12/12/2016,8:00 p.m.,Lunes,Microbus,Publico,Conductor,Masculino,No,Sin Registro,Solo Daños,Choque,No mantener distancia de seguridad,Calle 36 A Sur Carrera 27,La Sebastiana,Urbana,"(6.167621297, -75.5785241)"
2163436,12/12/2016,8:00 p.m.,Lunes,Campero,Particular,Conductor,Masculino,No,Sin Registro,Solo Daños,Choque,No mantener distancia de seguridad,Calle 36 A Sur Carrera 27,La Sebastiana,Urbana,"(6.167621297, -75.5785241)"
2163443,12/12/2016,8:30 p.m.,Lunes,Automovil,Particular,Conductor,Masculino,No,Sin Registro,Solo Daños,Choque,Semaforo en rojo,Carrera 43 A Transversal 27,Avenida El Poblado,Urbana,"(6.179697995, -75.58317722)"
2163513,12/18/2016,12:10 p.m.,Domingo,Automovil,Particular,Conductor,Masculino,No,Sin Registro,Solo Daños,Choque,Otra,Calle 26 A Sur Carrera 42 B,Las Orquideas,Urbana,"(6.177324883, -75.57942368)"
2163443,12/12/2016,8:30 p.m.,Lunes,Motocicleta,Particular,Motociclista,Masculino,No,Sin Registro,Solo Daños,Choque,Semaforo en rojo,Carrera 43 A Transversal 27,Avenida El Poblado,Urbana,"(6.179697995, -75.58317722)"
2163425,12/12/2016,9:35 p.m.,Lunes,Microbus,Publico,Conductor,Masculino,No,Sin Registro,Herido,Choque,Desobedecer senales,Calle 39  Sur Carrera 38,Mesa,Urbana,"(6.166656476, -75.58555336)"
2163425,12/12/2016,9:35 p.m.,Lunes,Bicicleta,Particular,Ciclista,Femenino,No,Sin Registro,Herido,Choque,Desobedecer senales,Calle 39  Sur Carrera 38,Mesa,Urbana,"(6.166656476, -75.58555336)"
2163433,12/13/2016,6:55 a.m.,Martes,Automovil,Particular,Conductor,Masculino,No,Sin Registro,Solo Daños,Choque,Adelantar cerrando,Calle 32 B Sur Carrera 48,Las Vegas,Urbana,"(6.177255701, -75.59003137)"
2163433,12/13/2016,6:55 a.m.,Martes,Automovil,Particular,Conductor,Masculino,No,Sin Registro,Solo Daños,Choque,Adelantar cerrando,Calle 32 B Sur Carrera 48,Las Vegas,Urbana,"(6.177255701, -75.59003137)"
2163440,12/13/2016,7:20 a.m.,Martes,Automovil,Particular,Conductor,Masculino,No,Sin Registro,Solo Daños,Choque,No mantener distancia de seguridad,Calle 39  Sur Carrera 33,Mesa,Urbana,"(6.164989355, -75.58296685)"
2163440,12/13/2016,7:20 a.m.,Martes,Automovil,Particular,Conductor,Masculino,No,Sin Registro,Solo Daños,Choque,No mantener distancia de seguridad,Calle 39  Sur Carrera 33,Mesa,Urbana,"(6.164989355, -75.58296685)"
2163437,12/13/2016,7:35 a.m.,Martes,Bus,Publico,Conductor,Masculino,No,Sin Registro,Solo Daños,Choque,Poner en marcha un vehiculo sin precauci,Carrera 43 A Calle 40  Sur,Alcala,Urbana,"(6.168044687, -75.59026877)"
2163437,12/13/2016,7:35 a.m.,Martes,Buseta,Publico,Conductor,Masculino,No,Sin Registro,Solo Daños,Choque,Poner en marcha un vehiculo sin precauci,Carrera 43 A Calle 40  Sur,Alcala,Urbana,"(6.168044687, -75.59026877)"
2163438,12/13/2016,8:40 a.m.,Martes,Motocicleta,Particular,Motociclista,Masculino,No,Sin Registro,Solo Daños,Choque,Adelantar en zona prohibida,Carrera 27 Calle 36  Sur,La Inmaculada,Urbana,"(6.167009975, -75.56927808)"
2163438,12/13/2016,8:40 a.m.,Martes,Automovil,Particular,Conductor,Femenino,No,Sin Registro,Solo Daños,Choque,Adelantar en zona prohibida,Carrera 27 Calle 36  Sur,La Inmaculada,Urbana,"(6.167009975, -75.56927808)"
2163448,12/13/2016,9:30 a.m.,Martes,Camioneta,Particular,Conductor,Masculino,No,Sin Registro,Solo Daños,Choque,Reverso imprudente,Carrera 47 Calle 20  Sur,Zuñiga,Urbana,"(6.185657752, -75.58174522)"
2163448,12/13/2016,9:30 a.m.,Martes,Camioneta,Publico,Conductor,Masculino,No,Sin Registro,Solo Daños,Choque,Reverso imprudente,Carrera 47 Calle 20  Sur,Zuñiga,Urbana,"(6.185657752, -75.58174522)"
2163435,12/13/2016,10:50 a.m.,Martes,Motocicleta,Diplomatico,Motociclista,Femenino,No,Sin Registro,Herido,Caida Ocupante,Impericia en el manejo,Calle 39 D Sur Carrera 25,El Chinguí,Urbana,"(6.154343948, -75.57802149)"
2163447,12/13/2016,11:30 a.m.,Martes,Motocicleta,Particular,Motociclista,Masculino,No,Sin Registro,Solo Daños,Choque,No mantener distancia de seguridad,Carrera 20 Calle 22  Sur,Zuñiga,Urbana,"(6.175205128, -75.56106191)"
2163447,12/13/2016,11:30 a.m.,Martes,Automovil,Particular,Conductor,Masculino,No,Sin Registro,Solo Daños,Choque,No mantener distancia de seguridad,Carrera 20 Calle 22  Sur,Zuñiga,Urbana,"(6.175205128, -75.56106191)"
2163463,12/13/2016,1:30 p.m.,Martes,Automovil,Particular,Conductor,Masculino,No,Sin Registro,Solo Daños,Choque,Adelantar cerrando,Carrera 29 B Calle 37  Sur,Manuel Uribe Angel,Urbana,"(6.163948121, -75.58115546)"
2163463,12/13/2016,1:30 p.m.,Martes,Camion,Publico,Conductor,Masculino,No,Sin Registro,Solo Daños,Choque,Adelantar cerrando,Carrera 29 B Calle 37  Sur,Manuel Uribe Angel,Urbana,"(6.163948121, -75.58115546)"
2163459,12/13/2016,3:30 p.m.,Martes,Camion,Publico,Conductor,Masculino,No,Sin Registro,Solo Daños,Choque,Impericia en el manejo,Calle 39 B Sur Carrera 47 A,Alcala,Urbana,"(6.17027247, -75.5945083)"
2163459,12/13/2016,3:30 p.m.,Martes,Automovil,Particular,Conductor,Femenino,No,Sin Registro,Solo Daños,Choque,Impericia en el manejo,Calle 39 B Sur Carrera 47 A,Alcala,Urbana,"(6.17027247, -75.5945083)"
2163442,12/13/2016,4:50 p.m.,Martes,Bus,Publico,Conductor,Masculino,No,Sin Registro,Solo Daños,Choque,Adelantar cerrando,Carrera 49 Calle 43  Sur,Las Vegas,Urbana,"(6.160925818, -75.59998009)"
2163442,12/13/2016,4:50 p.m.,Martes,Automovil,Publico,Conductor,Masculino,No,Sin Registro,Solo Daños,Choque,Adelantar cerrando,Carrera 49 Calle 43  Sur,Las Vegas,Urbana,"(6.160925818, -75.59998009)"
2163444,12/13/2016,4:50 p.m.,Martes,Automovil,Particular,Conductor,Masculino,No,Sin Registro,Solo Daños,Choque,Reverso imprudente,Carrera 43 Calle 33  Sur,Zona Centro,Urbana,"(6.173540656, -75.58568337)"
2163444,12/13/2016,4:50 p.m.,Martes,Camioneta,Particular,Conductor,Masculino,No,Sin Registro,Solo Daños,Choque,Reverso imprudente,Carrera 43 Calle 33  Sur,Zona Centro,Urbana,"(6.173540656, -75.58568337)"
2163467,12/13/2016,5:00 p.m.,Martes,Bus,Publico,Conductor,Masculino,No,Sin Registro,Solo Daños,Choque,No respetar prelacion,Carrera 31 Calle 38 A Sur,Mesa,Urbana,"(6.164876858, -75.58150583)"
2163467,12/13/2016,5:00 p.m.,Martes,Automovil,Particular,Conductor,Masculino,No,Sin Registro,Solo Daños,Choque,No respetar prelacion,Carrera 31 Calle 38 A Sur,Mesa,Urbana,"(6.164876858, -75.58150583)"
2163455,12/13/2016,5:55 p.m.,Martes,Camioneta,Particular,Conductor,Masculino,No,Sin Registro,Solo Daños,Choque,No mantener distancia de seguridad,Calle 25 AA Sur Carrera 48,Las Vegas,Urbana,"(6.18405129, -75.58478383)"
2163455,12/13/2016,5:55 p.m.,Martes,Automovil,Particular,Conductor,Femenino,No,Sin Registro,Solo Daños,Choque,No mantener distancia de seguridad,Calle 25 AA Sur Carrera 48,Las Vegas,Urbana,"(6.18405129, -75.58478383)"
2163452,12/13/2016,6:15 p.m.,Martes,Motocicleta,Particular,Motociclista,Masculino,No,Sin Registro,Herido,Choque,Girar bruscamente,Calle 36  Sur Carrera 38,Zona Centro,Urbana,"(6.169465734, -75.58385868)"
2163452,12/13/2016,6:15 p.m.,Martes,Automovil,Particular,Conductor,Masculino,No,Sin Registro,Herido,Choque,Girar bruscamente,Calle 36  Sur Carrera 38,Zona Centro,Urbana,"(6.169465734, -75.58385868)"
2163454,12/13/2016,6:35 p.m.,Martes,Campero,Particular,Conductor,Masculino,No,Sin Registro,Solo Daños,Choque,No mantener distancia de seguridad,Calle 50 AD Sur Carrera 43 A,Las Casitas,Urbana,
2163454,12/13/2016,6:35 p.m.,Martes,Automovil,Particular,Conductor,Masculino,No,Sin Registro,Solo Daños,Choque,No mantener distancia de seguridad,Calle 50 AD Sur Carrera 43 A,Las Casitas,Urbana,
2163451,12/14/2016,7:50 a.m.,Miércoles,Motocicleta,Particular,Motociclista,Femenino,No,Sin Registro,Solo Daños,Choque,Transitar entre vehiculos,Calle 25 AA Sur Carrera 50,Las Vegas,Urbana,"(6.182478523, -75.58331336)"
2163451,12/14/2016,7:50 a.m.,Miércoles,Camion,Publico,Conductor,Masculino,No,Sin Registro,Solo Daños,Choque,No mantener distancia de seguridad,Calle 25 AA Sur Carrera 50,Las Vegas,Urbana,"(6.182478523, -75.58331336)"
2163451,12/14/2016,7:50 a.m.,Miércoles,Camion,Publico,Conductor,Masculino,No,Sin Registro,Solo Daños,Choque,Transitar entre vehiculos,Calle 25 AA Sur Carrera 50,Las Vegas,Urbana,"(6.182478523, -75.58331336)"
2163451,12/14/2016,7:50 a.m.,Miércoles,Automovil,Particular,Conductor,Femenino,No,Sin Registro,Solo Daños,Choque,No mantener distancia de seguridad,Calle 25 AA Sur Carrera 50,Las Vegas,Urbana,"(6.182478523, -75.58331336)"
2163451,12/14/2016,7:50 a.m.,Miércoles,Automovil,Particular,Conductor,Femenino,No,Sin Registro,Solo Daños,Choque,Transitar entre vehiculos,Calle 25 AA Sur Carrera 50,Las Vegas,Urbana,"(6.182478523, -75.58331336)"
2163451,12/14/2016,7:50 a.m.,Miércoles,Motocicleta,Particular,Motociclista,Femenino,No,Sin Registro,Solo Daños,Choque,No mantener distancia de seguridad,Calle 25 AA Sur Carrera 50,Las Vegas,Urbana,"(6.182478523, -75.58331336)"
2163453,12/14/2016,8:50 a.m.,Miércoles,Camion,Publico,Conductor,Masculino,No,Sin Registro,Solo Daños,Choque,Transitar entre vehiculos,Calle 46  Sur Carrera 48,Las Vegas,Urbana,"(6.162824447, -75.59968661)"
2163453,12/14/2016,8:50 a.m.,Miércoles,Automovil,Particular,Conductor,Femenino,No,Sin Registro,Solo Daños,Choque,Transitar entre vehiculos,Calle 46  Sur Carrera 48,Las Vegas,Urbana,"(6.162824447, -75.59968661)"
2163453,12/14/2016,8:50 a.m.,Miércoles,Motocicleta,Particular,Motociclista,Masculino,No,Sin Registro,Solo Daños,Choque,Transitar entre vehiculos,Calle 46  Sur Carrera 48,Las Vegas,Urbana,"(6.162824447, -75.59968661)"
2163501,12/14/2016,1:30 p.m.,Miércoles,Automovil,Particular,Conductor,Masculino,No,Sin Registro,Solo Daños,Choque,No respetar prelacion,Calle 37  Sur Carrera 28,La Magnolia,Urbana,"(6.165679454, -75.57834042)"
2163501,12/14/2016,1:30 p.m.,Miércoles,Automovil,Particular,Conductor,Masculino,No,Sin Registro,Solo Daños,Choque,No respetar prelacion,Calle 37  Sur Carrera 28,La Magnolia,Urbana,"(6.165679454, -75.57834042)"
2163490,12/14/2016,1:35 p.m.,Miércoles,Automovil,Particular,Conductor,Masculino,No,Sin Registro,Solo Daños,Choque,Girar bruscamente,Calle 24  Sur Carrera 38,Sin Registro,Urbana,"(6.177798131, -75.5727217)"
2163490,12/14/2016,1:35 p.m.,Miércoles,Camion,Particular,Conductor,Masculino,No,Sin Registro,Solo Daños,Choque,Girar bruscamente,Calle 24  Sur Carrera 38,Sin Registro,Urbana,"(6.177798131, -75.5727217)"
2163462,12/14/2016,3:00 p.m.,Miércoles,Camion,Publico,Conductor,Masculino,No,Sin Registro,Solo Daños,Choque,Girar bruscamente,Calle 38 A Sur Carrera 48,Las Vegas,Urbana,"(6.168560755, -75.58701537)"
2163462,12/14/2016,3:00 p.m.,Miércoles,Automovil,Particular,Conductor,Masculino,No,Sin Registro,Solo Daños,Choque,Girar bruscamente,Calle 38 A Sur Carrera 48,Las Vegas,Urbana,"(6.168560755, -75.58701537)"
2163468,12/14/2016,3:30 p.m.,Miércoles,Microbus,Publico,Conductor,Masculino,No,Sin Registro,Solo Daños,Choque,Cruzar sin observar,Carrera 49 Calle 39 B Sur,Las Vegas,Urbana,"(6.173609359, -75.59707057)"
2163468,12/14/2016,3:30 p.m.,Miércoles,Bicicleta,Particular,Ciclista,Masculino,No,Sin Registro,Solo Daños,Choque,Impericia en el manejo,Carrera 49 Calle 39 B Sur,Las Vegas,Urbana,"(6.173609359, -75.59707057)"
2163468,12/14/2016,3:30 p.m.,Miércoles,Bicicleta,Particular,Ciclista,Masculino,No,Sin Registro,Solo Daños,Choque,Cruzar sin observar,Carrera 49 Calle 39 B Sur,Las Vegas,Urbana,"(6.173609359, -75.59707057)"
2163468,12/14/2016,3:30 p.m.,Miércoles,Microbus,Publico,Conductor,Masculino,No,Sin Registro,Solo Daños,Choque,Impericia en el manejo,Carrera 49 Calle 39 B Sur,Las Vegas,Urbana,"(6.173609359, -75.59707057)"
2163457,12/15/2016,6:50 a.m.,Jueves,Automovil,Particular,Conductor,Masculino,No,Sin Registro,Solo Daños,Choque,No mantener distancia de seguridad,Calle 37 B Sur Carrera 27 A,Loma De Las Brujas,Urbana,"(6.159881312, -75.57465353)"
2163457,12/15/2016,6:50 a.m.,Jueves,Automovil,Publico,Conductor,Masculino,No,Sin Registro,Solo Daños,Choque,No mantener distancia de seguridad,Calle 37 B Sur Carrera 27 A,Loma De Las Brujas,Urbana,"(6.159881312, -75.57465353)"
2163461,12/15/2016,8:00 a.m.,Jueves,Automovil,Particular,Conductor,Masculino,No,Sin Registro,Solo Daños,Choque,Girar bruscamente,Carrera 31 Calle 38  Sur,Mesa,Urbana,"(6.165466746, -75.58111123)"
2163461,12/15/2016,8:00 a.m.,Jueves,Camioneta,Particular,Conductor,Femenino,No,Sin Registro,Solo Daños,Choque,Girar bruscamente,Carrera 31 Calle 38  Sur,Mesa,Urbana,"(6.165466746, -75.58111123)"