RADICADO,FECHA,HORA,DÍA DE LA SEMANA,CLASE DE VEHICULO,TIPO DE SERVICIO,TIPO DE VICTIMA,SEXO,ESTADO DE BEODEZ,RESULTADO DE BEODEZ,GRAVEDAD,CLASE DE ACCIDENTE,CAUSA,DIRECCIÓN,BARRIO,AREA,Coordenadas
2163470,12/15/2016,9:45 a.m.,Jueves,Automovil,Publico,Conductor,Masculino,No,Sin Registro,Herido,Atropello,Cruzar sin observar,Calle 38 A Sur Carrera 39,Zona Centro,Urbana,"(6.167679571, -75.58567628)"
2163458,12/15/2016,10:00 a.m.,Jueves,Automovil,Publico,Conductor,Masculino,No,Sin Registro,Solo Daños,Choque,No mantener distancia de seguridad,Calle 37  Sur Carrera 31,La Pradera,Urbana,"(6.166120684, -75.58074061)"
2163458,12/15/2016,10:00 a.m.,Jueves,Automovil,Particular,Conductor,Masculino,No,Sin Registro,Solo Daños,Choque,No mantener distancia de seguridad,Calle 37  Sur Carrera 31,La Pradera,Urbana,"(6.166120684, -75.58074061)"
2163460,12/15/2016,11:31 a.m.,Jueves,Bus,Publico,Conductor,Masculino,No,Sin Registro,Solo Daños,Choque,Adelantar cerrando,Diagonal 32 Transversal 36,La Pradera,Urbana,"(6.168258576, -75.58067017)"
2163460,12/15/2016,11:31 a.m.,Jueves,Camion,Publico,Conductor,Masculino,No,Sin Registro,Solo Daños,Choque,Adelantar cerrando,Diagonal 32 Transversal 36,La Pradera,Urbana,"(6.168258576, -75.58067017)"
2163475,12/15/2016,1:30 p.m.,Jueves,Automovil,Particular,Conductor,Masculino,No,Sin Registro,Solo Daños,Choque,Otra,Carrera 48 Calle 19  Sur,Las Vegas,Urbana,"(6.187349001, -75.58153568)"
2163475,12/15/2016,1:30 p.m.,Jueves,Motocicleta,Particular,Motociclista,Masculino,No,Sin Registro,Solo Daños,Choque,Otra,Carrera 48 Calle 19  Sur,Las Vegas,Urbana,"(6.187349001, -75.58153568)"
2163496,12/15/2016,3:00 p.m.,Jueves,Automovil,Particular,Conductor,Masculino,No,Sin Registro,Solo Daños,Choque,No mantener distancia de seguridad,Carrera 43 A Calle 36  Sur,Zona Centro,Urbana,"(6.171753325, -75.58772767)"
2163496,12/15/2016,3:00 p.m.,Jueves,Automovil,Particular,Conductor,Femenino,No,Sin Registro,Solo Daños,Choque,No mantener distancia de seguridad,Carrera 43 A Calle 36  Sur,Zona Centro,Urbana,"(6.171753325, -75.58772767)"
2163474,12/15/2016,4:30 p.m.,Jueves,Campero,Diplomatico,Conductor,Masculino,No,Sin Registro,Herido,Choque,No mantener distancia de seguridad,Tramo 372 Kilometro  12,Vereda Palmas,Rural,
2163474,12/15/2016,4:30 p.m.,Jueves,Automovil,Particular,Conductor,Femenino,No,Sin Registro,Herido,Choque,No respetar prelacion,Tramo 372 Kilometro  12,Vereda Palmas,Rural,
2163474,12/15/2016,4:30 p.m.,Jueves,Automovil,Particular,Conductor,Femenino,No,Sin Registro,Herido,Choque,No mantener distancia de seguridad,Tramo 372 Kilometro  12,Vereda Palmas,Rural,
2163474,12/15/2016,4:30 p.m.,Jueves,Automovil,Particular,Conductor,Masculino,No,Sin Registro,Herido,Choque,No respetar prelacion,Tramo 372 Kilometro  12,Vereda Palmas,Rural,
2163474,12/15/2016,4:30 p.m.,Jueves,Automovil,Particular,Conductor,Masculino,No,Sin Registro,Herido,Choque,No mantener distancia de seguridad,Tramo 372 Kilometro  12,Vereda Palmas,Rural,
2163474,12/15/2016,4:30 p.m.,Jueves,Campero,Diplomatico,Conductor,Masculino,No,Sin Registro,Herido,Choque,No respetar prelacion,Tramo 372 Kilometro  12,Vereda Palmas,Rural,
2163499,12/15/2016,6:55 p.m.,Jueves,Automovil,Particular,Conductor,Masculino,No,Sin Registro,Solo Daños,Choque,Girar bruscamente,Calle 38  Sur Carrera 31,Mesa,Urbana,"(6.165577674, -75.58112182)"
2163499,12/15/2016,6:55 p.m.,Jueves,Motocicleta,Particular,Motociclista,Masculino,No,Sin Registro,Solo Daños,Choque,Adelantar por la derecha,Calle 38  Sur Carrera 31,Mesa,Urbana,"(6.165577674, -75.58112182)"
2163499,12/15/2016,6:55 p.m.,Jueves,Motocicleta,Particular,Motociclista,Masculino,No,Sin Registro,Solo Daños,Choque,Girar bruscamente,Calle 38  Sur Carrera 31,Mesa,Urbana,"(6.165577674, -75.58112182)"
2163499,12/15/2016,6:55 p.m.,Jueves,Automovil,Particular,Conductor,Masculino,No,Sin Registro,Solo Daños,Choque,Adelantar por la derecha,Calle 38  Sur Carrera 31,Mesa,Urbana,"(6.165577674, -75.58112182)"
2163498,12/16/2016,11:20 a.m.,Viernes,Camioneta,Particular,Conductor,Masculino,No,Sin Registro,Solo Daños,Choque,Desobedecer senales,Diagonal 33 Transversal 35,Los Naranjos,Urbana,"(6.169487409, -75.58204684)"
2163498,12/16/2016,11:20 a.m.,Viernes,Automovil,Publico,Conductor,Masculino,No,Sin Registro,Solo Daños,Choque,Desobedecer senales,Diagonal 33 Transversal 35,Los Naranjos,Urbana,"(6.169487409, -75.58204684)"
2163473,12/16/2016,12:25 p.m.,Viernes,Automovil,Particular,Conductor,Masculino,No,Sin Registro,Solo Daños,Choque,Adelantar cerrando,Carrera 48 Calle 37  Sur,Glorieta Exito,Urbana,"(6.172859211, -75.59276992)"
2163473,12/16/2016,12:25 p.m.,Viernes,Camion,Publico,Conductor,Masculino,No,Sin Registro,Solo Daños,Choque,Adelantar cerrando,Carrera 48 Calle 37  Sur,Glorieta Exito,Urbana,"(6.172859211, -75.59276992)"
2163487,12/16/2016,1:53 p.m.,Viernes,Motocicleta,Particular,Motociclista,Masculino,No,Sin Registro,Solo Daños,Choque,No respetar prelacion,Calle 37  Sur Carrera 32,La Pradera,Urbana,"(6.166691719, -75.58118599)"
2163487,12/16/2016,1:53 p.m.,Viernes,Automovil,Particular,Conductor,Masculino,No,Sin Registro,Solo Daños,Choque,No respetar prelacion,Calle 37  Sur Carrera 32,La Pradera,Urbana,"(6.166691719, -75.58118599)"
2163481,12/16/2016,2:30 p.m.,Viernes,Automovil,Particular,Conductor,Masculino,No,Sin Registro,Herido,Choque,Desobedecer senales,Diagonal 33 Transversal 34 D,Los Naranjos,Urbana,"(6.170891508, -75.58314017)"
2163481,12/16/2016,2:30 p.m.,Viernes,Motocicleta,Particular,Motociclista,Femenino,No,Sin Registro,Herido,Choque,Desobedecer senales,Diagonal 33 Transversal 34 D,Los Naranjos,Urbana,"(6.170891508, -75.58314017)"
2163483,12/16/2016,2:40 p.m.,Viernes,Bus,Publico,Conductor,Masculino,No,Sin Registro,Solo Daños,Choque,Adelantar cerrando,Carrera 43 A Calle 31  Sur,Avenida El Poblado,Urbana,"(6.176754685, -75.58546897)"
2163483,12/16/2016,2:40 p.m.,Viernes,Automovil,Particular,Conductor,Femenino,No,Sin Registro,Solo Daños,Choque,Adelantar cerrando,Carrera 43 A Calle 31  Sur,Avenida El Poblado,Urbana,"(6.176754685, -75.58546897)"
2163493,12/16/2016,3:50 p.m.,Viernes,Camioneta,Particular,Conductor,Masculino,No,Sin Registro,Solo Daños,Choque,No mantener distancia de seguridad,Carrera 50 Calle 46  Sur,Las Vegas,Urbana,"(6.16131219, -75.60319818)"
2163493,12/16/2016,3:50 p.m.,Viernes,Camion,Publico,Conductor,Masculino,No,Sin Registro,Solo Daños,Choque,No mantener distancia de seguridad,Carrera 50 Calle 46  Sur,Las Vegas,Urbana,"(6.16131219, -75.60319818)"
2163509,12/16/2016,4:30 p.m.,Viernes,Campero,Particular,Conductor,Masculino,No,Sin Registro,Solo Daños,Choque,Desobedecer senales,Carrera 43 A Calle 44  Sur,Primavera,Urbana,"(6.1654766, -75.59401722)"
2163509,12/16/2016,4:30 p.m.,Viernes,Motocicleta,Particular,Motociclista,Masculino,No,Sin Registro,Solo Daños,Choque,Desobedecer senales,Carrera 43 A Calle 44  Sur,Primavera,Urbana,"(6.1654766, -75.59401722)"
2163508,12/16/2016,6:40 p.m.,Viernes,Microbus,Publico,Conductor,Masculino,No,Sin Registro,Solo Daños,Choque,No mantener distancia de seguridad,Calle 50  Sur Carrera 48,Las Vegas,Urbana,
2163508,12/16/2016,6:40 p.m.,Viernes,Camioneta,Particular,Conductor,Masculino,No,Sin Registro,Solo Daños,Choque,No mantener distancia de seguridad,Calle 50  Sur Carrera 48,Las Vegas,Urbana,
2163497,12/16/2016,7:00 p.m.,Viernes,Motocicleta,Particular,Motociclista,Masculino,No,Sin Registro,Herido,Atropello,Otra,Calle 38  Sur Carrera 46,Alcala,Urbana,"(6.171966643, -75.59136974)"
2163497,12/16/2016,7:00 p.m.,Viernes,Motocicleta,Particular,Motociclista,Masculino,No,Sin Registro,Herido,Atropello,Otra,Calle 38  Sur Carrera 46,Alcala,Urbana,"(6.171966643, -75.59136974)"
2163500,12/16/2016,7:45 p.m.,Viernes,Campero,Diplomatico,Conductor,Masculino,No,Sin Registro,Solo Daños,Choque,No mantener distancia de seguridad,Carrera 48 Calle 35 A Sur,Las Vegas,Urbana,"(6.174372875, -75.59153184)"
2163500,12/16/2016,7:45 p.m.,Viernes,Automovil,Publico,Conductor,Masculino,No,Sin Registro,Solo Daños,Choque,No mantener distancia de seguridad,Carrera 48 Calle 35 A Sur,Las Vegas,Urbana,"(6.174372875, -75.59153184)"
2163502,12/16/2016,10:10 p.m.,Viernes,Automovil,Particular,Conductor,Masculino,No,Sin Registro,Solo Daños,Choque,No respetar prelacion,Tramo 371 Kilometro  12,Vereda Palmas,Rural,
2163502,12/16/2016,10:10 p.m.,Viernes,Motocicleta,Particular,Motociclista,Masculino,No,Sin Registro,Solo Daños,Choque,Poner en marcha un vehiculo sin precauci,Tramo 371 Kilometro  12,Vereda Palmas,Rural,
2163502,12/16/2016,10:10 p.m.,Viernes,Motocicleta,Particular,Motociclista,Masculino,No,Sin Registro,Solo Daños,Choque,No respetar prelacion,Tramo 371 Kilometro  12,Vereda Palmas,Rural,
2163502,12/16/2016,10:10 p.m.,Viernes,Automovil,Particular,Conductor,Masculino,No,Sin Registro,Solo Daños,Choque,Poner en marcha un vehiculo sin precauci,Tramo 371 Kilometro  12,Vereda Palmas,Rural,
2163488,12/17/2016,8:10 a.m.,Sábado,Motocicleta,Particular,Motociclista,Masculino,No,Sin Registro,Herido,Choque,Adelantar por la derecha,Calle 48 C Sur Carrera 43 A,Las Vegas,Urbana,"(6.162378903, -75.59763059)"
2163488,12/17/2016,8:10 a.m.,Sábado,Automovil,Particular,Conductor,Masculino,No,Sin Registro,Herido,Choque,Adelantar por la derecha,Calle 48 C Sur Carrera 43 A,Las Vegas,Urbana,"(6.162378903, -75.59763059)"
2163476,12/17/2016,8:50 a.m.,Sábado,Sin Registro,Publico,Conductor,Masculino,No,Sin Registro,Solo Daños,Choque,No mantener distancia de seguridad,Calle 25  Sur Carrera 49,Las Vegas,Urbana,
2163476,12/17/2016,8:50 a.m.,Sábado,Automovil,Particular,Conductor,Masculino,No,Sin Registro,Solo Daños,Choque,No mantener distancia de seguridad,Calle 25  Sur Carrera 49,Las Vegas,Urbana,
2163485,12/17/2016,12:20 p.m.,Sábado,Automovil,Particular,Conductor,Femenino,No,Sin Registro,Solo Daños,Choque,No mantener distancia de seguridad,Tramo 371 Kilometro  13,Vereda Palmas,Rural,
2163485,12/17/2016,12:20 p.m.,Sábado,Camioneta,Particular,Conductor,Masculino,No,Sin Registro,Solo Daños,Choque,No mantener distancia de seguridad,Tramo 371 Kilometro  13,Vereda Palmas,Rural,
2163485,12/17/2016,12:20 p.m.,Sábado,Camioneta,Particular,Conductor,Masculino,No,Sin Registro,Solo Daños,Choque,No mantener distancia de seguridad,Tramo 371 Kilometro  13,Vereda Palmas,Rural,
2163471,12/17/2016,1:30 p.m.,Sábado,Automovil,Publico,Conductor,Masculino,No,Sin Registro,Solo Daños,Choque,No mantener distancia de seguridad,Calle 39 A Sur Carrera 30,San Jose,Urbana,
2163471,12/17/2016,1:30 p.m.,Sábado,Motocicleta,Particular,Motociclista,Masculino,No,Sin Registro,Solo Daños,Choque,No mantener distancia de seguridad,Calle 39 A Sur Carrera 30,San Jose,Urbana,
2163507,12/17/2016,2:00 p.m.,Sábado,Automovil,Particular,Conductor,Femenino,No,Sin Registro,Solo Daños,Choque,No mantener distancia de seguridad,Carrera 48 Calle 32 B Sur,Las Vegas,Urbana,"(6.176994311, -75.58984119)"
2163507,12/17/2016,2:00 p.m.,Sábado,Automovil,Particular,Conductor,Masculino,No,Sin Registro,Solo Daños,Choque,No mantener distancia de seguridad,Carrera 48 Calle 32 B Sur,Las Vegas,Urbana,"(6.176994311, -75.58984119)"
2163480,12/17/2016,2:10 p.m.,Sábado,Motocicleta,Particular,Motociclista,Masculino,No,Sin Registro,Herido,Caida Ocupante,Impericia en el manejo,Calle 40  Sur Carrera 27,San Jose,Urbana,"(6.158366235, -75.58080793)"
2163503,12/17/2016,3:15 p.m.,Sábado,Automovil,Particular,Conductor,Masculino,No,Sin Registro,Solo Daños,Choque,No mantener distancia de seguridad,Carrera 48 Calle 19  Sur,Las Vegas,Urbana,"(6.187349001, -75.58153568)"
2163503,12/17/2016,3:15 p.m.,Sábado,Campero,Particular,Conductor,Masculino,No,Sin Registro,Solo Daños,Choque,No mantener distancia de seguridad,Carrera 48 Calle 19  Sur,Las Vegas,Urbana,"(6.187349001, -75.58153568)"
2163511,12/17/2016,3:15 p.m.,Sábado,Motocicleta,Particular,Motociclista,Masculino,No,Sin Registro,Solo Daños,Choque,Adelantar en zona prohibida,Calle 36 D Sur Carrera 27 A,Vereda El Escobero,Urbana,"(6.164831751, -75.57423497)"
2163511,12/17/2016,3:15 p.m.,Sábado,Campero,Particular,Conductor,Masculino,No,Sin Registro,Solo Daños,Choque,Adelantar en zona prohibida,Calle 36 D Sur Carrera 27 A,Vereda El Escobero,Urbana,"(6.164831751, -75.57423497)"
2163510,12/17/2016,4:50 p.m.,Sábado,Automovil,Particular,Conductor,Femenino,No,Sin Registro,Solo Daños,Choque,Adelantar por la derecha,Tramo 372 Kilometro  16,Vereda Palmas,Rural,
2163510,12/17/2016,4:50 p.m.,Sábado,Motocicleta,Particular,Motociclista,Masculino,No,Sin Registro,Solo Daños,Choque,Adelantar por la derecha,Tramo 372 Kilometro  16,Vereda Palmas,Rural,
2163484,12/17/2016,6:00 p.m.,Sábado,Motocicleta,Diplomatico,Motociclista,Masculino,No,Sin Registro,Herido,Choque,Desobedecer senales,Diagonal 33 Transversal 32 C Sur,La Magnolia,Urbana,"(6.174362764, -75.584459)"
2163484,12/17/2016,6:00 p.m.,Sábado,Automovil,Particular,Conductor,Masculino,No,Sin Registro,Herido,Choque,Desobedecer senales,Diagonal 33 Transversal 32 C Sur,La Magnolia,Urbana,"(6.174362764, -75.584459)"
2163482,12/17/2016,6:45 p.m.,Sábado,Campero,Particular,Conductor,Masculino,No,Sin Registro,Solo Daños,Choque,Vehiculo mal estacionado,Calle 39 D Sur Carrera 25,El Salado,Urbana,"(6.154343948, -75.57802149)"
2163482,12/17/2016,6:45 p.m.,Sábado,Camioneta,Particular,Conductor,Masculino,No,Sin Registro,Solo Daños,Choque,Impericia en el manejo,Calle 39 D Sur Carrera 25,El Salado,Urbana,"(6.154343948, -75.57802149)"
2163482,12/17/2016,6:45 p.m.,Sábado,Camioneta,Particular,Conductor,Masculino,No,Sin Registro,Solo Daños,Choque,Vehiculo mal estacionado,Calle 39 D Sur Carrera 25,El Salado,Urbana,"(6.154343948, -75.57802149)"
2163482,12/17/2016,6:45 p.m.,Sábado,Campero,Particular,Conductor,Masculino,No,Sin Registro,Solo Daños,Choque,Impericia en el manejo,Calle 39 D Sur Carrera 25,El Salado,Urbana,"(6.154343948, -75.57802149)"
2163516,12/17/2016,10:05 p.m.,Sábado,Automovil,Particular,Conductor,Femenino,No,Sin Registro,Solo Daños,Choque,Adelantar cerrando,Carrera 43 A Calle 40  Sur,Zona Centro,Urbana,"(6.168044687, -75.59026877)"
2163516,12/17/2016,10:05 p.m.,Sábado,Automovil,Particular,Conductor,Masculino,No,Sin Registro,Solo Daños,Choque,Adelantar cerrando,Carrera 43 A Calle 40  Sur,Zona Centro,Urbana,"(6.168044687, -75.59026877)"
2163477,12/17/2016,10:50 p.m.,Sábado,Motocicleta,Diplomatico,Motociclista,Sin registro,No,Sin Registro,Herido,Choque,Semaforo en rojo,Calle 37  Sur Carrera 48,Las Vegas,Urbana,"(6.17412211, -75.59306111)"
2163477,12/17/2016,10:50 p.m.,Sábado,Motocicleta,Particular,Motociclista,Masculino,No,Sin Registro,Herido,Choque,Semaforo en rojo,Calle 37  Sur Carrera 48,Las Vegas,Urbana,"(6.17412211, -75.59306111)"
2163491,12/17/2016,11:30 p.m.,Sábado,Automovil,Particular,Conductor,Masculino,No,Sin Registro,Solo Daños,Choque,Semaforo en rojo,Carrera 48 Calle 30  Sur,Las Vegas,Urbana,"(6.179366643, -75.5880841)"
2163491,12/17/2016,11:30 p.m.,Sábado,Automovil,Particular,Conductor,Masculino,No,Sin Registro,Solo Daños,Choque,Semaforo en rojo,Carrera 48 Calle 30  Sur,Las Vegas,Urbana,"(6.179366643, -75.5880841)"
2163529,12/18/2016,11:20 a.m.,Domingo,Motocicleta,Particular,Motociclista,Masculino,No,Sin Registro,Solo Daños,Choque,Adelantar en zona prohibida,Transversal 34  Sur Diagonal 32 D,La Magnolia,Urbana,"(6.172948966, -75.58325117)"
2163529,12/18/2016,11:20 a.m.,Domingo,Automovil,Particular,Conductor,Masculino,No,Sin Registro,Solo Daños,Choque,Adelantar en zona prohibida,Transversal 34  Sur Diagonal 32 D,La Magnolia,Urbana,"(6.172948966, -75.58325117)"
2163513,12/18/2016,12:10 p.m.,Domingo,Motocicleta,Diplomatico,Motociclista,Masculino,No,Sin Registro,Solo Daños,Choque,Otra,Calle 26 A Sur Carrera 42 B,Las Orquideas,Urbana,"(6.177324883, -75.57942368)"
2163518,12/18/2016,2:50 p.m.,Domingo,Bus,Publico,Conductor,Masculino,No,Sin Registro,Solo Daños,Choque,Adelantar en zona prohibida,Calle 21  Sur Carrera 41 AA,Sin Registro,Urbana,"(6.182549881, -75.57750033)"
2163518,12/18/2016,2:50 p.m.,Domingo,Automovil,Particular,Conductor,Masculino,No,Sin Registro,Solo Daños,Choque,Desobedecer senales,Calle 21  Sur Carrera 41 AA,Sin Registro,Urbana,"(6.182549881, -75.57750033)"
2163518,12/18/2016,2:50 p.m.,Domingo,Automovil,Particular,Conductor,Masculino,No,Sin Registro,Solo Daños,Choque,Adelantar en zona prohibida,Calle 21  Sur Carrera 41 AA,Sin Registro,Urbana,"(6.182549881, -75.57750033)"
2163518,12/18/2016,2:50 p.m.,Domingo,Bus,Publico,Conductor,Masculino,No,Sin Registro,Solo Daños,Choque,Desobedecer senales,Calle 21  Sur Carrera 41 AA,Sin Registro,Urbana,"(6.182549881, -75.57750033)"
2163486,12/18/2016,4:36 p.m.,Domingo,Motocicleta,Particular,Motociclista,Masculino,No,Sin Registro,Solo Daños,Choque,Semaforo en rojo,Calle 38  Sur Carrera 39,Zona Centro,Urbana,"(6.16839174, -75.5852478)"
2163486,12/18/2016,4:36 p.m.,Domingo,Automovil,Particular,Conductor,Femenino,No,Sin Registro,Solo Daños,Choque,Semaforo en rojo,Calle 38  Sur Carrera 39,Zona Centro,Urbana,"(6.16839174, -75.5852478)"
2163472,12/18/2016,4:40 p.m.,Domingo,Motocicleta,Particular,Motociclista,Femenino,No,Sin Registro,Solo Daños,Choque,Adelantar en zona prohibida,Calle 40 F Sur Carrera 25 AB,La Mina,Urbana,"(6.156115722, -75.58240747)"
2163472,12/18/2016,4:40 p.m.,Domingo,Automovil,Particular,Conductor,Masculino,No,Sin Registro,Solo Daños,Choque,Adelantar en zona prohibida,Calle 40 F Sur Carrera 25 AB,La Mina,Urbana,"(6.156115722, -75.58240747)"
2163469,12/18/2016,7:40 p.m.,Domingo,Motocicleta,Particular,Motociclista,Masculino,No,Sin Registro,Herido,Caida Ocupante,Impericia en el manejo,Calle 40  Sur Carrera 24 F,El Salado,Urbana,"(6.151179811, -75.57759933)"
2163495,12/18/2016,7:50 p.m.,Domingo,Automovil,Particular,Conductor,Masculino,No,Sin Registro,Solo Daños,Choque,Otra,Carrera 50 Calle 37  Sur,Las Vegas,Urbana,
2163495,12/18/2016,7:50 p.m.,Domingo,Motocicleta,Particular,Motociclista,Masculino,No,Sin Registro,Solo Daños,Choque,Otra,Carrera 50 Calle 37  Sur,Las Vegas,Urbana,
2170415,12/19/2016,7:30 p.m.,Lunes,Automovil,Particular,Conductor,Femenino,No,Sin Registro,Solo Daños,Choque,Otra,Calle 32  Sur Carrera 48,Las Vegas,Urbana,
2163492,12/18/2016,8:30 p.m.,Domingo,Automovil,Particular,Conductor,Masculino,No,Sin Registro,Solo Daños,Choque,Otra,Calle 39 B Sur Carrera 25,El Chinguí,Urbana,"(6.154772856, -75.57488615)"
2163492,12/18/2016,8:30 p.m.,Domingo,Automovil,Particular,Conductor,Masculino,No,Sin Registro,Solo Daños,Choque,Otra,Calle 39 B Sur Carrera 25,El Chinguí,Urbana,"(6.154772856, -75.57488615)"
2163494,12/18/2016,8:55 p.m.,Domingo,Automovil,Particular,Conductor,Femenino,No,Sin Registro,Solo Daños,Choque,No mantener distancia de seguridad,Tramo 371 Kilometro  8,Vereda Palmas,Rural,
2163494,12/18/2016,8:55 p.m.,Domingo,Automovil,Particular,Conductor,Masculino,No,Sin Registro,Solo Daños,Choque,No mantener distancia de seguridad,Tramo 371 Kilometro  8,Vereda Palmas,Rural,
2163504,12/18/2016,9:45 p.m.,Domingo,Camioneta,Particular,Conductor,Masculino,No,Sin Registro,Solo Daños,Choque,Obstaculos en la via,Calle 38 B Sur Carrera 26,Sin Registro,Urbana,
2163506,12/18/2016,11:40 p.m.,Domingo,Campero,Particular,Conductor,Masculino,No,Sin Registro,Solo Daños,Choque,Dejar o movilizar semovientes,Tramo 371 Kilometro  12,Vereda Palmas,Rural,
2163506,12/18/2016,11:40 p.m.,Domingo,Automovil,Particular,Conductor,Masculino,No,Sin Registro,Solo Daños,Choque,Dejar o movilizar semovientes,Tramo 371 Kilometro  12,Vereda Palmas,Rural,
2163515,12/19/2016,11:40 a.m.,Lunes,Automovil,Particular,Conductor,Masculino,No,Sin Registro,Solo Daños,Choque,No mantener distancia de seguridad,Calle 46 A Sur Carrera 50,Las Vegas,Urbana,
2163515,12/19/2016,11:40 a.m.,Lunes,Automovil,Particular,Conductor,Masculino,No,Sin Registro,Solo Daños,Choque,No mantener distancia de seguridad,Calle 46 A Sur Carrera 50,Las Vegas,Urbana,
2163515,12/19/2016,11:40 a.m.,Lunes,Motocicleta,Particular,Motociclista,Masculino,No,Sin Registro,Solo Daños,Choque,No mantener distancia de seguridad,Calle 46 A Sur Carrera 50,Las Vegas,Urbana,
2163531,12/19/2016,12:30 p.m.,Lunes,Camioneta,Particular,Conductor,Sin registro,No,Sin Registro,Solo Daños,Choque,Poner en marcha un vehiculo sin precauci,Diagonal 40 Transversal 36,La Magnolia,Urbana,
2163531,12/19/2016,12:30 p.m.,Lunes,Camioneta,Particular,Conductor,Femenino,No,Sin Registro,Solo Daños,Choque,Poner en marcha un vehiculo sin precauci,Diagonal 40 Transversal 36,La Magnolia,Urbana,
2163526,12/19/2016,1:10 p.m.,Lunes,Sin Registro,Particular,Conductor,Femenino,No,Sin Registro,Solo Daños,Choque,Exceso de velocidad,Tramo 376 Kilometro  9,Vereda Perico,Rural,
2163526,12/19/2016,1:10 p.m.,Lunes,Motocicleta,Particular,Motociclista,Masculino,No,Sin Registro,Solo Daños,Choque,Exceso de velocidad,Tramo 376 Kilometro  9,Vereda Perico,Rural,
2163519,12/19/2016,1:30 p.m.,Lunes,Microbus,Publico,Conductor,Masculino,No,Sin Registro,Solo Daños,Choque,Desobedecer senales,Calle 38  Sur Carrera 43 A,Zona Centro,Urbana,"(6.170537577, -75.58862514)"
2163519,12/19/2016,1:30 p.m.,Lunes,Camioneta,Publico,Conductor,Masculino,No,Sin Registro,Solo Daños,Choque,Desobedecer senales,Calle 38  Sur Carrera 43 A,Zona Centro,Urbana,"(6.170537577, -75.58862514)"
2163512,12/19/2016,2:40 p.m.,Lunes,Campero,Particular,Conductor,Masculino,No,Sin Registro,Solo Daños,Choque,Adelantar cerrando,Carrera 48 Calle 25 AA Sur,Las Vegas,Urbana,"(6.183765745, -75.58469035)"
2163512,12/19/2016,2:40 p.m.,Lunes,Automovil,Particular,Conductor,Femenino,No,Sin Registro,Solo Daños,Choque,Adelantar cerrando,Carrera 48 Calle 25 AA Sur,Las Vegas,Urbana,"(6.183765745, -75.58469035)"
2163532,12/19/2016,3:30 p.m.,Lunes,Automovil,Publico,Conductor,Masculino,No,Sin Registro,Solo Daños,Choque,No mantener distancia de seguridad,Calle 48 C Sur Carrera 48,Las Vegas,Urbana,"(6.159138282, -75.59625971)"
2163532,12/19/2016,3:30 p.m.,Lunes,Camioneta,Particular,Conductor,Masculino,No,Sin Registro,Solo Daños,Choque,No mantener distancia de seguridad,Calle 48 C Sur Carrera 48,Las Vegas,Urbana,"(6.159138282, -75.59625971)"
2163514,12/19/2016,5:00 p.m.,Lunes,Automovil,Particular,Conductor,Masculino,No,Sin Registro,Solo Daños,Choque,No mantener distancia de seguridad,Carrera 50 Calle 38  Sur,Las Vegas,Urbana,
2163514,12/19/2016,5:00 p.m.,Lunes,Motocicleta,Particular,Motociclista,Masculino,No,Sin Registro,Solo Daños,Choque,No mantener distancia de seguridad,Carrera 50 Calle 38  Sur,Las Vegas,Urbana,
2163527,12/19/2016,5:04 p.m.,Lunes,Campero,Particular,Conductor,Femenino,No,Sin Registro,Solo Daños,Choque,Transitar entre vehiculos,Tramo 372 Kilometro  16,Vereda Palmas,Rural,
2163527,12/19/2016,5:04 p.m.,Lunes,Motocicleta,Particular,Motociclista,Masculino,No,Sin Registro,Solo Daños,Choque,Transitar entre vehiculos,Tramo 372 Kilometro  16,Vereda Palmas,Rural,
2170415,12/19/2016,7:30 p.m.,Lunes,Motocicleta,Particular,Motociclista,Masculino,No,Sin Registro,Solo Daños,Choque,Otra,Calle 32  Sur Carrera 48,Las Vegas,Urbana,
2163520,12/19/2016,8:00 p.m.,Lunes,Camioneta,Publico,Conductor,Masculino,No,Sin Registro,Solo Daños,Choque,No mantener distancia de seguridad,Carrera 43 A Calle 50  Sur,Las Casitas,Urbana,"(6.160125495, -75.60207899)"
2163520,12/19/2016,8:00 p.m.,Lunes,Camioneta,Particular,Conductor,Femenino,No,Sin Registro,Solo Daños,Choque,No mantener distancia de seguridad,Carrera 43 A Calle 50  Sur,Las Casitas,Urbana,"(6.160125495, -75.60207899)"
2163537,12/19/2016,8:40 p.m.,Lunes,Automovil,Particular,Conductor,Masculino,No,Sin Registro,Herido,Atropello,Cruzar sin observar,Carrera 50 Calle 30  Sur,Las Vegas,Urbana,
2163517,12/19/2016,10:00 p.m.,Lunes,Automovil,Particular,Conductor,Masculino,No,Sin Registro,Solo Daños,Choque,Otra,Diagonal 40 Transversal 34  Sur,Obrero,Urbana,"(6.172071276, -75.58511796)"
2163517,12/19/2016,10:00 p.m.,Lunes,Motocicleta,Particular,Motociclista,Sin registro,No,Sin Registro,Solo Daños,Choque,Otra,Diagonal 40 Transversal 34  Sur,Obrero,Urbana,"(6.172071276, -75.58511796)"
2163530,12/20/2016,6:40 a.m.,Martes,Automovil,Particular,Conductor,Masculino,No,Sin Registro,Solo Daños,Choque,No mantener distancia de seguridad,Carrera 48 Calle 38 A Sur,Las Vegas,Urbana,"(6.172315595, -75.59309025)"