RADICADO,FECHA,HORA,DÍA DE LA SEMANA,CLASE DE VEHICULO,TIPO DE SERVICIO,TIPO DE VICTIMA,SEXO,ESTADO DE BEODEZ,RESULTADO DE BEODEZ,GRAVEDAD,CLASE DE ACCIDENTE,CAUSA,DIRECCIÓN,BARRIO,AREA,Coordenadas
2163530,12/20/2016,6:40 a.m.,Martes,Automovil,Publico,Conductor,Masculino,No,Sin Registro,Solo Daños,Choque,No mantener distancia de seguridad,Carrera 48 Calle 38 A Sur,Las Vegas,Urbana,"(6.172315595, -75.59309025)"
2163549,12/20/2016,8:20 a.m.,Martes,Bus,Publico,Conductor,Masculino,No,Sin Registro,Solo Daños,Choque,Desobedecer senales,Calle 38  Sur Carrera 36,Mesa,Urbana,"(6.167371692, -75.58367367)"
2163549,12/20/2016,8:20 a.m.,Martes,Camioneta,Particular,Conductor,Masculino,No,Sin Registro,Solo Daños,Choque,Desobedecer senales,Calle 38  Sur Carrera 36,Mesa,Urbana,"(6.167371692, -75.58367367)"
2163525,12/20/2016,10:30 a.m.,Martes,Automovil,Particular,Conductor,Masculino,No,Sin Registro,Solo Daños,Choque,Girar bruscamente,Carrera 38 Calle 38 A Sur,Mesa,Urbana,"(6.167222359, -75.58511361)"
2163525,12/20/2016,10:30 a.m.,Martes,Camion,Publico,Conductor,Masculino,No,Sin Registro,Solo Daños,Choque,Girar bruscamente,Carrera 38 Calle 38 A Sur,Mesa,Urbana,"(6.167222359, -75.58511361)"
2163524,12/20/2016,11:00 a.m.,Martes,Camioneta,Particular,Conductor,Sin registro,No,Sin Registro,Solo Daños,Choque,Semaforo en rojo,Calle 21  Sur Carrera 43 A,Zuñiga,Urbana,"(6.18399286, -75.57959764)"
2163524,12/20/2016,11:00 a.m.,Martes,Motocicleta,Particular,Motociclista,Masculino,No,Sin Registro,Solo Daños,Choque,Semaforo en rojo,Calle 21  Sur Carrera 43 A,Zuñiga,Urbana,"(6.18399286, -75.57959764)"
2163543,12/20/2016,12:00 p.m.,Martes,Motocicleta,Particular,Motociclista,Masculino,No,Sin Registro,Solo Daños,Choque,Transitar entre vehiculos,Calle 19  Sur Carrera 48,Las Vegas,Urbana,
2163543,12/20/2016,12:00 p.m.,Martes,Campero,Diplomatico,Conductor,Masculino,No,Sin Registro,Solo Daños,Choque,Transitar entre vehiculos,Calle 19  Sur Carrera 48,Las Vegas,Urbana,
2163538,12/20/2016,1:20 p.m.,Martes,Automovil,Particular,Conductor,Femenino,No,Sin Registro,Solo Daños,Choque,Adelantar por la derecha,Carrera 27 D Calle 34  Sur,La Inmaculada,Urbana,"(6.171895479, -75.57503368)"
2163538,12/20/2016,1:20 p.m.,Martes,Motocicleta,Particular,Motociclista,Masculino,No,Sin Registro,Solo Daños,Choque,Adelantar por la derecha,Carrera 27 D Calle 34  Sur,La Inmaculada,Urbana,"(6.171895479, -75.57503368)"
2163528,12/20/2016,1:40 p.m.,Martes,Automovil,Particular,Conductor,Masculino,No,Sin Registro,Solo Daños,Choque,No mantener distancia de seguridad,Carrera 50 Calle 43  Sur,Las Vegas,Urbana,
2163528,12/20/2016,1:40 p.m.,Martes,Camioneta,Particular,Conductor,Masculino,No,Sin Registro,Solo Daños,Choque,No mantener distancia de seguridad,Carrera 50 Calle 43  Sur,Las Vegas,Urbana,
2163540,12/20/2016,2:00 p.m.,Martes,Automovil,Particular,Conductor,Femenino,No,Sin Registro,Solo Daños,Choque,Impericia en el manejo,Calle 24  Sur Carrera 38,Zuñiga,Urbana,"(6.177798131, -75.5727217)"
2163542,12/20/2016,3:30 p.m.,Martes,Automovil,Publico,Conductor,Masculino,No,Sin Registro,Solo Daños,Choque,Desobedecer senales,Carrera 39 B Calle 46 E Sur,El Trianon,Urbana,"(6.158812668, -75.5916866)"
2163542,12/20/2016,3:30 p.m.,Martes,Motocicleta,Particular,Motociclista,Femenino,No,Sin Registro,Solo Daños,Choque,Desobedecer senales,Carrera 39 B Calle 46 E Sur,El Trianon,Urbana,"(6.158812668, -75.5916866)"
2163533,12/20/2016,3:50 p.m.,Martes,Automovil,Publico,Conductor,Masculino,No,Sin Registro,Herido,Choque,Desobedecer senales,Calle 37  Sur Carrera 49,Las Vegas,Urbana,"(6.174789471, -75.59420424)"
2163533,12/20/2016,3:50 p.m.,Martes,Motocicleta,Particular,Motociclista,Femenino,No,Sin Registro,Herido,Choque,Desobedecer senales,Calle 37  Sur Carrera 49,Las Vegas,Urbana,"(6.174789471, -75.59420424)"
2163558,12/20/2016,5:00 p.m.,Martes,Automovil,Particular,Conductor,Masculino,No,Sin Registro,Solo Daños,Choque,Exceso de velocidad,Tramo 376 Kilometro  2,Vereda Perico,Rural,
2163558,12/20/2016,5:00 p.m.,Martes,Automovil,Particular,Conductor,Masculino,No,Sin Registro,Solo Daños,Choque,Exceso de velocidad,Tramo 376 Kilometro  2,Vereda Perico,Rural,
2171381,12/20/2016,7:05 p.m.,Martes,Bus,Publico,Conductor,Masculino,No,Sin Registro,Solo Daños,Choque,Otra,Calle 38  Sur Carrera 42,Sin Registro,Urbana,"(6.16961293, -75.58738469)"
2171381,12/20/2016,7:05 p.m.,Martes,Automovil,Particular,Conductor,Femenino,No,Sin Registro,Solo Daños,Choque,Otra,Calle 38  Sur Carrera 42,Sin Registro,Urbana,"(6.16961293, -75.58738469)"
2163547,12/20/2016,9:15 p.m.,Martes,Automovil,Diplomatico,Conductor,Masculino,No,Sin Registro,Solo Daños,Choque,Girar bruscamente,Calle 42  Sur Carrera 25,Las Antillas,Urbana,
2163547,12/20/2016,9:15 p.m.,Martes,Automovil,Particular,Conductor,Masculino,No,Sin Registro,Solo Daños,Choque,Girar bruscamente,Calle 42  Sur Carrera 25,Las Antillas,Urbana,
2163522,12/20/2016,11:00 p.m.,Martes,Automovil,Publico,Conductor,Masculino,No,Sin Registro,Herido,Choque,Exceso de velocidad,Calle 37  Sur Carrera 48,Alcala,Urbana,"(6.17412211, -75.59306111)"
2163523,12/21/2016,12:15 a.m.,Miércoles,Automovil,Particular,Conductor,Masculino,No,Sin Registro,Solo Daños,Choque,Otra,Carrera 43 A Calle 21  Sur,Avenida El Poblado,Urbana,"(6.183599544, -75.57940986)"
2163523,12/21/2016,12:15 a.m.,Miércoles,Motocicleta,Particular,Motociclista,Femenino,No,Sin Registro,Solo Daños,Choque,Otra,Carrera 43 A Calle 21  Sur,Avenida El Poblado,Urbana,"(6.183599544, -75.57940986)"
2163536,12/21/2016,6:50 a.m.,Miércoles,Automovil,Particular,Conductor,Femenino,No,Sin Registro,Solo Daños,Choque,No mantener distancia de seguridad,Carrera 50 Calle 26  Sur,Las Vegas,Urbana,"(6.184812544, -75.58691109)"
2163536,12/21/2016,6:50 a.m.,Miércoles,Automovil,Particular,Conductor,Masculino,No,Sin Registro,Solo Daños,Choque,No mantener distancia de seguridad,Carrera 50 Calle 26  Sur,Las Vegas,Urbana,"(6.184812544, -75.58691109)"
2163536,12/21/2016,6:50 a.m.,Miércoles,Automovil,Particular,Conductor,Femenino,No,Sin Registro,Solo Daños,Choque,No mantener distancia de seguridad,Carrera 50 Calle 26  Sur,Las Vegas,Urbana,"(6.184812544, -75.58691109)"
2163546,12/21/2016,7:10 a.m.,Miércoles,Automovil,Publico,Conductor,Masculino,No,Sin Registro,Solo Daños,Choque,Poner en marcha un vehiculo sin precauci,Tramo 372 Kilometro  5,Vereda Palmas,Rural,
2163546,12/21/2016,7:10 a.m.,Miércoles,Motocicleta,Particular,Motociclista,Masculino,No,Sin Registro,Solo Daños,Choque,Poner en marcha un vehiculo sin precauci,Tramo 372 Kilometro  5,Vereda Palmas,Rural,
2163534,12/21/2016,7:40 a.m.,Miércoles,Motocicleta,Particular,Motociclista,Masculino,No,Sin Registro,Solo Daños,Choque,No mantener distancia de seguridad,Calle 37  Sur Carrera 29,La Magnolia,Urbana,"(6.165886877, -75.57955099)"
2163534,12/21/2016,7:40 a.m.,Miércoles,Campero,Particular,Conductor,Masculino,No,Sin Registro,Solo Daños,Choque,No mantener distancia de seguridad,Calle 37  Sur Carrera 29,La Magnolia,Urbana,"(6.165886877, -75.57955099)"
2163535,12/21/2016,8:10 a.m.,Miércoles,Campero,Particular,Conductor,Sin registro,No,Sin Registro,Solo Daños,Choque,No mantener distancia de seguridad,Calle 46 A Sur Carrera 50,Las Vegas,Urbana,
2163535,12/21/2016,8:10 a.m.,Miércoles,Automovil,Particular,Conductor,Femenino,No,Sin Registro,Solo Daños,Choque,No mantener distancia de seguridad,Calle 46 A Sur Carrera 50,Las Vegas,Urbana,
2163548,12/21/2016,11:00 a.m.,Miércoles,Campero,Particular,Conductor,Masculino,No,Sin Registro,Solo Daños,Choque,Desobedecer senales,Carrera 27 Calle 36  Sur,El Chocho,Urbana,"(6.167009975, -75.56927808)"
2163548,12/21/2016,11:00 a.m.,Miércoles,Campero,Particular,Conductor,Masculino,No,Sin Registro,Solo Daños,Choque,Desobedecer senales,Carrera 27 Calle 36  Sur,El Chocho,Urbana,"(6.167009975, -75.56927808)"
2163551,12/21/2016,11:00 a.m.,Miércoles,Camioneta,Particular,Conductor,Femenino,No,Sin Registro,Solo Daños,Otro,Impericia en el manejo,Calle 38 A Sur Carrera 41,Zona Centro,Urbana,"(6.168560755, -75.58701537)"
2163554,12/21/2016,12:45 p.m.,Miércoles,Automovil,Particular,Conductor,Femenino,No,Sin Registro,Solo Daños,Choque,Desobedecer senales,Carrera 42 D Calle 46 E Sur,La Paz,Urbana,"(6.162815564, -75.59543879)"
2163554,12/21/2016,12:45 p.m.,Miércoles,Automovil,Particular,Conductor,Masculino,No,Sin Registro,Solo Daños,Choque,Desobedecer senales,Carrera 42 D Calle 46 E Sur,La Paz,Urbana,"(6.162815564, -75.59543879)"
2163556,12/21/2016,2:15 p.m.,Miércoles,Camioneta,Particular,Conductor,Masculino,No,Sin Registro,Solo Daños,Choque,No mantener distancia de seguridad,Tramo 371 Kilometro  1,Sin Registro,Rural,
2163556,12/21/2016,2:15 p.m.,Miércoles,Automovil,Particular,Conductor,Masculino,No,Sin Registro,Solo Daños,Choque,No mantener distancia de seguridad,Tramo 371 Kilometro  1,Sin Registro,Rural,
2163541,12/21/2016,2:20 p.m.,Miércoles,Automovil,Particular,Conductor,Femenino,No,Sin Registro,Solo Daños,Choque,No mantener distancia de seguridad,Carrera 48 Calle 39  Sur,Las Vegas,Urbana,"(6.17163722, -75.59364999)"
2163541,12/21/2016,2:20 p.m.,Miércoles,Automovil,Particular,Conductor,Femenino,No,Sin Registro,Solo Daños,Choque,No mantener distancia de seguridad,Carrera 48 Calle 39  Sur,Las Vegas,Urbana,"(6.17163722, -75.59364999)"
2163544,12/21/2016,2:40 p.m.,Miércoles,Automovil,Particular,Conductor,Masculino,No,Sin Registro,Solo Daños,Choque,No mantener distancia de seguridad,Calle 41  Sur Carrera 31,San Jose,Urbana,"(6.160543478, -75.58533608)"
2163544,12/21/2016,2:40 p.m.,Miércoles,Motocicleta,Particular,Motociclista,Masculino,No,Sin Registro,Solo Daños,Choque,Reverso imprudente,Calle 41  Sur Carrera 31,San Jose,Urbana,"(6.160543478, -75.58533608)"
2163544,12/21/2016,2:40 p.m.,Miércoles,Motocicleta,Particular,Motociclista,Masculino,No,Sin Registro,Solo Daños,Choque,No mantener distancia de seguridad,Calle 41  Sur Carrera 31,San Jose,Urbana,"(6.160543478, -75.58533608)"
2163544,12/21/2016,2:40 p.m.,Miércoles,Automovil,Particular,Conductor,Masculino,No,Sin Registro,Solo Daños,Choque,Reverso imprudente,Calle 41  Sur Carrera 31,San Jose,Urbana,"(6.160543478, -75.58533608)"
2163539,12/21/2016,6:20 p.m.,Miércoles,Automovil,Publico,Conductor,Masculino,No,Sin Registro,Herido,Atropello,Impericia en el manejo,Calle 38  Sur Carrera 41,Zona Centro,Urbana,"(6.169244976, -75.58658807)"
2163552,12/21/2016,7:00 p.m.,Miércoles,Automovil,Publico,Conductor,Masculino,No,Sin Registro,Solo Daños,Choque,Adelantar cerrando,Calle 37  Sur Carrera 48,Las Vegas,Urbana,"(6.17412211, -75.59306111)"
2163552,12/21/2016,7:00 p.m.,Miércoles,Campero,Particular,Conductor,Masculino,No,Sin Registro,Solo Daños,Choque,Adelantar cerrando,Calle 37  Sur Carrera 48,Las Vegas,Urbana,"(6.17412211, -75.59306111)"
2163545,12/21/2016,10:50 p.m.,Miércoles,Campero,Particular,Conductor,Masculino,No,Sin Registro,Solo Daños,Choque,No mantener distancia de seguridad,Carrera 27 B Calle 27 D Sur,Sin Registro,Urbana,"(6.169317472, -75.57221226)"
2163545,12/21/2016,10:50 p.m.,Miércoles,Campero,Particular,Conductor,Masculino,No,Sin Registro,Solo Daños,Choque,No mantener distancia de seguridad,Carrera 27 B Calle 27 D Sur,Sin Registro,Urbana,"(6.169317472, -75.57221226)"
2163550,12/22/2016,8:05 a.m.,Jueves,Automovil,Particular,Conductor,Masculino,No,Sin Registro,Solo Daños,Choque,No mantener distancia de seguridad,Calle 50  Sur Carrera 48,Las Vegas,Urbana,
2163550,12/22/2016,8:05 a.m.,Jueves,Automovil,Particular,Conductor,Femenino,No,Sin Registro,Solo Daños,Choque,No mantener distancia de seguridad,Calle 50  Sur Carrera 48,Las Vegas,Urbana,
2163568,12/22/2016,8:15 a.m.,Jueves,Bus,Publico,Conductor,Masculino,No,Sin Registro,Solo Daños,Choque,No mantener distancia de seguridad,Carrera 40 Calle 38  Sur,Zona Centro,Urbana,"(6.168682985, -75.58587025)"
2163568,12/22/2016,8:15 a.m.,Jueves,Automovil,Publico,Conductor,Masculino,No,Sin Registro,Solo Daños,Choque,No mantener distancia de seguridad,Carrera 40 Calle 38  Sur,Zona Centro,Urbana,"(6.168682985, -75.58587025)"
2163559,12/22/2016,9:10 a.m.,Jueves,Motocicleta,Particular,Motociclista,Masculino,No,Sin Registro,Solo Daños,Choque,No mantener distancia de seguridad,Calle 37  Sur Carrera 43 A,Zona Centro,Urbana,"(6.171151654, -75.58815663)"
2163559,12/22/2016,9:10 a.m.,Jueves,Automovil,Publico,Conductor,Masculino,No,Sin Registro,Solo Daños,Choque,No mantener distancia de seguridad,Calle 37  Sur Carrera 43 A,Zona Centro,Urbana,"(6.171151654, -75.58815663)"
2163553,12/22/2016,1:25 p.m.,Jueves,Automovil,Publico,Conductor,Masculino,No,Sin Registro,Solo Daños,Choque,No mantener distancia de seguridad,Carrera 33 Calle 27  Sur,Mesa,Urbana,
2163553,12/22/2016,1:25 p.m.,Jueves,Automovil,Particular,Conductor,Femenino,No,Sin Registro,Solo Daños,Choque,No mantener distancia de seguridad,Carrera 33 Calle 27  Sur,Mesa,Urbana,
2163576,12/22/2016,1:40 p.m.,Jueves,Camioneta,Particular,Conductor,Masculino,No,Sin Registro,Solo Daños,Choque,No mantener distancia de seguridad,Carrera 43 A Calle 39  Sur,Zona Centro,Urbana,"(6.169011071, -75.5894849)"
2163576,12/22/2016,1:40 p.m.,Jueves,Motocicleta,Particular,Motociclista,Masculino,No,Sin Registro,Solo Daños,Choque,No mantener distancia de seguridad,Carrera 43 A Calle 39  Sur,Zona Centro,Urbana,"(6.169011071, -75.5894849)"
2163578,12/22/2016,2:15 p.m.,Jueves,Automovil,Publico,Conductor,Sin registro,No,Sin Registro,Solo Daños,Choque,No mantener distancia de seguridad,Carrera 41 Calle 35  Sur,Zona Centro,Urbana,"(6.171178893, -75.58531402)"
2163578,12/22/2016,2:15 p.m.,Jueves,Camioneta,Particular,Conductor,Masculino,No,Sin Registro,Solo Daños,Choque,No mantener distancia de seguridad,Carrera 41 Calle 35  Sur,Zona Centro,Urbana,"(6.171178893, -75.58531402)"
2163555,12/22/2016,2:30 p.m.,Jueves,Camioneta,Particular,Conductor,Masculino,No,Sin Registro,Solo Daños,Choque,Desobedecer senales,Calle 40  Sur Carrera 46 A,Alcala,Urbana,"(6.169204277, -75.59429539)"
2163555,12/22/2016,2:30 p.m.,Jueves,Campero,Particular,Conductor,Masculino,No,Sin Registro,Solo Daños,Choque,Desobedecer senales,Calle 40  Sur Carrera 46 A,Alcala,Urbana,"(6.169204277, -75.59429539)"
2163557,12/22/2016,2:45 p.m.,Jueves,Camioneta,Particular,Conductor,Masculino,No,Sin Registro,Herido,Choque,Semaforo en rojo,Carrera 43 A Transversal 27 A,Las Vegas,Urbana,"(6.178993539, -75.58360591)"
2163557,12/22/2016,2:45 p.m.,Jueves,Motocicleta,Particular,Motociclista,Masculino,No,Sin Registro,Herido,Choque,Semaforo en rojo,Carrera 43 A Transversal 27 A,Las Vegas,Urbana,"(6.178993539, -75.58360591)"
2163590,12/22/2016,9:20 p.m.,Jueves,Automovil,Particular,Conductor,Masculino,No,Sin Registro,Herido,Choque,Adelantar cerrando,Calle 46 A Sur Carrera 50,Las Vegas,Urbana,
2163590,12/22/2016,9:20 p.m.,Jueves,Motocicleta,Particular,Motociclista,Femenino,No,Sin Registro,Herido,Choque,Adelantar cerrando,Calle 46 A Sur Carrera 50,Las Vegas,Urbana,
2163590,12/22/2016,9:20 p.m.,Jueves,Motocicleta,Particular,Motociclista,Femenino,No,Sin Registro,Herido,Choque,Adelantar cerrando,Calle 46 A Sur Carrera 50,Las Vegas,Urbana,
2163590,12/22/2016,9:20 p.m.,Jueves,Motocicleta,Particular,Motociclista,Masculino,No,Sin Registro,Herido,Choque,Adelantar cerrando,Calle 46 A Sur Carrera 50,Las Vegas,Urbana,
2163579,12/22/2016,10:35 p.m.,Jueves,Automovil,Publico,Conductor,Masculino,No,Sin Registro,Herido,Choque,No respetar prelacion,Calle 33 B Sur Carrera 45,El Portal,Urbana,"(6.174167802, -75.58799211)"
2163579,12/22/2016,10:35 p.m.,Jueves,Motocicleta,Particular,Motociclista,Masculino,No,Sin Registro,Herido,Choque,No respetar prelacion,Calle 33 B Sur Carrera 45,El Portal,Urbana,"(6.174167802, -75.58799211)"
2163560,12/23/2016,2:15 a.m.,Viernes,Camioneta,Oficial,Conductor,Masculino,No,Sin Registro,Solo Daños,Choque,Reverso imprudente,Carrera 44 Calle 38 A Sur,Alcala,Urbana,"(6.170005172, -75.58957757)"
2163560,12/23/2016,2:15 a.m.,Viernes,Automovil,Particular,Conductor,Masculino,Si,3,Solo Daños,Choque,Reverso imprudente,Carrera 44 Calle 38 A Sur,Alcala,Urbana,"(6.170005172, -75.58957757)"
2163581,12/23/2016,10:10 a.m.,Viernes,Tractocamion,Publico,Conductor,Masculino,No,Sin Registro,Solo Daños,Choque,Girar bruscamente,Calle 30  Sur Carrera 46 A,Jardines,Urbana,"(6.179166125, -75.58749587)"
2163581,12/23/2016,10:10 a.m.,Viernes,Camion,Publico,Conductor,Masculino,No,Sin Registro,Solo Daños,Choque,Girar bruscamente,Calle 30  Sur Carrera 46 A,Jardines,Urbana,"(6.179166125, -75.58749587)"
2163577,12/23/2016,1:40 p.m.,Viernes,Camioneta,Particular,Conductor,Masculino,No,Sin Registro,Solo Daños,Choque,No mantener distancia de seguridad,Calle 21  Sur Carrera 43 A,Zuñiga,Urbana,"(6.18399286, -75.57959764)"
2163577,12/23/2016,1:40 p.m.,Viernes,Camioneta,Particular,Conductor,Masculino,No,Sin Registro,Solo Daños,Choque,No mantener distancia de seguridad,Calle 21  Sur Carrera 43 A,Zuñiga,Urbana,"(6.18399286, -75.57959764)"
2163573,12/23/2016,4:00 p.m.,Viernes,Automovil,Publico,Conductor,Masculino,No,Sin Registro,Solo Daños,Choque,Girar bruscamente,Carrera 42 B Calle 25  Sur,Las Orquideas,Urbana,"(6.179579813, -75.58039689)"
2163573,12/23/2016,4:00 p.m.,Viernes,Automovil,Publico,Conductor,Masculino,No,Sin Registro,Solo Daños,Choque,Girar bruscamente,Carrera 42 B Calle 25  Sur,Las Orquideas,Urbana,"(6.179579813, -75.58039689)"
2163574,12/23/2016,4:05 p.m.,Viernes,Camioneta,Particular,Conductor,Masculino,No,Sin Registro,Solo Daños,Choque,Exceso de velocidad,Transversal 32 C Sur Diagonal 29,Las Flores,Urbana,
2163574,12/23/2016,4:05 p.m.,Viernes,Motocicleta,Particular,Motociclista,Sin registro,No,Sin Registro,Solo Daños,Choque,Exceso de velocidad,Transversal 32 C Sur Diagonal 29,Las Flores,Urbana,
2163598,12/23/2016,4:20 p.m.,Viernes,Automovil,Particular,Conductor,Masculino,No,Sin Registro,Solo Daños,Choque,No mantener distancia de seguridad,Calle 35  Sur Carrera 41,Zona Centro,Urbana,"(6.171300757, -75.58534224)"
2163598,12/23/2016,4:20 p.m.,Viernes,Automovil,Particular,Conductor,Femenino,No,Sin Registro,Solo Daños,Choque,No mantener distancia de seguridad,Calle 35  Sur Carrera 41,Zona Centro,Urbana,"(6.171300757, -75.58534224)"
2163580,12/23/2016,4:30 p.m.,Viernes,Microbus,Publico,Conductor,Masculino,No,Sin Registro,Herido,Caida Ocupante,Otra,Calle 40  Sur Carrera 24 F,El Salado,Urbana,"(6.151179811, -75.57759933)"
2163571,12/23/2016,4:50 p.m.,Viernes,Automovil,Particular,Conductor,Femenino,No,Sin Registro,Solo Daños,Choque,No respetar prelacion,Carrera 48 Calle 50  Sur,Las Vegas,Urbana,
2163571,12/23/2016,4:50 p.m.,Viernes,Motocicleta,Particular,Motociclista,Masculino,No,Sin Registro,Solo Daños,Choque,No respetar prelacion,Carrera 48 Calle 50  Sur,Las Vegas,Urbana,
2163562,12/23/2016,5:20 p.m.,Viernes,Automovil,Particular,Conductor,Masculino,No,Sin Registro,Herido,Choque,Reverso imprudente,Transversal 32 C Sur Diagonal 31,Las Flores,Urbana,"(6.174738982, -75.57858186)"
2163562,12/23/2016,5:20 p.m.,Viernes,Motocicleta,Particular,Motociclista,Masculino,No,Sin Registro,Herido,Choque,Reverso imprudente,Transversal 32 C Sur Diagonal 31,Las Flores,Urbana,"(6.174738982, -75.57858186)"
2163570,12/23/2016,8:00 p.m.,Viernes,Campero,Particular,Conductor,Masculino,No,Sin Registro,Solo Daños,Choque,Adelantar cerrando,Calle 38  Sur Carrera 41,Zona Centro,Urbana,"(6.169244976, -75.58658807)"
2163570,12/23/2016,8:00 p.m.,Viernes,Camioneta,Particular,Conductor,Masculino,No,Sin Registro,Solo Daños,Choque,Adelantar cerrando,Calle 38  Sur Carrera 41,Zona Centro,Urbana,"(6.169244976, -75.58658807)"
2163564,12/23/2016,8:50 p.m.,Viernes,Campero,Particular,Conductor,Masculino,No,Sin Registro,Solo Daños,Choque,Impericia en el manejo,Calle 36  Sur Carrera 41,Zona Centro,Urbana,"(6.170639628, -75.58578509)"
2163564,12/23/2016,8:50 p.m.,Viernes,Automovil,Particular,Conductor,Femenino,No,Sin Registro,Solo Daños,Choque,Impericia en el manejo,Calle 36  Sur Carrera 41,Zona Centro,Urbana,"(6.170639628, -75.58578509)"
2163569,12/23/2016,10:00 p.m.,Viernes,Campero,Particular,Conductor,Masculino,No,Sin Registro,Solo Daños,Choque,No respetar prelacion,Calle 38  Sur Carrera 31,Mesa,Urbana,"(6.165577674, -75.58112182)"
2163569,12/23/2016,10:00 p.m.,Viernes,Camioneta,Particular,Conductor,Femenino,No,Sin Registro,Solo Daños,Choque,No respetar prelacion,Calle 38  Sur Carrera 31,Mesa,Urbana,"(6.165577674, -75.58112182)"
2170775,12/23/2016,10:00 p.m.,Viernes,Camioneta,Particular,Conductor,Masculino,No,Sin Registro,Solo Daños,Choque,Otra,Calle 23 B Sur Carrera 43 A,Las Vegas,Urbana,
2163566,12/24/2016,2:30 a.m.,Sábado,Camioneta,Particular,Conductor,Masculino,No,Sin Registro,Solo Daños,Choque,No mantener distancia de seguridad,Carrera 50 Calle 25 AA Sur,Las Vegas,Urbana,"(6.18564452, -75.58633891)"
2163566,12/24/2016,2:30 a.m.,Sábado,Camion,Publico,Conductor,Masculino,No,Sin Registro,Solo Daños,Choque,No mantener distancia de seguridad,Carrera 50 Calle 25 AA Sur,Las Vegas,Urbana,"(6.18564452, -75.58633891)"
2163586,12/24/2016,9:10 a.m.,Sábado,Bus,Publico,Conductor,Masculino,No,Sin Registro,Solo Daños,Choque,Desobedecer senales,Calle 38 A Sur Carrera 44,Zona Centro,Urbana,"(6.170343187, -75.58995471)"
2163586,12/24/2016,9:10 a.m.,Sábado,Automovil,Particular,Conductor,Femenino,No,Sin Registro,Solo Daños,Choque,Desobedecer senales,Calle 38 A Sur Carrera 44,Zona Centro,Urbana,"(6.170343187, -75.58995471)"
2163575,12/24/2016,10:30 a.m.,Sábado,Camion,Publico,Conductor,Masculino,No,Sin Registro,Solo Daños,Choque,Adelantar cerrando,Carrera 49 Calle 39  Sur,Las Vegas,Urbana,"(6.173609359, -75.59707057)"
2163575,12/24/2016,10:30 a.m.,Sábado,Microbus,Publico,Conductor,Masculino,No,Sin Registro,Solo Daños,Choque,Adelantar cerrando,Carrera 49 Calle 39  Sur,Las Vegas,Urbana,"(6.173609359, -75.59707057)"
2163585,12/24/2016,11:15 a.m.,Sábado,Motocicleta,Particular,Motociclista,Sin registro,No,Sin Registro,Solo Daños,Choque,Adelantar por la derecha,Carrera 40 Calle 35  Sur,Zona Centro,Urbana,"(6.170776136, -75.58458325)"
2163585,12/24/2016,11:15 a.m.,Sábado,Bus,Publico,Conductor,Masculino,No,Sin Registro,Solo Daños,Choque,Adelantar por la derecha,Carrera 40 Calle 35  Sur,Zona Centro,Urbana,"(6.170776136, -75.58458325)"
2163561,12/24/2016,3:50 p.m.,Sábado,Bus,Publico,Conductor,Masculino,No,Sin Registro,Herido,Caida Ocupante,Otra,Calle 41 A Sur Carrera 25,La Mina,Urbana,"(6.157546483, -75.58338635)"
2163563,12/24/2016,3:55 p.m.,Sábado,Automovil,Particular,Conductor,Masculino,No,Sin Registro,Solo Daños,Choque,Adelantar por la derecha,Carrera 43 A Transversal 27 A,Avenida El Poblado,Urbana,"(6.178993539, -75.58360591)"
2163563,12/24/2016,3:55 p.m.,Sábado,Motocicleta,Particular,Motociclista,Masculino,No,Sin Registro,Solo Daños,Choque,Adelantar por la derecha,Carrera 43 A Transversal 27 A,Avenida El Poblado,Urbana,"(6.178993539, -75.58360591)"
2163567,12/24/2016,7:20 p.m.,Sábado,Motocicleta,Particular,Motociclista,Masculino,No,Sin Registro,Solo Daños,Choque,Vehiculo mal estacionado,Carrera 30 Calle 39 D Sur,San Jose,Urbana,"(6.163964222, -75.58137645)"
2163567,12/24/2016,7:20 p.m.,Sábado,Automovil,Particular,Conductor,Masculino,No,Sin Registro,Solo Daños,Choque,Impericia en el manejo,Carrera 30 Calle 39 D Sur,San Jose,Urbana,"(6.163964222, -75.58137645)"
2163567,12/24/2016,7:20 p.m.,Sábado,Automovil,Particular,Conductor,Masculino,No,Sin Registro,Solo Daños,Choque,Vehiculo mal estacionado,Carrera 30 Calle 39 D Sur,San Jose,Urbana,"(6.163964222, -75.58137645)"
2163567,12/24/2016,7:20 p.m.,Sábado,Camioneta,Particular,Conductor,Femenino,No,Sin Registro,Solo Daños,Choque,Impericia en el manejo,Carrera 30 Calle 39 D Sur,San Jose,Urbana,"(6.163964222, -75.58137645)"
2163567,12/24/2016,7:20 p.m.,Sábado,Camioneta,Particular,Conductor,Femenino,No,Sin Registro,Solo Daños,Choque,Vehiculo mal estacionado,Carrera 30 Calle 39 D Sur,San Jose,Urbana,"(6.163964222, -75.58137645)"
2163567,12/24/2016,7:20 p.m.,Sábado,Motocicleta,Particular,Motociclista,Masculino,No,Sin Registro,Solo Daños,Choque,Impericia en el manejo,Carrera 30 Calle 39 D Sur,San Jose,Urbana,"(6.163964222, -75.58137645)"