RADICADO,FECHA,HORA,DÍA DE LA SEMANA,CLASE DE VEHICULO,TIPO DE SERVICIO,TIPO DE VICTIMA,SEXO,ESTADO DE BEODEZ,RESULTADO DE BEODEZ,GRAVEDAD,CLASE DE ACCIDENTE,CAUSA,DIRECCIÓN,BARRIO,AREA,Coordenadas
2170537,12/25/2016,1:00 a.m.,Domingo,Motocicleta,Particular,Motociclista,Masculino,No,Sin Registro,Herido,Choque,Otra,Calle 29  Sur Carrera 27,Alto De Misael,Urbana,
2170537,12/25/2016,1:00 a.m.,Domingo,Camioneta,Particular,Conductor,Masculino,No,Sin Registro,Herido,Choque,Otra,Calle 29  Sur Carrera 27,Alto De Misael,Urbana,
2163565,12/25/2016,2:40 a.m.,Domingo,Automovil,Particular,Conductor,Masculino,No,Sin Registro,Herido,Choque,Desobedecer senales,Calle 39  Sur Carrera 41,Zona Centro,Urbana,"(6.167870042, -75.58744871)"
2163565,12/25/2016,2:40 a.m.,Domingo,Camioneta,Particular,Conductor,Femenino,No,Sin Registro,Herido,Choque,Semaforo en rojo,Calle 39  Sur Carrera 41,Zona Centro,Urbana,"(6.167870042, -75.58744871)"
2163565,12/25/2016,2:40 a.m.,Domingo,Camioneta,Particular,Conductor,Femenino,No,Sin Registro,Herido,Choque,Desobedecer senales,Calle 39  Sur Carrera 41,Zona Centro,Urbana,"(6.167870042, -75.58744871)"
2163565,12/25/2016,2:40 a.m.,Domingo,Automovil,Particular,Conductor,Masculino,No,Sin Registro,Herido,Choque,Semaforo en rojo,Calle 39  Sur Carrera 41,Zona Centro,Urbana,"(6.167870042, -75.58744871)"
2163572,12/25/2016,2:00 p.m.,Domingo,Automovil,Publico,Conductor,Masculino,No,Sin Registro,Solo Daños,Choque,Poner en marcha un vehiculo sin precauci,Calle 40  Sur Carrera 24,El Salado,Urbana,"(6.147263187, -75.57633575)"
2163572,12/25/2016,2:00 p.m.,Domingo,Automovil,Particular,Conductor,Masculino,No,Sin Registro,Solo Daños,Choque,Adelantar cerrando,Calle 40  Sur Carrera 24,El Salado,Urbana,"(6.147263187, -75.57633575)"
2163572,12/25/2016,2:00 p.m.,Domingo,Automovil,Particular,Conductor,Masculino,No,Sin Registro,Solo Daños,Choque,Poner en marcha un vehiculo sin precauci,Calle 40  Sur Carrera 24,El Salado,Urbana,"(6.147263187, -75.57633575)"
2163572,12/25/2016,2:00 p.m.,Domingo,Automovil,Publico,Conductor,Masculino,No,Sin Registro,Solo Daños,Choque,Adelantar cerrando,Calle 40  Sur Carrera 24,El Salado,Urbana,"(6.147263187, -75.57633575)"
2163584,12/26/2016,1:00 p.m.,Lunes,Automovil,Particular,Conductor,Femenino,No,Sin Registro,Herido,Choque,No respetar prelacion,Calle 40  Sur Carrera 24,El Salado,Urbana,"(6.147263187, -75.57633575)"
2163584,12/26/2016,1:00 p.m.,Lunes,Bicicleta,Particular,Ciclista,Masculino,No,Sin Registro,Herido,Choque,No respetar prelacion,Calle 40  Sur Carrera 24,El Salado,Urbana,"(6.147263187, -75.57633575)"
2163587,12/26/2016,1:30 p.m.,Lunes,Campero,Particular,Conductor,Masculino,No,Sin Registro,Solo Daños,Choque,No mantener distancia de seguridad,Carrera 50 Calle 30  Sur,Las Vegas,Urbana,
2163587,12/26/2016,1:30 p.m.,Lunes,Motocicleta,Particular,Motociclista,Masculino,No,Sin Registro,Solo Daños,Choque,No mantener distancia de seguridad,Carrera 50 Calle 30  Sur,Las Vegas,Urbana,
2163583,12/26/2016,2:00 p.m.,Lunes,Automovil,Particular,Conductor,Masculino,No,Sin Registro,Solo Daños,Choque,Otra,Calle 43  Sur Carrera 48,Las Vegas,Urbana,"(6.168592602, -75.597529)"
2163601,12/26/2016,2:20 p.m.,Lunes,Camion,Publico,Conductor,Masculino,No,Sin Registro,Solo Daños,Choque,Girar bruscamente,Carrera 48 Calle 37  Sur,Las Vegas,Urbana,"(6.172859211, -75.59276992)"
2163601,12/26/2016,2:20 p.m.,Lunes,Automovil,Particular,Conductor,Masculino,No,Sin Registro,Solo Daños,Choque,Girar bruscamente,Carrera 48 Calle 37  Sur,Las Vegas,Urbana,"(6.172859211, -75.59276992)"
2163602,12/26/2016,2:20 p.m.,Lunes,Motocicleta,Particular,Motociclista,Masculino,No,Sin Registro,Solo Daños,Choque,No respetar prelacion,Calle 25 A Sur Carrera 42 B,Las Vegas,Urbana,"(6.181402463, -75.58167941)"
2163602,12/26/2016,2:20 p.m.,Lunes,Automovil,Particular,Conductor,Femenino,No,Sin Registro,Solo Daños,Choque,No respetar prelacion,Calle 25 A Sur Carrera 42 B,Las Vegas,Urbana,"(6.181402463, -75.58167941)"
2163589,12/26/2016,4:43 p.m.,Lunes,Automovil,Particular,Conductor,Femenino,No,Sin Registro,Solo Daños,Otro,Huecos,Calle 32 B Sur Carrera 43 A,San Marcos,Urbana,"(6.174951112, -75.58603947)"
2163594,12/26/2016,6:00 p.m.,Lunes,Motocicleta,Particular,Motociclista,Masculino,No,Sin Registro,Solo Daños,Choque,Transitar entre vehiculos,Calle 38  Sur Carrera 40,Zona Centro,Urbana,"(6.16879573, -75.58588978)"
2163594,12/26/2016,6:00 p.m.,Lunes,Motocicleta,Particular,Motociclista,Masculino,No,Sin Registro,Solo Daños,Choque,Transitar entre vehiculos,Calle 38  Sur Carrera 40,Zona Centro,Urbana,"(6.16879573, -75.58588978)"
2163593,12/26/2016,6:55 p.m.,Lunes,Automovil,Publico,Conductor,Masculino,No,Sin Registro,Herido,Choque,No mantener distancia de seguridad,Calle 38 A Sur Carrera 43 A,Zona Centro,Urbana,"(6.169807343, -75.58912536)"
2163593,12/26/2016,6:55 p.m.,Lunes,Automovil,Particular,Conductor,Femenino,No,Sin Registro,Herido,Choque,No mantener distancia de seguridad,Calle 38 A Sur Carrera 43 A,Zona Centro,Urbana,"(6.169807343, -75.58912536)"
2163593,12/26/2016,6:55 p.m.,Lunes,Automovil,Particular,Conductor,Femenino,No,Sin Registro,Herido,Choque,No mantener distancia de seguridad,Calle 38 A Sur Carrera 43 A,Zona Centro,Urbana,"(6.169807343, -75.58912536)"
2163582,12/27/2016,12:30 a.m.,Martes,Motocicleta,Particular,Motociclista,Masculino,No,Sin Registro,Herido,Caida Ocupante,Impericia en el manejo,Calle 46  Sur Carrera 46 B,Primavera,Urbana,"(6.165325085, -75.59741757)"
2163588,12/27/2016,6:35 a.m.,Martes,Motocicleta,Particular,Motociclista,Masculino,No,Sin Registro,Solo Daños,Choque,No mantener distancia de seguridad,Calle 25  Sur Carrera 48,Las Vegas,Urbana,
2163588,12/27/2016,6:35 a.m.,Martes,Automovil,Particular,Conductor,Femenino,No,Sin Registro,Solo Daños,Choque,No mantener distancia de seguridad,Calle 25  Sur Carrera 48,Las Vegas,Urbana,
2163595,12/27/2016,9:20 a.m.,Martes,Automovil,Particular,Conductor,Masculino,No,Sin Registro,Solo Daños,Choque,Reverso imprudente,Calle 40  Sur Carrera 43 A,Milan Vallejuelos,Urbana,"(6.167965983, -75.59024215)"
2163595,12/27/2016,9:20 a.m.,Martes,Campero,Particular,Conductor,Masculino,No,Sin Registro,Solo Daños,Choque,Reverso imprudente,Calle 40  Sur Carrera 43 A,Milan Vallejuelos,Urbana,"(6.167965983, -75.59024215)"
2163600,12/27/2016,12:35 p.m.,Martes,Automovil,Particular,Conductor,Femenino,No,Sin Registro,Solo Daños,Choque,Impericia en el manejo,Calle 40 D Sur Carrera 31,Las Vegas,Urbana,"(6.161918003, -75.58398355)"
2163600,12/27/2016,12:35 p.m.,Martes,Camion,Publico,Conductor,Masculino,No,Sin Registro,Solo Daños,Choque,Impericia en el manejo,Calle 40 D Sur Carrera 31,Las Vegas,Urbana,"(6.161918003, -75.58398355)"
2163599,12/27/2016,4:30 p.m.,Martes,Automovil,Publico,Conductor,Masculino,No,Sin Registro,Solo Daños,Choque,Desobedecer senales,Calle 38  Sur Carrera 38,Mesa,Urbana,"(6.16803936, -75.58469435)"
2163599,12/27/2016,4:30 p.m.,Martes,Automovil,Particular,Conductor,Masculino,No,Sin Registro,Solo Daños,Choque,Desobedecer senales,Calle 38  Sur Carrera 38,Mesa,Urbana,"(6.16803936, -75.58469435)"
2163592,12/27/2016,9:45 p.m.,Martes,Automovil,Particular,Conductor,Masculino,No,Sin Registro,Herido,Choque,Adelantar por la derecha,Calle 38  Sur Carrera 46,Alcala,Urbana,"(6.171966643, -75.59136974)"
2163592,12/27/2016,9:45 p.m.,Martes,Motocicleta,Particular,Motociclista,Masculino,No,Sin Registro,Herido,Choque,Adelantar por la derecha,Calle 38  Sur Carrera 46,Alcala,Urbana,"(6.171966643, -75.59136974)"
2163596,12/27/2016,10:20 p.m.,Martes,Motocicleta,Diplomatico,Motociclista,Masculino,No,Sin Registro,Solo Daños,Choque,Desobedecer senales,Calle 37  Sur Carrera 32,Las Vegas,Urbana,"(6.166691719, -75.58118599)"
2163596,12/27/2016,10:20 p.m.,Martes,Motocicleta,Particular,Motociclista,Masculino,No,Sin Registro,Solo Daños,Choque,Desobedecer senales,Calle 37  Sur Carrera 32,Las Vegas,Urbana,"(6.166691719, -75.58118599)"
2163618,12/28/2016,9:20 a.m.,Miércoles,Motocicleta,Particular,Motociclista,Masculino,No,Sin Registro,Solo Daños,Choque,No mantener distancia de seguridad,Calle 37  Sur Carrera 50,Las Vegas,Urbana,
2163618,12/28/2016,9:20 a.m.,Miércoles,Automovil,Particular,Conductor,Masculino,No,Sin Registro,Solo Daños,Choque,No mantener distancia de seguridad,Calle 37  Sur Carrera 50,Las Vegas,Urbana,
2163618,12/28/2016,9:20 a.m.,Miércoles,Automovil,Publico,Conductor,Masculino,No,Sin Registro,Solo Daños,Choque,No mantener distancia de seguridad,Calle 37  Sur Carrera 50,Las Vegas,Urbana,
2163612,12/28/2016,12:35 p.m.,Miércoles,Automovil,Particular,Conductor,Femenino,No,Sin Registro,Solo Daños,Choque,Reverso imprudente,Calle 36 D Sur Carrera 29 A,La Sebastiana,Urbana,"(6.158809572, -75.56663754)"
2163612,12/28/2016,12:35 p.m.,Miércoles,Camioneta,Publico,Conductor,Masculino,No,Sin Registro,Solo Daños,Choque,Reverso imprudente,Calle 36 D Sur Carrera 29 A,La Sebastiana,Urbana,"(6.158809572, -75.56663754)"
2163609,12/28/2016,12:45 p.m.,Miércoles,Motocicleta,Particular,Motociclista,Masculino,No,Sin Registro,Herido,Otro,Impericia en el manejo,Tramo 371 Kilometro  4,Vereda El Escobero,Rural,
2163607,12/28/2016,1:20 p.m.,Miércoles,Motocarro,Publico,Motociclista,Masculino,No,Sin Registro,Solo Daños,Choque,Reverso imprudente,Calle 32 B Sur Carrera 48,Sin Registro,Urbana,"(6.177255701, -75.59003137)"
2163607,12/28/2016,1:20 p.m.,Miércoles,Automovil,Particular,Conductor,Masculino,No,Sin Registro,Solo Daños,Choque,Reverso imprudente,Calle 32 B Sur Carrera 48,Sin Registro,Urbana,"(6.177255701, -75.59003137)"
2163603,12/28/2016,3:30 p.m.,Miércoles,Camioneta,Particular,Conductor,Masculino,No,Sin Registro,Solo Daños,Choque,No respetar prelacion,Calle 35 A Sur Carrera 47,El Portal,Urbana,"(6.17414869, -75.59093135)"
2163603,12/28/2016,3:30 p.m.,Miércoles,Camioneta,Publico,Conductor,Masculino,No,Sin Registro,Solo Daños,Choque,No respetar prelacion,Calle 35 A Sur Carrera 47,El Portal,Urbana,"(6.17414869, -75.59093135)"
2163604,12/28/2016,5:40 p.m.,Miércoles,Camioneta,Particular,Conductor,Femenino,No,Sin Registro,Solo Daños,Choque,No respetar prelacion,Tramo 372 Kilometro  17,Vereda Palmas,Rural,
2163604,12/28/2016,5:40 p.m.,Miércoles,Bicicleta,Particular,Ciclista,Masculino,No,Sin Registro,Solo Daños,Choque,No respetar prelacion,Tramo 372 Kilometro  17,Vereda Palmas,Rural,
2163611,12/28/2016,5:50 p.m.,Miércoles,Motocicleta,Particular,Motociclista,Masculino,No,Sin Registro,Solo Daños,Choque,Exceso de velocidad,Calle 44  Sur Carrera 48,Las Vegas,Urbana,"(6.168560051, -75.59898129)"
2163611,12/28/2016,5:50 p.m.,Miércoles,Motocicleta,Particular,Motociclista,Masculino,No,Sin Registro,Solo Daños,Choque,Exceso de velocidad,Calle 44  Sur Carrera 48,Las Vegas,Urbana,"(6.168560051, -75.59898129)"
2163605,12/28/2016,6:30 p.m.,Miércoles,Camioneta,Particular,Conductor,Masculino,No,Sin Registro,Solo Daños,Choque,No mantener distancia de seguridad,Tramo 372 Kilometro  16,Vereda Palmas,Rural,
2163605,12/28/2016,6:30 p.m.,Miércoles,Camioneta,Particular,Conductor,Masculino,No,Sin Registro,Solo Daños,Choque,No mantener distancia de seguridad,Tramo 372 Kilometro  16,Vereda Palmas,Rural,
2163616,12/28/2016,8:30 p.m.,Miércoles,Automovil,Particular,Conductor,Masculino,No,Sin Registro,Solo Daños,Choque,No respetar prelacion,Calle 31  Sur Carrera 45 A,Jardines,Urbana,"(6.17732964, -75.58702584)"
2163616,12/28/2016,8:30 p.m.,Miércoles,Automovil,Particular,Conductor,Masculino,No,Sin Registro,Solo Daños,Choque,No respetar prelacion,Calle 31  Sur Carrera 45 A,Jardines,Urbana,"(6.17732964, -75.58702584)"
2163606,12/28/2016,10:50 p.m.,Miércoles,Bicicleta,Particular,Ciclista,Masculino,No,Sin Registro,Herido,Choque,Exceso de velocidad,Tramo 372 Kilometro  14,Vereda Palmas,Rural,
2163608,12/29/2016,12:10 a.m.,Jueves,Motocicleta,Particular,Motociclista,Masculino,No,Sin Registro,Herido,Choque,No respetar prelacion,Calle 39 B Sur Carrera 28,El Chinguí,Urbana,"(6.160875824, -75.58101028)"
2163608,12/29/2016,12:10 a.m.,Jueves,Automovil,Particular,Conductor,Sin registro,No,Sin Registro,Herido,Choque,No respetar prelacion,Calle 39 B Sur Carrera 28,El Chinguí,Urbana,"(6.160875824, -75.58101028)"
2170514,12/29/2016,6:50 a.m.,Jueves,Camioneta,Particular,Conductor,Femenino,No,Sin Registro,Solo Daños,Choque,Otra,Calle 30  Sur Carrera 48,Las Vegas,Urbana,"(6.180376127, -75.59028805)"
2170514,12/29/2016,6:50 a.m.,Jueves,Motocicleta,Particular,Motociclista,Femenino,No,Sin Registro,Solo Daños,Choque,Otra,Calle 30  Sur Carrera 48,Las Vegas,Urbana,"(6.180376127, -75.59028805)"
2163614,12/29/2016,8:55 a.m.,Jueves,Automovil,Particular,Conductor,Femenino,No,Sin Registro,Solo Daños,Choque,No mantener distancia de seguridad,Calle 38  Sur Carrera 43,Zona Centro,Urbana,"(6.170061667, -75.58783913)"
2163614,12/29/2016,8:55 a.m.,Jueves,Buseta,Publico,Conductor,Masculino,No,Sin Registro,Solo Daños,Choque,No mantener distancia de seguridad,Calle 38  Sur Carrera 43,Zona Centro,Urbana,"(6.170061667, -75.58783913)"
2163613,12/29/2016,11:00 a.m.,Jueves,Automovil,Particular,Conductor,Masculino,No,Sin Registro,Solo Daños,Choque,Reverso imprudente,Calle 25  Sur Carrera 48,Las Vegas,Urbana,
2163633,12/29/2016,3:00 p.m.,Jueves,Automovil,Particular,Conductor,Femenino,No,Sin Registro,Solo Daños,Choque,Otra,Calle 33 B Sur Carrera 44,Jardines,Urbana,"(6.173779627, -75.5873404)"
2163633,12/29/2016,3:00 p.m.,Jueves,Automovil,Particular,Conductor,Femenino,No,Sin Registro,Solo Daños,Choque,Otra,Calle 33 B Sur Carrera 44,Jardines,Urbana,"(6.173779627, -75.5873404)"
2163639,12/29/2016,3:00 p.m.,Jueves,Automovil,Publico,Conductor,Masculino,No,Sin Registro,Solo Daños,Choque,Otra,Calle 38  Sur Carrera 42,Zona Centro,Urbana,"(6.16961293, -75.58738469)"
2163639,12/29/2016,3:00 p.m.,Jueves,Automovil,Publico,Conductor,Masculino,No,Sin Registro,Solo Daños,Choque,Otra,Calle 38  Sur Carrera 42,Zona Centro,Urbana,"(6.16961293, -75.58738469)"
2163617,12/29/2016,3:10 p.m.,Jueves,Automovil,Publico,Conductor,Masculino,No,Sin Registro,Solo Daños,Choque,No mantener distancia de seguridad,Calle 36 D Sur Carrera 27 D,Vereda El Escobero,Urbana,"(6.164970853, -75.57463727)"
2163617,12/29/2016,3:10 p.m.,Jueves,Camioneta,Particular,Conductor,Masculino,No,Sin Registro,Solo Daños,Choque,No mantener distancia de seguridad,Calle 36 D Sur Carrera 27 D,Vereda El Escobero,Urbana,"(6.164970853, -75.57463727)"
2163617,12/29/2016,3:10 p.m.,Jueves,Automovil,Particular,Conductor,Femenino,No,Sin Registro,Solo Daños,Choque,No mantener distancia de seguridad,Calle 36 D Sur Carrera 27 D,Vereda El Escobero,Urbana,"(6.164970853, -75.57463727)"
2163615,12/29/2016,5:40 p.m.,Jueves,Camioneta,Particular,Conductor,Masculino,No,Sin Registro,Solo Daños,Choque,No respetar prelacion,Carrera 48 Calle 26 B Sur,Las Vegas,Urbana,"(6.183318111, -75.58553718)"
2163615,12/29/2016,5:40 p.m.,Jueves,Motocicleta,Particular,Motociclista,Masculino,No,Sin Registro,Solo Daños,Choque,No respetar prelacion,Carrera 48 Calle 26 B Sur,Las Vegas,Urbana,"(6.183318111, -75.58553718)"
2163629,12/29/2016,6:50 p.m.,Jueves,Camion,Particular,Conductor,Masculino,No,Sin Registro,Solo Daños,Choque,Otra,Calle 37  Sur Carrera 41,Zona Centro,Urbana,"(6.169855492, -75.58619601)"
2163629,12/29/2016,6:50 p.m.,Jueves,Automovil,Particular,Conductor,Masculino,No,Sin Registro,Solo Daños,Choque,Otra,Calle 37  Sur Carrera 41,Zona Centro,Urbana,"(6.169855492, -75.58619601)"
2163661,12/30/2016,6:46 a.m.,Viernes,Bus,Publico,Conductor,Masculino,No,Sin Registro,Solo Daños,Choque,Otra,Carrera 50 Calle 26  Sur,Las Vegas,Urbana,"(6.184812544, -75.58691109)"
2163661,12/30/2016,6:46 a.m.,Viernes,Camion,Publico,Conductor,Masculino,No,Sin Registro,Solo Daños,Choque,Otra,Carrera 50 Calle 26  Sur,Las Vegas,Urbana,"(6.184812544, -75.58691109)"
2163661,12/30/2016,6:46 a.m.,Viernes,Camion,Publico,Conductor,Masculino,No,Sin Registro,Solo Daños,Choque,Otra,Carrera 50 Calle 26  Sur,Las Vegas,Urbana,"(6.184812544, -75.58691109)"
2163661,12/30/2016,6:46 a.m.,Viernes,Automovil,Particular,Conductor,Masculino,No,Sin Registro,Solo Daños,Choque,Otra,Carrera 50 Calle 26  Sur,Las Vegas,Urbana,"(6.184812544, -75.58691109)"
2163637,12/30/2016,11:15 a.m.,Viernes,Campero,Particular,Conductor,Masculino,No,Sin Registro,Solo Daños,Choque,Otra,Calle 37  Sur Carrera 50,Las Vegas,Urbana,
2163637,12/30/2016,11:15 a.m.,Viernes,Motocicleta,Particular,Motociclista,Masculino,No,Sin Registro,Solo Daños,Choque,Otra,Calle 37  Sur Carrera 50,Las Vegas,Urbana,
2163652,12/30/2016,11:15 a.m.,Viernes,Camion,Publico,Conductor,Masculino,No,Sin Registro,Solo Daños,Choque,Otra,Carrera 50 Calle 26  Sur,Las Vegas,Urbana,"(6.184812544, -75.58691109)"
2163652,12/30/2016,11:15 a.m.,Viernes,Motocicleta,Particular,Motociclista,Femenino,No,Sin Registro,Solo Daños,Choque,Otra,Carrera 50 Calle 26  Sur,Las Vegas,Urbana,"(6.184812544, -75.58691109)"
2163652,12/30/2016,11:15 a.m.,Viernes,Camion,Publico,Conductor,Masculino,No,Sin Registro,Solo Daños,Choque,Otra,Carrera 50 Calle 26  Sur,Las Vegas,Urbana,"(6.184812544, -75.58691109)"
2163646,12/30/2016,12:00 p.m.,Viernes,Motocicleta,Particular,Motociclista,Masculino,No,Sin Registro,Solo Daños,Choque,Otra,Calle 38  Sur Carrera 35,Zona Centro,Urbana,"(6.167045877, -75.58316842)"
2163646,12/30/2016,12:00 p.m.,Viernes,Camioneta,Oficial,Conductor,Masculino,No,Sin Registro,Solo Daños,Choque,Otra,Calle 38  Sur Carrera 35,Zona Centro,Urbana,"(6.167045877, -75.58316842)"
2163634,12/30/2016,2:00 p.m.,Viernes,Automovil,Publico,Conductor,Masculino,No,Sin Registro,Solo Daños,Choque,Otra,Calle 31  Sur Carrera 45 A,Jardines,Urbana,"(6.17732964, -75.58702584)"
2163634,12/30/2016,2:00 p.m.,Viernes,Automovil,Particular,Conductor,Femenino,No,Sin Registro,Solo Daños,Choque,Otra,Calle 31  Sur Carrera 45 A,Jardines,Urbana,"(6.17732964, -75.58702584)"
2163632,12/30/2016,3:00 p.m.,Viernes,Camioneta,Particular,Conductor,Femenino,No,Sin Registro,Solo Daños,Choque,Otra,Tramo 371 Kilometro  11,Vereda Palmas,Rural,
2163632,12/30/2016,3:00 p.m.,Viernes,Automovil,Particular,Conductor,Masculino,No,Sin Registro,Solo Daños,Choque,Otra,Tramo 371 Kilometro  11,Vereda Palmas,Rural,
2163620,12/30/2016,3:50 p.m.,Viernes,Motocicleta,Particular,Motociclista,Masculino,No,Sin Registro,Herido,Caida Ocupante,Otra,Carrera 25 Calle 64  Sur,El Chinguí,Urbana,
2163635,12/30/2016,4:40 p.m.,Viernes,Automovil,Publico,Conductor,Masculino,No,Sin Registro,Solo Daños,Choque,Otra,Calle 37  Sur Carrera 46,El Portal,Urbana,"(6.172613713, -75.59090911)"
2163635,12/30/2016,4:40 p.m.,Viernes,Bicicleta,Particular,Ciclista,Masculino,No,Sin Registro,Solo Daños,Choque,Otra,Calle 37  Sur Carrera 46,El Portal,Urbana,"(6.172613713, -75.59090911)"
2163645,12/30/2016,4:45 p.m.,Viernes,Motocicleta,Particular,Motociclista,Masculino,No,Sin Registro,Herido,Choque,Otra,Carrera 39 Calle 36  Sur,Zona Centro,Urbana,"(6.169632254, -75.58433773)"
2163645,12/30/2016,4:45 p.m.,Viernes,Motocicleta,Particular,Motociclista,Femenino,No,Sin Registro,Herido,Choque,Otra,Carrera 39 Calle 36  Sur,Zona Centro,Urbana,"(6.169632254, -75.58433773)"
2163640,12/30/2016,5:50 p.m.,Viernes,Campero,Particular,Conductor,Masculino,No,Sin Registro,Herido,Choque,Otra,Tramo 371 Kilometro  11,Vereda Palmas,Rural,
2163640,12/30/2016,5:50 p.m.,Viernes,Motocicleta,Particular,Motociclista,Masculino,No,Sin Registro,Herido,Choque,Otra,Tramo 371 Kilometro  11,Vereda Palmas,Rural,
2163630,12/30/2016,8:05 p.m.,Viernes,Buseta,Publico,Conductor,Masculino,No,Sin Registro,Solo Daños,Choque,Otra,Calle 25 A Sur Carrera 43 A,Villa Grande,Urbana,"(6.181689385, -75.58241799)"
2163630,12/30/2016,8:05 p.m.,Viernes,Automovil,Particular,Conductor,Masculino,No,Sin Registro,Solo Daños,Choque,Otra,Calle 25 A Sur Carrera 43 A,Villa Grande,Urbana,"(6.181689385, -75.58241799)"
2163631,12/30/2016,8:15 p.m.,Viernes,Camioneta,Particular,Conductor,Masculino,No,Sin Registro,Solo Daños,Choque,Otra,Carrera 27 A Calle 36  Sur,El Chocho,Urbana,"(6.162396832, -75.57323111)"
2163631,12/30/2016,8:15 p.m.,Viernes,Camioneta,Particular,Conductor,Masculino,No,Sin Registro,Solo Daños,Choque,Otra,Carrera 27 A Calle 36  Sur,El Chocho,Urbana,"(6.162396832, -75.57323111)"
2163622,12/30/2016,8:20 p.m.,Viernes,Automovil,Publico,Conductor,Masculino,No,Sin Registro,Herido,Choque,Otra,Calle 40 F Sur Carrera 25 A,La Mina,Urbana,"(6.155555232, -75.58231672)"
2163622,12/30/2016,8:20 p.m.,Viernes,Motocicleta,Particular,Motociclista,Masculino,No,Sin Registro,Herido,Choque,Otra,Calle 40 F Sur Carrera 25 A,La Mina,Urbana,"(6.155555232, -75.58231672)"
2163643,12/31/2016,1:12 a.m.,Sábado,Camioneta,Particular,Conductor,Masculino,No,Sin Registro,Herido,Volcamiento,Otra,Calle 48 C Sur Carrera 39 A,Loma Del Barro,Urbana,"(6.150946819, -75.59553521)"
2163651,12/31/2016,3:20 a.m.,Sábado,Automovil,Publico,Conductor,Masculino,No,Sin Registro,Solo Daños,Choque,Otra,Tramo 371 Kilometro  12,Vereda Palmas,Rural,
2163651,12/31/2016,3:20 a.m.,Sábado,Automovil,Particular,Conductor,Masculino,No,Sin Registro,Solo Daños,Choque,Otra,Tramo 371 Kilometro  12,Vereda Palmas,Rural,
2163623,12/31/2016,3:30 a.m.,Sábado,Motocicleta,Particular,Motociclista,Masculino,No,Sin Registro,Herido,Caida Ocupante,Otra,Calle 40 F Sur Carrera 36,Sin Registro,Urbana,"(6.16111564, -75.58477008)"
2163650,12/31/2016,7:30 a.m.,Sábado,Automovil,Particular,Conductor,Masculino,No,Sin Registro,Solo Daños,Choque,Otra,Diagonal 29 Transversal 25,Sin Registro,Urbana,"(6.17938169, -75.57898084)"
2163650,12/31/2016,7:30 a.m.,Sábado,Motocicleta,Particular,Motociclista,Sin registro,No,Sin Registro,Solo Daños,Choque,Otra,Diagonal 29 Transversal 25,Sin Registro,Urbana,"(6.17938169, -75.57898084)"
2163638,12/31/2016,9:15 a.m.,Sábado,Buseta,Publico,Conductor,Masculino,No,Sin Registro,Solo Daños,Choque,Otra,Calle 39  Sur Carrera 27 B,Sin Registro,Urbana,"(6.159217585, -75.57883462)"
2163638,12/31/2016,9:15 a.m.,Sábado,Camioneta,Publico,Conductor,Masculino,No,Sin Registro,Solo Daños,Choque,Otra,Calle 39  Sur Carrera 27 B,Sin Registro,Urbana,"(6.159217585, -75.57883462)"
2163624,12/31/2016,12:10 p.m.,Sábado,Campero,Particular,Conductor,Masculino,No,Sin Registro,Herido,Choque,Otra,Calle 37  Sur Carrera 32,Sin Registro,Urbana,"(6.166691719, -75.58118599)"
2163624,12/31/2016,12:10 p.m.,Sábado,Motocicleta,Particular,Motociclista,Masculino,No,Sin Registro,Herido,Choque,Otra,Calle 37  Sur Carrera 32,Sin Registro,Urbana,"(6.166691719, -75.58118599)"
2163644,12/31/2016,12:20 p.m.,Sábado,Camioneta,Publico,Conductor,Masculino,No,Sin Registro,Herido,Choque,Otra,Calle 39  Sur Carrera 39,Mesa,Urbana,"(6.166978259, -75.58604492)"
2163644,12/31/2016,12:20 p.m.,Sábado,Motocicleta,Particular,Motociclista,Masculino,No,Sin Registro,Herido,Choque,Otra,Calle 39  Sur Carrera 39,Mesa,Urbana,"(6.166978259, -75.58604492)"
2163636,12/31/2016,2:10 p.m.,Sábado,Automovil,Particular,Conductor,Masculino,No,Sin Registro,Solo Daños,Choque,Otra,Carrera 50 Calle 27  Sur,Las Vegas,Urbana,
2163636,12/31/2016,2:10 p.m.,Sábado,Automovil,Particular,Conductor,Masculino,No,Sin Registro,Solo Daños,Choque,Otra,Carrera 50 Calle 27  Sur,Las Vegas,Urbana,
2163636,12/31/2016,2:10 p.m.,Sábado,Automovil,Particular,Conductor,Masculino,No,Sin Registro,Solo Daños,Choque,Otra,Carrera 50 Calle 27  Sur,Las Vegas,Urbana,
2163641,12/31/2016,2:49 p.m.,Sábado,Camioneta,Particular,Conductor,Masculino,No,Sin Registro,Herido,Atropello,Otra,Tramo 372 Kilometro  17,Vereda Palmas,Rural,
2163648,12/31/2016,3:30 p.m.,Sábado,Camioneta,Particular,Conductor,Masculino,No,Sin Registro,Solo Daños,Choque,Otra,Carrera 47 A Calle 39 B Sur,Alcala,Urbana,"(6.170158411, -75.59451154)"
2163648,12/31/2016,3:30 p.m.,Sábado,Automovil,Particular,Conductor,Femenino,No,Sin Registro,Solo Daños,Choque,Otra,Carrera 47 A Calle 39 B Sur,Alcala,Urbana,"(6.170158411, -75.59451154)"
2163627,12/31/2016,7:00 p.m.,Sábado,Bus,Publico,Conductor,Masculino,No,Sin Registro,Solo Daños,Choque,Otra,Carrera 40 Calle 40 DD Sur,El Dorado,Urbana,"(6.164571512, -75.58897126)"
2163627,12/31/2016,7:00 p.m.,Sábado,Automovil,Particular,Conductor,Masculino,No,Sin Registro,Solo Daños,Choque,Otra,Carrera 40 Calle 40 DD Sur,El Dorado,Urbana,"(6.164571512, -75.58897126)"